Requirement already satisfied: zstandard in /software/python-anaconda-2023.09-el8-x86_64/envs/rapids-24.12/lib/python3.12/site-packages (0.23.0)
Running scraper.py for YEAR=2022, months 10-12
2022-10-01 01:59:35 : 100,000 : 0 : 31,851,225 : 0%
2022-10-01 04:06:58 : 200,000 : 0 : 62,260,625 : 1%
2022-10-01 06:45:14 : 300,000 : 0 : 92,145,725 : 1%
2022-10-01 09:45:28 : 400,000 : 0 : 121,768,675 : 1%
2022-10-01 12:29:51 : 500,000 : 0 : 151,129,475 : 1%
2022-10-01 14:33:07 : 600,000 : 0 : 171,183,950 : 2%
2022-10-01 16:24:10 : 700,000 : 0 : 202,248,725 : 2%
2022-10-01 18:16:06 : 800,000 : 0 : 233,706,725 : 2%
2022-10-01 20:11:13 : 900,000 : 0 : 264,771,500 : 3%
2022-10-01 22:08:58 : 1,000,000 : 0 : 295,705,200 : 3%
2022-10-02 00:14:09 : 1,100,000 : 0 : 325,983,525 : 3%
2022-10-02 02:30:51 : 1,200,000 : 0 : 346,169,075 : 3%
2022-10-02 04:59:45 : 1,300,000 : 0 : 375,792,025 : 4%
2022-10-02 07:46:28 : 1,400,000 : 0 : 404,366,375 : 4%
2022-10-02 10:48:47 : 1,500,000 : 0 : 433,989,325 : 4%
2022-10-02 13:16:39 : 1,600,000 : 0 : 463,874,425 : 5%
2022-10-02 15:16:15 : 1,700,000 : 0 : 484,191,050 : 5%
2022-10-02 17:06:09 : 1,800,000 : 0 : 515,124,750 : 5%
2022-10-02 18:54:52 : 1,900,000 : 0 : 546,058,450 : 5%
2022-10-02 20:43:27 : 2,000,000 : 0 : 576,861,075 : 6%
2022-10-02 22:34:12 : 2,100,000 : 0 : 607,401,550 : 6%
2022-10-03 00:37:25 : 2,200,000 : 0 : 627,980,325 : 6%
2022-10-03 02:42:49 : 2,300,000 : 0 : 658,389,725 : 6%
2022-10-03 05:00:01 : 2,400,000 : 0 : 688,668,050 : 7%
2022-10-03 07:41:17 : 2,500,000 : 0 : 718,159,925 : 7%
2022-10-03 10:33:03 : 2,600,000 : 0 : 737,952,250 : 7%
2022-10-03 12:49:34 : 2,700,000 : 0 : 767,575,200 : 8%
2022-10-03 14:38:55 : 2,800,000 : 0 : 797,853,525 : 8%
2022-10-03 16:19:18 : 2,900,000 : 0 : 828,394,000 : 8%
2022-10-03 17:58:42 : 3,000,000 : 0 : 859,065,550 : 8%
2022-10-03 19:38:35 : 3,100,000 : 0 : 879,644,325 : 9%
2022-10-03 21:20:16 : 3,200,000 : 0 : 910,578,025 : 9%
2022-10-03 23:11:10 : 3,300,000 : 0 : 940,987,425 : 9%
2022-10-04 01:10:55 : 3,400,000 : 0 : 971,527,900 : 10%
2022-10-04 03:14:29 : 3,500,000 : 0 : 1,002,199,450 : 10%
2022-10-04 05:36:25 : 3,600,000 : 0 : 1,021,991,775 : 10%
2022-10-04 08:24:04 : 3,700,000 : 0 : 1,051,090,425 : 10%
2022-10-04 11:13:06 : 3,800,000 : 0 : 1,080,451,225 : 11%
2022-10-04 13:23:53 : 3,900,000 : 0 : 1,110,598,475 : 11%
2022-10-04 15:13:22 : 4,000,000 : 0 : 1,141,532,175 : 11%
2022-10-04 16:59:11 : 4,100,000 : 0 : 1,162,635,250 : 11%
2022-10-04 18:41:57 : 4,200,000 : 0 : 1,193,700,025 : 12%
2022-10-04 20:24:11 : 4,300,000 : 0 : 1,224,109,425 : 12%
2022-10-04 22:08:45 : 4,400,000 : 0 : 1,254,387,750 : 12%
2022-10-05 00:04:27 : 4,500,000 : 0 : 1,274,704,375 : 13%
2022-10-05 02:05:57 : 4,600,000 : 0 : 1,304,720,550 : 13%
2022-10-05 04:16:32 : 4,700,000 : 0 : 1,334,343,500 : 13%
2022-10-05 06:51:28 : 4,800,000 : 0 : 1,362,786,775 : 13%
2022-10-05 09:43:38 : 4,900,000 : 0 : 1,391,623,275 : 14%
2022-10-05 12:11:18 : 5,000,000 : 0 : 1,410,891,300 : 14%
2022-10-05 14:11:37 : 5,100,000 : 0 : 1,440,907,475 : 14%
2022-10-05 15:56:53 : 5,200,000 : 0 : 1,471,447,950 : 14%
2022-10-05 17:38:13 : 5,300,000 : 0 : 1,501,988,425 : 15%
2022-10-05 19:21:58 : 5,400,000 : 0 : 1,533,053,200 : 15%
2022-10-05 21:06:24 : 5,500,000 : 0 : 1,553,500,900 : 15%
2022-10-05 22:55:55 : 5,600,000 : 0 : 1,583,779,225 : 16%
2022-10-06 00:56:35 : 5,700,000 : 0 : 1,614,057,550 : 16%
2022-10-06 03:04:04 : 5,800,000 : 0 : 1,644,073,725 : 16%
2022-10-06 05:30:25 : 5,900,000 : 0 : 1,674,483,125 : 16%
2022-10-06 08:30:55 : 6,000,000 : 0 : 1,694,668,675 : 17%
2022-10-06 11:25:59 : 6,100,000 : 0 : 1,724,291,625 : 17%
2022-10-06 13:38:21 : 6,200,000 : 0 : 1,754,307,800 : 17%
Decoding error with 134,217,728 bytes, reading another chunk
2022-10-06 15:30:04 : 6,300,000 : 0 : 1,784,717,200 : 18%
2022-10-06 17:15:36 : 6,400,000 : 0 : 1,815,257,675 : 18%
2022-10-06 19:01:39 : 6,500,000 : 0 : 1,835,967,525 : 18%
2022-10-06 20:48:37 : 6,600,000 : 0 : 1,866,245,850 : 18%
2022-10-06 22:39:26 : 6,700,000 : 0 : 1,896,393,100 : 19%
2022-10-07 00:44:53 : 6,800,000 : 0 : 1,926,540,350 : 19%
2022-10-07 02:55:54 : 6,900,000 : 0 : 1,957,080,825 : 19%
2022-10-07 05:19:50 : 7,000,000 : 0 : 1,986,310,550 : 20%
2022-10-07 08:07:10 : 7,100,000 : 0 : 2,005,840,725 : 20%
2022-10-07 11:01:39 : 7,200,000 : 0 : 2,035,463,675 : 20%
2022-10-07 13:12:55 : 7,300,000 : 0 : 2,064,824,475 : 20%
2022-10-07 15:03:28 : 7,400,000 : 0 : 2,094,971,725 : 21%
2022-10-07 16:50:26 : 7,500,000 : 0 : 2,126,036,500 : 21%
2022-10-07 18:38:04 : 7,600,000 : 0 : 2,156,708,050 : 21%
2022-10-07 20:27:46 : 7,700,000 : 0 : 2,187,248,525 : 22%
2022-10-07 22:21:08 : 7,800,000 : 0 : 2,216,871,475 : 22%
2022-10-08 00:26:33 : 7,900,000 : 0 : 2,236,925,950 : 22%
2022-10-08 02:45:10 : 8,000,000 : 0 : 2,267,204,275 : 22%
2022-10-08 05:11:13 : 8,100,000 : 0 : 2,297,089,375 : 23%
2022-10-08 07:58:36 : 8,200,000 : 0 : 2,326,581,250 : 23%
2022-10-08 10:52:44 : 8,300,000 : 0 : 2,355,679,900 : 23%
2022-10-08 13:13:33 : 8,400,000 : 0 : 2,384,647,475 : 23%
2022-10-08 15:12:48 : 8,500,000 : 0 : 2,414,532,575 : 24%
2022-10-08 17:02:30 : 8,600,000 : 0 : 2,434,980,275 : 24%
2022-10-08 18:51:22 : 8,700,000 : 0 : 2,465,127,525 : 24%
2022-10-08 20:41:00 : 8,800,000 : 0 : 2,495,536,925 : 25%
2022-10-08 22:40:15 : 8,900,000 : 0 : 2,525,422,025 : 25%
2022-10-09 00:51:54 : 9,000,000 : 0 : 2,555,831,425 : 25%
2022-10-09 03:13:08 : 9,100,000 : 0 : 2,576,016,975 : 25%
2022-10-09 05:50:16 : 9,200,000 : 0 : 2,605,902,075 : 26%
2022-10-09 08:47:21 : 9,300,000 : 0 : 2,635,000,725 : 26%
2022-10-09 11:36:44 : 9,400,000 : 0 : 2,663,575,075 : 26%
2022-10-09 13:52:32 : 9,500,000 : 0 : 2,693,066,950 : 27%
2022-10-09 15:48:23 : 9,600,000 : 0 : 2,713,645,725 : 27%
2022-10-09 17:40:21 : 9,700,000 : 0 : 2,744,841,575 : 27%
2022-10-09 19:30:32 : 9,800,000 : 0 : 2,775,644,200 : 27%
2022-10-09 21:22:52 : 9,900,000 : 0 : 2,806,708,975 : 28%
2022-10-09 23:21:52 : 10,000,000 : 0 : 2,836,987,300 : 28%
2022-10-10 01:33:40 : 10,100,000 : 0 : 2,867,789,925 : 28%
2022-10-10 03:51:54 : 10,200,000 : 0 : 2,888,237,625 : 28%
2022-10-10 06:26:48 : 10,300,000 : 0 : 2,918,384,875 : 29%
2022-10-10 09:29:26 : 10,400,000 : 0 : 2,948,925,350 : 29%
2022-10-10 12:07:10 : 10,500,000 : 0 : 2,978,024,000 : 29%
2022-10-10 14:09:34 : 10,600,000 : 0 : 3,008,826,625 : 30%
2022-10-10 15:56:43 : 10,700,000 : 0 : 3,039,629,250 : 30%
2022-10-10 17:38:59 : 10,800,000 : 0 : 3,060,470,175 : 30%
2022-10-10 19:22:47 : 10,900,000 : 0 : 3,091,797,100 : 30%
2022-10-10 21:08:48 : 11,000,000 : 0 : 3,122,599,725 : 31%
2022-10-10 22:59:45 : 11,100,000 : 0 : 3,152,878,050 : 31%
2022-10-11 01:03:25 : 11,200,000 : 0 : 3,183,549,600 : 31%
2022-10-11 03:12:23 : 11,300,000 : 0 : 3,214,483,300 : 32%
2022-10-11 05:39:38 : 11,400,000 : 0 : 3,234,406,700 : 32%
2022-10-11 08:34:42 : 11,500,000 : 0 : 3,264,422,875 : 32%
2022-10-11 11:19:34 : 11,600,000 : 0 : 3,293,652,600 : 32%
2022-10-11 13:30:51 : 11,700,000 : 0 : 3,323,930,925 : 33%
2022-10-11 15:21:09 : 11,800,000 : 0 : 3,354,733,550 : 33%
2022-10-11 17:07:22 : 11,900,000 : 0 : 3,385,667,250 : 33%
2022-10-11 18:53:02 : 12,000,000 : 0 : 3,406,114,950 : 34%
2022-10-11 20:37:57 : 12,100,000 : 0 : 3,437,048,650 : 34%
2022-10-11 22:27:17 : 12,200,000 : 0 : 3,467,458,050 : 34%
2022-10-12 00:28:51 : 12,300,000 : 0 : 3,497,736,375 : 34%
2022-10-12 02:38:14 : 12,400,000 : 0 : 3,528,145,775 : 35%
2022-10-12 04:58:49 : 12,500,000 : 0 : 3,558,161,950 : 35%
2022-10-12 07:44:54 : 12,600,000 : 0 : 3,577,823,200 : 35%
2022-10-12 10:37:32 : 12,700,000 : 0 : 3,607,315,075 : 35%
2022-10-12 12:55:23 : 12,800,000 : 0 : 3,636,675,875 : 36%
2022-10-12 14:48:25 : 12,900,000 : 0 : 3,667,216,350 : 36%
2022-10-12 16:32:51 : 13,000,000 : 0 : 3,698,018,975 : 36%
2022-10-12 18:17:20 : 13,100,000 : 0 : 3,729,083,750 : 37%
2022-10-12 20:01:13 : 13,200,000 : 0 : 3,760,017,450 : 37%
2022-10-12 21:46:13 : 13,300,000 : 0 : 3,780,334,075 : 37%
2022-10-12 23:39:12 : 13,400,000 : 0 : 3,810,481,325 : 37%
2022-10-13 01:42:00 : 13,500,000 : 0 : 3,840,497,500 : 38%
2022-10-13 03:54:26 : 13,600,000 : 0 : 3,870,906,900 : 38%
2022-10-13 06:30:16 : 13,700,000 : 0 : 3,900,923,075 : 38%
2022-10-13 09:30:11 : 13,800,000 : 0 : 3,930,808,175 : 39%
2022-10-13 12:08:38 : 13,900,000 : 0 : 3,960,562,200 : 39%
2022-10-13 14:11:02 : 14,000,000 : 0 : 3,991,102,675 : 39%
2022-10-13 16:00:54 : 14,100,000 : 0 : 4,011,943,600 : 39%
2022-10-13 17:48:10 : 14,200,000 : 0 : 4,043,270,525 : 40%
2022-10-13 19:34:58 : 14,300,000 : 0 : 4,074,204,225 : 40%
2022-10-13 21:20:16 : 14,400,000 : 0 : 4,104,482,550 : 40%
2022-10-13 23:11:44 : 14,500,000 : 0 : 4,134,367,650 : 41%
2022-10-14 01:15:30 : 14,600,000 : 0 : 4,164,121,675 : 41%
2022-10-14 03:25:20 : 14,700,000 : 0 : 4,184,176,150 : 41%
2022-10-14 05:51:03 : 14,800,000 : 0 : 4,213,930,175 : 41%
2022-10-14 08:45:31 : 14,900,000 : 0 : 4,244,208,500 : 42%
2022-10-14 11:30:42 : 15,000,000 : 0 : 4,273,962,525 : 42%
2022-10-14 13:37:18 : 15,100,000 : 0 : 4,304,240,850 : 42%
2022-10-14 15:25:37 : 15,200,000 : 0 : 4,334,781,325 : 43%
2022-10-14 17:10:08 : 15,300,000 : 0 : 4,365,715,025 : 43%
2022-10-14 18:57:38 : 15,400,000 : 0 : 4,396,517,650 : 43%
2022-10-14 20:48:15 : 15,500,000 : 0 : 4,417,227,500 : 43%
2022-10-14 22:40:34 : 15,600,000 : 0 : 4,447,243,675 : 44%
2022-10-15 00:46:52 : 15,700,000 : 0 : 4,477,390,925 : 44%
2022-10-15 03:02:36 : 15,800,000 : 0 : 4,507,538,175 : 44%
2022-10-15 05:31:15 : 15,900,000 : 0 : 4,537,161,125 : 45%
2022-10-15 08:22:07 : 16,000,000 : 0 : 4,566,390,850 : 45%
2022-10-15 11:15:33 : 16,100,000 : 0 : 4,585,789,950 : 45%
2022-10-15 13:34:01 : 16,200,000 : 0 : 4,615,019,675 : 45%
2022-10-15 15:28:16 : 16,300,000 : 0 : 4,645,298,000 : 46%
2022-10-15 17:19:03 : 16,400,000 : 0 : 4,675,969,550 : 46%
2022-10-15 19:09:35 : 16,500,000 : 0 : 4,706,903,250 : 46%
2022-10-15 21:03:15 : 16,600,000 : 0 : 4,737,050,500 : 47%
2022-10-15 23:01:06 : 16,700,000 : 0 : 4,767,066,675 : 47%
2022-10-16 01:13:16 : 16,800,000 : 0 : 4,787,121,150 : 47%
2022-10-16 03:33:29 : 16,900,000 : 0 : 4,817,399,475 : 47%
2022-10-16 06:10:55 : 17,000,000 : 0 : 4,846,760,275 : 48%
2022-10-16 09:05:37 : 17,100,000 : 0 : 4,875,203,550 : 48%
2022-10-16 11:50:38 : 17,200,000 : 0 : 4,903,515,750 : 48%
2022-10-16 14:05:08 : 17,300,000 : 0 : 4,933,007,625 : 49%
2022-10-16 15:59:11 : 17,400,000 : 0 : 4,963,810,250 : 49%
2022-10-16 17:48:45 : 17,500,000 : 0 : 4,984,520,100 : 49%
2022-10-16 19:36:12 : 17,600,000 : 0 : 5,015,584,875 : 49%
2022-10-16 21:24:53 : 17,700,000 : 0 : 5,046,125,350 : 50%
2022-10-16 23:20:43 : 17,800,000 : 0 : 5,076,403,675 : 50%
2022-10-17 01:25:58 : 17,900,000 : 0 : 5,107,206,300 : 50%
2022-10-17 03:39:06 : 18,000,000 : 0 : 5,138,008,925 : 51%
2022-10-17 06:11:13 : 18,100,000 : 0 : 5,158,194,475 : 51%
2022-10-17 09:07:53 : 18,200,000 : 0 : 5,188,210,650 : 51%
2022-10-17 11:44:06 : 18,300,000 : 0 : 5,217,440,375 : 51%
2022-10-17 13:44:44 : 18,400,000 : 0 : 5,247,587,625 : 52%
2022-10-17 15:36:43 : 18,500,000 : 0 : 5,278,521,325 : 52%
2022-10-17 17:18:42 : 18,600,000 : 0 : 5,309,717,175 : 52%
2022-10-17 19:01:07 : 18,700,000 : 0 : 5,340,519,800 : 53%
2022-10-17 20:41:22 : 18,800,000 : 0 : 5,370,798,125 : 53%
2022-10-17 22:25:04 : 18,900,000 : 0 : 5,390,852,600 : 53%
2022-10-18 00:20:47 : 19,000,000 : 0 : 5,420,737,700 : 53%
2022-10-18 02:22:49 : 19,100,000 : 0 : 5,450,753,875 : 54%
2022-10-18 04:34:30 : 19,200,000 : 0 : 5,480,901,125 : 54%
2022-10-18 07:08:07 : 19,300,000 : 0 : 5,510,261,925 : 54%
2022-10-18 09:50:46 : 19,400,000 : 0 : 5,538,836,275 : 55%
2022-10-18 12:10:59 : 19,500,000 : 0 : 5,567,803,850 : 55%
2022-10-18 14:06:39 : 19,600,000 : 0 : 5,597,557,875 : 55%
2022-10-18 15:48:54 : 19,700,000 : 0 : 5,617,612,350 : 55%
2022-10-18 17:30:36 : 19,800,000 : 0 : 5,648,677,125 : 56%
2022-10-18 19:12:44 : 19,900,000 : 0 : 5,679,610,825 : 56%
2022-10-18 20:55:32 : 20,000,000 : 0 : 5,710,151,300 : 56%
2022-10-18 22:40:01 : 20,100,000 : 0 : 5,740,036,400 : 56%
2022-10-19 00:37:06 : 20,200,000 : 0 : 5,770,052,575 : 57%
2022-10-19 02:41:28 : 20,300,000 : 0 : 5,800,330,900 : 57%
2022-10-19 04:57:13 : 20,400,000 : 0 : 5,820,385,375 : 57%
2022-10-19 07:35:31 : 20,500,000 : 0 : 5,850,270,475 : 58%
2022-10-19 10:23:45 : 20,600,000 : 0 : 5,879,893,425 : 58%
2022-10-19 12:43:24 : 20,700,000 : 0 : 5,909,647,450 : 58%
2022-10-19 14:36:39 : 20,800,000 : 0 : 5,939,663,625 : 58%
2022-10-19 16:19:44 : 20,900,000 : 0 : 5,970,204,100 : 59%
2022-10-19 18:02:45 : 21,000,000 : 0 : 6,001,006,725 : 59%
2022-10-19 19:44:08 : 21,100,000 : 0 : 6,031,285,050 : 59%
2022-10-19 21:26:52 : 21,200,000 : 0 : 6,051,470,600 : 60%
2022-10-19 23:18:10 : 21,300,000 : 0 : 6,081,355,700 : 60%
2022-10-20 01:19:47 : 21,400,000 : 0 : 6,110,847,575 : 60%
2022-10-20 03:24:34 : 21,500,000 : 0 : 6,140,732,675 : 60%
2022-10-20 05:43:42 : 21,600,000 : 0 : 6,170,355,625 : 61%
2022-10-20 08:31:09 : 21,700,000 : 0 : 6,199,978,575 : 61%
2022-10-20 11:10:35 : 21,800,000 : 0 : 6,229,077,225 : 61%
2022-10-20 13:15:33 : 21,900,000 : 0 : 6,258,700,175 : 62%
2022-10-20 15:04:22 : 22,000,000 : 0 : 6,278,885,725 : 62%
2022-10-20 16:47:41 : 22,100,000 : 0 : 6,309,557,275 : 62%
2022-10-20 18:30:54 : 22,200,000 : 0 : 6,340,228,825 : 62%
2022-10-20 20:15:03 : 22,300,000 : 0 : 6,370,507,150 : 63%
2022-10-20 22:00:36 : 22,400,000 : 0 : 6,400,523,325 : 63%
2022-10-20 23:56:08 : 22,500,000 : 0 : 6,430,408,425 : 63%
2022-10-21 02:01:53 : 22,600,000 : 0 : 6,460,555,675 : 64%
2022-10-21 04:13:05 : 22,700,000 : 0 : 6,480,741,225 : 64%
2022-10-21 06:44:16 : 22,800,000 : 0 : 6,509,970,950 : 64%
2022-10-21 09:29:01 : 22,900,000 : 0 : 6,538,807,450 : 64%
2022-10-21 11:57:20 : 23,000,000 : 0 : 6,568,037,175 : 65%
2022-10-21 13:58:54 : 23,100,000 : 0 : 6,598,184,425 : 65%
2022-10-21 15:44:02 : 23,200,000 : 0 : 6,628,724,900 : 65%
2022-10-21 17:29:33 : 23,300,000 : 0 : 6,659,658,600 : 66%
2022-10-21 19:13:51 : 23,400,000 : 0 : 6,689,805,850 : 66%
2022-10-21 21:00:52 : 23,500,000 : 0 : 6,720,084,175 : 66%
2022-10-21 22:54:25 : 23,600,000 : 0 : 6,739,876,500 : 66%
2022-10-22 00:58:47 : 23,700,000 : 0 : 6,769,368,375 : 67%
2022-10-22 03:12:35 : 23,800,000 : 0 : 6,799,253,475 : 67%
2022-10-22 05:36:37 : 23,900,000 : 0 : 6,828,614,275 : 67%
2022-10-22 08:22:15 : 24,000,000 : 0 : 6,857,581,850 : 67%
2022-10-22 11:05:47 : 24,100,000 : 0 : 6,886,287,275 : 68%
2022-10-22 13:21:01 : 24,200,000 : 0 : 6,915,779,150 : 68%
2022-10-22 15:14:52 : 24,300,000 : 0 : 6,945,795,325 : 68%
2022-10-22 17:05:11 : 24,400,000 : 0 : 6,976,335,800 : 69%
2022-10-22 18:56:38 : 24,500,000 : 0 : 6,996,783,500 : 69%
2022-10-22 20:48:42 : 24,600,000 : 0 : 7,026,799,675 : 69%
2022-10-22 22:42:58 : 24,700,000 : 0 : 7,056,553,700 : 69%
2022-10-23 00:48:31 : 24,800,000 : 0 : 7,086,176,650 : 70%
2022-10-23 03:02:39 : 24,900,000 : 0 : 7,115,668,525 : 70%
2022-10-23 05:25:01 : 25,000,000 : 0 : 7,145,029,325 : 70%
2022-10-23 08:07:24 : 25,100,000 : 0 : 7,164,166,275 : 70%
2022-10-23 10:56:36 : 25,200,000 : 0 : 7,193,002,775 : 71%
2022-10-23 13:17:35 : 25,300,000 : 0 : 7,222,232,500 : 71%
2022-10-23 15:11:34 : 25,400,000 : 0 : 7,252,510,825 : 71%
2022-10-23 16:58:08 : 25,500,000 : 0 : 7,283,313,450 : 72%
2022-10-23 18:41:43 : 25,600,000 : 0 : 7,313,985,000 : 72%
2022-10-23 20:26:47 : 25,700,000 : 0 : 7,344,132,250 : 72%
2022-10-23 22:13:56 : 25,800,000 : 0 : 7,373,755,200 : 73%
2022-10-24 00:11:38 : 25,900,000 : 0 : 7,404,033,525 : 73%
2022-10-24 02:17:20 : 26,000,000 : 0 : 7,423,956,925 : 73%
2022-10-24 04:28:16 : 26,100,000 : 0 : 7,454,235,250 : 73%
2022-10-24 07:03:55 : 26,200,000 : 0 : 7,483,596,050 : 74%
2022-10-24 09:58:30 : 26,300,000 : 0 : 7,512,825,775 : 74%
2022-10-24 12:21:17 : 26,400,000 : 0 : 7,542,186,575 : 74%
2022-10-24 14:15:11 : 26,500,000 : 0 : 7,572,464,900 : 75%
2022-10-24 15:58:22 : 26,600,000 : 0 : 7,603,136,450 : 75%
2022-10-24 17:37:06 : 26,700,000 : 0 : 7,633,545,850 : 75%
2022-10-24 19:15:54 : 26,800,000 : 0 : 7,663,562,025 : 75%
2022-10-24 20:52:39 : 26,900,000 : 0 : 7,683,878,650 : 76%
2022-10-24 22:33:54 : 27,000,000 : 0 : 7,713,763,750 : 76%
2022-10-25 00:26:49 : 27,100,000 : 0 : 7,743,779,925 : 76%
2022-10-25 02:24:15 : 27,200,000 : 0 : 7,773,927,175 : 76%
2022-10-25 04:30:44 : 27,300,000 : 0 : 7,803,943,350 : 77%
2022-10-25 07:01:18 : 27,400,000 : 0 : 7,833,435,225 : 77%
2022-10-25 09:47:58 : 27,500,000 : 0 : 7,863,058,175 : 77%
2022-10-25 12:03:41 : 27,600,000 : 0 : 7,882,457,275 : 78%
2022-10-25 13:58:58 : 27,700,000 : 0 : 7,912,997,750 : 78%
2022-10-25 15:41:05 : 27,800,000 : 0 : 7,943,931,450 : 78%
2022-10-25 17:17:50 : 27,900,000 : 0 : 7,973,947,625 : 78%
2022-10-25 18:56:21 : 28,000,000 : 0 : 8,004,488,100 : 79%
2022-10-25 20:34:49 : 28,100,000 : 0 : 8,035,028,575 : 79%
2022-10-25 22:16:24 : 28,200,000 : 0 : 8,055,345,200 : 79%
2022-10-26 00:07:09 : 28,300,000 : 0 : 8,085,492,450 : 80%
2022-10-26 02:04:07 : 28,400,000 : 0 : 8,115,639,700 : 80%
2022-10-26 04:09:35 : 28,500,000 : 0 : 8,145,786,950 : 80%
2022-10-26 06:33:18 : 28,600,000 : 0 : 8,175,278,825 : 80%
2022-10-26 09:14:52 : 28,700,000 : 0 : 8,205,295,000 : 81%
2022-10-26 11:37:15 : 28,800,000 : 0 : 8,234,524,725 : 81%
2022-10-26 13:32:26 : 28,900,000 : 0 : 8,254,841,350 : 81%
2022-10-26 15:16:24 : 29,000,000 : 0 : 8,286,037,200 : 82%
2022-10-26 16:54:30 : 29,100,000 : 0 : 8,316,708,750 : 82%
2022-10-26 18:31:10 : 29,200,000 : 0 : 8,347,380,300 : 82%
2022-10-26 20:09:13 : 29,300,000 : 0 : 8,378,051,850 : 82%
2022-10-26 21:48:51 : 29,400,000 : 0 : 8,408,330,175 : 83%
2022-10-26 23:35:07 : 29,500,000 : 0 : 8,428,384,650 : 83%
2022-10-27 01:30:31 : 29,600,000 : 0 : 8,458,400,825 : 83%
2022-10-27 03:30:11 : 29,700,000 : 0 : 8,488,417,000 : 84%
2022-10-27 05:46:33 : 29,800,000 : 0 : 8,518,433,175 : 84%
2022-10-27 08:21:22 : 29,900,000 : 0 : 8,548,056,125 : 84%
2022-10-27 10:50:10 : 30,000,000 : 0 : 8,576,892,625 : 84%
2022-10-27 12:54:25 : 30,100,000 : 0 : 8,606,646,650 : 85%
2022-10-27 14:39:22 : 30,200,000 : 0 : 8,626,701,125 : 85%
2022-10-27 16:17:15 : 30,300,000 : 0 : 8,656,848,375 : 85%
2022-10-27 17:52:49 : 30,400,000 : 0 : 8,686,864,550 : 85%
2022-10-27 19:32:05 : 30,500,000 : 0 : 8,716,880,725 : 86%
2022-10-27 21:10:37 : 30,600,000 : 0 : 8,747,290,125 : 86%
2022-10-27 22:55:09 : 30,700,000 : 0 : 8,777,306,300 : 86%
2022-10-28 00:47:41 : 30,800,000 : 0 : 8,797,098,625 : 87%
2022-10-28 02:43:23 : 30,900,000 : 0 : 8,826,459,425 : 87%
2022-10-28 04:49:36 : 31,000,000 : 0 : 8,856,344,525 : 87%
2022-10-28 07:10:27 : 31,100,000 : 0 : 8,885,574,250 : 87%
2022-10-28 09:45:41 : 31,200,000 : 0 : 8,915,066,125 : 88%
2022-10-28 12:00:10 : 31,300,000 : 0 : 8,944,295,850 : 88%
2022-10-28 13:52:22 : 31,400,000 : 0 : 8,974,574,175 : 88%
2022-10-28 15:32:25 : 31,500,000 : 0 : 9,004,852,500 : 89%
2022-10-28 17:11:08 : 31,600,000 : 0 : 9,034,999,750 : 89%
2022-10-28 18:52:50 : 31,700,000 : 0 : 9,055,185,300 : 89%
2022-10-28 20:36:53 : 31,800,000 : 0 : 9,085,332,550 : 89%
2022-10-28 22:22:52 : 31,900,000 : 0 : 9,115,348,725 : 90%
2022-10-29 00:18:28 : 32,000,000 : 0 : 9,144,971,675 : 90%
2022-10-29 02:23:45 : 32,100,000 : 0 : 9,174,201,400 : 90%
2022-10-29 04:37:01 : 32,200,000 : 0 : 9,204,479,725 : 91%
2022-10-29 07:04:47 : 32,300,000 : 0 : 9,233,709,450 : 91%
2022-10-29 09:44:50 : 32,400,000 : 0 : 9,252,846,400 : 91%
2022-10-29 12:12:22 : 32,500,000 : 0 : 9,282,338,275 : 91%
2022-10-29 14:11:14 : 32,600,000 : 0 : 9,311,961,225 : 92%
2022-10-29 15:58:49 : 32,700,000 : 0 : 9,342,108,475 : 92%
2022-10-29 17:41:11 : 32,800,000 : 0 : 9,372,648,950 : 92%
2022-10-29 19:26:14 : 32,900,000 : 0 : 9,402,665,125 : 93%
2022-10-29 21:14:24 : 33,000,000 : 0 : 9,422,719,600 : 93%
2022-10-29 23:08:45 : 33,100,000 : 0 : 9,452,342,550 : 93%
2022-10-30 01:04:03 : 33,200,000 : 0 : 9,481,179,050 : 93%
2022-10-30 03:18:14 : 33,300,000 : 0 : 9,510,277,700 : 94%
2022-10-30 05:47:09 : 33,400,000 : 0 : 9,538,983,125 : 94%
2022-10-30 08:08:21 : 33,500,000 : 0 : 9,556,547,175 : 94%
2022-10-30 10:47:14 : 33,600,000 : 0 : 9,584,728,300 : 94%
2022-10-30 13:07:49 : 33,700,000 : 0 : 9,613,171,575 : 95%
2022-10-30 15:01:02 : 33,800,000 : 0 : 9,642,532,375 : 95%
2022-10-30 16:42:34 : 33,900,000 : 0 : 9,672,155,325 : 95%
2022-10-30 18:16:00 : 34,000,000 : 0 : 9,702,171,500 : 95%
2022-10-30 19:56:30 : 34,100,000 : 0 : 9,722,094,900 : 96%
2022-10-30 21:37:01 : 34,200,000 : 0 : 9,752,242,150 : 96%
2022-10-30 23:14:46 : 34,300,000 : 0 : 9,781,602,950 : 96%
2022-10-31 00:55:02 : 34,400,000 : 0 : 9,810,701,600 : 97%
2022-10-31 02:47:30 : 34,500,000 : 0 : 9,840,455,625 : 97%
2022-10-31 04:57:07 : 34,600,000 : 0 : 9,860,641,175 : 97%
2022-10-31 07:24:38 : 34,700,000 : 0 : 9,890,133,050 : 97%
2022-10-31 09:44:44 : 34,800,000 : 0 : 9,917,789,875 : 98%
2022-10-31 11:37:57 : 34,900,000 : 0 : 9,945,184,550 : 98%
2022-10-31 13:16:36 : 35,000,000 : 0 : 9,973,758,900 : 98%
2022-10-31 14:54:39 : 35,100,000 : 0 : 10,004,430,450 : 98%
2022-10-31 16:29:20 : 35,200,000 : 0 : 10,034,970,925 : 99%
2022-10-31 17:55:35 : 35,300,000 : 0 : 10,053,583,575 : 99%
2022-10-31 19:18:00 : 35,400,000 : 0 : 10,081,633,625 : 99%
2022-10-31 20:46:37 : 35,500,000 : 0 : 10,110,601,200 : 99%
2022-10-31 22:27:26 : 35,600,000 : 0 : 10,140,486,300 : 100%
2022-11-01 01:53:44 : 100,000 : 0 : 38,273,900 : 0%
2022-11-01 03:55:05 : 200,000 : 0 : 76,154,575 : 1%
2022-11-01 06:15:45 : 300,000 : 0 : 113,117,725 : 1%
2022-11-01 08:56:52 : 400,000 : 0 : 149,032,275 : 1%
2022-11-01 11:31:36 : 500,000 : 0 : 184,029,300 : 2%
2022-11-01 13:41:22 : 600,000 : 0 : 219,943,850 : 2%
2022-11-01 15:32:53 : 700,000 : 0 : 256,513,775 : 2%
2022-11-01 17:20:05 : 800,000 : 0 : 280,893,725 : 2%
2022-11-01 19:04:36 : 900,000 : 0 : 317,332,575 : 3%
2022-11-01 20:51:34 : 1,000,000 : 0 : 353,771,425 : 3%
2022-11-01 22:39:15 : 1,100,000 : 0 : 389,685,975 : 3%
2022-11-02 00:34:15 : 1,200,000 : 0 : 425,469,450 : 4%
2022-11-02 02:37:53 : 1,300,000 : 0 : 449,194,025 : 4%
Decoding error with 134,217,728 bytes, reading another chunk
2022-11-02 04:58:42 : 1,400,000 : 0 : 484,977,500 : 4%
2022-11-02 07:52:56 : 1,500,000 : 0 : 520,236,675 : 5%
2022-11-02 10:46:15 : 1,600,000 : 0 : 554,578,325 : 5%
2022-11-02 13:01:25 : 1,700,000 : 0 : 589,444,275 : 5%
2022-11-02 14:56:17 : 1,800,000 : 0 : 613,562,075 : 5%
2022-11-02 16:41:30 : 1,900,000 : 0 : 649,869,850 : 6%
2022-11-02 18:25:27 : 2,000,000 : 0 : 686,177,625 : 6%
2022-11-02 20:10:03 : 2,100,000 : 0 : 722,223,250 : 6%
2022-11-02 21:56:30 : 2,200,000 : 0 : 758,006,725 : 7%
2022-11-02 23:46:01 : 2,300,000 : 0 : 781,731,300 : 7%
2022-11-03 01:45:51 : 2,400,000 : 0 : 817,776,925 : 7%
2022-11-03 03:59:35 : 2,500,000 : 0 : 853,953,625 : 8%
2022-11-03 06:39:52 : 2,600,000 : 0 : 889,474,950 : 8%
2022-11-03 09:45:52 : 2,700,000 : 0 : 913,199,525 : 8%
2022-11-03 12:19:10 : 2,800,000 : 0 : 948,983,000 : 8%
2022-11-03 14:20:37 : 2,900,000 : 0 : 985,159,700 : 9%
2022-11-03 16:11:17 : 3,000,000 : 0 : 1,021,991,775 : 9%
2022-11-03 17:59:04 : 3,100,000 : 0 : 1,058,430,625 : 9%
2022-11-03 19:46:11 : 3,200,000 : 0 : 1,094,738,400 : 10%
2022-11-03 21:34:22 : 3,300,000 : 0 : 1,118,987,275 : 10%
2022-11-03 23:45:29 : 3,400,000 : 0 : 1,155,032,900 : 10%
2022-11-04 01:46:25 : 3,500,000 : 0 : 1,191,209,600 : 11%
2022-11-04 03:58:57 : 3,600,000 : 0 : 1,226,862,000 : 11%
2022-11-04 06:39:46 : 3,700,000 : 0 : 1,262,121,175 : 11%
2022-11-04 09:47:29 : 3,800,000 : 0 : 1,285,321,450 : 11%
2022-11-04 12:11:39 : 3,900,000 : 0 : 1,319,794,175 : 12%
2022-11-04 14:09:20 : 4,000,000 : 0 : 1,355,446,575 : 12%
2022-11-04 15:58:30 : 4,100,000 : 0 : 1,391,885,425 : 12%
2022-11-04 17:46:06 : 4,200,000 : 0 : 1,428,586,425 : 13%
2022-11-04 19:31:59 : 4,300,000 : 0 : 1,464,894,200 : 13%
2022-11-04 21:19:19 : 4,400,000 : 0 : 1,488,618,775 : 13%
2022-11-04 23:15:03 : 4,500,000 : 0 : 1,524,795,475 : 14%
2022-11-05 01:18:29 : 4,600,000 : 0 : 1,560,841,100 : 14%
2022-11-05 03:36:11 : 4,700,000 : 0 : 1,596,755,650 : 14%
2022-11-05 06:15:17 : 4,800,000 : 0 : 1,620,218,075 : 14%
2022-11-05 09:22:40 : 4,900,000 : 0 : 1,655,084,025 : 15%
2022-11-05 12:05:42 : 5,000,000 : 0 : 1,689,556,750 : 15%
2022-11-05 14:10:15 : 5,100,000 : 0 : 1,724,422,700 : 15%
2022-11-05 16:01:08 : 5,200,000 : 0 : 1,760,337,250 : 16%
2022-11-05 17:51:07 : 5,300,000 : 0 : 1,784,455,050 : 16%
2022-11-05 19:43:42 : 5,400,000 : 0 : 1,820,893,900 : 16%
2022-11-05 21:37:39 : 5,500,000 : 0 : 1,857,332,750 : 17%
2022-11-05 23:35:53 : 5,600,000 : 0 : 1,892,985,150 : 17%
2022-11-06 01:43:56 : 5,700,000 : 0 : 1,928,899,700 : 17%
2022-11-06 04:01:29 : 5,800,000 : 0 : 1,952,755,350 : 17%
2022-11-06 06:46:39 : 5,900,000 : 0 : 1,987,752,375 : 18%
2022-11-06 09:59:45 : 6,000,000 : 0 : 2,022,094,025 : 18%
2022-11-06 12:46:08 : 6,100,000 : 0 : 2,056,566,750 : 18%
2022-11-06 14:50:58 : 6,200,000 : 0 : 2,091,825,925 : 19%
2022-11-06 16:38:29 : 6,300,000 : 0 : 2,115,681,575 : 19%
2022-11-06 18:23:40 : 6,400,000 : 0 : 2,151,727,200 : 19%
2022-11-06 20:10:10 : 6,500,000 : 0 : 2,187,903,900 : 19%
2022-11-06 22:00:39 : 6,600,000 : 0 : 2,224,473,825 : 20%
2022-11-06 23:59:01 : 6,700,000 : 0 : 2,261,043,750 : 20%
2022-11-07 02:05:22 : 6,800,000 : 0 : 2,285,423,700 : 20%
2022-11-07 04:21:07 : 6,900,000 : 0 : 2,321,600,400 : 21%
2022-11-07 07:00:48 : 7,000,000 : 0 : 2,357,908,175 : 21%
2022-11-07 10:03:01 : 7,100,000 : 0 : 2,393,822,725 : 21%
2022-11-07 12:39:53 : 7,200,000 : 0 : 2,429,212,975 : 22%
2022-11-07 14:41:46 : 7,300,000 : 0 : 2,453,724,000 : 22%
2022-11-07 16:30:02 : 7,400,000 : 0 : 2,490,687,150 : 22%
2022-11-07 18:12:52 : 7,500,000 : 0 : 2,526,994,925 : 22%
2022-11-07 19:57:44 : 7,600,000 : 0 : 2,563,695,925 : 23%
2022-11-07 21:44:04 : 7,700,000 : 0 : 2,600,134,775 : 23%
2022-11-07 23:33:49 : 7,800,000 : 0 : 2,636,311,475 : 23%
2022-11-08 01:35:07 : 7,900,000 : 0 : 2,660,953,575 : 24%
2022-11-08 03:43:38 : 8,000,000 : 0 : 2,697,523,500 : 24%
2022-11-08 06:08:42 : 8,100,000 : 0 : 2,733,438,050 : 24%
Decoding error with 134,217,728 bytes, reading another chunk
2022-11-08 09:09:21 : 8,200,000 : 0 : 2,769,090,450 : 25%
2022-11-08 11:58:51 : 8,300,000 : 0 : 2,804,349,625 : 25%
2022-11-08 14:08:01 : 8,400,000 : 0 : 2,840,264,175 : 25%
2022-11-08 15:58:24 : 8,500,000 : 0 : 2,864,513,050 : 25%
2022-11-08 17:43:53 : 8,600,000 : 0 : 2,900,558,675 : 26%
2022-11-08 19:30:11 : 8,700,000 : 0 : 2,937,259,675 : 26%
2022-11-08 21:17:37 : 8,800,000 : 0 : 2,973,960,675 : 26%
2022-11-08 23:05:19 : 8,900,000 : 0 : 3,010,006,300 : 27%
2022-11-09 01:04:28 : 9,000,000 : 0 : 3,034,124,100 : 27%
2022-11-09 03:12:49 : 9,100,000 : 0 : 3,070,300,800 : 27%
2022-11-09 05:34:55 : 9,200,000 : 0 : 3,105,559,975 : 28%
2022-11-09 08:24:27 : 9,300,000 : 0 : 3,141,212,375 : 28%
2022-11-09 11:21:25 : 9,400,000 : 0 : 3,176,602,625 : 28%
2022-11-09 13:42:35 : 9,500,000 : 0 : 3,212,123,950 : 29%
2022-11-09 15:39:10 : 9,600,000 : 0 : 3,236,241,750 : 29%
2022-11-09 17:27:47 : 9,700,000 : 0 : 3,272,680,600 : 29%
2022-11-09 19:14:19 : 9,800,000 : 0 : 3,308,988,375 : 29%
2022-11-09 20:59:39 : 9,900,000 : 0 : 3,345,034,000 : 30%
2022-11-09 22:49:23 : 10,000,000 : 0 : 3,381,341,775 : 30%
2022-11-10 00:46:02 : 10,100,000 : 0 : 3,417,125,250 : 30%
2022-11-10 02:53:06 : 10,200,000 : 0 : 3,441,111,975 : 31%
2022-11-10 05:12:26 : 10,300,000 : 0 : 3,477,157,600 : 31%
2022-11-10 07:59:38 : 10,400,000 : 0 : 3,512,941,075 : 31%
2022-11-10 11:06:03 : 10,500,000 : 0 : 3,548,462,400 : 32%
2022-11-10 13:32:52 : 10,600,000 : 0 : 3,584,114,800 : 32%
2022-11-10 15:28:09 : 10,700,000 : 0 : 3,620,029,350 : 32%
2022-11-10 17:16:50 : 10,800,000 : 0 : 3,643,885,000 : 32%
2022-11-10 19:01:38 : 10,900,000 : 0 : 3,679,799,550 : 33%
2022-11-10 20:48:48 : 11,000,000 : 0 : 3,715,583,025 : 33%
Decoding error with 134,217,728 bytes, reading another chunk
2022-11-10 22:37:47 : 11,100,000 : 0 : 3,750,973,275 : 33%
2022-11-11 00:34:05 : 11,200,000 : 0 : 3,786,756,750 : 34%
2022-11-11 02:41:12 : 11,300,000 : 0 : 3,822,933,450 : 34%
Decoding error with 134,217,728 bytes, reading another chunk
2022-11-11 05:00:11 : 11,400,000 : 0 : 3,858,979,075 : 34%
2022-11-11 07:42:11 : 11,500,000 : 0 : 3,882,834,725 : 35%
2022-11-11 10:45:22 : 11,600,000 : 0 : 3,918,618,200 : 35%
2022-11-11 13:15:40 : 11,700,000 : 0 : 3,954,139,525 : 35%
2022-11-11 15:13:53 : 11,800,000 : 0 : 3,990,054,075 : 35%
2022-11-11 17:01:09 : 11,900,000 : 0 : 4,026,624,000 : 36%
2022-11-11 18:43:59 : 12,000,000 : 0 : 4,062,669,625 : 36%
2022-11-11 20:29:20 : 12,100,000 : 0 : 4,086,918,500 : 36%
2022-11-11 22:16:47 : 12,200,000 : 0 : 4,122,964,125 : 37%
2022-11-12 00:12:52 : 12,300,000 : 0 : 4,159,009,750 : 37%
2022-11-12 02:24:09 : 12,400,000 : 0 : 4,195,186,450 : 37%
2022-11-12 04:45:13 : 12,500,000 : 0 : 4,230,445,625 : 38%
2022-11-12 07:27:29 : 12,600,000 : 0 : 4,254,039,125 : 38%
2022-11-12 10:30:44 : 12,700,000 : 0 : 4,288,905,075 : 38%
2022-11-12 13:16:10 : 12,800,000 : 0 : 4,323,902,100 : 38%
2022-11-12 15:24:55 : 12,900,000 : 0 : 4,359,161,275 : 39%
2022-11-12 17:19:01 : 13,000,000 : 0 : 4,395,600,125 : 39%
2022-11-12 19:12:14 : 13,100,000 : 0 : 4,431,776,825 : 39%
2022-11-12 21:06:28 : 13,200,000 : 0 : 4,455,763,550 : 40%
2022-11-12 23:00:18 : 13,300,000 : 0 : 4,491,415,950 : 40%
2022-11-13 01:05:00 : 13,400,000 : 0 : 4,527,461,575 : 40%
2022-11-13 03:23:14 : 13,500,000 : 0 : 4,562,982,900 : 41%
2022-11-13 05:56:41 : 13,600,000 : 0 : 4,586,969,625 : 41%
2022-11-13 08:53:55 : 13,700,000 : 0 : 4,622,097,725 : 41%
2022-11-13 12:01:35 : 13,800,000 : 0 : 4,657,225,825 : 41%
2022-11-13 14:24:56 : 13,900,000 : 0 : 4,692,222,850 : 42%
2022-11-13 16:23:17 : 14,000,000 : 0 : 4,728,530,625 : 42%
2022-11-13 18:15:20 : 14,100,000 : 0 : 4,764,969,475 : 42%
2022-11-13 20:05:36 : 14,200,000 : 0 : 4,789,480,500 : 43%
2022-11-13 21:53:58 : 14,300,000 : 0 : 4,825,788,275 : 43%
2022-11-13 23:47:27 : 14,400,000 : 0 : 4,861,309,600 : 43%
2022-11-14 01:52:03 : 14,500,000 : 0 : 4,897,486,300 : 44%
2022-11-14 04:01:54 : 14,600,000 : 0 : 4,933,138,700 : 44%
2022-11-14 06:31:30 : 14,700,000 : 0 : 4,956,994,350 : 44%
2022-11-14 09:31:55 : 14,800,000 : 0 : 4,992,646,750 : 44%
2022-11-14 12:24:57 : 14,900,000 : 0 : 5,028,299,150 : 45%
2022-11-14 14:35:23 : 15,000,000 : 0 : 5,064,738,000 : 45%
2022-11-14 16:25:38 : 15,100,000 : 0 : 5,100,783,625 : 45%
2022-11-14 18:09:20 : 15,200,000 : 0 : 5,136,829,250 : 46%
2022-11-14 19:54:59 : 15,300,000 : 0 : 5,161,078,125 : 46%
2022-11-14 21:38:45 : 15,400,000 : 0 : 5,197,123,750 : 46%
2022-11-14 23:26:08 : 15,500,000 : 0 : 5,233,038,300 : 46%
2022-11-15 01:26:02 : 15,600,000 : 0 : 5,269,083,925 : 47%
2022-11-15 03:27:46 : 15,700,000 : 0 : 5,305,391,700 : 47%
2022-11-15 05:42:20 : 15,800,000 : 0 : 5,329,247,350 : 47%
2022-11-15 08:28:32 : 15,900,000 : 0 : 5,364,506,525 : 48%
2022-11-15 11:25:20 : 16,000,000 : 0 : 5,400,158,925 : 48%
2022-11-15 13:47:56 : 16,100,000 : 0 : 5,435,680,250 : 48%
2022-11-15 15:41:01 : 16,200,000 : 0 : 5,471,594,800 : 49%
2022-11-15 17:26:59 : 16,300,000 : 0 : 5,508,033,650 : 49%
2022-11-15 19:11:48 : 16,400,000 : 0 : 5,532,020,375 : 49%
2022-11-15 20:57:30 : 16,500,000 : 0 : 5,568,197,075 : 49%
2022-11-15 22:44:45 : 16,600,000 : 0 : 5,603,587,325 : 50%
2022-11-16 00:41:44 : 16,700,000 : 0 : 5,639,501,875 : 50%
2022-11-16 02:45:31 : 16,800,000 : 0 : 5,674,892,125 : 50%
2022-11-16 04:55:26 : 16,900,000 : 0 : 5,698,354,550 : 51%
2022-11-16 07:31:07 : 17,000,000 : 0 : 5,733,744,800 : 51%
2022-11-16 10:32:13 : 17,100,000 : 0 : 5,769,135,050 : 51%
2022-11-16 13:06:00 : 17,200,000 : 0 : 5,804,787,450 : 52%
2022-11-16 15:06:17 : 17,300,000 : 0 : 5,840,833,075 : 52%
2022-11-16 16:55:18 : 17,400,000 : 0 : 5,864,950,875 : 52%
2022-11-16 18:40:46 : 17,500,000 : 0 : 5,901,127,575 : 52%
2022-11-16 20:27:04 : 17,600,000 : 0 : 5,937,042,125 : 53%
2022-11-16 22:11:25 : 17,700,000 : 0 : 5,972,301,300 : 53%
2022-11-17 00:04:05 : 17,800,000 : 0 : 6,007,691,550 : 53%
2022-11-17 02:06:07 : 17,900,000 : 0 : 6,043,212,875 : 54%
2022-11-17 04:14:29 : 18,000,000 : 0 : 6,067,199,600 : 54%
2022-11-17 06:42:27 : 18,100,000 : 0 : 6,102,720,925 : 54%
2022-11-17 09:38:20 : 18,200,000 : 0 : 6,137,586,875 : 55%
2022-11-17 12:22:47 : 18,300,000 : 0 : 6,172,190,675 : 55%
2022-11-17 14:26:18 : 18,400,000 : 0 : 6,207,318,775 : 55%
2022-11-17 16:18:38 : 18,500,000 : 0 : 6,242,971,175 : 55%
2022-11-17 18:04:09 : 18,600,000 : 0 : 6,267,088,975 : 56%
2022-11-17 19:49:46 : 18,700,000 : 0 : 6,303,396,750 : 56%
2022-11-17 21:37:34 : 18,800,000 : 0 : 6,339,704,525 : 56%
2022-11-17 23:30:31 : 18,900,000 : 0 : 6,375,750,150 : 57%
2022-11-18 01:36:16 : 19,000,000 : 0 : 6,411,926,850 : 57%
2022-11-18 03:46:08 : 19,100,000 : 0 : 6,435,651,425 : 57%
2022-11-18 06:12:42 : 19,200,000 : 0 : 6,471,697,050 : 58%
2022-11-18 09:06:54 : 19,300,000 : 0 : 6,507,611,600 : 58%
2022-11-18 12:01:31 : 19,400,000 : 0 : 6,543,264,000 : 58%
2022-11-18 14:14:32 : 19,500,000 : 0 : 6,566,726,425 : 58%
2022-11-18 16:08:29 : 19,600,000 : 0 : 6,603,165,275 : 59%
2022-11-18 17:57:06 : 19,700,000 : 0 : 6,639,341,975 : 59%
2022-11-18 19:44:57 : 19,800,000 : 0 : 6,675,780,825 : 59%
2022-11-18 21:35:07 : 19,900,000 : 0 : 6,711,695,375 : 60%
2022-11-18 23:28:03 : 20,000,000 : 0 : 6,747,347,775 : 60%
2022-11-19 01:32:50 : 20,100,000 : 0 : 6,771,072,350 : 60%
2022-11-19 03:49:33 : 20,200,000 : 0 : 6,806,855,825 : 60%
2022-11-19 06:23:09 : 20,300,000 : 0 : 6,842,115,000 : 61%
2022-11-19 09:25:26 : 20,400,000 : 0 : 6,877,112,025 : 61%
2022-11-19 12:20:56 : 20,500,000 : 0 : 6,911,453,675 : 61%
2022-11-19 14:37:36 : 20,600,000 : 0 : 6,946,188,550 : 62%
2022-11-19 16:34:25 : 20,700,000 : 0 : 6,970,175,275 : 62%
2022-11-19 18:27:58 : 20,800,000 : 0 : 7,006,351,975 : 62%
2022-11-19 20:24:17 : 20,900,000 : 0 : 7,042,921,900 : 63%
2022-11-19 22:23:03 : 21,000,000 : 0 : 7,079,098,600 : 63%
2022-11-20 00:27:10 : 21,100,000 : 0 : 7,115,406,375 : 63%
2022-11-20 02:42:14 : 21,200,000 : 0 : 7,139,262,025 : 63%
2022-11-20 05:05:56 : 21,300,000 : 0 : 7,174,390,125 : 64%
2022-11-20 07:51:40 : 21,400,000 : 0 : 7,208,469,625 : 64%
2022-11-20 10:54:10 : 21,500,000 : 0 : 7,242,680,200 : 64%
2022-11-20 13:28:52 : 21,600,000 : 0 : 7,276,759,700 : 65%
2022-11-20 15:31:54 : 21,700,000 : 0 : 7,300,353,200 : 65%
2022-11-20 17:26:11 : 21,800,000 : 0 : 7,336,660,975 : 65%
2022-11-20 19:16:01 : 21,900,000 : 0 : 7,372,313,375 : 66%
2022-11-20 21:05:13 : 22,000,000 : 0 : 7,407,834,700 : 66%
2022-11-20 22:53:35 : 22,100,000 : 0 : 7,443,224,950 : 66%
2022-11-21 00:55:25 : 22,200,000 : 0 : 7,478,746,275 : 66%
2022-11-21 03:04:39 : 22,300,000 : 0 : 7,502,470,850 : 67%
2022-11-21 05:25:09 : 22,400,000 : 0 : 7,538,123,250 : 67%
2022-11-21 08:10:43 : 22,500,000 : 0 : 7,574,168,875 : 67%
2022-11-21 11:08:27 : 22,600,000 : 0 : 7,609,296,975 : 68%
2022-11-21 13:32:27 : 22,700,000 : 0 : 7,644,425,075 : 68%
2022-11-21 15:32:03 : 22,800,000 : 0 : 7,680,732,850 : 68%
2022-11-21 17:21:13 : 22,900,000 : 0 : 7,705,637,100 : 68%
2022-11-21 19:05:01 : 23,000,000 : 0 : 7,742,075,950 : 69%
2022-11-21 20:50:16 : 23,100,000 : 0 : 7,778,121,575 : 69%
2022-11-21 22:35:09 : 23,200,000 : 0 : 7,813,642,900 : 69%
2022-11-22 00:30:53 : 23,300,000 : 0 : 7,849,164,225 : 70%
2022-11-22 02:36:46 : 23,400,000 : 0 : 7,885,078,775 : 70%
2022-11-22 04:53:38 : 23,500,000 : 0 : 7,909,065,500 : 70%
2022-11-22 07:31:08 : 23,600,000 : 0 : 7,944,455,750 : 71%
2022-11-22 10:31:50 : 23,700,000 : 0 : 7,979,977,075 : 71%
2022-11-22 13:01:00 : 23,800,000 : 0 : 8,014,843,025 : 71%
2022-11-22 15:04:14 : 23,900,000 : 0 : 8,050,626,500 : 72%
2022-11-22 16:56:28 : 24,000,000 : 0 : 8,087,327,500 : 72%
2022-11-22 18:44:38 : 24,100,000 : 0 : 8,123,897,425 : 72%
2022-11-22 20:30:33 : 24,200,000 : 0 : 8,147,884,150 : 72%
2022-11-22 22:14:53 : 24,300,000 : 0 : 8,183,274,400 : 73%
2022-11-23 00:04:31 : 24,400,000 : 0 : 8,218,140,350 : 73%
2022-11-23 02:09:38 : 24,500,000 : 0 : 8,253,923,825 : 73%
2022-11-23 04:23:08 : 24,600,000 : 0 : 8,290,231,600 : 74%
2022-11-23 06:51:03 : 24,700,000 : 0 : 8,324,966,475 : 74%
2022-11-23 09:41:36 : 24,800,000 : 0 : 8,348,691,050 : 74%
2022-11-23 12:25:17 : 24,900,000 : 0 : 8,384,474,525 : 75%
2022-11-23 14:32:37 : 25,000,000 : 0 : 8,419,733,700 : 75%
2022-11-23 16:23:02 : 25,100,000 : 0 : 8,456,303,625 : 75%
2022-11-23 18:10:36 : 25,200,000 : 0 : 8,493,266,775 : 75%
2022-11-23 20:00:03 : 25,300,000 : 0 : 8,530,229,925 : 76%
2022-11-23 21:51:14 : 25,400,000 : 0 : 8,554,740,950 : 76%
2022-11-23 23:46:25 : 25,500,000 : 0 : 8,590,131,200 : 76%
2022-11-24 01:56:07 : 25,600,000 : 0 : 8,626,045,750 : 77%
2022-11-24 04:14:24 : 25,700,000 : 0 : 8,661,829,225 : 77%
2022-11-24 06:48:14 : 25,800,000 : 0 : 8,698,268,075 : 77%
2022-11-24 09:42:06 : 25,900,000 : 0 : 8,734,575,850 : 78%
2022-11-24 12:28:00 : 26,000,000 : 0 : 8,770,097,175 : 78%
2022-11-24 14:32:30 : 26,100,000 : 0 : 8,793,821,750 : 78%
2022-11-24 16:25:10 : 26,200,000 : 0 : 8,829,867,375 : 78%
2022-11-24 18:18:54 : 26,300,000 : 0 : 8,866,175,150 : 79%
2022-11-24 20:19:51 : 26,400,000 : 0 : 8,903,400,450 : 79%
2022-11-24 22:24:13 : 26,500,000 : 0 : 8,938,921,775 : 79%
2022-11-25 00:33:30 : 26,600,000 : 0 : 8,973,787,725 : 80%
2022-11-25 02:55:27 : 26,700,000 : 0 : 9,009,309,050 : 80%
2022-11-25 05:20:28 : 26,800,000 : 0 : 9,033,426,850 : 80%
2022-11-25 08:04:36 : 26,900,000 : 0 : 9,070,258,925 : 81%
2022-11-25 11:07:42 : 27,000,000 : 0 : 9,107,222,075 : 81%
2022-11-25 13:39:21 : 27,100,000 : 0 : 9,143,005,550 : 81%
2022-11-25 15:42:04 : 27,200,000 : 0 : 9,179,051,175 : 82%
2022-11-25 17:35:58 : 27,300,000 : 0 : 9,215,883,250 : 82%
2022-11-25 19:29:23 : 27,400,000 : 0 : 9,253,108,550 : 82%
2022-11-25 21:25:08 : 27,500,000 : 0 : 9,277,619,575 : 82%
2022-11-25 23:20:07 : 27,600,000 : 0 : 9,313,271,975 : 83%
2022-11-26 01:24:13 : 27,700,000 : 0 : 9,349,579,750 : 83%
2022-11-26 03:40:43 : 27,800,000 : 0 : 9,385,887,525 : 83%
2022-11-26 06:05:50 : 27,900,000 : 0 : 9,421,933,150 : 84%
2022-11-26 08:53:19 : 28,000,000 : 0 : 9,445,788,800 : 84%
2022-11-26 11:50:29 : 28,100,000 : 0 : 9,480,916,900 : 84%
2022-11-26 14:18:36 : 28,200,000 : 0 : 9,516,569,300 : 85%
2022-11-26 16:24:15 : 28,300,000 : 0 : 9,553,663,525 : 85%
2022-11-26 18:22:48 : 28,400,000 : 0 : 9,590,888,825 : 85%
2022-11-26 20:25:22 : 28,500,000 : 0 : 9,628,638,425 : 86%
2022-11-26 22:25:11 : 28,600,000 : 0 : 9,665,732,650 : 86%
2022-11-27 00:30:09 : 28,700,000 : 0 : 9,690,112,600 : 86%
2022-11-27 02:44:58 : 28,800,000 : 0 : 9,726,944,675 : 86%
2022-11-27 05:07:08 : 28,900,000 : 0 : 9,763,776,750 : 87%
2022-11-27 07:53:12 : 29,000,000 : 0 : 9,799,953,450 : 87%
2022-11-27 10:54:46 : 29,100,000 : 0 : 9,835,868,000 : 87%
2022-11-27 13:33:42 : 29,200,000 : 0 : 9,872,175,775 : 88%
2022-11-27 15:37:30 : 29,300,000 : 0 : 9,908,221,400 : 88%
2022-11-27 17:28:14 : 29,400,000 : 0 : 9,933,125,650 : 88%
2022-11-27 19:14:59 : 29,500,000 : 0 : 9,970,350,950 : 89%
2022-11-27 21:00:50 : 29,600,000 : 0 : 10,007,183,025 : 89%
2022-11-27 22:49:00 : 29,700,000 : 0 : 10,043,884,025 : 89%
Decoding error with 134,217,728 bytes, reading another chunk
2022-11-28 00:46:32 : 29,800,000 : 0 : 10,093,954,675 : 90%
2022-11-28 02:54:30 : 29,900,000 : 0 : 10,118,990,000 : 90%
2022-11-28 05:07:57 : 30,000,000 : 0 : 10,156,608,525 : 90%
2022-11-28 07:43:22 : 30,100,000 : 0 : 10,182,037,075 : 90%
2022-11-28 10:42:06 : 30,200,000 : 0 : 10,219,524,525 : 91%
2022-11-28 13:16:28 : 30,300,000 : 0 : 10,256,094,450 : 91%
2022-11-28 15:20:11 : 30,400,000 : 0 : 10,292,795,450 : 91%
2022-11-28 17:08:27 : 30,500,000 : 0 : 10,330,151,825 : 92%
2022-11-28 18:53:57 : 30,600,000 : 0 : 10,367,639,275 : 92%
2022-11-28 20:39:29 : 30,700,000 : 0 : 10,405,126,725 : 92%
2022-11-28 22:22:51 : 30,800,000 : 0 : 10,429,506,675 : 93%
2022-11-29 00:13:07 : 30,900,000 : 0 : 10,466,207,675 : 93%
2022-11-29 02:13:26 : 31,000,000 : 0 : 10,503,301,900 : 93%
Decoding error with 134,217,728 bytes, reading another chunk
2022-11-29 04:20:49 : 31,100,000 : 0 : 10,552,848,250 : 94%
2022-11-29 06:46:29 : 31,200,000 : 0 : 10,577,621,425 : 94%
2022-11-29 09:37:06 : 31,300,000 : 0 : 10,613,798,125 : 94%
2022-11-29 12:18:36 : 31,400,000 : 0 : 10,649,450,525 : 95%
2022-11-29 14:28:22 : 31,500,000 : 0 : 10,686,020,450 : 95%
2022-11-29 16:23:47 : 31,600,000 : 0 : 10,711,186,850 : 95%
2022-11-29 18:12:19 : 31,700,000 : 0 : 10,748,150,000 : 96%
2022-11-29 20:00:08 : 31,800,000 : 0 : 10,785,113,150 : 96%
2022-11-29 21:45:02 : 31,900,000 : 0 : 10,821,552,000 : 96%
2022-11-29 23:31:05 : 32,000,000 : 0 : 10,857,335,475 : 96%
2022-11-30 01:27:02 : 32,100,000 : 0 : 10,893,512,175 : 97%
2022-11-30 03:27:30 : 32,200,000 : 0 : 10,929,688,875 : 97%
2022-11-30 05:41:08 : 32,300,000 : 0 : 10,965,472,350 : 97%
2022-11-30 08:21:43 : 32,400,000 : 0 : 10,989,590,150 : 98%
2022-11-30 11:20:41 : 32,500,000 : 0 : 11,025,504,700 : 98%
2022-11-30 13:43:31 : 32,600,000 : 0 : 11,060,763,875 : 98%
2022-11-30 15:36:36 : 32,700,000 : 0 : 11,096,809,500 : 99%
2022-11-30 17:23:55 : 32,800,000 : 0 : 11,133,903,725 : 99%
2022-11-30 19:09:42 : 32,900,000 : 0 : 11,170,997,950 : 99%
2022-11-30 20:59:36 : 33,000,000 : 0 : 11,207,698,950 : 100%
2022-11-30 22:44:08 : 33,100,000 : 0 : 11,231,554,600 : 100%
2022-12-01 02:01:08 : 100,000 : 0 : 38,273,900 : 0%
2022-12-01 04:05:52 : 200,000 : 0 : 75,499,200 : 1%
2022-12-01 06:27:07 : 300,000 : 0 : 111,938,050 : 1%
2022-12-01 09:19:39 : 400,000 : 0 : 147,590,450 : 1%
2022-12-01 12:06:55 : 500,000 : 0 : 182,194,250 : 1%
2022-12-01 14:18:07 : 600,000 : 0 : 217,322,350 : 2%
2022-12-01 16:09:39 : 700,000 : 0 : 253,105,825 : 2%
2022-12-01 17:57:23 : 800,000 : 0 : 289,675,750 : 2%
2022-12-01 19:42:41 : 900,000 : 0 : 325,852,450 : 3%
2022-12-01 21:29:46 : 1,000,000 : 0 : 349,839,175 : 3%
2022-12-01 23:16:33 : 1,100,000 : 0 : 384,967,275 : 3%
2022-12-02 01:14:00 : 1,200,000 : 0 : 420,750,750 : 3%
2022-12-02 03:16:42 : 1,300,000 : 0 : 456,534,225 : 4%
2022-12-02 05:33:37 : 1,400,000 : 0 : 492,055,550 : 4%
2022-12-02 08:11:28 : 1,500,000 : 0 : 526,921,500 : 4%
2022-12-02 11:02:58 : 1,600,000 : 0 : 561,263,150 : 5%
2022-12-02 13:28:53 : 1,700,000 : 0 : 596,522,325 : 5%
2022-12-02 15:26:56 : 1,800,000 : 0 : 620,509,050 : 5%
2022-12-02 17:19:05 : 1,900,000 : 0 : 657,078,975 : 5%
2022-12-02 19:06:26 : 2,000,000 : 0 : 693,255,675 : 6%
2022-12-02 20:56:57 : 2,100,000 : 0 : 728,908,075 : 6%
2022-12-02 22:44:10 : 2,200,000 : 0 : 764,298,325 : 6%
2022-12-03 00:41:24 : 2,300,000 : 0 : 799,819,650 : 7%
2022-12-03 02:49:58 : 2,400,000 : 0 : 835,996,350 : 7%
2022-12-03 05:10:37 : 2,500,000 : 0 : 859,983,075 : 7%
2022-12-03 07:57:03 : 2,600,000 : 0 : 895,373,325 : 7%
2022-12-03 11:00:51 : 2,700,000 : 0 : 929,977,125 : 8%
2022-12-03 13:39:13 : 2,800,000 : 0 : 964,712,000 : 8%
2022-12-03 15:42:13 : 2,900,000 : 0 : 1,000,102,250 : 8%
2022-12-03 17:37:57 : 3,000,000 : 0 : 1,036,672,175 : 8%
2022-12-03 19:29:18 : 3,100,000 : 0 : 1,072,979,950 : 9%
2022-12-03 21:19:09 : 3,200,000 : 0 : 1,109,025,575 : 9%
2022-12-03 23:11:37 : 3,300,000 : 0 : 1,132,750,150 : 9%
2022-12-04 01:14:31 : 3,400,000 : 0 : 1,169,057,925 : 10%
2022-12-04 03:31:39 : 3,500,000 : 0 : 1,204,972,475 : 10%
2022-12-04 06:00:28 : 3,600,000 : 0 : 1,240,362,725 : 10%
2022-12-04 08:55:12 : 3,700,000 : 0 : 1,274,835,450 : 10%
2022-12-04 11:55:03 : 3,800,000 : 0 : 1,308,914,950 : 11%
2022-12-04 14:23:18 : 3,900,000 : 0 : 1,343,911,975 : 11%
2022-12-04 16:23:07 : 4,000,000 : 0 : 1,379,564,375 : 11%
2022-12-04 18:12:13 : 4,100,000 : 0 : 1,415,872,150 : 12%
2022-12-04 20:00:13 : 4,200,000 : 0 : 1,440,121,025 : 12%
2022-12-04 21:46:43 : 4,300,000 : 0 : 1,476,035,575 : 12%
2022-12-04 23:35:33 : 4,400,000 : 0 : 1,511,819,050 : 12%
2022-12-05 01:33:54 : 4,500,000 : 0 : 1,547,471,450 : 13%
2022-12-05 03:36:06 : 4,600,000 : 0 : 1,583,648,150 : 13%
2022-12-05 05:53:30 : 4,700,000 : 0 : 1,619,300,550 : 13%
2022-12-05 08:35:48 : 4,800,000 : 0 : 1,654,690,800 : 13%
2022-12-05 11:26:04 : 4,900,000 : 0 : 1,689,818,900 : 14%
2022-12-05 13:45:16 : 5,000,000 : 0 : 1,724,684,850 : 14%
2022-12-05 15:39:17 : 5,100,000 : 0 : 1,748,540,500 : 14%
2022-12-05 17:25:11 : 5,200,000 : 0 : 1,785,241,500 : 15%
2022-12-05 19:04:40 : 5,300,000 : 0 : 1,820,238,525 : 15%
2022-12-05 20:46:03 : 5,400,000 : 0 : 1,855,104,475 : 15%
2022-12-05 22:25:12 : 5,500,000 : 0 : 1,889,446,125 : 15%
2022-12-06 00:09:14 : 5,600,000 : 0 : 1,923,787,775 : 16%
2022-12-06 02:06:29 : 5,700,000 : 0 : 1,958,522,650 : 16%
2022-12-06 04:09:11 : 5,800,000 : 0 : 1,993,912,900 : 16%
2022-12-06 06:26:50 : 5,900,000 : 0 : 2,029,434,225 : 17%
2022-12-06 09:10:23 : 6,000,000 : 0 : 2,064,562,325 : 17%
2022-12-06 11:53:52 : 6,100,000 : 0 : 2,099,559,350 : 17%
2022-12-06 14:06:49 : 6,200,000 : 0 : 2,135,342,825 : 17%
2022-12-06 16:01:07 : 6,300,000 : 0 : 2,172,043,825 : 18%
2022-12-06 17:50:07 : 6,400,000 : 0 : 2,196,423,775 : 18%
2022-12-06 19:35:00 : 6,500,000 : 0 : 2,232,731,550 : 18%
2022-12-06 21:19:27 : 6,600,000 : 0 : 2,269,039,325 : 18%
2022-12-06 23:03:45 : 6,700,000 : 0 : 2,304,298,500 : 19%
2022-12-07 00:59:06 : 6,800,000 : 0 : 2,340,344,125 : 19%
2022-12-07 03:00:08 : 6,900,000 : 0 : 2,376,651,900 : 19%
2022-12-07 05:09:23 : 7,000,000 : 0 : 2,412,304,300 : 20%
2022-12-07 07:43:28 : 7,100,000 : 0 : 2,448,087,775 : 20%
2022-12-07 10:35:14 : 7,200,000 : 0 : 2,482,036,200 : 20%
2022-12-07 13:02:26 : 7,300,000 : 0 : 2,515,853,550 : 20%
2022-12-07 15:03:51 : 7,400,000 : 0 : 2,551,374,875 : 21%
2022-12-07 16:53:01 : 7,500,000 : 0 : 2,587,158,350 : 21%
2022-12-07 18:36:18 : 7,600,000 : 0 : 2,622,679,675 : 21%
2022-12-07 20:22:22 : 7,700,000 : 0 : 2,658,332,075 : 22%
2022-12-07 22:07:50 : 7,800,000 : 0 : 2,693,591,250 : 22%
2022-12-07 23:55:26 : 7,900,000 : 0 : 2,717,053,675 : 22%
2022-12-08 01:53:30 : 8,000,000 : 0 : 2,752,312,850 : 22%
Decoding error with 134,217,728 bytes, reading another chunk
2022-12-08 03:58:25 : 8,100,000 : 0 : 2,787,965,250 : 23%
2022-12-08 06:17:08 : 8,200,000 : 0 : 2,822,962,275 : 23%
2022-12-08 09:08:32 : 8,300,000 : 0 : 2,857,959,300 : 23%
2022-12-08 11:56:52 : 8,400,000 : 0 : 2,892,038,800 : 24%
2022-12-08 14:08:21 : 8,500,000 : 0 : 2,926,904,750 : 24%
2022-12-08 15:59:20 : 8,600,000 : 0 : 2,963,343,600 : 24%
2022-12-08 17:42:22 : 8,700,000 : 0 : 2,999,913,525 : 24%
2022-12-08 19:24:10 : 8,800,000 : 0 : 3,036,221,300 : 25%
2022-12-08 21:07:10 : 8,900,000 : 0 : 3,072,529,075 : 25%
2022-12-08 22:52:23 : 9,000,000 : 0 : 3,108,574,700 : 25%
2022-12-09 00:42:48 : 9,100,000 : 0 : 3,143,964,950 : 26%
2022-12-09 02:42:46 : 9,200,000 : 0 : 3,167,820,600 : 26%
2022-12-09 04:49:02 : 9,300,000 : 0 : 3,203,604,075 : 26%
2022-12-09 07:16:17 : 9,400,000 : 0 : 3,239,256,475 : 26%
2022-12-09 10:09:36 : 9,500,000 : 0 : 3,273,991,350 : 27%
2022-12-09 12:44:06 : 9,600,000 : 0 : 3,308,595,150 : 27%
2022-12-09 14:45:27 : 9,700,000 : 0 : 3,344,247,550 : 27%
2022-12-09 16:36:02 : 9,800,000 : 0 : 3,380,293,175 : 27%
2022-12-09 18:22:55 : 9,900,000 : 0 : 3,416,994,175 : 28%
2022-12-09 20:09:15 : 10,000,000 : 0 : 3,453,301,950 : 28%
2022-12-09 22:00:46 : 10,100,000 : 0 : 3,489,216,500 : 28%
2022-12-09 23:49:11 : 10,200,000 : 0 : 3,524,868,900 : 29%
2022-12-10 01:48:39 : 10,300,000 : 0 : 3,559,865,925 : 29%
2022-12-10 04:00:31 : 10,400,000 : 0 : 3,595,256,175 : 29%
2022-12-10 06:28:28 : 10,500,000 : 0 : 3,630,777,500 : 30%
2022-12-10 09:18:48 : 10,600,000 : 0 : 3,653,060,250 : 30%
2022-12-10 12:11:33 : 10,700,000 : 0 : 3,686,746,525 : 30%
2022-12-10 14:29:19 : 10,800,000 : 0 : 3,720,957,100 : 30%
2022-12-10 16:28:14 : 10,900,000 : 0 : 3,756,609,500 : 31%
2022-12-10 18:20:04 : 11,000,000 : 0 : 3,792,655,125 : 31%
2022-12-10 20:11:50 : 11,100,000 : 0 : 3,828,438,600 : 31%
2022-12-10 22:02:55 : 11,200,000 : 0 : 3,864,222,075 : 31%
2022-12-10 23:59:49 : 11,300,000 : 0 : 3,900,267,700 : 32%
2022-12-11 02:05:52 : 11,400,000 : 0 : 3,936,182,250 : 32%
2022-12-11 04:13:35 : 11,500,000 : 0 : 3,970,261,750 : 32%
2022-12-11 06:18:07 : 11,600,000 : 0 : 3,992,151,275 : 32%
2022-12-11 08:39:26 : 11,700,000 : 0 : 4,023,216,050 : 33%
2022-12-11 10:55:11 : 11,800,000 : 0 : 4,051,921,475 : 33%
2022-12-11 12:56:25 : 11,900,000 : 0 : 4,071,189,500 : 33%
2022-12-11 14:25:38 : 12,000,000 : 0 : 4,099,632,775 : 33%
2022-12-11 15:46:03 : 12,100,000 : 0 : 4,119,162,950 : 34%
2022-12-11 17:06:09 : 12,200,000 : 0 : 4,149,048,050 : 34%
2022-12-11 18:22:43 : 12,300,000 : 0 : 4,169,233,600 : 34%
2022-12-11 19:39:23 : 12,400,000 : 0 : 4,199,905,150 : 34%
2022-12-11 20:54:57 : 12,500,000 : 0 : 4,219,566,400 : 34%
2022-12-11 22:07:08 : 12,600,000 : 0 : 4,248,927,200 : 35%
2022-12-11 23:29:59 : 12,700,000 : 0 : 4,271,472,100 : 35%
2022-12-12 01:16:27 : 12,800,000 : 0 : 4,307,124,500 : 35%
2022-12-12 03:11:33 : 12,900,000 : 0 : 4,342,514,750 : 35%
2022-12-12 05:19:14 : 13,000,000 : 0 : 4,378,036,075 : 36%
2022-12-12 07:41:49 : 13,100,000 : 0 : 4,412,770,950 : 36%
2022-12-12 10:22:39 : 13,200,000 : 0 : 4,447,243,675 : 36%
2022-12-12 12:50:49 : 13,300,000 : 0 : 4,481,585,325 : 36%
2022-12-12 14:51:05 : 13,400,000 : 0 : 4,517,368,800 : 37%
2022-12-12 16:38:02 : 13,500,000 : 0 : 4,553,807,650 : 37%
2022-12-12 18:21:03 : 13,600,000 : 0 : 4,578,187,600 : 37%
2022-12-12 20:02:05 : 13,700,000 : 0 : 4,614,757,525 : 38%
Decoding error with 134,217,728 bytes, reading another chunk
2022-12-12 21:44:47 : 13,800,000 : 0 : 4,651,065,300 : 38%
2022-12-12 23:25:57 : 13,900,000 : 0 : 4,686,848,775 : 38%
2022-12-13 01:20:02 : 14,000,000 : 0 : 4,723,287,625 : 38%
2022-12-13 03:22:30 : 14,100,000 : 0 : 4,759,857,550 : 39%
2022-12-13 05:37:21 : 14,200,000 : 0 : 4,796,034,250 : 39%
2022-12-13 08:19:46 : 14,300,000 : 0 : 4,831,555,575 : 39%
2022-12-13 11:19:34 : 14,400,000 : 0 : 4,867,207,975 : 40%
2022-12-13 13:40:09 : 14,500,000 : 0 : 4,901,811,775 : 40%
2022-12-13 15:41:35 : 14,600,000 : 0 : 4,937,726,325 : 40%
2022-12-13 17:30:58 : 14,700,000 : 0 : 4,973,771,950 : 40%
2022-12-13 19:14:54 : 14,800,000 : 0 : 5,010,341,875 : 41%
2022-12-13 21:01:49 : 14,900,000 : 0 : 5,046,518,575 : 41%
2022-12-13 22:46:01 : 15,000,000 : 0 : 5,082,302,050 : 41%
2022-12-14 00:37:24 : 15,100,000 : 0 : 5,117,692,300 : 42%
2022-12-14 02:37:04 : 15,200,000 : 0 : 5,154,131,150 : 42%
2022-12-14 04:48:05 : 15,300,000 : 0 : 5,190,832,150 : 42%
2022-12-14 07:24:23 : 15,400,000 : 0 : 5,226,877,775 : 43%
2022-12-14 10:20:17 : 15,500,000 : 0 : 5,262,136,950 : 43%
2022-12-14 12:55:08 : 15,600,000 : 0 : 5,297,133,975 : 43%
2022-12-14 14:56:14 : 15,700,000 : 0 : 5,320,596,400 : 43%
2022-12-14 16:45:40 : 15,800,000 : 0 : 5,356,904,175 : 44%
2022-12-14 18:30:08 : 15,900,000 : 0 : 5,392,818,725 : 44%
2022-12-14 20:17:31 : 16,000,000 : 0 : 5,428,471,125 : 44%
2022-12-14 22:03:14 : 16,100,000 : 0 : 5,464,647,825 : 44%
2022-12-14 23:53:05 : 16,200,000 : 0 : 5,500,693,450 : 45%
2022-12-15 01:53:07 : 16,300,000 : 0 : 5,537,001,225 : 45%
2022-12-15 04:00:35 : 16,400,000 : 0 : 5,573,702,225 : 45%
2022-12-15 06:25:23 : 16,500,000 : 0 : 5,609,747,850 : 46%
2022-12-15 09:16:33 : 16,600,000 : 0 : 5,645,662,400 : 46%
2022-12-15 12:07:06 : 16,700,000 : 0 : 5,680,659,425 : 46%
2022-12-15 14:18:38 : 16,800,000 : 0 : 5,715,918,600 : 46%
2022-12-15 16:09:18 : 16,900,000 : 0 : 5,752,226,375 : 47%
2022-12-15 17:56:51 : 17,000,000 : 0 : 5,788,796,300 : 47%
2022-12-15 19:43:34 : 17,100,000 : 0 : 5,825,366,225 : 47%
2022-12-15 21:30:33 : 17,200,000 : 0 : 5,862,329,375 : 48%
2022-12-15 23:05:17 : 17,300,000 : 0 : 5,885,398,575 : 48%
2022-12-16 00:55:20 : 17,400,000 : 0 : 5,921,182,050 : 48%
2022-12-16 03:00:40 : 17,500,000 : 0 : 5,957,751,975 : 48%
2022-12-16 05:16:17 : 17,600,000 : 0 : 5,993,928,675 : 49%
2022-12-16 07:56:01 : 17,700,000 : 0 : 6,030,236,450 : 49%
2022-12-16 10:55:59 : 17,800,000 : 0 : 6,065,888,850 : 49%
2022-12-16 13:22:41 : 17,900,000 : 0 : 6,100,885,875 : 50%
2022-12-16 15:21:41 : 18,000,000 : 0 : 6,136,931,500 : 50%
2022-12-16 17:06:32 : 18,100,000 : 0 : 6,173,501,425 : 50%
2022-12-16 18:53:43 : 18,200,000 : 0 : 6,210,333,500 : 51%
2022-12-16 20:39:19 : 18,300,000 : 0 : 6,234,451,300 : 51%
2022-12-16 22:27:18 : 18,400,000 : 0 : 6,270,103,700 : 51%
2022-12-17 00:22:42 : 18,500,000 : 0 : 6,305,887,175 : 51%
2022-12-17 02:30:28 : 18,600,000 : 0 : 6,341,146,350 : 52%
2022-12-17 04:53:22 : 18,700,000 : 0 : 6,377,191,975 : 52%
2022-12-17 07:30:45 : 18,800,000 : 0 : 6,412,189,000 : 52%
2022-12-17 10:30:29 : 18,900,000 : 0 : 6,447,054,950 : 52%
2022-12-17 13:15:44 : 19,000,000 : 0 : 6,482,183,050 : 53%
2022-12-17 15:25:36 : 19,100,000 : 0 : 6,518,228,675 : 53%
2022-12-17 17:21:59 : 19,200,000 : 0 : 6,554,798,600 : 53%
2022-12-17 19:13:51 : 19,300,000 : 0 : 6,590,975,300 : 54%
2022-12-17 21:05:08 : 19,400,000 : 0 : 6,627,020,925 : 54%
2022-12-17 22:55:38 : 19,500,000 : 0 : 6,650,483,350 : 54%
2022-12-18 00:41:52 : 19,600,000 : 0 : 6,685,087,150 : 54%
2022-12-18 02:46:34 : 19,700,000 : 0 : 6,720,084,175 : 55%
2022-12-18 05:05:55 : 19,800,000 : 0 : 6,755,212,275 : 55%
2022-12-18 07:47:54 : 19,900,000 : 0 : 6,790,209,300 : 55%
2022-12-18 10:41:17 : 20,000,000 : 0 : 6,824,288,800 : 56%
2022-12-18 13:19:10 : 20,100,000 : 0 : 6,858,499,375 : 56%
2022-12-18 15:27:20 : 20,200,000 : 0 : 6,893,758,550 : 56%
2022-12-18 17:28:36 : 20,300,000 : 0 : 6,930,066,325 : 56%
2022-12-18 19:24:08 : 20,400,000 : 0 : 6,954,184,125 : 57%
2022-12-18 21:11:09 : 20,500,000 : 0 : 6,989,443,300 : 57%
2022-12-18 23:00:10 : 20,600,000 : 0 : 7,024,702,475 : 57%
2022-12-19 00:54:32 : 20,700,000 : 0 : 7,057,471,225 : 57%
2022-12-19 02:56:39 : 20,800,000 : 0 : 7,091,943,950 : 58%
2022-12-19 05:09:46 : 20,900,000 : 0 : 7,128,120,650 : 58%
2022-12-19 07:43:13 : 21,000,000 : 0 : 7,163,773,050 : 58%
2022-12-19 10:38:45 : 21,100,000 : 0 : 7,199,818,675 : 59%
2022-12-19 13:11:10 : 21,200,000 : 0 : 7,235,077,850 : 59%
2022-12-19 15:10:52 : 21,300,000 : 0 : 7,271,385,625 : 59%
2022-12-19 16:59:35 : 21,400,000 : 0 : 7,307,824,475 : 59%
2022-12-19 18:43:00 : 21,500,000 : 0 : 7,344,787,625 : 60%
2022-12-19 20:25:08 : 21,600,000 : 0 : 7,381,488,625 : 60%
2022-12-19 22:09:42 : 21,700,000 : 0 : 7,417,927,475 : 60%
2022-12-20 00:00:24 : 21,800,000 : 0 : 7,454,235,250 : 61%
2022-12-20 01:58:59 : 21,900,000 : 0 : 7,490,805,175 : 61%
2022-12-20 04:03:39 : 22,000,000 : 0 : 7,527,244,025 : 61%
2022-12-20 06:26:00 : 22,100,000 : 0 : 7,563,682,875 : 62%
2022-12-20 09:13:16 : 22,200,000 : 0 : 7,599,204,200 : 62%
2022-12-20 12:01:19 : 22,300,000 : 0 : 7,634,725,525 : 62%
2022-12-20 14:15:08 : 22,400,000 : 0 : 7,670,902,225 : 62%
2022-12-20 16:07:36 : 22,500,000 : 0 : 7,695,413,250 : 63%
2022-12-20 17:53:22 : 22,600,000 : 0 : 7,732,638,550 : 63%
2022-12-20 19:35:54 : 22,700,000 : 0 : 7,768,946,325 : 63%
2022-12-20 21:20:06 : 22,800,000 : 0 : 7,805,778,400 : 63%
2022-12-20 23:05:20 : 22,900,000 : 0 : 7,841,561,875 : 64%
2022-12-21 00:42:25 : 23,000,000 : 0 : 7,875,641,375 : 64%
2022-12-21 02:31:38 : 23,100,000 : 0 : 7,911,424,850 : 64%
2022-12-21 04:37:13 : 23,200,000 : 0 : 7,946,815,100 : 65%
2022-12-21 07:00:38 : 23,300,000 : 0 : 7,982,205,350 : 65%
2022-12-21 09:46:45 : 23,400,000 : 0 : 8,017,595,600 : 65%
2022-12-21 11:55:07 : 23,500,000 : 0 : 8,037,650,075 : 65%
2022-12-21 13:00:17 : 23,600,000 : 0 : 8,065,306,900 : 66%
2022-12-21 14:05:47 : 23,700,000 : 0 : 8,085,230,300 : 66%
2022-12-21 15:10:22 : 23,800,000 : 0 : 8,104,498,325 : 66%
2022-12-21 16:05:27 : 23,900,000 : 0 : 8,133,728,050 : 66%
2022-12-21 17:22:04 : 24,000,000 : 0 : 8,156,272,950 : 66%
2022-12-21 18:51:10 : 24,100,000 : 0 : 8,191,532,125 : 67%
2022-12-21 20:33:39 : 24,200,000 : 0 : 8,228,364,200 : 67%
2022-12-21 22:09:10 : 24,300,000 : 0 : 8,262,705,850 : 67%
2022-12-21 23:39:47 : 24,400,000 : 0 : 8,285,906,125 : 67%
2022-12-22 01:33:39 : 24,500,000 : 0 : 8,321,427,450 : 68%
2022-12-22 03:36:14 : 24,600,000 : 0 : 8,357,473,075 : 68%
2022-12-22 05:50:43 : 24,700,000 : 0 : 8,392,994,400 : 68%
2022-12-22 08:22:54 : 24,800,000 : 0 : 8,428,646,800 : 69%
2022-12-22 11:09:59 : 24,900,000 : 0 : 8,463,250,600 : 69%
2022-12-22 13:34:14 : 25,000,000 : 0 : 8,498,509,775 : 69%
2022-12-22 15:27:13 : 25,100,000 : 0 : 8,534,424,325 : 69%
2022-12-22 17:10:05 : 25,200,000 : 0 : 8,570,863,175 : 70%
2022-12-22 18:53:48 : 25,300,000 : 0 : 8,607,302,025 : 70%
2022-12-22 20:39:06 : 25,400,000 : 0 : 8,643,347,650 : 70%
2022-12-22 22:24:12 : 25,500,000 : 0 : 8,678,868,975 : 71%
2022-12-23 00:03:39 : 25,600,000 : 0 : 8,701,544,950 : 71%
2022-12-23 02:02:05 : 25,700,000 : 0 : 8,736,804,125 : 71%
2022-12-23 04:09:50 : 25,800,000 : 0 : 8,772,980,825 : 71%
2022-12-23 06:29:03 : 25,900,000 : 0 : 8,808,633,225 : 72%
2022-12-23 09:11:06 : 26,000,000 : 0 : 8,843,761,325 : 72%
2022-12-23 11:51:19 : 26,100,000 : 0 : 8,879,413,725 : 72%
2022-12-23 13:50:04 : 26,200,000 : 0 : 8,912,182,475 : 72%
2022-12-23 15:00:12 : 26,300,000 : 0 : 8,932,368,025 : 73%
2022-12-23 16:04:59 : 26,400,000 : 0 : 8,963,301,725 : 73%
2022-12-23 17:22:03 : 26,500,000 : 0 : 8,985,584,475 : 73%
2022-12-23 18:45:05 : 26,600,000 : 0 : 9,019,663,975 : 73%
2022-12-23 20:33:00 : 26,700,000 : 0 : 9,056,102,825 : 74%
2022-12-23 22:20:53 : 26,800,000 : 0 : 9,092,279,525 : 74%
2022-12-24 00:16:03 : 26,900,000 : 0 : 9,128,063,000 : 74%
2022-12-24 02:21:41 : 27,000,000 : 0 : 9,163,846,475 : 75%
2022-12-24 04:36:52 : 27,100,000 : 0 : 9,199,498,875 : 75%
2022-12-24 07:09:27 : 27,200,000 : 0 : 9,234,102,675 : 75%
2022-12-24 10:06:13 : 27,300,000 : 0 : 9,268,313,250 : 75%
2022-12-24 13:05:07 : 27,400,000 : 0 : 9,302,917,050 : 76%
2022-12-24 15:23:57 : 27,500,000 : 0 : 9,338,569,450 : 76%
2022-12-24 17:28:18 : 27,600,000 : 0 : 9,375,401,525 : 76%
2022-12-24 19:29:41 : 27,700,000 : 0 : 9,411,447,150 : 77%
2022-12-24 21:33:17 : 27,800,000 : 0 : 9,447,099,550 : 77%
2022-12-24 23:43:49 : 27,900,000 : 0 : 9,482,489,800 : 77%
2022-12-25 02:09:59 : 28,000,000 : 0 : 9,518,011,125 : 77%
2022-12-25 04:51:10 : 28,100,000 : 0 : 9,553,139,225 : 78%
2022-12-25 07:47:26 : 28,200,000 : 0 : 9,587,218,725 : 78%
2022-12-25 11:00:45 : 28,300,000 : 0 : 9,620,773,925 : 78%
2022-12-25 13:54:00 : 28,400,000 : 0 : 9,654,722,350 : 79%
2022-12-25 16:14:44 : 28,500,000 : 0 : 9,690,767,975 : 79%
2022-12-25 18:21:47 : 28,600,000 : 0 : 9,727,075,750 : 79%
2022-12-25 20:26:07 : 28,700,000 : 0 : 9,763,252,450 : 79%
2022-12-25 22:31:27 : 28,800,000 : 0 : 9,787,108,100 : 80%
2022-12-26 00:41:14 : 28,900,000 : 0 : 9,822,629,425 : 80%
2022-12-26 02:56:22 : 29,000,000 : 0 : 9,858,019,675 : 80%
2022-12-26 05:22:28 : 29,100,000 : 0 : 9,893,803,150 : 80%
2022-12-26 08:05:44 : 29,200,000 : 0 : 9,929,062,325 : 81%
2022-12-26 11:01:32 : 29,300,000 : 0 : 9,964,059,350 : 81%
2022-12-26 13:39:47 : 29,400,000 : 0 : 9,998,794,225 : 81%
2022-12-26 15:43:53 : 29,500,000 : 0 : 10,034,315,550 : 82%
2022-12-26 17:38:01 : 29,600,000 : 0 : 10,070,623,325 : 82%
2022-12-26 19:27:05 : 29,700,000 : 0 : 10,107,324,325 : 82%
2022-12-26 21:16:29 : 29,800,000 : 0 : 10,143,369,950 : 83%
2022-12-26 23:03:27 : 29,900,000 : 0 : 10,178,760,200 : 83%
2022-12-27 00:56:12 : 30,000,000 : 0 : 10,214,674,750 : 83%
2022-12-27 02:55:55 : 30,100,000 : 0 : 10,250,327,150 : 83%
2022-12-27 05:05:33 : 30,200,000 : 0 : 10,286,372,775 : 84%
2022-12-27 07:28:12 : 30,300,000 : 0 : 10,321,500,875 : 84%
2022-12-27 10:18:08 : 30,400,000 : 0 : 10,356,760,050 : 84%
2022-12-27 12:55:35 : 30,500,000 : 0 : 10,392,281,375 : 85%
2022-12-27 15:00:10 : 30,600,000 : 0 : 10,428,064,850 : 85%
2022-12-27 16:48:42 : 30,700,000 : 0 : 10,464,765,850 : 85%
2022-12-27 18:30:45 : 30,800,000 : 0 : 10,501,466,850 : 85%
2022-12-27 20:12:25 : 30,900,000 : 0 : 10,525,584,650 : 86%
2022-12-27 21:53:57 : 31,000,000 : 0 : 10,562,154,575 : 86%
2022-12-27 23:31:52 : 31,100,000 : 0 : 10,598,593,425 : 86%
2022-12-28 01:20:44 : 31,200,000 : 0 : 10,634,114,750 : 86%
2022-12-28 03:17:15 : 31,300,000 : 0 : 10,669,636,075 : 87%
2022-12-28 05:23:04 : 31,400,000 : 0 : 10,705,681,700 : 87%
2022-12-28 07:48:58 : 31,500,000 : 0 : 10,741,203,025 : 87%
2022-12-28 10:32:20 : 31,600,000 : 0 : 10,776,593,275 : 88%
2022-12-28 13:00:54 : 31,700,000 : 0 : 10,811,852,450 : 88%
2022-12-28 15:00:18 : 31,800,000 : 0 : 10,847,504,850 : 88%
2022-12-28 16:44:30 : 31,900,000 : 0 : 10,883,943,700 : 89%
2022-12-28 18:24:23 : 32,000,000 : 0 : 10,920,644,700 : 89%
2022-12-28 20:04:13 : 32,100,000 : 0 : 10,957,476,775 : 89%
2022-12-28 21:44:47 : 32,200,000 : 0 : 10,994,046,700 : 89%
2022-12-28 23:26:39 : 32,300,000 : 0 : 11,030,092,325 : 90%
2022-12-29 01:12:47 : 32,400,000 : 0 : 11,066,400,100 : 90%
2022-12-29 03:06:49 : 32,500,000 : 0 : 11,090,386,825 : 90%
2022-12-29 05:09:07 : 32,600,000 : 0 : 11,126,825,675 : 91%
2022-12-29 07:29:18 : 32,700,000 : 0 : 11,162,609,150 : 91%
2022-12-29 10:12:06 : 32,800,000 : 0 : 11,197,999,400 : 91%
2022-12-29 12:44:07 : 32,900,000 : 0 : 11,233,520,725 : 91%
2022-12-29 14:46:07 : 33,000,000 : 0 : 11,269,566,350 : 92%
2022-12-29 16:32:24 : 33,100,000 : 0 : 11,306,267,350 : 92%
2022-12-29 18:12:26 : 33,200,000 : 0 : 11,342,968,350 : 92%
2022-12-29 19:51:10 : 33,300,000 : 0 : 11,379,931,500 : 93%
2022-12-29 21:29:23 : 33,400,000 : 0 : 11,417,418,950 : 93%
2022-12-29 23:06:44 : 33,500,000 : 0 : 11,453,988,875 : 93%
2022-12-30 00:54:37 : 33,600,000 : 0 : 11,490,820,950 : 93%
2022-12-30 02:49:19 : 33,700,000 : 0 : 11,527,390,875 : 94%
2022-12-30 04:50:54 : 33,800,000 : 0 : 11,563,174,350 : 94%
2022-12-30 07:04:31 : 33,900,000 : 0 : 11,598,957,825 : 94%
2022-12-30 09:44:28 : 34,000,000 : 0 : 11,634,610,225 : 95%
2022-12-30 12:18:00 : 34,100,000 : 0 : 11,669,345,100 : 95%
2022-12-30 14:20:38 : 34,200,000 : 0 : 11,705,128,575 : 95%
2022-12-30 16:08:46 : 34,300,000 : 0 : 11,741,436,350 : 96%
2022-12-30 17:48:06 : 34,400,000 : 0 : 11,778,661,650 : 96%
2022-12-30 19:25:49 : 34,500,000 : 0 : 11,815,624,800 : 96%
2022-12-30 21:08:10 : 34,600,000 : 0 : 11,852,456,875 : 96%
2022-12-30 22:52:34 : 34,700,000 : 0 : 11,888,895,725 : 97%
2022-12-31 00:40:23 : 34,800,000 : 0 : 11,913,144,600 : 97%
2022-12-31 02:35:27 : 34,900,000 : 0 : 11,949,190,225 : 97%
2022-12-31 04:40:24 : 35,000,000 : 0 : 11,985,235,850 : 97%
2022-12-31 06:59:45 : 35,100,000 : 0 : 12,021,019,325 : 98%
2022-12-31 09:46:27 : 35,200,000 : 0 : 12,056,147,425 : 98%
2022-12-31 12:32:19 : 35,300,000 : 0 : 12,091,668,750 : 98%
2022-12-31 14:47:53 : 35,400,000 : 0 : 12,127,714,375 : 99%
2022-12-31 16:44:46 : 35,500,000 : 0 : 12,164,546,450 : 99%
2022-12-31 18:36:22 : 35,600,000 : 0 : 12,201,640,675 : 99%
2022-12-31 20:33:30 : 35,700,000 : 0 : 12,238,997,050 : 100%
2022-12-31 22:34:42 : 35,800,000 : 0 : 12,276,222,350 : 100%
2022-10-01 00:18:01 : 100,000 : 0 : 21,889,525 : 0%
2022-10-01 00:35:48 : 200,000 : 0 : 32,375,525 : 0%
2022-10-01 00:53:51 : 300,000 : 0 : 42,599,375 : 0%
2022-10-01 01:12:01 : 400,000 : 0 : 52,823,225 : 0%
2022-10-01 01:30:32 : 500,000 : 0 : 62,916,000 : 0%
2022-10-01 01:49:11 : 600,000 : 0 : 73,008,775 : 0%
2022-10-01 02:07:43 : 700,000 : 0 : 82,970,475 : 0%
2022-10-01 02:26:36 : 800,000 : 0 : 92,932,175 : 0%
2022-10-01 02:46:07 : 900,000 : 0 : 103,024,950 : 0%
2022-10-01 03:06:03 : 1,000,000 : 0 : 112,986,650 : 0%
2022-10-01 03:26:50 : 1,100,000 : 0 : 123,079,425 : 0%
2022-10-01 03:48:11 : 1,200,000 : 0 : 133,041,125 : 1%
2022-10-01 04:10:09 : 1,300,000 : 0 : 143,002,825 : 1%
2022-10-01 04:32:58 : 1,400,000 : 0 : 152,833,450 : 1%
2022-10-01 04:56:56 : 1,500,000 : 0 : 162,795,150 : 1%
2022-10-01 05:22:28 : 1,600,000 : 0 : 172,625,775 : 1%
2022-10-01 05:49:27 : 1,700,000 : 0 : 182,587,475 : 1%
2022-10-01 06:17:18 : 1,800,000 : 0 : 192,549,175 : 1%
2022-10-01 06:46:22 : 1,900,000 : 0 : 202,641,950 : 1%
2022-10-01 07:16:27 : 2,000,000 : 0 : 212,603,650 : 1%
2022-10-01 07:47:17 : 2,100,000 : 0 : 222,696,425 : 1%
2022-10-01 08:18:52 : 2,200,000 : 0 : 232,789,200 : 1%
2022-10-01 08:50:41 : 2,300,000 : 0 : 252,974,750 : 1%
2022-10-01 09:23:18 : 2,400,000 : 0 : 262,936,450 : 1%
2022-10-01 09:55:44 : 2,500,000 : 0 : 272,767,075 : 1%
2022-10-01 10:26:32 : 2,600,000 : 0 : 282,859,850 : 1%
2022-10-01 10:56:37 : 2,700,000 : 0 : 292,952,625 : 1%
2022-10-01 11:24:49 : 2,800,000 : 0 : 303,045,400 : 1%
2022-10-01 11:50:57 : 2,900,000 : 0 : 313,007,100 : 1%
2022-10-01 12:14:17 : 3,000,000 : 0 : 323,099,875 : 1%
2022-10-01 12:36:01 : 3,100,000 : 0 : 333,192,650 : 1%
2022-10-01 12:56:04 : 3,200,000 : 0 : 343,154,350 : 1%
2022-10-01 13:15:28 : 3,300,000 : 0 : 353,116,050 : 1%
2022-10-01 13:33:52 : 3,400,000 : 0 : 363,339,900 : 1%
2022-10-01 13:51:45 : 3,500,000 : 0 : 373,563,750 : 1%
2022-10-01 14:08:45 : 3,600,000 : 0 : 383,525,450 : 1%
2022-10-01 14:25:04 : 3,700,000 : 0 : 393,749,300 : 2%
2022-10-01 14:41:23 : 3,800,000 : 0 : 403,842,075 : 2%
2022-10-01 14:57:43 : 3,900,000 : 0 : 414,197,000 : 2%
2022-10-01 15:13:48 : 4,000,000 : 0 : 424,420,850 : 2%
2022-10-01 15:29:43 : 4,100,000 : 0 : 434,644,700 : 2%
2022-10-01 15:45:31 : 4,200,000 : 0 : 444,868,550 : 2%
2022-10-01 16:01:10 : 4,300,000 : 0 : 455,092,400 : 2%
2022-10-01 16:16:47 : 4,400,000 : 0 : 465,447,325 : 2%
2022-10-01 16:32:20 : 4,500,000 : 0 : 475,671,175 : 2%
2022-10-01 16:47:36 : 4,600,000 : 0 : 485,763,950 : 2%
2022-10-01 17:02:49 : 4,700,000 : 0 : 506,080,575 : 2%
2022-10-01 17:18:05 : 4,800,000 : 0 : 516,304,425 : 2%
2022-10-01 17:33:13 : 4,900,000 : 0 : 526,397,200 : 2%
2022-10-01 17:48:18 : 5,000,000 : 0 : 536,489,975 : 2%
2022-10-01 18:03:17 : 5,100,000 : 0 : 546,582,750 : 2%
2022-10-01 18:18:46 : 5,200,000 : 0 : 556,806,600 : 2%
2022-10-01 18:34:33 : 5,300,000 : 0 : 566,899,375 : 2%
2022-10-01 18:50:18 : 5,400,000 : 0 : 577,123,225 : 2%
2022-10-01 19:06:09 : 5,500,000 : 0 : 587,216,000 : 2%
2022-10-01 19:21:58 : 5,600,000 : 0 : 597,308,775 : 2%
2022-10-01 19:38:04 : 5,700,000 : 0 : 607,401,550 : 2%
2022-10-01 19:54:20 : 5,800,000 : 0 : 617,625,400 : 2%
2022-10-01 20:10:28 : 5,900,000 : 0 : 627,718,175 : 2%
2022-10-01 20:26:20 : 6,000,000 : 0 : 637,679,875 : 2%
2022-10-01 20:42:03 : 6,100,000 : 0 : 647,772,650 : 3%
2022-10-01 20:57:41 : 6,200,000 : 0 : 657,734,350 : 3%
2022-10-01 21:13:41 : 6,300,000 : 0 : 667,827,125 : 3%
2022-10-01 21:29:59 : 6,400,000 : 0 : 677,788,825 : 3%
2022-10-01 21:46:19 : 6,500,000 : 0 : 687,881,600 : 3%
2022-10-01 22:02:43 : 6,600,000 : 0 : 697,843,300 : 3%
2022-10-01 22:19:30 : 6,700,000 : 0 : 707,805,000 : 3%
2022-10-01 22:36:20 : 6,800,000 : 0 : 717,766,700 : 3%
2022-10-01 22:53:19 : 6,900,000 : 0 : 727,597,325 : 3%
2022-10-01 23:10:13 : 7,000,000 : 0 : 737,559,025 : 3%
2022-10-01 23:27:34 : 7,100,000 : 0 : 747,520,725 : 3%
2022-10-01 23:44:56 : 7,200,000 : 0 : 767,313,050 : 3%
2022-10-02 00:02:17 : 7,300,000 : 0 : 777,274,750 : 3%
2022-10-02 00:19:57 : 7,400,000 : 0 : 787,105,375 : 3%
2022-10-02 00:37:40 : 7,500,000 : 0 : 796,804,925 : 3%
2022-10-02 00:55:22 : 7,600,000 : 0 : 806,504,475 : 3%
2022-10-02 01:13:19 : 7,700,000 : 0 : 816,204,025 : 3%
2022-10-02 01:31:27 : 7,800,000 : 0 : 826,034,650 : 3%
2022-10-02 01:49:41 : 7,900,000 : 0 : 835,734,200 : 3%
2022-10-02 02:07:50 : 8,000,000 : 0 : 845,433,750 : 3%
2022-10-02 02:26:07 : 8,100,000 : 0 : 855,133,300 : 3%
2022-10-02 02:44:39 : 8,200,000 : 0 : 864,832,850 : 3%
2022-10-02 03:04:00 : 8,300,000 : 0 : 874,663,475 : 3%
2022-10-02 03:24:02 : 8,400,000 : 0 : 884,625,175 : 3%
2022-10-02 03:44:43 : 8,500,000 : 0 : 894,455,800 : 3%
2022-10-02 04:06:28 : 8,600,000 : 0 : 904,417,500 : 4%
2022-10-02 04:29:22 : 8,700,000 : 0 : 914,379,200 : 4%
2022-10-02 04:53:08 : 8,800,000 : 0 : 924,209,825 : 4%
2022-10-02 05:18:18 : 8,900,000 : 0 : 934,171,525 : 4%
2022-10-02 05:44:03 : 9,000,000 : 0 : 944,133,225 : 4%
2022-10-02 06:11:05 : 9,100,000 : 0 : 953,963,850 : 4%
2022-10-02 06:39:03 : 9,200,000 : 0 : 963,925,550 : 4%
2022-10-02 07:07:21 : 9,300,000 : 0 : 973,756,175 : 4%
2022-10-02 07:36:44 : 9,400,000 : 0 : 983,848,950 : 4%
2022-10-02 08:06:57 : 9,500,000 : 0 : 993,679,575 : 4%
2022-10-02 08:36:52 : 9,600,000 : 0 : 1,003,772,350 : 4%
2022-10-02 09:07:09 : 9,700,000 : 0 : 1,013,602,975 : 4%
2022-10-02 09:37:07 : 9,800,000 : 0 : 1,023,433,600 : 4%
2022-10-02 10:05:19 : 9,900,000 : 0 : 1,033,002,075 : 4%
2022-10-02 10:34:07 : 10,000,000 : 0 : 1,042,570,550 : 4%
2022-10-02 11:02:51 : 10,100,000 : 0 : 1,052,532,250 : 4%
2022-10-02 11:30:09 : 10,200,000 : 0 : 1,072,455,650 : 4%
2022-10-02 11:55:13 : 10,300,000 : 0 : 1,082,548,425 : 4%
2022-10-02 12:18:11 : 10,400,000 : 0 : 1,092,510,125 : 4%
2022-10-02 12:39:32 : 10,500,000 : 0 : 1,102,602,900 : 4%
2022-10-02 12:59:40 : 10,600,000 : 0 : 1,112,564,600 : 4%
2022-10-02 13:18:48 : 10,700,000 : 0 : 1,122,526,300 : 4%
2022-10-02 13:36:40 : 10,800,000 : 0 : 1,132,225,850 : 4%
2022-10-02 13:53:17 : 10,900,000 : 0 : 1,142,187,550 : 4%
2022-10-02 14:09:29 : 11,000,000 : 0 : 1,152,149,250 : 5%
2022-10-02 14:25:19 : 11,100,000 : 0 : 1,161,979,875 : 5%
2022-10-02 14:40:35 : 11,200,000 : 0 : 1,171,941,575 : 5%
2022-10-02 14:55:27 : 11,300,000 : 0 : 1,181,903,275 : 5%
2022-10-02 15:10:16 : 11,400,000 : 0 : 1,191,996,050 : 5%
2022-10-02 15:24:50 : 11,500,000 : 0 : 1,202,219,900 : 5%
2022-10-02 15:39:32 : 11,600,000 : 0 : 1,212,443,750 : 5%
2022-10-02 15:54:05 : 11,700,000 : 0 : 1,222,667,600 : 5%
2022-10-02 16:08:31 : 11,800,000 : 0 : 1,232,760,375 : 5%
2022-10-02 16:22:30 : 11,900,000 : 0 : 1,242,722,075 : 5%
2022-10-02 16:36:40 : 12,000,000 : 0 : 1,252,814,850 : 5%
2022-10-02 16:50:45 : 12,100,000 : 0 : 1,263,038,700 : 5%
2022-10-02 17:05:05 : 12,200,000 : 0 : 1,273,262,550 : 5%
2022-10-02 17:19:01 : 12,300,000 : 0 : 1,283,224,250 : 5%
2022-10-02 17:32:16 : 12,400,000 : 0 : 1,293,185,950 : 5%
2022-10-02 17:45:22 : 12,500,000 : 0 : 1,303,016,575 : 5%
2022-10-02 17:58:26 : 12,600,000 : 0 : 1,312,847,200 : 5%
2022-10-02 18:11:30 : 12,700,000 : 0 : 1,322,677,825 : 5%
2022-10-02 18:24:49 : 12,800,000 : 0 : 1,342,732,300 : 5%
2022-10-02 18:38:26 : 12,900,000 : 0 : 1,352,694,000 : 5%
2022-10-02 18:52:06 : 13,000,000 : 0 : 1,362,524,625 : 5%
2022-10-02 19:05:22 : 13,100,000 : 0 : 1,372,224,175 : 5%
2022-10-02 19:18:38 : 13,200,000 : 0 : 1,382,054,800 : 5%
2022-10-02 19:31:35 : 13,300,000 : 0 : 1,391,754,350 : 5%
2022-10-02 19:44:48 : 13,400,000 : 0 : 1,401,453,900 : 5%
2022-10-02 19:57:52 : 13,500,000 : 0 : 1,411,153,450 : 6%
2022-10-02 20:11:00 : 13,600,000 : 0 : 1,420,984,075 : 6%
2022-10-02 20:24:24 : 13,700,000 : 0 : 1,431,076,850 : 6%
2022-10-02 20:38:18 : 13,800,000 : 0 : 1,441,038,550 : 6%
2022-10-02 20:52:17 : 13,900,000 : 0 : 1,451,000,250 : 6%
2022-10-02 21:06:11 : 14,000,000 : 0 : 1,460,961,950 : 6%
2022-10-02 21:20:30 : 14,100,000 : 0 : 1,470,923,650 : 6%
2022-10-02 21:34:39 : 14,200,000 : 0 : 1,480,885,350 : 6%
2022-10-02 21:48:58 : 14,300,000 : 0 : 1,490,847,050 : 6%
2022-10-02 22:03:52 : 14,400,000 : 0 : 1,500,808,750 : 6%
2022-10-02 22:19:23 : 14,500,000 : 0 : 1,510,770,450 : 6%
2022-10-02 22:34:49 : 14,600,000 : 0 : 1,520,732,150 : 6%
2022-10-02 22:49:59 : 14,700,000 : 0 : 1,530,431,700 : 6%
2022-10-02 23:05:19 : 14,800,000 : 0 : 1,540,262,325 : 6%
2022-10-02 23:21:05 : 14,900,000 : 0 : 1,550,092,950 : 6%
2022-10-02 23:36:57 : 15,000,000 : 0 : 1,559,923,575 : 6%
2022-10-02 23:53:02 : 15,100,000 : 0 : 1,569,885,275 : 6%
2022-10-03 00:09:49 : 15,200,000 : 0 : 1,579,846,975 : 6%
2022-10-03 00:26:36 : 15,300,000 : 0 : 1,589,808,675 : 6%
2022-10-03 00:43:17 : 15,400,000 : 0 : 1,599,639,300 : 6%
2022-10-03 00:59:51 : 15,500,000 : 0 : 1,609,601,000 : 6%
2022-10-03 01:16:35 : 15,600,000 : 0 : 1,629,262,250 : 6%
2022-10-03 01:33:38 : 15,700,000 : 0 : 1,639,223,950 : 6%
2022-10-03 01:50:39 : 15,800,000 : 0 : 1,649,054,575 : 6%
2022-10-03 02:07:49 : 15,900,000 : 0 : 1,659,016,275 : 6%
2022-10-03 02:24:56 : 16,000,000 : 0 : 1,668,977,975 : 7%
2022-10-03 02:42:04 : 16,100,000 : 0 : 1,678,939,675 : 7%
2022-10-03 02:59:58 : 16,200,000 : 0 : 1,688,901,375 : 7%
2022-10-03 03:18:29 : 16,300,000 : 0 : 1,698,863,075 : 7%
2022-10-03 03:38:00 : 16,400,000 : 0 : 1,708,955,850 : 7%
2022-10-03 03:58:25 : 16,500,000 : 0 : 1,719,048,625 : 7%
2022-10-03 04:20:16 : 16,600,000 : 0 : 1,729,141,400 : 7%
2022-10-03 04:43:33 : 16,700,000 : 0 : 1,739,365,250 : 7%
2022-10-03 05:07:51 : 16,800,000 : 0 : 1,749,589,100 : 7%
2022-10-03 05:33:41 : 16,900,000 : 0 : 1,759,812,950 : 7%
2022-10-03 06:01:03 : 17,000,000 : 0 : 1,770,036,800 : 7%
2022-10-03 06:29:45 : 17,100,000 : 0 : 1,780,391,725 : 7%
2022-10-03 06:59:29 : 17,200,000 : 0 : 1,790,615,575 : 7%
2022-10-03 07:31:17 : 17,300,000 : 0 : 1,800,970,500 : 7%
2022-10-03 08:03:57 : 17,400,000 : 0 : 1,811,325,425 : 7%
2022-10-03 08:37:32 : 17,500,000 : 0 : 1,821,549,275 : 7%
Decoding error with 134,217,728 bytes, reading another chunk
2022-10-03 09:10:57 : 17,600,000 : 0 : 1,842,390,200 : 7%
2022-10-03 09:43:56 : 17,700,000 : 0 : 1,842,390,200 : 7%
2022-10-03 10:15:21 : 17,800,000 : 0 : 1,852,614,050 : 7%
2022-10-03 10:44:21 : 17,900,000 : 0 : 1,862,968,975 : 7%
2022-10-03 11:10:50 : 18,000,000 : 0 : 1,873,192,825 : 7%
2022-10-03 11:34:56 : 18,100,000 : 0 : 1,883,547,750 : 7%
2022-10-03 11:57:09 : 18,200,000 : 0 : 1,904,257,600 : 7%
2022-10-03 12:18:34 : 18,300,000 : 0 : 1,914,612,525 : 7%
2022-10-03 12:38:44 : 18,400,000 : 0 : 1,925,098,525 : 8%
2022-10-03 12:57:42 : 18,500,000 : 0 : 1,935,584,525 : 8%
2022-10-03 13:15:53 : 18,600,000 : 0 : 1,946,070,525 : 8%
2022-10-03 13:33:11 : 18,700,000 : 0 : 1,956,687,600 : 8%
2022-10-03 13:49:51 : 18,800,000 : 0 : 1,967,304,675 : 8%
2022-10-03 14:06:08 : 18,900,000 : 0 : 1,978,052,825 : 8%
2022-10-03 14:22:02 : 19,000,000 : 0 : 1,988,669,900 : 8%
2022-10-03 14:37:35 : 19,100,000 : 0 : 1,999,286,975 : 8%
2022-10-03 14:52:36 : 19,200,000 : 0 : 2,010,035,125 : 8%
2022-10-03 15:07:41 : 19,300,000 : 0 : 2,020,652,200 : 8%
2022-10-03 15:22:26 : 19,400,000 : 0 : 2,031,400,350 : 8%
2022-10-03 15:37:06 : 19,500,000 : 0 : 2,042,017,425 : 8%
2022-10-03 15:51:40 : 19,600,000 : 0 : 2,052,765,575 : 8%
2022-10-03 16:05:58 : 19,700,000 : 0 : 2,063,382,650 : 8%
2022-10-03 16:20:18 : 19,800,000 : 0 : 2,074,130,800 : 8%
2022-10-03 16:34:20 : 19,900,000 : 0 : 2,084,747,875 : 8%
2022-10-03 16:48:25 : 20,000,000 : 0 : 2,095,496,025 : 8%
2022-10-03 17:02:24 : 20,100,000 : 0 : 2,106,113,100 : 8%
2022-10-03 17:16:37 : 20,200,000 : 0 : 2,116,730,175 : 8%
2022-10-03 17:30:32 : 20,300,000 : 0 : 2,127,347,250 : 8%
2022-10-03 17:44:27 : 20,400,000 : 0 : 2,148,712,475 : 8%
2022-10-03 17:58:18 : 20,500,000 : 0 : 2,159,198,475 : 8%
2022-10-03 18:12:09 : 20,600,000 : 0 : 2,169,815,550 : 8%
2022-10-03 18:25:55 : 20,700,000 : 0 : 2,180,432,625 : 9%
2022-10-03 18:39:51 : 20,800,000 : 0 : 2,191,049,700 : 9%
2022-10-03 18:53:30 : 20,900,000 : 0 : 2,201,666,775 : 9%
2022-10-03 19:07:20 : 21,000,000 : 0 : 2,212,283,850 : 9%
2022-10-03 19:21:16 : 21,100,000 : 0 : 2,222,900,925 : 9%
2022-10-03 19:35:05 : 21,200,000 : 0 : 2,233,518,000 : 9%
2022-10-03 19:48:55 : 21,300,000 : 0 : 2,244,135,075 : 9%
2022-10-03 20:02:47 : 21,400,000 : 0 : 2,254,752,150 : 9%
2022-10-03 20:16:46 : 21,500,000 : 0 : 2,265,238,150 : 9%
2022-10-03 20:30:49 : 21,600,000 : 0 : 2,275,855,225 : 9%
2022-10-03 20:44:54 : 21,700,000 : 0 : 2,286,472,300 : 9%
2022-10-03 20:59:09 : 21,800,000 : 0 : 2,297,089,375 : 9%
2022-10-03 21:13:51 : 21,900,000 : 0 : 2,307,706,450 : 9%
2022-10-03 21:28:36 : 22,000,000 : 0 : 2,318,323,525 : 9%
2022-10-03 21:43:42 : 22,100,000 : 0 : 2,328,940,600 : 9%
2022-10-03 21:59:11 : 22,200,000 : 0 : 2,339,426,600 : 9%
2022-10-03 22:14:57 : 22,300,000 : 0 : 2,350,043,675 : 9%
2022-10-03 22:31:03 : 22,400,000 : 0 : 2,360,529,675 : 9%
2022-10-03 22:47:26 : 22,500,000 : 0 : 2,371,015,675 : 9%
2022-10-03 23:04:05 : 22,600,000 : 0 : 2,391,987,675 : 9%
2022-10-03 23:21:03 : 22,700,000 : 0 : 2,402,342,600 : 9%
2022-10-03 23:38:02 : 22,800,000 : 0 : 2,412,697,525 : 9%
2022-10-03 23:55:16 : 22,900,000 : 0 : 2,422,921,375 : 9%
2022-10-04 00:12:19 : 23,000,000 : 0 : 2,433,145,225 : 10%
2022-10-04 00:29:28 : 23,100,000 : 0 : 2,443,238,000 : 10%
2022-10-04 00:46:12 : 23,200,000 : 0 : 2,453,461,850 : 10%
2022-10-04 01:02:35 : 23,300,000 : 0 : 2,463,423,550 : 10%
2022-10-04 01:18:59 : 23,400,000 : 0 : 2,473,385,250 : 10%
2022-10-04 01:35:13 : 23,500,000 : 0 : 2,483,478,025 : 10%
2022-10-04 01:51:35 : 23,600,000 : 0 : 2,493,570,800 : 10%
2022-10-04 02:08:08 : 23,700,000 : 0 : 2,503,532,500 : 10%
2022-10-04 02:24:57 : 23,800,000 : 0 : 2,513,625,275 : 10%
2022-10-04 02:41:48 : 23,900,000 : 0 : 2,523,586,975 : 10%
2022-10-04 02:59:24 : 24,000,000 : 0 : 2,533,679,750 : 10%
2022-10-04 03:17:39 : 24,100,000 : 0 : 2,543,772,525 : 10%
2022-10-04 03:36:49 : 24,200,000 : 0 : 2,554,127,450 : 10%
2022-10-04 03:57:17 : 24,300,000 : 0 : 2,564,351,300 : 10%
2022-10-04 04:18:50 : 24,400,000 : 0 : 2,574,575,150 : 10%
2022-10-04 04:41:21 : 24,500,000 : 0 : 2,584,799,000 : 10%
2022-10-04 05:04:50 : 24,600,000 : 0 : 2,595,022,850 : 10%
2022-10-04 05:29:53 : 24,700,000 : 0 : 2,605,377,775 : 10%
2022-10-04 05:56:26 : 24,800,000 : 0 : 2,615,601,625 : 10%
2022-10-04 06:24:38 : 24,900,000 : 0 : 2,626,087,625 : 10%
2022-10-04 06:53:43 : 25,000,000 : 0 : 2,636,442,550 : 10%
2022-10-04 07:24:22 : 25,100,000 : 0 : 2,657,283,475 : 10%
2022-10-04 07:56:40 : 25,200,000 : 0 : 2,667,638,400 : 10%
2022-10-04 08:29:53 : 25,300,000 : 0 : 2,678,124,400 : 10%
2022-10-04 09:02:46 : 25,400,000 : 0 : 2,688,348,250 : 11%
2022-10-04 09:35:01 : 25,500,000 : 0 : 2,698,703,175 : 11%
2022-10-04 10:05:17 : 25,600,000 : 0 : 2,709,058,100 : 11%
2022-10-04 10:34:15 : 25,700,000 : 0 : 2,719,544,100 : 11%
2022-10-04 11:00:35 : 25,800,000 : 0 : 2,729,899,025 : 11%
2022-10-04 11:25:00 : 25,900,000 : 0 : 2,740,253,950 : 11%
2022-10-04 11:47:24 : 26,000,000 : 0 : 2,750,871,025 : 11%
2022-10-04 12:08:40 : 26,100,000 : 0 : 2,761,357,025 : 11%
2022-10-04 12:28:36 : 26,200,000 : 0 : 2,771,843,025 : 11%
2022-10-04 12:47:31 : 26,300,000 : 0 : 2,782,460,100 : 11%
2022-10-04 13:05:37 : 26,400,000 : 0 : 2,793,077,175 : 11%
2022-10-04 13:22:51 : 26,500,000 : 0 : 2,803,694,250 : 11%
2022-10-04 13:39:38 : 26,600,000 : 0 : 2,814,311,325 : 11%
2022-10-04 13:55:40 : 26,700,000 : 0 : 2,824,928,400 : 11%
2022-10-04 14:11:29 : 26,800,000 : 0 : 2,835,676,550 : 11%
2022-10-04 14:26:40 : 26,900,000 : 0 : 2,846,424,700 : 11%
2022-10-04 14:41:35 : 27,000,000 : 0 : 2,857,172,850 : 11%
2022-10-04 14:56:09 : 27,100,000 : 0 : 2,867,789,925 : 11%
2022-10-04 15:10:42 : 27,200,000 : 0 : 2,878,407,000 : 11%
2022-10-04 15:25:03 : 27,300,000 : 0 : 2,889,155,150 : 11%
2022-10-04 15:39:01 : 27,400,000 : 0 : 2,899,772,225 : 11%
2022-10-04 15:52:54 : 27,500,000 : 0 : 2,921,268,525 : 11%
2022-10-04 16:06:58 : 27,600,000 : 0 : 2,932,016,675 : 11%
2022-10-04 16:20:54 : 27,700,000 : 0 : 2,942,633,750 : 12%
2022-10-04 16:34:40 : 27,800,000 : 0 : 2,953,250,825 : 12%
2022-10-04 16:48:24 : 27,900,000 : 0 : 2,963,998,975 : 12%
2022-10-04 17:02:09 : 28,000,000 : 0 : 2,974,616,050 : 12%
2022-10-04 17:16:10 : 28,100,000 : 0 : 2,985,364,200 : 12%
2022-10-04 17:29:58 : 28,200,000 : 0 : 2,996,112,350 : 12%
2022-10-04 17:43:39 : 28,300,000 : 0 : 3,006,729,425 : 12%
2022-10-04 17:57:24 : 28,400,000 : 0 : 3,017,477,575 : 12%
2022-10-04 18:11:13 : 28,500,000 : 0 : 3,028,094,650 : 12%
2022-10-04 18:25:05 : 28,600,000 : 0 : 3,038,711,725 : 12%
2022-10-04 18:38:48 : 28,700,000 : 0 : 3,049,328,800 : 12%
2022-10-04 18:52:34 : 28,800,000 : 0 : 3,059,945,875 : 12%
2022-10-04 19:05:59 : 28,900,000 : 0 : 3,070,562,950 : 12%
2022-10-04 19:19:27 : 29,000,000 : 0 : 3,081,048,950 : 12%
2022-10-04 19:32:50 : 29,100,000 : 0 : 3,091,534,950 : 12%
2022-10-04 19:46:16 : 29,200,000 : 0 : 3,102,020,950 : 12%
2022-10-04 19:59:33 : 29,300,000 : 0 : 3,112,506,950 : 12%
2022-10-04 20:13:08 : 29,400,000 : 0 : 3,122,992,950 : 12%
2022-10-04 20:26:34 : 29,500,000 : 0 : 3,133,478,950 : 12%
2022-10-04 20:39:57 : 29,600,000 : 0 : 3,143,833,875 : 12%
2022-10-04 20:53:23 : 29,700,000 : 0 : 3,154,319,875 : 12%
2022-10-04 21:06:54 : 29,800,000 : 0 : 3,175,291,875 : 12%
2022-10-04 21:21:04 : 29,900,000 : 0 : 3,185,777,875 : 12%
2022-10-04 21:35:30 : 30,000,000 : 0 : 3,196,263,875 : 13%
2022-10-04 21:50:03 : 30,100,000 : 0 : 3,206,749,875 : 13%
2022-10-04 22:04:59 : 30,200,000 : 0 : 3,217,235,875 : 13%
2022-10-04 22:20:28 : 30,300,000 : 0 : 3,227,590,800 : 13%
2022-10-04 22:36:29 : 30,400,000 : 0 : 3,238,207,875 : 13%
2022-10-04 22:52:51 : 30,500,000 : 0 : 3,248,562,800 : 13%
2022-10-04 23:09:17 : 30,600,000 : 0 : 3,258,917,725 : 13%
2022-10-04 23:25:47 : 30,700,000 : 0 : 3,269,272,650 : 13%
2022-10-04 23:42:32 : 30,800,000 : 0 : 3,279,627,575 : 13%
2022-10-04 23:59:42 : 30,900,000 : 0 : 3,289,982,500 : 13%
2022-10-05 00:16:54 : 31,000,000 : 0 : 3,300,337,425 : 13%
2022-10-05 00:33:41 : 31,100,000 : 0 : 3,310,561,275 : 13%
2022-10-05 00:50:21 : 31,200,000 : 0 : 3,320,916,200 : 13%
2022-10-05 01:07:08 : 31,300,000 : 0 : 3,331,140,050 : 13%
2022-10-05 01:24:09 : 31,400,000 : 0 : 3,341,363,900 : 13%
2022-10-05 01:41:18 : 31,500,000 : 0 : 3,351,456,675 : 13%
2022-10-05 01:58:23 : 31,600,000 : 0 : 3,361,680,525 : 13%
2022-10-05 02:15:49 : 31,700,000 : 0 : 3,371,904,375 : 13%
2022-10-05 02:33:37 : 31,800,000 : 0 : 3,382,128,225 : 13%
2022-10-05 02:51:43 : 31,900,000 : 0 : 3,392,483,150 : 13%
2022-10-05 03:10:40 : 32,000,000 : 0 : 3,402,707,000 : 13%
2022-10-05 03:30:05 : 32,100,000 : 0 : 3,412,930,850 : 13%
2022-10-05 03:50:17 : 32,200,000 : 0 : 3,433,509,625 : 13%
2022-10-05 04:11:32 : 32,300,000 : 0 : 3,443,733,475 : 13%
2022-10-05 04:34:01 : 32,400,000 : 0 : 3,454,088,400 : 14%
2022-10-05 04:57:34 : 32,500,000 : 0 : 3,464,443,325 : 14%
2022-10-05 05:22:24 : 32,600,000 : 0 : 3,474,667,175 : 14%
2022-10-05 05:48:35 : 32,700,000 : 0 : 3,485,022,100 : 14%
2022-10-05 06:16:21 : 32,800,000 : 0 : 3,495,508,100 : 14%
2022-10-05 06:45:18 : 32,900,000 : 0 : 3,505,994,100 : 14%
2022-10-05 07:15:31 : 33,000,000 : 0 : 3,516,480,100 : 14%
2022-10-05 07:46:58 : 33,100,000 : 0 : 3,526,966,100 : 14%
2022-10-05 08:19:28 : 33,200,000 : 0 : 3,537,452,100 : 14%
2022-10-05 08:52:31 : 33,300,000 : 0 : 3,547,938,100 : 14%
2022-10-05 09:25:21 : 33,400,000 : 0 : 3,558,424,100 : 14%
2022-10-05 09:56:58 : 33,500,000 : 0 : 3,568,910,100 : 14%
2022-10-05 10:26:34 : 33,600,000 : 0 : 3,579,265,025 : 14%
2022-10-05 10:53:25 : 33,700,000 : 0 : 3,589,619,950 : 14%
2022-10-05 11:18:22 : 33,800,000 : 0 : 3,600,105,950 : 14%
2022-10-05 11:41:18 : 33,900,000 : 0 : 3,610,591,950 : 14%
2022-10-05 12:02:30 : 34,000,000 : 0 : 3,620,946,875 : 14%
2022-10-05 12:22:50 : 34,100,000 : 0 : 3,631,563,950 : 14%
2022-10-05 12:41:56 : 34,200,000 : 0 : 3,642,181,025 : 14%
2022-10-05 13:00:06 : 34,300,000 : 0 : 3,652,929,175 : 14%
2022-10-05 13:17:35 : 34,400,000 : 0 : 3,663,546,250 : 14%
2022-10-05 13:34:14 : 34,500,000 : 0 : 3,674,294,400 : 14%
2022-10-05 13:50:29 : 34,600,000 : 0 : 3,695,790,700 : 14%
2022-10-05 14:06:28 : 34,700,000 : 0 : 3,706,669,925 : 14%
2022-10-05 14:22:07 : 34,800,000 : 0 : 3,717,418,075 : 15%
2022-10-05 14:37:29 : 34,900,000 : 0 : 3,728,297,300 : 15%
2022-10-05 14:52:37 : 35,000,000 : 0 : 3,739,045,450 : 15%
2022-10-05 15:07:23 : 35,100,000 : 0 : 3,749,924,675 : 15%
2022-10-05 15:22:01 : 35,200,000 : 0 : 3,760,672,825 : 15%
2022-10-05 15:36:26 : 35,300,000 : 0 : 3,771,552,050 : 15%
2022-10-05 15:50:42 : 35,400,000 : 0 : 3,782,431,275 : 15%
2022-10-05 16:04:47 : 35,500,000 : 0 : 3,793,179,425 : 15%
2022-10-05 16:19:02 : 35,600,000 : 0 : 3,803,927,575 : 15%
2022-10-05 16:33:01 : 35,700,000 : 0 : 3,814,806,800 : 15%
2022-10-05 16:47:05 : 35,800,000 : 0 : 3,825,554,950 : 15%
2022-10-05 17:00:54 : 35,900,000 : 0 : 3,836,303,100 : 15%
2022-10-05 17:14:53 : 36,000,000 : 0 : 3,846,920,175 : 15%
2022-10-05 17:28:45 : 36,100,000 : 0 : 3,857,799,400 : 15%
2022-10-05 17:42:46 : 36,200,000 : 0 : 3,868,416,475 : 15%
2022-10-05 17:56:48 : 36,300,000 : 0 : 3,879,164,625 : 15%
2022-10-05 18:11:00 : 36,400,000 : 0 : 3,889,912,775 : 15%
2022-10-05 18:25:03 : 36,500,000 : 0 : 3,900,660,925 : 15%
2022-10-05 18:39:07 : 36,600,000 : 0 : 3,911,409,075 : 15%
2022-10-05 18:53:07 : 36,700,000 : 0 : 3,932,643,225 : 15%
2022-10-05 19:07:02 : 36,800,000 : 0 : 3,943,260,300 : 15%
2022-10-05 19:21:01 : 36,900,000 : 0 : 3,953,877,375 : 15%
2022-10-05 19:34:41 : 37,000,000 : 0 : 3,964,363,375 : 16%
2022-10-05 19:48:15 : 37,100,000 : 0 : 3,974,980,450 : 16%
2022-10-05 20:01:44 : 37,200,000 : 0 : 3,985,466,450 : 16%
2022-10-05 20:15:37 : 37,300,000 : 0 : 3,995,952,450 : 16%
2022-10-05 20:29:07 : 37,400,000 : 0 : 4,006,438,450 : 16%
2022-10-05 20:42:57 : 37,500,000 : 0 : 4,016,924,450 : 16%
2022-10-05 20:57:08 : 37,600,000 : 0 : 4,027,541,525 : 16%
2022-10-05 21:11:39 : 37,700,000 : 0 : 4,038,027,525 : 16%
2022-10-05 21:26:32 : 37,800,000 : 0 : 4,048,644,600 : 16%
2022-10-05 21:41:37 : 37,900,000 : 0 : 4,059,130,600 : 16%
2022-10-05 21:56:48 : 38,000,000 : 0 : 4,069,616,600 : 16%
2022-10-05 22:12:15 : 38,100,000 : 0 : 4,080,102,600 : 16%
2022-10-05 22:28:06 : 38,200,000 : 0 : 4,090,588,600 : 16%
2022-10-05 22:44:24 : 38,300,000 : 0 : 4,100,943,525 : 16%
2022-10-05 23:01:09 : 38,400,000 : 0 : 4,111,298,450 : 16%
2022-10-05 23:18:24 : 38,500,000 : 0 : 4,121,653,375 : 16%
2022-10-05 23:36:07 : 38,600,000 : 0 : 4,132,139,375 : 16%
2022-10-05 23:54:09 : 38,700,000 : 0 : 4,142,363,225 : 16%
2022-10-06 00:12:13 : 38,800,000 : 0 : 4,152,718,150 : 16%
2022-10-06 00:30:05 : 38,900,000 : 0 : 4,162,942,000 : 16%
2022-10-06 00:48:04 : 39,000,000 : 0 : 4,183,258,625 : 16%
2022-10-06 01:05:59 : 39,100,000 : 0 : 4,193,351,400 : 16%
2022-10-06 01:24:00 : 39,200,000 : 0 : 4,203,444,175 : 16%
2022-10-06 01:42:25 : 39,300,000 : 0 : 4,213,536,950 : 16%
2022-10-06 02:00:43 : 39,400,000 : 0 : 4,223,629,725 : 17%
2022-10-06 02:19:24 : 39,500,000 : 0 : 4,233,853,575 : 17%
2022-10-06 02:38:10 : 39,600,000 : 0 : 4,244,208,500 : 17%
2022-10-06 02:57:17 : 39,700,000 : 0 : 4,254,432,350 : 17%
2022-10-06 03:16:49 : 39,800,000 : 0 : 4,264,787,275 : 17%
2022-10-06 03:36:44 : 39,900,000 : 0 : 4,275,011,125 : 17%
2022-10-06 03:57:24 : 40,000,000 : 0 : 4,285,366,050 : 17%
2022-10-06 04:19:15 : 40,100,000 : 0 : 4,295,589,900 : 17%
2022-10-06 04:42:11 : 40,200,000 : 0 : 4,305,944,825 : 17%
2022-10-06 05:05:55 : 40,300,000 : 0 : 4,316,299,750 : 17%
2022-10-06 05:31:05 : 40,400,000 : 0 : 4,326,654,675 : 17%
2022-10-06 05:57:39 : 40,500,000 : 0 : 4,337,140,675 : 17%
2022-10-06 06:26:00 : 40,600,000 : 0 : 4,347,626,675 : 17%
2022-10-06 06:55:01 : 40,700,000 : 0 : 4,358,112,675 : 17%
2022-10-06 07:25:38 : 40,800,000 : 0 : 4,368,598,675 : 17%
2022-10-06 07:57:31 : 40,900,000 : 0 : 4,379,084,675 : 17%
2022-10-06 08:30:34 : 41,000,000 : 0 : 4,389,701,750 : 17%
2022-10-06 09:03:27 : 41,100,000 : 0 : 4,400,187,750 : 17%
2022-10-06 09:35:59 : 41,200,000 : 0 : 4,410,673,750 : 17%
2022-10-06 10:07:17 : 41,300,000 : 0 : 4,421,159,750 : 17%
2022-10-06 10:36:18 : 41,400,000 : 0 : 4,442,131,750 : 17%
2022-10-06 11:03:02 : 41,500,000 : 0 : 4,452,617,750 : 17%
2022-10-06 11:27:25 : 41,600,000 : 0 : 4,463,103,750 : 17%
2022-10-06 11:49:44 : 41,700,000 : 0 : 4,473,720,825 : 17%
2022-10-06 12:11:01 : 41,800,000 : 0 : 4,484,337,900 : 18%
2022-10-06 12:30:57 : 41,900,000 : 0 : 4,494,954,975 : 18%
2022-10-06 12:49:44 : 42,000,000 : 0 : 4,505,572,050 : 18%
2022-10-06 13:07:48 : 42,100,000 : 0 : 4,516,320,200 : 18%
2022-10-06 13:25:07 : 42,200,000 : 0 : 4,526,937,275 : 18%
2022-10-06 13:41:55 : 42,300,000 : 0 : 4,537,685,425 : 18%
2022-10-06 13:58:06 : 42,400,000 : 0 : 4,548,433,575 : 18%
2022-10-06 14:13:58 : 42,500,000 : 0 : 4,559,181,725 : 18%
2022-10-06 14:29:21 : 42,600,000 : 0 : 4,569,929,875 : 18%
2022-10-06 14:44:20 : 42,700,000 : 0 : 4,580,678,025 : 18%
2022-10-06 14:59:07 : 42,800,000 : 0 : 4,591,426,175 : 18%
2022-10-06 15:13:50 : 42,900,000 : 0 : 4,602,174,325 : 18%
2022-10-06 15:28:29 : 43,000,000 : 0 : 4,612,922,475 : 18%
2022-10-06 15:42:50 : 43,100,000 : 0 : 4,623,801,700 : 18%
2022-10-06 15:57:03 : 43,200,000 : 0 : 4,634,549,850 : 18%
2022-10-06 16:11:22 : 43,300,000 : 0 : 4,645,298,000 : 18%
2022-10-06 16:25:41 : 43,400,000 : 0 : 4,656,046,150 : 18%
2022-10-06 16:39:39 : 43,500,000 : 0 : 4,666,794,300 : 18%
2022-10-06 16:53:36 : 43,600,000 : 0 : 4,677,411,375 : 18%
2022-10-06 17:07:37 : 43,700,000 : 0 : 4,698,776,600 : 18%
2022-10-06 17:21:48 : 43,800,000 : 0 : 4,709,393,675 : 18%
2022-10-06 17:35:45 : 43,900,000 : 0 : 4,720,141,825 : 18%
2022-10-06 17:50:10 : 44,000,000 : 0 : 4,730,889,975 : 19%
2022-10-06 18:04:57 : 44,100,000 : 0 : 4,741,638,125 : 19%
2022-10-06 18:19:51 : 44,200,000 : 0 : 4,752,255,200 : 19%
2022-10-06 18:34:37 : 44,300,000 : 0 : 4,762,872,275 : 19%
2022-10-06 18:49:32 : 44,400,000 : 0 : 4,773,489,350 : 19%
2022-10-06 19:04:44 : 44,500,000 : 0 : 4,784,106,425 : 19%
2022-10-06 19:20:05 : 44,600,000 : 0 : 4,794,723,500 : 19%
2022-10-06 19:35:09 : 44,700,000 : 0 : 4,805,078,425 : 19%
2022-10-06 19:50:26 : 44,800,000 : 0 : 4,815,564,425 : 19%
2022-10-06 20:05:45 : 44,900,000 : 0 : 4,826,050,425 : 19%
2022-10-06 20:21:09 : 45,000,000 : 0 : 4,836,536,425 : 19%
2022-10-06 20:36:43 : 45,100,000 : 0 : 4,847,022,425 : 19%
2022-10-06 20:52:21 : 45,200,000 : 0 : 4,857,377,350 : 19%
2022-10-06 21:08:19 : 45,300,000 : 0 : 4,867,863,350 : 19%
2022-10-06 21:24:50 : 45,400,000 : 0 : 4,878,218,275 : 19%
2022-10-06 21:41:32 : 45,500,000 : 0 : 4,888,704,275 : 19%
2022-10-06 21:58:34 : 45,600,000 : 0 : 4,899,059,200 : 19%
2022-10-06 22:16:19 : 45,700,000 : 0 : 4,909,414,125 : 19%
2022-10-06 22:34:16 : 45,800,000 : 0 : 4,919,769,050 : 19%
2022-10-06 22:52:33 : 45,900,000 : 0 : 4,930,123,975 : 19%
2022-10-06 23:11:28 : 46,000,000 : 0 : 4,950,833,825 : 19%
2022-10-06 23:30:42 : 46,100,000 : 0 : 4,961,057,675 : 19%
2022-10-06 23:50:11 : 46,200,000 : 0 : 4,971,281,525 : 19%
2022-10-07 00:09:49 : 46,300,000 : 0 : 4,981,374,300 : 19%
2022-10-07 00:29:07 : 46,400,000 : 0 : 4,991,467,075 : 20%
2022-10-07 00:47:56 : 46,500,000 : 0 : 5,001,428,775 : 20%
2022-10-07 01:06:20 : 46,600,000 : 0 : 5,011,259,400 : 20%
2022-10-07 01:24:53 : 46,700,000 : 0 : 5,021,221,100 : 20%
2022-10-07 01:43:28 : 46,800,000 : 0 : 5,031,051,725 : 20%
2022-10-07 02:02:10 : 46,900,000 : 0 : 5,041,013,425 : 20%
2022-10-07 02:20:34 : 47,000,000 : 0 : 5,050,712,975 : 20%
2022-10-07 02:38:42 : 47,100,000 : 0 : 5,060,412,525 : 20%
2022-10-07 02:57:10 : 47,200,000 : 0 : 5,070,112,075 : 20%
2022-10-07 03:16:31 : 47,300,000 : 0 : 5,079,811,625 : 20%
2022-10-07 03:35:32 : 47,400,000 : 0 : 5,089,380,100 : 20%
2022-10-07 03:55:16 : 47,500,000 : 0 : 5,098,948,575 : 20%
2022-10-07 04:17:25 : 47,600,000 : 0 : 5,108,910,275 : 20%
2022-10-07 04:41:32 : 47,700,000 : 0 : 5,119,003,050 : 20%
2022-10-07 05:07:00 : 47,800,000 : 0 : 5,128,964,750 : 20%
2022-10-07 05:34:13 : 47,900,000 : 0 : 5,139,057,525 : 20%
2022-10-07 06:03:19 : 48,000,000 : 0 : 5,149,281,375 : 20%
2022-10-07 06:34:19 : 48,100,000 : 0 : 5,159,636,300 : 20%
2022-10-07 07:06:57 : 48,200,000 : 0 : 5,169,860,150 : 20%
2022-10-07 07:41:33 : 48,300,000 : 0 : 5,180,215,075 : 20%
2022-10-07 08:17:29 : 48,400,000 : 0 : 5,190,701,075 : 20%
2022-10-07 08:54:30 : 48,500,000 : 0 : 5,201,187,075 : 20%
2022-10-07 09:30:31 : 48,600,000 : 0 : 5,221,765,850 : 20%
2022-10-07 10:04:47 : 48,700,000 : 0 : 5,231,989,700 : 20%
2022-10-07 10:36:36 : 48,800,000 : 0 : 5,242,213,550 : 21%
2022-10-07 11:05:50 : 48,900,000 : 0 : 5,252,568,475 : 21%
2022-10-07 11:33:02 : 49,000,000 : 0 : 5,262,923,400 : 21%
2022-10-07 11:57:50 : 49,100,000 : 0 : 5,273,278,325 : 21%
2022-10-07 12:21:00 : 49,200,000 : 0 : 5,283,764,325 : 21%
2022-10-07 12:42:35 : 49,300,000 : 0 : 5,294,119,250 : 21%
2022-10-07 13:02:45 : 49,400,000 : 0 : 5,304,605,250 : 21%
2022-10-07 13:21:56 : 49,500,000 : 0 : 5,315,091,250 : 21%
2022-10-07 13:40:36 : 49,600,000 : 0 : 5,325,577,250 : 21%
2022-10-07 13:58:39 : 49,700,000 : 0 : 5,336,194,325 : 21%
2022-10-07 14:16:21 : 49,800,000 : 0 : 5,346,811,400 : 21%
2022-10-07 14:33:29 : 49,900,000 : 0 : 5,357,428,475 : 21%
2022-10-07 14:50:13 : 50,000,000 : 0 : 5,368,045,550 : 21%
2022-10-07 15:06:43 : 50,100,000 : 0 : 5,378,662,625 : 21%
2022-10-07 15:23:21 : 50,200,000 : 0 : 5,389,279,700 : 21%
2022-10-07 15:39:50 : 50,300,000 : 0 : 5,399,896,775 : 21%
2022-10-07 15:56:03 : 50,400,000 : 0 : 5,410,644,925 : 21%
2022-10-07 16:12:34 : 50,500,000 : 0 : 5,421,262,000 : 21%
2022-10-07 16:28:53 : 50,600,000 : 0 : 5,431,879,075 : 21%
2022-10-07 16:44:58 : 50,700,000 : 0 : 5,442,365,075 : 21%
2022-10-07 17:01:11 : 50,800,000 : 0 : 5,452,982,150 : 21%
2022-10-07 17:17:39 : 50,900,000 : 0 : 5,474,085,225 : 21%
2022-10-07 17:34:06 : 51,000,000 : 0 : 5,484,571,225 : 21%
2022-10-07 17:50:24 : 51,100,000 : 0 : 5,495,188,300 : 21%
2022-10-07 18:06:51 : 51,200,000 : 0 : 5,505,674,300 : 22%
2022-10-07 18:23:44 : 51,300,000 : 0 : 5,516,160,300 : 22%
2022-10-07 18:40:31 : 51,400,000 : 0 : 5,526,646,300 : 22%
2022-10-07 18:57:30 : 51,500,000 : 0 : 5,537,132,300 : 22%
2022-10-07 19:14:40 : 51,600,000 : 0 : 5,547,487,225 : 22%
2022-10-07 19:31:39 : 51,700,000 : 0 : 5,557,842,150 : 22%
2022-10-07 19:48:26 : 51,800,000 : 0 : 5,568,197,075 : 22%
2022-10-07 20:05:27 : 51,900,000 : 0 : 5,578,552,000 : 22%
2022-10-07 20:22:15 : 52,000,000 : 0 : 5,588,775,850 : 22%
2022-10-07 20:39:09 : 52,100,000 : 0 : 5,598,999,700 : 22%
2022-10-07 20:56:17 : 52,200,000 : 0 : 5,609,223,550 : 22%
2022-10-07 21:13:44 : 52,300,000 : 0 : 5,619,447,400 : 22%
2022-10-07 21:31:22 : 52,400,000 : 0 : 5,629,671,250 : 22%
2022-10-07 21:49:33 : 52,500,000 : 0 : 5,639,764,025 : 22%
2022-10-07 22:07:54 : 52,600,000 : 0 : 5,650,118,950 : 22%
2022-10-07 22:26:55 : 52,700,000 : 0 : 5,660,342,800 : 22%
2022-10-07 22:46:08 : 52,800,000 : 0 : 5,670,566,650 : 22%
2022-10-07 23:05:33 : 52,900,000 : 0 : 5,680,659,425 : 22%
2022-10-07 23:25:41 : 53,000,000 : 0 : 5,690,752,200 : 22%
2022-10-07 23:46:16 : 53,100,000 : 0 : 5,700,844,975 : 22%
2022-10-08 00:06:37 : 53,200,000 : 0 : 5,720,768,375 : 22%
2022-10-08 00:27:03 : 53,300,000 : 0 : 5,730,599,000 : 22%
2022-10-08 00:47:20 : 53,400,000 : 0 : 5,740,429,625 : 22%
2022-10-08 01:07:39 : 53,500,000 : 0 : 5,750,260,250 : 22%
2022-10-08 01:28:24 : 53,600,000 : 0 : 5,759,959,800 : 23%
2022-10-08 01:48:32 : 53,700,000 : 0 : 5,769,790,425 : 23%
2022-10-08 02:09:31 : 53,800,000 : 0 : 5,779,621,050 : 23%
2022-10-08 02:30:51 : 53,900,000 : 0 : 5,789,451,675 : 23%
2022-10-08 02:52:27 : 54,000,000 : 0 : 5,799,282,300 : 23%
2022-10-08 03:14:58 : 54,100,000 : 0 : 5,809,244,000 : 23%
2022-10-08 03:38:05 : 54,200,000 : 0 : 5,819,205,700 : 23%
2022-10-08 04:02:58 : 54,300,000 : 0 : 5,829,167,400 : 23%
2022-10-08 04:29:13 : 54,400,000 : 0 : 5,839,129,100 : 23%
2022-10-08 04:56:53 : 54,500,000 : 0 : 5,849,221,875 : 23%
2022-10-08 05:26:25 : 54,600,000 : 0 : 5,859,183,575 : 23%
2022-10-08 05:57:13 : 54,700,000 : 0 : 5,869,014,200 : 23%
2022-10-08 06:29:13 : 54,800,000 : 0 : 5,878,975,900 : 23%
2022-10-08 07:01:43 : 54,900,000 : 0 : 5,888,806,525 : 23%
2022-10-08 07:35:09 : 55,000,000 : 0 : 5,898,637,150 : 23%
2022-10-08 08:10:45 : 55,100,000 : 0 : 5,908,729,925 : 23%
2022-10-08 08:47:47 : 55,200,000 : 0 : 5,918,691,625 : 23%
2022-10-08 09:25:19 : 55,300,000 : 0 : 5,928,784,400 : 23%
2022-10-08 10:02:32 : 55,400,000 : 0 : 5,938,746,100 : 23%
2022-10-08 10:38:12 : 55,500,000 : 0 : 5,948,707,800 : 23%
2022-10-08 11:11:19 : 55,600,000 : 0 : 5,958,669,500 : 23%
2022-10-08 11:42:04 : 55,700,000 : 0 : 5,968,762,275 : 23%
2022-10-08 12:10:33 : 55,800,000 : 0 : 5,989,078,900 : 23%
Decoding error with 134,217,728 bytes, reading another chunk
2022-10-08 12:36:17 : 55,900,000 : 0 : 6,009,395,525 : 24%
2022-10-08 13:00:15 : 56,000,000 : 0 : 6,009,395,525 : 24%
2022-10-08 13:22:55 : 56,100,000 : 0 : 6,019,488,300 : 24%
2022-10-08 13:44:53 : 56,200,000 : 0 : 6,029,843,225 : 24%
2022-10-08 14:06:14 : 56,300,000 : 0 : 6,040,067,075 : 24%
2022-10-08 14:26:27 : 56,400,000 : 0 : 6,050,159,850 : 24%
2022-10-08 14:45:44 : 56,500,000 : 0 : 6,060,514,775 : 24%
2022-10-08 15:04:46 : 56,600,000 : 0 : 6,070,738,625 : 24%
2022-10-08 15:23:33 : 56,700,000 : 0 : 6,080,962,475 : 24%
2022-10-08 15:42:01 : 56,800,000 : 0 : 6,091,186,325 : 24%
2022-10-08 16:00:16 : 56,900,000 : 0 : 6,101,410,175 : 24%
2022-10-08 16:18:11 : 57,000,000 : 0 : 6,111,502,950 : 24%
2022-10-08 16:35:49 : 57,100,000 : 0 : 6,121,595,725 : 24%
2022-10-08 16:52:57 : 57,200,000 : 0 : 6,131,557,425 : 24%
2022-10-08 17:10:01 : 57,300,000 : 0 : 6,141,650,200 : 24%
2022-10-08 17:27:07 : 57,400,000 : 0 : 6,151,480,825 : 24%
2022-10-08 17:44:29 : 57,500,000 : 0 : 6,161,442,525 : 24%
2022-10-08 18:01:53 : 57,600,000 : 0 : 6,171,404,225 : 24%
2022-10-08 18:19:26 : 57,700,000 : 0 : 6,181,365,925 : 24%
2022-10-08 18:36:54 : 57,800,000 : 0 : 6,191,196,550 : 24%
2022-10-08 18:54:40 : 57,900,000 : 0 : 6,201,158,250 : 24%
2022-10-08 19:12:37 : 58,000,000 : 0 : 6,220,950,575 : 24%
2022-10-08 19:30:48 : 58,100,000 : 0 : 6,230,912,275 : 24%
2022-10-08 19:49:05 : 58,200,000 : 0 : 6,241,005,050 : 24%
2022-10-08 20:06:37 : 58,300,000 : 0 : 6,250,966,750 : 24%
2022-10-08 20:23:25 : 58,400,000 : 0 : 6,260,928,450 : 24%
2022-10-08 20:40:02 : 58,500,000 : 0 : 6,270,890,150 : 25%
2022-10-08 20:56:34 : 58,600,000 : 0 : 6,280,851,850 : 25%
2022-10-08 21:13:11 : 58,700,000 : 0 : 6,290,944,625 : 25%
2022-10-08 21:30:14 : 58,800,000 : 0 : 6,300,906,325 : 25%
2022-10-08 21:47:21 : 58,900,000 : 0 : 6,310,868,025 : 25%
2022-10-08 22:04:10 : 59,000,000 : 0 : 6,320,829,725 : 25%
2022-10-08 22:21:32 : 59,100,000 : 0 : 6,330,791,425 : 25%
2022-10-08 22:38:54 : 59,200,000 : 0 : 6,340,753,125 : 25%
2022-10-08 22:56:20 : 59,300,000 : 0 : 6,350,583,750 : 25%
2022-10-08 23:14:10 : 59,400,000 : 0 : 6,360,545,450 : 25%
2022-10-08 23:32:02 : 59,500,000 : 0 : 6,370,376,075 : 25%
2022-10-08 23:50:00 : 59,600,000 : 0 : 6,380,206,700 : 25%
2022-10-09 00:07:35 : 59,700,000 : 0 : 6,389,906,250 : 25%
2022-10-09 00:25:12 : 59,800,000 : 0 : 6,399,474,725 : 25%
2022-10-09 00:42:40 : 59,900,000 : 0 : 6,409,174,275 : 25%
2022-10-09 01:00:23 : 60,000,000 : 0 : 6,418,873,825 : 25%
2022-10-09 01:18:17 : 60,100,000 : 0 : 6,428,573,375 : 25%
2022-10-09 01:36:05 : 60,200,000 : 0 : 6,438,272,925 : 25%
2022-10-09 01:54:16 : 60,300,000 : 0 : 6,448,103,550 : 25%
2022-10-09 02:12:44 : 60,400,000 : 0 : 6,457,803,100 : 25%
2022-10-09 02:30:47 : 60,500,000 : 0 : 6,477,071,125 : 25%
2022-10-09 02:48:49 : 60,600,000 : 0 : 6,486,770,675 : 25%
2022-10-09 03:07:11 : 60,700,000 : 0 : 6,496,339,150 : 25%
2022-10-09 03:26:06 : 60,800,000 : 0 : 6,505,907,625 : 25%
2022-10-09 03:45:31 : 60,900,000 : 0 : 6,515,738,250 : 25%
2022-10-09 04:06:18 : 61,000,000 : 0 : 6,525,699,950 : 26%
2022-10-09 04:28:43 : 61,100,000 : 0 : 6,535,661,650 : 26%
2022-10-09 04:52:45 : 61,200,000 : 0 : 6,545,623,350 : 26%
2022-10-09 05:16:54 : 61,300,000 : 0 : 6,555,322,900 : 26%
2022-10-09 05:42:03 : 61,400,000 : 0 : 6,565,153,525 : 26%
2022-10-09 06:08:23 : 61,500,000 : 0 : 6,574,984,150 : 26%
2022-10-09 06:35:20 : 61,600,000 : 0 : 6,584,814,775 : 26%
2022-10-09 07:03:13 : 61,700,000 : 0 : 6,594,776,475 : 26%
2022-10-09 07:32:22 : 61,800,000 : 0 : 6,604,738,175 : 26%
2022-10-09 08:02:29 : 61,900,000 : 0 : 6,614,437,725 : 26%
2022-10-09 08:30:10 : 62,000,000 : 0 : 6,624,137,275 : 26%
2022-10-09 09:00:06 : 62,100,000 : 0 : 6,634,098,975 : 26%
2022-10-09 09:32:13 : 62,200,000 : 0 : 6,644,322,825 : 26%
2022-10-09 10:04:10 : 62,300,000 : 0 : 6,654,415,600 : 26%
2022-10-09 10:35:45 : 62,400,000 : 0 : 6,664,508,375 : 26%
2022-10-09 11:05:38 : 62,500,000 : 0 : 6,674,601,150 : 26%
2022-10-09 11:33:39 : 62,600,000 : 0 : 6,684,825,000 : 26%
2022-10-09 11:59:01 : 62,700,000 : 0 : 6,694,917,775 : 26%
2022-10-09 12:22:51 : 62,800,000 : 0 : 6,705,272,700 : 26%
2022-10-09 12:44:44 : 62,900,000 : 0 : 6,715,365,475 : 26%
2022-10-09 13:05:17 : 63,000,000 : 0 : 6,725,589,325 : 26%
2022-10-09 13:24:50 : 63,100,000 : 0 : 6,746,037,025 : 26%
2022-10-09 13:43:28 : 63,200,000 : 0 : 6,756,260,875 : 26%
2022-10-09 14:00:59 : 63,300,000 : 0 : 6,766,484,725 : 26%
2022-10-09 14:18:15 : 63,400,000 : 0 : 6,776,839,650 : 27%
2022-10-09 14:34:41 : 63,500,000 : 0 : 6,787,063,500 : 27%
2022-10-09 14:50:34 : 63,600,000 : 0 : 6,797,418,425 : 27%
2022-10-09 15:06:30 : 63,700,000 : 0 : 6,807,773,350 : 27%
2022-10-09 15:22:15 : 63,800,000 : 0 : 6,818,128,275 : 27%
2022-10-09 15:37:38 : 63,900,000 : 0 : 6,828,483,200 : 27%
2022-10-09 15:52:29 : 64,000,000 : 0 : 6,838,707,050 : 27%
2022-10-09 16:07:08 : 64,100,000 : 0 : 6,848,799,825 : 27%
2022-10-09 16:21:47 : 64,200,000 : 0 : 6,858,892,600 : 27%
2022-10-09 16:35:54 : 64,300,000 : 0 : 6,869,247,525 : 27%
2022-10-09 16:50:27 : 64,400,000 : 0 : 6,879,471,375 : 27%
2022-10-09 17:05:29 : 64,500,000 : 0 : 6,889,695,225 : 27%
2022-10-09 17:19:50 : 64,600,000 : 0 : 6,899,656,925 : 27%
2022-10-09 17:34:04 : 64,700,000 : 0 : 6,909,749,700 : 27%
2022-10-09 17:47:57 : 64,800,000 : 0 : 6,919,711,400 : 27%
2022-10-09 18:01:54 : 64,900,000 : 0 : 6,929,673,100 : 27%
2022-10-09 18:15:37 : 65,000,000 : 0 : 6,939,634,800 : 27%
2022-10-09 18:29:51 : 65,100,000 : 0 : 6,949,596,500 : 27%
2022-10-09 18:44:14 : 65,200,000 : 0 : 6,959,689,275 : 27%
2022-10-09 18:58:29 : 65,300,000 : 0 : 6,969,782,050 : 27%
2022-10-09 19:12:44 : 65,400,000 : 0 : 6,979,743,750 : 27%
2022-10-09 19:27:04 : 65,500,000 : 0 : 6,989,574,375 : 27%
2022-10-09 19:41:27 : 65,600,000 : 0 : 7,009,366,700 : 27%
2022-10-09 19:55:22 : 65,700,000 : 0 : 7,019,197,325 : 27%
2022-10-09 20:08:56 : 65,800,000 : 0 : 7,029,159,025 : 27%
2022-10-09 20:23:20 : 65,900,000 : 0 : 7,039,251,800 : 28%
2022-10-09 20:38:20 : 66,000,000 : 0 : 7,049,475,650 : 28%
2022-10-09 20:53:16 : 66,100,000 : 0 : 7,059,568,425 : 28%
2022-10-09 21:08:42 : 66,200,000 : 0 : 7,069,792,275 : 28%
2022-10-09 21:24:28 : 66,300,000 : 0 : 7,079,885,050 : 28%
2022-10-09 21:40:13 : 66,400,000 : 0 : 7,090,108,900 : 28%
2022-10-09 21:56:26 : 66,500,000 : 0 : 7,100,332,750 : 28%
2022-10-09 22:13:09 : 66,600,000 : 0 : 7,110,556,600 : 28%
2022-10-09 22:29:58 : 66,700,000 : 0 : 7,120,649,375 : 28%
2022-10-09 22:46:57 : 66,800,000 : 0 : 7,130,742,150 : 28%
2022-10-09 23:03:53 : 66,900,000 : 0 : 7,140,834,925 : 28%
2022-10-09 23:21:01 : 67,000,000 : 0 : 7,150,796,625 : 28%
2022-10-09 23:38:41 : 67,100,000 : 0 : 7,160,889,400 : 28%
2022-10-09 23:56:32 : 67,200,000 : 0 : 7,170,982,175 : 28%
2022-10-10 00:14:35 : 67,300,000 : 0 : 7,181,074,950 : 28%
2022-10-10 00:32:32 : 67,400,000 : 0 : 7,191,167,725 : 28%
2022-10-10 00:49:55 : 67,500,000 : 0 : 7,200,998,350 : 28%
2022-10-10 01:06:52 : 67,600,000 : 0 : 7,210,960,050 : 28%
2022-10-10 01:24:24 : 67,700,000 : 0 : 7,220,790,675 : 28%
2022-10-10 01:42:17 : 67,800,000 : 0 : 7,230,752,375 : 28%
2022-10-10 02:00:05 : 67,900,000 : 0 : 7,240,714,075 : 28%
2022-10-10 02:17:45 : 68,000,000 : 0 : 7,250,544,700 : 28%
2022-10-10 02:35:14 : 68,100,000 : 0 : 7,270,468,100 : 28%
2022-10-10 02:53:26 : 68,200,000 : 0 : 7,280,429,800 : 28%
2022-10-10 03:12:19 : 68,300,000 : 0 : 7,290,522,575 : 29%
2022-10-10 03:31:40 : 68,400,000 : 0 : 7,300,615,350 : 29%
2022-10-10 03:52:24 : 68,500,000 : 0 : 7,310,970,275 : 29%
2022-10-10 04:14:49 : 68,600,000 : 0 : 7,321,194,125 : 29%
2022-10-10 04:38:06 : 68,700,000 : 0 : 7,331,549,050 : 29%
2022-10-10 05:02:38 : 68,800,000 : 0 : 7,341,772,900 : 29%
2022-10-10 05:28:16 : 68,900,000 : 0 : 7,352,127,825 : 29%
2022-10-10 05:54:58 : 69,000,000 : 0 : 7,362,351,675 : 29%
2022-10-10 06:23:40 : 69,100,000 : 0 : 7,372,837,675 : 29%
2022-10-10 06:53:08 : 69,200,000 : 0 : 7,383,192,600 : 29%
2022-10-10 07:24:19 : 69,300,000 : 0 : 7,393,678,600 : 29%
2022-10-10 07:56:55 : 69,400,000 : 0 : 7,404,164,600 : 29%
2022-10-10 08:30:05 : 69,500,000 : 0 : 7,414,650,600 : 29%
2022-10-10 09:03:51 : 69,600,000 : 0 : 7,425,136,600 : 29%
2022-10-10 09:37:31 : 69,700,000 : 0 : 7,435,753,675 : 29%
2022-10-10 10:09:53 : 69,800,000 : 0 : 7,446,108,600 : 29%
2022-10-10 10:40:30 : 69,900,000 : 0 : 7,456,594,600 : 29%
2022-10-10 11:08:41 : 70,000,000 : 0 : 7,467,080,600 : 29%
2022-10-10 11:34:25 : 70,100,000 : 0 : 7,477,435,525 : 29%
2022-10-10 11:58:14 : 70,200,000 : 0 : 7,488,052,600 : 29%
2022-10-10 12:20:20 : 70,300,000 : 0 : 7,498,538,600 : 29%
2022-10-10 12:41:13 : 70,400,000 : 0 : 7,519,772,750 : 29%
2022-10-10 13:00:45 : 70,500,000 : 0 : 7,530,389,825 : 29%
2022-10-10 13:19:33 : 70,600,000 : 0 : 7,541,137,975 : 29%
2022-10-10 13:37:44 : 70,700,000 : 0 : 7,551,886,125 : 30%
2022-10-10 13:55:06 : 70,800,000 : 0 : 7,562,634,275 : 30%
2022-10-10 14:11:59 : 70,900,000 : 0 : 7,573,382,425 : 30%
2022-10-10 14:28:08 : 71,000,000 : 0 : 7,584,130,575 : 30%
2022-10-10 14:43:49 : 71,100,000 : 0 : 7,594,878,725 : 30%
2022-10-10 14:59:10 : 71,200,000 : 0 : 7,605,626,875 : 30%
2022-10-10 15:14:14 : 71,300,000 : 0 : 7,616,375,025 : 30%
2022-10-10 15:28:58 : 71,400,000 : 0 : 7,626,992,100 : 30%
2022-10-10 15:43:42 : 71,500,000 : 0 : 7,637,871,325 : 30%
2022-10-10 15:58:10 : 71,600,000 : 0 : 7,648,619,475 : 30%
2022-10-10 16:12:51 : 71,700,000 : 0 : 7,659,367,625 : 30%
2022-10-10 16:27:26 : 71,800,000 : 0 : 7,670,115,775 : 30%
2022-10-10 16:41:59 : 71,900,000 : 0 : 7,680,863,925 : 30%
2022-10-10 16:56:30 : 72,000,000 : 0 : 7,691,612,075 : 30%
2022-10-10 17:11:08 : 72,100,000 : 0 : 7,702,360,225 : 30%
2022-10-10 17:25:40 : 72,200,000 : 0 : 7,713,108,375 : 30%
2022-10-10 17:40:21 : 72,300,000 : 0 : 7,723,856,525 : 30%
2022-10-10 17:54:57 : 72,400,000 : 0 : 7,734,604,675 : 30%
2022-10-10 18:09:28 : 72,500,000 : 0 : 7,755,969,900 : 30%
2022-10-10 18:24:03 : 72,600,000 : 0 : 7,766,586,975 : 30%
2022-10-10 18:38:50 : 72,700,000 : 0 : 7,777,335,125 : 30%
Decoding error with 134,217,728 bytes, reading another chunk
2022-10-10 18:53:36 : 72,800,000 : 0 : 7,798,831,425 : 31%
2022-10-10 19:08:24 : 72,900,000 : 0 : 7,798,831,425 : 31%
2022-10-10 19:23:29 : 73,000,000 : 0 : 7,809,579,575 : 31%
2022-10-10 19:38:20 : 73,100,000 : 0 : 7,820,196,650 : 31%
2022-10-10 19:53:13 : 73,200,000 : 0 : 7,830,944,800 : 31%
2022-10-10 20:08:12 : 73,300,000 : 0 : 7,841,561,875 : 31%
2022-10-10 20:23:06 : 73,400,000 : 0 : 7,852,178,950 : 31%
2022-10-10 20:37:58 : 73,500,000 : 0 : 7,862,927,100 : 31%
2022-10-10 20:52:58 : 73,600,000 : 0 : 7,873,544,175 : 31%
2022-10-10 21:08:19 : 73,700,000 : 0 : 7,884,292,325 : 31%
2022-10-10 21:23:57 : 73,800,000 : 0 : 7,894,778,325 : 31%
2022-10-10 21:39:49 : 73,900,000 : 0 : 7,905,395,400 : 31%
2022-10-10 21:55:38 : 74,000,000 : 0 : 7,916,012,475 : 31%
2022-10-10 22:11:56 : 74,100,000 : 0 : 7,926,498,475 : 31%
2022-10-10 22:28:30 : 74,200,000 : 0 : 7,937,115,550 : 31%
2022-10-10 22:45:15 : 74,300,000 : 0 : 7,947,601,550 : 31%
2022-10-10 23:02:04 : 74,400,000 : 0 : 7,958,087,550 : 31%
2022-10-10 23:19:25 : 74,500,000 : 0 : 7,968,573,550 : 31%
2022-10-10 23:36:52 : 74,600,000 : 0 : 7,989,414,475 : 31%
2022-10-10 23:54:25 : 74,700,000 : 0 : 7,999,769,400 : 31%
2022-10-11 00:11:54 : 74,800,000 : 0 : 8,009,993,250 : 31%
2022-10-11 00:29:03 : 74,900,000 : 0 : 8,020,086,025 : 31%
2022-10-11 00:45:55 : 75,000,000 : 0 : 8,030,178,800 : 31%
2022-10-11 01:02:39 : 75,100,000 : 0 : 8,040,271,575 : 31%
2022-10-11 01:19:18 : 75,200,000 : 0 : 8,050,364,350 : 31%
2022-10-11 01:36:23 : 75,300,000 : 0 : 8,060,194,975 : 32%
2022-10-11 01:52:02 : 75,400,000 : 0 : 8,070,287,750 : 32%
2022-10-11 02:09:04 : 75,500,000 : 0 : 8,080,380,525 : 32%
2022-10-11 02:25:55 : 75,600,000 : 0 : 8,090,342,225 : 32%
2022-10-11 02:43:10 : 75,700,000 : 0 : 8,100,435,000 : 32%
2022-10-11 03:00:50 : 75,800,000 : 0 : 8,110,396,700 : 32%
2022-10-11 03:18:47 : 75,900,000 : 0 : 8,120,358,400 : 32%
2022-10-11 03:37:07 : 76,000,000 : 0 : 8,130,451,175 : 32%
2022-10-11 03:57:11 : 76,100,000 : 0 : 8,140,675,025 : 32%
2022-10-11 04:18:37 : 76,200,000 : 0 : 8,151,029,950 : 32%
2022-10-11 04:41:43 : 76,300,000 : 0 : 8,161,384,875 : 32%
2022-10-11 05:05:56 : 76,400,000 : 0 : 8,171,739,800 : 32%
2022-10-11 05:31:48 : 76,500,000 : 0 : 8,182,225,800 : 32%
2022-10-11 05:59:35 : 76,600,000 : 0 : 8,192,711,800 : 32%
2022-10-11 06:28:26 : 76,700,000 : 0 : 8,203,328,875 : 32%
2022-10-11 06:58:15 : 76,800,000 : 0 : 8,213,814,875 : 32%
2022-10-11 07:29:18 : 76,900,000 : 0 : 8,224,300,875 : 32%
2022-10-11 08:02:20 : 77,000,000 : 0 : 8,245,535,025 : 32%
2022-10-11 08:36:27 : 77,100,000 : 0 : 8,256,152,100 : 32%
2022-10-11 09:10:02 : 77,200,000 : 0 : 8,266,769,175 : 32%
2022-10-11 09:43:06 : 77,300,000 : 0 : 8,277,255,175 : 32%
2022-10-11 10:14:39 : 77,400,000 : 0 : 8,287,872,250 : 32%
2022-10-11 10:43:53 : 77,500,000 : 0 : 8,298,358,250 : 32%
2022-10-11 11:10:39 : 77,600,000 : 0 : 8,308,975,325 : 32%
2022-10-11 11:35:05 : 77,700,000 : 0 : 8,319,592,400 : 33%
2022-10-11 11:57:32 : 77,800,000 : 0 : 8,330,078,400 : 33%
2022-10-11 12:19:13 : 77,900,000 : 0 : 8,340,826,550 : 33%
2022-10-11 12:39:13 : 78,000,000 : 0 : 8,351,443,625 : 33%
2022-10-11 12:57:59 : 78,100,000 : 0 : 8,362,060,700 : 33%
2022-10-11 13:16:05 : 78,200,000 : 0 : 8,372,808,850 : 33%
2022-10-11 13:33:15 : 78,300,000 : 0 : 8,383,425,925 : 33%
2022-10-11 13:49:58 : 78,400,000 : 0 : 8,394,305,150 : 33%
2022-10-11 14:06:18 : 78,500,000 : 0 : 8,405,053,300 : 33%
2022-10-11 14:22:03 : 78,600,000 : 0 : 8,415,932,525 : 33%
2022-10-11 14:37:26 : 78,700,000 : 0 : 8,426,680,675 : 33%
2022-10-11 14:52:32 : 78,800,000 : 0 : 8,437,559,900 : 33%
2022-10-11 15:07:23 : 78,900,000 : 0 : 8,448,439,125 : 33%
2022-10-11 15:22:11 : 79,000,000 : 0 : 8,459,187,275 : 33%
2022-10-11 15:37:01 : 79,100,000 : 0 : 8,480,945,725 : 33%
2022-10-11 15:51:36 : 79,200,000 : 0 : 8,491,824,950 : 33%
2022-10-11 16:06:08 : 79,300,000 : 0 : 8,502,573,100 : 33%
2022-10-11 16:20:42 : 79,400,000 : 0 : 8,513,452,325 : 33%
2022-10-11 16:35:05 : 79,500,000 : 0 : 8,524,200,475 : 33%
2022-10-11 16:49:18 : 79,600,000 : 0 : 8,534,948,625 : 33%
2022-10-11 17:03:08 : 79,700,000 : 0 : 8,545,565,700 : 33%
2022-10-11 17:17:07 : 79,800,000 : 0 : 8,556,313,850 : 33%
2022-10-11 17:31:06 : 79,900,000 : 0 : 8,566,930,925 : 34%
2022-10-11 17:45:10 : 80,000,000 : 0 : 8,577,548,000 : 34%
2022-10-11 17:59:07 : 80,100,000 : 0 : 8,588,296,150 : 34%
2022-10-11 18:13:15 : 80,200,000 : 0 : 8,599,044,300 : 34%
2022-10-11 18:27:19 : 80,300,000 : 0 : 8,609,661,375 : 34%
2022-10-11 18:41:22 : 80,400,000 : 0 : 8,620,278,450 : 34%
2022-10-11 18:55:12 : 80,500,000 : 0 : 8,630,764,450 : 34%
2022-10-11 19:09:06 : 80,600,000 : 0 : 8,641,381,525 : 34%
2022-10-11 19:22:57 : 80,700,000 : 0 : 8,651,867,525 : 34%
2022-10-11 19:36:31 : 80,800,000 : 0 : 8,662,353,525 : 34%
2022-10-11 19:50:14 : 80,900,000 : 0 : 8,672,970,600 : 34%
2022-10-11 20:04:01 : 81,000,000 : 0 : 8,683,456,600 : 34%
2022-10-11 20:18:00 : 81,100,000 : 0 : 8,694,073,675 : 34%
2022-10-11 20:32:01 : 81,200,000 : 0 : 8,715,176,750 : 34%
2022-10-11 20:46:17 : 81,300,000 : 0 : 8,725,662,750 : 34%
2022-10-11 21:00:14 : 81,400,000 : 0 : 8,736,148,750 : 34%
2022-10-11 21:14:48 : 81,500,000 : 0 : 8,746,765,825 : 34%
2022-10-11 21:29:44 : 81,600,000 : 0 : 8,757,251,825 : 34%
2022-10-11 21:44:45 : 81,700,000 : 0 : 8,767,868,900 : 34%
2022-10-11 22:00:12 : 81,800,000 : 0 : 8,778,485,975 : 34%
2022-10-11 22:16:17 : 81,900,000 : 0 : 8,789,103,050 : 34%
2022-10-11 22:32:53 : 82,000,000 : 0 : 8,799,589,050 : 34%
2022-10-11 22:49:48 : 82,100,000 : 0 : 8,810,075,050 : 34%
2022-10-11 23:06:59 : 82,200,000 : 0 : 8,820,429,975 : 34%
2022-10-11 23:23:32 : 82,300,000 : 0 : 8,830,653,825 : 35%
2022-10-11 23:40:31 : 82,400,000 : 0 : 8,841,008,750 : 35%
2022-10-11 23:57:25 : 82,500,000 : 0 : 8,851,363,675 : 35%
2022-10-12 00:14:26 : 82,600,000 : 0 : 8,861,718,600 : 35%
2022-10-12 00:31:06 : 82,700,000 : 0 : 8,871,811,375 : 35%
2022-10-12 00:47:48 : 82,800,000 : 0 : 8,882,166,300 : 35%
2022-10-12 01:04:38 : 82,900,000 : 0 : 8,892,390,150 : 35%
2022-10-12 01:21:16 : 83,000,000 : 0 : 8,902,614,000 : 35%
2022-10-12 01:38:14 : 83,100,000 : 0 : 8,912,837,850 : 35%
2022-10-12 01:55:11 : 83,200,000 : 0 : 8,922,930,625 : 35%
2022-10-12 02:12:22 : 83,300,000 : 0 : 8,933,154,475 : 35%
2022-10-12 02:30:11 : 83,400,000 : 0 : 8,943,378,325 : 35%
2022-10-12 02:48:33 : 83,500,000 : 0 : 8,963,957,100 : 35%
2022-10-12 03:07:11 : 83,600,000 : 0 : 8,974,180,950 : 35%
2022-10-12 03:26:40 : 83,700,000 : 0 : 8,984,535,875 : 35%
2022-10-12 03:46:42 : 83,800,000 : 0 : 8,994,759,725 : 35%
2022-10-12 04:07:37 : 83,900,000 : 0 : 9,005,114,650 : 35%
2022-10-12 04:29:43 : 84,000,000 : 0 : 9,015,338,500 : 35%
2022-10-12 04:52:43 : 84,100,000 : 0 : 9,025,562,350 : 35%
2022-10-12 05:17:05 : 84,200,000 : 0 : 9,035,917,275 : 35%
2022-10-12 05:42:52 : 84,300,000 : 0 : 9,046,403,275 : 35%
2022-10-12 06:10:47 : 84,400,000 : 0 : 9,056,889,275 : 35%
2022-10-12 06:39:40 : 84,500,000 : 0 : 9,067,375,275 : 35%
2022-10-12 07:09:37 : 84,600,000 : 0 : 9,077,992,350 : 36%
2022-10-12 07:41:10 : 84,700,000 : 0 : 9,088,478,350 : 36%
2022-10-12 08:13:29 : 84,800,000 : 0 : 9,099,095,425 : 36%
2022-10-12 08:46:15 : 84,900,000 : 0 : 9,109,581,425 : 36%
2022-10-12 09:19:08 : 85,000,000 : 0 : 9,120,198,500 : 36%
2022-10-12 09:51:08 : 85,100,000 : 0 : 9,130,815,575 : 36%
2022-10-12 10:21:07 : 85,200,000 : 0 : 9,141,170,500 : 36%
2022-10-12 10:48:44 : 85,300,000 : 0 : 9,151,656,500 : 36%
2022-10-12 11:14:01 : 85,400,000 : 0 : 9,162,142,500 : 36%
2022-10-12 11:37:28 : 85,500,000 : 0 : 9,172,628,500 : 36%
2022-10-12 11:59:46 : 85,600,000 : 0 : 9,183,245,575 : 36%
2022-10-12 12:20:38 : 85,700,000 : 0 : 9,193,862,650 : 36%
2022-10-12 12:40:02 : 85,800,000 : 0 : 9,215,227,875 : 36%
2022-10-12 12:58:34 : 85,900,000 : 0 : 9,225,976,025 : 36%
2022-10-12 13:16:18 : 86,000,000 : 0 : 9,236,724,175 : 36%
2022-10-12 13:33:16 : 86,100,000 : 0 : 9,247,472,325 : 36%
2022-10-12 13:49:47 : 86,200,000 : 0 : 9,258,220,475 : 36%
2022-10-12 14:05:47 : 86,300,000 : 0 : 9,269,099,700 : 36%
2022-10-12 14:21:27 : 86,400,000 : 0 : 9,279,978,925 : 36%
2022-10-12 14:36:51 : 86,500,000 : 0 : 9,290,727,075 : 36%
2022-10-12 14:51:57 : 86,600,000 : 0 : 9,301,606,300 : 36%
2022-10-12 15:06:57 : 86,700,000 : 0 : 9,312,485,525 : 36%
2022-10-12 15:21:56 : 86,800,000 : 0 : 9,323,364,750 : 36%
2022-10-12 15:36:33 : 86,900,000 : 0 : 9,334,243,975 : 37%
2022-10-12 15:51:02 : 87,000,000 : 0 : 9,345,123,200 : 37%
2022-10-12 16:05:21 : 87,100,000 : 0 : 9,355,871,350 : 37%
2022-10-12 16:19:44 : 87,200,000 : 0 : 9,366,750,575 : 37%
2022-10-12 16:33:59 : 87,300,000 : 0 : 9,377,498,725 : 37%
2022-10-12 16:48:12 : 87,400,000 : 0 : 9,388,377,950 : 37%
2022-10-12 17:02:18 : 87,500,000 : 0 : 9,399,126,100 : 37%
2022-10-12 17:16:36 : 87,600,000 : 0 : 9,410,005,325 : 37%
2022-10-12 17:30:52 : 87,700,000 : 0 : 9,420,753,475 : 37%
2022-10-12 17:44:58 : 87,800,000 : 0 : 9,442,380,850 : 37%
2022-10-12 17:59:03 : 87,900,000 : 0 : 9,453,129,000 : 37%
2022-10-12 18:13:17 : 88,000,000 : 0 : 9,463,877,150 : 37%
2022-10-12 18:27:23 : 88,100,000 : 0 : 9,474,625,300 : 37%
2022-10-12 18:41:39 : 88,200,000 : 0 : 9,485,242,375 : 37%
2022-10-12 18:55:47 : 88,300,000 : 0 : 9,495,990,525 : 37%
2022-10-12 19:10:05 : 88,400,000 : 0 : 9,506,607,600 : 37%
2022-10-12 19:24:12 : 88,500,000 : 0 : 9,517,224,675 : 37%
2022-10-12 19:38:01 : 88,600,000 : 0 : 9,527,841,750 : 37%
2022-10-12 19:51:52 : 88,700,000 : 0 : 9,538,458,825 : 37%
2022-10-12 20:05:42 : 88,800,000 : 0 : 9,548,944,825 : 37%
2022-10-12 20:19:30 : 88,900,000 : 0 : 9,559,561,900 : 37%
2022-10-12 20:33:02 : 89,000,000 : 0 : 9,569,916,825 : 37%
2022-10-12 20:46:39 : 89,100,000 : 0 : 9,580,402,825 : 37%
2022-10-12 21:00:10 : 89,200,000 : 0 : 9,590,757,750 : 38%
2022-10-12 21:14:12 : 89,300,000 : 0 : 9,601,243,750 : 38%
2022-10-12 21:28:33 : 89,400,000 : 0 : 9,611,860,825 : 38%
2022-10-12 21:43:14 : 89,500,000 : 0 : 9,622,477,900 : 38%
2022-10-12 21:58:14 : 89,600,000 : 0 : 9,633,094,975 : 38%
2022-10-12 22:13:41 : 89,700,000 : 0 : 9,643,580,975 : 38%
2022-10-12 22:29:19 : 89,800,000 : 0 : 9,654,198,050 : 38%
2022-10-12 22:45:14 : 89,900,000 : 0 : 9,664,552,975 : 38%
2022-10-12 23:01:20 : 90,000,000 : 0 : 9,685,393,900 : 38%
2022-10-12 23:17:39 : 90,100,000 : 0 : 9,695,748,825 : 38%
2022-10-12 23:34:05 : 90,200,000 : 0 : 9,705,972,675 : 38%
2022-10-12 23:50:16 : 90,300,000 : 0 : 9,716,327,600 : 38%
2022-10-13 00:06:35 : 90,400,000 : 0 : 9,726,420,375 : 38%
2022-10-13 00:22:39 : 90,500,000 : 0 : 9,736,644,225 : 38%
2022-10-13 00:38:39 : 90,600,000 : 0 : 9,746,737,000 : 38%
2022-10-13 00:54:28 : 90,700,000 : 0 : 9,756,698,700 : 38%
2022-10-13 01:10:06 : 90,800,000 : 0 : 9,766,791,475 : 38%
2022-10-13 01:25:59 : 90,900,000 : 0 : 9,776,622,100 : 38%
2022-10-13 01:42:10 : 91,000,000 : 0 : 9,786,714,875 : 38%
2022-10-13 01:58:07 : 91,100,000 : 0 : 9,796,676,575 : 38%
2022-10-13 02:14:27 : 91,200,000 : 0 : 9,806,638,275 : 38%
2022-10-13 02:31:10 : 91,300,000 : 0 : 9,816,731,050 : 38%
2022-10-13 02:48:26 : 91,400,000 : 0 : 9,826,823,825 : 38%
2022-10-13 03:06:19 : 91,500,000 : 0 : 9,836,916,600 : 38%
2022-10-13 03:25:01 : 91,600,000 : 0 : 9,847,009,375 : 39%
2022-10-13 03:44:41 : 91,700,000 : 0 : 9,857,102,150 : 39%
2022-10-13 04:05:00 : 91,800,000 : 0 : 9,867,194,925 : 39%
2022-10-13 04:26:44 : 91,900,000 : 0 : 9,877,418,775 : 39%
2022-10-13 04:49:57 : 92,000,000 : 0 : 9,887,642,625 : 39%
2022-10-13 05:13:56 : 92,100,000 : 0 : 9,897,866,475 : 39%
2022-10-13 05:39:33 : 92,200,000 : 0 : 9,908,221,400 : 39%
2022-10-13 06:06:16 : 92,300,000 : 0 : 9,918,707,400 : 39%
2022-10-13 06:34:07 : 92,400,000 : 0 : 9,929,193,400 : 39%
2022-10-13 07:03:05 : 92,500,000 : 0 : 9,950,165,400 : 39%
2022-10-13 07:33:35 : 92,600,000 : 0 : 9,960,651,400 : 39%
2022-10-13 08:04:42 : 92,700,000 : 0 : 9,971,268,475 : 39%
2022-10-13 08:37:41 : 92,800,000 : 0 : 9,981,754,475 : 39%
2022-10-13 09:10:47 : 92,900,000 : 0 : 9,992,371,550 : 39%
2022-10-13 09:42:36 : 93,000,000 : 0 : 10,002,726,475 : 39%
2022-10-13 10:12:43 : 93,100,000 : 0 : 10,013,212,475 : 39%
2022-10-13 10:40:51 : 93,200,000 : 0 : 10,023,698,475 : 39%
2022-10-13 11:06:44 : 93,300,000 : 0 : 10,034,315,550 : 39%
2022-10-13 11:30:33 : 93,400,000 : 0 : 10,044,801,550 : 39%
2022-10-13 11:52:24 : 93,500,000 : 0 : 10,055,418,625 : 39%
2022-10-13 12:13:14 : 93,600,000 : 0 : 10,066,035,700 : 39%
2022-10-13 12:32:23 : 93,700,000 : 0 : 10,076,652,775 : 39%
2022-10-13 12:50:28 : 93,800,000 : 0 : 10,087,269,850 : 39%
2022-10-13 13:07:45 : 93,900,000 : 0 : 10,097,886,925 : 39%
2022-10-13 13:24:27 : 94,000,000 : 0 : 10,108,504,000 : 40%
2022-10-13 13:40:41 : 94,100,000 : 0 : 10,119,121,075 : 40%
2022-10-13 13:56:22 : 94,200,000 : 0 : 10,129,869,225 : 40%
2022-10-13 14:12:18 : 94,300,000 : 0 : 10,140,617,375 : 40%
2022-10-13 14:27:48 : 94,400,000 : 0 : 10,151,496,600 : 40%
2022-10-13 14:42:56 : 94,500,000 : 0 : 10,162,244,750 : 40%
2022-10-13 14:57:40 : 94,600,000 : 0 : 10,172,992,900 : 40%
2022-10-13 15:12:26 : 94,700,000 : 0 : 10,183,741,050 : 40%
2022-10-13 15:26:51 : 94,800,000 : 0 : 10,205,106,275 : 40%
2022-10-13 15:41:18 : 94,900,000 : 0 : 10,215,854,425 : 40%
2022-10-13 15:55:40 : 95,000,000 : 0 : 10,226,733,650 : 40%
2022-10-13 16:10:11 : 95,100,000 : 0 : 10,237,481,800 : 40%
2022-10-13 16:24:41 : 95,200,000 : 0 : 10,248,361,025 : 40%
2022-10-13 16:38:56 : 95,300,000 : 0 : 10,259,109,175 : 40%
2022-10-13 16:53:07 : 95,400,000 : 0 : 10,269,988,400 : 40%
2022-10-13 17:07:12 : 95,500,000 : 0 : 10,280,736,550 : 40%
2022-10-13 17:21:22 : 95,600,000 : 0 : 10,291,353,625 : 40%
2022-10-13 17:35:18 : 95,700,000 : 0 : 10,302,101,775 : 40%
2022-10-13 17:49:21 : 95,800,000 : 0 : 10,312,849,925 : 40%
2022-10-13 18:03:23 : 95,900,000 : 0 : 10,323,467,000 : 40%
2022-10-13 18:17:43 : 96,000,000 : 0 : 10,334,215,150 : 40%
2022-10-13 18:31:59 : 96,100,000 : 0 : 10,344,832,225 : 40%
2022-10-13 18:45:57 : 96,200,000 : 0 : 10,355,318,225 : 40%
2022-10-13 19:00:03 : 96,300,000 : 0 : 10,366,066,375 : 41%
2022-10-13 19:14:13 : 96,400,000 : 0 : 10,376,683,450 : 41%
2022-10-13 19:28:13 : 96,500,000 : 0 : 10,387,300,525 : 41%
2022-10-13 19:42:05 : 96,600,000 : 0 : 10,397,786,525 : 41%
2022-10-13 19:55:35 : 96,700,000 : 0 : 10,408,272,525 : 41%
2022-10-13 20:09:31 : 96,800,000 : 0 : 10,418,758,525 : 41%
2022-10-13 20:23:40 : 96,900,000 : 0 : 10,429,375,600 : 41%
2022-10-13 20:37:32 : 97,000,000 : 0 : 10,450,347,600 : 41%
2022-10-13 20:51:26 : 97,100,000 : 0 : 10,460,964,675 : 41%
2022-10-13 21:05:37 : 97,200,000 : 0 : 10,471,450,675 : 41%
2022-10-13 21:20:11 : 97,300,000 : 0 : 10,481,936,675 : 41%
2022-10-13 21:34:40 : 97,400,000 : 0 : 10,492,160,525 : 41%
2022-10-13 21:48:50 : 97,500,000 : 0 : 10,502,646,525 : 41%
2022-10-13 22:03:50 : 97,600,000 : 0 : 10,513,132,525 : 41%
2022-10-13 22:19:22 : 97,700,000 : 0 : 10,523,618,525 : 41%
2022-10-13 22:34:51 : 97,800,000 : 0 : 10,533,973,450 : 41%
2022-10-13 22:50:34 : 97,900,000 : 0 : 10,544,328,375 : 41%
2022-10-13 23:06:55 : 98,000,000 : 0 : 10,554,552,225 : 41%
2022-10-13 23:23:24 : 98,100,000 : 0 : 10,564,907,150 : 41%
2022-10-13 23:40:17 : 98,200,000 : 0 : 10,575,262,075 : 41%
2022-10-13 23:57:14 : 98,300,000 : 0 : 10,585,485,925 : 41%
2022-10-14 00:14:22 : 98,400,000 : 0 : 10,595,709,775 : 41%
2022-10-14 00:30:58 : 98,500,000 : 0 : 10,605,802,550 : 41%
2022-10-14 00:47:15 : 98,600,000 : 0 : 10,615,764,250 : 42%
2022-10-14 01:03:26 : 98,700,000 : 0 : 10,625,857,025 : 42%
2022-10-14 01:19:49 : 98,800,000 : 0 : 10,635,818,725 : 42%
2022-10-14 01:36:14 : 98,900,000 : 0 : 10,645,780,425 : 42%
2022-10-14 01:52:33 : 99,000,000 : 0 : 10,655,742,125 : 42%
2022-10-14 02:09:10 : 99,100,000 : 0 : 10,665,834,900 : 42%
2022-10-14 02:25:52 : 99,200,000 : 0 : 10,675,927,675 : 42%
2022-10-14 02:42:41 : 99,300,000 : 0 : 10,685,889,375 : 42%
2022-10-14 02:59:56 : 99,400,000 : 0 : 10,695,982,150 : 42%
2022-10-14 03:17:58 : 99,500,000 : 0 : 10,716,298,775 : 42%
2022-10-14 03:37:11 : 99,600,000 : 0 : 10,726,653,700 : 42%
2022-10-14 03:57:36 : 99,700,000 : 0 : 10,736,877,550 : 42%
2022-10-14 04:19:04 : 99,800,000 : 0 : 10,747,232,475 : 42%
2022-10-14 04:41:45 : 99,900,000 : 0 : 10,757,587,400 : 42%
2022-10-14 05:05:27 : 100,000,000 : 0 : 10,767,942,325 : 42%
2022-10-14 05:30:11 : 100,100,000 : 0 : 10,778,428,325 : 42%
2022-10-14 05:55:42 : 100,200,000 : 0 : 10,788,783,250 : 42%
2022-10-14 06:22:52 : 100,300,000 : 0 : 10,799,269,250 : 42%
2022-10-14 06:51:10 : 100,400,000 : 0 : 10,809,886,325 : 42%
2022-10-14 07:20:47 : 100,500,000 : 0 : 10,820,503,400 : 42%
2022-10-14 07:51:53 : 100,600,000 : 0 : 10,831,120,475 : 42%
2022-10-14 08:24:05 : 100,700,000 : 0 : 10,841,606,475 : 42%
2022-10-14 08:56:16 : 100,800,000 : 0 : 10,852,223,550 : 42%
2022-10-14 09:28:25 : 100,900,000 : 0 : 10,862,840,625 : 42%
2022-10-14 09:59:30 : 101,000,000 : 0 : 10,873,326,625 : 43%
2022-10-14 10:28:20 : 101,100,000 : 0 : 10,883,812,625 : 43%
2022-10-14 10:55:00 : 101,200,000 : 0 : 10,894,429,700 : 43%
2022-10-14 11:19:37 : 101,300,000 : 0 : 10,905,046,775 : 43%
2022-10-14 11:42:04 : 101,400,000 : 0 : 10,915,532,775 : 43%
2022-10-14 12:03:03 : 101,500,000 : 0 : 10,926,018,775 : 43%
2022-10-14 12:22:56 : 101,600,000 : 0 : 10,936,635,850 : 43%
2022-10-14 12:41:49 : 101,700,000 : 0 : 10,947,252,925 : 43%
2022-10-14 12:59:39 : 101,800,000 : 0 : 10,968,487,075 : 43%
2022-10-14 13:16:48 : 101,900,000 : 0 : 10,979,235,225 : 43%
2022-10-14 13:33:28 : 102,000,000 : 0 : 10,989,852,300 : 43%
2022-10-14 13:49:19 : 102,100,000 : 0 : 11,000,600,450 : 43%
2022-10-14 14:04:48 : 102,200,000 : 0 : 11,011,217,525 : 43%
2022-10-14 14:19:55 : 102,300,000 : 0 : 11,021,965,675 : 43%
2022-10-14 14:34:45 : 102,400,000 : 0 : 11,032,713,825 : 43%
2022-10-14 14:49:16 : 102,500,000 : 0 : 11,043,330,900 : 43%
2022-10-14 15:03:43 : 102,600,000 : 0 : 11,054,079,050 : 43%
2022-10-14 15:18:30 : 102,700,000 : 0 : 11,064,827,200 : 43%
2022-10-14 15:33:00 : 102,800,000 : 0 : 11,075,575,350 : 43%
2022-10-14 15:47:23 : 102,900,000 : 0 : 11,086,454,575 : 43%
2022-10-14 16:01:55 : 103,000,000 : 0 : 11,097,202,725 : 43%
2022-10-14 16:16:46 : 103,100,000 : 0 : 11,107,950,875 : 43%
2022-10-14 16:31:33 : 103,200,000 : 0 : 11,118,699,025 : 43%
2022-10-14 16:46:22 : 103,300,000 : 0 : 11,129,447,175 : 44%
2022-10-14 17:01:04 : 103,400,000 : 0 : 11,140,195,325 : 44%
2022-10-14 17:15:49 : 103,500,000 : 0 : 11,150,943,475 : 44%
2022-10-14 17:30:25 : 103,600,000 : 0 : 11,161,560,550 : 44%
2022-10-14 17:44:54 : 103,700,000 : 0 : 11,172,308,700 : 44%
2022-10-14 17:59:26 : 103,800,000 : 0 : 11,182,925,775 : 44%
2022-10-14 18:14:01 : 103,900,000 : 0 : 11,193,542,850 : 44%
2022-10-14 18:28:32 : 104,000,000 : 0 : 11,214,777,000 : 44%
2022-10-14 18:43:10 : 104,100,000 : 0 : 11,225,394,075 : 44%
2022-10-14 18:57:48 : 104,200,000 : 0 : 11,236,011,150 : 44%
2022-10-14 19:12:28 : 104,300,000 : 0 : 11,246,497,150 : 44%
2022-10-14 19:26:51 : 104,400,000 : 0 : 11,256,852,075 : 44%
2022-10-14 19:41:23 : 104,500,000 : 0 : 11,267,338,075 : 44%
2022-10-14 19:55:35 : 104,600,000 : 0 : 11,277,824,075 : 44%
2022-10-14 20:10:16 : 104,700,000 : 0 : 11,288,310,075 : 44%
2022-10-14 20:25:06 : 104,800,000 : 0 : 11,298,665,000 : 44%
2022-10-14 20:39:55 : 104,900,000 : 0 : 11,309,151,000 : 44%
2022-10-14 20:54:36 : 105,000,000 : 0 : 11,319,505,925 : 44%
2022-10-14 21:09:31 : 105,100,000 : 0 : 11,329,860,850 : 44%
2022-10-14 21:24:41 : 105,200,000 : 0 : 11,340,346,850 : 44%
2022-10-14 21:39:50 : 105,300,000 : 0 : 11,350,570,700 : 44%
2022-10-14 21:54:59 : 105,400,000 : 0 : 11,360,925,625 : 44%
2022-10-14 22:11:01 : 105,500,000 : 0 : 11,371,411,625 : 44%
2022-10-14 22:27:14 : 105,600,000 : 0 : 11,381,766,550 : 45%
2022-10-14 22:43:35 : 105,700,000 : 0 : 11,391,990,400 : 45%
2022-10-14 23:00:17 : 105,800,000 : 0 : 11,402,345,325 : 45%
2022-10-14 23:17:28 : 105,900,000 : 0 : 11,412,700,250 : 45%
2022-10-14 23:34:43 : 106,000,000 : 0 : 11,422,793,025 : 45%
2022-10-14 23:52:07 : 106,100,000 : 0 : 11,433,016,875 : 45%
2022-10-15 00:09:40 : 106,200,000 : 0 : 11,443,109,650 : 45%
2022-10-15 00:27:28 : 106,300,000 : 0 : 11,453,202,425 : 45%
2022-10-15 00:44:56 : 106,400,000 : 0 : 11,463,295,200 : 45%
2022-10-15 01:02:32 : 106,500,000 : 0 : 11,483,349,675 : 45%
2022-10-15 01:20:29 : 106,600,000 : 0 : 11,493,311,375 : 45%
2022-10-15 01:38:11 : 106,700,000 : 0 : 11,503,142,000 : 45%
2022-10-15 01:56:04 : 106,800,000 : 0 : 11,513,103,700 : 45%
2022-10-15 02:14:14 : 106,900,000 : 0 : 11,523,065,400 : 45%
2022-10-15 02:32:40 : 107,000,000 : 0 : 11,533,027,100 : 45%
2022-10-15 02:51:34 : 107,100,000 : 0 : 11,542,988,800 : 45%
2022-10-15 03:11:02 : 107,200,000 : 0 : 11,552,950,500 : 45%
2022-10-15 03:31:26 : 107,300,000 : 0 : 11,563,043,275 : 45%
2022-10-15 03:52:13 : 107,400,000 : 0 : 11,573,004,975 : 45%
2022-10-15 04:13:51 : 107,500,000 : 0 : 11,582,835,600 : 45%
2022-10-15 04:36:20 : 107,600,000 : 0 : 11,592,797,300 : 45%
2022-10-15 05:00:53 : 107,700,000 : 0 : 11,602,890,075 : 45%
2022-10-15 05:26:36 : 107,800,000 : 0 : 11,612,982,850 : 45%
2022-10-15 05:53:50 : 107,900,000 : 0 : 11,623,075,625 : 45%
2022-10-15 06:22:41 : 108,000,000 : 0 : 11,633,299,475 : 45%
2022-10-15 06:52:13 : 108,100,000 : 0 : 11,643,523,325 : 46%
2022-10-15 07:22:41 : 108,200,000 : 0 : 11,653,747,175 : 46%
2022-10-15 07:54:05 : 108,300,000 : 0 : 11,663,971,025 : 46%
2022-10-15 08:25:59 : 108,400,000 : 0 : 11,674,194,875 : 46%
2022-10-15 08:58:10 : 108,500,000 : 0 : 11,684,287,650 : 46%
2022-10-15 09:30:18 : 108,600,000 : 0 : 11,694,380,425 : 46%
2022-10-15 10:02:26 : 108,700,000 : 0 : 11,704,342,125 : 46%
2022-10-15 10:33:12 : 108,800,000 : 0 : 11,714,434,900 : 46%
2022-10-15 11:02:34 : 108,900,000 : 0 : 11,724,527,675 : 46%
2022-10-15 11:29:18 : 109,000,000 : 0 : 11,734,620,450 : 46%
2022-10-15 11:54:16 : 109,100,000 : 0 : 11,744,713,225 : 46%
2022-10-15 12:17:31 : 109,200,000 : 0 : 11,754,937,075 : 46%
2022-10-15 12:39:28 : 109,300,000 : 0 : 11,765,160,925 : 46%
2022-10-15 13:00:27 : 109,400,000 : 0 : 11,785,870,775 : 46%
2022-10-15 13:20:13 : 109,500,000 : 0 : 11,796,225,700 : 46%
2022-10-15 13:39:15 : 109,600,000 : 0 : 11,806,580,625 : 46%
2022-10-15 13:57:29 : 109,700,000 : 0 : 11,816,935,550 : 46%
2022-10-15 14:15:01 : 109,800,000 : 0 : 11,827,421,550 : 46%
2022-10-15 14:31:54 : 109,900,000 : 0 : 11,837,776,475 : 46%
2022-10-15 14:48:30 : 110,000,000 : 0 : 11,848,262,475 : 46%
2022-10-15 15:04:50 : 110,100,000 : 0 : 11,858,748,475 : 46%
2022-10-15 15:20:59 : 110,200,000 : 0 : 11,869,234,475 : 46%
2022-10-15 15:37:06 : 110,300,000 : 0 : 11,879,720,475 : 46%
2022-10-15 15:52:56 : 110,400,000 : 0 : 11,890,206,475 : 47%
2022-10-15 16:08:39 : 110,500,000 : 0 : 11,900,692,475 : 47%
2022-10-15 16:24:22 : 110,600,000 : 0 : 11,911,047,400 : 47%
2022-10-15 16:39:44 : 110,700,000 : 0 : 11,921,402,325 : 47%
2022-10-15 16:54:55 : 110,800,000 : 0 : 11,931,757,250 : 47%
2022-10-15 17:10:06 : 110,900,000 : 0 : 11,941,981,100 : 47%
2022-10-15 17:25:06 : 111,000,000 : 0 : 11,952,336,025 : 47%
2022-10-15 17:40:11 : 111,100,000 : 0 : 11,962,559,875 : 47%
2022-10-15 17:55:32 : 111,200,000 : 0 : 11,972,914,800 : 47%
2022-10-15 18:11:07 : 111,300,000 : 0 : 11,983,269,725 : 47%
2022-10-15 18:26:27 : 111,400,000 : 0 : 11,993,493,575 : 47%
2022-10-15 18:41:40 : 111,500,000 : 0 : 12,003,586,350 : 47%
2022-10-15 18:57:01 : 111,600,000 : 0 : 12,013,810,200 : 47%
2022-10-15 19:12:41 : 111,700,000 : 0 : 12,023,902,975 : 47%
2022-10-15 19:27:59 : 111,800,000 : 0 : 12,044,088,525 : 47%
2022-10-15 19:43:37 : 111,900,000 : 0 : 12,054,312,375 : 47%
2022-10-15 19:59:29 : 112,000,000 : 0 : 12,064,405,150 : 47%
2022-10-15 20:15:09 : 112,100,000 : 0 : 12,074,366,850 : 47%
2022-10-15 20:30:41 : 112,200,000 : 0 : 12,084,328,550 : 47%
2022-10-15 20:46:06 : 112,300,000 : 0 : 12,094,290,250 : 47%
2022-10-15 21:01:32 : 112,400,000 : 0 : 12,104,383,025 : 47%
2022-10-15 21:17:32 : 112,500,000 : 0 : 12,114,475,800 : 47%
2022-10-15 21:33:17 : 112,600,000 : 0 : 12,124,437,500 : 47%
2022-10-15 21:49:25 : 112,700,000 : 0 : 12,134,530,275 : 47%
2022-10-15 22:05:10 : 112,800,000 : 0 : 12,144,491,975 : 47%
2022-10-15 22:21:25 : 112,900,000 : 0 : 12,154,322,600 : 48%
2022-10-15 22:37:26 : 113,000,000 : 0 : 12,164,284,300 : 48%
2022-10-15 22:53:41 : 113,100,000 : 0 : 12,174,114,925 : 48%
2022-10-15 23:10:03 : 113,200,000 : 0 : 12,183,945,550 : 48%
2022-10-15 23:26:35 : 113,300,000 : 0 : 12,193,645,100 : 48%
2022-10-15 23:43:03 : 113,400,000 : 0 : 12,203,213,575 : 48%
2022-10-16 00:00:02 : 113,500,000 : 0 : 12,213,044,200 : 48%
2022-10-16 00:17:24 : 113,600,000 : 0 : 12,223,005,900 : 48%
2022-10-16 00:34:40 : 113,700,000 : 0 : 12,232,705,450 : 48%
2022-10-16 00:51:42 : 113,800,000 : 0 : 12,242,536,075 : 48%
2022-10-16 01:09:05 : 113,900,000 : 0 : 12,252,366,700 : 48%
2022-10-16 01:26:33 : 114,000,000 : 0 : 12,262,066,250 : 48%
2022-10-16 01:43:42 : 114,100,000 : 0 : 12,271,634,725 : 48%
2022-10-16 02:01:16 : 114,200,000 : 0 : 12,281,465,350 : 48%
2022-10-16 02:18:43 : 114,300,000 : 0 : 12,300,733,375 : 48%
2022-10-16 02:36:09 : 114,400,000 : 0 : 12,310,301,850 : 48%
2022-10-16 02:53:54 : 114,500,000 : 0 : 12,320,001,400 : 48%
2022-10-16 03:11:55 : 114,600,000 : 0 : 12,329,700,950 : 48%
2022-10-16 03:30:24 : 114,700,000 : 0 : 12,339,400,500 : 48%
2022-10-16 03:49:39 : 114,800,000 : 0 : 12,349,100,050 : 48%
2022-10-16 04:09:51 : 114,900,000 : 0 : 12,358,930,675 : 48%
2022-10-16 04:31:49 : 115,000,000 : 0 : 12,368,892,375 : 48%
2022-10-16 04:54:22 : 115,100,000 : 0 : 12,378,723,000 : 48%
2022-10-16 05:18:12 : 115,200,000 : 0 : 12,388,684,700 : 48%
2022-10-16 05:42:28 : 115,300,000 : 0 : 12,398,384,250 : 48%
2022-10-16 06:07:33 : 115,400,000 : 0 : 12,408,345,950 : 49%
2022-10-16 06:34:20 : 115,500,000 : 0 : 12,418,307,650 : 49%
2022-10-16 07:02:44 : 115,600,000 : 0 : 12,428,400,425 : 49%
2022-10-16 07:31:47 : 115,700,000 : 0 : 12,438,493,200 : 49%
2022-10-16 08:01:46 : 115,800,000 : 0 : 12,448,717,050 : 49%
2022-10-16 08:32:12 : 115,900,000 : 0 : 12,458,940,900 : 49%
2022-10-16 09:03:24 : 116,000,000 : 0 : 12,469,164,750 : 49%
2022-10-16 09:34:28 : 116,100,000 : 0 : 12,479,257,525 : 49%
2022-10-16 10:05:20 : 116,200,000 : 0 : 12,489,350,300 : 49%
2022-10-16 10:35:45 : 116,300,000 : 0 : 12,499,443,075 : 49%
2022-10-16 11:04:43 : 116,400,000 : 0 : 12,509,535,850 : 49%
2022-10-16 11:32:03 : 116,500,000 : 0 : 12,519,759,700 : 49%
2022-10-16 11:57:46 : 116,600,000 : 0 : 12,530,114,625 : 49%
2022-10-16 12:21:17 : 116,700,000 : 0 : 12,540,338,475 : 49%
2022-10-16 12:43:14 : 116,800,000 : 0 : 12,561,048,325 : 49%
2022-10-16 13:03:59 : 116,900,000 : 0 : 12,571,272,175 : 49%
2022-10-16 13:23:07 : 117,000,000 : 0 : 12,581,496,025 : 49%
2022-10-16 13:41:18 : 117,100,000 : 0 : 12,591,719,875 : 49%
2022-10-16 13:59:01 : 117,200,000 : 0 : 12,602,074,800 : 49%
2022-10-16 14:16:00 : 117,300,000 : 0 : 12,612,298,650 : 49%
2022-10-16 14:32:09 : 117,400,000 : 0 : 12,622,522,500 : 49%
2022-10-16 14:47:46 : 117,500,000 : 0 : 12,632,746,350 : 49%
2022-10-16 15:02:42 : 117,600,000 : 0 : 12,642,970,200 : 49%
2022-10-16 15:17:33 : 117,700,000 : 0 : 12,653,194,050 : 49%
2022-10-16 15:32:21 : 117,800,000 : 0 : 12,663,417,900 : 50%
2022-10-16 15:47:02 : 117,900,000 : 0 : 12,673,772,825 : 50%
2022-10-16 16:01:46 : 118,000,000 : 0 : 12,684,127,750 : 50%
2022-10-16 16:16:11 : 118,100,000 : 0 : 12,694,482,675 : 50%
2022-10-16 16:30:37 : 118,200,000 : 0 : 12,704,837,600 : 50%
2022-10-16 16:45:03 : 118,300,000 : 0 : 12,715,192,525 : 50%
2022-10-16 16:59:41 : 118,400,000 : 0 : 12,725,416,375 : 50%
2022-10-16 17:13:45 : 118,500,000 : 0 : 12,735,378,075 : 50%
2022-10-16 17:27:23 : 118,600,000 : 0 : 12,745,470,850 : 50%
2022-10-16 17:40:39 : 118,700,000 : 0 : 12,755,563,625 : 50%
2022-10-16 17:53:56 : 118,800,000 : 0 : 12,765,525,325 : 50%
2022-10-16 18:07:28 : 118,900,000 : 0 : 12,775,618,100 : 50%
2022-10-16 18:21:06 : 119,000,000 : 0 : 12,785,579,800 : 50%
2022-10-16 18:34:57 : 119,100,000 : 0 : 12,795,672,575 : 50%
2022-10-16 18:49:16 : 119,200,000 : 0 : 12,805,896,425 : 50%
2022-10-16 19:03:04 : 119,300,000 : 0 : 12,815,858,125 : 50%
2022-10-16 19:16:44 : 119,400,000 : 0 : 12,835,650,450 : 50%
2022-10-16 19:30:27 : 119,500,000 : 0 : 12,845,612,150 : 50%
2022-10-16 19:44:02 : 119,600,000 : 0 : 12,855,311,700 : 50%
2022-10-16 19:57:20 : 119,700,000 : 0 : 12,865,011,250 : 50%
2022-10-16 20:10:20 : 119,800,000 : 0 : 12,874,972,950 : 50%
2022-10-16 20:24:10 : 119,900,000 : 0 : 12,885,196,800 : 50%
2022-10-16 20:38:35 : 120,000,000 : 0 : 12,895,289,575 : 50%
2022-10-16 20:53:23 : 120,100,000 : 0 : 12,905,513,425 : 50%
2022-10-16 21:08:10 : 120,200,000 : 0 : 12,915,606,200 : 51%
2022-10-16 21:23:12 : 120,300,000 : 0 : 12,925,830,050 : 51%
2022-10-16 21:38:24 : 120,400,000 : 0 : 12,936,053,900 : 51%
2022-10-16 21:53:51 : 120,500,000 : 0 : 12,946,146,675 : 51%
2022-10-16 22:09:23 : 120,600,000 : 0 : 12,956,370,525 : 51%
2022-10-16 22:25:17 : 120,700,000 : 0 : 12,966,463,300 : 51%
2022-10-16 22:41:38 : 120,800,000 : 0 : 12,976,687,150 : 51%
2022-10-16 22:58:07 : 120,900,000 : 0 : 12,986,911,000 : 51%
2022-10-16 23:14:26 : 121,000,000 : 0 : 12,996,872,700 : 51%
2022-10-16 23:31:05 : 121,100,000 : 0 : 13,006,834,400 : 51%
2022-10-16 23:47:53 : 121,200,000 : 0 : 13,016,927,175 : 51%
2022-10-17 00:05:09 : 121,300,000 : 0 : 13,027,019,950 : 51%
2022-10-17 00:21:40 : 121,400,000 : 0 : 13,037,112,725 : 51%
2022-10-17 00:38:25 : 121,500,000 : 0 : 13,047,074,425 : 51%
2022-10-17 00:54:47 : 121,600,000 : 0 : 13,057,036,125 : 51%
2022-10-17 01:11:05 : 121,700,000 : 0 : 13,066,997,825 : 51%
2022-10-17 01:27:36 : 121,800,000 : 0 : 13,076,959,525 : 51%
2022-10-17 01:44:30 : 121,900,000 : 0 : 13,096,882,925 : 51%
2022-10-17 02:01:29 : 122,000,000 : 0 : 13,106,844,625 : 51%
2022-10-17 02:18:16 : 122,100,000 : 0 : 13,116,806,325 : 51%
2022-10-17 02:35:10 : 122,200,000 : 0 : 13,126,768,025 : 51%
2022-10-17 02:52:31 : 122,300,000 : 0 : 13,136,729,725 : 51%
2022-10-17 03:10:28 : 122,400,000 : 0 : 13,146,822,500 : 51%
2022-10-17 03:29:10 : 122,500,000 : 0 : 13,156,915,275 : 51%
2022-10-17 03:48:45 : 122,600,000 : 0 : 13,167,139,125 : 51%
2022-10-17 04:09:40 : 122,700,000 : 0 : 13,177,362,975 : 52%
2022-10-17 04:31:52 : 122,800,000 : 0 : 13,187,586,825 : 52%
2022-10-17 04:55:24 : 122,900,000 : 0 : 13,197,941,750 : 52%
2022-10-17 05:19:59 : 123,000,000 : 0 : 13,208,165,600 : 52%
2022-10-17 05:45:51 : 123,100,000 : 0 : 13,218,520,525 : 52%
2022-10-17 06:13:20 : 123,200,000 : 0 : 13,229,006,525 : 52%
2022-10-17 06:42:08 : 123,300,000 : 0 : 13,239,361,450 : 52%
2022-10-17 07:12:21 : 123,400,000 : 0 : 13,249,847,450 : 52%
2022-10-17 07:43:50 : 123,500,000 : 0 : 13,260,333,450 : 52%
2022-10-17 08:16:21 : 123,600,000 : 0 : 13,270,819,450 : 52%
2022-10-17 08:49:11 : 123,700,000 : 0 : 13,281,436,525 : 52%
2022-10-17 09:21:30 : 123,800,000 : 0 : 13,291,922,525 : 52%
2022-10-17 09:53:18 : 123,900,000 : 0 : 13,302,539,600 : 52%
2022-10-17 10:23:47 : 124,000,000 : 0 : 13,313,025,600 : 52%
2022-10-17 10:51:31 : 124,100,000 : 0 : 13,323,511,600 : 52%
2022-10-17 11:17:06 : 124,200,000 : 0 : 13,333,997,600 : 52%
2022-10-17 11:40:45 : 124,300,000 : 0 : 13,355,100,675 : 52%
2022-10-17 12:03:25 : 124,400,000 : 0 : 13,365,717,750 : 52%
2022-10-17 12:24:36 : 124,500,000 : 0 : 13,376,334,825 : 52%
2022-10-17 12:44:39 : 124,600,000 : 0 : 13,386,951,900 : 52%
2022-10-17 13:03:29 : 124,700,000 : 0 : 13,397,568,975 : 52%
2022-10-17 13:21:30 : 124,800,000 : 0 : 13,408,317,125 : 52%
2022-10-17 13:38:52 : 124,900,000 : 0 : 13,419,065,275 : 52%
2022-10-17 13:55:39 : 125,000,000 : 0 : 13,429,813,425 : 53%
2022-10-17 14:12:18 : 125,100,000 : 0 : 13,440,430,500 : 53%
2022-10-17 14:28:38 : 125,200,000 : 0 : 13,451,047,575 : 53%
2022-10-17 14:44:32 : 125,300,000 : 0 : 13,461,795,725 : 53%
2022-10-17 14:59:52 : 125,400,000 : 0 : 13,472,543,875 : 53%
2022-10-17 15:18:41 : 125,500,000 : 0 : 13,483,423,100 : 53%
2022-10-17 15:34:20 : 125,600,000 : 0 : 13,494,171,250 : 53%
2022-10-17 15:49:42 : 125,700,000 : 0 : 13,504,919,400 : 53%
2022-10-17 16:05:17 : 125,800,000 : 0 : 13,515,798,625 : 53%
2022-10-17 16:21:00 : 125,900,000 : 0 : 13,526,546,775 : 53%
2022-10-17 16:36:34 : 126,000,000 : 0 : 13,537,426,000 : 53%
2022-10-17 16:51:50 : 126,100,000 : 0 : 13,548,174,150 : 53%
2022-10-17 17:06:54 : 126,200,000 : 0 : 13,558,922,300 : 53%
2022-10-17 17:21:57 : 126,300,000 : 0 : 13,569,801,525 : 53%
2022-10-17 17:36:36 : 126,400,000 : 0 : 13,591,428,900 : 53%
2022-10-17 17:51:03 : 126,500,000 : 0 : 13,602,308,125 : 53%
2022-10-17 18:05:30 : 126,600,000 : 0 : 13,613,056,275 : 53%
2022-10-17 18:19:51 : 126,700,000 : 0 : 13,623,935,500 : 53%
2022-10-17 18:34:10 : 126,800,000 : 0 : 13,634,683,650 : 53%
2022-10-17 18:48:18 : 126,900,000 : 0 : 13,645,300,725 : 53%
2022-10-17 19:02:23 : 127,000,000 : 0 : 13,656,048,875 : 53%
2022-10-17 19:16:44 : 127,100,000 : 0 : 13,666,797,025 : 53%
2022-10-17 19:31:12 : 127,200,000 : 0 : 13,677,414,100 : 53%
2022-10-17 19:45:28 : 127,300,000 : 0 : 13,688,162,250 : 54%
2022-10-17 19:59:27 : 127,400,000 : 0 : 13,698,779,325 : 54%
2022-10-17 20:13:43 : 127,500,000 : 0 : 13,709,527,475 : 54%
2022-10-17 20:27:56 : 127,600,000 : 0 : 13,720,144,550 : 54%
2022-10-17 20:42:13 : 127,700,000 : 0 : 13,730,892,700 : 54%
2022-10-17 20:56:39 : 127,800,000 : 0 : 13,741,509,775 : 54%
2022-10-17 21:11:17 : 127,900,000 : 0 : 13,752,126,850 : 54%
2022-10-17 21:25:59 : 128,000,000 : 0 : 13,762,743,925 : 54%
2022-10-17 21:40:58 : 128,100,000 : 0 : 13,773,361,000 : 54%
2022-10-17 21:56:29 : 128,200,000 : 0 : 13,784,109,150 : 54%
2022-10-17 22:12:29 : 128,300,000 : 0 : 13,794,726,225 : 54%
2022-10-17 22:28:54 : 128,400,000 : 0 : 13,805,343,300 : 54%
2022-10-17 22:45:47 : 128,500,000 : 0 : 13,826,577,450 : 54%
2022-10-17 23:02:56 : 128,600,000 : 0 : 13,836,932,375 : 54%
2022-10-17 23:20:12 : 128,700,000 : 0 : 13,847,418,375 : 54%
2022-10-17 23:37:44 : 128,800,000 : 0 : 13,857,773,300 : 54%
2022-10-17 23:55:34 : 128,900,000 : 0 : 13,868,259,300 : 54%
2022-10-18 00:13:31 : 129,000,000 : 0 : 13,878,352,075 : 54%
2022-10-18 00:30:48 : 129,100,000 : 0 : 13,888,444,850 : 54%
2022-10-18 00:47:47 : 129,200,000 : 0 : 13,898,406,550 : 54%
2022-10-18 01:05:05 : 129,300,000 : 0 : 13,908,499,325 : 54%
2022-10-18 01:22:24 : 129,400,000 : 0 : 13,918,461,025 : 54%
2022-10-18 01:39:27 : 129,500,000 : 0 : 13,928,291,650 : 54%
2022-10-18 01:56:28 : 129,600,000 : 0 : 13,938,515,500 : 55%
2022-10-18 02:13:52 : 129,700,000 : 0 : 13,948,608,275 : 55%
2022-10-18 02:31:42 : 129,800,000 : 0 : 13,958,701,050 : 55%
2022-10-18 02:49:32 : 129,900,000 : 0 : 13,968,793,825 : 55%
2022-10-18 03:07:31 : 130,000,000 : 0 : 13,978,886,600 : 55%
2022-10-18 03:25:46 : 130,100,000 : 0 : 13,988,848,300 : 55%
2022-10-18 03:43:50 : 130,200,000 : 0 : 13,998,810,000 : 55%
2022-10-18 04:04:02 : 130,300,000 : 0 : 14,009,033,850 : 55%
2022-10-18 04:25:51 : 130,400,000 : 0 : 14,019,257,700 : 55%
2022-10-18 04:49:04 : 130,500,000 : 0 : 14,029,612,625 : 55%
2022-10-18 05:13:46 : 130,600,000 : 0 : 14,040,098,625 : 55%
2022-10-18 05:39:35 : 130,700,000 : 0 : 14,050,453,550 : 55%
2022-10-18 06:07:17 : 130,800,000 : 0 : 14,060,939,550 : 55%
2022-10-18 06:36:14 : 130,900,000 : 0 : 14,081,911,550 : 55%
2022-10-18 07:06:05 : 131,000,000 : 0 : 14,092,528,625 : 55%
2022-10-18 07:37:45 : 131,100,000 : 0 : 14,103,145,700 : 55%
2022-10-18 08:10:55 : 131,200,000 : 0 : 14,113,762,775 : 55%
2022-10-18 08:44:25 : 131,300,000 : 0 : 14,124,248,775 : 55%
2022-10-18 09:17:52 : 131,400,000 : 0 : 14,134,865,850 : 55%
2022-10-18 09:49:55 : 131,500,000 : 0 : 14,145,351,850 : 55%
2022-10-18 10:19:54 : 131,600,000 : 0 : 14,155,706,775 : 55%
2022-10-18 10:47:10 : 131,700,000 : 0 : 14,166,323,850 : 55%
2022-10-18 11:12:31 : 131,800,000 : 0 : 14,176,809,850 : 55%
2022-10-18 11:36:15 : 131,900,000 : 0 : 14,187,426,925 : 55%
2022-10-18 11:58:32 : 132,000,000 : 0 : 14,198,044,000 : 56%
2022-10-18 12:19:27 : 132,100,000 : 0 : 14,208,792,150 : 56%
2022-10-18 12:39:01 : 132,200,000 : 0 : 14,219,409,225 : 56%
2022-10-18 12:57:23 : 132,300,000 : 0 : 14,230,288,450 : 56%
2022-10-18 13:15:13 : 132,400,000 : 0 : 14,241,036,600 : 56%
2022-10-18 13:32:24 : 132,500,000 : 0 : 14,251,915,825 : 56%
2022-10-18 13:49:01 : 132,600,000 : 0 : 14,262,663,975 : 56%
2022-10-18 14:05:12 : 132,700,000 : 0 : 14,273,543,200 : 56%
2022-10-18 14:20:59 : 132,800,000 : 0 : 14,284,422,425 : 56%
2022-10-18 14:36:16 : 132,900,000 : 0 : 14,295,170,575 : 56%
2022-10-18 14:51:24 : 133,000,000 : 0 : 14,306,049,800 : 56%
2022-10-18 15:06:17 : 133,100,000 : 0 : 14,327,808,250 : 56%
2022-10-18 15:20:56 : 133,200,000 : 0 : 14,338,687,475 : 56%
2022-10-18 15:35:21 : 133,300,000 : 0 : 14,349,566,700 : 56%
2022-10-18 15:49:37 : 133,400,000 : 0 : 14,360,445,925 : 56%
2022-10-18 16:03:51 : 133,500,000 : 0 : 14,371,325,150 : 56%
2022-10-18 16:18:15 : 133,600,000 : 0 : 14,382,204,375 : 56%
2022-10-18 16:32:28 : 133,700,000 : 0 : 14,393,083,600 : 56%
2022-10-18 16:46:39 : 133,800,000 : 0 : 14,403,831,750 : 56%
2022-10-18 17:00:46 : 133,900,000 : 0 : 14,414,710,975 : 56%
2022-10-18 17:15:14 : 134,000,000 : 0 : 14,425,459,125 : 56%
2022-10-18 17:29:31 : 134,100,000 : 0 : 14,436,338,350 : 56%
2022-10-18 17:43:47 : 134,200,000 : 0 : 14,447,086,500 : 57%
2022-10-18 17:58:01 : 134,300,000 : 0 : 14,457,834,650 : 57%
2022-10-18 18:12:30 : 134,400,000 : 0 : 14,468,582,800 : 57%
2022-10-18 18:26:49 : 134,500,000 : 0 : 14,479,330,950 : 57%
2022-10-18 18:41:07 : 134,600,000 : 0 : 14,489,948,025 : 57%
2022-10-18 18:55:08 : 134,700,000 : 0 : 14,500,565,100 : 57%
2022-10-18 19:09:02 : 134,800,000 : 0 : 14,511,182,175 : 57%
2022-10-18 19:22:57 : 134,900,000 : 0 : 14,521,799,250 : 57%
2022-10-18 19:36:51 : 135,000,000 : 0 : 14,532,416,325 : 57%
2022-10-18 19:50:42 : 135,100,000 : 0 : 14,553,650,475 : 57%
2022-10-18 20:04:33 : 135,200,000 : 0 : 14,564,136,475 : 57%
2022-10-18 20:18:22 : 135,300,000 : 0 : 14,574,622,475 : 57%
2022-10-18 20:31:58 : 135,400,000 : 0 : 14,585,108,475 : 57%
2022-10-18 20:45:45 : 135,500,000 : 0 : 14,595,594,475 : 57%
2022-10-18 20:59:38 : 135,600,000 : 0 : 14,606,080,475 : 57%
2022-10-18 21:13:52 : 135,700,000 : 0 : 14,616,566,475 : 57%
2022-10-18 21:28:18 : 135,800,000 : 0 : 14,627,183,550 : 57%
2022-10-18 21:43:11 : 135,900,000 : 0 : 14,637,669,550 : 57%
2022-10-18 21:58:15 : 136,000,000 : 0 : 14,648,155,550 : 57%
2022-10-18 22:13:34 : 136,100,000 : 0 : 14,658,641,550 : 57%
2022-10-18 22:29:13 : 136,200,000 : 0 : 14,669,127,550 : 57%
2022-10-18 22:45:06 : 136,300,000 : 0 : 14,679,613,550 : 57%
2022-10-18 23:00:58 : 136,400,000 : 0 : 14,690,099,550 : 57%
2022-10-18 23:17:20 : 136,500,000 : 0 : 14,700,454,475 : 57%
2022-10-18 23:33:16 : 136,600,000 : 0 : 14,710,809,400 : 58%
2022-10-18 23:49:39 : 136,700,000 : 0 : 14,721,033,250 : 58%
2022-10-19 00:06:20 : 136,800,000 : 0 : 14,731,388,175 : 58%
2022-10-19 00:22:50 : 136,900,000 : 0 : 14,741,612,025 : 58%
2022-10-19 00:39:07 : 137,000,000 : 0 : 14,751,704,800 : 58%
2022-10-19 00:55:25 : 137,100,000 : 0 : 14,761,928,650 : 58%
2022-10-19 01:11:21 : 137,200,000 : 0 : 14,771,890,350 : 58%
2022-10-19 01:27:36 : 137,300,000 : 0 : 14,781,983,125 : 58%
2022-10-19 01:43:48 : 137,400,000 : 0 : 14,802,037,600 : 58%
2022-10-19 01:59:47 : 137,500,000 : 0 : 14,811,999,300 : 58%
2022-10-19 02:16:19 : 137,600,000 : 0 : 14,822,092,075 : 58%
2022-10-19 02:33:10 : 137,700,000 : 0 : 14,832,315,925 : 58%
2022-10-19 02:50:20 : 137,800,000 : 0 : 14,842,408,700 : 58%
2022-10-19 03:08:12 : 137,900,000 : 0 : 14,852,501,475 : 58%
2022-10-19 03:26:38 : 138,000,000 : 0 : 14,862,725,325 : 58%
2022-10-19 03:45:53 : 138,100,000 : 0 : 14,872,949,175 : 58%
2022-10-19 04:06:26 : 138,200,000 : 0 : 14,883,173,025 : 58%
2022-10-19 04:27:42 : 138,300,000 : 0 : 14,893,396,875 : 58%
2022-10-19 04:50:06 : 138,400,000 : 0 : 14,903,620,725 : 58%
2022-10-19 05:13:32 : 138,500,000 : 0 : 14,913,844,575 : 58%
2022-10-19 05:38:25 : 138,600,000 : 0 : 14,924,199,500 : 58%
2022-10-19 06:04:53 : 138,700,000 : 0 : 14,934,554,425 : 58%
2022-10-19 06:33:12 : 138,800,000 : 0 : 14,945,040,425 : 58%
2022-10-19 07:02:38 : 138,900,000 : 0 : 14,955,657,500 : 58%
2022-10-19 07:33:50 : 139,000,000 : 0 : 14,966,274,575 : 59%
2022-10-19 08:06:19 : 139,100,000 : 0 : 14,976,760,575 : 59%
2022-10-19 08:39:20 : 139,200,000 : 0 : 14,987,377,650 : 59%
2022-10-19 09:12:33 : 139,300,000 : 0 : 14,997,994,725 : 59%
2022-10-19 09:45:00 : 139,400,000 : 0 : 15,008,611,800 : 59%
2022-10-19 10:15:10 : 139,500,000 : 0 : 15,019,228,875 : 59%
2022-10-19 10:43:23 : 139,600,000 : 0 : 15,029,714,875 : 59%
2022-10-19 11:09:13 : 139,700,000 : 0 : 15,040,200,875 : 59%
2022-10-19 11:33:02 : 139,800,000 : 0 : 15,061,303,950 : 59%
2022-10-19 11:55:05 : 139,900,000 : 0 : 15,071,921,025 : 59%
2022-10-19 12:15:59 : 140,000,000 : 0 : 15,082,538,100 : 59%
2022-10-19 12:35:39 : 140,100,000 : 0 : 15,093,155,175 : 59%
2022-10-19 12:54:16 : 140,200,000 : 0 : 15,103,772,250 : 59%
2022-10-19 13:11:59 : 140,300,000 : 0 : 15,114,520,400 : 59%
2022-10-19 13:29:16 : 140,400,000 : 0 : 15,125,399,625 : 59%
2022-10-19 13:46:05 : 140,500,000 : 0 : 15,136,147,775 : 59%
2022-10-19 14:02:14 : 140,600,000 : 0 : 15,147,027,000 : 59%
2022-10-19 14:18:10 : 140,700,000 : 0 : 15,157,906,225 : 59%
2022-10-19 14:33:36 : 140,800,000 : 0 : 15,168,785,450 : 59%
2022-10-19 14:48:42 : 140,900,000 : 0 : 15,179,664,675 : 59%
2022-10-19 15:03:37 : 141,000,000 : 0 : 15,190,543,900 : 59%
2022-10-19 15:18:24 : 141,100,000 : 0 : 15,201,423,125 : 59%
2022-10-19 15:32:54 : 141,200,000 : 0 : 15,212,302,350 : 59%
2022-10-19 15:47:24 : 141,300,000 : 0 : 15,223,181,575 : 60%
2022-10-19 16:01:41 : 141,400,000 : 0 : 15,234,060,800 : 60%
2022-10-19 16:16:06 : 141,500,000 : 0 : 15,244,808,950 : 60%
2022-10-19 16:30:18 : 141,600,000 : 0 : 15,255,688,175 : 60%
2022-10-19 16:44:30 : 141,700,000 : 0 : 15,266,436,325 : 60%
2022-10-19 16:58:33 : 141,800,000 : 0 : 15,277,184,475 : 60%
2022-10-19 17:12:45 : 141,900,000 : 0 : 15,298,680,775 : 60%
2022-10-19 17:26:57 : 142,000,000 : 0 : 15,309,560,000 : 60%
2022-10-19 17:41:04 : 142,100,000 : 0 : 15,320,308,150 : 60%
2022-10-19 17:55:07 : 142,200,000 : 0 : 15,331,056,300 : 60%
2022-10-19 18:09:23 : 142,300,000 : 0 : 15,341,804,450 : 60%
2022-10-19 18:23:39 : 142,400,000 : 0 : 15,352,552,600 : 60%
2022-10-19 18:37:41 : 142,500,000 : 0 : 15,363,169,675 : 60%
2022-10-19 18:51:38 : 142,600,000 : 0 : 15,373,917,825 : 60%
2022-10-19 19:05:33 : 142,700,000 : 0 : 15,384,403,825 : 60%
2022-10-19 19:19:10 : 142,800,000 : 0 : 15,394,889,825 : 60%
2022-10-19 19:32:55 : 142,900,000 : 0 : 15,405,506,900 : 60%
2022-10-19 19:46:41 : 143,000,000 : 0 : 15,415,992,900 : 60%
2022-10-19 20:00:11 : 143,100,000 : 0 : 15,426,478,900 : 60%
2022-10-19 20:13:48 : 143,200,000 : 0 : 15,436,964,900 : 60%
2022-10-19 20:27:27 : 143,300,000 : 0 : 15,447,450,900 : 60%
2022-10-19 20:41:12 : 143,400,000 : 0 : 15,457,936,900 : 60%
2022-10-19 20:54:58 : 143,500,000 : 0 : 15,468,422,900 : 60%
2022-10-19 21:08:58 : 143,600,000 : 0 : 15,478,908,900 : 61%
2022-10-19 21:23:03 : 143,700,000 : 0 : 15,489,263,825 : 61%
2022-10-19 21:37:39 : 143,800,000 : 0 : 15,499,749,825 : 61%
2022-10-19 21:52:17 : 143,900,000 : 0 : 15,510,235,825 : 61%
2022-10-19 22:07:26 : 144,000,000 : 0 : 15,531,338,900 : 61%
2022-10-19 22:22:55 : 144,100,000 : 0 : 15,541,824,900 : 61%
2022-10-19 22:38:42 : 144,200,000 : 0 : 15,552,179,825 : 61%
2022-10-19 22:54:43 : 144,300,000 : 0 : 15,562,534,750 : 61%
2022-10-19 23:11:10 : 144,400,000 : 0 : 15,573,020,750 : 61%
2022-10-19 23:28:00 : 144,500,000 : 0 : 15,583,375,675 : 61%
2022-10-19 23:45:08 : 144,600,000 : 0 : 15,593,730,600 : 61%
2022-10-20 00:02:08 : 144,700,000 : 0 : 15,603,823,375 : 61%
2022-10-20 00:18:37 : 144,800,000 : 0 : 15,613,916,150 : 61%
2022-10-20 00:35:04 : 144,900,000 : 0 : 15,624,008,925 : 61%
2022-10-20 00:51:18 : 145,000,000 : 0 : 15,634,101,700 : 61%
2022-10-20 01:07:33 : 145,100,000 : 0 : 15,644,194,475 : 61%
2022-10-20 01:24:01 : 145,200,000 : 0 : 15,654,287,250 : 61%
2022-10-20 01:40:24 : 145,300,000 : 0 : 15,664,248,950 : 61%
2022-10-20 01:56:44 : 145,400,000 : 0 : 15,674,210,650 : 61%
2022-10-20 02:12:55 : 145,500,000 : 0 : 15,684,172,350 : 61%
2022-10-20 02:29:28 : 145,600,000 : 0 : 15,694,134,050 : 61%
2022-10-20 02:46:23 : 145,700,000 : 0 : 15,703,964,675 : 61%
2022-10-20 03:03:43 : 145,800,000 : 0 : 15,713,926,375 : 61%
2022-10-20 03:22:20 : 145,900,000 : 0 : 15,724,019,150 : 61%
2022-10-20 03:41:49 : 146,000,000 : 0 : 15,734,111,925 : 62%
2022-10-20 04:02:48 : 146,100,000 : 0 : 15,744,335,775 : 62%
2022-10-20 04:24:39 : 146,200,000 : 0 : 15,754,428,550 : 62%
2022-10-20 04:46:50 : 146,300,000 : 0 : 15,774,745,175 : 62%
2022-10-20 05:11:15 : 146,400,000 : 0 : 15,785,100,100 : 62%
2022-10-20 05:37:13 : 146,500,000 : 0 : 15,795,586,100 : 62%
2022-10-20 06:05:03 : 146,600,000 : 0 : 15,806,072,100 : 62%
2022-10-20 06:33:30 : 146,700,000 : 0 : 15,816,558,100 : 62%
2022-10-20 07:03:22 : 146,800,000 : 0 : 15,827,044,100 : 62%
2022-10-20 07:35:03 : 146,900,000 : 0 : 15,837,661,175 : 62%
2022-10-20 08:07:49 : 147,000,000 : 0 : 15,848,278,250 : 62%
2022-10-20 08:40:51 : 147,100,000 : 0 : 15,858,764,250 : 62%
2022-10-20 09:13:37 : 147,200,000 : 0 : 15,869,250,250 : 62%
2022-10-20 09:45:19 : 147,300,000 : 0 : 15,879,736,250 : 62%
2022-10-20 10:15:35 : 147,400,000 : 0 : 15,890,091,175 : 62%
2022-10-20 10:43:25 : 147,500,000 : 0 : 15,900,446,100 : 62%
2022-10-20 11:09:14 : 147,600,000 : 0 : 15,910,801,025 : 62%
2022-10-20 11:32:35 : 147,700,000 : 0 : 15,921,287,025 : 62%
2022-10-20 11:54:13 : 147,800,000 : 0 : 15,931,641,950 : 62%
2022-10-20 12:14:52 : 147,900,000 : 0 : 15,942,259,025 : 62%
2022-10-20 12:34:04 : 148,000,000 : 0 : 15,952,613,950 : 62%
2022-10-20 12:51:41 : 148,100,000 : 0 : 15,963,099,950 : 62%
2022-10-20 13:08:43 : 148,200,000 : 0 : 15,973,585,950 : 62%
2022-10-20 13:25:13 : 148,300,000 : 0 : 15,984,071,950 : 63%
2022-10-20 13:41:19 : 148,400,000 : 0 : 15,994,689,025 : 63%
2022-10-20 13:56:58 : 148,500,000 : 0 : 16,005,306,100 : 63%
2022-10-20 14:12:18 : 148,600,000 : 0 : 16,026,671,325 : 63%
2022-10-20 14:27:20 : 148,700,000 : 0 : 16,037,288,400 : 63%
2022-10-20 14:42:04 : 148,800,000 : 0 : 16,048,036,550 : 63%
2022-10-20 14:56:35 : 148,900,000 : 0 : 16,058,784,700 : 63%
2022-10-20 15:10:58 : 149,000,000 : 0 : 16,069,401,775 : 63%
2022-10-20 15:25:18 : 149,100,000 : 0 : 16,080,149,925 : 63%
2022-10-20 15:39:29 : 149,200,000 : 0 : 16,090,898,075 : 63%
2022-10-20 15:53:39 : 149,300,000 : 0 : 16,101,515,150 : 63%
2022-10-20 16:07:35 : 149,400,000 : 0 : 16,112,263,300 : 63%
2022-10-20 16:21:39 : 149,500,000 : 0 : 16,122,880,375 : 63%
2022-10-20 16:35:33 : 149,600,000 : 0 : 16,133,497,450 : 63%
2022-10-20 16:49:29 : 149,700,000 : 0 : 16,144,114,525 : 63%
2022-10-20 17:03:08 : 149,800,000 : 0 : 16,154,731,600 : 63%
2022-10-20 17:17:10 : 149,900,000 : 0 : 16,165,348,675 : 63%
2022-10-20 17:31:06 : 150,000,000 : 0 : 16,176,096,825 : 63%
2022-10-20 17:45:08 : 150,100,000 : 0 : 16,186,713,900 : 63%
2022-10-20 17:59:08 : 150,200,000 : 0 : 16,197,462,050 : 63%
2022-10-20 18:13:20 : 150,300,000 : 0 : 16,208,210,200 : 63%
2022-10-20 18:27:29 : 150,400,000 : 0 : 16,218,827,275 : 63%
2022-10-20 18:41:43 : 150,500,000 : 0 : 16,229,444,350 : 63%
2022-10-20 18:55:44 : 150,600,000 : 0 : 16,239,930,350 : 64%
2022-10-20 19:09:53 : 150,700,000 : 0 : 16,261,164,500 : 64%
2022-10-20 19:24:00 : 150,800,000 : 0 : 16,271,781,575 : 64%
2022-10-20 19:38:10 : 150,900,000 : 0 : 16,282,398,650 : 64%
2022-10-20 19:52:06 : 151,000,000 : 0 : 16,292,884,650 : 64%
2022-10-20 20:05:54 : 151,100,000 : 0 : 16,303,370,650 : 64%
2022-10-20 20:19:55 : 151,200,000 : 0 : 16,313,856,650 : 64%
2022-10-20 20:33:50 : 151,300,000 : 0 : 16,324,342,650 : 64%
2022-10-20 20:47:56 : 151,400,000 : 0 : 16,334,828,650 : 64%
2022-10-20 21:02:06 : 151,500,000 : 0 : 16,345,314,650 : 64%
2022-10-20 21:16:44 : 151,600,000 : 0 : 16,355,800,650 : 64%
2022-10-20 21:31:36 : 151,700,000 : 0 : 16,366,286,650 : 64%
2022-10-20 21:46:36 : 151,800,000 : 0 : 16,376,641,575 : 64%
2022-10-20 22:01:44 : 151,900,000 : 0 : 16,387,127,575 : 64%
2022-10-20 22:17:36 : 152,000,000 : 0 : 16,397,613,575 : 64%
2022-10-20 22:33:51 : 152,100,000 : 0 : 16,407,968,500 : 64%
2022-10-20 22:50:13 : 152,200,000 : 0 : 16,418,323,425 : 64%
2022-10-20 23:07:02 : 152,300,000 : 0 : 16,428,678,350 : 64%
2022-10-20 23:23:52 : 152,400,000 : 0 : 16,439,033,275 : 64%
2022-10-20 23:40:21 : 152,500,000 : 0 : 16,449,257,125 : 64%
2022-10-20 23:56:49 : 152,600,000 : 0 : 16,459,349,900 : 64%
2022-10-21 00:13:30 : 152,700,000 : 0 : 16,469,442,675 : 64%
2022-10-21 00:29:47 : 152,800,000 : 0 : 16,479,535,450 : 64%
2022-10-21 00:45:55 : 152,900,000 : 0 : 16,489,497,150 : 64%
2022-10-21 01:01:53 : 153,000,000 : 0 : 16,509,420,550 : 65%
2022-10-21 01:18:16 : 153,100,000 : 0 : 16,519,251,175 : 65%
2022-10-21 01:34:16 : 153,200,000 : 0 : 16,528,950,725 : 65%
2022-10-21 01:49:56 : 153,300,000 : 0 : 16,538,781,350 : 65%
2022-10-21 02:05:49 : 153,400,000 : 0 : 16,548,611,975 : 65%
2022-10-21 02:22:00 : 153,500,000 : 0 : 16,558,573,675 : 65%
2022-10-21 02:38:33 : 153,600,000 : 0 : 16,568,404,300 : 65%
2022-10-21 02:55:37 : 153,700,000 : 0 : 16,578,234,925 : 65%
2022-10-21 03:13:27 : 153,800,000 : 0 : 16,588,196,625 : 65%
2022-10-21 03:31:40 : 153,900,000 : 0 : 16,598,027,250 : 65%
2022-10-21 03:50:32 : 154,000,000 : 0 : 16,607,988,950 : 65%
2022-10-21 04:10:16 : 154,100,000 : 0 : 16,617,950,650 : 65%
2022-10-21 04:30:40 : 154,200,000 : 0 : 16,627,781,275 : 65%
2022-10-21 04:52:04 : 154,300,000 : 0 : 16,637,874,050 : 65%
2022-10-21 05:15:22 : 154,400,000 : 0 : 16,648,097,900 : 65%
2022-10-21 05:39:56 : 154,500,000 : 0 : 16,658,321,750 : 65%
2022-10-21 06:05:50 : 154,600,000 : 0 : 16,668,545,600 : 65%
2022-10-21 06:33:14 : 154,700,000 : 0 : 16,678,769,450 : 65%
2022-10-21 07:01:34 : 154,800,000 : 0 : 16,688,993,300 : 65%
2022-10-21 07:30:30 : 154,900,000 : 0 : 16,699,348,225 : 65%
2022-10-21 08:00:29 : 155,000,000 : 0 : 16,709,703,150 : 65%
2022-10-21 08:32:02 : 155,100,000 : 0 : 16,720,058,075 : 65%
2022-10-21 09:04:06 : 155,200,000 : 0 : 16,730,544,075 : 65%
2022-10-21 09:36:03 : 155,300,000 : 0 : 16,740,899,000 : 65%
2022-10-21 10:06:57 : 155,400,000 : 0 : 16,751,385,000 : 66%
2022-10-21 10:35:30 : 155,500,000 : 0 : 16,761,739,925 : 66%
2022-10-21 11:01:56 : 155,600,000 : 0 : 16,782,580,850 : 66%
2022-10-21 11:26:22 : 155,700,000 : 0 : 16,793,197,925 : 66%
2022-10-21 11:49:07 : 155,800,000 : 0 : 16,803,683,925 : 66%
2022-10-21 12:10:22 : 155,900,000 : 0 : 16,814,301,000 : 66%
2022-10-21 12:30:16 : 156,000,000 : 0 : 16,824,787,000 : 66%
2022-10-21 12:49:14 : 156,100,000 : 0 : 16,835,535,150 : 66%
2022-10-21 13:07:19 : 156,200,000 : 0 : 16,846,152,225 : 66%
2022-10-21 13:24:43 : 156,300,000 : 0 : 16,856,900,375 : 66%
2022-10-21 13:41:25 : 156,400,000 : 0 : 16,867,648,525 : 66%
2022-10-21 13:57:37 : 156,500,000 : 0 : 16,878,265,600 : 66%
2022-10-21 14:13:10 : 156,600,000 : 0 : 16,889,013,750 : 66%
2022-10-21 14:28:18 : 156,700,000 : 0 : 16,899,761,900 : 66%
2022-10-21 14:43:17 : 156,800,000 : 0 : 16,910,641,125 : 66%
2022-10-21 14:58:01 : 156,900,000 : 0 : 16,921,258,200 : 66%
2022-10-21 15:12:45 : 157,000,000 : 0 : 16,932,006,350 : 66%
2022-10-21 15:27:15 : 157,100,000 : 0 : 16,942,754,500 : 66%
2022-10-21 15:41:37 : 157,200,000 : 0 : 16,953,502,650 : 66%
2022-10-21 15:55:58 : 157,300,000 : 0 : 16,964,250,800 : 66%
2022-10-21 16:10:25 : 157,400,000 : 0 : 16,974,998,950 : 66%
2022-10-21 16:24:54 : 157,500,000 : 0 : 16,985,747,100 : 66%
2022-10-21 16:39:26 : 157,600,000 : 0 : 16,996,495,250 : 66%
2022-10-21 16:53:56 : 157,700,000 : 0 : 17,007,243,400 : 67%
2022-10-21 17:08:28 : 157,800,000 : 0 : 17,028,608,625 : 67%
2022-10-21 17:23:03 : 157,900,000 : 0 : 17,039,356,775 : 67%
2022-10-21 17:37:32 : 158,000,000 : 0 : 17,049,973,850 : 67%
2022-10-21 17:51:50 : 158,100,000 : 0 : 17,060,590,925 : 67%
2022-10-21 18:06:10 : 158,200,000 : 0 : 17,071,208,000 : 67%
2022-10-21 18:20:46 : 158,300,000 : 0 : 17,081,956,150 : 67%
2022-10-21 18:35:14 : 158,400,000 : 0 : 17,092,442,150 : 67%
2022-10-21 18:49:53 : 158,500,000 : 0 : 17,103,059,225 : 67%
2022-10-21 19:04:33 : 158,600,000 : 0 : 17,113,676,300 : 67%
2022-10-21 19:19:28 : 158,700,000 : 0 : 17,124,162,300 : 67%
2022-10-21 19:34:15 : 158,800,000 : 0 : 17,134,517,225 : 67%
2022-10-21 19:49:00 : 158,900,000 : 0 : 17,145,003,225 : 67%
2022-10-21 20:03:39 : 159,000,000 : 0 : 17,155,489,225 : 67%
2022-10-21 20:18:19 : 159,100,000 : 0 : 17,165,844,150 : 67%
2022-10-21 20:33:07 : 159,200,000 : 0 : 17,176,330,150 : 67%
2022-10-21 20:47:57 : 159,300,000 : 0 : 17,186,816,150 : 67%
2022-10-21 21:03:03 : 159,400,000 : 0 : 17,197,171,075 : 67%
2022-10-21 21:18:11 : 159,500,000 : 0 : 17,207,657,075 : 67%
2022-10-21 21:33:41 : 159,600,000 : 0 : 17,218,143,075 : 67%
2022-10-21 21:49:33 : 159,700,000 : 0 : 17,228,498,000 : 67%
2022-10-21 22:05:46 : 159,800,000 : 0 : 17,238,984,000 : 67%
2022-10-21 22:22:15 : 159,900,000 : 0 : 17,249,338,925 : 67%
2022-10-21 22:39:07 : 160,000,000 : 0 : 17,259,562,775 : 67%
2022-10-21 22:56:18 : 160,100,000 : 0 : 17,280,141,550 : 68%
2022-10-21 23:13:28 : 160,200,000 : 0 : 17,290,234,325 : 68%
2022-10-21 23:30:53 : 160,300,000 : 0 : 17,300,327,100 : 68%
2022-10-21 23:48:03 : 160,400,000 : 0 : 17,310,419,875 : 68%
2022-10-22 00:05:22 : 160,500,000 : 0 : 17,320,381,575 : 68%
2022-10-22 00:22:43 : 160,600,000 : 0 : 17,330,343,275 : 68%
2022-10-22 00:40:06 : 160,700,000 : 0 : 17,340,304,975 : 68%
2022-10-22 00:57:41 : 160,800,000 : 0 : 17,350,135,600 : 68%
2022-10-22 01:15:16 : 160,900,000 : 0 : 17,359,966,225 : 68%
2022-10-22 01:33:02 : 161,000,000 : 0 : 17,369,796,850 : 68%
2022-10-22 01:50:53 : 161,100,000 : 0 : 17,379,627,475 : 68%
2022-10-22 02:08:26 : 161,200,000 : 0 : 17,389,589,175 : 68%
2022-10-22 02:27:08 : 161,300,000 : 0 : 17,399,550,875 : 68%
2022-10-22 02:46:13 : 161,400,000 : 0 : 17,409,512,575 : 68%
2022-10-22 03:05:27 : 161,500,000 : 0 : 17,419,343,200 : 68%
2022-10-22 03:25:35 : 161,600,000 : 0 : 17,429,304,900 : 68%
2022-10-22 03:46:33 : 161,700,000 : 0 : 17,439,266,600 : 68%
2022-10-22 04:08:34 : 161,800,000 : 0 : 17,449,228,300 : 68%
2022-10-22 04:31:53 : 161,900,000 : 0 : 17,459,321,075 : 68%
2022-10-22 04:55:56 : 162,000,000 : 0 : 17,469,282,775 : 68%
2022-10-22 05:21:48 : 162,100,000 : 0 : 17,479,375,550 : 68%
2022-10-22 05:48:45 : 162,200,000 : 0 : 17,489,468,325 : 68%
2022-10-22 06:17:06 : 162,300,000 : 0 : 17,499,430,025 : 68%
2022-10-22 06:46:17 : 162,400,000 : 0 : 17,509,522,800 : 68%
2022-10-22 07:16:02 : 162,500,000 : 0 : 17,519,484,500 : 69%
2022-10-22 07:46:15 : 162,600,000 : 0 : 17,529,577,275 : 69%
2022-10-22 08:17:38 : 162,700,000 : 0 : 17,539,670,050 : 69%
2022-10-22 08:50:19 : 162,800,000 : 0 : 17,549,762,825 : 69%
2022-10-22 09:22:37 : 162,900,000 : 0 : 17,569,948,375 : 69%
2022-10-22 09:54:14 : 163,000,000 : 0 : 17,580,041,150 : 69%
2022-10-22 10:25:36 : 163,100,000 : 0 : 17,590,002,850 : 69%
2022-10-22 10:55:33 : 163,200,000 : 0 : 17,600,226,700 : 69%
2022-10-22 11:24:11 : 163,300,000 : 0 : 17,610,450,550 : 69%
2022-10-22 11:50:30 : 163,400,000 : 0 : 17,620,674,400 : 69%
2022-10-22 12:14:16 : 163,500,000 : 0 : 17,630,898,250 : 69%
2022-10-22 12:36:07 : 163,600,000 : 0 : 17,640,991,025 : 69%
2022-10-22 12:56:33 : 163,700,000 : 0 : 17,651,214,875 : 69%
2022-10-22 13:16:03 : 163,800,000 : 0 : 17,661,569,800 : 69%
2022-10-22 13:34:38 : 163,900,000 : 0 : 17,671,924,725 : 69%
2022-10-22 13:52:46 : 164,000,000 : 0 : 17,682,148,575 : 69%
2022-10-22 14:10:24 : 164,100,000 : 0 : 17,692,503,500 : 69%
2022-10-22 14:27:27 : 164,200,000 : 0 : 17,702,727,350 : 69%
2022-10-22 14:43:57 : 164,300,000 : 0 : 17,713,213,350 : 69%
2022-10-22 15:00:14 : 164,400,000 : 0 : 17,723,568,275 : 69%
2022-10-22 15:16:26 : 164,500,000 : 0 : 17,733,923,200 : 69%
2022-10-22 15:32:05 : 164,600,000 : 0 : 17,744,278,125 : 69%
2022-10-22 15:47:34 : 164,700,000 : 0 : 17,754,501,975 : 69%
2022-10-22 16:02:59 : 164,800,000 : 0 : 17,764,856,900 : 69%
2022-10-22 16:18:27 : 164,900,000 : 0 : 17,775,080,750 : 70%
2022-10-22 16:33:39 : 165,000,000 : 0 : 17,785,304,600 : 70%
2022-10-22 16:48:50 : 165,100,000 : 0 : 17,795,659,525 : 70%
2022-10-22 17:03:40 : 165,200,000 : 0 : 17,805,752,300 : 70%
2022-10-22 17:18:30 : 165,300,000 : 0 : 17,815,845,075 : 70%
2022-10-22 17:33:14 : 165,400,000 : 0 : 17,825,937,850 : 70%
2022-10-22 17:48:00 : 165,500,000 : 0 : 17,836,030,625 : 70%
2022-10-22 18:02:44 : 165,600,000 : 0 : 17,856,216,175 : 70%
2022-10-22 18:17:28 : 165,700,000 : 0 : 17,866,177,875 : 70%
2022-10-22 18:32:10 : 165,800,000 : 0 : 17,876,270,650 : 70%
2022-10-22 18:47:14 : 165,900,000 : 0 : 17,886,494,500 : 70%
2022-10-22 19:02:48 : 166,000,000 : 0 : 17,896,587,275 : 70%
2022-10-22 19:18:05 : 166,100,000 : 0 : 17,906,680,050 : 70%
2022-10-22 19:33:36 : 166,200,000 : 0 : 17,916,641,750 : 70%
2022-10-22 19:48:43 : 166,300,000 : 0 : 17,926,341,300 : 70%
2022-10-22 20:02:50 : 166,400,000 : 0 : 17,936,434,075 : 70%
2022-10-22 20:18:07 : 166,500,000 : 0 : 17,946,395,775 : 70%
2022-10-22 20:32:59 : 166,600,000 : 0 : 17,956,488,550 : 70%
2022-10-22 20:48:28 : 166,700,000 : 0 : 17,966,319,175 : 70%
2022-10-22 21:03:47 : 166,800,000 : 0 : 17,976,280,875 : 70%
2022-10-22 21:19:38 : 166,900,000 : 0 : 17,986,373,650 : 70%
2022-10-22 21:35:26 : 167,000,000 : 0 : 17,996,335,350 : 70%
2022-10-22 21:51:15 : 167,100,000 : 0 : 18,006,428,125 : 70%
2022-10-22 22:07:39 : 167,200,000 : 0 : 18,016,389,825 : 70%
2022-10-22 22:24:29 : 167,300,000 : 0 : 18,026,482,600 : 70%
2022-10-22 22:41:15 : 167,400,000 : 0 : 18,036,313,225 : 71%
2022-10-22 22:58:00 : 167,500,000 : 0 : 18,046,274,925 : 71%
2022-10-22 23:14:49 : 167,600,000 : 0 : 18,056,105,550 : 71%
2022-10-22 23:31:44 : 167,700,000 : 0 : 18,066,067,250 : 71%
2022-10-22 23:48:43 : 167,800,000 : 0 : 18,075,897,875 : 71%
2022-10-23 00:05:49 : 167,900,000 : 0 : 18,085,728,500 : 71%
2022-10-23 00:23:05 : 168,000,000 : 0 : 18,095,559,125 : 71%
2022-10-23 00:40:08 : 168,100,000 : 0 : 18,105,389,750 : 71%
2022-10-23 00:57:14 : 168,200,000 : 0 : 18,124,919,925 : 71%
2022-10-23 01:15:02 : 168,300,000 : 0 : 18,134,619,475 : 71%
2022-10-23 01:32:57 : 168,400,000 : 0 : 18,144,319,025 : 71%
2022-10-23 01:50:37 : 168,500,000 : 0 : 18,154,018,575 : 71%
2022-10-23 02:08:31 : 168,600,000 : 0 : 18,163,849,200 : 71%
2022-10-23 02:26:40 : 168,700,000 : 0 : 18,173,679,825 : 71%
2022-10-23 02:45:04 : 168,800,000 : 0 : 18,183,379,375 : 71%
2022-10-23 03:04:00 : 168,900,000 : 0 : 18,193,078,925 : 71%
2022-10-23 03:23:27 : 169,000,000 : 0 : 18,202,909,550 : 71%
2022-10-23 03:44:10 : 169,100,000 : 0 : 18,212,871,250 : 71%
2022-10-23 04:05:55 : 169,200,000 : 0 : 18,222,832,950 : 71%
2022-10-23 04:28:24 : 169,300,000 : 0 : 18,232,663,575 : 71%
2022-10-23 04:51:38 : 169,400,000 : 0 : 18,242,625,275 : 71%
2022-10-23 05:16:43 : 169,500,000 : 0 : 18,252,718,050 : 71%
2022-10-23 05:43:00 : 169,600,000 : 0 : 18,262,810,825 : 71%
2022-10-23 06:11:00 : 169,700,000 : 0 : 18,272,903,600 : 71%
2022-10-23 06:39:47 : 169,800,000 : 0 : 18,282,996,375 : 72%
2022-10-23 07:09:06 : 169,900,000 : 0 : 18,292,958,075 : 72%
2022-10-23 07:39:30 : 170,000,000 : 0 : 18,302,919,775 : 72%
2022-10-23 08:09:24 : 170,100,000 : 0 : 18,312,881,475 : 72%
2022-10-23 08:39:38 : 170,200,000 : 0 : 18,322,843,175 : 72%
2022-10-23 09:09:50 : 170,300,000 : 0 : 18,332,804,875 : 72%
2022-10-23 09:40:19 : 170,400,000 : 0 : 18,342,766,575 : 72%
2022-10-23 10:10:33 : 170,500,000 : 0 : 18,352,597,200 : 72%
2022-10-23 10:39:18 : 170,600,000 : 0 : 18,362,427,825 : 72%
2022-10-23 11:06:34 : 170,700,000 : 0 : 18,372,258,450 : 72%
2022-10-23 11:33:06 : 170,800,000 : 0 : 18,382,220,150 : 72%
2022-10-23 11:57:26 : 170,900,000 : 0 : 18,402,012,475 : 72%
2022-10-23 12:20:16 : 171,000,000 : 0 : 18,412,105,250 : 72%
2022-10-23 12:42:02 : 171,100,000 : 0 : 18,422,460,175 : 72%
2022-10-23 13:02:49 : 171,200,000 : 0 : 18,432,815,100 : 72%
2022-10-23 13:22:26 : 171,300,000 : 0 : 18,442,907,875 : 72%
2022-10-23 13:40:43 : 171,400,000 : 0 : 18,453,131,725 : 72%
2022-10-23 13:58:12 : 171,500,000 : 0 : 18,463,486,650 : 72%
2022-10-23 14:15:25 : 171,600,000 : 0 : 18,473,710,500 : 72%
2022-10-23 14:31:54 : 171,700,000 : 0 : 18,484,196,500 : 72%
2022-10-23 14:47:55 : 171,800,000 : 0 : 18,494,551,425 : 72%
2022-10-23 15:03:38 : 171,900,000 : 0 : 18,505,037,425 : 72%
2022-10-23 15:19:15 : 172,000,000 : 0 : 18,515,523,425 : 72%
Decoding error with 134,217,728 bytes, reading another chunk
2022-10-23 15:34:54 : 172,100,000 : 0 : 18,536,495,425 : 72%
2022-10-23 15:50:08 : 172,200,000 : 0 : 18,536,495,425 : 72%
2022-10-23 16:05:16 : 172,300,000 : 0 : 18,546,850,350 : 73%
2022-10-23 16:20:07 : 172,400,000 : 0 : 18,557,205,275 : 73%
2022-10-23 16:35:07 : 172,500,000 : 0 : 18,567,691,275 : 73%
2022-10-23 16:49:47 : 172,600,000 : 0 : 18,578,046,200 : 73%
2022-10-23 17:04:38 : 172,700,000 : 0 : 18,588,401,125 : 73%
2022-10-23 17:18:57 : 172,800,000 : 0 : 18,598,624,975 : 73%
2022-10-23 17:33:02 : 172,900,000 : 0 : 18,608,848,825 : 73%
2022-10-23 17:46:54 : 173,000,000 : 0 : 18,619,072,675 : 73%
2022-10-23 18:00:56 : 173,100,000 : 0 : 18,629,296,525 : 73%
2022-10-23 18:14:41 : 173,200,000 : 0 : 18,639,389,300 : 73%
2022-10-23 18:28:23 : 173,300,000 : 0 : 18,659,574,850 : 73%
2022-10-23 18:42:15 : 173,400,000 : 0 : 18,669,667,625 : 73%
2022-10-23 18:55:59 : 173,500,000 : 0 : 18,679,629,325 : 73%
2022-10-23 19:09:47 : 173,600,000 : 0 : 18,689,459,950 : 73%
2022-10-23 19:23:11 : 173,700,000 : 0 : 18,699,421,650 : 73%
2022-10-23 19:36:44 : 173,800,000 : 0 : 18,709,121,200 : 73%
2022-10-23 19:49:53 : 173,900,000 : 0 : 18,718,820,750 : 73%
2022-10-23 20:03:30 : 174,000,000 : 0 : 18,728,782,450 : 73%
2022-10-23 20:17:05 : 174,100,000 : 0 : 18,738,613,075 : 73%
2022-10-23 20:30:43 : 174,200,000 : 0 : 18,748,443,700 : 73%
2022-10-23 20:44:18 : 174,300,000 : 0 : 18,758,143,250 : 73%
2022-10-23 20:57:57 : 174,400,000 : 0 : 18,768,104,950 : 73%
2022-10-23 21:11:41 : 174,500,000 : 0 : 18,777,935,575 : 73%
2022-10-23 21:25:58 : 174,600,000 : 0 : 18,788,028,350 : 73%
2022-10-23 21:40:28 : 174,700,000 : 0 : 18,797,858,975 : 74%
2022-10-23 21:54:54 : 174,800,000 : 0 : 18,807,689,600 : 74%
2022-10-23 22:09:24 : 174,900,000 : 0 : 18,817,520,225 : 74%
2022-10-23 22:24:12 : 175,000,000 : 0 : 18,827,481,925 : 74%
2022-10-23 22:39:38 : 175,100,000 : 0 : 18,837,443,625 : 74%
2022-10-23 22:55:20 : 175,200,000 : 0 : 18,847,405,325 : 74%
2022-10-23 23:11:02 : 175,300,000 : 0 : 18,857,367,025 : 74%
2022-10-23 23:26:42 : 175,400,000 : 0 : 18,867,197,650 : 74%
2022-10-23 23:43:10 : 175,500,000 : 0 : 18,877,290,425 : 74%
2022-10-24 00:00:12 : 175,600,000 : 0 : 18,887,383,200 : 74%
2022-10-24 00:17:25 : 175,700,000 : 0 : 18,897,607,050 : 74%
2022-10-24 00:34:29 : 175,800,000 : 0 : 18,907,568,750 : 74%
2022-10-24 00:51:23 : 175,900,000 : 0 : 18,927,492,150 : 74%
2022-10-24 01:08:20 : 176,000,000 : 0 : 18,937,453,850 : 74%
2022-10-24 01:25:35 : 176,100,000 : 0 : 18,947,284,475 : 74%
2022-10-24 01:42:32 : 176,200,000 : 0 : 18,957,115,100 : 74%
2022-10-24 01:59:48 : 176,300,000 : 0 : 18,967,076,800 : 74%
2022-10-24 02:16:33 : 176,400,000 : 0 : 18,976,907,425 : 74%
2022-10-24 02:33:34 : 176,500,000 : 0 : 18,986,869,125 : 74%
2022-10-24 02:51:10 : 176,600,000 : 0 : 18,996,830,825 : 74%
2022-10-24 03:09:23 : 176,700,000 : 0 : 19,006,661,450 : 74%
2022-10-24 03:27:23 : 176,800,000 : 0 : 19,016,492,075 : 74%
2022-10-24 03:46:39 : 176,900,000 : 0 : 19,026,584,850 : 74%
2022-10-24 04:07:00 : 177,000,000 : 0 : 19,036,546,550 : 74%
2022-10-24 04:28:11 : 177,100,000 : 0 : 19,046,508,250 : 74%
2022-10-24 04:50:50 : 177,200,000 : 0 : 19,056,732,100 : 75%
2022-10-24 05:15:12 : 177,300,000 : 0 : 19,067,087,025 : 75%
2022-10-24 05:41:10 : 177,400,000 : 0 : 19,077,310,875 : 75%
2022-10-24 06:08:40 : 177,500,000 : 0 : 19,087,665,800 : 75%
2022-10-24 06:37:54 : 177,600,000 : 0 : 19,098,151,800 : 75%
2022-10-24 07:08:05 : 177,700,000 : 0 : 19,108,506,725 : 75%
2022-10-24 07:39:28 : 177,800,000 : 0 : 19,118,992,725 : 75%
2022-10-24 08:11:33 : 177,900,000 : 0 : 19,129,609,800 : 75%
2022-10-24 08:44:45 : 178,000,000 : 0 : 19,140,226,875 : 75%
2022-10-24 09:17:37 : 178,100,000 : 0 : 19,150,712,875 : 75%
2022-10-24 09:49:46 : 178,200,000 : 0 : 19,171,684,875 : 75%
2022-10-24 10:20:27 : 178,300,000 : 0 : 19,182,170,875 : 75%
2022-10-24 10:48:36 : 178,400,000 : 0 : 19,192,656,875 : 75%
2022-10-24 11:14:44 : 178,500,000 : 0 : 19,203,142,875 : 75%
2022-10-24 11:38:56 : 178,600,000 : 0 : 19,213,759,950 : 75%
2022-10-24 12:01:13 : 178,700,000 : 0 : 19,224,245,950 : 75%
2022-10-24 12:22:04 : 178,800,000 : 0 : 19,234,731,950 : 75%
2022-10-24 12:41:51 : 178,900,000 : 0 : 19,245,480,100 : 75%
2022-10-24 13:00:27 : 179,000,000 : 0 : 19,256,097,175 : 75%
2022-10-24 13:18:25 : 179,100,000 : 0 : 19,266,845,325 : 75%
2022-10-24 13:35:39 : 179,200,000 : 0 : 19,277,462,400 : 75%
2022-10-24 13:52:13 : 179,300,000 : 0 : 19,288,210,550 : 75%
2022-10-24 14:08:28 : 179,400,000 : 0 : 19,298,958,700 : 75%
2022-10-24 14:24:17 : 179,500,000 : 0 : 19,309,837,925 : 76%
2022-10-24 14:39:47 : 179,600,000 : 0 : 19,320,586,075 : 76%
2022-10-24 14:54:58 : 179,700,000 : 0 : 19,331,465,300 : 76%
2022-10-24 15:10:06 : 179,800,000 : 0 : 19,342,344,525 : 76%
2022-10-24 15:24:56 : 179,900,000 : 0 : 19,353,092,675 : 76%
2022-10-24 15:39:42 : 180,000,000 : 0 : 19,363,971,900 : 76%
2022-10-24 15:54:09 : 180,100,000 : 0 : 19,374,720,050 : 76%
2022-10-24 16:08:38 : 180,200,000 : 0 : 19,385,599,275 : 76%
2022-10-24 16:23:06 : 180,300,000 : 0 : 19,407,095,575 : 76%
2022-10-24 16:37:25 : 180,400,000 : 0 : 19,417,843,725 : 76%
2022-10-24 16:51:30 : 180,500,000 : 0 : 19,428,591,875 : 76%
2022-10-24 17:05:32 : 180,600,000 : 0 : 19,439,471,100 : 76%
2022-10-24 17:19:33 : 180,700,000 : 0 : 19,450,219,250 : 76%
2022-10-24 17:33:35 : 180,800,000 : 0 : 19,461,098,475 : 76%
2022-10-24 17:47:42 : 180,900,000 : 0 : 19,471,846,625 : 76%
2022-10-24 18:01:40 : 181,000,000 : 0 : 19,482,594,775 : 76%
2022-10-24 18:15:43 : 181,100,000 : 0 : 19,493,342,925 : 76%
2022-10-24 18:29:38 : 181,200,000 : 0 : 19,504,091,075 : 76%
2022-10-24 18:43:34 : 181,300,000 : 0 : 19,514,708,150 : 76%
2022-10-24 18:57:21 : 181,400,000 : 0 : 19,525,325,225 : 76%
2022-10-24 19:11:20 : 181,500,000 : 0 : 19,536,073,375 : 76%
2022-10-24 19:25:35 : 181,600,000 : 0 : 19,546,690,450 : 76%
2022-10-24 19:39:50 : 181,700,000 : 0 : 19,557,307,525 : 76%
2022-10-24 19:53:56 : 181,800,000 : 0 : 19,568,055,675 : 77%
2022-10-24 20:07:58 : 181,900,000 : 0 : 19,578,672,750 : 77%
2022-10-24 20:21:58 : 182,000,000 : 0 : 19,589,289,825 : 77%
2022-10-24 20:35:29 : 182,100,000 : 0 : 19,599,644,750 : 77%
2022-10-24 20:49:37 : 182,200,000 : 0 : 19,610,261,825 : 77%
2022-10-24 21:03:46 : 182,300,000 : 0 : 19,631,364,900 : 77%
2022-10-24 21:18:13 : 182,400,000 : 0 : 19,641,981,975 : 77%
2022-10-24 21:32:50 : 182,500,000 : 0 : 19,652,467,975 : 77%
2022-10-24 21:47:54 : 182,600,000 : 0 : 19,663,085,050 : 77%
2022-10-24 22:03:20 : 182,700,000 : 0 : 19,673,702,125 : 77%
2022-10-24 22:19:20 : 182,800,000 : 0 : 19,684,188,125 : 77%
2022-10-24 22:35:33 : 182,900,000 : 0 : 19,694,674,125 : 77%
2022-10-24 22:52:11 : 183,000,000 : 0 : 19,705,160,125 : 77%
2022-10-24 23:08:54 : 183,100,000 : 0 : 19,715,646,125 : 77%
2022-10-24 23:25:36 : 183,200,000 : 0 : 19,726,132,125 : 77%
2022-10-24 23:42:18 : 183,300,000 : 0 : 19,736,487,050 : 77%
2022-10-24 23:58:59 : 183,400,000 : 0 : 19,746,841,975 : 77%
2022-10-25 00:15:24 : 183,500,000 : 0 : 19,757,196,900 : 77%
2022-10-25 00:31:28 : 183,600,000 : 0 : 19,767,158,600 : 77%
2022-10-25 00:46:58 : 183,700,000 : 0 : 19,777,120,300 : 77%
2022-10-25 01:02:23 : 183,800,000 : 0 : 19,787,082,000 : 77%
2022-10-25 01:17:35 : 183,900,000 : 0 : 19,796,781,550 : 77%
2022-10-25 01:33:09 : 184,000,000 : 0 : 19,806,612,175 : 77%
2022-10-25 01:48:45 : 184,100,000 : 0 : 19,816,442,800 : 77%
2022-10-25 02:04:47 : 184,200,000 : 0 : 19,826,535,575 : 78%
2022-10-25 02:21:18 : 184,300,000 : 0 : 19,836,628,350 : 78%
2022-10-25 02:37:54 : 184,400,000 : 0 : 19,846,590,050 : 78%
2022-10-25 02:55:13 : 184,500,000 : 0 : 19,856,813,900 : 78%
2022-10-25 03:12:45 : 184,600,000 : 0 : 19,866,775,600 : 78%
2022-10-25 03:31:13 : 184,700,000 : 0 : 19,886,961,150 : 78%
2022-10-25 03:50:38 : 184,800,000 : 0 : 19,897,053,925 : 78%
2022-10-25 04:10:54 : 184,900,000 : 0 : 19,907,277,775 : 78%
2022-10-25 04:32:29 : 185,000,000 : 0 : 19,917,501,625 : 78%
2022-10-25 04:55:16 : 185,100,000 : 0 : 19,927,725,475 : 78%
2022-10-25 05:19:35 : 185,200,000 : 0 : 19,938,080,400 : 78%
2022-10-25 05:45:22 : 185,300,000 : 0 : 19,948,435,325 : 78%
2022-10-25 06:13:00 : 185,400,000 : 0 : 19,958,790,250 : 78%
2022-10-25 06:41:58 : 185,500,000 : 0 : 19,969,276,250 : 78%
2022-10-25 07:11:50 : 185,600,000 : 0 : 19,979,762,250 : 78%
2022-10-25 07:43:09 : 185,700,000 : 0 : 19,990,248,250 : 78%
2022-10-25 08:15:03 : 185,800,000 : 0 : 20,000,734,250 : 78%
2022-10-25 08:47:09 : 185,900,000 : 0 : 20,011,220,250 : 78%
2022-10-25 09:18:54 : 186,000,000 : 0 : 20,021,575,175 : 78%
2022-10-25 09:49:43 : 186,100,000 : 0 : 20,032,061,175 : 78%
2022-10-25 10:19:29 : 186,200,000 : 0 : 20,042,416,100 : 78%
2022-10-25 10:46:50 : 186,300,000 : 0 : 20,052,771,025 : 78%
2022-10-25 11:11:58 : 186,400,000 : 0 : 20,063,257,025 : 78%
2022-10-25 11:35:24 : 186,500,000 : 0 : 20,073,743,025 : 79%
2022-10-25 11:57:08 : 186,600,000 : 0 : 20,084,229,025 : 79%
2022-10-25 12:17:50 : 186,700,000 : 0 : 20,094,846,100 : 79%
2022-10-25 12:37:12 : 186,800,000 : 0 : 20,105,594,250 : 79%
2022-10-25 12:55:20 : 186,900,000 : 0 : 20,116,211,325 : 79%
2022-10-25 13:12:57 : 187,000,000 : 0 : 20,137,576,550 : 79%
2022-10-25 13:29:46 : 187,100,000 : 0 : 20,148,324,700 : 79%
2022-10-25 13:46:08 : 187,200,000 : 0 : 20,158,941,775 : 79%
2022-10-25 14:01:57 : 187,300,000 : 0 : 20,169,689,925 : 79%
2022-10-25 14:17:28 : 187,400,000 : 0 : 20,180,438,075 : 79%
2022-10-25 14:32:25 : 187,500,000 : 0 : 20,191,186,225 : 79%
2022-10-25 14:47:12 : 187,600,000 : 0 : 20,201,934,375 : 79%
2022-10-25 15:01:48 : 187,700,000 : 0 : 20,212,682,525 : 79%
2022-10-25 15:16:16 : 187,800,000 : 0 : 20,223,561,750 : 79%
2022-10-25 15:30:36 : 187,900,000 : 0 : 20,234,309,900 : 79%
2022-10-25 15:44:56 : 188,000,000 : 0 : 20,245,189,125 : 79%
2022-10-25 15:59:06 : 188,100,000 : 0 : 20,256,068,350 : 79%
2022-10-25 16:13:29 : 188,200,000 : 0 : 20,266,816,500 : 79%
2022-10-25 16:27:37 : 188,300,000 : 0 : 20,277,564,650 : 79%
2022-10-25 16:41:48 : 188,400,000 : 0 : 20,288,312,800 : 79%
2022-10-25 16:56:00 : 188,500,000 : 0 : 20,299,060,950 : 79%
2022-10-25 17:09:58 : 188,600,000 : 0 : 20,309,809,100 : 79%
2022-10-25 17:23:59 : 188,700,000 : 0 : 20,320,557,250 : 79%
2022-10-25 17:37:55 : 188,800,000 : 0 : 20,331,305,400 : 80%
2022-10-25 17:51:49 : 188,900,000 : 0 : 20,341,922,475 : 80%
2022-10-25 18:05:51 : 189,000,000 : 0 : 20,352,670,625 : 80%
2022-10-25 18:19:50 : 189,100,000 : 0 : 20,374,035,850 : 80%
2022-10-25 18:33:46 : 189,200,000 : 0 : 20,384,652,925 : 80%
2022-10-25 18:47:35 : 189,300,000 : 0 : 20,395,270,000 : 80%
2022-10-25 19:01:30 : 189,400,000 : 0 : 20,405,887,075 : 80%
2022-10-25 19:15:33 : 189,500,000 : 0 : 20,416,504,150 : 80%
2022-10-25 19:29:30 : 189,600,000 : 0 : 20,426,990,150 : 80%
2022-10-25 19:43:16 : 189,700,000 : 0 : 20,437,476,150 : 80%
2022-10-25 19:56:59 : 189,800,000 : 0 : 20,447,962,150 : 80%
2022-10-25 20:10:46 : 189,900,000 : 0 : 20,458,579,225 : 80%
2022-10-25 20:24:27 : 190,000,000 : 0 : 20,469,065,225 : 80%
2022-10-25 20:38:14 : 190,100,000 : 0 : 20,479,551,225 : 80%
2022-10-25 20:52:09 : 190,200,000 : 0 : 20,490,037,225 : 80%
2022-10-25 21:06:01 : 190,300,000 : 0 : 20,500,654,300 : 80%
2022-10-25 21:20:29 : 190,400,000 : 0 : 20,511,271,375 : 80%
2022-10-25 21:35:09 : 190,500,000 : 0 : 20,521,888,450 : 80%
2022-10-25 21:50:11 : 190,600,000 : 0 : 20,532,374,450 : 80%
2022-10-25 22:05:53 : 190,700,000 : 0 : 20,542,860,450 : 80%
2022-10-25 22:21:54 : 190,800,000 : 0 : 20,553,346,450 : 80%
2022-10-25 22:38:14 : 190,900,000 : 0 : 20,563,963,525 : 80%
2022-10-25 22:54:41 : 191,000,000 : 0 : 20,574,449,525 : 80%
2022-10-25 23:11:05 : 191,100,000 : 0 : 20,584,804,450 : 81%
2022-10-25 23:27:21 : 191,200,000 : 0 : 20,605,776,450 : 81%
2022-10-25 23:43:48 : 191,300,000 : 0 : 20,616,131,375 : 81%
2022-10-26 00:00:28 : 191,400,000 : 0 : 20,626,355,225 : 81%
2022-10-26 00:17:03 : 191,500,000 : 0 : 20,636,579,075 : 81%
2022-10-26 00:33:47 : 191,600,000 : 0 : 20,646,802,925 : 81%
2022-10-26 00:50:26 : 191,700,000 : 0 : 20,657,026,775 : 81%
2022-10-26 01:07:19 : 191,800,000 : 0 : 20,667,119,550 : 81%
2022-10-26 01:24:27 : 191,900,000 : 0 : 20,677,343,400 : 81%
2022-10-26 01:41:29 : 192,000,000 : 0 : 20,687,436,175 : 81%
2022-10-26 01:58:18 : 192,100,000 : 0 : 20,697,660,025 : 81%
2022-10-26 02:15:43 : 192,200,000 : 0 : 20,707,883,875 : 81%
2022-10-26 02:33:23 : 192,300,000 : 0 : 20,718,107,725 : 81%
2022-10-26 02:51:43 : 192,400,000 : 0 : 20,728,200,500 : 81%
2022-10-26 03:10:27 : 192,500,000 : 0 : 20,738,555,425 : 81%
2022-10-26 03:30:04 : 192,600,000 : 0 : 20,748,779,275 : 81%
2022-10-26 03:49:55 : 192,700,000 : 0 : 20,759,003,125 : 81%
2022-10-26 04:10:49 : 192,800,000 : 0 : 20,769,226,975 : 81%
2022-10-26 04:32:50 : 192,900,000 : 0 : 20,779,450,825 : 81%
2022-10-26 04:56:09 : 193,000,000 : 0 : 20,789,674,675 : 81%
2022-10-26 05:20:59 : 193,100,000 : 0 : 20,799,898,525 : 81%
2022-10-26 05:47:11 : 193,200,000 : 0 : 20,810,253,450 : 81%
2022-10-26 06:14:54 : 193,300,000 : 0 : 20,820,608,375 : 81%
2022-10-26 06:44:17 : 193,400,000 : 0 : 20,831,225,450 : 81%
2022-10-26 07:14:40 : 193,500,000 : 0 : 20,852,066,375 : 82%
2022-10-26 07:46:33 : 193,600,000 : 0 : 20,862,552,375 : 82%
2022-10-26 08:18:33 : 193,700,000 : 0 : 20,873,038,375 : 82%
2022-10-26 08:51:09 : 193,800,000 : 0 : 20,883,655,450 : 82%
2022-10-26 09:23:37 : 193,900,000 : 0 : 20,894,141,450 : 82%
2022-10-26 09:54:37 : 194,000,000 : 0 : 20,904,627,450 : 82%
2022-10-26 10:24:21 : 194,100,000 : 0 : 20,915,113,450 : 82%
2022-10-26 10:51:40 : 194,200,000 : 0 : 20,925,468,375 : 82%
2022-10-26 11:16:32 : 194,300,000 : 0 : 20,935,954,375 : 82%
2022-10-26 11:39:45 : 194,400,000 : 0 : 20,946,571,450 : 82%
2022-10-26 12:01:25 : 194,500,000 : 0 : 20,957,188,525 : 82%
2022-10-26 12:22:00 : 194,600,000 : 0 : 20,967,936,675 : 82%
2022-10-26 12:41:30 : 194,700,000 : 0 : 20,978,553,750 : 82%
2022-10-26 12:59:56 : 194,800,000 : 0 : 20,989,301,900 : 82%
2022-10-26 13:17:39 : 194,900,000 : 0 : 21,000,050,050 : 82%
2022-10-26 13:34:36 : 195,000,000 : 0 : 21,010,929,275 : 82%
2022-10-26 13:50:51 : 195,100,000 : 0 : 21,021,677,425 : 82%
2022-10-26 14:06:31 : 195,200,000 : 0 : 21,032,425,575 : 82%
2022-10-26 14:21:56 : 195,300,000 : 0 : 21,043,304,800 : 82%
2022-10-26 14:37:06 : 195,400,000 : 0 : 21,054,184,025 : 82%
2022-10-26 14:51:53 : 195,500,000 : 0 : 21,064,932,175 : 82%
2022-10-26 15:06:32 : 195,600,000 : 0 : 21,075,811,400 : 82%
2022-10-26 15:21:07 : 195,700,000 : 0 : 21,097,438,775 : 83%
2022-10-26 15:35:28 : 195,800,000 : 0 : 21,108,318,000 : 83%
2022-10-26 15:49:53 : 195,900,000 : 0 : 21,119,066,150 : 83%
2022-10-26 16:04:06 : 196,000,000 : 0 : 21,129,945,375 : 83%
2022-10-26 16:18:20 : 196,100,000 : 0 : 21,140,693,525 : 83%
2022-10-26 16:32:37 : 196,200,000 : 0 : 21,151,441,675 : 83%
2022-10-26 16:46:46 : 196,300,000 : 0 : 21,162,320,900 : 83%
2022-10-26 17:00:44 : 196,400,000 : 0 : 21,173,069,050 : 83%
2022-10-26 17:14:55 : 196,500,000 : 0 : 21,183,817,200 : 83%
2022-10-26 17:28:49 : 196,600,000 : 0 : 21,194,434,275 : 83%
2022-10-26 17:42:47 : 196,700,000 : 0 : 21,205,182,425 : 83%
2022-10-26 17:56:39 : 196,800,000 : 0 : 21,215,930,575 : 83%
2022-10-26 18:10:36 : 196,900,000 : 0 : 21,226,547,650 : 83%
2022-10-26 18:24:35 : 197,000,000 : 0 : 21,237,164,725 : 83%
2022-10-26 18:38:37 : 197,100,000 : 0 : 21,247,781,800 : 83%
2022-10-26 18:52:25 : 197,200,000 : 0 : 21,258,529,950 : 83%
2022-10-26 19:06:24 : 197,300,000 : 0 : 21,269,147,025 : 83%
2022-10-26 19:20:16 : 197,400,000 : 0 : 21,279,764,100 : 83%
2022-10-26 19:34:04 : 197,500,000 : 0 : 21,290,250,100 : 83%
2022-10-26 19:47:35 : 197,600,000 : 0 : 21,300,736,100 : 83%
2022-10-26 20:00:59 : 197,700,000 : 0 : 21,321,839,175 : 83%
2022-10-26 20:14:24 : 197,800,000 : 0 : 21,332,194,100 : 83%
2022-10-26 20:27:57 : 197,900,000 : 0 : 21,342,811,175 : 83%
2022-10-26 20:41:37 : 198,000,000 : 0 : 21,353,297,175 : 84%
2022-10-26 20:55:24 : 198,100,000 : 0 : 21,363,652,100 : 84%
2022-10-26 21:09:31 : 198,200,000 : 0 : 21,374,269,175 : 84%
2022-10-26 21:24:05 : 198,300,000 : 0 : 21,384,755,175 : 84%
2022-10-26 21:38:46 : 198,400,000 : 0 : 21,395,372,250 : 84%
2022-10-26 21:53:13 : 198,500,000 : 0 : 21,405,596,100 : 84%
2022-10-26 22:08:25 : 198,600,000 : 0 : 21,416,213,175 : 84%
2022-10-26 22:24:09 : 198,700,000 : 0 : 21,426,699,175 : 84%
2022-10-26 22:40:18 : 198,800,000 : 0 : 21,437,185,175 : 84%
2022-10-26 22:56:42 : 198,900,000 : 0 : 21,447,671,175 : 84%
2022-10-26 23:13:19 : 199,000,000 : 0 : 21,458,026,100 : 84%
2022-10-26 23:29:49 : 199,100,000 : 0 : 21,468,381,025 : 84%
2022-10-26 23:46:17 : 199,200,000 : 0 : 21,478,735,950 : 84%
2022-10-27 00:02:41 : 199,300,000 : 0 : 21,488,959,800 : 84%
2022-10-27 00:18:48 : 199,400,000 : 0 : 21,499,052,575 : 84%
2022-10-27 00:35:08 : 199,500,000 : 0 : 21,509,276,425 : 84%
2022-10-27 00:51:27 : 199,600,000 : 0 : 21,519,369,200 : 84%
2022-10-27 01:07:46 : 199,700,000 : 0 : 21,529,461,975 : 84%
2022-10-27 01:24:29 : 199,800,000 : 0 : 21,539,554,750 : 84%
2022-10-27 01:41:04 : 199,900,000 : 0 : 21,549,647,525 : 84%
2022-10-27 01:57:39 : 200,000,000 : 0 : 21,559,740,300 : 84%
2022-10-27 02:14:42 : 200,100,000 : 0 : 21,580,056,925 : 84%
2022-10-27 02:32:00 : 200,200,000 : 0 : 21,590,280,775 : 84%
2022-10-27 02:49:47 : 200,300,000 : 0 : 21,600,504,625 : 84%
2022-10-27 03:08:25 : 200,400,000 : 0 : 21,610,728,475 : 85%
2022-10-27 03:27:54 : 200,500,000 : 0 : 21,620,952,325 : 85%
2022-10-27 03:47:48 : 200,600,000 : 0 : 21,631,307,250 : 85%
2022-10-27 04:08:46 : 200,700,000 : 0 : 21,641,531,100 : 85%
2022-10-27 04:30:48 : 200,800,000 : 0 : 21,651,754,950 : 85%
2022-10-27 04:53:51 : 200,900,000 : 0 : 21,662,109,875 : 85%
2022-10-27 05:18:16 : 201,000,000 : 0 : 21,672,464,800 : 85%
2022-10-27 05:43:57 : 201,100,000 : 0 : 21,682,819,725 : 85%
2022-10-27 06:11:15 : 201,200,000 : 0 : 21,693,174,650 : 85%
2022-10-27 06:39:40 : 201,300,000 : 0 : 21,703,660,650 : 85%
2022-10-27 07:09:25 : 201,400,000 : 0 : 21,714,146,650 : 85%
2022-10-27 07:40:08 : 201,500,000 : 0 : 21,724,501,575 : 85%
2022-10-27 08:11:16 : 201,600,000 : 0 : 21,734,856,500 : 85%
2022-10-27 08:43:31 : 201,700,000 : 0 : 21,745,342,500 : 85%
2022-10-27 09:14:54 : 201,800,000 : 0 : 21,755,828,500 : 85%
2022-10-27 09:45:38 : 201,900,000 : 0 : 21,766,052,350 : 85%
2022-10-27 10:14:50 : 202,000,000 : 0 : 21,776,407,275 : 85%
2022-10-27 10:42:24 : 202,100,000 : 0 : 21,786,893,275 : 85%
2022-10-27 11:07:44 : 202,200,000 : 0 : 21,797,379,275 : 85%
2022-10-27 11:31:14 : 202,300,000 : 0 : 21,807,734,200 : 85%
2022-10-27 11:53:21 : 202,400,000 : 0 : 21,818,351,275 : 85%
2022-10-27 12:14:02 : 202,500,000 : 0 : 21,839,454,350 : 85%
2022-10-27 12:33:37 : 202,600,000 : 0 : 21,850,202,500 : 85%
2022-10-27 12:52:04 : 202,700,000 : 0 : 21,860,819,575 : 85%
2022-10-27 13:09:40 : 202,800,000 : 0 : 21,871,436,650 : 86%
2022-10-27 13:26:35 : 202,900,000 : 0 : 21,882,053,725 : 86%
2022-10-27 13:42:57 : 203,000,000 : 0 : 21,892,801,875 : 86%
2022-10-27 13:58:25 : 203,100,000 : 0 : 21,903,418,950 : 86%
2022-10-27 14:13:38 : 203,200,000 : 0 : 21,914,167,100 : 86%
2022-10-27 14:28:38 : 203,300,000 : 0 : 21,924,915,250 : 86%
2022-10-27 14:43:06 : 203,400,000 : 0 : 21,935,663,400 : 86%
2022-10-27 14:57:37 : 203,500,000 : 0 : 21,946,411,550 : 86%
2022-10-27 15:12:07 : 203,600,000 : 0 : 21,957,290,775 : 86%
2022-10-27 15:26:11 : 203,700,000 : 0 : 21,968,038,925 : 86%
2022-10-27 15:40:21 : 203,800,000 : 0 : 21,978,787,075 : 86%
2022-10-27 15:54:33 : 203,900,000 : 0 : 21,989,666,300 : 86%
2022-10-27 16:08:44 : 204,000,000 : 0 : 22,000,414,450 : 86%
2022-10-27 16:22:49 : 204,100,000 : 0 : 22,011,293,675 : 86%
2022-10-27 16:37:02 : 204,200,000 : 0 : 22,022,172,900 : 86%
2022-10-27 16:50:55 : 204,300,000 : 0 : 22,032,658,900 : 86%
2022-10-27 17:04:49 : 204,400,000 : 0 : 22,043,407,050 : 86%
2022-10-27 17:18:55 : 204,500,000 : 0 : 22,054,155,200 : 86%
2022-10-27 17:32:51 : 204,600,000 : 0 : 22,064,903,350 : 86%
2022-10-27 17:46:47 : 204,700,000 : 0 : 22,086,268,575 : 86%
2022-10-27 18:00:38 : 204,800,000 : 0 : 22,096,885,650 : 86%
2022-10-27 18:14:44 : 204,900,000 : 0 : 22,107,502,725 : 86%
2022-10-27 18:28:39 : 205,000,000 : 0 : 22,118,250,875 : 87%
2022-10-27 18:42:38 : 205,100,000 : 0 : 22,128,999,025 : 87%
2022-10-27 18:56:39 : 205,200,000 : 0 : 22,139,616,100 : 87%
2022-10-27 19:11:01 : 205,300,000 : 0 : 22,150,233,175 : 87%
2022-10-27 19:25:23 : 205,400,000 : 0 : 22,160,850,250 : 87%
2022-10-27 19:39:40 : 205,500,000 : 0 : 22,171,467,325 : 87%
2022-10-27 19:53:29 : 205,600,000 : 0 : 22,181,953,325 : 87%
2022-10-27 20:07:26 : 205,700,000 : 0 : 22,192,439,325 : 87%
2022-10-27 20:21:18 : 205,800,000 : 0 : 22,202,925,325 : 87%
2022-10-27 20:35:04 : 205,900,000 : 0 : 22,213,411,325 : 87%
2022-10-27 20:49:02 : 206,000,000 : 0 : 22,223,897,325 : 87%
2022-10-27 21:03:15 : 206,100,000 : 0 : 22,234,514,400 : 87%
2022-10-27 21:17:58 : 206,200,000 : 0 : 22,245,131,475 : 87%
2022-10-27 21:32:52 : 206,300,000 : 0 : 22,255,748,550 : 87%
2022-10-27 21:48:06 : 206,400,000 : 0 : 22,266,234,550 : 87%
2022-10-27 22:03:36 : 206,500,000 : 0 : 22,276,720,550 : 87%
2022-10-27 22:19:47 : 206,600,000 : 0 : 22,287,337,625 : 87%
2022-10-27 22:36:15 : 206,700,000 : 0 : 22,297,823,625 : 87%
2022-10-27 22:53:10 : 206,800,000 : 0 : 22,308,309,625 : 87%
2022-10-27 23:10:07 : 206,900,000 : 0 : 22,329,019,475 : 87%
2022-10-27 23:26:49 : 207,000,000 : 0 : 22,339,505,475 : 87%
2022-10-27 23:43:46 : 207,100,000 : 0 : 22,349,729,325 : 87%
2022-10-28 00:00:38 : 207,200,000 : 0 : 22,359,953,175 : 87%
2022-10-28 00:17:30 : 207,300,000 : 0 : 22,370,045,950 : 87%
2022-10-28 00:34:03 : 207,400,000 : 0 : 22,380,138,725 : 88%
2022-10-28 00:50:31 : 207,500,000 : 0 : 22,390,231,500 : 88%
2022-10-28 01:07:04 : 207,600,000 : 0 : 22,400,193,200 : 88%
2022-10-28 01:23:42 : 207,700,000 : 0 : 22,410,023,825 : 88%
2022-10-28 01:40:23 : 207,800,000 : 0 : 22,419,985,525 : 88%
2022-10-28 01:56:57 : 207,900,000 : 0 : 22,430,078,300 : 88%
2022-10-28 02:13:30 : 208,000,000 : 0 : 22,439,908,925 : 88%
2022-10-28 02:30:09 : 208,100,000 : 0 : 22,449,870,625 : 88%
2022-10-28 02:47:14 : 208,200,000 : 0 : 22,459,832,325 : 88%
2022-10-28 03:04:47 : 208,300,000 : 0 : 22,469,662,950 : 88%
2022-10-28 03:23:12 : 208,400,000 : 0 : 22,479,624,650 : 88%
2022-10-28 03:42:16 : 208,500,000 : 0 : 22,489,717,425 : 88%
2022-10-28 04:02:34 : 208,600,000 : 0 : 22,499,941,275 : 88%
2022-10-28 04:23:55 : 208,700,000 : 0 : 22,510,034,050 : 88%
2022-10-28 04:46:50 : 208,800,000 : 0 : 22,520,257,900 : 88%
2022-10-28 05:10:38 : 208,900,000 : 0 : 22,530,481,750 : 88%
2022-10-28 05:36:00 : 209,000,000 : 0 : 22,540,705,600 : 88%
2022-10-28 06:02:46 : 209,100,000 : 0 : 22,551,060,525 : 88%
2022-10-28 06:30:51 : 209,200,000 : 0 : 22,561,546,525 : 88%
2022-10-28 07:00:02 : 209,300,000 : 0 : 22,572,032,525 : 88%
2022-10-28 07:30:35 : 209,400,000 : 0 : 22,593,004,525 : 88%
2022-10-28 08:01:43 : 209,500,000 : 0 : 22,603,490,525 : 88%
2022-10-28 08:33:37 : 209,600,000 : 0 : 22,613,976,525 : 88%
2022-10-28 09:05:33 : 209,700,000 : 0 : 22,624,331,450 : 88%
2022-10-28 09:36:49 : 209,800,000 : 0 : 22,634,686,375 : 89%
2022-10-28 10:06:17 : 209,900,000 : 0 : 22,645,172,375 : 89%
2022-10-28 10:34:41 : 210,000,000 : 0 : 22,655,527,300 : 89%
2022-10-28 11:00:33 : 210,100,000 : 0 : 22,666,013,300 : 89%
2022-10-28 11:24:37 : 210,200,000 : 0 : 22,676,499,300 : 89%
2022-10-28 11:47:00 : 210,300,000 : 0 : 22,687,116,375 : 89%
2022-10-28 12:08:09 : 210,400,000 : 0 : 22,697,733,450 : 89%
2022-10-28 12:28:20 : 210,500,000 : 0 : 22,708,219,450 : 89%
2022-10-28 12:47:09 : 210,600,000 : 0 : 22,718,836,525 : 89%
2022-10-28 13:05:06 : 210,700,000 : 0 : 22,729,453,600 : 89%
2022-10-28 13:22:14 : 210,800,000 : 0 : 22,740,201,750 : 89%
2022-10-28 13:38:52 : 210,900,000 : 0 : 22,750,818,825 : 89%
2022-10-28 13:54:56 : 211,000,000 : 0 : 22,761,435,900 : 89%
2022-10-28 14:10:48 : 211,100,000 : 0 : 22,772,184,050 : 89%
2022-10-28 14:26:04 : 211,200,000 : 0 : 22,782,932,200 : 89%
2022-10-28 14:41:13 : 211,300,000 : 0 : 22,793,680,350 : 89%
2022-10-28 14:55:56 : 211,400,000 : 0 : 22,804,428,500 : 89%
2022-10-28 15:10:41 : 211,500,000 : 0 : 22,815,176,650 : 89%
2022-10-28 15:25:28 : 211,600,000 : 0 : 22,836,672,950 : 89%
2022-10-28 15:40:11 : 211,700,000 : 0 : 22,847,421,100 : 89%
2022-10-28 15:54:29 : 211,800,000 : 0 : 22,858,169,250 : 89%
2022-10-28 16:09:00 : 211,900,000 : 0 : 22,868,917,400 : 89%
2022-10-28 16:23:34 : 212,000,000 : 0 : 22,879,534,475 : 89%
2022-10-28 16:37:58 : 212,100,000 : 0 : 22,890,282,625 : 90%
2022-10-28 16:52:19 : 212,200,000 : 0 : 22,900,899,700 : 90%
2022-10-28 17:06:34 : 212,300,000 : 0 : 22,911,516,775 : 90%
2022-10-28 17:20:50 : 212,400,000 : 0 : 22,922,133,850 : 90%
2022-10-28 17:35:13 : 212,500,000 : 0 : 22,932,882,000 : 90%
2022-10-28 17:49:55 : 212,600,000 : 0 : 22,943,630,150 : 90%
2022-10-28 18:04:31 : 212,700,000 : 0 : 22,954,247,225 : 90%
2022-10-28 18:19:15 : 212,800,000 : 0 : 22,964,733,225 : 90%
2022-10-28 18:33:54 : 212,900,000 : 0 : 22,975,219,225 : 90%
2022-10-28 18:48:35 : 213,000,000 : 0 : 22,985,836,300 : 90%
2022-10-28 19:03:18 : 213,100,000 : 0 : 22,996,322,300 : 90%
2022-10-28 19:18:17 : 213,200,000 : 0 : 23,006,808,300 : 90%
2022-10-28 19:33:07 : 213,300,000 : 0 : 23,017,425,375 : 90%
2022-10-28 19:47:55 : 213,400,000 : 0 : 23,027,911,375 : 90%
2022-10-28 20:02:42 : 213,500,000 : 0 : 23,038,397,375 : 90%
2022-10-28 20:17:43 : 213,600,000 : 0 : 23,048,752,300 : 90%
2022-10-28 20:32:48 : 213,700,000 : 0 : 23,069,724,300 : 90%
2022-10-28 20:48:15 : 213,800,000 : 0 : 23,080,079,225 : 90%
2022-10-28 21:03:39 : 213,900,000 : 0 : 23,090,565,225 : 90%
2022-10-28 21:19:38 : 214,000,000 : 0 : 23,100,920,150 : 90%
2022-10-28 21:35:35 : 214,100,000 : 0 : 23,111,275,075 : 90%
2022-10-28 21:51:36 : 214,200,000 : 0 : 23,121,630,000 : 90%
2022-10-28 22:07:48 : 214,300,000 : 0 : 23,131,984,925 : 90%
2022-10-28 22:24:31 : 214,400,000 : 0 : 23,142,339,850 : 91%
2022-10-28 22:41:35 : 214,500,000 : 0 : 23,152,563,700 : 91%
2022-10-28 22:58:59 : 214,600,000 : 0 : 23,162,787,550 : 91%
2022-10-28 23:16:25 : 214,700,000 : 0 : 23,173,011,400 : 91%
2022-10-28 23:34:01 : 214,800,000 : 0 : 23,183,235,250 : 91%
2022-10-28 23:51:59 : 214,900,000 : 0 : 23,193,328,025 : 91%
2022-10-29 00:10:02 : 215,000,000 : 0 : 23,203,420,800 : 91%
2022-10-29 00:27:50 : 215,100,000 : 0 : 23,213,382,500 : 91%
2022-10-29 00:45:06 : 215,200,000 : 0 : 23,223,213,125 : 91%
2022-10-29 01:02:40 : 215,300,000 : 0 : 23,233,174,825 : 91%
2022-10-29 01:20:08 : 215,400,000 : 0 : 23,243,005,450 : 91%
2022-10-29 01:38:05 : 215,500,000 : 0 : 23,252,705,000 : 91%
2022-10-29 01:56:13 : 215,600,000 : 0 : 23,262,666,700 : 91%
2022-10-29 02:14:14 : 215,700,000 : 0 : 23,272,497,325 : 91%
2022-10-29 02:32:29 : 215,800,000 : 0 : 23,282,196,875 : 91%
2022-10-29 02:51:08 : 215,900,000 : 0 : 23,292,027,500 : 91%
2022-10-29 03:11:05 : 216,000,000 : 0 : 23,301,989,200 : 91%
2022-10-29 03:31:54 : 216,100,000 : 0 : 23,311,950,900 : 91%
2022-10-29 03:53:13 : 216,200,000 : 0 : 23,321,912,600 : 91%
2022-10-29 04:15:11 : 216,300,000 : 0 : 23,341,573,850 : 91%
2022-10-29 04:38:43 : 216,400,000 : 0 : 23,351,404,475 : 91%
2022-10-29 05:02:56 : 216,500,000 : 0 : 23,361,628,325 : 91%
2022-10-29 05:29:36 : 216,600,000 : 0 : 23,371,721,100 : 91%
2022-10-29 05:57:51 : 216,700,000 : 0 : 23,381,944,950 : 91%
2022-10-29 06:28:12 : 216,800,000 : 0 : 23,392,037,725 : 91%
2022-10-29 06:59:12 : 216,900,000 : 0 : 23,402,261,575 : 92%
2022-10-29 07:31:37 : 217,000,000 : 0 : 23,412,485,425 : 92%
2022-10-29 08:03:38 : 217,100,000 : 0 : 23,422,578,200 : 92%
2022-10-29 08:36:39 : 217,200,000 : 0 : 23,432,670,975 : 92%
2022-10-29 09:09:28 : 217,300,000 : 0 : 23,442,894,825 : 92%
2022-10-29 09:42:36 : 217,400,000 : 0 : 23,452,987,600 : 92%
2022-10-29 10:14:15 : 217,500,000 : 0 : 23,462,949,300 : 92%
2022-10-29 10:45:12 : 217,600,000 : 0 : 23,473,042,075 : 92%
2022-10-29 11:14:13 : 217,700,000 : 0 : 23,483,265,925 : 92%
2022-10-29 11:41:18 : 217,800,000 : 0 : 23,493,358,700 : 92%
2022-10-29 12:06:28 : 217,900,000 : 0 : 23,503,582,550 : 92%
2022-10-29 12:29:59 : 218,000,000 : 0 : 23,513,937,475 : 92%
2022-10-29 12:51:24 : 218,100,000 : 0 : 23,524,030,250 : 92%
2022-10-29 13:11:20 : 218,200,000 : 0 : 23,534,254,100 : 92%
2022-10-29 13:31:02 : 218,300,000 : 0 : 23,544,609,025 : 92%
2022-10-29 13:50:09 : 218,400,000 : 0 : 23,554,963,950 : 92%
2022-10-29 14:08:25 : 218,500,000 : 0 : 23,565,449,950 : 92%
2022-10-29 14:25:36 : 218,600,000 : 0 : 23,575,673,800 : 92%
2022-10-29 14:42:02 : 218,700,000 : 0 : 23,586,028,725 : 92%
2022-10-29 14:58:10 : 218,800,000 : 0 : 23,596,383,650 : 92%
2022-10-29 15:14:08 : 218,900,000 : 0 : 23,617,224,575 : 92%
2022-10-29 15:30:11 : 219,000,000 : 0 : 23,627,579,500 : 92%
2022-10-29 15:46:00 : 219,100,000 : 0 : 23,638,065,500 : 92%
2022-10-29 16:01:35 : 219,200,000 : 0 : 23,648,420,425 : 92%
2022-10-29 16:17:21 : 219,300,000 : 0 : 23,658,775,350 : 93%
2022-10-29 16:32:40 : 219,400,000 : 0 : 23,669,130,275 : 93%
2022-10-29 16:47:59 : 219,500,000 : 0 : 23,679,485,200 : 93%
2022-10-29 17:03:15 : 219,600,000 : 0 : 23,689,840,125 : 93%
2022-10-29 17:18:33 : 219,700,000 : 0 : 23,700,063,975 : 93%
2022-10-29 17:33:43 : 219,800,000 : 0 : 23,710,287,825 : 93%
2022-10-29 17:48:49 : 219,900,000 : 0 : 23,720,511,675 : 93%
2022-10-29 18:04:16 : 220,000,000 : 0 : 23,730,866,600 : 93%
2022-10-29 18:19:32 : 220,100,000 : 0 : 23,740,959,375 : 93%
2022-10-29 18:34:55 : 220,200,000 : 0 : 23,751,183,225 : 93%
2022-10-29 18:50:23 : 220,300,000 : 0 : 23,761,276,000 : 93%
2022-10-29 19:05:41 : 220,400,000 : 0 : 23,771,237,700 : 93%
2022-10-29 19:21:20 : 220,500,000 : 0 : 23,781,330,475 : 93%
2022-10-29 19:36:47 : 220,600,000 : 0 : 23,791,292,175 : 93%
2022-10-29 19:52:09 : 220,700,000 : 0 : 23,801,384,950 : 93%
2022-10-29 20:07:55 : 220,800,000 : 0 : 23,811,346,650 : 93%
2022-10-29 20:23:45 : 220,900,000 : 0 : 23,821,308,350 : 93%
2022-10-29 20:38:50 : 221,000,000 : 0 : 23,831,270,050 : 93%
2022-10-29 20:53:49 : 221,100,000 : 0 : 23,841,100,675 : 93%
2022-10-29 21:09:19 : 221,200,000 : 0 : 23,851,062,375 : 93%
2022-10-29 21:25:11 : 221,300,000 : 0 : 23,871,247,925 : 93%
2022-10-29 21:41:32 : 221,400,000 : 0 : 23,881,209,625 : 93%
2022-10-29 21:58:01 : 221,500,000 : 0 : 23,891,040,250 : 93%
2022-10-29 22:14:25 : 221,600,000 : 0 : 23,901,001,950 : 93%
2022-10-29 22:31:16 : 221,700,000 : 0 : 23,910,963,650 : 94%
2022-10-29 22:48:30 : 221,800,000 : 0 : 23,920,925,350 : 94%
2022-10-29 23:05:27 : 221,900,000 : 0 : 23,930,755,975 : 94%
2022-10-29 23:22:37 : 222,000,000 : 0 : 23,940,848,750 : 94%
2022-10-29 23:40:03 : 222,100,000 : 0 : 23,950,679,375 : 94%
2022-10-29 23:57:26 : 222,200,000 : 0 : 23,960,510,000 : 94%
2022-10-30 00:14:50 : 222,300,000 : 0 : 23,970,209,550 : 94%
2022-10-30 00:32:15 : 222,400,000 : 0 : 23,979,778,025 : 94%
2022-10-30 00:49:40 : 222,500,000 : 0 : 23,989,608,650 : 94%
2022-10-30 01:07:42 : 222,600,000 : 0 : 23,999,308,200 : 94%
2022-10-30 01:25:44 : 222,700,000 : 0 : 24,009,007,750 : 94%
2022-10-30 01:43:35 : 222,800,000 : 0 : 24,018,576,225 : 94%
2022-10-30 02:01:36 : 222,900,000 : 0 : 24,028,275,775 : 94%
2022-10-30 02:20:02 : 223,000,000 : 0 : 24,037,975,325 : 94%
2022-10-30 02:38:56 : 223,100,000 : 0 : 24,047,674,875 : 94%
2022-10-30 02:58:25 : 223,200,000 : 0 : 24,057,243,350 : 94%
2022-10-30 03:18:11 : 223,300,000 : 0 : 24,066,942,900 : 94%
2022-10-30 03:38:36 : 223,400,000 : 0 : 24,076,642,450 : 94%
2022-10-30 03:59:46 : 223,500,000 : 0 : 24,086,473,075 : 94%
2022-10-30 04:22:24 : 223,600,000 : 0 : 24,096,172,625 : 94%
2022-10-30 04:45:41 : 223,700,000 : 0 : 24,105,872,175 : 94%
2022-10-30 05:09:50 : 223,800,000 : 0 : 24,115,702,800 : 94%
2022-10-30 05:35:57 : 223,900,000 : 0 : 24,125,533,425 : 94%
2022-10-30 06:03:45 : 224,000,000 : 0 : 24,135,495,125 : 94%
2022-10-30 06:32:34 : 224,100,000 : 0 : 24,145,456,825 : 94%
2022-10-30 07:02:19 : 224,200,000 : 0 : 24,165,249,150 : 95%
2022-10-30 07:32:55 : 224,300,000 : 0 : 24,175,341,925 : 95%
2022-10-30 08:03:31 : 224,400,000 : 0 : 24,185,303,625 : 95%
2022-10-30 08:34:39 : 224,500,000 : 0 : 24,195,396,400 : 95%
2022-10-30 09:06:06 : 224,600,000 : 0 : 24,205,358,100 : 95%
2022-10-30 09:37:55 : 224,700,000 : 0 : 24,215,450,875 : 95%
2022-10-30 10:09:10 : 224,800,000 : 0 : 24,225,412,575 : 95%
2022-10-30 10:39:32 : 224,900,000 : 0 : 24,235,505,350 : 95%
2022-10-30 11:08:21 : 225,000,000 : 0 : 24,245,335,975 : 95%
2022-10-30 11:35:28 : 225,100,000 : 0 : 24,255,297,675 : 95%
2022-10-30 12:00:25 : 225,200,000 : 0 : 24,265,390,450 : 95%
2022-10-30 12:23:59 : 225,300,000 : 0 : 24,275,483,225 : 95%
2022-10-30 12:45:39 : 225,400,000 : 0 : 24,285,576,000 : 95%
2022-10-30 13:05:50 : 225,500,000 : 0 : 24,295,668,775 : 95%
2022-10-30 13:25:17 : 225,600,000 : 0 : 24,305,761,550 : 95%
2022-10-30 13:43:52 : 225,700,000 : 0 : 24,315,985,400 : 95%
2022-10-30 14:01:11 : 225,800,000 : 0 : 24,326,078,175 : 95%
2022-10-30 14:17:37 : 225,900,000 : 0 : 24,336,039,875 : 95%
2022-10-30 14:33:42 : 226,000,000 : 0 : 24,346,263,725 : 95%
2022-10-30 14:49:26 : 226,100,000 : 0 : 24,356,487,575 : 95%
2022-10-30 15:05:07 : 226,200,000 : 0 : 24,366,842,500 : 95%
2022-10-30 15:20:36 : 226,300,000 : 0 : 24,377,197,425 : 95%
2022-10-30 15:35:57 : 226,400,000 : 0 : 24,387,421,275 : 95%
2022-10-30 15:51:06 : 226,500,000 : 0 : 24,397,776,200 : 95%
2022-10-30 16:06:13 : 226,600,000 : 0 : 24,408,131,125 : 95%
2022-10-30 16:21:25 : 226,700,000 : 0 : 24,428,709,900 : 96%
2022-10-30 16:36:27 : 226,800,000 : 0 : 24,439,064,825 : 96%
2022-10-30 16:51:26 : 226,900,000 : 0 : 24,449,419,750 : 96%
2022-10-30 17:06:14 : 227,000,000 : 0 : 24,459,643,600 : 96%
2022-10-30 17:20:41 : 227,100,000 : 0 : 24,469,736,375 : 96%
2022-10-30 17:34:54 : 227,200,000 : 0 : 24,479,829,150 : 96%
2022-10-30 17:48:56 : 227,300,000 : 0 : 24,489,921,925 : 96%
2022-10-30 18:02:58 : 227,400,000 : 0 : 24,500,014,700 : 96%
2022-10-30 18:16:49 : 227,500,000 : 0 : 24,510,107,475 : 96%
2022-10-30 18:30:45 : 227,600,000 : 0 : 24,520,331,325 : 96%
2022-10-30 18:45:22 : 227,700,000 : 0 : 24,530,555,175 : 96%
2022-10-30 18:59:49 : 227,800,000 : 0 : 24,540,516,875 : 96%
2022-10-30 19:14:13 : 227,900,000 : 0 : 24,550,478,575 : 96%
2022-10-30 19:28:29 : 228,000,000 : 0 : 24,560,440,275 : 96%
2022-10-30 19:42:45 : 228,100,000 : 0 : 24,570,401,975 : 96%
2022-10-30 19:56:45 : 228,200,000 : 0 : 24,580,494,750 : 96%
2022-10-30 20:11:01 : 228,300,000 : 0 : 24,590,456,450 : 96%
2022-10-30 20:25:21 : 228,400,000 : 0 : 24,600,418,150 : 96%
2022-10-30 20:39:50 : 228,500,000 : 0 : 24,610,379,850 : 96%
2022-10-30 20:54:27 : 228,600,000 : 0 : 24,620,341,550 : 96%
2022-10-30 21:09:17 : 228,700,000 : 0 : 24,630,303,250 : 96%
2022-10-30 21:23:53 : 228,800,000 : 0 : 24,640,264,950 : 96%
2022-10-30 21:38:32 : 228,900,000 : 0 : 24,650,095,575 : 96%
2022-10-30 21:53:03 : 229,000,000 : 0 : 24,659,926,200 : 96%
2022-10-30 22:08:20 : 229,100,000 : 0 : 24,670,018,975 : 96%
2022-10-30 22:24:00 : 229,200,000 : 0 : 24,689,942,375 : 97%
2022-10-30 22:39:27 : 229,300,000 : 0 : 24,699,773,000 : 97%
2022-10-30 22:54:51 : 229,400,000 : 0 : 24,709,734,700 : 97%
2022-10-30 23:10:15 : 229,500,000 : 0 : 24,719,827,475 : 97%
2022-10-30 23:26:03 : 229,600,000 : 0 : 24,729,920,250 : 97%
2022-10-30 23:42:27 : 229,700,000 : 0 : 24,740,013,025 : 97%
2022-10-30 23:59:10 : 229,800,000 : 0 : 24,750,236,875 : 97%
2022-10-31 00:16:17 : 229,900,000 : 0 : 24,760,329,650 : 97%
2022-10-31 00:33:20 : 230,000,000 : 0 : 24,770,291,350 : 97%
2022-10-31 00:49:57 : 230,100,000 : 0 : 24,780,121,975 : 97%
2022-10-31 01:06:37 : 230,200,000 : 0 : 24,790,214,750 : 97%
2022-10-31 01:23:31 : 230,300,000 : 0 : 24,800,045,375 : 97%
2022-10-31 01:40:27 : 230,400,000 : 0 : 24,810,138,150 : 97%
2022-10-31 01:57:43 : 230,500,000 : 0 : 24,820,230,925 : 97%
2022-10-31 02:14:50 : 230,600,000 : 0 : 24,830,192,625 : 97%
2022-10-31 02:32:06 : 230,700,000 : 0 : 24,840,154,325 : 97%
2022-10-31 02:49:24 : 230,800,000 : 0 : 24,849,984,950 : 97%
2022-10-31 03:07:36 : 230,900,000 : 0 : 24,860,077,725 : 97%
2022-10-31 03:26:50 : 231,000,000 : 0 : 24,870,039,425 : 97%
2022-10-31 03:47:20 : 231,100,000 : 0 : 24,880,132,200 : 97%
2022-10-31 04:09:11 : 231,200,000 : 0 : 24,890,356,050 : 97%
2022-10-31 04:33:10 : 231,300,000 : 0 : 24,900,579,900 : 97%
2022-10-31 04:59:04 : 231,400,000 : 0 : 24,910,934,825 : 97%
2022-10-31 05:26:43 : 231,500,000 : 0 : 24,921,158,675 : 97%
2022-10-31 05:56:17 : 231,600,000 : 0 : 24,941,737,450 : 98%
2022-10-31 06:28:15 : 231,700,000 : 0 : 24,952,092,375 : 98%
2022-10-31 07:00:52 : 231,800,000 : 0 : 24,962,447,300 : 98%
2022-10-31 07:34:19 : 231,900,000 : 0 : 24,972,933,300 : 98%
2022-10-31 08:08:04 : 232,000,000 : 0 : 24,983,419,300 : 98%
2022-10-31 08:42:12 : 232,100,000 : 0 : 24,993,774,225 : 98%
2022-10-31 09:16:31 : 232,200,000 : 0 : 25,004,260,225 : 98%
2022-10-31 09:49:35 : 232,300,000 : 0 : 25,014,615,150 : 98%
2022-10-31 10:20:00 : 232,400,000 : 0 : 25,024,970,075 : 98%
2022-10-31 10:48:55 : 232,500,000 : 0 : 25,035,456,075 : 98%
2022-10-31 11:15:11 : 232,600,000 : 0 : 25,045,811,000 : 98%
2022-10-31 11:39:30 : 232,700,000 : 0 : 25,056,297,000 : 98%
2022-10-31 12:02:05 : 232,800,000 : 0 : 25,066,783,000 : 98%
2022-10-31 12:23:34 : 232,900,000 : 0 : 25,077,400,075 : 98%
2022-10-31 12:43:58 : 233,000,000 : 0 : 25,087,886,075 : 98%
2022-10-31 13:02:55 : 233,100,000 : 0 : 25,098,634,225 : 98%
2022-10-31 13:21:18 : 233,200,000 : 0 : 25,109,251,300 : 98%
2022-10-31 13:38:40 : 233,300,000 : 0 : 25,119,737,300 : 98%
2022-10-31 13:55:01 : 233,400,000 : 0 : 25,130,354,375 : 98%
2022-10-31 14:11:09 : 233,500,000 : 0 : 25,141,102,525 : 98%
2022-10-31 14:26:47 : 233,600,000 : 0 : 25,151,719,600 : 98%
2022-10-31 14:42:12 : 233,700,000 : 0 : 25,162,467,750 : 98%
2022-10-31 14:57:20 : 233,800,000 : 0 : 25,183,964,050 : 98%
2022-10-31 15:12:19 : 233,900,000 : 0 : 25,194,712,200 : 99%
2022-10-31 15:27:19 : 234,000,000 : 0 : 25,205,591,425 : 99%
2022-10-31 15:42:09 : 234,100,000 : 0 : 25,216,339,575 : 99%
2022-10-31 15:56:44 : 234,200,000 : 0 : 25,227,087,725 : 99%
2022-10-31 16:11:12 : 234,300,000 : 0 : 25,237,835,875 : 99%
2022-10-31 16:25:41 : 234,400,000 : 0 : 25,248,452,950 : 99%
2022-10-31 16:40:10 : 234,500,000 : 0 : 25,259,201,100 : 99%
2022-10-31 16:54:31 : 234,600,000 : 0 : 25,269,949,250 : 99%
2022-10-31 17:08:57 : 234,700,000 : 0 : 25,280,697,400 : 99%
2022-10-31 17:23:18 : 234,800,000 : 0 : 25,291,314,475 : 99%
2022-10-31 17:37:38 : 234,900,000 : 0 : 25,302,062,625 : 99%
2022-10-31 17:51:50 : 235,000,000 : 0 : 25,312,810,775 : 99%
2022-10-31 18:06:05 : 235,100,000 : 0 : 25,323,427,850 : 99%
2022-10-31 18:20:35 : 235,200,000 : 0 : 25,334,176,000 : 99%
2022-10-31 18:35:03 : 235,300,000 : 0 : 25,344,793,075 : 99%
2022-10-31 18:49:26 : 235,400,000 : 0 : 25,355,541,225 : 99%
2022-10-31 19:03:55 : 235,500,000 : 0 : 25,366,027,225 : 99%
2022-10-31 19:18:42 : 235,600,000 : 0 : 25,376,644,300 : 99%
2022-10-31 19:33:28 : 235,700,000 : 0 : 25,387,392,450 : 99%
2022-10-31 19:48:06 : 235,800,000 : 0 : 25,408,495,525 : 99%
2022-10-31 20:02:31 : 235,900,000 : 0 : 25,419,112,600 : 99%
2022-10-31 20:17:14 : 236,000,000 : 0 : 25,429,729,675 : 99%
2022-10-31 20:31:57 : 236,100,000 : 0 : 25,440,346,750 : 99%
2022-10-31 20:46:53 : 236,200,000 : 0 : 25,450,963,825 : 100%
2022-10-31 21:01:52 : 236,300,000 : 0 : 25,461,580,900 : 100%
2022-10-31 21:17:26 : 236,400,000 : 0 : 25,472,197,975 : 100%
2022-10-31 21:33:13 : 236,500,000 : 0 : 25,482,683,975 : 100%
2022-10-31 21:49:00 : 236,600,000 : 0 : 25,493,169,975 : 100%
2022-10-31 22:05:19 : 236,700,000 : 0 : 25,503,655,975 : 100%
2022-10-31 22:22:20 : 236,800,000 : 0 : 25,514,141,975 : 100%
2022-10-31 22:39:33 : 236,900,000 : 0 : 25,524,496,900 : 100%
2022-10-31 22:56:54 : 237,000,000 : 0 : 25,534,851,825 : 100%
2022-10-31 23:14:16 : 237,100,000 : 0 : 25,545,206,750 : 100%
2022-10-31 23:31:29 : 237,200,000 : 0 : 25,555,430,600 : 100%
2022-10-31 23:48:38 : 237,300,000 : 0 : 25,565,785,525 : 100%
2022-11-01 00:17:06 : 100,000 : 0 : 27,656,825 : 0%
2022-11-01 00:33:59 : 200,000 : 0 : 40,895,400 : 0%
2022-11-01 00:50:40 : 300,000 : 0 : 54,002,900 : 0%
2022-11-01 01:07:24 : 400,000 : 0 : 66,979,325 : 0%
2022-11-01 01:24:24 : 500,000 : 0 : 79,693,600 : 0%
2022-11-01 01:41:08 : 600,000 : 0 : 92,538,950 : 0%
2022-11-01 01:58:10 : 700,000 : 0 : 105,384,300 : 0%
2022-11-01 02:15:12 : 800,000 : 0 : 118,098,575 : 0%
2022-11-01 02:32:38 : 900,000 : 0 : 130,943,925 : 0%
2022-11-01 02:50:41 : 1,000,000 : 0 : 143,658,200 : 0%
2022-11-01 03:09:21 : 1,100,000 : 0 : 156,503,550 : 0%
2022-11-01 03:29:12 : 1,200,000 : 0 : 169,348,900 : 1%
2022-11-01 03:50:05 : 1,300,000 : 0 : 182,325,325 : 1%
2022-11-01 04:12:07 : 1,400,000 : 0 : 195,170,675 : 1%
2022-11-01 04:35:40 : 1,500,000 : 0 : 208,147,100 : 1%
2022-11-01 05:00:54 : 1,600,000 : 0 : 220,861,375 : 1%
2022-11-01 05:27:49 : 1,700,000 : 0 : 233,837,800 : 1%
2022-11-01 05:56:47 : 1,800,000 : 0 : 246,814,225 : 1%
2022-11-01 06:27:56 : 1,900,000 : 0 : 259,790,650 : 1%
2022-11-01 06:59:58 : 2,000,000 : 0 : 272,767,075 : 1%
2022-11-01 07:33:32 : 2,100,000 : 0 : 285,743,500 : 1%
2022-11-01 08:07:19 : 2,200,000 : 0 : 298,851,000 : 1%
2022-11-01 08:41:58 : 2,300,000 : 0 : 325,197,075 : 1%
2022-11-01 09:16:13 : 2,400,000 : 0 : 338,304,575 : 1%
2022-11-01 09:48:52 : 2,500,000 : 0 : 351,281,000 : 1%
2022-11-01 10:18:57 : 2,600,000 : 0 : 364,388,500 : 1%
2022-11-01 10:47:01 : 2,700,000 : 0 : 377,496,000 : 1%
2022-11-01 11:13:03 : 2,800,000 : 0 : 390,734,575 : 1%
2022-11-01 11:37:01 : 2,900,000 : 0 : 403,842,075 : 1%
2022-11-01 11:59:15 : 3,000,000 : 0 : 416,949,575 : 1%
2022-11-01 12:20:05 : 3,100,000 : 0 : 430,319,225 : 1%
2022-11-01 12:39:53 : 3,200,000 : 0 : 443,688,875 : 1%
2022-11-01 12:58:28 : 3,300,000 : 0 : 456,927,450 : 1%
2022-11-01 13:16:11 : 3,400,000 : 0 : 470,297,100 : 1%
2022-11-01 13:33:18 : 3,500,000 : 0 : 483,666,750 : 2%
2022-11-01 13:49:44 : 3,600,000 : 0 : 497,167,475 : 2%
2022-11-01 14:05:32 : 3,700,000 : 0 : 510,537,125 : 2%
2022-11-01 14:21:06 : 3,800,000 : 0 : 524,037,850 : 2%
2022-11-01 14:36:23 : 3,900,000 : 0 : 537,407,500 : 2%
2022-11-01 14:51:33 : 4,000,000 : 0 : 550,908,225 : 2%
2022-11-01 15:06:31 : 4,100,000 : 0 : 564,408,950 : 2%
2022-11-01 15:21:21 : 4,200,000 : 0 : 577,909,675 : 2%
2022-11-01 15:36:06 : 4,300,000 : 0 : 604,780,050 : 2%
2022-11-01 15:50:38 : 4,400,000 : 0 : 618,280,775 : 2%
2022-11-01 16:04:51 : 4,500,000 : 0 : 631,781,500 : 2%
2022-11-01 16:19:07 : 4,600,000 : 0 : 645,282,225 : 2%
2022-11-01 16:33:22 : 4,700,000 : 0 : 658,782,950 : 2%
2022-11-01 16:47:23 : 4,800,000 : 0 : 672,283,675 : 2%
2022-11-01 17:01:12 : 4,900,000 : 0 : 685,653,325 : 2%
2022-11-01 17:15:05 : 5,000,000 : 0 : 699,154,050 : 2%
2022-11-01 17:28:44 : 5,100,000 : 0 : 712,654,775 : 2%
2022-11-01 17:42:25 : 5,200,000 : 0 : 725,893,350 : 2%
2022-11-01 17:56:02 : 5,300,000 : 0 : 739,263,000 : 2%
2022-11-01 18:09:47 : 5,400,000 : 0 : 752,632,650 : 2%
2022-11-01 18:23:37 : 5,500,000 : 0 : 766,002,300 : 2%
2022-11-01 18:37:26 : 5,600,000 : 0 : 779,240,875 : 2%
2022-11-01 18:51:12 : 5,700,000 : 0 : 792,610,525 : 3%
2022-11-01 19:04:44 : 5,800,000 : 0 : 805,849,100 : 3%
2022-11-01 19:18:36 : 5,900,000 : 0 : 819,087,675 : 3%
2022-11-01 19:32:33 : 6,000,000 : 0 : 832,457,325 : 3%
2022-11-01 19:46:32 : 6,100,000 : 0 : 845,826,975 : 3%
2022-11-01 20:00:12 : 6,200,000 : 0 : 859,065,550 : 3%
2022-11-01 20:13:40 : 6,300,000 : 0 : 885,280,550 : 3%
2022-11-01 20:27:12 : 6,400,000 : 0 : 898,519,125 : 3%
2022-11-01 20:40:54 : 6,500,000 : 0 : 911,626,625 : 3%
2022-11-01 20:54:46 : 6,600,000 : 0 : 924,865,200 : 3%
2022-11-01 21:08:54 : 6,700,000 : 0 : 937,972,700 : 3%
2022-11-01 21:23:10 : 6,800,000 : 0 : 951,080,200 : 3%
2022-11-01 21:37:36 : 6,900,000 : 0 : 964,187,700 : 3%
2022-11-01 21:52:08 : 7,000,000 : 0 : 977,295,200 : 3%
2022-11-01 22:06:31 : 7,100,000 : 0 : 990,271,625 : 3%
2022-11-01 22:21:31 : 7,200,000 : 0 : 1,003,510,200 : 3%
2022-11-01 22:36:39 : 7,300,000 : 0 : 1,016,617,700 : 3%
2022-11-01 22:52:17 : 7,400,000 : 0 : 1,029,856,275 : 3%
2022-11-01 23:08:05 : 7,500,000 : 0 : 1,042,963,775 : 3%
2022-11-01 23:23:29 : 7,600,000 : 0 : 1,056,071,275 : 3%
2022-11-01 23:38:52 : 7,700,000 : 0 : 1,069,178,775 : 3%
2022-11-01 23:54:27 : 7,800,000 : 0 : 1,082,155,200 : 3%
2022-11-02 00:10:04 : 7,900,000 : 0 : 1,095,131,625 : 3%
2022-11-02 00:25:28 : 8,000,000 : 0 : 1,107,976,975 : 4%
2022-11-02 00:40:57 : 8,100,000 : 0 : 1,120,691,250 : 4%
2022-11-02 00:56:31 : 8,200,000 : 0 : 1,133,536,600 : 4%
2022-11-02 01:12:36 : 8,300,000 : 0 : 1,146,250,875 : 4%
2022-11-02 01:28:37 : 8,400,000 : 0 : 1,171,679,425 : 4%
2022-11-02 01:44:29 : 8,500,000 : 0 : 1,184,262,625 : 4%
2022-11-02 01:59:46 : 8,600,000 : 0 : 1,196,976,900 : 4%
2022-11-02 02:15:58 : 8,700,000 : 0 : 1,209,691,175 : 4%
2022-11-02 02:32:32 : 8,800,000 : 0 : 1,222,536,525 : 4%
2022-11-02 02:49:28 : 8,900,000 : 0 : 1,235,250,800 : 4%
2022-11-02 03:07:05 : 9,000,000 : 0 : 1,247,965,075 : 4%
2022-11-02 03:25:31 : 9,100,000 : 0 : 1,260,810,425 : 4%
2022-11-02 03:45:03 : 9,200,000 : 0 : 1,273,655,775 : 4%
2022-11-02 04:05:44 : 9,300,000 : 0 : 1,286,632,200 : 4%
2022-11-02 04:27:24 : 9,400,000 : 0 : 1,299,346,475 : 4%
2022-11-02 04:50:44 : 9,500,000 : 0 : 1,312,322,900 : 4%
2022-11-02 05:16:05 : 9,600,000 : 0 : 1,325,299,325 : 4%
2022-11-02 05:42:56 : 9,700,000 : 0 : 1,338,275,750 : 4%
2022-11-02 06:12:07 : 9,800,000 : 0 : 1,351,383,250 : 4%
2022-11-02 06:42:54 : 9,900,000 : 0 : 1,364,359,675 : 4%
2022-11-02 07:14:34 : 10,000,000 : 0 : 1,377,467,175 : 4%
2022-11-02 07:47:17 : 10,100,000 : 0 : 1,390,574,675 : 4%
2022-11-02 08:19:59 : 10,200,000 : 0 : 1,403,682,175 : 4%
2022-11-02 08:53:22 : 10,300,000 : 0 : 1,416,920,750 : 5%
2022-11-02 09:26:33 : 10,400,000 : 0 : 1,430,028,250 : 5%
2022-11-02 09:57:34 : 10,500,000 : 0 : 1,456,243,250 : 5%
2022-11-02 10:26:27 : 10,600,000 : 0 : 1,469,219,675 : 5%
2022-11-02 10:53:19 : 10,700,000 : 0 : 1,482,458,250 : 5%
2022-11-02 11:18:32 : 10,800,000 : 0 : 1,495,565,750 : 5%
2022-11-02 11:41:43 : 10,900,000 : 0 : 1,508,804,325 : 5%
2022-11-02 12:03:27 : 11,000,000 : 0 : 1,522,042,900 : 5%
2022-11-02 12:23:57 : 11,100,000 : 0 : 1,535,412,550 : 5%
2022-11-02 12:43:16 : 11,200,000 : 0 : 1,548,913,275 : 5%
2022-11-02 13:01:39 : 11,300,000 : 0 : 1,562,282,925 : 5%
2022-11-02 13:19:10 : 11,400,000 : 0 : 1,575,914,725 : 5%
2022-11-02 13:36:02 : 11,500,000 : 0 : 1,589,415,450 : 5%
2022-11-02 13:52:28 : 11,600,000 : 0 : 1,603,047,250 : 5%
2022-11-02 14:08:28 : 11,700,000 : 0 : 1,616,679,050 : 5%
2022-11-02 14:24:03 : 11,800,000 : 0 : 1,630,310,850 : 5%
2022-11-02 14:39:20 : 11,900,000 : 0 : 1,644,073,725 : 5%
2022-11-02 14:54:17 : 12,000,000 : 0 : 1,657,836,600 : 5%
2022-11-02 15:09:08 : 12,100,000 : 0 : 1,671,468,400 : 5%
2022-11-02 15:23:45 : 12,200,000 : 0 : 1,685,100,200 : 5%
2022-11-02 15:38:10 : 12,300,000 : 0 : 1,698,732,000 : 5%
2022-11-02 15:52:31 : 12,400,000 : 0 : 1,712,494,875 : 5%
2022-11-02 16:06:49 : 12,500,000 : 0 : 1,726,126,675 : 5%
2022-11-02 16:21:01 : 12,600,000 : 0 : 1,753,259,200 : 6%
2022-11-02 16:34:59 : 12,700,000 : 0 : 1,766,891,000 : 6%
2022-11-02 16:48:57 : 12,800,000 : 0 : 1,780,391,725 : 6%
2022-11-02 17:02:44 : 12,900,000 : 0 : 1,794,023,525 : 6%
2022-11-02 17:16:48 : 13,000,000 : 0 : 1,807,524,250 : 6%
2022-11-02 17:31:08 : 13,100,000 : 0 : 1,821,024,975 : 6%
2022-11-02 17:45:03 : 13,200,000 : 0 : 1,834,525,700 : 6%
2022-11-02 17:58:47 : 13,300,000 : 0 : 1,847,895,350 : 6%
2022-11-02 18:12:27 : 13,400,000 : 0 : 1,861,265,000 : 6%
2022-11-02 18:26:22 : 13,500,000 : 0 : 1,874,634,650 : 6%
2022-11-02 18:40:16 : 13,600,000 : 0 : 1,888,135,375 : 6%
2022-11-02 18:53:58 : 13,700,000 : 0 : 1,901,505,025 : 6%
2022-11-02 19:07:52 : 13,800,000 : 0 : 1,914,874,675 : 6%
2022-11-02 19:21:50 : 13,900,000 : 0 : 1,928,244,325 : 6%
2022-11-02 19:35:53 : 14,000,000 : 0 : 1,941,482,900 : 6%
2022-11-02 19:49:51 : 14,100,000 : 0 : 1,954,852,550 : 6%
2022-11-02 20:03:47 : 14,200,000 : 0 : 1,968,222,200 : 6%
2022-11-02 20:17:41 : 14,300,000 : 0 : 1,981,591,850 : 6%
2022-11-02 20:31:27 : 14,400,000 : 0 : 1,994,830,425 : 6%
2022-11-02 20:45:17 : 14,500,000 : 0 : 2,008,200,075 : 6%
2022-11-02 20:59:11 : 14,600,000 : 0 : 2,021,569,725 : 6%
2022-11-02 21:13:35 : 14,700,000 : 0 : 2,048,309,025 : 7%
2022-11-02 21:28:34 : 14,800,000 : 0 : 2,061,547,600 : 7%
2022-11-02 21:43:32 : 14,900,000 : 0 : 2,074,786,175 : 7%
2022-11-02 21:58:19 : 15,000,000 : 0 : 2,087,762,600 : 7%
2022-11-02 22:13:13 : 15,100,000 : 0 : 2,101,001,175 : 7%
2022-11-02 22:28:35 : 15,200,000 : 0 : 2,114,239,750 : 7%
2022-11-02 22:44:14 : 15,300,000 : 0 : 2,127,478,325 : 7%
2022-11-02 23:00:07 : 15,400,000 : 0 : 2,140,716,900 : 7%
2022-11-02 23:16:00 : 15,500,000 : 0 : 2,153,955,475 : 7%
2022-11-02 23:31:47 : 15,600,000 : 0 : 2,167,062,975 : 7%
2022-11-02 23:47:32 : 15,700,000 : 0 : 2,180,170,475 : 7%
2022-11-03 00:03:17 : 15,800,000 : 0 : 2,193,146,900 : 7%
2022-11-03 00:18:39 : 15,900,000 : 0 : 2,205,992,250 : 7%
2022-11-03 00:34:02 : 16,000,000 : 0 : 2,218,968,675 : 7%
2022-11-03 00:49:25 : 16,100,000 : 0 : 2,231,814,025 : 7%
2022-11-03 01:04:45 : 16,200,000 : 0 : 2,244,397,225 : 7%
2022-11-03 01:20:25 : 16,300,000 : 0 : 2,257,111,500 : 7%
2022-11-03 01:35:57 : 16,400,000 : 0 : 2,269,825,775 : 7%
2022-11-03 01:51:22 : 16,500,000 : 0 : 2,282,277,900 : 7%
2022-11-03 02:06:57 : 16,600,000 : 0 : 2,295,123,250 : 7%
2022-11-03 02:23:18 : 16,700,000 : 0 : 2,307,968,600 : 7%
2022-11-03 02:40:01 : 16,800,000 : 0 : 2,320,813,950 : 7%
2022-11-03 02:57:32 : 16,900,000 : 0 : 2,333,790,375 : 7%
2022-11-03 03:16:01 : 17,000,000 : 0 : 2,346,766,800 : 7%
2022-11-03 03:34:55 : 17,100,000 : 0 : 2,372,588,575 : 8%
2022-11-03 03:54:58 : 17,200,000 : 0 : 2,385,565,000 : 8%
2022-11-03 04:16:27 : 17,300,000 : 0 : 2,398,672,500 : 8%
2022-11-03 04:39:27 : 17,400,000 : 0 : 2,411,517,850 : 8%
2022-11-03 05:03:37 : 17,500,000 : 0 : 2,424,494,275 : 8%
2022-11-03 05:29:31 : 17,600,000 : 0 : 2,437,732,850 : 8%
2022-11-03 05:58:06 : 17,700,000 : 0 : 2,450,840,350 : 8%
2022-11-03 06:28:30 : 17,800,000 : 0 : 2,464,078,925 : 8%
2022-11-03 07:00:02 : 17,900,000 : 0 : 2,477,317,500 : 8%
2022-11-03 07:33:02 : 18,000,000 : 0 : 2,490,293,925 : 8%
2022-11-03 08:06:10 : 18,100,000 : 0 : 2,503,532,500 : 8%
2022-11-03 08:40:04 : 18,200,000 : 0 : 2,516,771,075 : 8%
2022-11-03 09:14:01 : 18,300,000 : 0 : 2,530,009,650 : 8%
2022-11-03 09:46:11 : 18,400,000 : 0 : 2,543,248,225 : 8%
2022-11-03 10:16:42 : 18,500,000 : 0 : 2,556,355,725 : 8%
2022-11-03 10:44:50 : 18,600,000 : 0 : 2,569,594,300 : 8%
2022-11-03 11:10:41 : 18,700,000 : 0 : 2,582,832,875 : 8%
2022-11-03 11:34:36 : 18,800,000 : 0 : 2,596,071,450 : 8%
2022-11-03 11:56:33 : 18,900,000 : 0 : 2,609,310,025 : 8%
2022-11-03 12:17:00 : 19,000,000 : 0 : 2,622,810,750 : 8%
2022-11-03 12:36:29 : 19,100,000 : 0 : 2,636,311,475 : 8%
2022-11-03 12:54:48 : 19,200,000 : 0 : 2,649,812,200 : 8%
2022-11-03 13:12:27 : 19,300,000 : 0 : 2,663,444,000 : 8%
2022-11-03 13:29:17 : 19,400,000 : 0 : 2,677,075,800 : 9%
2022-11-03 13:45:43 : 19,500,000 : 0 : 2,704,470,475 : 9%
2022-11-03 14:01:36 : 19,600,000 : 0 : 2,718,102,275 : 9%
2022-11-03 14:17:06 : 19,700,000 : 0 : 2,731,734,075 : 9%
2022-11-03 14:32:12 : 19,800,000 : 0 : 2,745,365,875 : 9%
2022-11-03 14:46:58 : 19,900,000 : 0 : 2,759,128,750 : 9%
2022-11-03 15:01:28 : 20,000,000 : 0 : 2,772,891,625 : 9%
2022-11-03 15:16:09 : 20,100,000 : 0 : 2,786,654,500 : 9%
2022-11-03 15:30:43 : 20,200,000 : 0 : 2,800,417,375 : 9%
2022-11-03 15:45:06 : 20,300,000 : 0 : 2,814,049,175 : 9%
2022-11-03 15:59:20 : 20,400,000 : 0 : 2,827,812,050 : 9%
2022-11-03 16:13:28 : 20,500,000 : 0 : 2,841,443,850 : 9%
2022-11-03 16:27:30 : 20,600,000 : 0 : 2,855,075,650 : 9%
2022-11-03 16:41:28 : 20,700,000 : 0 : 2,868,707,450 : 9%
2022-11-03 16:55:16 : 20,800,000 : 0 : 2,882,208,175 : 9%
2022-11-03 17:09:10 : 20,900,000 : 0 : 2,895,839,975 : 9%
2022-11-03 17:23:05 : 21,000,000 : 0 : 2,909,340,700 : 9%
2022-11-03 17:36:50 : 21,100,000 : 0 : 2,922,841,425 : 9%
2022-11-03 17:50:38 : 21,200,000 : 0 : 2,936,473,225 : 9%
2022-11-03 18:04:31 : 21,300,000 : 0 : 2,949,973,950 : 9%
2022-11-03 18:18:33 : 21,400,000 : 0 : 2,963,474,675 : 9%
2022-11-03 18:32:29 : 21,500,000 : 0 : 2,990,476,125 : 9%
2022-11-03 18:46:23 : 21,600,000 : 0 : 3,003,976,850 : 10%
2022-11-03 19:00:08 : 21,700,000 : 0 : 3,017,346,500 : 10%
2022-11-03 19:14:08 : 21,800,000 : 0 : 3,030,716,150 : 10%
2022-11-03 19:28:19 : 21,900,000 : 0 : 3,044,085,800 : 10%
2022-11-03 19:42:18 : 22,000,000 : 0 : 3,057,324,375 : 10%
2022-11-03 19:55:55 : 22,100,000 : 0 : 3,070,562,950 : 10%
2022-11-03 20:09:41 : 22,200,000 : 0 : 3,083,801,525 : 10%
2022-11-03 20:23:22 : 22,300,000 : 0 : 3,097,040,100 : 10%
2022-11-03 20:37:04 : 22,400,000 : 0 : 3,110,409,750 : 10%
2022-11-03 20:50:55 : 22,500,000 : 0 : 3,123,648,325 : 10%
2022-11-03 21:04:51 : 22,600,000 : 0 : 3,136,886,900 : 10%
2022-11-03 21:19:13 : 22,700,000 : 0 : 3,150,256,550 : 10%
2022-11-03 21:33:37 : 22,800,000 : 0 : 3,163,626,200 : 10%
2022-11-03 22:13:39 : 22,900,000 : 0 : 3,176,602,625 : 10%
2022-11-03 22:29:28 : 23,000,000 : 0 : 3,189,841,200 : 10%
2022-11-03 22:45:06 : 23,100,000 : 0 : 3,202,948,700 : 10%
2022-11-03 23:00:41 : 23,200,000 : 0 : 3,216,187,275 : 10%
2022-11-03 23:16:18 : 23,300,000 : 0 : 3,229,294,775 : 10%
2022-11-03 23:31:52 : 23,400,000 : 0 : 3,242,402,275 : 10%
2022-11-03 23:47:34 : 23,500,000 : 0 : 3,255,509,775 : 10%
2022-11-04 00:03:08 : 23,600,000 : 0 : 3,268,486,200 : 10%
2022-11-04 00:18:26 : 23,700,000 : 0 : 3,294,045,825 : 10%
2022-11-04 00:33:48 : 23,800,000 : 0 : 3,306,629,025 : 11%
2022-11-04 00:49:19 : 23,900,000 : 0 : 3,319,343,300 : 11%
2022-11-04 01:04:55 : 24,000,000 : 0 : 3,331,926,500 : 11%
2022-11-04 01:20:40 : 24,100,000 : 0 : 3,344,509,700 : 11%
2022-11-04 01:36:12 : 24,200,000 : 0 : 3,357,092,900 : 11%
2022-11-04 01:51:33 : 24,300,000 : 0 : 3,369,807,175 : 11%
2022-11-04 02:07:25 : 24,400,000 : 0 : 3,382,521,450 : 11%
2022-11-04 02:23:39 : 24,500,000 : 0 : 3,395,235,725 : 11%
2022-11-04 02:40:14 : 24,600,000 : 0 : 3,407,818,925 : 11%
2022-11-04 02:57:21 : 24,700,000 : 0 : 3,420,533,200 : 11%
2022-11-04 03:15:32 : 24,800,000 : 0 : 3,433,378,550 : 11%
2022-11-04 03:34:18 : 24,900,000 : 0 : 3,446,092,825 : 11%
2022-11-04 03:53:49 : 25,000,000 : 0 : 3,458,807,100 : 11%
2022-11-04 04:14:03 : 25,100,000 : 0 : 3,471,521,375 : 11%
2022-11-04 04:36:16 : 25,200,000 : 0 : 3,484,497,800 : 11%
2022-11-04 04:59:50 : 25,300,000 : 0 : 3,497,474,225 : 11%
2022-11-04 05:25:16 : 25,400,000 : 0 : 3,510,581,725 : 11%
2022-11-04 05:52:06 : 25,500,000 : 0 : 3,523,558,150 : 11%
2022-11-04 06:21:24 : 25,600,000 : 0 : 3,536,665,650 : 11%
2022-11-04 06:52:10 : 25,700,000 : 0 : 3,549,904,225 : 11%
2022-11-04 07:24:35 : 25,800,000 : 0 : 3,563,142,800 : 11%
2022-11-04 07:57:22 : 25,900,000 : 0 : 3,576,381,375 : 11%
2022-11-04 08:30:30 : 26,000,000 : 0 : 3,589,751,025 : 11%
2022-11-04 09:04:03 : 26,100,000 : 0 : 3,602,989,600 : 11%
2022-11-04 09:36:32 : 26,200,000 : 0 : 3,629,728,900 : 12%
2022-11-04 10:06:54 : 26,300,000 : 0 : 3,643,098,550 : 12%
2022-11-04 10:35:22 : 26,400,000 : 0 : 3,656,337,125 : 12%
2022-11-04 11:01:34 : 26,500,000 : 0 : 3,669,706,775 : 12%
2022-11-04 11:25:54 : 26,600,000 : 0 : 3,682,945,350 : 12%
2022-11-04 11:48:09 : 26,700,000 : 0 : 3,696,315,000 : 12%
2022-11-04 12:09:12 : 26,800,000 : 0 : 3,709,815,725 : 12%
2022-11-04 12:29:20 : 26,900,000 : 0 : 3,723,316,450 : 12%
2022-11-04 12:47:58 : 27,000,000 : 0 : 3,736,817,175 : 12%
2022-11-04 13:05:42 : 27,100,000 : 0 : 3,750,448,975 : 12%
2022-11-04 13:22:55 : 27,200,000 : 0 : 3,763,818,625 : 12%
2022-11-04 13:39:32 : 27,300,000 : 0 : 3,777,450,425 : 12%
2022-11-04 13:55:19 : 27,400,000 : 0 : 3,790,951,150 : 12%
2022-11-04 14:10:59 : 27,500,000 : 0 : 3,804,582,950 : 12%
2022-11-04 14:26:13 : 27,600,000 : 0 : 3,818,214,750 : 12%
2022-11-04 14:41:10 : 27,700,000 : 0 : 3,831,846,550 : 12%
2022-11-04 14:55:55 : 27,800,000 : 0 : 3,845,609,425 : 12%
2022-11-04 15:10:41 : 27,900,000 : 0 : 3,859,241,225 : 12%
2022-11-04 15:25:04 : 28,000,000 : 0 : 3,872,741,950 : 12%
2022-11-04 15:39:24 : 28,100,000 : 0 : 3,886,373,750 : 12%
2022-11-04 15:53:30 : 28,200,000 : 0 : 3,900,005,550 : 12%
2022-11-04 16:07:40 : 28,300,000 : 0 : 3,927,138,075 : 12%
2022-11-04 16:22:00 : 28,400,000 : 0 : 3,940,769,875 : 13%
2022-11-04 16:36:17 : 28,500,000 : 0 : 3,954,270,600 : 13%
2022-11-04 16:50:27 : 28,600,000 : 0 : 3,967,771,325 : 13%
2022-11-04 17:04:24 : 28,700,000 : 0 : 3,981,272,050 : 13%
2022-11-04 17:18:28 : 28,800,000 : 0 : 3,994,772,775 : 13%
2022-11-04 17:32:08 : 28,900,000 : 0 : 4,008,142,425 : 13%
2022-11-04 17:45:48 : 29,000,000 : 0 : 4,021,774,225 : 13%
2022-11-04 17:59:40 : 29,100,000 : 0 : 4,035,143,875 : 13%
2022-11-04 18:13:51 : 29,200,000 : 0 : 4,048,644,600 : 13%
2022-11-04 18:27:59 : 29,300,000 : 0 : 4,062,014,250 : 13%
2022-11-04 18:42:10 : 29,400,000 : 0 : 4,075,514,975 : 13%
2022-11-04 18:56:34 : 29,500,000 : 0 : 4,088,884,625 : 13%
2022-11-04 19:11:16 : 29,600,000 : 0 : 4,102,385,350 : 13%
2022-11-04 19:25:58 : 29,700,000 : 0 : 4,115,755,000 : 13%
2022-11-04 19:40:44 : 29,800,000 : 0 : 4,129,124,650 : 13%
2022-11-04 19:55:13 : 29,900,000 : 0 : 4,142,363,225 : 13%
2022-11-04 20:09:53 : 30,000,000 : 0 : 4,155,732,875 : 13%
2022-11-04 20:24:28 : 30,100,000 : 0 : 4,169,102,525 : 13%
2022-11-04 20:39:06 : 30,200,000 : 0 : 4,182,472,175 : 13%
2022-11-04 20:53:48 : 30,300,000 : 0 : 4,195,710,750 : 13%
2022-11-04 21:09:08 : 30,400,000 : 0 : 4,209,080,400 : 13%
2022-11-04 21:24:43 : 30,500,000 : 0 : 4,235,688,625 : 13%
2022-11-04 21:40:31 : 30,600,000 : 0 : 4,248,927,200 : 13%
2022-11-04 21:56:34 : 30,700,000 : 0 : 4,262,165,775 : 14%
2022-11-04 22:12:54 : 30,800,000 : 0 : 4,275,404,350 : 14%
2022-11-04 22:29:37 : 30,900,000 : 0 : 4,288,511,850 : 14%
2022-11-04 22:46:21 : 31,000,000 : 0 : 4,301,750,425 : 14%
2022-11-04 23:02:55 : 31,100,000 : 0 : 4,314,857,925 : 14%
2022-11-04 23:19:37 : 31,200,000 : 0 : 4,327,965,425 : 14%
2022-11-04 23:36:11 : 31,300,000 : 0 : 4,341,072,925 : 14%
2022-11-04 23:52:53 : 31,400,000 : 0 : 4,354,049,350 : 14%
2022-11-05 00:09:51 : 31,500,000 : 0 : 4,367,025,775 : 14%
2022-11-05 00:27:05 : 31,600,000 : 0 : 4,380,002,200 : 14%
2022-11-05 00:44:34 : 31,700,000 : 0 : 4,392,978,625 : 14%
2022-11-05 01:02:10 : 31,800,000 : 0 : 4,405,823,975 : 14%
2022-11-05 01:20:11 : 31,900,000 : 0 : 4,418,669,325 : 14%
2022-11-05 01:38:19 : 32,000,000 : 0 : 4,431,514,675 : 14%
2022-11-05 01:56:31 : 32,100,000 : 0 : 4,444,360,025 : 14%
2022-11-05 02:14:47 : 32,200,000 : 0 : 4,457,074,300 : 14%
2022-11-05 02:33:15 : 32,300,000 : 0 : 4,469,919,650 : 14%
2022-11-05 02:52:25 : 32,400,000 : 0 : 4,482,765,000 : 14%
2022-11-05 03:12:16 : 32,500,000 : 0 : 4,495,479,275 : 14%
2022-11-05 03:32:45 : 32,600,000 : 0 : 4,508,193,550 : 14%
2022-11-05 03:53:58 : 32,700,000 : 0 : 4,521,038,900 : 14%
2022-11-05 04:15:53 : 32,800,000 : 0 : 4,533,622,100 : 14%
2022-11-05 04:38:57 : 32,900,000 : 0 : 4,558,919,575 : 14%
2022-11-05 05:03:27 : 33,000,000 : 0 : 4,571,764,925 : 15%
2022-11-05 05:30:01 : 33,100,000 : 0 : 4,584,610,275 : 15%
2022-11-05 05:58:37 : 33,200,000 : 0 : 4,597,324,550 : 15%
2022-11-05 06:28:55 : 33,300,000 : 0 : 4,610,300,975 : 15%
2022-11-05 07:00:57 : 33,400,000 : 0 : 4,623,146,325 : 15%
2022-11-05 07:34:20 : 33,500,000 : 0 : 4,635,991,675 : 15%
2022-11-05 08:07:52 : 33,600,000 : 0 : 4,648,968,100 : 15%
2022-11-05 08:41:57 : 33,700,000 : 0 : 4,661,944,525 : 15%
2022-11-05 09:16:15 : 33,800,000 : 0 : 4,674,920,950 : 15%
2022-11-05 09:49:49 : 33,900,000 : 0 : 4,687,766,300 : 15%
2022-11-05 10:21:46 : 34,000,000 : 0 : 4,700,742,725 : 15%
2022-11-05 10:52:41 : 34,100,000 : 0 : 4,713,719,150 : 15%
2022-11-05 11:21:00 : 34,200,000 : 0 : 4,726,826,650 : 15%
2022-11-05 11:47:32 : 34,300,000 : 0 : 4,739,934,150 : 15%
2022-11-05 12:12:12 : 34,400,000 : 0 : 4,753,172,725 : 15%
2022-11-05 12:35:03 : 34,500,000 : 0 : 4,766,411,300 : 15%
2022-11-05 12:56:19 : 34,600,000 : 0 : 4,779,649,875 : 15%
2022-11-05 13:16:34 : 34,700,000 : 0 : 4,792,757,375 : 15%
2022-11-05 13:35:47 : 34,800,000 : 0 : 4,805,995,950 : 15%
2022-11-05 13:54:09 : 34,900,000 : 0 : 4,819,234,525 : 15%
2022-11-05 14:11:49 : 35,000,000 : 0 : 4,832,342,025 : 15%
2022-11-05 14:28:57 : 35,100,000 : 0 : 4,845,580,600 : 15%
2022-11-05 14:45:40 : 35,200,000 : 0 : 4,858,688,100 : 15%
2022-11-05 15:01:47 : 35,300,000 : 0 : 4,871,926,675 : 15%
2022-11-05 15:17:41 : 35,400,000 : 0 : 4,898,403,825 : 16%
2022-11-05 15:33:10 : 35,500,000 : 0 : 4,911,511,325 : 16%
2022-11-05 15:48:42 : 35,600,000 : 0 : 4,924,749,900 : 16%
2022-11-05 16:04:08 : 35,700,000 : 0 : 4,937,726,325 : 16%
2022-11-05 16:19:26 : 35,800,000 : 0 : 4,950,833,825 : 16%
2022-11-05 16:34:17 : 35,900,000 : 0 : 4,963,679,175 : 16%
2022-11-05 16:48:52 : 36,000,000 : 0 : 4,976,393,450 : 16%
2022-11-05 17:02:57 : 36,100,000 : 0 : 4,989,238,800 : 16%
2022-11-05 17:17:18 : 36,200,000 : 0 : 5,002,215,225 : 16%
2022-11-05 17:31:48 : 36,300,000 : 0 : 5,015,060,575 : 16%
2022-11-05 17:46:33 : 36,400,000 : 0 : 5,027,905,925 : 16%
2022-11-05 18:01:14 : 36,500,000 : 0 : 5,040,882,350 : 16%
2022-11-05 18:16:00 : 36,600,000 : 0 : 5,053,727,700 : 16%
2022-11-05 18:30:56 : 36,700,000 : 0 : 5,066,573,050 : 16%
2022-11-05 18:45:55 : 36,800,000 : 0 : 5,079,418,400 : 16%
2022-11-05 19:01:10 : 36,900,000 : 0 : 5,092,263,750 : 16%
2022-11-05 19:16:39 : 37,000,000 : 0 : 5,104,978,025 : 16%
2022-11-05 19:31:55 : 37,100,000 : 0 : 5,117,561,225 : 16%
2022-11-05 19:47:07 : 37,200,000 : 0 : 5,130,275,500 : 16%
2022-11-05 20:02:37 : 37,300,000 : 0 : 5,143,120,850 : 16%
2022-11-05 20:18:02 : 37,400,000 : 0 : 5,155,704,050 : 16%
2022-11-05 20:33:03 : 37,500,000 : 0 : 5,168,156,175 : 16%
2022-11-05 20:48:08 : 37,600,000 : 0 : 5,180,739,375 : 16%
2022-11-05 21:03:42 : 37,700,000 : 0 : 5,206,036,850 : 17%
2022-11-05 21:19:29 : 37,800,000 : 0 : 5,218,620,050 : 17%
2022-11-05 21:35:15 : 37,900,000 : 0 : 5,231,334,325 : 17%
2022-11-05 21:51:14 : 38,000,000 : 0 : 5,244,179,675 : 17%
2022-11-05 22:07:21 : 38,100,000 : 0 : 5,256,762,875 : 17%
2022-11-05 22:23:35 : 38,200,000 : 0 : 5,269,346,075 : 17%
2022-11-05 22:39:41 : 38,300,000 : 0 : 5,282,060,350 : 17%
2022-11-05 22:55:30 : 38,400,000 : 0 : 5,294,512,475 : 17%
2022-11-05 23:11:15 : 38,500,000 : 0 : 5,307,095,675 : 17%
2022-11-05 23:27:17 : 38,600,000 : 0 : 5,319,678,875 : 17%
2022-11-05 23:43:15 : 38,700,000 : 0 : 5,332,262,075 : 17%
2022-11-05 23:59:01 : 38,800,000 : 0 : 5,344,845,275 : 17%
2022-11-06 00:15:03 : 38,900,000 : 0 : 5,357,297,400 : 17%
2022-11-06 00:31:14 : 39,000,000 : 0 : 5,369,618,450 : 17%
2022-11-06 00:46:54 : 39,100,000 : 0 : 5,381,808,425 : 17%
2022-11-06 01:03:01 : 39,200,000 : 0 : 5,394,129,475 : 17%
2022-11-06 01:19:20 : 39,300,000 : 0 : 5,406,450,525 : 17%
2022-11-06 01:35:44 : 39,400,000 : 0 : 5,418,640,500 : 17%
2022-11-06 01:51:56 : 39,500,000 : 0 : 5,430,961,550 : 17%
2022-11-06 02:08:14 : 39,600,000 : 0 : 5,443,020,450 : 17%
2022-11-06 02:24:42 : 39,700,000 : 0 : 5,455,079,350 : 17%
2022-11-06 02:41:12 : 39,800,000 : 0 : 5,467,138,250 : 17%
2022-11-06 02:58:02 : 39,900,000 : 0 : 5,479,197,150 : 17%
2022-11-06 03:14:46 : 40,000,000 : 0 : 5,491,124,975 : 17%
2022-11-06 03:31:59 : 40,100,000 : 0 : 5,503,183,875 : 17%
2022-11-06 03:50:38 : 40,200,000 : 0 : 5,515,636,000 : 18%
2022-11-06 04:11:03 : 40,300,000 : 0 : 5,540,671,325 : 18%
2022-11-06 04:32:12 : 40,400,000 : 0 : 5,553,254,525 : 18%
2022-11-06 04:54:39 : 40,500,000 : 0 : 5,565,706,650 : 18%
2022-11-06 05:18:40 : 40,600,000 : 0 : 5,578,158,775 : 18%
2022-11-06 05:43:15 : 40,700,000 : 0 : 5,590,741,975 : 18%
2022-11-06 06:10:22 : 40,800,000 : 0 : 5,603,587,325 : 18%
2022-11-06 06:39:47 : 40,900,000 : 0 : 5,616,301,600 : 18%
2022-11-06 07:10:09 : 41,000,000 : 0 : 5,629,015,875 : 18%
2022-11-06 07:42:06 : 41,100,000 : 0 : 5,641,861,225 : 18%
2022-11-06 08:14:29 : 41,200,000 : 0 : 5,654,837,650 : 18%
2022-11-06 08:47:16 : 41,300,000 : 0 : 5,667,683,000 : 18%
2022-11-06 09:18:55 : 41,400,000 : 0 : 5,680,397,275 : 18%
2022-11-06 09:50:40 : 41,500,000 : 0 : 5,693,373,700 : 18%
2022-11-06 10:21:54 : 41,600,000 : 0 : 5,706,219,050 : 18%
2022-11-06 10:52:02 : 41,700,000 : 0 : 5,719,195,475 : 18%
2022-11-06 11:20:08 : 41,800,000 : 0 : 5,732,040,825 : 18%
2022-11-06 11:46:57 : 41,900,000 : 0 : 5,744,886,175 : 18%
2022-11-06 12:11:42 : 42,000,000 : 0 : 5,757,862,600 : 18%
2022-11-06 12:34:16 : 42,100,000 : 0 : 5,770,707,950 : 18%
2022-11-06 12:55:03 : 42,200,000 : 0 : 5,783,553,300 : 18%
2022-11-06 13:14:31 : 42,300,000 : 0 : 5,796,398,650 : 18%
2022-11-06 13:32:58 : 42,400,000 : 0 : 5,809,244,000 : 18%
2022-11-06 13:50:40 : 42,500,000 : 0 : 5,822,220,425 : 18%
2022-11-06 14:07:32 : 42,600,000 : 0 : 5,835,065,775 : 19%
2022-11-06 14:23:33 : 42,700,000 : 0 : 5,861,018,625 : 19%
2022-11-06 14:39:27 : 42,800,000 : 0 : 5,874,126,125 : 19%
2022-11-06 14:54:54 : 42,900,000 : 0 : 5,887,233,625 : 19%
2022-11-06 15:10:23 : 43,000,000 : 0 : 5,900,472,200 : 19%
2022-11-06 15:25:27 : 43,100,000 : 0 : 5,913,579,700 : 19%
2022-11-06 15:40:16 : 43,200,000 : 0 : 5,926,818,275 : 19%
2022-11-06 15:55:02 : 43,300,000 : 0 : 5,940,056,850 : 19%
2022-11-06 16:09:49 : 43,400,000 : 0 : 5,953,426,500 : 19%
2022-11-06 16:24:39 : 43,500,000 : 0 : 5,966,665,075 : 19%
2022-11-06 16:39:32 : 43,600,000 : 0 : 5,979,903,650 : 19%
2022-11-06 16:54:01 : 43,700,000 : 0 : 5,993,142,225 : 19%
2022-11-06 17:08:28 : 43,800,000 : 0 : 6,006,118,650 : 19%
2022-11-06 17:22:34 : 43,900,000 : 0 : 6,019,357,225 : 19%
2022-11-06 17:36:52 : 44,000,000 : 0 : 6,032,595,800 : 19%
2022-11-06 17:51:21 : 44,100,000 : 0 : 6,045,834,375 : 19%
2022-11-06 18:05:36 : 44,200,000 : 0 : 6,058,941,875 : 19%
2022-11-06 18:19:37 : 44,300,000 : 0 : 6,071,787,225 : 19%
2022-11-06 18:33:16 : 44,400,000 : 0 : 6,084,632,575 : 19%
2022-11-06 18:46:53 : 44,500,000 : 0 : 6,097,477,925 : 19%
2022-11-06 19:00:34 : 44,600,000 : 0 : 6,110,323,275 : 19%
2022-11-06 19:14:26 : 44,700,000 : 0 : 6,123,037,550 : 19%
2022-11-06 19:28:20 : 44,800,000 : 0 : 6,135,882,900 : 19%
2022-11-06 19:42:33 : 44,900,000 : 0 : 6,148,728,250 : 20%
2022-11-06 19:56:10 : 45,000,000 : 0 : 6,161,311,450 : 20%
2022-11-06 20:10:01 : 45,100,000 : 0 : 6,186,608,925 : 20%
2022-11-06 20:23:45 : 45,200,000 : 0 : 6,199,192,125 : 20%
2022-11-06 20:37:22 : 45,300,000 : 0 : 6,211,775,325 : 20%
2022-11-06 20:51:00 : 45,400,000 : 0 : 6,224,227,450 : 20%
2022-11-06 21:04:27 : 45,500,000 : 0 : 6,236,679,575 : 20%
2022-11-06 21:17:47 : 45,600,000 : 0 : 6,249,524,925 : 20%
2022-11-06 21:32:12 : 45,700,000 : 0 : 6,262,370,275 : 20%
2022-11-06 21:46:58 : 45,800,000 : 0 : 6,275,346,700 : 20%
2022-11-06 22:01:55 : 45,900,000 : 0 : 6,288,454,200 : 20%
2022-11-06 22:17:23 : 46,000,000 : 0 : 6,301,299,550 : 20%
2022-11-06 22:32:53 : 46,100,000 : 0 : 6,314,275,975 : 20%
2022-11-06 22:48:14 : 46,200,000 : 0 : 6,327,121,325 : 20%
2022-11-06 23:03:38 : 46,300,000 : 0 : 6,340,097,750 : 20%
2022-11-06 23:19:11 : 46,400,000 : 0 : 6,353,074,175 : 20%
2022-11-06 23:34:45 : 46,500,000 : 0 : 6,365,919,525 : 20%
2022-11-06 23:50:21 : 46,600,000 : 0 : 6,378,764,875 : 20%
2022-11-07 00:06:28 : 46,700,000 : 0 : 6,391,610,225 : 20%
2022-11-07 00:22:55 : 46,800,000 : 0 : 6,404,455,575 : 20%
2022-11-07 00:39:17 : 46,900,000 : 0 : 6,417,300,925 : 20%
2022-11-07 00:56:01 : 47,000,000 : 0 : 6,430,277,350 : 20%
2022-11-07 01:13:07 : 47,100,000 : 0 : 6,443,253,775 : 20%
2022-11-07 01:30:24 : 47,200,000 : 0 : 6,456,099,125 : 21%
2022-11-07 01:47:26 : 47,300,000 : 0 : 6,469,075,550 : 21%
2022-11-07 02:04:15 : 47,400,000 : 0 : 6,482,051,975 : 21%
2022-11-07 02:21:20 : 47,500,000 : 0 : 6,507,873,750 : 21%
2022-11-07 02:38:37 : 47,600,000 : 0 : 6,520,719,100 : 21%
2022-11-07 02:56:29 : 47,700,000 : 0 : 6,533,695,525 : 21%
2022-11-07 03:14:41 : 47,800,000 : 0 : 6,546,409,800 : 21%
2022-11-07 03:32:56 : 47,900,000 : 0 : 6,559,386,225 : 21%
2022-11-07 03:51:42 : 48,000,000 : 0 : 6,572,100,500 : 21%
2022-11-07 04:11:09 : 48,100,000 : 0 : 6,584,683,700 : 21%
2022-11-07 04:30:53 : 48,200,000 : 0 : 6,597,397,975 : 21%
2022-11-07 04:51:24 : 48,300,000 : 0 : 6,609,981,175 : 21%
2022-11-07 05:13:21 : 48,400,000 : 0 : 6,622,957,600 : 21%
2022-11-07 05:37:09 : 48,500,000 : 0 : 6,636,065,100 : 21%
2022-11-07 06:02:54 : 48,600,000 : 0 : 6,649,041,525 : 21%
2022-11-07 06:29:51 : 48,700,000 : 0 : 6,662,149,025 : 21%
2022-11-07 06:58:23 : 48,800,000 : 0 : 6,675,256,525 : 21%
2022-11-07 07:28:50 : 48,900,000 : 0 : 6,688,495,100 : 21%
2022-11-07 08:00:09 : 49,000,000 : 0 : 6,701,864,750 : 21%
2022-11-07 08:32:45 : 49,100,000 : 0 : 6,715,234,400 : 21%
2022-11-07 09:06:42 : 49,200,000 : 0 : 6,728,604,050 : 21%
2022-11-07 09:41:01 : 49,300,000 : 0 : 6,742,104,775 : 21%
2022-11-07 10:14:44 : 49,400,000 : 0 : 6,755,474,425 : 21%
2022-11-07 10:46:47 : 49,500,000 : 0 : 6,768,844,075 : 22%
2022-11-07 11:16:12 : 49,600,000 : 0 : 6,782,213,725 : 22%
2022-11-07 11:42:17 : 49,700,000 : 0 : 6,808,821,950 : 22%
2022-11-07 12:06:17 : 49,800,000 : 0 : 6,822,191,600 : 22%
2022-11-07 12:28:41 : 49,900,000 : 0 : 6,835,561,250 : 22%
2022-11-07 12:49:58 : 50,000,000 : 0 : 6,848,930,900 : 22%
2022-11-07 13:09:40 : 50,100,000 : 0 : 6,862,431,625 : 22%
2022-11-07 13:28:49 : 50,200,000 : 0 : 6,875,801,275 : 22%
2022-11-07 13:46:59 : 50,300,000 : 0 : 6,889,433,075 : 22%
2022-11-07 14:04:12 : 50,400,000 : 0 : 6,902,933,800 : 22%
2022-11-07 14:20:54 : 50,500,000 : 0 : 6,916,565,600 : 22%
2022-11-07 14:36:59 : 50,600,000 : 0 : 6,930,066,325 : 22%
2022-11-07 14:52:51 : 50,700,000 : 0 : 6,943,698,125 : 22%
2022-11-07 15:08:17 : 50,800,000 : 0 : 6,957,198,850 : 22%
2022-11-07 15:23:35 : 50,900,000 : 0 : 6,970,961,725 : 22%
2022-11-07 15:38:39 : 51,000,000 : 0 : 6,984,593,525 : 22%
2022-11-07 15:53:21 : 51,100,000 : 0 : 6,998,225,325 : 22%
2022-11-07 16:07:55 : 51,200,000 : 0 : 7,011,988,200 : 22%
2022-11-07 16:22:26 : 51,300,000 : 0 : 7,025,620,000 : 22%
2022-11-07 16:36:56 : 51,400,000 : 0 : 7,039,120,725 : 22%
2022-11-07 16:51:10 : 51,500,000 : 0 : 7,052,621,450 : 22%
2022-11-07 17:05:19 : 51,600,000 : 0 : 7,066,253,250 : 22%
2022-11-07 17:19:32 : 51,700,000 : 0 : 7,079,885,050 : 22%
2022-11-07 17:33:31 : 51,800,000 : 0 : 7,107,017,575 : 23%
2022-11-07 17:47:22 : 51,900,000 : 0 : 7,120,649,375 : 23%
2022-11-07 18:01:08 : 52,000,000 : 0 : 7,134,150,100 : 23%
2022-11-07 18:15:05 : 52,100,000 : 0 : 7,147,650,825 : 23%
2022-11-07 18:28:49 : 52,200,000 : 0 : 7,161,282,625 : 23%
2022-11-07 18:42:42 : 52,300,000 : 0 : 7,174,783,350 : 23%
2022-11-07 18:56:33 : 52,400,000 : 0 : 7,188,415,150 : 23%
2022-11-07 19:10:42 : 52,500,000 : 0 : 7,201,915,875 : 23%
2022-11-07 19:24:59 : 52,600,000 : 0 : 7,215,285,525 : 23%
2022-11-07 19:39:15 : 52,700,000 : 0 : 7,228,786,250 : 23%
2022-11-07 19:53:16 : 52,800,000 : 0 : 7,242,286,975 : 23%
2022-11-07 20:07:15 : 52,900,000 : 0 : 7,255,656,625 : 23%
2022-11-07 20:21:20 : 53,000,000 : 0 : 7,269,157,350 : 23%
2022-11-07 20:35:30 : 53,100,000 : 0 : 7,282,527,000 : 23%
2022-11-07 20:49:33 : 53,200,000 : 0 : 7,295,896,650 : 23%
2022-11-07 21:03:51 : 53,300,000 : 0 : 7,309,397,375 : 23%
2022-11-07 21:18:22 : 53,400,000 : 0 : 7,322,898,100 : 23%
2022-11-07 21:32:43 : 53,500,000 : 0 : 7,336,136,675 : 23%
2022-11-07 21:47:09 : 53,600,000 : 0 : 7,349,506,325 : 23%
2022-11-07 22:01:47 : 53,700,000 : 0 : 7,362,875,975 : 23%
2022-11-07 22:16:51 : 53,800,000 : 0 : 7,389,484,200 : 23%
2022-11-07 22:32:15 : 53,900,000 : 0 : 7,402,853,850 : 24%
2022-11-07 22:47:52 : 54,000,000 : 0 : 7,416,223,500 : 24%
2022-11-07 23:03:43 : 54,100,000 : 0 : 7,429,462,075 : 24%
2022-11-07 23:19:32 : 54,200,000 : 0 : 7,442,700,650 : 24%
2022-11-07 23:35:12 : 54,300,000 : 0 : 7,456,070,300 : 24%
2022-11-07 23:51:09 : 54,400,000 : 0 : 7,469,177,800 : 24%
2022-11-08 00:07:08 : 54,500,000 : 0 : 7,482,416,375 : 24%
2022-11-08 00:23:09 : 54,600,000 : 0 : 7,495,523,875 : 24%
2022-11-08 00:39:12 : 54,700,000 : 0 : 7,508,631,375 : 24%
2022-11-08 00:55:21 : 54,800,000 : 0 : 7,521,607,800 : 24%
2022-11-08 01:11:54 : 54,900,000 : 0 : 7,534,584,225 : 24%
2022-11-08 01:28:09 : 55,000,000 : 0 : 7,547,298,500 : 24%
2022-11-08 01:44:10 : 55,100,000 : 0 : 7,560,143,850 : 24%
2022-11-08 02:00:06 : 55,200,000 : 0 : 7,572,858,125 : 24%
2022-11-08 02:16:09 : 55,300,000 : 0 : 7,585,703,475 : 24%
2022-11-08 02:32:26 : 55,400,000 : 0 : 7,598,286,675 : 24%
2022-11-08 02:48:30 : 55,500,000 : 0 : 7,610,869,875 : 24%
2022-11-08 03:05:07 : 55,600,000 : 0 : 7,623,584,150 : 24%
2022-11-08 03:22:12 : 55,700,000 : 0 : 7,636,298,425 : 24%
2022-11-08 03:39:21 : 55,800,000 : 0 : 7,649,012,700 : 24%
2022-11-08 03:56:48 : 55,900,000 : 0 : 7,661,595,900 : 24%
2022-11-08 04:15:11 : 56,000,000 : 0 : 7,674,310,175 : 24%
2022-11-08 04:35:11 : 56,100,000 : 0 : 7,687,155,525 : 24%
2022-11-08 04:56:13 : 56,200,000 : 0 : 7,712,977,300 : 25%
2022-11-08 05:18:16 : 56,300,000 : 0 : 7,725,822,650 : 25%
2022-11-08 05:41:12 : 56,400,000 : 0 : 7,738,799,075 : 25%
2022-11-08 06:06:19 : 56,500,000 : 0 : 7,752,037,650 : 25%
2022-11-08 06:33:42 : 56,600,000 : 0 : 7,765,145,150 : 25%
2022-11-08 07:01:57 : 56,700,000 : 0 : 7,778,383,725 : 25%
2022-11-08 07:31:58 : 56,800,000 : 0 : 7,791,753,375 : 25%
2022-11-08 08:02:52 : 56,900,000 : 0 : 7,805,123,025 : 25%
2022-11-08 08:35:06 : 57,000,000 : 0 : 7,818,623,750 : 25%
2022-11-08 09:08:43 : 57,100,000 : 0 : 7,832,124,475 : 25%
2022-11-08 09:42:47 : 57,200,000 : 0 : 7,845,494,125 : 25%
2022-11-08 10:16:15 : 57,300,000 : 0 : 7,858,994,850 : 25%
2022-11-08 10:48:19 : 57,400,000 : 0 : 7,872,233,425 : 25%
2022-11-08 11:17:25 : 57,500,000 : 0 : 7,885,603,075 : 25%
2022-11-08 11:44:33 : 57,600,000 : 0 : 7,898,972,725 : 25%
2022-11-08 12:09:15 : 57,700,000 : 0 : 7,912,342,375 : 25%
2022-11-08 12:32:13 : 57,800,000 : 0 : 7,925,843,100 : 25%
2022-11-08 12:53:08 : 57,900,000 : 0 : 7,939,212,750 : 25%
2022-11-08 13:13:00 : 58,000,000 : 0 : 7,952,713,475 : 25%
2022-11-08 13:31:52 : 58,100,000 : 0 : 7,966,083,125 : 25%
2022-11-08 13:49:29 : 58,200,000 : 0 : 7,979,452,775 : 25%
2022-11-08 14:06:19 : 58,300,000 : 0 : 7,992,953,500 : 25%
2022-11-08 14:22:28 : 58,400,000 : 0 : 8,006,323,150 : 25%
2022-11-08 14:38:04 : 58,500,000 : 0 : 8,033,324,600 : 26%
2022-11-08 14:53:20 : 58,600,000 : 0 : 8,046,825,325 : 26%
2022-11-08 15:08:19 : 58,700,000 : 0 : 8,060,326,050 : 26%
2022-11-08 15:22:59 : 58,800,000 : 0 : 8,073,957,850 : 26%
2022-11-08 15:37:26 : 58,900,000 : 0 : 8,087,327,500 : 26%
2022-11-08 15:51:44 : 59,000,000 : 0 : 8,100,828,225 : 26%
2022-11-08 16:06:02 : 59,100,000 : 0 : 8,114,460,025 : 26%
2022-11-08 16:20:32 : 59,200,000 : 0 : 8,127,960,750 : 26%
2022-11-08 16:35:00 : 59,300,000 : 0 : 8,141,592,550 : 26%
2022-11-08 16:49:14 : 59,400,000 : 0 : 8,155,093,275 : 26%
2022-11-08 17:03:14 : 59,500,000 : 0 : 8,168,725,075 : 26%
2022-11-08 17:17:24 : 59,600,000 : 0 : 8,182,225,800 : 26%
2022-11-08 17:31:15 : 59,700,000 : 0 : 8,195,726,525 : 26%
2022-11-08 17:45:16 : 59,800,000 : 0 : 8,209,227,250 : 26%
2022-11-08 17:59:18 : 59,900,000 : 0 : 8,222,859,050 : 26%
2022-11-08 18:13:17 : 60,000,000 : 0 : 8,236,359,775 : 26%
2022-11-08 18:27:06 : 60,100,000 : 0 : 8,249,729,425 : 26%
2022-11-08 18:40:51 : 60,200,000 : 0 : 8,263,230,150 : 26%
2022-11-08 18:54:35 : 60,300,000 : 0 : 8,276,730,875 : 26%
2022-11-08 19:08:25 : 60,400,000 : 0 : 8,290,231,600 : 26%
2022-11-08 19:22:24 : 60,500,000 : 0 : 8,303,601,250 : 26%
2022-11-08 19:36:18 : 60,600,000 : 0 : 8,330,209,475 : 26%
2022-11-08 19:50:09 : 60,700,000 : 0 : 8,343,579,125 : 27%
2022-11-08 20:03:47 : 60,800,000 : 0 : 8,356,948,775 : 27%
2022-11-08 20:17:42 : 60,900,000 : 0 : 8,370,318,425 : 27%
2022-11-08 20:31:35 : 61,000,000 : 0 : 8,383,557,000 : 27%
2022-11-08 20:45:24 : 61,100,000 : 0 : 8,396,926,650 : 27%
2022-11-08 20:59:12 : 61,200,000 : 0 : 8,410,165,225 : 27%
2022-11-08 21:13:10 : 61,300,000 : 0 : 8,423,403,800 : 27%
2022-11-08 21:27:03 : 61,400,000 : 0 : 8,436,642,375 : 27%
2022-11-08 21:41:06 : 61,500,000 : 0 : 8,450,012,025 : 27%
2022-11-08 21:55:30 : 61,600,000 : 0 : 8,463,381,675 : 27%
2022-11-08 22:10:17 : 61,700,000 : 0 : 8,476,489,175 : 27%
2022-11-08 22:25:02 : 61,800,000 : 0 : 8,489,727,750 : 27%
2022-11-08 22:40:05 : 61,900,000 : 0 : 8,502,835,250 : 27%
2022-11-08 22:55:21 : 62,000,000 : 0 : 8,516,073,825 : 27%
2022-11-08 23:10:51 : 62,100,000 : 0 : 8,529,181,325 : 27%
2022-11-08 23:26:20 : 62,200,000 : 0 : 8,542,288,825 : 27%
2022-11-08 23:41:53 : 62,300,000 : 0 : 8,555,396,325 : 27%
2022-11-08 23:57:32 : 62,400,000 : 0 : 8,568,503,825 : 27%
2022-11-09 00:13:23 : 62,500,000 : 0 : 8,581,611,325 : 27%
2022-11-09 00:29:13 : 62,600,000 : 0 : 8,594,456,675 : 27%
2022-11-09 00:45:09 : 62,700,000 : 0 : 8,607,433,100 : 27%
2022-11-09 01:01:23 : 62,800,000 : 0 : 8,620,278,450 : 27%
2022-11-09 01:18:04 : 62,900,000 : 0 : 8,645,969,150 : 27%
2022-11-09 01:34:38 : 63,000,000 : 0 : 8,658,683,425 : 28%
2022-11-09 01:51:01 : 63,100,000 : 0 : 8,671,528,775 : 28%
2022-11-09 02:07:31 : 63,200,000 : 0 : 8,684,111,975 : 28%
2022-11-09 02:23:55 : 63,300,000 : 0 : 8,696,826,250 : 28%
2022-11-09 02:40:27 : 63,400,000 : 0 : 8,709,540,525 : 28%
2022-11-09 02:57:23 : 63,500,000 : 0 : 8,722,254,800 : 28%
2022-11-09 03:15:10 : 63,600,000 : 0 : 8,734,969,075 : 28%
2022-11-09 03:33:16 : 63,700,000 : 0 : 8,747,683,350 : 28%
2022-11-09 03:51:20 : 63,800,000 : 0 : 8,760,397,625 : 28%
2022-11-09 04:09:55 : 63,900,000 : 0 : 8,773,111,900 : 28%
2022-11-09 04:29:20 : 64,000,000 : 0 : 8,785,826,175 : 28%
2022-11-09 04:49:20 : 64,100,000 : 0 : 8,798,540,450 : 28%
2022-11-09 05:10:05 : 64,200,000 : 0 : 8,811,123,650 : 28%
2022-11-09 05:31:57 : 64,300,000 : 0 : 8,823,706,850 : 28%
2022-11-09 05:54:47 : 64,400,000 : 0 : 8,836,421,125 : 28%
2022-11-09 06:19:13 : 64,500,000 : 0 : 8,849,135,400 : 28%
2022-11-09 06:44:40 : 64,600,000 : 0 : 8,862,373,975 : 28%
2022-11-09 07:11:18 : 64,700,000 : 0 : 8,875,874,700 : 28%
2022-11-09 07:39:32 : 64,800,000 : 0 : 8,889,637,575 : 28%
2022-11-09 08:08:34 : 64,900,000 : 0 : 8,902,614,000 : 28%
2022-11-09 08:38:50 : 65,000,000 : 0 : 8,915,721,500 : 28%
2022-11-09 09:10:33 : 65,100,000 : 0 : 8,929,091,150 : 28%
2022-11-09 09:43:17 : 65,200,000 : 0 : 8,942,329,725 : 28%
2022-11-09 10:15:28 : 65,300,000 : 0 : 8,968,675,800 : 28%
2022-11-09 10:46:09 : 65,400,000 : 0 : 8,981,914,375 : 29%
2022-11-09 11:14:46 : 65,500,000 : 0 : 8,995,021,875 : 29%
2022-11-09 11:41:15 : 65,600,000 : 0 : 9,008,391,525 : 29%
2022-11-09 12:05:38 : 65,700,000 : 0 : 9,021,630,100 : 29%
2022-11-09 12:28:02 : 65,800,000 : 0 : 9,034,868,675 : 29%
2022-11-09 12:48:58 : 65,900,000 : 0 : 9,048,238,325 : 29%
2022-11-09 13:08:39 : 66,000,000 : 0 : 9,061,607,975 : 29%
2022-11-09 13:27:33 : 66,100,000 : 0 : 9,074,977,625 : 29%
2022-11-09 13:45:38 : 66,200,000 : 0 : 9,088,347,275 : 29%
2022-11-09 14:02:39 : 66,300,000 : 0 : 9,101,848,000 : 29%
2022-11-09 14:19:15 : 66,400,000 : 0 : 9,115,217,650 : 29%
2022-11-09 14:35:05 : 66,500,000 : 0 : 9,128,718,375 : 29%
2022-11-09 14:50:43 : 66,600,000 : 0 : 9,142,219,100 : 29%
2022-11-09 15:05:59 : 66,700,000 : 0 : 9,155,850,900 : 29%
2022-11-09 15:20:51 : 66,800,000 : 0 : 9,169,351,625 : 29%
2022-11-09 15:35:32 : 66,900,000 : 0 : 9,182,852,350 : 29%
2022-11-09 15:50:03 : 67,000,000 : 0 : 9,196,484,150 : 29%
2022-11-09 16:04:28 : 67,100,000 : 0 : 9,210,115,950 : 29%
2022-11-09 16:19:08 : 67,200,000 : 0 : 9,223,747,750 : 29%
2022-11-09 16:33:49 : 67,300,000 : 0 : 9,237,248,475 : 29%
2022-11-09 16:48:14 : 67,400,000 : 0 : 9,250,749,200 : 29%
2022-11-09 17:02:22 : 67,500,000 : 0 : 9,277,881,725 : 29%
2022-11-09 17:16:33 : 67,600,000 : 0 : 9,291,382,450 : 30%
2022-11-09 17:30:27 : 67,700,000 : 0 : 9,304,883,175 : 30%
2022-11-09 17:44:20 : 67,800,000 : 0 : 9,318,383,900 : 30%
2022-11-09 17:58:09 : 67,900,000 : 0 : 9,331,884,625 : 30%
2022-11-09 18:12:22 : 68,000,000 : 0 : 9,345,385,350 : 30%
2022-11-09 18:26:29 : 68,100,000 : 0 : 9,358,755,000 : 30%
2022-11-09 18:40:46 : 68,200,000 : 0 : 9,372,124,650 : 30%
2022-11-09 18:54:53 : 68,300,000 : 0 : 9,385,625,375 : 30%
2022-11-09 19:09:00 : 68,400,000 : 0 : 9,399,126,100 : 30%
2022-11-09 19:23:27 : 68,500,000 : 0 : 9,412,495,750 : 30%
2022-11-09 19:37:49 : 68,600,000 : 0 : 9,425,996,475 : 30%
2022-11-09 19:51:56 : 68,700,000 : 0 : 9,439,366,125 : 30%
2022-11-09 20:05:59 : 68,800,000 : 0 : 9,452,604,700 : 30%
2022-11-09 20:19:46 : 68,900,000 : 0 : 9,465,974,350 : 30%
2022-11-09 20:33:29 : 69,000,000 : 0 : 9,479,212,925 : 30%
2022-11-09 20:47:27 : 69,100,000 : 0 : 9,492,713,650 : 30%
2022-11-09 21:01:15 : 69,200,000 : 0 : 9,505,952,225 : 30%
2022-11-09 21:15:09 : 69,300,000 : 0 : 9,519,190,800 : 30%
2022-11-09 21:29:04 : 69,400,000 : 0 : 9,532,298,300 : 30%
2022-11-09 21:42:59 : 69,500,000 : 0 : 9,545,536,875 : 30%
2022-11-09 21:57:06 : 69,600,000 : 0 : 9,572,014,025 : 30%
2022-11-09 22:11:37 : 69,700,000 : 0 : 9,585,252,600 : 30%
2022-11-09 22:26:17 : 69,800,000 : 0 : 9,598,360,100 : 30%
2022-11-09 22:41:29 : 69,900,000 : 0 : 9,611,598,675 : 31%
2022-11-09 22:57:00 : 70,000,000 : 0 : 9,624,837,250 : 31%
2022-11-09 23:12:46 : 70,100,000 : 0 : 9,638,075,825 : 31%
2022-11-09 23:28:25 : 70,200,000 : 0 : 9,651,314,400 : 31%
2022-11-09 23:44:19 : 70,300,000 : 0 : 9,664,421,900 : 31%
2022-11-10 00:00:24 : 70,400,000 : 0 : 9,677,791,550 : 31%
2022-11-10 00:16:42 : 70,500,000 : 0 : 9,691,030,125 : 31%
2022-11-10 00:33:18 : 70,600,000 : 0 : 9,704,137,625 : 31%
2022-11-10 00:49:37 : 70,700,000 : 0 : 9,717,114,050 : 31%
2022-11-10 01:06:07 : 70,800,000 : 0 : 9,730,090,475 : 31%
2022-11-10 01:22:51 : 70,900,000 : 0 : 9,742,935,825 : 31%
2022-11-10 01:39:32 : 71,000,000 : 0 : 9,755,781,175 : 31%
2022-11-10 01:55:59 : 71,100,000 : 0 : 9,768,495,450 : 31%
2022-11-10 02:12:10 : 71,200,000 : 0 : 9,781,209,725 : 31%
2022-11-10 02:28:44 : 71,300,000 : 0 : 9,793,924,000 : 31%
2022-11-10 02:45:36 : 71,400,000 : 0 : 9,806,769,350 : 31%
2022-11-10 03:02:44 : 71,500,000 : 0 : 9,819,483,625 : 31%
2022-11-10 03:20:40 : 71,600,000 : 0 : 9,832,328,975 : 31%
2022-11-10 03:38:42 : 71,700,000 : 0 : 9,845,305,400 : 31%
2022-11-10 03:57:25 : 71,800,000 : 0 : 9,858,150,750 : 31%
2022-11-10 04:16:51 : 71,900,000 : 0 : 9,870,996,100 : 31%
2022-11-10 04:37:10 : 72,000,000 : 0 : 9,883,972,525 : 31%
2022-11-10 04:58:39 : 72,100,000 : 0 : 9,909,925,375 : 31%
2022-11-10 05:20:59 : 72,200,000 : 0 : 9,922,770,725 : 32%
2022-11-10 05:44:37 : 72,300,000 : 0 : 9,935,747,150 : 32%
2022-11-10 06:09:35 : 72,400,000 : 0 : 9,948,854,650 : 32%
2022-11-10 06:36:12 : 72,500,000 : 0 : 9,961,962,150 : 32%
2022-11-10 07:04:09 : 72,600,000 : 0 : 9,975,200,725 : 32%
2022-11-10 07:33:58 : 72,700,000 : 0 : 9,988,439,300 : 32%
2022-11-10 08:03:36 : 72,800,000 : 0 : 10,001,415,725 : 32%
2022-11-10 08:33:57 : 72,900,000 : 0 : 10,014,392,150 : 32%
2022-11-10 09:04:42 : 73,000,000 : 0 : 10,027,368,575 : 32%
2022-11-10 09:36:45 : 73,100,000 : 0 : 10,040,213,925 : 32%
2022-11-10 10:08:44 : 73,200,000 : 0 : 10,053,321,425 : 32%
2022-11-10 10:39:37 : 73,300,000 : 0 : 10,066,297,850 : 32%
2022-11-10 11:07:45 : 73,400,000 : 0 : 10,079,143,200 : 32%
2022-11-10 11:34:44 : 73,500,000 : 0 : 10,092,381,775 : 32%
2022-11-10 11:59:49 : 73,600,000 : 0 : 10,105,620,350 : 32%
2022-11-10 12:22:52 : 73,700,000 : 0 : 10,118,858,925 : 32%
2022-11-10 12:44:20 : 73,800,000 : 0 : 10,132,228,575 : 32%
2022-11-10 13:04:25 : 73,900,000 : 0 : 10,145,467,150 : 32%
2022-11-10 13:23:32 : 74,000,000 : 0 : 10,158,836,800 : 32%
2022-11-10 13:41:37 : 74,100,000 : 0 : 10,172,206,450 : 32%
2022-11-10 13:58:54 : 74,200,000 : 0 : 10,185,707,175 : 32%
2022-11-10 14:15:27 : 74,300,000 : 0 : 10,199,207,900 : 32%
2022-11-10 14:31:28 : 74,400,000 : 0 : 10,212,708,625 : 32%
2022-11-10 14:47:15 : 74,500,000 : 0 : 10,239,841,150 : 33%
2022-11-10 15:02:30 : 74,600,000 : 0 : 10,253,341,875 : 33%
2022-11-10 15:17:32 : 74,700,000 : 0 : 10,266,973,675 : 33%
2022-11-10 15:32:13 : 74,800,000 : 0 : 10,280,474,400 : 33%
2022-11-10 15:46:44 : 74,900,000 : 0 : 10,294,106,200 : 33%
2022-11-10 16:01:03 : 75,000,000 : 0 : 10,307,606,925 : 33%
2022-11-10 16:15:35 : 75,100,000 : 0 : 10,321,107,650 : 33%
2022-11-10 16:29:52 : 75,200,000 : 0 : 10,334,739,450 : 33%
2022-11-10 16:44:19 : 75,300,000 : 0 : 10,348,240,175 : 33%
2022-11-10 16:58:20 : 75,400,000 : 0 : 10,361,740,900 : 33%
2022-11-10 17:12:36 : 75,500,000 : 0 : 10,375,241,625 : 33%
2022-11-10 17:26:44 : 75,600,000 : 0 : 10,388,873,425 : 33%
2022-11-10 17:40:44 : 75,700,000 : 0 : 10,402,374,150 : 33%
2022-11-10 17:54:34 : 75,800,000 : 0 : 10,415,874,875 : 33%
2022-11-10 18:08:42 : 75,900,000 : 0 : 10,429,375,600 : 33%
2022-11-10 18:22:40 : 76,000,000 : 0 : 10,442,876,325 : 33%
2022-11-10 18:36:40 : 76,100,000 : 0 : 10,456,377,050 : 33%
2022-11-10 18:50:37 : 76,200,000 : 0 : 10,469,877,775 : 33%
2022-11-10 19:04:39 : 76,300,000 : 0 : 10,483,247,425 : 33%
2022-11-10 19:19:05 : 76,400,000 : 0 : 10,496,617,075 : 33%
2022-11-10 19:33:42 : 76,500,000 : 0 : 10,509,986,725 : 33%
2022-11-10 19:48:12 : 76,600,000 : 0 : 10,536,857,100 : 33%
2022-11-10 20:02:41 : 76,700,000 : 0 : 10,550,357,825 : 34%
2022-11-10 20:17:14 : 76,800,000 : 0 : 10,563,727,475 : 34%
2022-11-10 20:31:37 : 76,900,000 : 0 : 10,577,097,125 : 34%
2022-11-10 20:45:57 : 77,000,000 : 0 : 10,590,335,700 : 34%
2022-11-10 21:00:16 : 77,100,000 : 0 : 10,603,705,350 : 34%
2022-11-10 21:14:44 : 77,200,000 : 0 : 10,616,943,925 : 34%
2022-11-10 21:29:23 : 77,300,000 : 0 : 10,630,182,500 : 34%
2022-11-10 21:44:06 : 77,400,000 : 0 : 10,643,290,000 : 34%
2022-11-10 21:59:00 : 77,500,000 : 0 : 10,656,659,650 : 34%
2022-11-10 22:14:22 : 77,600,000 : 0 : 10,669,898,225 : 34%
2022-11-10 22:29:59 : 77,700,000 : 0 : 10,683,136,800 : 34%
2022-11-10 22:45:53 : 77,800,000 : 0 : 10,696,375,375 : 34%
2022-11-10 23:01:53 : 77,900,000 : 0 : 10,709,613,950 : 34%
2022-11-10 23:18:06 : 78,000,000 : 0 : 10,722,721,450 : 34%
2022-11-10 23:34:16 : 78,100,000 : 0 : 10,735,828,950 : 34%
2022-11-10 23:50:33 : 78,200,000 : 0 : 10,749,067,525 : 34%
2022-11-11 00:06:56 : 78,300,000 : 0 : 10,762,175,025 : 34%
2022-11-11 00:23:24 : 78,400,000 : 0 : 10,775,282,525 : 34%
2022-11-11 00:40:10 : 78,500,000 : 0 : 10,788,258,950 : 34%
2022-11-11 00:57:14 : 78,600,000 : 0 : 10,801,235,375 : 34%
2022-11-11 01:14:38 : 78,700,000 : 0 : 10,814,211,800 : 34%
2022-11-11 01:31:56 : 78,800,000 : 0 : 10,827,057,150 : 34%
2022-11-11 01:49:02 : 78,900,000 : 0 : 10,852,747,850 : 34%
2022-11-11 02:06:05 : 79,000,000 : 0 : 10,865,331,050 : 35%
2022-11-11 02:23:00 : 79,100,000 : 0 : 10,878,176,400 : 35%
2022-11-11 02:40:03 : 79,200,000 : 0 : 10,890,890,675 : 35%
2022-11-11 02:57:30 : 79,300,000 : 0 : 10,903,604,950 : 35%
2022-11-11 03:15:21 : 79,400,000 : 0 : 10,916,450,300 : 35%
2022-11-11 03:33:44 : 79,500,000 : 0 : 10,929,164,575 : 35%
2022-11-11 03:52:16 : 79,600,000 : 0 : 10,942,009,925 : 35%
2022-11-11 04:11:40 : 79,700,000 : 0 : 10,954,855,275 : 35%
2022-11-11 04:32:06 : 79,800,000 : 0 : 10,967,831,700 : 35%
2022-11-11 04:53:41 : 79,900,000 : 0 : 10,980,808,125 : 35%
2022-11-11 05:16:28 : 80,000,000 : 0 : 10,993,784,550 : 35%
2022-11-11 05:40:28 : 80,100,000 : 0 : 11,006,892,050 : 35%
2022-11-11 06:05:38 : 80,200,000 : 0 : 11,019,868,475 : 35%
2022-11-11 06:32:30 : 80,300,000 : 0 : 11,033,107,050 : 35%
2022-11-11 07:00:22 : 80,400,000 : 0 : 11,046,214,550 : 35%
2022-11-11 07:29:44 : 80,500,000 : 0 : 11,059,584,200 : 35%
2022-11-11 07:59:53 : 80,600,000 : 0 : 11,072,822,775 : 35%
2022-11-11 08:31:08 : 80,700,000 : 0 : 11,086,192,425 : 35%
2022-11-11 09:03:55 : 80,800,000 : 0 : 11,099,562,075 : 35%
2022-11-11 09:36:54 : 80,900,000 : 0 : 11,112,931,725 : 35%
2022-11-11 10:09:45 : 81,000,000 : 0 : 11,126,301,375 : 35%
2022-11-11 10:41:49 : 81,100,000 : 0 : 11,139,671,025 : 35%
2022-11-11 11:11:48 : 81,200,000 : 0 : 11,152,909,600 : 35%
2022-11-11 11:39:45 : 81,300,000 : 0 : 11,179,517,825 : 36%
Decoding error with 134,217,728 bytes, reading another chunk
2022-11-11 12:05:16 : 81,400,000 : 0 : 11,206,126,050 : 36%
2022-11-11 12:28:55 : 81,500,000 : 0 : 11,206,126,050 : 36%
2022-11-11 12:50:50 : 81,600,000 : 0 : 11,219,495,700 : 36%
2022-11-11 13:11:11 : 81,700,000 : 0 : 11,232,865,350 : 36%
2022-11-11 13:30:37 : 81,800,000 : 0 : 11,246,366,075 : 36%
2022-11-11 13:48:53 : 81,900,000 : 0 : 11,259,866,800 : 36%
2022-11-11 14:06:07 : 82,000,000 : 0 : 11,273,236,450 : 36%
2022-11-11 14:22:42 : 82,100,000 : 0 : 11,286,737,175 : 36%
2022-11-11 14:38:47 : 82,200,000 : 0 : 11,300,237,900 : 36%
2022-11-11 14:54:23 : 82,300,000 : 0 : 11,313,607,550 : 36%
2022-11-11 15:09:46 : 82,400,000 : 0 : 11,327,108,275 : 36%
2022-11-11 15:24:55 : 82,500,000 : 0 : 11,340,609,000 : 36%
2022-11-11 15:39:58 : 82,600,000 : 0 : 11,354,240,800 : 36%
2022-11-11 15:54:48 : 82,700,000 : 0 : 11,367,741,525 : 36%
2022-11-11 16:09:38 : 82,800,000 : 0 : 11,381,242,250 : 36%
2022-11-11 16:24:33 : 82,900,000 : 0 : 11,394,742,975 : 36%
2022-11-11 16:39:20 : 83,000,000 : 0 : 11,408,243,700 : 36%
2022-11-11 16:53:53 : 83,100,000 : 0 : 11,421,744,425 : 36%
2022-11-11 17:08:15 : 83,200,000 : 0 : 11,435,245,150 : 36%
2022-11-11 17:22:35 : 83,300,000 : 0 : 11,448,745,875 : 36%
2022-11-11 17:36:58 : 83,400,000 : 0 : 11,462,115,525 : 36%
2022-11-11 17:51:18 : 83,500,000 : 0 : 11,489,116,975 : 36%
2022-11-11 18:05:45 : 83,600,000 : 0 : 11,502,486,625 : 37%
2022-11-11 18:20:28 : 83,700,000 : 0 : 11,515,987,350 : 37%
2022-11-11 18:34:54 : 83,800,000 : 0 : 11,529,357,000 : 37%
2022-11-11 18:49:29 : 83,900,000 : 0 : 11,542,726,650 : 37%
2022-11-11 19:04:12 : 84,000,000 : 0 : 11,556,096,300 : 37%
2022-11-11 19:19:13 : 84,100,000 : 0 : 11,569,334,875 : 37%
2022-11-11 19:34:07 : 84,200,000 : 0 : 11,582,573,450 : 37%
2022-11-11 19:48:58 : 84,300,000 : 0 : 11,595,812,025 : 37%
2022-11-11 20:03:28 : 84,400,000 : 0 : 11,608,919,525 : 37%
2022-11-11 20:17:57 : 84,500,000 : 0 : 11,622,027,025 : 37%
2022-11-11 20:32:45 : 84,600,000 : 0 : 11,635,396,675 : 37%
2022-11-11 20:47:42 : 84,700,000 : 0 : 11,648,635,250 : 37%
2022-11-11 21:02:35 : 84,800,000 : 0 : 11,661,873,825 : 37%
2022-11-11 21:17:54 : 84,900,000 : 0 : 11,675,112,400 : 37%
2022-11-11 21:33:29 : 85,000,000 : 0 : 11,688,219,900 : 37%
2022-11-11 21:49:10 : 85,100,000 : 0 : 11,701,458,475 : 37%
2022-11-11 22:05:04 : 85,200,000 : 0 : 11,714,565,975 : 37%
2022-11-11 22:21:24 : 85,300,000 : 0 : 11,727,935,625 : 37%
2022-11-11 22:37:41 : 85,400,000 : 0 : 11,741,174,200 : 37%
2022-11-11 22:54:11 : 85,500,000 : 0 : 11,754,281,700 : 37%
2022-11-11 23:10:49 : 85,600,000 : 0 : 11,767,389,200 : 37%
2022-11-11 23:27:40 : 85,700,000 : 0 : 11,793,604,200 : 37%
2022-11-11 23:44:29 : 85,800,000 : 0 : 11,806,842,775 : 38%
2022-11-12 00:01:36 : 85,900,000 : 0 : 11,819,819,200 : 38%
2022-11-12 00:19:05 : 86,000,000 : 0 : 11,832,795,625 : 38%
2022-11-12 00:36:39 : 86,100,000 : 0 : 11,845,772,050 : 38%
2022-11-12 00:54:10 : 86,200,000 : 0 : 11,858,617,400 : 38%
2022-11-12 01:12:15 : 86,300,000 : 0 : 11,871,462,750 : 38%
2022-11-12 01:30:50 : 86,400,000 : 0 : 11,884,308,100 : 38%
2022-11-12 01:49:24 : 86,500,000 : 0 : 11,897,153,450 : 38%
2022-11-12 02:07:52 : 86,600,000 : 0 : 11,909,998,800 : 38%
2022-11-12 02:26:43 : 86,700,000 : 0 : 11,922,713,075 : 38%
2022-11-12 02:45:51 : 86,800,000 : 0 : 11,935,558,425 : 38%
2022-11-12 03:05:38 : 86,900,000 : 0 : 11,948,272,700 : 38%
2022-11-12 03:25:31 : 87,000,000 : 0 : 11,960,986,975 : 38%
2022-11-12 03:45:44 : 87,100,000 : 0 : 11,973,570,175 : 38%
2022-11-12 04:06:25 : 87,200,000 : 0 : 11,986,153,375 : 38%
2022-11-12 04:27:46 : 87,300,000 : 0 : 11,998,867,650 : 38%
2022-11-12 04:49:59 : 87,400,000 : 0 : 12,011,581,925 : 38%
2022-11-12 05:13:03 : 87,500,000 : 0 : 12,024,165,125 : 38%
2022-11-12 05:36:42 : 87,600,000 : 0 : 12,036,617,250 : 38%
2022-11-12 06:02:11 : 87,700,000 : 0 : 12,049,331,525 : 38%
2022-11-12 06:29:26 : 87,800,000 : 0 : 12,062,176,875 : 38%
2022-11-12 06:57:53 : 87,900,000 : 0 : 12,074,891,150 : 38%
2022-11-12 07:27:46 : 88,000,000 : 0 : 12,087,736,500 : 38%
2022-11-12 07:58:28 : 88,100,000 : 0 : 12,100,581,850 : 38%
2022-11-12 08:29:38 : 88,200,000 : 0 : 12,113,558,275 : 38%
2022-11-12 09:01:37 : 88,300,000 : 0 : 12,139,380,050 : 39%
2022-11-12 09:34:41 : 88,400,000 : 0 : 12,152,487,550 : 39%
2022-11-12 10:08:08 : 88,500,000 : 0 : 12,165,463,975 : 39%
2022-11-12 10:41:15 : 88,600,000 : 0 : 12,178,571,475 : 39%
2022-11-12 11:13:39 : 88,700,000 : 0 : 12,191,678,975 : 39%
2022-11-12 11:44:38 : 88,800,000 : 0 : 12,204,917,550 : 39%
2022-11-12 12:13:00 : 88,900,000 : 0 : 12,218,025,050 : 39%
2022-11-12 12:38:53 : 89,000,000 : 0 : 12,231,132,550 : 39%
2022-11-12 13:02:37 : 89,100,000 : 0 : 12,244,371,125 : 39%
2022-11-12 13:24:55 : 89,200,000 : 0 : 12,257,478,625 : 39%
2022-11-12 13:46:02 : 89,300,000 : 0 : 12,270,717,200 : 39%
2022-11-12 14:05:57 : 89,400,000 : 0 : 12,283,824,700 : 39%
2022-11-12 14:24:45 : 89,500,000 : 0 : 12,296,932,200 : 39%
2022-11-12 14:42:38 : 89,600,000 : 0 : 12,310,039,700 : 39%
2022-11-12 15:00:07 : 89,700,000 : 0 : 12,323,278,275 : 39%
2022-11-12 15:16:55 : 89,800,000 : 0 : 12,336,385,775 : 39%
2022-11-12 15:33:05 : 89,900,000 : 0 : 12,349,493,275 : 39%
2022-11-12 15:48:55 : 90,000,000 : 0 : 12,362,469,700 : 39%
2022-11-12 16:04:40 : 90,100,000 : 0 : 12,375,708,275 : 39%
2022-11-12 16:20:32 : 90,200,000 : 0 : 12,388,815,775 : 39%
2022-11-12 16:36:08 : 90,300,000 : 0 : 12,401,923,275 : 39%
2022-11-12 16:51:13 : 90,400,000 : 0 : 12,414,899,700 : 39%
2022-11-12 17:06:25 : 90,500,000 : 0 : 12,428,138,275 : 39%
2022-11-12 17:21:40 : 90,600,000 : 0 : 12,441,245,775 : 40%
2022-11-12 17:36:48 : 90,700,000 : 0 : 12,467,460,775 : 40%
2022-11-12 17:51:46 : 90,800,000 : 0 : 12,480,568,275 : 40%
2022-11-12 18:06:53 : 90,900,000 : 0 : 12,493,544,700 : 40%
2022-11-12 18:21:59 : 91,000,000 : 0 : 12,506,521,125 : 40%
2022-11-12 18:37:06 : 91,100,000 : 0 : 12,519,628,625 : 40%
2022-11-12 18:52:34 : 91,200,000 : 0 : 12,532,736,125 : 40%
2022-11-12 19:08:17 : 91,300,000 : 0 : 12,545,712,550 : 40%
2022-11-12 19:24:09 : 91,400,000 : 0 : 12,558,557,900 : 40%
2022-11-12 19:39:44 : 91,500,000 : 0 : 12,571,272,175 : 40%
2022-11-12 19:54:53 : 91,600,000 : 0 : 12,583,986,450 : 40%
2022-11-12 20:09:55 : 91,700,000 : 0 : 12,596,569,650 : 40%
2022-11-12 20:24:56 : 91,800,000 : 0 : 12,609,152,850 : 40%
2022-11-12 20:40:02 : 91,900,000 : 0 : 12,621,867,125 : 40%
2022-11-12 20:55:25 : 92,000,000 : 0 : 12,634,581,400 : 40%
2022-11-12 21:11:02 : 92,100,000 : 0 : 12,647,295,675 : 40%
2022-11-12 21:26:39 : 92,200,000 : 0 : 12,659,878,875 : 40%
2022-11-12 21:42:32 : 92,300,000 : 0 : 12,672,593,150 : 40%
2022-11-12 21:58:35 : 92,400,000 : 0 : 12,685,438,500 : 40%
2022-11-12 22:14:50 : 92,500,000 : 0 : 12,698,152,775 : 40%
2022-11-12 22:31:15 : 92,600,000 : 0 : 12,710,735,975 : 40%
2022-11-12 22:47:42 : 92,700,000 : 0 : 12,723,581,325 : 40%
2022-11-12 23:04:06 : 92,800,000 : 0 : 12,736,295,600 : 40%
2022-11-12 23:20:23 : 92,900,000 : 0 : 12,761,724,150 : 41%
2022-11-12 23:36:42 : 93,000,000 : 0 : 12,774,569,500 : 41%
2022-11-12 23:53:15 : 93,100,000 : 0 : 12,787,152,700 : 41%
2022-11-13 00:10:01 : 93,200,000 : 0 : 12,799,866,975 : 41%
2022-11-13 00:27:31 : 93,300,000 : 0 : 12,812,450,175 : 41%
2022-11-13 00:44:43 : 93,400,000 : 0 : 12,824,902,300 : 41%
2022-11-13 01:01:50 : 93,500,000 : 0 : 12,837,616,575 : 41%
2022-11-13 01:19:41 : 93,600,000 : 0 : 12,850,068,700 : 41%
2022-11-13 01:37:13 : 93,700,000 : 0 : 12,862,520,825 : 41%
2022-11-13 01:54:26 : 93,800,000 : 0 : 12,874,972,950 : 41%
2022-11-13 02:12:01 : 93,900,000 : 0 : 12,887,294,000 : 41%
2022-11-13 02:29:35 : 94,000,000 : 0 : 12,899,746,125 : 41%
2022-11-13 02:47:23 : 94,100,000 : 0 : 12,912,067,175 : 41%
2022-11-13 03:05:21 : 94,200,000 : 0 : 12,924,388,225 : 41%
2022-11-13 03:23:38 : 94,300,000 : 0 : 12,936,709,275 : 41%
2022-11-13 03:41:56 : 94,400,000 : 0 : 12,948,899,250 : 41%
2022-11-13 04:00:10 : 94,500,000 : 0 : 12,960,958,150 : 41%
2022-11-13 04:19:55 : 94,600,000 : 0 : 12,973,410,275 : 41%
2022-11-13 04:39:49 : 94,700,000 : 0 : 12,985,731,325 : 41%
2022-11-13 05:00:31 : 94,800,000 : 0 : 12,998,183,450 : 41%
2022-11-13 05:22:04 : 94,900,000 : 0 : 13,010,635,575 : 41%
2022-11-13 05:45:05 : 95,000,000 : 0 : 13,023,087,700 : 41%
2022-11-13 06:07:59 : 95,100,000 : 0 : 13,035,408,750 : 41%
2022-11-13 06:32:42 : 95,200,000 : 0 : 13,048,123,025 : 41%
2022-11-13 06:59:39 : 95,300,000 : 0 : 13,060,968,375 : 41%
2022-11-13 07:28:09 : 95,400,000 : 0 : 13,086,659,075 : 42%
2022-11-13 07:58:03 : 95,500,000 : 0 : 13,099,635,500 : 42%
2022-11-13 08:28:23 : 95,600,000 : 0 : 13,112,611,925 : 42%
2022-11-13 08:59:41 : 95,700,000 : 0 : 13,125,326,200 : 42%
2022-11-13 09:31:08 : 95,800,000 : 0 : 13,138,171,550 : 42%
2022-11-13 10:02:05 : 95,900,000 : 0 : 13,150,885,825 : 42%
2022-11-13 10:33:13 : 96,000,000 : 0 : 13,163,731,175 : 42%
2022-11-13 11:03:43 : 96,100,000 : 0 : 13,176,445,450 : 42%
2022-11-13 11:33:06 : 96,200,000 : 0 : 13,189,028,650 : 42%
2022-11-13 12:00:52 : 96,300,000 : 0 : 13,201,874,000 : 42%
2022-11-13 12:27:22 : 96,400,000 : 0 : 13,214,850,425 : 42%
2022-11-13 12:51:49 : 96,500,000 : 0 : 13,227,826,850 : 42%
2022-11-13 13:15:02 : 96,600,000 : 0 : 13,240,934,350 : 42%
2022-11-13 13:36:47 : 96,700,000 : 0 : 13,253,910,775 : 42%
2022-11-13 13:57:05 : 96,800,000 : 0 : 13,267,149,350 : 42%
2022-11-13 14:16:08 : 96,900,000 : 0 : 13,280,125,775 : 42%
2022-11-13 14:34:18 : 97,000,000 : 0 : 13,293,102,200 : 42%
2022-11-13 14:51:31 : 97,100,000 : 0 : 13,306,078,625 : 42%
2022-11-13 15:08:24 : 97,200,000 : 0 : 13,319,186,125 : 42%
2022-11-13 15:24:35 : 97,300,000 : 0 : 13,332,162,550 : 42%
2022-11-13 15:40:19 : 97,400,000 : 0 : 13,345,270,050 : 42%
2022-11-13 15:55:55 : 97,500,000 : 0 : 13,358,508,625 : 42%
2022-11-13 16:11:30 : 97,600,000 : 0 : 13,371,616,125 : 42%
2022-11-13 16:26:43 : 97,700,000 : 0 : 13,384,723,625 : 43%
2022-11-13 16:41:54 : 97,800,000 : 0 : 13,410,938,625 : 43%
2022-11-13 16:56:41 : 97,900,000 : 0 : 13,424,046,125 : 43%
2022-11-13 17:11:29 : 98,000,000 : 0 : 13,437,284,700 : 43%
2022-11-13 17:26:13 : 98,100,000 : 0 : 13,450,392,200 : 43%
2022-11-13 17:40:54 : 98,200,000 : 0 : 13,463,630,775 : 43%
2022-11-13 17:55:26 : 98,300,000 : 0 : 13,476,607,200 : 43%
2022-11-13 18:09:49 : 98,400,000 : 0 : 13,489,321,475 : 43%
2022-11-13 18:23:14 : 98,500,000 : 0 : 13,501,773,600 : 43%
2022-11-13 18:36:35 : 98,600,000 : 0 : 13,514,487,875 : 43%
2022-11-13 18:50:27 : 98,700,000 : 0 : 13,527,333,225 : 43%
2022-11-13 19:04:32 : 98,800,000 : 0 : 13,540,178,575 : 43%
2022-11-13 19:18:18 : 98,900,000 : 0 : 13,552,761,775 : 43%
2022-11-13 19:32:10 : 99,000,000 : 0 : 13,565,476,050 : 43%
2022-11-13 19:46:11 : 99,100,000 : 0 : 13,578,059,250 : 43%
2022-11-13 19:59:26 : 99,200,000 : 0 : 13,590,642,450 : 43%
2022-11-13 20:13:00 : 99,300,000 : 0 : 13,603,356,725 : 43%
2022-11-13 20:26:29 : 99,400,000 : 0 : 13,615,939,925 : 43%
2022-11-13 20:39:59 : 99,500,000 : 0 : 13,628,523,125 : 43%
2022-11-13 20:53:45 : 99,600,000 : 0 : 13,641,106,325 : 43%
2022-11-13 21:07:32 : 99,700,000 : 0 : 13,653,558,450 : 43%
2022-11-13 21:21:12 : 99,800,000 : 0 : 13,665,879,500 : 43%
2022-11-13 21:35:20 : 99,900,000 : 0 : 13,678,462,700 : 43%
2022-11-13 21:49:45 : 100,000,000 : 0 : 13,691,176,975 : 43%
2022-11-13 22:04:13 : 100,100,000 : 0 : 13,716,998,750 : 44%
2022-11-13 22:19:42 : 100,200,000 : 0 : 13,729,975,175 : 44%
2022-11-13 22:35:26 : 100,300,000 : 0 : 13,742,820,525 : 44%
2022-11-13 22:50:52 : 100,400,000 : 0 : 13,755,796,950 : 44%
2022-11-13 23:06:40 : 100,500,000 : 0 : 13,768,904,450 : 44%
2022-11-13 23:22:29 : 100,600,000 : 0 : 13,781,749,800 : 44%
2022-11-13 23:38:05 : 100,700,000 : 0 : 13,794,595,150 : 44%
2022-11-13 23:53:57 : 100,800,000 : 0 : 13,807,571,575 : 44%
2022-11-14 00:10:18 : 100,900,000 : 0 : 13,820,416,925 : 44%
2022-11-14 00:26:54 : 101,000,000 : 0 : 13,833,262,275 : 44%
2022-11-14 00:43:35 : 101,100,000 : 0 : 13,846,107,625 : 44%
2022-11-14 01:00:19 : 101,200,000 : 0 : 13,858,821,900 : 44%
2022-11-14 01:17:36 : 101,300,000 : 0 : 13,871,798,325 : 44%
2022-11-14 01:34:55 : 101,400,000 : 0 : 13,884,643,675 : 44%
2022-11-14 01:52:22 : 101,500,000 : 0 : 13,897,489,025 : 44%
2022-11-14 02:09:45 : 101,600,000 : 0 : 13,910,334,375 : 44%
2022-11-14 02:27:15 : 101,700,000 : 0 : 13,923,179,725 : 44%
2022-11-14 02:45:01 : 101,800,000 : 0 : 13,936,025,075 : 44%
2022-11-14 03:02:41 : 101,900,000 : 0 : 13,948,739,350 : 44%
2022-11-14 03:21:02 : 102,000,000 : 0 : 13,961,453,625 : 44%
2022-11-14 03:39:34 : 102,100,000 : 0 : 13,974,298,975 : 44%
2022-11-14 03:58:27 : 102,200,000 : 0 : 13,987,013,250 : 44%
2022-11-14 04:18:10 : 102,300,000 : 0 : 14,012,441,800 : 45%
2022-11-14 04:38:23 : 102,400,000 : 0 : 14,025,549,300 : 45%
2022-11-14 05:00:17 : 102,500,000 : 0 : 14,038,656,800 : 45%
2022-11-14 05:23:29 : 102,600,000 : 0 : 14,051,764,300 : 45%
2022-11-14 05:48:28 : 102,700,000 : 0 : 14,064,871,800 : 45%
2022-11-14 06:14:41 : 102,800,000 : 0 : 14,078,110,375 : 45%
2022-11-14 06:42:13 : 102,900,000 : 0 : 14,091,348,950 : 45%
2022-11-14 07:11:09 : 103,000,000 : 0 : 14,104,587,525 : 45%
2022-11-14 07:41:37 : 103,100,000 : 0 : 14,117,957,175 : 45%
2022-11-14 08:13:01 : 103,200,000 : 0 : 14,131,457,900 : 45%
2022-11-14 08:45:25 : 103,300,000 : 0 : 14,144,827,550 : 45%
2022-11-14 09:18:59 : 103,400,000 : 0 : 14,158,328,275 : 45%
2022-11-14 09:52:37 : 103,500,000 : 0 : 14,171,829,000 : 45%
2022-11-14 10:25:42 : 103,600,000 : 0 : 14,185,198,650 : 45%
2022-11-14 10:57:36 : 103,700,000 : 0 : 14,198,568,300 : 45%
2022-11-14 11:26:51 : 103,800,000 : 0 : 14,211,937,950 : 45%
2022-11-14 11:53:46 : 103,900,000 : 0 : 14,225,307,600 : 45%
2022-11-14 12:19:06 : 104,000,000 : 0 : 14,238,939,400 : 45%
2022-11-14 12:42:29 : 104,100,000 : 0 : 14,252,309,050 : 45%
2022-11-14 13:03:50 : 104,200,000 : 0 : 14,265,809,775 : 45%
2022-11-14 13:24:09 : 104,300,000 : 0 : 14,279,310,500 : 45%
2022-11-14 13:43:36 : 104,400,000 : 0 : 14,306,180,875 : 45%
2022-11-14 14:02:01 : 104,500,000 : 0 : 14,319,812,675 : 45%
2022-11-14 14:19:36 : 104,600,000 : 0 : 14,333,444,475 : 46%
2022-11-14 14:36:25 : 104,700,000 : 0 : 14,347,076,275 : 46%
2022-11-14 14:52:45 : 104,800,000 : 0 : 14,360,708,075 : 46%
2022-11-14 15:08:41 : 104,900,000 : 0 : 14,374,339,875 : 46%
2022-11-14 15:24:11 : 105,000,000 : 0 : 14,387,971,675 : 46%
2022-11-14 15:39:20 : 105,100,000 : 0 : 14,401,734,550 : 46%
2022-11-14 15:54:11 : 105,200,000 : 0 : 14,415,366,350 : 46%
2022-11-14 16:09:02 : 105,300,000 : 0 : 14,428,998,150 : 46%
2022-11-14 16:23:56 : 105,400,000 : 0 : 14,442,761,025 : 46%
2022-11-14 16:38:47 : 105,500,000 : 0 : 14,456,392,825 : 46%
2022-11-14 16:53:29 : 105,600,000 : 0 : 14,470,024,625 : 46%
2022-11-14 17:08:01 : 105,700,000 : 0 : 14,483,787,500 : 46%
2022-11-14 17:22:19 : 105,800,000 : 0 : 14,497,419,300 : 46%
2022-11-14 17:36:37 : 105,900,000 : 0 : 14,511,051,100 : 46%
2022-11-14 17:50:46 : 106,000,000 : 0 : 14,524,682,900 : 46%
2022-11-14 18:04:48 : 106,100,000 : 0 : 14,538,314,700 : 46%
2022-11-14 18:19:02 : 106,200,000 : 0 : 14,551,946,500 : 46%
2022-11-14 18:33:01 : 106,300,000 : 0 : 14,579,210,100 : 46%
2022-11-14 18:47:02 : 106,400,000 : 0 : 14,592,710,825 : 46%
2022-11-14 19:00:54 : 106,500,000 : 0 : 14,606,342,625 : 46%
2022-11-14 19:15:08 : 106,600,000 : 0 : 14,619,974,425 : 46%
2022-11-14 19:29:25 : 106,700,000 : 0 : 14,633,606,225 : 46%
2022-11-14 19:43:35 : 106,800,000 : 0 : 14,647,238,025 : 47%
2022-11-14 19:57:43 : 106,900,000 : 0 : 14,660,738,750 : 47%
2022-11-14 20:11:51 : 107,000,000 : 0 : 14,674,108,400 : 47%
2022-11-14 20:26:02 : 107,100,000 : 0 : 14,687,609,125 : 47%
2022-11-14 20:40:05 : 107,200,000 : 0 : 14,700,978,775 : 47%
2022-11-14 20:54:10 : 107,300,000 : 0 : 14,714,479,500 : 47%
2022-11-14 21:08:20 : 107,400,000 : 0 : 14,727,980,225 : 47%
2022-11-14 21:22:42 : 107,500,000 : 0 : 14,741,349,875 : 47%
2022-11-14 21:37:10 : 107,600,000 : 0 : 14,754,719,525 : 47%
2022-11-14 21:51:45 : 107,700,000 : 0 : 14,768,089,175 : 47%
2022-11-14 22:06:39 : 107,800,000 : 0 : 14,781,458,825 : 47%
2022-11-14 22:21:59 : 107,900,000 : 0 : 14,794,959,550 : 47%
2022-11-14 22:37:21 : 108,000,000 : 0 : 14,808,198,125 : 47%
2022-11-14 22:52:50 : 108,100,000 : 0 : 14,821,567,775 : 47%
2022-11-14 23:08:22 : 108,200,000 : 0 : 14,834,806,350 : 47%
2022-11-14 23:24:10 : 108,300,000 : 0 : 14,861,283,500 : 47%
2022-11-14 23:40:06 : 108,400,000 : 0 : 14,874,522,075 : 47%
2022-11-14 23:56:10 : 108,500,000 : 0 : 14,887,760,650 : 47%
2022-11-15 00:12:38 : 108,600,000 : 0 : 14,900,999,225 : 47%
2022-11-15 00:29:04 : 108,700,000 : 0 : 14,914,237,800 : 47%
2022-11-15 00:45:47 : 108,800,000 : 0 : 14,927,476,375 : 47%
2022-11-15 01:02:41 : 108,900,000 : 0 : 14,940,452,800 : 47%
2022-11-15 01:19:17 : 109,000,000 : 0 : 14,953,298,150 : 48%
2022-11-15 01:35:55 : 109,100,000 : 0 : 14,966,143,500 : 48%
2022-11-15 01:52:12 : 109,200,000 : 0 : 14,978,988,850 : 48%
2022-11-15 02:08:13 : 109,300,000 : 0 : 14,991,572,050 : 48%
2022-11-15 02:24:11 : 109,400,000 : 0 : 15,004,155,250 : 48%
2022-11-15 02:39:53 : 109,500,000 : 0 : 15,016,738,450 : 48%
2022-11-15 02:55:57 : 109,600,000 : 0 : 15,029,452,725 : 48%
2022-11-15 03:12:35 : 109,700,000 : 0 : 15,042,035,925 : 48%
2022-11-15 03:29:46 : 109,800,000 : 0 : 15,054,619,125 : 48%
2022-11-15 03:46:39 : 109,900,000 : 0 : 15,067,202,325 : 48%
2022-11-15 04:04:04 : 110,000,000 : 0 : 15,079,392,300 : 48%
2022-11-15 04:21:06 : 110,100,000 : 0 : 15,091,844,425 : 48%
2022-11-15 04:40:36 : 110,200,000 : 0 : 15,104,689,775 : 48%
2022-11-15 05:01:35 : 110,300,000 : 0 : 15,117,797,275 : 48%
2022-11-15 05:24:00 : 110,400,000 : 0 : 15,130,773,700 : 48%
2022-11-15 05:47:58 : 110,500,000 : 0 : 15,144,012,275 : 48%
2022-11-15 06:13:20 : 110,600,000 : 0 : 15,156,988,700 : 48%
2022-11-15 06:39:53 : 110,700,000 : 0 : 15,183,465,850 : 48%
2022-11-15 07:07:39 : 110,800,000 : 0 : 15,196,704,425 : 48%
2022-11-15 07:37:30 : 110,900,000 : 0 : 15,210,074,075 : 48%
2022-11-15 08:08:17 : 111,000,000 : 0 : 15,223,443,725 : 48%
2022-11-15 08:40:18 : 111,100,000 : 0 : 15,236,813,375 : 48%
2022-11-15 09:13:22 : 111,200,000 : 0 : 15,250,314,100 : 48%
2022-11-15 09:47:17 : 111,300,000 : 0 : 15,263,552,675 : 48%
2022-11-15 10:20:24 : 111,400,000 : 0 : 15,276,922,325 : 49%
2022-11-15 10:52:46 : 111,500,000 : 0 : 15,290,423,050 : 49%
2022-11-15 11:22:44 : 111,600,000 : 0 : 15,303,792,700 : 49%
2022-11-15 11:50:10 : 111,700,000 : 0 : 15,317,031,275 : 49%
2022-11-15 12:14:57 : 111,800,000 : 0 : 15,330,269,850 : 49%
2022-11-15 12:38:12 : 111,900,000 : 0 : 15,343,639,500 : 49%
2022-11-15 12:59:39 : 112,000,000 : 0 : 15,357,009,150 : 49%
2022-11-15 13:20:01 : 112,100,000 : 0 : 15,370,378,800 : 49%
2022-11-15 13:39:19 : 112,200,000 : 0 : 15,383,879,525 : 49%
2022-11-15 13:57:44 : 112,300,000 : 0 : 15,397,380,250 : 49%
2022-11-15 14:15:11 : 112,400,000 : 0 : 15,411,012,050 : 49%
2022-11-15 14:31:50 : 112,500,000 : 0 : 15,424,512,775 : 49%
2022-11-15 14:48:08 : 112,600,000 : 0 : 15,438,144,575 : 49%
2022-11-15 15:03:52 : 112,700,000 : 0 : 15,451,645,300 : 49%
2022-11-15 15:19:05 : 112,800,000 : 0 : 15,478,777,825 : 49%
2022-11-15 15:33:59 : 112,900,000 : 0 : 15,492,409,625 : 49%
2022-11-15 15:48:40 : 113,000,000 : 0 : 15,505,910,350 : 49%
2022-11-15 16:03:00 : 113,100,000 : 0 : 15,519,280,000 : 49%
2022-11-15 16:17:21 : 113,200,000 : 0 : 15,532,780,725 : 49%
2022-11-15 16:31:44 : 113,300,000 : 0 : 15,546,412,525 : 49%
2022-11-15 16:46:17 : 113,400,000 : 0 : 15,559,913,250 : 49%
2022-11-15 17:00:42 : 113,500,000 : 0 : 15,573,413,975 : 49%
2022-11-15 17:15:09 : 113,600,000 : 0 : 15,586,783,625 : 50%
2022-11-15 17:29:19 : 113,700,000 : 0 : 15,600,284,350 : 50%
2022-11-15 17:43:23 : 113,800,000 : 0 : 15,613,785,075 : 50%
2022-11-15 17:57:18 : 113,900,000 : 0 : 15,627,285,800 : 50%
2022-11-15 18:11:11 : 114,000,000 : 0 : 15,640,655,450 : 50%
2022-11-15 18:25:04 : 114,100,000 : 0 : 15,654,156,175 : 50%
2022-11-15 18:38:55 : 114,200,000 : 0 : 15,667,394,750 : 50%
2022-11-15 18:52:47 : 114,300,000 : 0 : 15,680,895,475 : 50%
2022-11-15 19:06:31 : 114,400,000 : 0 : 15,694,265,125 : 50%
2022-11-15 19:20:23 : 114,500,000 : 0 : 15,707,503,700 : 50%
2022-11-15 19:34:07 : 114,600,000 : 0 : 15,720,873,350 : 50%
2022-11-15 19:47:48 : 114,700,000 : 0 : 15,734,111,925 : 50%
2022-11-15 20:01:32 : 114,800,000 : 0 : 15,760,720,150 : 50%
2022-11-15 20:15:27 : 114,900,000 : 0 : 15,773,958,725 : 50%
2022-11-15 20:29:16 : 115,000,000 : 0 : 15,787,328,375 : 50%
2022-11-15 20:43:11 : 115,100,000 : 0 : 15,800,566,950 : 50%
2022-11-15 20:57:02 : 115,200,000 : 0 : 15,813,805,525 : 50%
2022-11-15 21:10:53 : 115,300,000 : 0 : 15,827,175,175 : 50%
2022-11-15 21:24:46 : 115,400,000 : 0 : 15,840,413,750 : 50%
2022-11-15 21:38:56 : 115,500,000 : 0 : 15,853,783,400 : 50%
2022-11-15 21:53:03 : 115,600,000 : 0 : 15,867,021,975 : 50%
2022-11-15 22:07:45 : 115,700,000 : 0 : 15,880,260,550 : 50%
2022-11-15 22:22:41 : 115,800,000 : 0 : 15,893,499,125 : 50%
2022-11-15 22:37:45 : 115,900,000 : 0 : 15,906,737,700 : 51%
2022-11-15 22:52:54 : 116,000,000 : 0 : 15,919,976,275 : 51%
2022-11-15 23:08:09 : 116,100,000 : 0 : 15,933,214,850 : 51%
2022-11-15 23:23:40 : 116,200,000 : 0 : 15,946,322,350 : 51%
2022-11-15 23:39:30 : 116,300,000 : 0 : 15,959,429,850 : 51%
2022-11-15 23:55:26 : 116,400,000 : 0 : 15,972,537,350 : 51%
2022-11-16 00:11:41 : 116,500,000 : 0 : 15,985,775,925 : 51%
2022-11-16 00:28:02 : 116,600,000 : 0 : 15,998,752,350 : 51%
2022-11-16 00:46:23 : 116,700,000 : 0 : 16,011,335,550 : 51%
2022-11-16 01:03:40 : 116,800,000 : 0 : 16,024,311,975 : 51%
2022-11-16 01:20:47 : 116,900,000 : 0 : 16,037,288,400 : 51%
2022-11-16 01:37:56 : 117,000,000 : 0 : 16,050,264,825 : 51%
2022-11-16 01:54:52 : 117,100,000 : 0 : 16,076,086,600 : 51%
2022-11-16 02:11:49 : 117,200,000 : 0 : 16,088,800,875 : 51%
2022-11-16 02:28:35 : 117,300,000 : 0 : 16,101,515,150 : 51%
2022-11-16 02:45:17 : 117,400,000 : 0 : 16,114,098,350 : 51%
2022-11-16 03:02:27 : 117,500,000 : 0 : 16,126,943,700 : 51%
2022-11-16 03:20:13 : 117,600,000 : 0 : 16,139,789,050 : 51%
2022-11-16 03:38:12 : 117,700,000 : 0 : 16,152,503,325 : 51%
2022-11-16 03:56:43 : 117,800,000 : 0 : 16,165,348,675 : 51%
2022-11-16 04:16:08 : 117,900,000 : 0 : 16,178,194,025 : 51%
2022-11-16 04:36:22 : 118,000,000 : 0 : 16,191,170,450 : 51%
2022-11-16 04:57:15 : 118,100,000 : 0 : 16,204,015,800 : 51%
2022-11-16 05:19:28 : 118,200,000 : 0 : 16,216,861,150 : 52%
2022-11-16 05:42:16 : 118,300,000 : 0 : 16,229,706,500 : 52%
2022-11-16 06:06:58 : 118,400,000 : 0 : 16,242,682,925 : 52%
2022-11-16 06:33:23 : 118,500,000 : 0 : 16,255,659,350 : 52%
2022-11-16 07:00:39 : 118,600,000 : 0 : 16,268,635,775 : 52%
2022-11-16 07:29:42 : 118,700,000 : 0 : 16,281,743,275 : 52%
2022-11-16 07:59:35 : 118,800,000 : 0 : 16,295,112,925 : 52%
2022-11-16 08:30:47 : 118,900,000 : 0 : 16,308,351,500 : 52%
2022-11-16 09:03:25 : 119,000,000 : 0 : 16,321,852,225 : 52%
2022-11-16 09:37:23 : 119,100,000 : 0 : 16,335,221,875 : 52%
2022-11-16 10:10:45 : 119,200,000 : 0 : 16,348,591,525 : 52%
2022-11-16 10:43:17 : 119,300,000 : 0 : 16,375,330,825 : 52%
2022-11-16 11:13:17 : 119,400,000 : 0 : 16,388,569,400 : 52%
2022-11-16 11:40:54 : 119,500,000 : 0 : 16,401,807,975 : 52%
2022-11-16 12:06:10 : 119,600,000 : 0 : 16,415,177,625 : 52%
2022-11-16 12:29:37 : 119,700,000 : 0 : 16,428,416,200 : 52%
2022-11-16 12:51:17 : 119,800,000 : 0 : 16,441,785,850 : 52%
2022-11-16 13:12:06 : 119,900,000 : 0 : 16,455,286,575 : 52%
2022-11-16 13:31:37 : 120,000,000 : 0 : 16,468,656,225 : 52%
2022-11-16 13:50:09 : 120,100,000 : 0 : 16,482,156,950 : 52%
2022-11-16 14:07:48 : 120,200,000 : 0 : 16,495,657,675 : 52%
2022-11-16 14:24:41 : 120,300,000 : 0 : 16,509,158,400 : 52%
2022-11-16 14:41:21 : 120,400,000 : 0 : 16,522,659,125 : 52%
2022-11-16 14:57:22 : 120,500,000 : 0 : 16,536,290,925 : 53%
2022-11-16 15:13:05 : 120,600,000 : 0 : 16,549,791,650 : 53%
2022-11-16 15:28:29 : 120,700,000 : 0 : 16,563,554,525 : 53%
2022-11-16 15:43:36 : 120,800,000 : 0 : 16,577,186,325 : 53%
2022-11-16 15:58:29 : 120,900,000 : 0 : 16,590,687,050 : 53%
2022-11-16 16:13:16 : 121,000,000 : 0 : 16,604,318,850 : 53%
2022-11-16 16:28:02 : 121,100,000 : 0 : 16,617,819,575 : 53%
2022-11-16 16:42:57 : 121,200,000 : 0 : 16,631,451,375 : 53%
2022-11-16 16:57:32 : 121,300,000 : 0 : 16,644,952,100 : 53%
2022-11-16 17:12:21 : 121,400,000 : 0 : 16,658,583,900 : 53%
2022-11-16 17:27:01 : 121,500,000 : 0 : 16,685,716,425 : 53%
2022-11-16 17:41:41 : 121,600,000 : 0 : 16,699,217,150 : 53%
2022-11-16 17:56:17 : 121,700,000 : 0 : 16,712,717,875 : 53%
2022-11-16 18:10:49 : 121,800,000 : 0 : 16,726,218,600 : 53%
2022-11-16 18:25:17 : 121,900,000 : 0 : 16,739,719,325 : 53%
2022-11-16 18:39:34 : 122,000,000 : 0 : 16,753,220,050 : 53%
2022-11-16 18:53:50 : 122,100,000 : 0 : 16,766,720,775 : 53%
2022-11-16 19:08:10 : 122,200,000 : 0 : 16,780,090,425 : 53%
2022-11-16 19:22:24 : 122,300,000 : 0 : 16,793,460,075 : 53%
2022-11-16 19:36:40 : 122,400,000 : 0 : 16,806,829,725 : 53%
2022-11-16 19:50:54 : 122,500,000 : 0 : 16,820,199,375 : 53%
2022-11-16 20:05:15 : 122,600,000 : 0 : 16,833,569,025 : 53%
2022-11-16 20:19:31 : 122,700,000 : 0 : 16,846,938,675 : 54%
2022-11-16 20:33:36 : 122,800,000 : 0 : 16,860,308,325 : 54%
2022-11-16 20:47:46 : 122,900,000 : 0 : 16,873,546,900 : 54%
2022-11-16 21:01:45 : 123,000,000 : 0 : 16,886,916,550 : 54%
2022-11-16 21:16:00 : 123,100,000 : 0 : 16,900,155,125 : 54%
2022-11-16 21:30:08 : 123,200,000 : 0 : 16,913,524,775 : 54%
2022-11-16 21:44:28 : 123,300,000 : 0 : 16,926,763,350 : 54%
2022-11-16 21:58:56 : 123,400,000 : 0 : 16,940,133,000 : 54%
2022-11-16 22:13:46 : 123,500,000 : 0 : 16,953,502,650 : 54%
2022-11-16 22:28:56 : 123,600,000 : 0 : 16,979,979,800 : 54%
2022-11-16 22:44:32 : 123,700,000 : 0 : 16,993,349,450 : 54%
2022-11-16 22:59:57 : 123,800,000 : 0 : 17,006,588,025 : 54%
2022-11-16 23:16:00 : 123,900,000 : 0 : 17,019,957,675 : 54%
2022-11-16 23:32:16 : 124,000,000 : 0 : 17,033,196,250 : 54%
2022-11-16 23:49:03 : 124,100,000 : 0 : 17,046,434,825 : 54%
2022-11-17 00:05:48 : 124,200,000 : 0 : 17,059,673,400 : 54%
2022-11-17 00:22:42 : 124,300,000 : 0 : 17,072,911,975 : 54%
2022-11-17 00:39:42 : 124,400,000 : 0 : 17,086,150,550 : 54%
2022-11-17 00:56:44 : 124,500,000 : 0 : 17,099,258,050 : 54%
2022-11-17 01:13:57 : 124,600,000 : 0 : 17,112,365,550 : 54%
2022-11-17 01:30:59 : 124,700,000 : 0 : 17,125,341,975 : 54%
2022-11-17 01:47:51 : 124,800,000 : 0 : 17,138,318,400 : 54%
2022-11-17 02:04:54 : 124,900,000 : 0 : 17,151,294,825 : 54%
2022-11-17 02:22:02 : 125,000,000 : 0 : 17,164,140,175 : 55%
2022-11-17 02:39:19 : 125,100,000 : 0 : 17,177,116,600 : 55%
2022-11-17 02:56:57 : 125,200,000 : 0 : 17,190,224,100 : 55%
2022-11-17 03:15:09 : 125,300,000 : 0 : 17,203,200,525 : 55%
2022-11-17 03:33:37 : 125,400,000 : 0 : 17,216,308,025 : 55%
2022-11-17 03:52:30 : 125,500,000 : 0 : 17,229,284,450 : 55%
2022-11-17 04:11:48 : 125,600,000 : 0 : 17,242,391,950 : 55%
2022-11-17 04:32:10 : 125,700,000 : 0 : 17,255,368,375 : 55%
2022-11-17 04:53:10 : 125,800,000 : 0 : 17,268,344,800 : 55%
2022-11-17 05:15:09 : 125,900,000 : 0 : 17,294,428,725 : 55%
2022-11-17 05:38:04 : 126,000,000 : 0 : 17,307,536,225 : 55%
2022-11-17 06:02:40 : 126,100,000 : 0 : 17,320,643,725 : 55%
2022-11-17 06:28:46 : 126,200,000 : 0 : 17,333,882,300 : 55%
2022-11-17 06:56:15 : 126,300,000 : 0 : 17,347,251,950 : 55%
2022-11-17 07:25:17 : 126,400,000 : 0 : 17,360,621,600 : 55%
2022-11-17 07:55:24 : 126,500,000 : 0 : 17,373,991,250 : 55%
2022-11-17 08:26:40 : 126,600,000 : 0 : 17,387,360,900 : 55%
2022-11-17 08:58:53 : 126,700,000 : 0 : 17,400,861,625 : 55%
2022-11-17 09:32:29 : 126,800,000 : 0 : 17,414,231,275 : 55%
2022-11-17 10:05:45 : 126,900,000 : 0 : 17,427,732,000 : 55%
2022-11-17 10:37:55 : 127,000,000 : 0 : 17,441,101,650 : 55%
2022-11-17 11:07:59 : 127,100,000 : 0 : 17,454,471,300 : 55%
2022-11-17 11:36:04 : 127,200,000 : 0 : 17,467,840,950 : 55%
2022-11-17 12:01:49 : 127,300,000 : 0 : 17,481,210,600 : 56%
2022-11-17 12:25:26 : 127,400,000 : 0 : 17,494,580,250 : 56%
2022-11-17 12:47:41 : 127,500,000 : 0 : 17,507,949,900 : 56%
2022-11-17 13:08:12 : 127,600,000 : 0 : 17,521,450,625 : 56%
2022-11-17 13:27:55 : 127,700,000 : 0 : 17,534,820,275 : 56%
2022-11-17 13:46:40 : 127,800,000 : 0 : 17,548,452,075 : 56%
2022-11-17 14:04:29 : 127,900,000 : 0 : 17,561,952,800 : 56%
2022-11-17 14:21:32 : 128,000,000 : 0 : 17,589,085,325 : 56%
2022-11-17 14:37:42 : 128,100,000 : 0 : 17,602,586,050 : 56%
2022-11-17 14:53:29 : 128,200,000 : 0 : 17,616,217,850 : 56%
2022-11-17 15:09:17 : 128,300,000 : 0 : 17,629,849,650 : 56%
2022-11-17 15:24:44 : 128,400,000 : 0 : 17,643,481,450 : 56%
2022-11-17 15:39:40 : 128,500,000 : 0 : 17,657,244,325 : 56%
2022-11-17 15:54:17 : 128,600,000 : 0 : 17,670,876,125 : 56%
2022-11-17 16:08:51 : 128,700,000 : 0 : 17,684,507,925 : 56%
2022-11-17 16:23:25 : 128,800,000 : 0 : 17,698,270,800 : 56%
2022-11-17 16:37:56 : 128,900,000 : 0 : 17,711,902,600 : 56%
2022-11-17 16:52:27 : 129,000,000 : 0 : 17,725,665,475 : 56%
2022-11-17 17:06:54 : 129,100,000 : 0 : 17,739,297,275 : 56%
2022-11-17 17:21:02 : 129,200,000 : 0 : 17,752,929,075 : 56%
2022-11-17 17:35:13 : 129,300,000 : 0 : 17,766,560,875 : 56%
2022-11-17 17:49:13 : 129,400,000 : 0 : 17,780,192,675 : 56%
2022-11-17 18:03:14 : 129,500,000 : 0 : 17,793,693,400 : 57%
2022-11-17 18:17:32 : 129,600,000 : 0 : 17,807,325,200 : 57%
2022-11-17 18:31:47 : 129,700,000 : 0 : 17,820,957,000 : 57%
2022-11-17 18:46:03 : 129,800,000 : 0 : 17,834,588,800 : 57%
2022-11-17 19:00:13 : 129,900,000 : 0 : 17,848,089,525 : 57%
2022-11-17 19:14:42 : 130,000,000 : 0 : 17,875,222,050 : 57%
2022-11-17 19:29:04 : 130,100,000 : 0 : 17,888,853,850 : 57%
2022-11-17 19:43:22 : 130,200,000 : 0 : 17,902,354,575 : 57%
2022-11-17 19:57:46 : 130,300,000 : 0 : 17,915,855,300 : 57%
2022-11-17 20:12:10 : 130,400,000 : 0 : 17,929,356,025 : 57%
2022-11-17 20:26:36 : 130,500,000 : 0 : 17,942,725,675 : 57%
2022-11-17 20:40:49 : 130,600,000 : 0 : 17,956,095,325 : 57%
2022-11-17 20:55:04 : 130,700,000 : 0 : 17,969,464,975 : 57%
2022-11-17 21:09:30 : 130,800,000 : 0 : 17,982,834,625 : 57%
2022-11-17 21:23:57 : 130,900,000 : 0 : 17,996,204,275 : 57%
2022-11-17 21:38:32 : 131,000,000 : 0 : 18,009,442,850 : 57%
2022-11-17 21:53:23 : 131,100,000 : 0 : 18,022,812,500 : 57%
2022-11-17 22:08:43 : 131,200,000 : 0 : 18,036,182,150 : 57%
2022-11-17 22:24:18 : 131,300,000 : 0 : 18,049,551,800 : 57%
2022-11-17 22:40:07 : 131,400,000 : 0 : 18,062,921,450 : 57%
2022-11-17 22:56:01 : 131,500,000 : 0 : 18,076,160,025 : 57%
2022-11-17 23:12:10 : 131,600,000 : 0 : 18,089,529,675 : 57%
2022-11-17 23:28:26 : 131,700,000 : 0 : 18,102,899,325 : 58%
2022-11-17 23:44:48 : 131,800,000 : 0 : 18,116,137,900 : 58%
2022-11-18 00:01:10 : 131,900,000 : 0 : 18,129,376,475 : 58%
2022-11-18 00:17:50 : 132,000,000 : 0 : 18,142,483,975 : 58%
2022-11-18 00:34:34 : 132,100,000 : 0 : 18,168,830,050 : 58%
2022-11-18 00:51:37 : 132,200,000 : 0 : 18,181,937,550 : 58%
2022-11-18 01:09:00 : 132,300,000 : 0 : 18,194,913,975 : 58%
2022-11-18 01:26:27 : 132,400,000 : 0 : 18,207,759,325 : 58%
2022-11-18 01:43:58 : 132,500,000 : 0 : 18,220,604,675 : 58%
2022-11-18 02:00:58 : 132,600,000 : 0 : 18,233,450,025 : 58%
2022-11-18 02:17:57 : 132,700,000 : 0 : 18,246,164,300 : 58%
2022-11-18 02:34:49 : 132,800,000 : 0 : 18,258,878,575 : 58%
2022-11-18 02:52:29 : 132,900,000 : 0 : 18,271,723,925 : 58%
2022-11-18 03:10:23 : 133,000,000 : 0 : 18,284,307,125 : 58%
2022-11-18 03:28:19 : 133,100,000 : 0 : 18,296,890,325 : 58%
2022-11-18 03:46:19 : 133,200,000 : 0 : 18,309,604,600 : 58%
2022-11-18 04:04:58 : 133,300,000 : 0 : 18,322,187,800 : 58%
2022-11-18 04:24:12 : 133,400,000 : 0 : 18,334,771,000 : 58%
2022-11-18 04:44:57 : 133,500,000 : 0 : 18,347,616,350 : 58%
2022-11-18 05:06:49 : 133,600,000 : 0 : 18,360,592,775 : 58%
2022-11-18 05:29:40 : 133,700,000 : 0 : 18,373,438,125 : 58%
2022-11-18 05:53:18 : 133,800,000 : 0 : 18,386,283,475 : 58%
2022-11-18 06:18:54 : 133,900,000 : 0 : 18,399,390,975 : 58%
2022-11-18 06:45:55 : 134,000,000 : 0 : 18,412,367,400 : 58%
2022-11-18 07:14:16 : 134,100,000 : 0 : 18,425,605,975 : 59%
2022-11-18 07:43:58 : 134,200,000 : 0 : 18,438,844,550 : 59%
2022-11-18 08:14:43 : 134,300,000 : 0 : 18,452,214,200 : 59%
2022-11-18 08:46:28 : 134,400,000 : 0 : 18,478,822,425 : 59%
2022-11-18 09:19:06 : 134,500,000 : 0 : 18,492,192,075 : 59%
2022-11-18 09:51:37 : 134,600,000 : 0 : 18,505,561,725 : 59%
2022-11-18 10:24:10 : 134,700,000 : 0 : 18,518,669,225 : 59%
2022-11-18 10:55:04 : 134,800,000 : 0 : 18,531,907,800 : 59%
2022-11-18 11:23:39 : 134,900,000 : 0 : 18,545,015,300 : 59%
2022-11-18 11:50:09 : 135,000,000 : 0 : 18,558,253,875 : 59%
2022-11-18 12:14:58 : 135,100,000 : 0 : 18,571,492,450 : 59%
2022-11-18 12:37:50 : 135,200,000 : 0 : 18,584,731,025 : 59%
2022-11-18 12:59:09 : 135,300,000 : 0 : 18,598,100,675 : 59%
2022-11-18 13:19:34 : 135,400,000 : 0 : 18,611,470,325 : 59%
2022-11-18 13:38:41 : 135,500,000 : 0 : 18,624,971,050 : 59%
2022-11-18 13:57:00 : 135,600,000 : 0 : 18,638,471,775 : 59%
2022-11-18 14:14:34 : 135,700,000 : 0 : 18,651,841,425 : 59%
2022-11-18 14:31:14 : 135,800,000 : 0 : 18,665,342,150 : 59%
2022-11-18 14:47:38 : 135,900,000 : 0 : 18,678,842,875 : 59%
2022-11-18 15:03:23 : 136,000,000 : 0 : 18,692,343,600 : 59%
2022-11-18 15:18:52 : 136,100,000 : 0 : 18,705,975,400 : 59%
2022-11-18 15:34:03 : 136,200,000 : 0 : 18,719,476,125 : 59%
2022-11-18 15:49:05 : 136,300,000 : 0 : 18,733,107,925 : 60%
2022-11-18 16:03:51 : 136,400,000 : 0 : 18,746,739,725 : 60%
2022-11-18 16:18:46 : 136,500,000 : 0 : 18,760,240,450 : 60%
2022-11-18 16:33:25 : 136,600,000 : 0 : 18,787,372,975 : 60%
2022-11-18 16:48:08 : 136,700,000 : 0 : 18,801,004,775 : 60%
2022-11-18 17:02:43 : 136,800,000 : 0 : 18,814,374,425 : 60%
2022-11-18 17:17:24 : 136,900,000 : 0 : 18,827,744,075 : 60%
2022-11-18 17:32:04 : 137,000,000 : 0 : 18,841,244,800 : 60%
2022-11-18 17:46:41 : 137,100,000 : 0 : 18,854,614,450 : 60%
2022-11-18 18:01:26 : 137,200,000 : 0 : 18,868,115,175 : 60%
2022-11-18 18:16:19 : 137,300,000 : 0 : 18,881,615,900 : 60%
2022-11-18 18:31:04 : 137,400,000 : 0 : 18,894,985,550 : 60%
2022-11-18 18:45:49 : 137,500,000 : 0 : 18,908,486,275 : 60%
2022-11-18 19:00:35 : 137,600,000 : 0 : 18,921,855,925 : 60%
2022-11-18 19:15:43 : 137,700,000 : 0 : 18,935,356,650 : 60%
2022-11-18 19:30:42 : 137,800,000 : 0 : 18,948,726,300 : 60%
2022-11-18 19:45:40 : 137,900,000 : 0 : 18,961,964,875 : 60%
2022-11-18 20:00:40 : 138,000,000 : 0 : 18,975,465,600 : 60%
2022-11-18 20:15:40 : 138,100,000 : 0 : 18,988,835,250 : 60%
2022-11-18 20:30:40 : 138,200,000 : 0 : 19,002,073,825 : 60%
2022-11-18 20:45:36 : 138,300,000 : 0 : 19,015,312,400 : 60%
2022-11-18 21:00:40 : 138,400,000 : 0 : 19,028,682,050 : 60%
2022-11-18 21:15:49 : 138,500,000 : 0 : 19,041,920,625 : 60%
2022-11-18 21:31:03 : 138,600,000 : 0 : 19,055,159,200 : 61%
2022-11-18 21:46:09 : 138,700,000 : 0 : 19,081,505,275 : 61%
2022-11-18 22:01:37 : 138,800,000 : 0 : 19,094,612,775 : 61%
2022-11-18 22:17:27 : 138,900,000 : 0 : 19,107,851,350 : 61%
2022-11-18 22:33:26 : 139,000,000 : 0 : 19,120,958,850 : 61%
2022-11-18 22:49:47 : 139,100,000 : 0 : 19,134,066,350 : 61%
2022-11-18 23:06:09 : 139,200,000 : 0 : 19,147,173,850 : 61%
2022-11-18 23:22:36 : 139,300,000 : 0 : 19,160,150,275 : 61%
2022-11-18 23:39:16 : 139,400,000 : 0 : 19,173,126,700 : 61%
2022-11-18 23:56:07 : 139,500,000 : 0 : 19,186,234,200 : 61%
2022-11-19 00:13:05 : 139,600,000 : 0 : 19,199,210,625 : 61%
2022-11-19 00:30:38 : 139,700,000 : 0 : 19,212,187,050 : 61%
2022-11-19 00:48:20 : 139,800,000 : 0 : 19,225,032,400 : 61%
2022-11-19 01:06:24 : 139,900,000 : 0 : 19,238,008,825 : 61%
2022-11-19 01:24:52 : 140,000,000 : 0 : 19,250,723,100 : 61%
2022-11-19 01:43:17 : 140,100,000 : 0 : 19,263,568,450 : 61%
2022-11-19 02:01:40 : 140,200,000 : 0 : 19,276,282,725 : 61%
2022-11-19 02:19:59 : 140,300,000 : 0 : 19,288,865,925 : 61%
2022-11-19 02:38:34 : 140,400,000 : 0 : 19,301,580,200 : 61%
2022-11-19 02:57:47 : 140,500,000 : 0 : 19,314,163,400 : 61%
2022-11-19 03:17:04 : 140,600,000 : 0 : 19,326,746,600 : 61%
2022-11-19 03:36:35 : 140,700,000 : 0 : 19,339,329,800 : 61%
2022-11-19 03:56:37 : 140,800,000 : 0 : 19,352,044,075 : 61%
2022-11-19 04:17:41 : 140,900,000 : 0 : 19,364,627,275 : 62%
2022-11-19 04:39:27 : 141,000,000 : 0 : 19,377,210,475 : 62%
2022-11-19 05:01:57 : 141,100,000 : 0 : 19,389,924,750 : 62%
2022-11-19 05:25:20 : 141,200,000 : 0 : 19,402,639,025 : 62%
2022-11-19 05:50:18 : 141,300,000 : 0 : 19,427,805,425 : 62%
2022-11-19 06:16:45 : 141,400,000 : 0 : 19,440,519,700 : 62%
2022-11-19 06:44:38 : 141,500,000 : 0 : 19,453,233,975 : 62%
2022-11-19 07:13:27 : 141,600,000 : 0 : 19,465,948,250 : 62%
2022-11-19 07:44:11 : 141,700,000 : 0 : 19,478,924,675 : 62%
2022-11-19 08:15:36 : 141,800,000 : 0 : 19,491,770,025 : 62%
2022-11-19 08:47:12 : 141,900,000 : 0 : 19,504,746,450 : 62%
2022-11-19 09:19:48 : 142,000,000 : 0 : 19,517,591,800 : 62%
2022-11-19 09:52:54 : 142,100,000 : 0 : 19,530,568,225 : 62%
2022-11-19 10:25:51 : 142,200,000 : 0 : 19,543,544,650 : 62%
2022-11-19 10:58:43 : 142,300,000 : 0 : 19,556,390,000 : 62%
2022-11-19 11:29:45 : 142,400,000 : 0 : 19,569,497,500 : 62%
2022-11-19 11:59:14 : 142,500,000 : 0 : 19,582,605,000 : 62%
2022-11-19 12:26:34 : 142,600,000 : 0 : 19,595,712,500 : 62%
2022-11-19 12:51:38 : 142,700,000 : 0 : 19,608,951,075 : 62%
2022-11-19 13:15:03 : 142,800,000 : 0 : 19,622,189,650 : 62%
2022-11-19 13:37:09 : 142,900,000 : 0 : 19,635,428,225 : 62%
2022-11-19 13:57:48 : 143,000,000 : 0 : 19,648,666,800 : 62%
2022-11-19 14:17:39 : 143,100,000 : 0 : 19,661,905,375 : 62%
2022-11-19 14:36:21 : 143,200,000 : 0 : 19,675,012,875 : 62%
2022-11-19 14:54:29 : 143,300,000 : 0 : 19,688,251,450 : 63%
2022-11-19 15:11:57 : 143,400,000 : 0 : 19,701,358,950 : 63%
2022-11-19 15:28:41 : 143,500,000 : 0 : 19,714,597,525 : 63%
2022-11-19 15:45:09 : 143,600,000 : 0 : 19,727,705,025 : 63%
2022-11-19 16:01:11 : 143,700,000 : 0 : 19,754,182,175 : 63%
2022-11-19 16:17:17 : 143,800,000 : 0 : 19,767,158,600 : 63%
2022-11-19 16:33:20 : 143,900,000 : 0 : 19,780,397,175 : 63%
2022-11-19 16:49:11 : 144,000,000 : 0 : 19,793,373,600 : 63%
2022-11-19 17:04:49 : 144,100,000 : 0 : 19,806,612,175 : 63%
2022-11-19 17:20:29 : 144,200,000 : 0 : 19,819,588,600 : 63%
2022-11-19 17:35:55 : 144,300,000 : 0 : 19,832,696,100 : 63%
2022-11-19 17:51:13 : 144,400,000 : 0 : 19,845,803,600 : 63%
2022-11-19 18:06:31 : 144,500,000 : 0 : 19,858,780,025 : 63%
2022-11-19 18:21:48 : 144,600,000 : 0 : 19,871,756,450 : 63%
2022-11-19 18:36:58 : 144,700,000 : 0 : 19,884,732,875 : 63%
2022-11-19 18:52:26 : 144,800,000 : 0 : 19,897,709,300 : 63%
2022-11-19 19:07:54 : 144,900,000 : 0 : 19,910,685,725 : 63%
2022-11-19 19:23:31 : 145,000,000 : 0 : 19,923,531,075 : 63%
2022-11-19 19:38:54 : 145,100,000 : 0 : 19,936,245,350 : 63%
2022-11-19 19:54:17 : 145,200,000 : 0 : 19,949,221,775 : 63%
2022-11-19 20:09:57 : 145,300,000 : 0 : 19,961,936,050 : 63%
2022-11-19 20:25:30 : 145,400,000 : 0 : 19,974,650,325 : 63%
2022-11-19 20:40:51 : 145,500,000 : 0 : 19,987,364,600 : 63%
2022-11-19 20:56:13 : 145,600,000 : 0 : 20,000,209,950 : 64%
2022-11-19 21:12:00 : 145,700,000 : 0 : 20,013,055,300 : 64%
2022-11-19 21:27:51 : 145,800,000 : 0 : 20,025,900,650 : 64%
2022-11-19 21:43:54 : 145,900,000 : 0 : 20,038,614,925 : 64%
2022-11-19 21:59:59 : 146,000,000 : 0 : 20,064,043,475 : 64%
2022-11-19 22:16:25 : 146,100,000 : 0 : 20,076,888,825 : 64%
2022-11-19 22:33:08 : 146,200,000 : 0 : 20,089,734,175 : 64%
2022-11-19 22:49:45 : 146,300,000 : 0 : 20,102,579,525 : 64%
2022-11-19 23:06:32 : 146,400,000 : 0 : 20,115,424,875 : 64%
2022-11-19 23:23:17 : 146,500,000 : 0 : 20,128,139,150 : 64%
2022-11-19 23:40:08 : 146,600,000 : 0 : 20,140,853,425 : 64%
2022-11-19 23:57:16 : 146,700,000 : 0 : 20,153,567,700 : 64%
2022-11-20 00:14:37 : 146,800,000 : 0 : 20,166,281,975 : 64%
2022-11-20 00:32:00 : 146,900,000 : 0 : 20,178,996,250 : 64%
2022-11-20 00:49:24 : 147,000,000 : 0 : 20,191,448,375 : 64%
2022-11-20 01:06:58 : 147,100,000 : 0 : 20,204,031,575 : 64%
2022-11-20 01:24:44 : 147,200,000 : 0 : 20,216,483,700 : 64%
2022-11-20 01:42:11 : 147,300,000 : 0 : 20,228,804,750 : 64%
2022-11-20 01:59:28 : 147,400,000 : 0 : 20,241,256,875 : 64%
2022-11-20 02:17:24 : 147,500,000 : 0 : 20,253,577,925 : 64%
2022-11-20 02:35:52 : 147,600,000 : 0 : 20,266,030,050 : 64%
2022-11-20 02:54:12 : 147,700,000 : 0 : 20,278,482,175 : 64%
2022-11-20 03:12:53 : 147,800,000 : 0 : 20,290,803,225 : 64%
2022-11-20 03:31:31 : 147,900,000 : 0 : 20,303,124,275 : 64%
2022-11-20 03:50:42 : 148,000,000 : 0 : 20,315,183,175 : 65%
2022-11-20 04:10:13 : 148,100,000 : 0 : 20,327,504,225 : 65%
2022-11-20 04:30:34 : 148,200,000 : 0 : 20,339,694,200 : 65%
2022-11-20 04:51:39 : 148,300,000 : 0 : 20,352,146,325 : 65%
2022-11-20 05:13:25 : 148,400,000 : 0 : 20,364,467,375 : 65%
2022-11-20 05:36:28 : 148,500,000 : 0 : 20,389,371,625 : 65%
2022-11-20 06:01:07 : 148,600,000 : 0 : 20,401,954,825 : 65%
2022-11-20 06:27:10 : 148,700,000 : 0 : 20,414,406,950 : 65%
2022-11-20 06:54:17 : 148,800,000 : 0 : 20,427,121,225 : 65%
2022-11-20 07:23:03 : 148,900,000 : 0 : 20,439,835,500 : 65%
2022-11-20 07:52:59 : 149,000,000 : 0 : 20,452,680,850 : 65%
2022-11-20 08:23:59 : 149,100,000 : 0 : 20,465,526,200 : 65%
2022-11-20 08:55:07 : 149,200,000 : 0 : 20,478,240,475 : 65%
2022-11-20 09:26:30 : 149,300,000 : 0 : 20,491,216,900 : 65%
2022-11-20 09:58:33 : 149,400,000 : 0 : 20,504,062,250 : 65%
2022-11-20 10:30:47 : 149,500,000 : 0 : 20,517,038,675 : 65%
2022-11-20 11:02:16 : 149,600,000 : 0 : 20,529,884,025 : 65%
2022-11-20 11:32:34 : 149,700,000 : 0 : 20,542,860,450 : 65%
2022-11-20 12:01:32 : 149,800,000 : 0 : 20,555,705,800 : 65%
2022-11-20 12:28:18 : 149,900,000 : 0 : 20,568,682,225 : 65%
2022-11-20 12:53:16 : 150,000,000 : 0 : 20,581,789,725 : 65%
2022-11-20 13:16:05 : 150,100,000 : 0 : 20,594,635,075 : 65%
2022-11-20 13:37:46 : 150,200,000 : 0 : 20,607,611,500 : 65%
2022-11-20 13:57:51 : 150,300,000 : 0 : 20,620,456,850 : 66%
2022-11-20 14:16:40 : 150,400,000 : 0 : 20,633,433,275 : 66%
2022-11-20 14:34:31 : 150,500,000 : 0 : 20,646,278,625 : 66%
2022-11-20 14:51:38 : 150,600,000 : 0 : 20,659,123,975 : 66%
2022-11-20 15:08:26 : 150,700,000 : 0 : 20,672,100,400 : 66%
2022-11-20 15:25:06 : 150,800,000 : 0 : 20,698,577,550 : 66%
2022-11-20 15:41:26 : 150,900,000 : 0 : 20,711,816,125 : 66%
2022-11-20 15:57:24 : 151,000,000 : 0 : 20,724,530,400 : 66%
2022-11-20 16:12:29 : 151,100,000 : 0 : 20,737,244,675 : 66%
2022-11-20 16:27:25 : 151,200,000 : 0 : 20,750,221,100 : 66%
2022-11-20 16:42:51 : 151,300,000 : 0 : 20,763,197,525 : 66%
2022-11-20 16:57:55 : 151,400,000 : 0 : 20,776,173,950 : 66%
2022-11-20 17:12:49 : 151,500,000 : 0 : 20,789,281,450 : 66%
2022-11-20 17:27:44 : 151,600,000 : 0 : 20,802,388,950 : 66%
2022-11-20 17:42:41 : 151,700,000 : 0 : 20,815,496,450 : 66%
2022-11-20 17:57:23 : 151,800,000 : 0 : 20,828,735,025 : 66%
2022-11-20 18:11:58 : 151,900,000 : 0 : 20,841,580,375 : 66%
2022-11-20 18:26:20 : 152,000,000 : 0 : 20,854,425,725 : 66%
2022-11-20 18:40:35 : 152,100,000 : 0 : 20,867,271,075 : 66%
2022-11-20 18:54:54 : 152,200,000 : 0 : 20,880,116,425 : 66%
2022-11-20 19:09:09 : 152,300,000 : 0 : 20,892,961,775 : 66%
2022-11-20 19:23:35 : 152,400,000 : 0 : 20,905,676,050 : 66%
2022-11-20 19:38:10 : 152,500,000 : 0 : 20,918,652,475 : 66%
2022-11-20 19:52:46 : 152,600,000 : 0 : 20,931,497,825 : 66%
2022-11-20 20:07:07 : 152,700,000 : 0 : 20,944,212,100 : 67%
2022-11-20 20:21:29 : 152,800,000 : 0 : 20,956,795,300 : 67%
2022-11-20 20:35:50 : 152,900,000 : 0 : 20,969,509,575 : 67%
2022-11-20 20:50:12 : 153,000,000 : 0 : 20,982,092,775 : 67%
2022-11-20 21:04:21 : 153,100,000 : 0 : 20,994,675,975 : 67%
2022-11-20 21:18:37 : 153,200,000 : 0 : 21,020,235,600 : 67%
2022-11-20 21:33:40 : 153,300,000 : 0 : 21,033,080,950 : 67%
2022-11-20 21:49:04 : 153,400,000 : 0 : 21,046,057,375 : 67%
2022-11-20 22:04:41 : 153,500,000 : 0 : 21,059,164,875 : 67%
2022-11-20 22:20:28 : 153,600,000 : 0 : 21,072,141,300 : 67%
2022-11-20 22:36:17 : 153,700,000 : 0 : 21,084,986,650 : 67%
2022-11-20 22:52:06 : 153,800,000 : 0 : 21,097,832,000 : 67%
2022-11-20 23:07:54 : 153,900,000 : 0 : 21,110,677,350 : 67%
2022-11-20 23:23:52 : 154,000,000 : 0 : 21,123,522,700 : 67%
2022-11-20 23:39:46 : 154,100,000 : 0 : 21,136,236,975 : 67%
2022-11-20 23:55:58 : 154,200,000 : 0 : 21,149,082,325 : 67%
2022-11-21 00:12:36 : 154,300,000 : 0 : 21,161,796,600 : 67%
2022-11-21 00:29:04 : 154,400,000 : 0 : 21,174,641,950 : 67%
2022-11-21 00:45:59 : 154,500,000 : 0 : 21,187,356,225 : 67%
2022-11-21 01:03:09 : 154,600,000 : 0 : 21,200,201,575 : 67%
2022-11-21 01:20:36 : 154,700,000 : 0 : 21,213,046,925 : 67%
2022-11-21 01:38:01 : 154,800,000 : 0 : 21,225,761,200 : 67%
2022-11-21 01:55:06 : 154,900,000 : 0 : 21,238,475,475 : 67%
2022-11-21 02:12:11 : 155,000,000 : 0 : 21,251,189,750 : 68%
2022-11-21 02:29:35 : 155,100,000 : 0 : 21,263,904,025 : 68%
2022-11-21 02:47:07 : 155,200,000 : 0 : 21,276,618,300 : 68%
2022-11-21 03:05:08 : 155,300,000 : 0 : 21,289,332,575 : 68%
2022-11-21 03:23:31 : 155,400,000 : 0 : 21,302,046,850 : 68%
2022-11-21 03:42:34 : 155,500,000 : 0 : 21,314,892,200 : 68%
2022-11-21 04:01:51 : 155,600,000 : 0 : 21,340,189,675 : 68%
2022-11-21 04:21:21 : 155,700,000 : 0 : 21,352,903,950 : 68%
2022-11-21 04:41:54 : 155,800,000 : 0 : 21,365,749,300 : 68%
2022-11-21 05:03:47 : 155,900,000 : 0 : 21,378,725,725 : 68%
2022-11-21 05:27:01 : 156,000,000 : 0 : 21,391,702,150 : 68%
2022-11-21 05:51:48 : 156,100,000 : 0 : 21,404,678,575 : 68%
2022-11-21 06:18:05 : 156,200,000 : 0 : 21,417,786,075 : 68%
2022-11-21 06:45:14 : 156,300,000 : 0 : 21,430,631,425 : 68%
2022-11-21 07:13:54 : 156,400,000 : 0 : 21,443,738,925 : 68%
2022-11-21 07:43:57 : 156,500,000 : 0 : 21,456,977,500 : 68%
2022-11-21 08:15:02 : 156,600,000 : 0 : 21,470,216,075 : 68%
2022-11-21 08:47:23 : 156,700,000 : 0 : 21,483,585,725 : 68%
2022-11-21 09:21:12 : 156,800,000 : 0 : 21,496,824,300 : 68%
2022-11-21 09:54:56 : 156,900,000 : 0 : 21,510,193,950 : 68%
2022-11-21 10:28:07 : 157,000,000 : 0 : 21,523,301,450 : 68%
2022-11-21 10:59:53 : 157,100,000 : 0 : 21,536,540,025 : 68%
2022-11-21 11:29:40 : 157,200,000 : 0 : 21,549,778,600 : 68%
2022-11-21 11:57:14 : 157,300,000 : 0 : 21,562,886,100 : 68%
2022-11-21 12:22:10 : 157,400,000 : 0 : 21,576,124,675 : 69%
2022-11-21 12:45:55 : 157,500,000 : 0 : 21,589,494,325 : 69%
2022-11-21 13:08:06 : 157,600,000 : 0 : 21,602,732,900 : 69%
2022-11-21 13:28:36 : 157,700,000 : 0 : 21,615,971,475 : 69%
2022-11-21 13:47:52 : 157,800,000 : 0 : 21,642,186,475 : 69%
2022-11-21 14:06:01 : 157,900,000 : 0 : 21,655,556,125 : 69%
2022-11-21 14:23:35 : 158,000,000 : 0 : 21,668,925,775 : 69%
2022-11-21 14:40:24 : 158,100,000 : 0 : 21,682,295,425 : 69%
2022-11-21 14:56:50 : 158,200,000 : 0 : 21,695,665,075 : 69%
2022-11-21 15:12:51 : 158,300,000 : 0 : 21,709,034,725 : 69%
2022-11-21 15:28:25 : 158,400,000 : 0 : 21,722,666,525 : 69%
2022-11-21 15:43:46 : 158,500,000 : 0 : 21,736,167,250 : 69%
2022-11-21 15:58:56 : 158,600,000 : 0 : 21,749,799,050 : 69%
2022-11-21 16:14:11 : 158,700,000 : 0 : 21,763,168,700 : 69%
2022-11-21 16:29:12 : 158,800,000 : 0 : 21,776,669,425 : 69%
2022-11-21 16:44:12 : 158,900,000 : 0 : 21,790,301,225 : 69%
2022-11-21 16:58:58 : 159,000,000 : 0 : 21,803,933,025 : 69%
2022-11-21 17:13:42 : 159,100,000 : 0 : 21,817,433,750 : 69%
2022-11-21 17:28:14 : 159,200,000 : 0 : 21,830,934,475 : 69%
2022-11-21 17:42:30 : 159,300,000 : 0 : 21,844,435,200 : 69%
2022-11-21 17:56:44 : 159,400,000 : 0 : 21,857,804,850 : 69%
2022-11-21 18:11:03 : 159,500,000 : 0 : 21,871,305,575 : 69%
2022-11-21 18:25:21 : 159,600,000 : 0 : 21,884,806,300 : 70%
2022-11-21 18:39:51 : 159,700,000 : 0 : 21,898,307,025 : 70%
2022-11-21 18:54:08 : 159,800,000 : 0 : 21,925,308,475 : 70%
2022-11-21 19:08:38 : 159,900,000 : 0 : 21,938,547,050 : 70%
2022-11-21 19:23:09 : 160,000,000 : 0 : 21,951,654,550 : 70%
2022-11-21 19:37:20 : 160,100,000 : 0 : 21,964,630,975 : 70%
2022-11-21 19:51:23 : 160,200,000 : 0 : 21,977,869,550 : 70%
2022-11-21 20:05:35 : 160,300,000 : 0 : 21,991,239,200 : 70%
2022-11-21 20:20:07 : 160,400,000 : 0 : 22,004,477,775 : 70%
2022-11-21 20:34:25 : 160,500,000 : 0 : 22,017,585,275 : 70%
2022-11-21 20:48:24 : 160,600,000 : 0 : 22,030,561,700 : 70%
2022-11-21 21:02:30 : 160,700,000 : 0 : 22,043,538,125 : 70%
2022-11-21 21:16:23 : 160,800,000 : 0 : 22,056,776,700 : 70%
2022-11-21 21:32:08 : 160,900,000 : 0 : 22,070,277,425 : 70%
2022-11-21 21:47:05 : 161,000,000 : 0 : 22,083,516,000 : 70%
2022-11-21 22:02:17 : 161,100,000 : 0 : 22,096,885,650 : 70%
2022-11-21 22:17:46 : 161,200,000 : 0 : 22,110,255,300 : 70%
2022-11-21 22:33:35 : 161,300,000 : 0 : 22,123,624,950 : 70%
2022-11-21 22:49:37 : 161,400,000 : 0 : 22,136,863,525 : 70%
2022-11-21 23:05:59 : 161,500,000 : 0 : 22,150,233,175 : 70%
2022-11-21 23:22:32 : 161,600,000 : 0 : 22,163,602,825 : 70%
2022-11-21 23:39:01 : 161,700,000 : 0 : 22,176,841,400 : 70%
2022-11-21 23:55:39 : 161,800,000 : 0 : 22,190,211,050 : 70%
2022-11-22 00:12:23 : 161,900,000 : 0 : 22,203,449,625 : 71%
2022-11-22 00:29:17 : 162,000,000 : 0 : 22,229,926,775 : 71%
2022-11-22 00:46:30 : 162,100,000 : 0 : 22,243,034,275 : 71%
2022-11-22 01:03:37 : 162,200,000 : 0 : 22,256,010,700 : 71%
2022-11-22 01:20:11 : 162,300,000 : 0 : 22,268,856,050 : 71%
2022-11-22 01:36:46 : 162,400,000 : 0 : 22,281,570,325 : 71%
2022-11-22 01:53:09 : 162,500,000 : 0 : 22,294,284,600 : 71%
2022-11-22 02:09:19 : 162,600,000 : 0 : 22,306,998,875 : 71%
2022-11-22 02:25:41 : 162,700,000 : 0 : 22,319,844,225 : 71%
2022-11-22 02:42:25 : 162,800,000 : 0 : 22,332,558,500 : 71%
2022-11-22 02:59:17 : 162,900,000 : 0 : 22,345,272,775 : 71%
2022-11-22 03:16:37 : 163,000,000 : 0 : 22,358,118,125 : 71%
2022-11-22 03:34:28 : 163,100,000 : 0 : 22,370,832,400 : 71%
2022-11-22 03:52:53 : 163,200,000 : 0 : 22,383,677,750 : 71%
2022-11-22 04:12:04 : 163,300,000 : 0 : 22,396,523,100 : 71%
2022-11-22 04:32:25 : 163,400,000 : 0 : 22,409,499,525 : 71%
2022-11-22 04:54:13 : 163,500,000 : 0 : 22,422,607,025 : 71%
2022-11-22 05:16:46 : 163,600,000 : 0 : 22,435,452,375 : 71%
2022-11-22 05:40:00 : 163,700,000 : 0 : 22,448,428,800 : 71%
2022-11-22 06:04:26 : 163,800,000 : 0 : 22,461,405,225 : 71%
2022-11-22 06:30:20 : 163,900,000 : 0 : 22,474,512,725 : 71%
2022-11-22 06:57:18 : 164,000,000 : 0 : 22,487,489,150 : 71%
2022-11-22 07:25:06 : 164,100,000 : 0 : 22,500,465,575 : 71%
2022-11-22 07:54:04 : 164,200,000 : 0 : 22,513,442,000 : 72%
2022-11-22 08:24:04 : 164,300,000 : 0 : 22,539,657,000 : 72%
2022-11-22 08:55:06 : 164,400,000 : 0 : 22,552,633,425 : 72%
2022-11-22 09:26:32 : 164,500,000 : 0 : 22,565,740,925 : 72%
2022-11-22 09:58:24 : 164,600,000 : 0 : 22,578,717,350 : 72%
2022-11-22 10:29:28 : 164,700,000 : 0 : 22,591,431,625 : 72%
2022-11-22 10:58:29 : 164,800,000 : 0 : 22,604,276,975 : 72%
2022-11-22 11:25:25 : 164,900,000 : 0 : 22,617,122,325 : 72%
2022-11-22 11:51:21 : 165,000,000 : 0 : 22,629,836,600 : 72%
2022-11-22 12:14:17 : 165,100,000 : 0 : 22,642,681,950 : 72%
2022-11-22 12:35:58 : 165,200,000 : 0 : 22,655,789,450 : 72%
2022-11-22 12:57:00 : 165,300,000 : 0 : 22,668,896,950 : 72%
2022-11-22 13:17:10 : 165,400,000 : 0 : 22,682,266,600 : 72%
2022-11-22 13:36:38 : 165,500,000 : 0 : 22,695,636,250 : 72%
2022-11-22 13:55:01 : 165,600,000 : 0 : 22,709,136,975 : 72%
2022-11-22 14:12:33 : 165,700,000 : 0 : 22,722,637,700 : 72%
2022-11-22 14:29:24 : 165,800,000 : 0 : 22,736,138,425 : 72%
2022-11-22 14:45:37 : 165,900,000 : 0 : 22,749,639,150 : 72%
2022-11-22 15:01:38 : 166,000,000 : 0 : 22,763,139,875 : 72%
2022-11-22 15:17:10 : 166,100,000 : 0 : 22,776,771,675 : 72%
2022-11-22 15:32:29 : 166,200,000 : 0 : 22,790,403,475 : 72%
2022-11-22 15:47:38 : 166,300,000 : 0 : 22,804,035,275 : 72%
2022-11-22 16:02:30 : 166,400,000 : 0 : 22,817,667,075 : 72%
2022-11-22 16:17:28 : 166,500,000 : 0 : 22,831,167,800 : 73%
2022-11-22 16:32:01 : 166,600,000 : 0 : 22,858,169,250 : 73%
2022-11-22 16:46:32 : 166,700,000 : 0 : 22,871,801,050 : 73%
2022-11-22 17:00:50 : 166,800,000 : 0 : 22,885,301,775 : 73%
2022-11-22 17:15:17 : 166,900,000 : 0 : 22,898,671,425 : 73%
2022-11-22 17:29:23 : 167,000,000 : 0 : 22,912,172,150 : 73%
2022-11-22 17:43:24 : 167,100,000 : 0 : 22,925,541,800 : 73%
2022-11-22 17:57:23 : 167,200,000 : 0 : 22,939,042,525 : 73%
2022-11-22 18:11:16 : 167,300,000 : 0 : 22,952,412,175 : 73%
2022-11-22 18:25:13 : 167,400,000 : 0 : 22,965,912,900 : 73%
2022-11-22 18:39:25 : 167,500,000 : 0 : 22,979,544,700 : 73%
2022-11-22 18:53:25 : 167,600,000 : 0 : 22,993,045,425 : 73%
2022-11-22 19:07:40 : 167,700,000 : 0 : 23,006,284,000 : 73%
2022-11-22 19:21:54 : 167,800,000 : 0 : 23,019,653,650 : 73%
2022-11-22 19:36:16 : 167,900,000 : 0 : 23,032,892,225 : 73%
2022-11-22 19:50:30 : 168,000,000 : 0 : 23,046,130,800 : 73%
2022-11-22 20:04:46 : 168,100,000 : 0 : 23,059,500,450 : 73%
2022-11-22 20:19:17 : 168,200,000 : 0 : 23,073,001,175 : 73%
2022-11-22 20:33:43 : 168,300,000 : 0 : 23,086,239,750 : 73%
Decoding error with 134,217,728 bytes, reading another chunk
2022-11-22 20:47:58 : 168,400,000 : 0 : 23,112,979,050 : 73%
2022-11-22 21:02:14 : 168,500,000 : 0 : 23,112,979,050 : 73%
2022-11-22 21:16:36 : 168,600,000 : 0 : 23,126,217,625 : 73%
2022-11-22 21:31:20 : 168,700,000 : 0 : 23,152,956,925 : 74%
2022-11-22 21:46:11 : 168,800,000 : 0 : 23,166,326,575 : 74%
2022-11-22 22:01:25 : 168,900,000 : 0 : 23,179,696,225 : 74%
2022-11-22 22:17:00 : 169,000,000 : 0 : 23,192,934,800 : 74%
2022-11-22 22:32:50 : 169,100,000 : 0 : 23,206,304,450 : 74%
2022-11-22 22:48:46 : 169,200,000 : 0 : 23,219,543,025 : 74%
2022-11-22 23:04:56 : 169,300,000 : 0 : 23,232,781,600 : 74%
2022-11-22 23:21:21 : 169,400,000 : 0 : 23,246,020,175 : 74%
2022-11-22 23:37:56 : 169,500,000 : 0 : 23,259,389,825 : 74%
2022-11-22 23:54:46 : 169,600,000 : 0 : 23,272,628,400 : 74%
2022-11-23 00:11:55 : 169,700,000 : 0 : 23,285,735,900 : 74%
2022-11-23 00:28:55 : 169,800,000 : 0 : 23,298,974,475 : 74%
2022-11-23 00:46:12 : 169,900,000 : 0 : 23,312,081,975 : 74%
2022-11-23 01:03:51 : 170,000,000 : 0 : 23,325,189,475 : 74%
2022-11-23 01:21:30 : 170,100,000 : 0 : 23,338,165,900 : 74%
2022-11-23 01:39:11 : 170,200,000 : 0 : 23,351,142,325 : 74%
2022-11-23 01:56:49 : 170,300,000 : 0 : 23,364,249,825 : 74%
2022-11-23 02:14:14 : 170,400,000 : 0 : 23,377,226,250 : 74%
2022-11-23 02:31:47 : 170,500,000 : 0 : 23,390,071,600 : 74%
2022-11-23 02:49:32 : 170,600,000 : 0 : 23,402,916,950 : 74%
2022-11-23 03:07:49 : 170,700,000 : 0 : 23,416,024,450 : 74%
2022-11-23 03:26:28 : 170,800,000 : 0 : 23,428,869,800 : 74%
2022-11-23 03:45:32 : 170,900,000 : 0 : 23,454,822,650 : 75%
2022-11-23 04:04:54 : 171,000,000 : 0 : 23,467,799,075 : 75%
2022-11-23 04:25:07 : 171,100,000 : 0 : 23,480,775,500 : 75%
2022-11-23 04:46:01 : 171,200,000 : 0 : 23,493,751,925 : 75%
2022-11-23 05:07:45 : 171,300,000 : 0 : 23,506,597,275 : 75%
2022-11-23 05:29:58 : 171,400,000 : 0 : 23,519,573,700 : 75%
2022-11-23 05:53:32 : 171,500,000 : 0 : 23,532,550,125 : 75%
2022-11-23 06:18:38 : 171,600,000 : 0 : 23,545,657,625 : 75%
2022-11-23 06:44:47 : 171,700,000 : 0 : 23,558,896,200 : 75%
2022-11-23 07:12:13 : 171,800,000 : 0 : 23,572,003,700 : 75%
2022-11-23 07:40:56 : 171,900,000 : 0 : 23,585,242,275 : 75%
2022-11-23 08:10:36 : 172,000,000 : 0 : 23,598,611,925 : 75%
2022-11-23 08:41:34 : 172,100,000 : 0 : 23,612,112,650 : 75%
2022-11-23 09:13:58 : 172,200,000 : 0 : 23,625,351,225 : 75%
2022-11-23 09:46:36 : 172,300,000 : 0 : 23,638,720,875 : 75%
2022-11-23 10:18:39 : 172,400,000 : 0 : 23,652,090,525 : 75%
2022-11-23 10:49:42 : 172,500,000 : 0 : 23,665,329,100 : 75%
2022-11-23 11:19:02 : 172,600,000 : 0 : 23,678,698,750 : 75%
2022-11-23 11:46:42 : 172,700,000 : 0 : 23,692,068,400 : 75%
2022-11-23 12:11:48 : 172,800,000 : 0 : 23,705,306,975 : 75%
2022-11-23 12:35:30 : 172,900,000 : 0 : 23,718,807,700 : 75%
2022-11-23 12:57:12 : 173,000,000 : 0 : 23,732,308,425 : 75%
2022-11-23 13:17:44 : 173,100,000 : 0 : 23,745,678,075 : 75%
2022-11-23 13:37:01 : 173,200,000 : 0 : 23,772,286,300 : 76%
2022-11-23 13:55:07 : 173,300,000 : 0 : 23,785,787,025 : 76%
2022-11-23 14:12:17 : 173,400,000 : 0 : 23,799,156,675 : 76%
2022-11-23 14:28:55 : 173,500,000 : 0 : 23,812,395,250 : 76%
2022-11-23 14:44:44 : 173,600,000 : 0 : 23,825,502,750 : 76%
2022-11-23 14:59:58 : 173,700,000 : 0 : 23,838,741,325 : 76%
2022-11-23 15:14:51 : 173,800,000 : 0 : 23,852,373,125 : 76%
2022-11-23 15:29:33 : 173,900,000 : 0 : 23,865,873,850 : 76%
2022-11-23 15:44:10 : 174,000,000 : 0 : 23,879,374,575 : 76%
2022-11-23 15:58:40 : 174,100,000 : 0 : 23,892,875,300 : 76%
Decoding error with 134,217,728 bytes, reading another chunk
2022-11-23 16:12:56 : 174,200,000 : 0 : 23,919,876,750 : 76%
2022-11-23 16:27:24 : 174,300,000 : 0 : 23,919,876,750 : 76%
2022-11-23 16:41:46 : 174,400,000 : 0 : 23,933,246,400 : 76%
2022-11-23 16:55:54 : 174,500,000 : 0 : 23,946,747,125 : 76%
2022-11-23 17:10:09 : 174,600,000 : 0 : 23,960,247,850 : 76%
2022-11-23 17:24:28 : 174,700,000 : 0 : 23,973,748,575 : 76%
2022-11-23 17:38:37 : 174,800,000 : 0 : 23,987,249,300 : 76%
2022-11-23 17:52:41 : 174,900,000 : 0 : 24,000,618,950 : 76%
2022-11-23 18:06:39 : 175,000,000 : 0 : 24,013,988,600 : 76%
2022-11-23 18:20:49 : 175,100,000 : 0 : 24,027,358,250 : 76%
2022-11-23 18:34:56 : 175,200,000 : 0 : 24,040,858,975 : 76%
2022-11-23 18:49:14 : 175,300,000 : 0 : 24,067,729,350 : 76%
2022-11-23 19:03:34 : 175,400,000 : 0 : 24,080,967,925 : 76%
2022-11-23 19:17:54 : 175,500,000 : 0 : 24,094,337,575 : 77%
2022-11-23 19:32:25 : 175,600,000 : 0 : 24,107,576,150 : 77%
2022-11-23 19:46:41 : 175,700,000 : 0 : 24,120,683,650 : 77%
2022-11-23 20:00:56 : 175,800,000 : 0 : 24,133,922,225 : 77%
2022-11-23 20:15:25 : 175,900,000 : 0 : 24,147,160,800 : 77%
2022-11-23 20:29:56 : 176,000,000 : 0 : 24,160,268,300 : 77%
2022-11-23 20:44:27 : 176,100,000 : 0 : 24,173,375,800 : 77%
2022-11-23 20:58:59 : 176,200,000 : 0 : 24,186,614,375 : 77%
2022-11-23 21:13:44 : 176,300,000 : 0 : 24,199,852,950 : 77%
2022-11-23 21:28:39 : 176,400,000 : 0 : 24,213,091,525 : 77%
2022-11-23 21:43:36 : 176,500,000 : 0 : 24,226,199,025 : 77%
2022-11-23 21:58:57 : 176,600,000 : 0 : 24,239,568,675 : 77%
2022-11-23 22:14:43 : 176,700,000 : 0 : 24,252,676,175 : 77%
2022-11-23 22:30:42 : 176,800,000 : 0 : 24,265,783,675 : 77%
2022-11-23 22:46:43 : 176,900,000 : 0 : 24,278,891,175 : 77%
2022-11-23 23:02:53 : 177,000,000 : 0 : 24,292,129,750 : 77%
2022-11-23 23:19:34 : 177,100,000 : 0 : 24,305,237,250 : 77%
2022-11-23 23:36:12 : 177,200,000 : 0 : 24,318,475,825 : 77%
2022-11-23 23:53:03 : 177,300,000 : 0 : 24,331,452,250 : 77%
2022-11-24 00:10:06 : 177,400,000 : 0 : 24,344,428,675 : 77%
2022-11-24 00:27:07 : 177,500,000 : 0 : 24,357,405,100 : 77%
2022-11-24 00:44:30 : 177,600,000 : 0 : 24,383,226,875 : 77%
2022-11-24 01:02:04 : 177,700,000 : 0 : 24,396,072,225 : 77%
2022-11-24 01:19:49 : 177,800,000 : 0 : 24,408,786,500 : 78%
2022-11-24 01:37:29 : 177,900,000 : 0 : 24,421,500,775 : 78%
2022-11-24 01:55:03 : 178,000,000 : 0 : 24,434,215,050 : 78%
2022-11-24 02:12:25 : 178,100,000 : 0 : 24,446,798,250 : 78%
2022-11-24 02:30:07 : 178,200,000 : 0 : 24,459,381,450 : 78%
2022-11-24 02:48:10 : 178,300,000 : 0 : 24,472,095,725 : 78%
2022-11-24 03:06:41 : 178,400,000 : 0 : 24,484,941,075 : 78%
2022-11-24 03:25:55 : 178,500,000 : 0 : 24,497,786,425 : 78%
2022-11-24 03:45:25 : 178,600,000 : 0 : 24,510,631,775 : 78%
2022-11-24 04:05:27 : 178,700,000 : 0 : 24,523,346,050 : 78%
2022-11-24 04:26:05 : 178,800,000 : 0 : 24,536,322,475 : 78%
2022-11-24 04:47:22 : 178,900,000 : 0 : 24,549,036,750 : 78%
2022-11-24 05:09:11 : 179,000,000 : 0 : 24,561,882,100 : 78%
2022-11-24 05:31:43 : 179,100,000 : 0 : 24,574,596,375 : 78%
Decoding error with 134,217,728 bytes, reading another chunk
2022-11-24 05:55:04 : 179,200,000 : 0 : 24,600,418,150 : 78%
2022-11-24 06:19:52 : 179,300,000 : 0 : 24,600,418,150 : 78%
2022-11-24 06:45:27 : 179,400,000 : 0 : 24,613,394,575 : 78%
2022-11-24 07:11:52 : 179,500,000 : 0 : 24,626,502,075 : 78%
2022-11-24 07:39:26 : 179,600,000 : 0 : 24,639,478,500 : 78%
2022-11-24 08:08:05 : 179,700,000 : 0 : 24,652,586,000 : 78%
2022-11-24 08:37:54 : 179,800,000 : 0 : 24,665,824,575 : 78%
2022-11-24 09:08:46 : 179,900,000 : 0 : 24,678,932,075 : 78%
2022-11-24 09:41:01 : 180,000,000 : 0 : 24,692,301,725 : 78%
2022-11-24 10:13:51 : 180,100,000 : 0 : 24,718,909,950 : 79%
2022-11-24 10:46:22 : 180,200,000 : 0 : 24,732,017,450 : 79%
2022-11-24 11:17:31 : 180,300,000 : 0 : 24,745,256,025 : 79%
2022-11-24 11:47:26 : 180,400,000 : 0 : 24,758,625,675 : 79%
2022-11-24 12:15:14 : 180,500,000 : 0 : 24,771,864,250 : 79%
2022-11-24 12:40:25 : 180,600,000 : 0 : 24,785,233,900 : 79%
2022-11-24 13:03:42 : 180,700,000 : 0 : 24,798,472,475 : 79%
2022-11-24 13:25:47 : 180,800,000 : 0 : 24,811,711,050 : 79%
2022-11-24 13:46:21 : 180,900,000 : 0 : 24,825,080,700 : 79%
2022-11-24 14:05:47 : 181,000,000 : 0 : 24,838,450,350 : 79%
2022-11-24 14:24:36 : 181,100,000 : 0 : 24,851,820,000 : 79%
2022-11-24 14:42:40 : 181,200,000 : 0 : 24,865,189,650 : 79%
2022-11-24 14:59:56 : 181,300,000 : 0 : 24,878,559,300 : 79%
2022-11-24 15:16:52 : 181,400,000 : 0 : 24,891,928,950 : 79%
2022-11-24 15:33:07 : 181,500,000 : 0 : 24,905,298,600 : 79%
2022-11-24 15:49:09 : 181,600,000 : 0 : 24,918,668,250 : 79%
2022-11-24 16:04:59 : 181,700,000 : 0 : 24,932,037,900 : 79%
2022-11-24 16:20:44 : 181,800,000 : 0 : 24,945,276,475 : 79%
2022-11-24 16:36:17 : 181,900,000 : 0 : 24,958,646,125 : 79%
2022-11-24 16:51:36 : 182,000,000 : 0 : 24,971,884,700 : 79%
2022-11-24 17:06:57 : 182,100,000 : 0 : 24,985,123,275 : 79%
2022-11-24 17:22:23 : 182,200,000 : 0 : 24,998,230,775 : 79%
2022-11-24 17:37:04 : 182,300,000 : 0 : 25,011,076,125 : 79%
2022-11-24 17:52:01 : 182,400,000 : 0 : 25,036,897,900 : 80%
2022-11-24 18:07:10 : 182,500,000 : 0 : 25,049,874,325 : 80%
2022-11-24 18:22:35 : 182,600,000 : 0 : 25,063,112,900 : 80%
2022-11-24 18:38:27 : 182,700,000 : 0 : 25,076,089,325 : 80%
2022-11-24 18:54:03 : 182,800,000 : 0 : 25,089,196,825 : 80%
2022-11-24 19:10:21 : 182,900,000 : 0 : 25,102,304,325 : 80%
2022-11-24 19:26:58 : 183,000,000 : 0 : 25,115,018,600 : 80%
2022-11-24 19:43:20 : 183,100,000 : 0 : 25,127,863,950 : 80%
2022-11-24 19:59:14 : 183,200,000 : 0 : 25,140,709,300 : 80%
2022-11-24 20:15:40 : 183,300,000 : 0 : 25,153,423,575 : 80%
2022-11-24 20:32:02 : 183,400,000 : 0 : 25,166,006,775 : 80%
2022-11-24 20:47:55 : 183,500,000 : 0 : 25,178,589,975 : 80%
2022-11-24 21:03:58 : 183,600,000 : 0 : 25,191,435,325 : 80%
2022-11-24 21:20:52 : 183,700,000 : 0 : 25,204,411,750 : 80%
2022-11-24 21:38:11 : 183,800,000 : 0 : 25,217,388,175 : 80%
2022-11-24 21:55:37 : 183,900,000 : 0 : 25,230,102,450 : 80%
2022-11-24 22:13:13 : 184,000,000 : 0 : 25,242,947,800 : 80%
2022-11-24 22:31:04 : 184,100,000 : 0 : 25,255,793,150 : 80%
2022-11-24 22:49:29 : 184,200,000 : 0 : 25,268,638,500 : 80%
2022-11-24 23:07:32 : 184,300,000 : 0 : 25,281,483,850 : 80%
2022-11-24 23:26:00 : 184,400,000 : 0 : 25,294,329,200 : 80%
2022-11-24 23:44:41 : 184,500,000 : 0 : 25,307,174,550 : 80%
2022-11-25 00:03:29 : 184,600,000 : 0 : 25,319,888,825 : 80%
2022-11-25 00:22:37 : 184,700,000 : 0 : 25,332,603,100 : 80%
2022-11-25 00:41:50 : 184,800,000 : 0 : 25,345,317,375 : 81%
2022-11-25 01:01:42 : 184,900,000 : 0 : 25,358,162,725 : 81%
2022-11-25 01:21:52 : 185,000,000 : 0 : 25,383,460,200 : 81%
2022-11-25 01:41:49 : 185,100,000 : 0 : 25,396,174,475 : 81%
2022-11-25 02:01:17 : 185,200,000 : 0 : 25,408,888,750 : 81%
2022-11-25 02:21:13 : 185,300,000 : 0 : 25,421,471,950 : 81%
2022-11-25 02:41:00 : 185,400,000 : 0 : 25,434,186,225 : 81%
2022-11-25 03:01:17 : 185,500,000 : 0 : 25,446,638,350 : 81%
2022-11-25 03:21:02 : 185,600,000 : 0 : 25,459,090,475 : 81%
2022-11-25 03:40:16 : 185,700,000 : 0 : 25,471,411,525 : 81%
2022-11-25 03:59:53 : 185,800,000 : 0 : 25,483,732,575 : 81%
2022-11-25 04:20:13 : 185,900,000 : 0 : 25,496,184,700 : 81%
2022-11-25 04:41:17 : 186,000,000 : 0 : 25,509,030,050 : 81%
2022-11-25 05:04:20 : 186,100,000 : 0 : 25,521,744,325 : 81%
2022-11-25 05:28:27 : 186,200,000 : 0 : 25,534,720,750 : 81%
2022-11-25 05:53:26 : 186,300,000 : 0 : 25,547,697,175 : 81%
2022-11-25 06:19:29 : 186,400,000 : 0 : 25,560,542,525 : 81%
2022-11-25 06:46:27 : 186,500,000 : 0 : 25,573,650,025 : 81%
2022-11-25 07:15:07 : 186,600,000 : 0 : 25,586,757,525 : 81%
2022-11-25 07:45:07 : 186,700,000 : 0 : 25,599,865,025 : 81%
2022-11-25 08:15:43 : 186,800,000 : 0 : 25,613,234,675 : 81%
2022-11-25 08:47:57 : 186,900,000 : 0 : 25,626,604,325 : 81%
2022-11-25 09:20:53 : 187,000,000 : 0 : 25,639,973,975 : 81%
2022-11-25 09:54:18 : 187,100,000 : 0 : 25,653,343,625 : 81%
2022-11-25 10:28:10 : 187,200,000 : 0 : 25,666,582,200 : 82%
2022-11-25 11:01:10 : 187,300,000 : 0 : 25,679,951,850 : 82%
2022-11-25 11:33:11 : 187,400,000 : 0 : 25,706,297,925 : 82%
2022-11-25 12:02:13 : 187,500,000 : 0 : 25,719,274,350 : 82%
2022-11-25 12:29:03 : 187,600,000 : 0 : 25,732,512,925 : 82%
2022-11-25 12:54:35 : 187,700,000 : 0 : 25,745,751,500 : 82%
2022-11-25 13:18:16 : 187,800,000 : 0 : 25,758,990,075 : 82%
2022-11-25 13:40:23 : 187,900,000 : 0 : 25,772,228,650 : 82%
2022-11-25 14:00:56 : 188,000,000 : 0 : 25,785,598,300 : 82%
2022-11-25 14:20:34 : 188,100,000 : 0 : 25,798,836,875 : 82%
2022-11-25 14:39:36 : 188,200,000 : 0 : 25,812,206,525 : 82%
2022-11-25 14:58:07 : 188,300,000 : 0 : 25,825,576,175 : 82%
2022-11-25 15:16:03 : 188,400,000 : 0 : 25,838,945,825 : 82%
2022-11-25 15:33:26 : 188,500,000 : 0 : 25,852,315,475 : 82%
2022-11-25 15:50:35 : 188,600,000 : 0 : 25,865,816,200 : 82%
2022-11-25 16:07:22 : 188,700,000 : 0 : 25,879,185,850 : 82%
2022-11-25 16:24:03 : 188,800,000 : 0 : 25,892,424,425 : 82%
2022-11-25 16:40:43 : 188,900,000 : 0 : 25,905,794,075 : 82%
2022-11-25 16:56:41 : 189,000,000 : 0 : 25,918,901,575 : 82%
2022-11-25 17:12:38 : 189,100,000 : 0 : 25,932,271,225 : 82%
2022-11-25 17:28:37 : 189,200,000 : 0 : 25,945,509,800 : 82%
2022-11-25 17:44:39 : 189,300,000 : 0 : 25,958,748,375 : 82%
2022-11-25 18:00:37 : 189,400,000 : 0 : 25,971,986,950 : 83%
2022-11-25 18:16:41 : 189,500,000 : 0 : 25,985,094,450 : 83%
2022-11-25 18:32:50 : 189,600,000 : 0 : 26,011,440,525 : 83%
2022-11-25 18:48:40 : 189,700,000 : 0 : 26,024,285,875 : 83%
2022-11-25 19:04:34 : 189,800,000 : 0 : 26,037,262,300 : 83%
2022-11-25 19:21:10 : 189,900,000 : 0 : 26,050,107,650 : 83%
2022-11-25 19:37:15 : 190,000,000 : 0 : 26,062,821,925 : 83%
2022-11-25 19:52:54 : 190,100,000 : 0 : 26,075,667,275 : 83%
2022-11-25 20:08:29 : 190,200,000 : 0 : 26,088,381,550 : 83%
2022-11-25 20:24:28 : 190,300,000 : 0 : 26,101,095,825 : 83%
2022-11-25 20:40:35 : 190,400,000 : 0 : 26,113,810,100 : 83%
2022-11-25 20:56:08 : 190,500,000 : 0 : 26,126,262,225 : 83%
2022-11-25 21:11:36 : 190,600,000 : 0 : 26,139,107,575 : 83%
2022-11-25 21:27:45 : 190,700,000 : 0 : 26,152,084,000 : 83%
2022-11-25 21:44:13 : 190,800,000 : 0 : 26,164,929,350 : 83%
2022-11-25 22:01:00 : 190,900,000 : 0 : 26,177,905,775 : 83%
2022-11-25 22:18:11 : 191,000,000 : 0 : 26,190,882,200 : 83%
2022-11-25 22:35:52 : 191,100,000 : 0 : 26,203,858,625 : 83%
2022-11-25 22:53:20 : 191,200,000 : 0 : 26,216,835,050 : 83%
2022-11-25 23:10:58 : 191,300,000 : 0 : 26,229,680,400 : 83%
2022-11-25 23:28:51 : 191,400,000 : 0 : 26,242,656,825 : 83%
2022-11-25 23:46:30 : 191,500,000 : 0 : 26,255,633,250 : 83%
2022-11-26 00:04:24 : 191,600,000 : 0 : 26,268,347,525 : 83%
2022-11-26 00:22:36 : 191,700,000 : 0 : 26,281,061,800 : 83%
2022-11-26 00:41:04 : 191,800,000 : 0 : 26,293,907,150 : 84%
2022-11-26 01:00:04 : 191,900,000 : 0 : 26,306,752,500 : 84%
2022-11-26 01:19:22 : 192,000,000 : 0 : 26,332,312,125 : 84%
2022-11-26 01:38:35 : 192,100,000 : 0 : 26,345,026,400 : 84%
2022-11-26 01:57:49 : 192,200,000 : 0 : 26,357,740,675 : 84%
2022-11-26 02:17:11 : 192,300,000 : 0 : 26,370,454,950 : 84%
2022-11-26 02:36:55 : 192,400,000 : 0 : 26,383,038,150 : 84%
2022-11-26 02:56:23 : 192,500,000 : 0 : 26,395,621,350 : 84%
2022-11-26 03:16:10 : 192,600,000 : 0 : 26,408,204,550 : 84%
2022-11-26 03:35:51 : 192,700,000 : 0 : 26,420,787,750 : 84%
2022-11-26 03:55:56 : 192,800,000 : 0 : 26,433,370,950 : 84%
2022-11-26 04:16:52 : 192,900,000 : 0 : 26,445,954,150 : 84%
2022-11-26 04:38:02 : 193,000,000 : 0 : 26,458,406,275 : 84%
2022-11-26 05:00:16 : 193,100,000 : 0 : 26,471,120,550 : 84%
2022-11-26 05:23:48 : 193,200,000 : 0 : 26,483,834,825 : 84%
2022-11-26 05:48:14 : 193,300,000 : 0 : 26,496,418,025 : 84%
2022-11-26 06:14:26 : 193,400,000 : 0 : 26,509,263,375 : 84%
2022-11-26 06:41:56 : 193,500,000 : 0 : 26,522,108,725 : 84%
2022-11-26 07:10:51 : 193,600,000 : 0 : 26,534,954,075 : 84%
2022-11-26 07:41:18 : 193,700,000 : 0 : 26,547,799,425 : 84%
2022-11-26 08:11:51 : 193,800,000 : 0 : 26,560,513,700 : 84%
2022-11-26 08:42:40 : 193,900,000 : 0 : 26,573,359,050 : 84%
2022-11-26 09:15:08 : 194,000,000 : 0 : 26,586,335,475 : 84%
2022-11-26 09:47:59 : 194,100,000 : 0 : 26,599,180,825 : 84%
2022-11-26 10:20:32 : 194,200,000 : 0 : 26,612,026,175 : 85%
2022-11-26 10:53:02 : 194,300,000 : 0 : 26,624,871,525 : 85%
2022-11-26 11:25:06 : 194,400,000 : 0 : 26,650,693,300 : 85%
2022-11-26 11:55:55 : 194,500,000 : 0 : 26,663,669,725 : 85%
2022-11-26 12:24:34 : 194,600,000 : 0 : 26,676,646,150 : 85%
2022-11-26 12:50:56 : 194,700,000 : 0 : 26,689,622,575 : 85%
2022-11-26 13:15:41 : 194,800,000 : 0 : 26,702,730,075 : 85%
2022-11-26 13:38:24 : 194,900,000 : 0 : 26,715,575,425 : 85%
2022-11-26 13:59:52 : 195,000,000 : 0 : 26,728,814,000 : 85%
2022-11-26 14:20:25 : 195,100,000 : 0 : 26,742,052,575 : 85%
2022-11-26 14:39:42 : 195,200,000 : 0 : 26,755,160,075 : 85%
2022-11-26 14:58:12 : 195,300,000 : 0 : 26,768,398,650 : 85%
2022-11-26 15:16:09 : 195,400,000 : 0 : 26,781,768,300 : 85%
2022-11-26 15:33:44 : 195,500,000 : 0 : 26,795,006,875 : 85%
2022-11-26 15:50:40 : 195,600,000 : 0 : 26,808,376,525 : 85%
2022-11-26 16:07:20 : 195,700,000 : 0 : 26,821,746,175 : 85%
2022-11-26 16:23:55 : 195,800,000 : 0 : 26,834,984,750 : 85%
2022-11-26 16:40:13 : 195,900,000 : 0 : 26,848,223,325 : 85%
2022-11-26 16:56:14 : 196,000,000 : 0 : 26,861,461,900 : 85%
2022-11-26 17:12:09 : 196,100,000 : 0 : 26,874,700,475 : 85%
2022-11-26 17:27:57 : 196,200,000 : 0 : 26,887,676,900 : 85%
2022-11-26 17:43:26 : 196,300,000 : 0 : 26,900,784,400 : 85%
2022-11-26 17:58:49 : 196,400,000 : 0 : 26,913,760,825 : 85%
2022-11-26 18:14:08 : 196,500,000 : 0 : 26,926,868,325 : 86%
2022-11-26 18:29:19 : 196,600,000 : 0 : 26,939,713,675 : 86%
2022-11-26 18:44:32 : 196,700,000 : 0 : 26,965,404,375 : 86%
2022-11-26 18:59:50 : 196,800,000 : 0 : 26,978,380,800 : 86%
2022-11-26 19:15:40 : 196,900,000 : 0 : 26,991,226,150 : 86%
2022-11-26 19:31:20 : 197,000,000 : 0 : 27,003,940,425 : 86%
2022-11-26 19:46:53 : 197,100,000 : 0 : 27,016,654,700 : 86%
2022-11-26 20:02:11 : 197,200,000 : 0 : 27,029,368,975 : 86%
2022-11-26 20:17:35 : 197,300,000 : 0 : 27,041,821,100 : 86%
2022-11-26 20:32:42 : 197,400,000 : 0 : 27,054,273,225 : 86%
2022-11-26 20:47:39 : 197,500,000 : 0 : 27,066,332,125 : 86%
2022-11-26 21:02:26 : 197,600,000 : 0 : 27,079,177,475 : 86%
2022-11-26 21:18:17 : 197,700,000 : 0 : 27,092,022,825 : 86%
2022-11-26 21:34:42 : 197,800,000 : 0 : 27,104,999,250 : 86%
2022-11-26 21:50:56 : 197,900,000 : 0 : 27,117,975,675 : 86%
2022-11-26 22:07:43 : 198,000,000 : 0 : 27,130,952,100 : 86%
2022-11-26 22:24:43 : 198,100,000 : 0 : 27,143,928,525 : 86%
2022-11-26 22:41:50 : 198,200,000 : 0 : 27,157,036,025 : 86%
2022-11-26 22:58:46 : 198,300,000 : 0 : 27,169,881,375 : 86%
2022-11-26 23:15:44 : 198,400,000 : 0 : 27,182,857,800 : 86%
2022-11-26 23:32:59 : 198,500,000 : 0 : 27,195,834,225 : 86%
2022-11-26 23:50:14 : 198,600,000 : 0 : 27,208,679,575 : 86%
2022-11-27 00:07:32 : 198,700,000 : 0 : 27,221,524,925 : 86%
2022-11-27 00:25:00 : 198,800,000 : 0 : 27,247,084,550 : 87%
2022-11-27 00:42:34 : 198,900,000 : 0 : 27,259,929,900 : 87%
2022-11-27 01:00:23 : 199,000,000 : 0 : 27,272,775,250 : 87%
2022-11-27 01:18:22 : 199,100,000 : 0 : 27,285,489,525 : 87%
2022-11-27 01:36:13 : 199,200,000 : 0 : 27,298,203,800 : 87%
2022-11-27 01:53:53 : 199,300,000 : 0 : 27,310,787,000 : 87%
2022-11-27 02:11:41 : 199,400,000 : 0 : 27,323,501,275 : 87%
2022-11-27 02:30:00 : 199,500,000 : 0 : 27,336,084,475 : 87%
2022-11-27 02:48:04 : 199,600,000 : 0 : 27,348,536,600 : 87%
2022-11-27 03:06:13 : 199,700,000 : 0 : 27,360,988,725 : 87%
2022-11-27 03:24:41 : 199,800,000 : 0 : 27,373,440,850 : 87%
2022-11-27 03:43:15 : 199,900,000 : 0 : 27,385,761,900 : 87%
2022-11-27 04:02:14 : 200,000,000 : 0 : 27,398,345,100 : 87%
2022-11-27 04:21:50 : 200,100,000 : 0 : 27,410,797,225 : 87%
2022-11-27 04:42:15 : 200,200,000 : 0 : 27,423,380,425 : 87%
2022-11-27 05:03:40 : 200,300,000 : 0 : 27,436,094,700 : 87%
2022-11-27 05:26:10 : 200,400,000 : 0 : 27,448,808,975 : 87%
2022-11-27 05:49:48 : 200,500,000 : 0 : 27,461,654,325 : 87%
2022-11-27 06:14:59 : 200,600,000 : 0 : 27,474,368,600 : 87%
2022-11-27 06:41:34 : 200,700,000 : 0 : 27,486,951,800 : 87%
2022-11-27 07:09:32 : 200,800,000 : 0 : 27,499,666,075 : 87%
2022-11-27 07:39:11 : 200,900,000 : 0 : 27,512,511,425 : 87%
2022-11-27 08:09:58 : 201,000,000 : 0 : 27,525,487,850 : 87%
2022-11-27 08:41:53 : 201,100,000 : 0 : 27,538,595,350 : 87%
2022-11-27 09:14:05 : 201,200,000 : 0 : 27,564,679,275 : 88%
2022-11-27 09:46:19 : 201,300,000 : 0 : 27,577,655,700 : 88%
2022-11-27 10:18:31 : 201,400,000 : 0 : 27,590,632,125 : 88%
2022-11-27 10:50:35 : 201,500,000 : 0 : 27,603,608,550 : 88%
2022-11-27 11:22:03 : 201,600,000 : 0 : 27,616,322,825 : 88%
2022-11-27 11:51:50 : 201,700,000 : 0 : 27,629,168,175 : 88%
2022-11-27 12:20:02 : 201,800,000 : 0 : 27,642,144,600 : 88%
2022-11-27 12:46:30 : 201,900,000 : 0 : 27,655,121,025 : 88%
2022-11-27 13:11:10 : 202,000,000 : 0 : 27,667,966,375 : 88%
2022-11-27 13:34:08 : 202,100,000 : 0 : 27,681,073,875 : 88%
2022-11-27 13:55:05 : 202,200,000 : 0 : 27,694,050,300 : 88%
2022-11-27 14:15:03 : 202,300,000 : 0 : 27,707,157,800 : 88%
2022-11-27 14:34:07 : 202,400,000 : 0 : 27,720,134,225 : 88%
2022-11-27 14:52:07 : 202,500,000 : 0 : 27,733,110,650 : 88%
2022-11-27 15:09:31 : 202,600,000 : 0 : 27,746,349,225 : 88%
2022-11-27 15:26:31 : 202,700,000 : 0 : 27,759,587,800 : 88%
2022-11-27 15:43:02 : 202,800,000 : 0 : 27,772,826,375 : 88%
2022-11-27 15:59:17 : 202,900,000 : 0 : 27,786,064,950 : 88%
2022-11-27 16:15:06 : 203,000,000 : 0 : 27,799,172,450 : 88%
2022-11-27 16:30:56 : 203,100,000 : 0 : 27,812,411,025 : 88%
2022-11-27 16:46:21 : 203,200,000 : 0 : 27,825,387,450 : 88%
2022-11-27 17:01:17 : 203,300,000 : 0 : 27,838,626,025 : 88%
2022-11-27 17:16:19 : 203,400,000 : 0 : 27,851,733,525 : 88%
2022-11-27 17:31:20 : 203,500,000 : 0 : 27,877,948,525 : 89%
2022-11-27 17:46:06 : 203,600,000 : 0 : 27,891,187,100 : 89%
2022-11-27 18:00:42 : 203,700,000 : 0 : 27,904,294,600 : 89%
2022-11-27 18:15:12 : 203,800,000 : 0 : 27,917,271,025 : 89%
2022-11-27 18:29:32 : 203,900,000 : 0 : 27,930,116,375 : 89%
2022-11-27 18:43:40 : 204,000,000 : 0 : 27,943,092,800 : 89%
2022-11-27 18:57:38 : 204,100,000 : 0 : 27,956,069,225 : 89%
2022-11-27 19:12:00 : 204,200,000 : 0 : 27,968,914,575 : 89%
2022-11-27 19:26:27 : 204,300,000 : 0 : 27,981,891,000 : 89%
2022-11-27 19:40:56 : 204,400,000 : 0 : 27,994,736,350 : 89%
2022-11-27 19:55:16 : 204,500,000 : 0 : 28,007,581,700 : 89%
2022-11-27 20:09:29 : 204,600,000 : 0 : 28,020,558,125 : 89%
2022-11-27 20:23:39 : 204,700,000 : 0 : 28,033,272,400 : 89%
2022-11-27 20:37:47 : 204,800,000 : 0 : 28,045,855,600 : 89%
2022-11-27 20:51:43 : 204,900,000 : 0 : 28,058,438,800 : 89%
2022-11-27 21:05:44 : 205,000,000 : 0 : 28,071,284,150 : 89%
2022-11-27 21:19:52 : 205,100,000 : 0 : 28,083,998,425 : 89%
2022-11-27 21:34:28 : 205,200,000 : 0 : 28,096,843,775 : 89%
2022-11-27 21:48:44 : 205,300,000 : 0 : 28,109,558,050 : 89%
2022-11-27 22:03:53 : 205,400,000 : 0 : 28,122,534,475 : 89%
2022-11-27 22:19:19 : 205,500,000 : 0 : 28,135,510,900 : 89%
2022-11-27 22:34:58 : 205,600,000 : 0 : 28,148,487,325 : 89%
2022-11-27 22:50:32 : 205,700,000 : 0 : 28,161,332,675 : 89%
2022-11-27 23:06:24 : 205,800,000 : 0 : 28,187,154,450 : 90%
2022-11-27 23:22:19 : 205,900,000 : 0 : 28,200,130,875 : 90%
2022-11-27 23:38:09 : 206,000,000 : 0 : 28,212,845,150 : 90%
2022-11-27 23:53:56 : 206,100,000 : 0 : 28,225,690,500 : 90%
2022-11-28 00:09:52 : 206,200,000 : 0 : 28,238,404,775 : 90%
2022-11-28 00:26:09 : 206,300,000 : 0 : 28,251,381,200 : 90%
2022-11-28 00:42:47 : 206,400,000 : 0 : 28,264,488,700 : 90%
2022-11-28 00:59:57 : 206,500,000 : 0 : 28,277,596,200 : 90%
2022-11-28 01:17:34 : 206,600,000 : 0 : 28,290,572,625 : 90%
2022-11-28 01:34:52 : 206,700,000 : 0 : 28,303,286,900 : 90%
2022-11-28 01:51:40 : 206,800,000 : 0 : 28,316,001,175 : 90%
2022-11-28 02:08:36 : 206,900,000 : 0 : 28,328,846,525 : 90%
2022-11-28 02:25:47 : 207,000,000 : 0 : 28,341,560,800 : 90%
2022-11-28 02:43:10 : 207,100,000 : 0 : 28,354,406,150 : 90%
2022-11-28 03:01:16 : 207,200,000 : 0 : 28,367,251,500 : 90%
2022-11-28 03:19:32 : 207,300,000 : 0 : 28,380,227,925 : 90%
2022-11-28 03:37:59 : 207,400,000 : 0 : 28,392,942,200 : 90%
2022-11-28 03:56:14 : 207,500,000 : 0 : 28,405,787,550 : 90%
2022-11-28 04:14:50 : 207,600,000 : 0 : 28,418,501,825 : 90%
2022-11-28 04:34:34 : 207,700,000 : 0 : 28,431,216,100 : 90%
2022-11-28 04:55:28 : 207,800,000 : 0 : 28,444,192,525 : 90%
2022-11-28 05:17:40 : 207,900,000 : 0 : 28,470,407,525 : 90%
2022-11-28 05:41:09 : 208,000,000 : 0 : 28,483,515,025 : 90%
2022-11-28 06:06:13 : 208,100,000 : 0 : 28,496,622,525 : 91%
2022-11-28 06:32:13 : 208,200,000 : 0 : 28,509,730,025 : 91%
2022-11-28 06:59:46 : 208,300,000 : 0 : 28,522,968,600 : 91%
2022-11-28 07:28:37 : 208,400,000 : 0 : 28,536,207,175 : 91%
2022-11-28 07:58:37 : 208,500,000 : 0 : 28,549,576,825 : 91%
2022-11-28 08:29:59 : 208,600,000 : 0 : 28,562,946,475 : 91%
2022-11-28 09:02:27 : 208,700,000 : 0 : 28,576,447,200 : 91%
2022-11-28 09:35:51 : 208,800,000 : 0 : 28,589,816,850 : 91%
2022-11-28 10:09:05 : 208,900,000 : 0 : 28,603,317,575 : 91%
2022-11-28 10:41:29 : 209,000,000 : 0 : 28,616,687,225 : 91%
2022-11-28 11:11:28 : 209,100,000 : 0 : 28,629,925,800 : 91%
2022-11-28 11:39:29 : 209,200,000 : 0 : 28,643,033,300 : 91%
2022-11-28 12:06:05 : 209,300,000 : 0 : 28,656,402,950 : 91%
2022-11-28 12:30:58 : 209,400,000 : 0 : 28,669,903,675 : 91%
2022-11-28 12:53:54 : 209,500,000 : 0 : 28,683,142,250 : 91%
2022-11-28 13:15:28 : 209,600,000 : 0 : 28,696,380,825 : 91%
2022-11-28 13:35:56 : 209,700,000 : 0 : 28,709,619,400 : 91%
2022-11-28 13:55:19 : 209,800,000 : 0 : 28,723,251,200 : 91%
2022-11-28 14:13:52 : 209,900,000 : 0 : 28,736,751,925 : 91%
2022-11-28 14:31:19 : 210,000,000 : 0 : 28,750,252,650 : 91%
2022-11-28 14:48:36 : 210,100,000 : 0 : 28,777,385,175 : 91%
2022-11-28 15:05:17 : 210,200,000 : 0 : 28,790,885,900 : 91%
2022-11-28 15:21:22 : 210,300,000 : 0 : 28,804,386,625 : 92%
2022-11-28 15:37:12 : 210,400,000 : 0 : 28,818,018,425 : 92%
2022-11-28 15:52:38 : 210,500,000 : 0 : 28,831,650,225 : 92%
2022-11-28 16:08:02 : 210,600,000 : 0 : 28,845,282,025 : 92%
2022-11-28 16:23:20 : 210,700,000 : 0 : 28,858,913,825 : 92%
2022-11-28 16:38:28 : 210,800,000 : 0 : 28,872,545,625 : 92%
2022-11-28 16:53:11 : 210,900,000 : 0 : 28,886,177,425 : 92%
2022-11-28 17:07:40 : 211,000,000 : 0 : 28,899,809,225 : 92%
2022-11-28 17:22:03 : 211,100,000 : 0 : 28,913,309,950 : 92%
2022-11-28 17:36:21 : 211,200,000 : 0 : 28,926,679,600 : 92%
2022-11-28 17:50:35 : 211,300,000 : 0 : 28,940,180,325 : 92%
2022-11-28 18:04:44 : 211,400,000 : 0 : 28,953,812,125 : 92%
2022-11-28 18:19:09 : 211,500,000 : 0 : 28,967,443,925 : 92%
2022-11-28 18:33:26 : 211,600,000 : 0 : 28,981,075,725 : 92%
2022-11-28 18:47:38 : 211,700,000 : 0 : 28,994,576,450 : 92%
2022-11-28 19:01:58 : 211,800,000 : 0 : 29,008,208,250 : 92%
2022-11-28 19:16:48 : 211,900,000 : 0 : 29,021,708,975 : 92%
2022-11-28 19:31:31 : 212,000,000 : 0 : 29,048,710,425 : 92%
2022-11-28 19:46:03 : 212,100,000 : 0 : 29,062,342,225 : 92%
2022-11-28 20:00:22 : 212,200,000 : 0 : 29,075,711,875 : 92%
2022-11-28 20:14:31 : 212,300,000 : 0 : 29,088,950,450 : 92%
2022-11-28 20:28:24 : 212,400,000 : 0 : 29,102,320,100 : 92%
2022-11-28 20:42:30 : 212,500,000 : 0 : 29,115,689,750 : 92%
2022-11-28 20:56:21 : 212,600,000 : 0 : 29,129,059,400 : 93%
2022-11-28 21:10:24 : 212,700,000 : 0 : 29,142,560,125 : 93%
2022-11-28 21:24:34 : 212,800,000 : 0 : 29,155,929,775 : 93%
2022-11-28 21:39:00 : 212,900,000 : 0 : 29,169,299,425 : 93%
2022-11-28 21:53:18 : 213,000,000 : 0 : 29,182,669,075 : 93%
2022-11-28 22:08:11 : 213,100,000 : 0 : 29,196,038,725 : 93%
2022-11-28 22:23:19 : 213,200,000 : 0 : 29,209,408,375 : 93%
2022-11-28 22:38:49 : 213,300,000 : 0 : 29,222,778,025 : 93%
2022-11-28 22:54:19 : 213,400,000 : 0 : 29,236,147,675 : 93%
2022-11-28 23:10:20 : 213,500,000 : 0 : 29,249,517,325 : 93%
2022-11-28 23:26:22 : 213,600,000 : 0 : 29,262,755,900 : 93%
2022-11-28 23:42:27 : 213,700,000 : 0 : 29,276,125,550 : 93%
2022-11-28 23:58:31 : 213,800,000 : 0 : 29,289,364,125 : 93%
2022-11-29 00:14:53 : 213,900,000 : 0 : 29,302,733,775 : 93%
2022-11-29 00:31:17 : 214,000,000 : 0 : 29,329,079,850 : 93%
2022-11-29 00:47:55 : 214,100,000 : 0 : 29,342,187,350 : 93%
2022-11-29 01:04:51 : 214,200,000 : 0 : 29,355,294,850 : 93%
2022-11-29 01:21:42 : 214,300,000 : 0 : 29,368,271,275 : 93%
2022-11-29 01:38:40 : 214,400,000 : 0 : 29,381,116,625 : 93%
2022-11-29 01:55:10 : 214,500,000 : 0 : 29,394,093,050 : 93%
2022-11-29 02:11:33 : 214,600,000 : 0 : 29,406,938,400 : 93%
2022-11-29 02:28:18 : 214,700,000 : 0 : 29,419,914,825 : 93%
2022-11-29 02:45:13 : 214,800,000 : 0 : 29,432,760,175 : 93%
2022-11-29 03:02:27 : 214,900,000 : 0 : 29,445,736,600 : 94%
2022-11-29 03:20:03 : 215,000,000 : 0 : 29,458,581,950 : 94%
2022-11-29 03:37:34 : 215,100,000 : 0 : 29,471,558,375 : 94%
2022-11-29 03:55:34 : 215,200,000 : 0 : 29,484,403,725 : 94%
2022-11-29 04:14:31 : 215,300,000 : 0 : 29,497,380,150 : 94%
2022-11-29 04:34:27 : 215,400,000 : 0 : 29,510,356,575 : 94%
2022-11-29 04:55:30 : 215,500,000 : 0 : 29,523,464,075 : 94%
2022-11-29 05:17:07 : 215,600,000 : 0 : 29,536,309,425 : 94%
2022-11-29 05:39:34 : 215,700,000 : 0 : 29,549,416,925 : 94%
2022-11-29 06:03:56 : 215,800,000 : 0 : 29,562,393,350 : 94%
2022-11-29 06:29:03 : 215,900,000 : 0 : 29,575,500,850 : 94%
2022-11-29 06:55:48 : 216,000,000 : 0 : 29,588,739,425 : 94%
2022-11-29 07:24:40 : 216,100,000 : 0 : 29,601,978,000 : 94%
2022-11-29 07:54:34 : 216,200,000 : 0 : 29,615,347,650 : 94%
2022-11-29 08:25:36 : 216,300,000 : 0 : 29,642,349,100 : 94%
2022-11-29 08:58:06 : 216,400,000 : 0 : 29,655,587,675 : 94%
2022-11-29 09:31:26 : 216,500,000 : 0 : 29,668,957,325 : 94%
2022-11-29 10:04:26 : 216,600,000 : 0 : 29,682,064,825 : 94%
2022-11-29 10:36:41 : 216,700,000 : 0 : 29,695,303,400 : 94%
2022-11-29 11:07:30 : 216,800,000 : 0 : 29,708,541,975 : 94%
2022-11-29 11:36:12 : 216,900,000 : 0 : 29,721,780,550 : 94%
2022-11-29 12:02:32 : 217,000,000 : 0 : 29,735,150,200 : 94%
2022-11-29 12:27:22 : 217,100,000 : 0 : 29,748,519,850 : 94%
2022-11-29 12:50:32 : 217,200,000 : 0 : 29,762,020,575 : 95%
2022-11-29 13:12:14 : 217,300,000 : 0 : 29,775,521,300 : 95%
2022-11-29 13:32:42 : 217,400,000 : 0 : 29,789,153,100 : 95%
2022-11-29 13:52:07 : 217,500,000 : 0 : 29,802,784,900 : 95%
2022-11-29 14:10:22 : 217,600,000 : 0 : 29,816,416,700 : 95%
2022-11-29 14:27:46 : 217,700,000 : 0 : 29,830,179,575 : 95%
2022-11-29 14:44:33 : 217,800,000 : 0 : 29,843,811,375 : 95%
2022-11-29 15:00:44 : 217,900,000 : 0 : 29,857,574,250 : 95%
2022-11-29 15:16:51 : 218,000,000 : 0 : 29,871,206,050 : 95%
2022-11-29 15:32:24 : 218,100,000 : 0 : 29,884,968,925 : 95%
2022-11-29 15:47:34 : 218,200,000 : 0 : 29,898,600,725 : 95%
2022-11-29 16:02:34 : 218,300,000 : 0 : 29,925,864,325 : 95%
2022-11-29 16:17:33 : 218,400,000 : 0 : 29,939,496,125 : 95%
2022-11-29 16:32:17 : 218,500,000 : 0 : 29,952,996,850 : 95%
2022-11-29 16:46:51 : 218,600,000 : 0 : 29,966,759,725 : 95%
2022-11-29 17:01:16 : 218,700,000 : 0 : 29,980,391,525 : 95%
2022-11-29 17:15:48 : 218,800,000 : 0 : 29,994,154,400 : 95%
2022-11-29 17:30:12 : 218,900,000 : 0 : 30,007,786,200 : 95%
2022-11-29 17:44:27 : 219,000,000 : 0 : 30,021,418,000 : 95%
2022-11-29 17:58:27 : 219,100,000 : 0 : 30,035,049,800 : 95%
2022-11-29 18:12:49 : 219,200,000 : 0 : 30,048,681,600 : 95%
2022-11-29 18:27:01 : 219,300,000 : 0 : 30,062,313,400 : 95%
2022-11-29 18:41:09 : 219,400,000 : 0 : 30,075,814,125 : 96%
2022-11-29 18:55:11 : 219,500,000 : 0 : 30,089,314,850 : 96%
2022-11-29 19:09:31 : 219,600,000 : 0 : 30,102,815,575 : 96%
2022-11-29 19:24:07 : 219,700,000 : 0 : 30,116,185,225 : 96%
2022-11-29 19:38:24 : 219,800,000 : 0 : 30,129,423,800 : 96%
2022-11-29 19:52:11 : 219,900,000 : 0 : 30,142,531,300 : 96%
2022-11-29 20:05:27 : 220,000,000 : 0 : 30,155,638,800 : 96%
2022-11-29 20:19:17 : 220,100,000 : 0 : 30,169,008,450 : 96%
2022-11-29 20:32:57 : 220,200,000 : 0 : 30,182,115,950 : 96%
2022-11-29 20:46:45 : 220,300,000 : 0 : 30,208,593,100 : 96%
2022-11-29 21:00:36 : 220,400,000 : 0 : 30,221,569,525 : 96%
2022-11-29 21:14:04 : 220,500,000 : 0 : 30,234,939,175 : 96%
2022-11-29 21:27:57 : 220,600,000 : 0 : 30,248,308,825 : 96%
2022-11-29 21:42:06 : 220,700,000 : 0 : 30,261,678,475 : 96%
2022-11-29 21:56:24 : 220,800,000 : 0 : 30,275,310,275 : 96%
2022-11-29 22:11:09 : 220,900,000 : 0 : 30,288,811,000 : 96%
2022-11-29 22:26:16 : 221,000,000 : 0 : 30,302,311,725 : 96%
2022-11-29 22:41:35 : 221,100,000 : 0 : 30,315,681,375 : 96%
2022-11-29 22:56:53 : 221,200,000 : 0 : 30,329,182,100 : 96%
2022-11-29 23:12:30 : 221,300,000 : 0 : 30,342,551,750 : 96%
2022-11-29 23:28:06 : 221,400,000 : 0 : 30,355,921,400 : 96%
2022-11-29 23:43:57 : 221,500,000 : 0 : 30,369,291,050 : 96%
2022-11-29 23:59:52 : 221,600,000 : 0 : 30,382,660,700 : 97%
2022-11-30 00:15:53 : 221,700,000 : 0 : 30,395,899,275 : 97%
2022-11-30 00:31:56 : 221,800,000 : 0 : 30,409,137,850 : 97%
2022-11-30 00:48:11 : 221,900,000 : 0 : 30,422,245,350 : 97%
2022-11-30 01:04:34 : 222,000,000 : 0 : 30,435,483,925 : 97%
2022-11-30 01:21:08 : 222,100,000 : 0 : 30,448,591,425 : 97%
2022-11-30 01:37:54 : 222,200,000 : 0 : 30,461,698,925 : 97%
2022-11-30 01:54:35 : 222,300,000 : 0 : 30,474,806,425 : 97%
2022-11-30 02:11:17 : 222,400,000 : 0 : 30,501,021,425 : 97%
2022-11-30 02:27:55 : 222,500,000 : 0 : 30,513,997,850 : 97%
2022-11-30 02:44:23 : 222,600,000 : 0 : 30,527,105,350 : 97%
2022-11-30 03:01:27 : 222,700,000 : 0 : 30,540,212,850 : 97%
2022-11-30 03:18:54 : 222,800,000 : 0 : 30,553,189,275 : 97%
2022-11-30 03:36:38 : 222,900,000 : 0 : 30,566,296,775 : 97%
2022-11-30 03:54:53 : 223,000,000 : 0 : 30,579,404,275 : 97%
2022-11-30 04:13:48 : 223,100,000 : 0 : 30,592,511,775 : 97%
2022-11-30 04:33:28 : 223,200,000 : 0 : 30,605,488,200 : 97%
2022-11-30 04:53:36 : 223,300,000 : 0 : 30,618,595,700 : 97%
2022-11-30 05:14:44 : 223,400,000 : 0 : 30,631,703,200 : 97%
2022-11-30 05:36:50 : 223,500,000 : 0 : 30,644,810,700 : 97%
2022-11-30 06:00:28 : 223,600,000 : 0 : 30,657,918,200 : 97%
2022-11-30 06:25:24 : 223,700,000 : 0 : 30,671,287,850 : 97%
2022-11-30 06:52:05 : 223,800,000 : 0 : 30,684,526,425 : 97%
2022-11-30 07:20:32 : 223,900,000 : 0 : 30,697,896,075 : 98%
2022-11-30 07:49:51 : 224,000,000 : 0 : 30,711,265,725 : 98%
2022-11-30 08:20:13 : 224,100,000 : 0 : 30,724,635,375 : 98%
2022-11-30 08:51:54 : 224,200,000 : 0 : 30,738,005,025 : 98%
2022-11-30 09:24:09 : 224,300,000 : 0 : 30,751,374,675 : 98%
2022-11-30 09:56:41 : 224,400,000 : 0 : 30,764,613,250 : 98%
2022-11-30 10:28:53 : 224,500,000 : 0 : 30,791,352,550 : 98%
2022-11-30 11:00:17 : 224,600,000 : 0 : 30,804,591,125 : 98%
2022-11-30 11:28:57 : 224,700,000 : 0 : 30,817,567,550 : 98%
2022-11-30 11:55:18 : 224,800,000 : 0 : 30,830,937,200 : 98%
2022-11-30 12:19:48 : 224,900,000 : 0 : 30,844,175,775 : 98%
2022-11-30 12:42:31 : 225,000,000 : 0 : 30,857,545,425 : 98%
2022-11-30 13:03:42 : 225,100,000 : 0 : 30,871,046,150 : 98%
2022-11-30 13:23:58 : 225,200,000 : 0 : 30,884,546,875 : 98%
2022-11-30 13:43:35 : 225,300,000 : 0 : 30,898,047,600 : 98%
2022-11-30 14:01:46 : 225,400,000 : 0 : 30,911,679,400 : 98%
2022-11-30 14:19:18 : 225,500,000 : 0 : 30,925,311,200 : 98%
2022-11-30 14:35:58 : 225,600,000 : 0 : 30,938,943,000 : 98%
2022-11-30 14:52:12 : 225,700,000 : 0 : 30,952,574,800 : 98%
2022-11-30 15:07:50 : 225,800,000 : 0 : 30,966,075,525 : 98%
2022-11-30 15:23:00 : 225,900,000 : 0 : 30,979,707,325 : 98%
2022-11-30 15:37:55 : 226,000,000 : 0 : 30,993,208,050 : 98%
2022-11-30 15:52:28 : 226,100,000 : 0 : 31,006,839,850 : 98%
2022-11-30 16:07:06 : 226,200,000 : 0 : 31,020,602,725 : 99%
2022-11-30 16:21:31 : 226,300,000 : 0 : 31,034,103,450 : 99%
2022-11-30 16:35:55 : 226,400,000 : 0 : 31,047,604,175 : 99%
2022-11-30 16:50:05 : 226,500,000 : 0 : 31,074,605,625 : 99%
2022-11-30 17:04:01 : 226,600,000 : 0 : 31,088,106,350 : 99%
2022-11-30 17:17:52 : 226,700,000 : 0 : 31,101,607,075 : 99%
2022-11-30 17:31:34 : 226,800,000 : 0 : 31,115,107,800 : 99%
2022-11-30 17:45:26 : 226,900,000 : 0 : 31,128,739,600 : 99%
2022-11-30 17:59:09 : 227,000,000 : 0 : 31,142,371,400 : 99%
2022-11-30 18:13:02 : 227,100,000 : 0 : 31,156,003,200 : 99%
2022-11-30 18:26:50 : 227,200,000 : 0 : 31,169,503,925 : 99%
2022-11-30 18:40:30 : 227,300,000 : 0 : 31,183,135,725 : 99%
2022-11-30 18:54:15 : 227,400,000 : 0 : 31,196,636,450 : 99%
2022-11-30 19:08:23 : 227,500,000 : 0 : 31,210,268,250 : 99%
2022-11-30 19:22:49 : 227,600,000 : 0 : 31,223,768,975 : 99%
2022-11-30 19:37:11 : 227,700,000 : 0 : 31,236,876,475 : 99%
2022-11-30 19:50:44 : 227,800,000 : 0 : 31,250,246,125 : 99%
2022-11-30 20:04:36 : 227,900,000 : 0 : 31,263,615,775 : 99%
2022-11-30 20:18:31 : 228,000,000 : 0 : 31,276,854,350 : 99%
2022-11-30 20:32:17 : 228,100,000 : 0 : 31,290,092,925 : 99%
2022-11-30 20:46:08 : 228,200,000 : 0 : 31,303,200,425 : 99%
2022-11-30 21:00:04 : 228,300,000 : 0 : 31,316,307,925 : 99%
2022-11-30 21:13:50 : 228,400,000 : 0 : 31,329,546,500 : 100%
2022-11-30 21:27:49 : 228,500,000 : 0 : 31,356,416,875 : 100%
2022-11-30 21:42:18 : 228,600,000 : 0 : 31,369,786,525 : 100%
2022-11-30 21:56:53 : 228,700,000 : 0 : 31,383,156,175 : 100%
2022-11-30 22:12:01 : 228,800,000 : 0 : 31,396,656,900 : 100%
2022-11-30 22:27:22 : 228,900,000 : 0 : 31,410,026,550 : 100%
2022-11-30 22:42:59 : 229,000,000 : 0 : 31,423,396,200 : 100%
2022-11-30 22:58:24 : 229,100,000 : 0 : 31,436,765,850 : 100%
2022-11-30 23:14:10 : 229,200,000 : 0 : 31,450,135,500 : 100%
2022-11-30 23:30:17 : 229,300,000 : 0 : 31,463,374,075 : 100%
2022-11-30 23:46:50 : 229,400,000 : 0 : 31,476,743,725 : 100%
2022-12-01 00:16:55 : 100,000 : 0 : 28,705,425 : 0%
2022-12-01 00:34:03 : 200,000 : 0 : 42,468,300 : 0%
2022-12-01 00:51:06 : 300,000 : 0 : 55,969,025 : 0%
2022-12-01 01:08:09 : 400,000 : 0 : 69,207,600 : 0%
2022-12-01 01:25:21 : 500,000 : 0 : 82,446,175 : 0%
2022-12-01 01:42:16 : 600,000 : 0 : 95,684,750 : 0%
2022-12-01 01:59:08 : 700,000 : 0 : 108,792,250 : 0%
2022-12-01 02:15:48 : 800,000 : 0 : 122,030,825 : 0%
2022-12-01 02:32:25 : 900,000 : 0 : 135,007,250 : 0%
2022-12-01 02:49:10 : 1,000,000 : 0 : 147,983,675 : 0%
2022-12-01 03:06:01 : 1,100,000 : 0 : 161,091,175 : 0%
2022-12-01 03:23:18 : 1,200,000 : 0 : 174,198,675 : 1%
2022-12-01 03:40:49 : 1,300,000 : 0 : 187,306,175 : 1%
2022-12-01 03:58:50 : 1,400,000 : 0 : 200,282,600 : 1%
2022-12-01 04:17:53 : 1,500,000 : 0 : 213,390,100 : 1%
2022-12-01 04:37:34 : 1,600,000 : 0 : 226,366,525 : 1%
2022-12-01 04:58:13 : 1,700,000 : 0 : 239,474,025 : 1%
2022-12-01 05:19:40 : 1,800,000 : 0 : 252,450,450 : 1%
2022-12-01 05:42:17 : 1,900,000 : 0 : 265,426,875 : 1%
2022-12-01 06:06:19 : 2,000,000 : 0 : 278,534,375 : 1%
2022-12-01 06:32:02 : 2,100,000 : 0 : 291,772,950 : 1%
2022-12-01 06:59:03 : 2,200,000 : 0 : 304,880,450 : 1%
2022-12-01 07:27:39 : 2,300,000 : 0 : 331,357,600 : 1%
2022-12-01 07:57:54 : 2,400,000 : 0 : 344,727,250 : 1%
2022-12-01 08:29:06 : 2,500,000 : 0 : 358,227,975 : 1%
2022-12-01 09:01:48 : 2,600,000 : 0 : 371,597,625 : 1%
2022-12-01 09:35:15 : 2,700,000 : 0 : 384,967,275 : 1%
2022-12-01 10:08:44 : 2,800,000 : 0 : 398,468,000 : 1%
2022-12-01 10:41:27 : 2,900,000 : 0 : 411,837,650 : 1%
2022-12-01 11:12:28 : 3,000,000 : 0 : 425,076,225 : 1%
2022-12-01 11:40:53 : 3,100,000 : 0 : 438,445,875 : 1%
2022-12-01 12:07:28 : 3,200,000 : 0 : 451,946,600 : 1%
2022-12-01 12:31:55 : 3,300,000 : 0 : 465,316,250 : 1%
2022-12-01 12:54:33 : 3,400,000 : 0 : 478,816,975 : 1%
2022-12-01 13:15:41 : 3,500,000 : 0 : 492,186,625 : 2%
2022-12-01 13:35:27 : 3,600,000 : 0 : 505,687,350 : 2%
2022-12-01 13:54:08 : 3,700,000 : 0 : 519,188,075 : 2%
2022-12-01 14:12:10 : 3,800,000 : 0 : 532,819,875 : 2%
2022-12-01 14:29:21 : 3,900,000 : 0 : 546,451,675 : 2%
2022-12-01 14:45:49 : 4,000,000 : 0 : 560,083,475 : 2%
2022-12-01 15:01:54 : 4,100,000 : 0 : 573,715,275 : 2%
2022-12-01 15:17:29 : 4,200,000 : 0 : 587,084,925 : 2%
2022-12-01 15:32:31 : 4,300,000 : 0 : 600,585,650 : 2%
2022-12-01 15:47:27 : 4,400,000 : 0 : 627,718,175 : 2%
2022-12-01 16:02:03 : 4,500,000 : 0 : 641,349,975 : 2%
2022-12-01 16:16:52 : 4,600,000 : 0 : 654,850,700 : 2%
2022-12-01 16:31:32 : 4,700,000 : 0 : 668,351,425 : 2%
2022-12-01 16:45:57 : 4,800,000 : 0 : 681,590,000 : 2%
2022-12-01 16:59:25 : 4,900,000 : 0 : 694,959,650 : 2%
2022-12-01 17:13:31 : 5,000,000 : 0 : 708,329,300 : 2%
2022-12-01 17:27:27 : 5,100,000 : 0 : 721,830,025 : 2%
2022-12-01 17:41:25 : 5,200,000 : 0 : 735,330,750 : 2%
2022-12-01 17:55:20 : 5,300,000 : 0 : 748,962,550 : 2%
2022-12-01 18:09:34 : 5,400,000 : 0 : 762,463,275 : 2%
2022-12-01 18:23:50 : 5,500,000 : 0 : 775,964,000 : 2%
2022-12-01 18:37:46 : 5,600,000 : 0 : 789,464,725 : 2%
2022-12-01 18:51:42 : 5,700,000 : 0 : 802,965,450 : 2%
2022-12-01 19:05:51 : 5,800,000 : 0 : 816,335,100 : 2%
2022-12-01 19:20:08 : 5,900,000 : 0 : 829,573,675 : 3%
2022-12-01 19:34:41 : 6,000,000 : 0 : 843,074,400 : 3%
2022-12-01 19:48:54 : 6,100,000 : 0 : 856,312,975 : 3%
2022-12-01 20:02:46 : 6,200,000 : 0 : 869,813,700 : 3%
2022-12-01 20:16:25 : 6,300,000 : 0 : 882,790,125 : 3%
2022-12-01 20:29:46 : 6,400,000 : 0 : 908,611,900 : 3%
2022-12-01 20:43:46 : 6,500,000 : 0 : 921,588,325 : 3%
2022-12-01 20:57:29 : 6,600,000 : 0 : 934,564,750 : 3%
2022-12-01 21:10:48 : 6,700,000 : 0 : 947,672,250 : 3%
2022-12-01 21:24:41 : 6,800,000 : 0 : 961,041,900 : 3%
2022-12-01 21:38:50 : 6,900,000 : 0 : 974,280,475 : 3%
2022-12-01 21:53:11 : 7,000,000 : 0 : 987,519,050 : 3%
2022-12-01 22:07:56 : 7,100,000 : 0 : 1,000,757,625 : 3%
2022-12-01 22:23:12 : 7,200,000 : 0 : 1,013,996,200 : 3%
2022-12-01 22:38:37 : 7,300,000 : 0 : 1,027,234,775 : 3%
2022-12-01 22:54:07 : 7,400,000 : 0 : 1,040,473,350 : 3%
2022-12-01 23:09:42 : 7,500,000 : 0 : 1,053,711,925 : 3%
2022-12-01 23:25:31 : 7,600,000 : 0 : 1,066,950,500 : 3%
2022-12-01 23:41:32 : 7,700,000 : 0 : 1,080,189,075 : 3%
2022-12-01 23:57:45 : 7,800,000 : 0 : 1,093,427,650 : 3%
2022-12-02 00:14:03 : 7,900,000 : 0 : 1,106,535,150 : 3%
2022-12-02 00:30:27 : 8,000,000 : 0 : 1,119,642,650 : 3%
2022-12-02 00:47:24 : 8,100,000 : 0 : 1,132,881,225 : 3%
2022-12-02 01:04:39 : 8,200,000 : 0 : 1,145,857,650 : 3%
2022-12-02 01:21:48 : 8,300,000 : 0 : 1,158,834,075 : 4%
2022-12-02 01:39:01 : 8,400,000 : 0 : 1,171,679,425 : 4%
2022-12-02 01:55:49 : 8,500,000 : 0 : 1,184,393,700 : 4%
2022-12-02 02:12:33 : 8,600,000 : 0 : 1,197,239,050 : 4%
2022-12-02 02:29:02 : 8,700,000 : 0 : 1,222,667,600 : 4%
2022-12-02 02:45:32 : 8,800,000 : 0 : 1,235,644,025 : 4%
2022-12-02 03:02:45 : 8,900,000 : 0 : 1,248,358,300 : 4%
2022-12-02 03:20:17 : 9,000,000 : 0 : 1,261,203,650 : 4%
2022-12-02 03:37:48 : 9,100,000 : 0 : 1,274,049,000 : 4%
2022-12-02 03:55:45 : 9,200,000 : 0 : 1,286,763,275 : 4%
2022-12-02 04:14:23 : 9,300,000 : 0 : 1,299,608,625 : 4%
2022-12-02 04:34:01 : 9,400,000 : 0 : 1,312,585,050 : 4%
2022-12-02 04:54:36 : 9,500,000 : 0 : 1,325,692,550 : 4%
2022-12-02 05:16:37 : 9,600,000 : 0 : 1,338,668,975 : 4%
2022-12-02 05:39:26 : 9,700,000 : 0 : 1,351,776,475 : 4%
2022-12-02 06:03:49 : 9,800,000 : 0 : 1,364,883,975 : 4%
2022-12-02 06:29:09 : 9,900,000 : 0 : 1,378,122,550 : 4%
2022-12-02 06:55:47 : 10,000,000 : 0 : 1,391,230,050 : 4%
2022-12-02 07:24:17 : 10,100,000 : 0 : 1,404,468,625 : 4%
2022-12-02 07:53:47 : 10,200,000 : 0 : 1,417,707,200 : 4%
2022-12-02 08:24:11 : 10,300,000 : 0 : 1,431,076,850 : 4%
2022-12-02 08:55:45 : 10,400,000 : 0 : 1,444,315,425 : 4%
2022-12-02 09:28:34 : 10,500,000 : 0 : 1,457,816,150 : 4%
2022-12-02 10:01:17 : 10,600,000 : 0 : 1,471,185,800 : 4%
2022-12-02 10:34:14 : 10,700,000 : 0 : 1,484,424,375 : 5%
2022-12-02 11:05:21 : 10,800,000 : 0 : 1,497,794,025 : 5%
2022-12-02 11:34:16 : 10,900,000 : 0 : 1,511,163,675 : 5%
2022-12-02 12:01:06 : 11,000,000 : 0 : 1,524,533,325 : 5%
2022-12-02 12:26:03 : 11,100,000 : 0 : 1,537,902,975 : 5%
2022-12-02 12:49:05 : 11,200,000 : 0 : 1,564,773,350 : 5%
2022-12-02 13:10:17 : 11,300,000 : 0 : 1,578,274,075 : 5%
2022-12-02 13:30:34 : 11,400,000 : 0 : 1,591,774,800 : 5%
2022-12-02 13:49:38 : 11,500,000 : 0 : 1,605,275,525 : 5%
2022-12-02 14:07:35 : 11,600,000 : 0 : 1,618,776,250 : 5%
2022-12-02 14:25:24 : 11,700,000 : 0 : 1,632,408,050 : 5%
2022-12-02 14:42:14 : 11,800,000 : 0 : 1,645,908,775 : 5%
2022-12-02 14:58:24 : 11,900,000 : 0 : 1,659,540,575 : 5%
2022-12-02 15:14:04 : 12,000,000 : 0 : 1,672,910,225 : 5%
2022-12-02 15:28:57 : 12,100,000 : 0 : 1,686,279,875 : 5%
2022-12-02 15:43:51 : 12,200,000 : 0 : 1,699,911,675 : 5%
2022-12-02 15:58:48 : 12,300,000 : 0 : 1,713,412,400 : 5%
2022-12-02 16:13:54 : 12,400,000 : 0 : 1,727,044,200 : 5%
2022-12-02 16:28:48 : 12,500,000 : 0 : 1,740,544,925 : 5%
2022-12-02 16:43:30 : 12,600,000 : 0 : 1,754,176,725 : 5%
2022-12-02 16:57:39 : 12,700,000 : 0 : 1,767,415,300 : 5%
2022-12-02 17:11:38 : 12,800,000 : 0 : 1,780,653,875 : 5%
2022-12-02 17:25:41 : 12,900,000 : 0 : 1,794,285,675 : 5%
2022-12-02 17:40:01 : 13,000,000 : 0 : 1,807,786,400 : 6%
2022-12-02 17:54:24 : 13,100,000 : 0 : 1,821,418,200 : 6%
2022-12-02 18:08:50 : 13,200,000 : 0 : 1,835,050,000 : 6%
2022-12-02 18:23:18 : 13,300,000 : 0 : 1,862,313,600 : 6%
2022-12-02 18:37:47 : 13,400,000 : 0 : 1,875,945,400 : 6%
2022-12-02 18:52:18 : 13,500,000 : 0 : 1,889,577,200 : 6%
2022-12-02 19:07:04 : 13,600,000 : 0 : 1,903,077,925 : 6%
2022-12-02 19:22:06 : 13,700,000 : 0 : 1,916,578,650 : 6%
2022-12-02 19:37:16 : 13,800,000 : 0 : 1,929,817,225 : 6%
2022-12-02 19:51:53 : 13,900,000 : 0 : 1,943,317,950 : 6%
2022-12-02 20:06:34 : 14,000,000 : 0 : 1,956,687,600 : 6%
2022-12-02 20:21:25 : 14,100,000 : 0 : 1,969,926,175 : 6%
2022-12-02 20:36:11 : 14,200,000 : 0 : 1,983,295,825 : 6%
2022-12-02 20:50:59 : 14,300,000 : 0 : 1,996,534,400 : 6%
2022-12-02 21:05:36 : 14,400,000 : 0 : 2,009,772,975 : 6%
2022-12-02 21:20:30 : 14,500,000 : 0 : 2,023,142,625 : 6%
2022-12-02 21:35:52 : 14,600,000 : 0 : 2,036,512,275 : 6%
2022-12-02 21:51:27 : 14,700,000 : 0 : 2,050,013,000 : 6%
2022-12-02 22:07:41 : 14,800,000 : 0 : 2,063,382,650 : 6%
2022-12-02 22:24:06 : 14,900,000 : 0 : 2,076,752,300 : 6%
2022-12-02 22:40:44 : 15,000,000 : 0 : 2,089,990,875 : 6%
2022-12-02 22:57:18 : 15,100,000 : 0 : 2,103,360,525 : 6%
2022-12-02 23:14:03 : 15,200,000 : 0 : 2,116,599,100 : 6%
2022-12-02 23:31:01 : 15,300,000 : 0 : 2,129,837,675 : 7%
2022-12-02 23:48:06 : 15,400,000 : 0 : 2,143,076,250 : 7%
2022-12-03 00:05:20 : 15,500,000 : 0 : 2,156,183,750 : 7%
2022-12-03 00:22:41 : 15,600,000 : 0 : 2,182,529,825 : 7%
2022-12-03 00:40:23 : 15,700,000 : 0 : 2,195,375,175 : 7%
2022-12-03 00:58:04 : 15,800,000 : 0 : 2,208,089,450 : 7%
2022-12-03 01:15:22 : 15,900,000 : 0 : 2,220,672,650 : 7%
2022-12-03 01:32:55 : 16,000,000 : 0 : 2,233,386,925 : 7%
2022-12-03 01:50:36 : 16,100,000 : 0 : 2,246,101,200 : 7%
2022-12-03 02:08:33 : 16,200,000 : 0 : 2,258,684,400 : 7%
2022-12-03 02:26:30 : 16,300,000 : 0 : 2,271,398,675 : 7%
2022-12-03 02:44:42 : 16,400,000 : 0 : 2,283,981,875 : 7%
2022-12-03 03:02:53 : 16,500,000 : 0 : 2,296,565,075 : 7%
2022-12-03 03:21:06 : 16,600,000 : 0 : 2,309,148,275 : 7%
2022-12-03 03:39:59 : 16,700,000 : 0 : 2,321,731,475 : 7%
2022-12-03 03:59:21 : 16,800,000 : 0 : 2,334,314,675 : 7%
2022-12-03 04:19:08 : 16,900,000 : 0 : 2,346,766,800 : 7%
2022-12-03 04:38:51 : 17,000,000 : 0 : 2,358,956,775 : 7%
2022-12-03 04:58:47 : 17,100,000 : 0 : 2,371,539,975 : 7%
2022-12-03 05:20:58 : 17,200,000 : 0 : 2,384,385,325 : 7%
2022-12-03 05:44:27 : 17,300,000 : 0 : 2,397,230,675 : 7%
2022-12-03 06:10:01 : 17,400,000 : 0 : 2,410,207,100 : 7%
2022-12-03 06:37:04 : 17,500,000 : 0 : 2,423,183,525 : 7%
2022-12-03 07:05:41 : 17,600,000 : 0 : 2,436,159,950 : 7%
2022-12-03 07:35:29 : 17,700,000 : 0 : 2,449,267,450 : 7%
2022-12-03 08:06:30 : 17,800,000 : 0 : 2,462,243,875 : 8%
2022-12-03 08:37:58 : 17,900,000 : 0 : 2,475,351,375 : 8%
Decoding error with 134,217,728 bytes, reading another chunk
2022-12-03 09:10:38 : 18,000,000 : 0 : 2,501,435,300 : 8%
2022-12-03 09:44:14 : 18,100,000 : 0 : 2,514,542,800 : 8%
2022-12-03 10:18:11 : 18,200,000 : 0 : 2,527,650,300 : 8%
2022-12-03 10:51:35 : 18,300,000 : 0 : 2,540,626,725 : 8%
2022-12-03 11:23:15 : 18,400,000 : 0 : 2,553,865,300 : 8%
2022-12-03 11:54:02 : 18,500,000 : 0 : 2,566,972,800 : 8%
2022-12-03 12:22:46 : 18,600,000 : 0 : 2,580,080,300 : 8%
2022-12-03 12:48:55 : 18,700,000 : 0 : 2,593,056,725 : 8%
2022-12-03 13:13:01 : 18,800,000 : 0 : 2,606,164,225 : 8%
2022-12-03 13:35:06 : 18,900,000 : 0 : 2,619,271,725 : 8%
2022-12-03 13:55:54 : 19,000,000 : 0 : 2,632,510,300 : 8%
2022-12-03 14:16:01 : 19,100,000 : 0 : 2,645,748,875 : 8%
2022-12-03 14:34:46 : 19,200,000 : 0 : 2,658,987,450 : 8%
2022-12-03 14:52:45 : 19,300,000 : 0 : 2,672,094,950 : 8%
2022-12-03 15:10:18 : 19,400,000 : 0 : 2,685,071,375 : 8%
2022-12-03 15:26:56 : 19,500,000 : 0 : 2,698,047,800 : 8%
2022-12-03 15:42:55 : 19,600,000 : 0 : 2,710,893,150 : 8%
2022-12-03 15:57:33 : 19,700,000 : 0 : 2,723,738,500 : 8%
2022-12-03 16:12:40 : 19,800,000 : 0 : 2,736,846,000 : 8%
2022-12-03 16:28:07 : 19,900,000 : 0 : 2,749,822,425 : 8%
2022-12-03 16:42:10 : 20,000,000 : 0 : 2,762,274,550 : 8%
2022-12-03 16:56:50 : 20,100,000 : 0 : 2,775,250,975 : 8%
2022-12-03 17:11:14 : 20,200,000 : 0 : 2,788,227,400 : 9%
2022-12-03 17:26:07 : 20,300,000 : 0 : 2,801,465,975 : 9%
2022-12-03 17:41:12 : 20,400,000 : 0 : 2,814,704,550 : 9%
2022-12-03 17:56:17 : 20,500,000 : 0 : 2,827,943,125 : 9%
2022-12-03 18:11:25 : 20,600,000 : 0 : 2,841,050,625 : 9%
2022-12-03 18:26:44 : 20,700,000 : 0 : 2,867,527,775 : 9%
2022-12-03 18:41:52 : 20,800,000 : 0 : 2,880,635,275 : 9%
2022-12-03 18:57:17 : 20,900,000 : 0 : 2,893,873,850 : 9%
2022-12-03 19:12:43 : 21,000,000 : 0 : 2,906,850,275 : 9%
2022-12-03 19:28:13 : 21,100,000 : 0 : 2,919,695,625 : 9%
2022-12-03 19:43:28 : 21,200,000 : 0 : 2,932,540,975 : 9%
2022-12-03 19:58:39 : 21,300,000 : 0 : 2,945,517,400 : 9%
2022-12-03 20:13:37 : 21,400,000 : 0 : 2,958,231,675 : 9%
2022-12-03 20:28:34 : 21,500,000 : 0 : 2,970,945,950 : 9%
2022-12-03 20:43:33 : 21,600,000 : 0 : 2,983,529,150 : 9%
2022-12-03 20:58:40 : 21,700,000 : 0 : 2,995,981,275 : 9%
2022-12-03 21:13:16 : 21,800,000 : 0 : 3,008,695,550 : 9%
2022-12-03 21:28:58 : 21,900,000 : 0 : 3,021,671,975 : 9%
2022-12-03 21:44:51 : 22,000,000 : 0 : 3,034,517,325 : 9%
2022-12-03 22:00:48 : 22,100,000 : 0 : 3,047,231,600 : 9%
2022-12-03 22:17:03 : 22,200,000 : 0 : 3,060,208,025 : 9%
2022-12-03 22:33:36 : 22,300,000 : 0 : 3,073,053,375 : 9%
2022-12-03 22:49:59 : 22,400,000 : 0 : 3,085,898,725 : 9%
2022-12-03 23:06:29 : 22,500,000 : 0 : 3,098,744,075 : 9%
2022-12-03 23:23:16 : 22,600,000 : 0 : 3,111,720,500 : 10%
2022-12-03 23:40:00 : 22,700,000 : 0 : 3,124,565,850 : 10%
2022-12-03 23:57:02 : 22,800,000 : 0 : 3,137,411,200 : 10%
2022-12-04 00:14:21 : 22,900,000 : 0 : 3,150,256,550 : 10%
2022-12-04 00:31:21 : 23,000,000 : 0 : 3,175,816,175 : 10%
2022-12-04 00:48:39 : 23,100,000 : 0 : 3,188,530,450 : 10%
2022-12-04 01:06:25 : 23,200,000 : 0 : 3,201,244,725 : 10%
2022-12-04 01:24:17 : 23,300,000 : 0 : 3,213,696,850 : 10%
2022-12-04 01:42:03 : 23,400,000 : 0 : 3,226,280,050 : 10%
2022-12-04 01:59:44 : 23,500,000 : 0 : 3,238,863,250 : 10%
2022-12-04 02:17:23 : 23,600,000 : 0 : 3,251,315,375 : 10%
2022-12-04 02:35:36 : 23,700,000 : 0 : 3,263,898,575 : 10%
2022-12-04 02:54:06 : 23,800,000 : 0 : 3,276,481,775 : 10%
2022-12-04 03:12:48 : 23,900,000 : 0 : 3,288,933,900 : 10%
2022-12-04 03:31:41 : 24,000,000 : 0 : 3,301,517,100 : 10%
2022-12-04 03:50:40 : 24,100,000 : 0 : 3,313,969,225 : 10%
2022-12-04 04:10:24 : 24,200,000 : 0 : 3,326,552,425 : 10%
2022-12-04 04:30:43 : 24,300,000 : 0 : 3,339,135,625 : 10%
2022-12-04 04:50:55 : 24,400,000 : 0 : 3,351,718,825 : 10%
2022-12-04 05:12:24 : 24,500,000 : 0 : 3,364,302,025 : 10%
2022-12-04 05:35:07 : 24,600,000 : 0 : 3,377,016,300 : 10%
2022-12-04 05:58:43 : 24,700,000 : 0 : 3,389,730,575 : 10%
2022-12-04 06:23:51 : 24,800,000 : 0 : 3,402,313,775 : 10%
2022-12-04 06:50:09 : 24,900,000 : 0 : 3,415,028,050 : 10%
2022-12-04 07:18:38 : 25,000,000 : 0 : 3,427,873,400 : 10%
2022-12-04 07:48:13 : 25,100,000 : 0 : 3,440,718,750 : 11%
2022-12-04 08:18:19 : 25,200,000 : 0 : 3,453,433,025 : 11%
2022-12-04 08:49:24 : 25,300,000 : 0 : 3,479,254,800 : 11%
2022-12-04 09:21:29 : 25,400,000 : 0 : 3,492,362,300 : 11%
2022-12-04 09:54:04 : 25,500,000 : 0 : 3,505,469,800 : 11%
2022-12-04 10:26:46 : 25,600,000 : 0 : 3,518,577,300 : 11%
2022-12-04 10:58:42 : 25,700,000 : 0 : 3,531,684,800 : 11%
2022-12-04 11:30:19 : 25,800,000 : 0 : 3,544,792,300 : 11%
2022-12-04 12:00:40 : 25,900,000 : 0 : 3,558,161,950 : 11%
2022-12-04 12:29:16 : 26,000,000 : 0 : 3,571,400,525 : 11%
2022-12-04 12:55:33 : 26,100,000 : 0 : 3,584,508,025 : 11%
2022-12-04 13:19:50 : 26,200,000 : 0 : 3,597,746,600 : 11%
2022-12-04 13:42:22 : 26,300,000 : 0 : 3,610,854,100 : 11%
2022-12-04 14:03:34 : 26,400,000 : 0 : 3,624,223,750 : 11%
2022-12-04 14:23:34 : 26,500,000 : 0 : 3,637,593,400 : 11%
2022-12-04 14:42:30 : 26,600,000 : 0 : 3,650,831,975 : 11%
2022-12-04 15:00:33 : 26,700,000 : 0 : 3,664,201,625 : 11%
2022-12-04 15:18:17 : 26,800,000 : 0 : 3,677,571,275 : 11%
2022-12-04 15:35:00 : 26,900,000 : 0 : 3,690,678,775 : 11%
2022-12-04 15:50:59 : 27,000,000 : 0 : 3,703,917,350 : 11%
2022-12-04 16:06:40 : 27,100,000 : 0 : 3,717,287,000 : 11%
2022-12-04 16:22:31 : 27,200,000 : 0 : 3,730,394,500 : 11%
2022-12-04 16:37:51 : 27,300,000 : 0 : 3,743,633,075 : 11%
2022-12-04 16:52:55 : 27,400,000 : 0 : 3,756,740,575 : 11%
2022-12-04 17:07:47 : 27,500,000 : 0 : 3,769,979,150 : 12%
2022-12-04 17:22:43 : 27,600,000 : 0 : 3,796,456,300 : 12%
2022-12-04 17:37:37 : 27,700,000 : 0 : 3,809,825,950 : 12%
2022-12-04 17:52:30 : 27,800,000 : 0 : 3,823,064,525 : 12%
2022-12-04 18:07:17 : 27,900,000 : 0 : 3,836,172,025 : 12%
2022-12-04 18:21:45 : 28,000,000 : 0 : 3,849,017,375 : 12%
2022-12-04 18:35:40 : 28,100,000 : 0 : 3,861,862,725 : 12%
2022-12-04 18:49:24 : 28,200,000 : 0 : 3,874,708,075 : 12%
2022-12-04 19:03:07 : 28,300,000 : 0 : 3,887,422,350 : 12%
2022-12-04 19:17:02 : 28,400,000 : 0 : 3,900,136,625 : 12%
2022-12-04 19:31:18 : 28,500,000 : 0 : 3,912,850,900 : 12%
2022-12-04 19:45:09 : 28,600,000 : 0 : 3,925,565,175 : 12%
2022-12-04 19:59:09 : 28,700,000 : 0 : 3,938,410,525 : 12%
2022-12-04 20:13:09 : 28,800,000 : 0 : 3,951,124,800 : 12%
2022-12-04 20:26:45 : 28,900,000 : 0 : 3,963,708,000 : 12%
2022-12-04 20:40:34 : 29,000,000 : 0 : 3,976,422,275 : 12%
2022-12-04 20:54:05 : 29,100,000 : 0 : 3,989,005,475 : 12%
2022-12-04 21:07:44 : 29,200,000 : 0 : 4,001,719,750 : 12%
2022-12-04 21:22:02 : 29,300,000 : 0 : 4,014,434,025 : 12%
2022-12-04 21:36:34 : 29,400,000 : 0 : 4,027,279,375 : 12%
2022-12-04 21:51:36 : 29,500,000 : 0 : 4,040,386,875 : 12%
2022-12-04 22:06:43 : 29,600,000 : 0 : 4,053,232,225 : 12%
2022-12-04 22:22:07 : 29,700,000 : 0 : 4,066,208,650 : 12%
2022-12-04 22:37:25 : 29,800,000 : 0 : 4,079,054,000 : 12%
2022-12-04 22:52:54 : 29,900,000 : 0 : 4,091,899,350 : 12%
2022-12-04 23:08:30 : 30,000,000 : 0 : 4,117,590,050 : 13%
2022-12-04 23:23:47 : 30,100,000 : 0 : 4,130,304,325 : 13%
2022-12-04 23:39:17 : 30,200,000 : 0 : 4,143,149,675 : 13%
2022-12-04 23:55:04 : 30,300,000 : 0 : 4,155,863,950 : 13%
2022-12-05 00:10:53 : 30,400,000 : 0 : 4,168,447,150 : 13%
2022-12-05 00:26:31 : 30,500,000 : 0 : 4,181,292,500 : 13%
2022-12-05 00:42:59 : 30,600,000 : 0 : 4,194,137,850 : 13%
2022-12-05 00:59:51 : 30,700,000 : 0 : 4,207,114,275 : 13%
2022-12-05 01:16:53 : 30,800,000 : 0 : 4,219,959,625 : 13%
2022-12-05 01:33:57 : 30,900,000 : 0 : 4,232,804,975 : 13%
2022-12-05 01:50:59 : 31,000,000 : 0 : 4,245,650,325 : 13%
2022-12-05 02:07:56 : 31,100,000 : 0 : 4,258,626,750 : 13%
2022-12-05 02:25:16 : 31,200,000 : 0 : 4,271,472,100 : 13%
2022-12-05 02:42:37 : 31,300,000 : 0 : 4,284,448,525 : 13%
2022-12-05 03:00:40 : 31,400,000 : 0 : 4,297,424,950 : 13%
2022-12-05 03:18:59 : 31,500,000 : 0 : 4,310,401,375 : 13%
2022-12-05 03:37:12 : 31,600,000 : 0 : 4,323,246,725 : 13%
2022-12-05 03:55:17 : 31,700,000 : 0 : 4,336,092,075 : 13%
2022-12-05 04:14:02 : 31,800,000 : 0 : 4,348,806,350 : 13%
2022-12-05 04:33:12 : 31,900,000 : 0 : 4,361,520,625 : 13%
2022-12-05 04:53:59 : 32,000,000 : 0 : 4,374,497,050 : 13%
2022-12-05 05:16:16 : 32,100,000 : 0 : 4,387,735,625 : 13%
2022-12-05 05:39:44 : 32,200,000 : 0 : 4,400,843,125 : 13%
2022-12-05 06:04:23 : 32,300,000 : 0 : 4,426,927,050 : 14%
2022-12-05 06:30:01 : 32,400,000 : 0 : 4,440,165,625 : 14%
2022-12-05 06:57:10 : 32,500,000 : 0 : 4,453,404,200 : 14%
2022-12-05 07:26:13 : 32,600,000 : 0 : 4,466,773,850 : 14%
2022-12-05 07:56:45 : 32,700,000 : 0 : 4,480,143,500 : 14%
2022-12-05 08:28:31 : 32,800,000 : 0 : 4,493,644,225 : 14%
2022-12-05 09:01:46 : 32,900,000 : 0 : 4,507,144,950 : 14%
2022-12-05 09:36:15 : 33,000,000 : 0 : 4,520,645,675 : 14%
2022-12-05 10:09:57 : 33,100,000 : 0 : 4,533,884,250 : 14%
2022-12-05 10:42:43 : 33,200,000 : 0 : 4,547,253,900 : 14%
2022-12-05 11:14:15 : 33,300,000 : 0 : 4,560,492,475 : 14%
2022-12-05 11:43:32 : 33,400,000 : 0 : 4,573,862,125 : 14%
2022-12-05 12:10:12 : 33,500,000 : 0 : 4,587,231,775 : 14%
2022-12-05 12:34:50 : 33,600,000 : 0 : 4,600,732,500 : 14%
2022-12-05 12:57:45 : 33,700,000 : 0 : 4,614,102,150 : 14%
2022-12-05 13:19:37 : 33,800,000 : 0 : 4,627,733,950 : 14%
2022-12-05 13:40:25 : 33,900,000 : 0 : 4,641,234,675 : 14%
2022-12-05 13:59:53 : 34,000,000 : 0 : 4,654,997,550 : 14%
2022-12-05 14:18:26 : 34,100,000 : 0 : 4,668,629,350 : 14%
2022-12-05 14:36:06 : 34,200,000 : 0 : 4,682,261,150 : 14%
2022-12-05 14:53:01 : 34,300,000 : 0 : 4,695,892,950 : 14%
2022-12-05 15:09:43 : 34,400,000 : 0 : 4,723,287,625 : 14%
2022-12-05 15:25:44 : 34,500,000 : 0 : 4,737,050,500 : 14%
2022-12-05 15:41:28 : 34,600,000 : 0 : 4,750,420,150 : 15%
2022-12-05 15:56:22 : 34,700,000 : 0 : 4,764,183,025 : 15%
2022-12-05 16:11:36 : 34,800,000 : 0 : 4,777,683,750 : 15%
2022-12-05 16:26:20 : 34,900,000 : 0 : 4,791,315,550 : 15%
2022-12-05 16:41:05 : 35,000,000 : 0 : 4,804,685,200 : 15%
2022-12-05 16:55:29 : 35,100,000 : 0 : 4,818,317,000 : 15%
2022-12-05 17:09:49 : 35,200,000 : 0 : 4,831,817,725 : 15%
2022-12-05 17:24:03 : 35,300,000 : 0 : 4,845,187,375 : 15%
2022-12-05 17:38:07 : 35,400,000 : 0 : 4,858,294,875 : 15%
2022-12-05 17:51:37 : 35,500,000 : 0 : 4,871,795,600 : 15%
2022-12-05 18:05:31 : 35,600,000 : 0 : 4,885,296,325 : 15%
2022-12-05 18:19:41 : 35,700,000 : 0 : 4,898,928,125 : 15%
2022-12-05 18:33:48 : 35,800,000 : 0 : 4,912,428,850 : 15%
2022-12-05 18:48:00 : 35,900,000 : 0 : 4,926,060,650 : 15%
2022-12-05 19:02:04 : 36,000,000 : 0 : 4,939,692,450 : 15%
2022-12-05 19:16:15 : 36,100,000 : 0 : 4,952,931,025 : 15%
2022-12-05 19:30:20 : 36,200,000 : 0 : 4,966,300,675 : 15%
2022-12-05 19:44:15 : 36,300,000 : 0 : 4,979,539,250 : 15%
2022-12-05 19:57:59 : 36,400,000 : 0 : 5,006,278,550 : 15%
2022-12-05 20:11:55 : 36,500,000 : 0 : 5,019,779,275 : 15%
2022-12-05 20:25:56 : 36,600,000 : 0 : 5,033,148,925 : 15%
2022-12-05 20:39:53 : 36,700,000 : 0 : 5,046,518,575 : 15%
2022-12-05 20:53:54 : 36,800,000 : 0 : 5,060,019,300 : 15%
2022-12-05 21:08:01 : 36,900,000 : 0 : 5,073,520,025 : 15%
2022-12-05 21:22:32 : 37,000,000 : 0 : 5,086,889,675 : 16%
2022-12-05 21:37:11 : 37,100,000 : 0 : 5,100,390,400 : 16%
2022-12-05 21:51:49 : 37,200,000 : 0 : 5,113,891,125 : 16%
2022-12-05 22:06:45 : 37,300,000 : 0 : 5,127,522,925 : 16%
2022-12-05 22:22:02 : 37,400,000 : 0 : 5,140,892,575 : 16%
2022-12-05 22:37:30 : 37,500,000 : 0 : 5,154,393,300 : 16%
2022-12-05 22:52:49 : 37,600,000 : 0 : 5,167,762,950 : 16%
2022-12-05 23:08:22 : 37,700,000 : 0 : 5,181,263,675 : 16%
2022-12-05 23:24:16 : 37,800,000 : 0 : 5,194,633,325 : 16%
2022-12-05 23:40:10 : 37,900,000 : 0 : 5,208,002,975 : 16%
2022-12-05 23:56:14 : 38,000,000 : 0 : 5,221,372,625 : 16%
2022-12-06 00:12:34 : 38,100,000 : 0 : 5,234,742,275 : 16%
2022-12-06 00:28:57 : 38,200,000 : 0 : 5,247,980,850 : 16%
2022-12-06 00:45:23 : 38,300,000 : 0 : 5,261,088,350 : 16%
2022-12-06 01:02:01 : 38,400,000 : 0 : 5,274,326,925 : 16%
2022-12-06 01:18:55 : 38,500,000 : 0 : 5,287,434,425 : 16%
2022-12-06 01:35:45 : 38,600,000 : 0 : 5,313,387,275 : 16%
2022-12-06 01:52:29 : 38,700,000 : 0 : 5,326,363,700 : 16%
2022-12-06 02:08:49 : 38,800,000 : 0 : 5,339,209,050 : 16%
2022-12-06 02:25:20 : 38,900,000 : 0 : 5,352,054,400 : 16%
2022-12-06 02:41:51 : 39,000,000 : 0 : 5,365,030,825 : 16%
2022-12-06 02:59:11 : 39,100,000 : 0 : 5,378,007,250 : 16%
2022-12-06 03:16:53 : 39,200,000 : 0 : 5,390,983,675 : 16%
2022-12-06 03:34:37 : 39,300,000 : 0 : 5,403,960,100 : 17%
2022-12-06 03:52:30 : 39,400,000 : 0 : 5,416,805,450 : 17%
2022-12-06 04:10:47 : 39,500,000 : 0 : 5,429,388,650 : 17%
2022-12-06 04:29:44 : 39,600,000 : 0 : 5,442,496,150 : 17%
2022-12-06 04:50:27 : 39,700,000 : 0 : 5,455,734,725 : 17%
2022-12-06 05:12:27 : 39,800,000 : 0 : 5,468,842,225 : 17%
2022-12-06 05:35:35 : 39,900,000 : 0 : 5,482,080,800 : 17%
2022-12-06 06:00:01 : 40,000,000 : 0 : 5,495,319,375 : 17%
2022-12-06 06:25:51 : 40,100,000 : 0 : 5,508,557,950 : 17%
2022-12-06 06:53:33 : 40,200,000 : 0 : 5,521,796,525 : 17%
2022-12-06 07:22:41 : 40,300,000 : 0 : 5,535,166,175 : 17%
2022-12-06 07:53:25 : 40,400,000 : 0 : 5,548,666,900 : 17%
2022-12-06 08:25:34 : 40,500,000 : 0 : 5,562,167,625 : 17%
2022-12-06 08:59:07 : 40,600,000 : 0 : 5,575,799,425 : 17%
2022-12-06 09:33:31 : 40,700,000 : 0 : 5,589,300,150 : 17%
2022-12-06 10:07:16 : 40,800,000 : 0 : 5,602,800,875 : 17%
2022-12-06 10:40:26 : 40,900,000 : 0 : 5,629,802,325 : 17%
2022-12-06 11:11:41 : 41,000,000 : 0 : 5,643,303,050 : 17%
2022-12-06 11:40:26 : 41,100,000 : 0 : 5,656,672,700 : 17%
2022-12-06 12:06:51 : 41,200,000 : 0 : 5,670,173,425 : 17%
2022-12-06 12:31:19 : 41,300,000 : 0 : 5,683,674,150 : 17%
2022-12-06 12:53:53 : 41,400,000 : 0 : 5,697,043,800 : 17%
2022-12-06 13:15:00 : 41,500,000 : 0 : 5,710,675,600 : 17%
2022-12-06 13:35:18 : 41,600,000 : 0 : 5,724,307,400 : 17%
2022-12-06 13:54:16 : 41,700,000 : 0 : 5,737,939,200 : 18%
2022-12-06 14:12:21 : 41,800,000 : 0 : 5,751,571,000 : 18%
2022-12-06 14:29:38 : 41,900,000 : 0 : 5,765,202,800 : 18%
2022-12-06 14:46:25 : 42,000,000 : 0 : 5,778,965,675 : 18%
2022-12-06 15:02:42 : 42,100,000 : 0 : 5,792,597,475 : 18%
2022-12-06 15:18:41 : 42,200,000 : 0 : 5,806,229,275 : 18%
2022-12-06 15:33:56 : 42,300,000 : 0 : 5,819,861,075 : 18%
2022-12-06 15:48:50 : 42,400,000 : 0 : 5,833,361,800 : 18%
2022-12-06 16:03:32 : 42,500,000 : 0 : 5,847,124,675 : 18%
2022-12-06 16:18:27 : 42,600,000 : 0 : 5,860,887,550 : 18%
2022-12-06 16:33:05 : 42,700,000 : 0 : 5,874,388,275 : 18%
2022-12-06 16:47:30 : 42,800,000 : 0 : 5,888,020,075 : 18%
2022-12-06 17:01:42 : 42,900,000 : 0 : 5,901,651,875 : 18%
2022-12-06 17:16:03 : 43,000,000 : 0 : 5,915,283,675 : 18%
2022-12-06 17:29:54 : 43,100,000 : 0 : 5,942,154,050 : 18%
2022-12-06 17:43:50 : 43,200,000 : 0 : 5,955,130,475 : 18%
2022-12-06 17:56:52 : 43,300,000 : 0 : 5,968,500,125 : 18%
2022-12-06 18:10:29 : 43,400,000 : 0 : 5,982,000,850 : 18%
2022-12-06 18:24:21 : 43,500,000 : 0 : 5,995,632,650 : 18%
2022-12-06 18:38:18 : 43,600,000 : 0 : 6,009,264,450 : 18%
2022-12-06 18:52:09 : 43,700,000 : 0 : 6,022,896,250 : 18%
2022-12-06 19:06:13 : 43,800,000 : 0 : 6,036,396,975 : 18%
2022-12-06 19:20:35 : 43,900,000 : 0 : 6,049,897,700 : 18%
2022-12-06 19:34:39 : 44,000,000 : 0 : 6,063,267,350 : 19%
2022-12-06 19:48:31 : 44,100,000 : 0 : 6,076,768,075 : 19%
2022-12-06 20:02:19 : 44,200,000 : 0 : 6,090,268,800 : 19%
2022-12-06 20:16:13 : 44,300,000 : 0 : 6,103,638,450 : 19%
2022-12-06 20:29:52 : 44,400,000 : 0 : 6,116,877,025 : 19%
2022-12-06 20:43:50 : 44,500,000 : 0 : 6,130,246,675 : 19%
2022-12-06 20:57:38 : 44,600,000 : 0 : 6,143,616,325 : 19%
2022-12-06 21:11:40 : 44,700,000 : 0 : 6,156,985,975 : 19%
2022-12-06 21:25:53 : 44,800,000 : 0 : 6,170,486,700 : 19%
2022-12-06 21:40:12 : 44,900,000 : 0 : 6,183,856,350 : 19%
2022-12-06 21:54:40 : 45,000,000 : 0 : 6,197,357,075 : 19%
2022-12-06 22:09:30 : 45,100,000 : 0 : 6,210,726,725 : 19%
2022-12-06 22:24:32 : 45,200,000 : 0 : 6,237,466,025 : 19%
2022-12-06 22:39:48 : 45,300,000 : 0 : 6,250,835,675 : 19%
2022-12-06 22:55:18 : 45,400,000 : 0 : 6,264,205,325 : 19%
2022-12-06 23:11:00 : 45,500,000 : 0 : 6,277,574,975 : 19%
2022-12-06 23:26:43 : 45,600,000 : 0 : 6,290,813,550 : 19%
2022-12-06 23:42:26 : 45,700,000 : 0 : 6,304,183,200 : 19%
2022-12-06 23:58:28 : 45,800,000 : 0 : 6,317,552,850 : 19%
2022-12-07 00:14:41 : 45,900,000 : 0 : 6,330,660,350 : 19%
2022-12-07 00:30:52 : 46,000,000 : 0 : 6,343,898,925 : 19%
2022-12-07 00:47:18 : 46,100,000 : 0 : 6,357,137,500 : 19%
2022-12-07 01:03:55 : 46,200,000 : 0 : 6,370,245,000 : 19%
2022-12-07 01:20:50 : 46,300,000 : 0 : 6,383,221,425 : 19%
2022-12-07 01:37:38 : 46,400,000 : 0 : 6,396,197,850 : 20%
2022-12-07 01:54:22 : 46,500,000 : 0 : 6,409,174,275 : 20%
2022-12-07 02:11:00 : 46,600,000 : 0 : 6,422,150,700 : 20%
2022-12-07 02:27:42 : 46,700,000 : 0 : 6,434,996,050 : 20%
2022-12-07 02:44:19 : 46,800,000 : 0 : 6,447,841,400 : 20%
2022-12-07 03:01:30 : 46,900,000 : 0 : 6,460,817,825 : 20%
2022-12-07 03:19:08 : 47,000,000 : 0 : 6,473,794,250 : 20%
2022-12-07 03:36:58 : 47,100,000 : 0 : 6,486,639,600 : 20%
2022-12-07 03:55:18 : 47,200,000 : 0 : 6,499,616,025 : 20%
2022-12-07 04:14:13 : 47,300,000 : 0 : 6,512,461,375 : 20%
2022-12-07 04:33:57 : 47,400,000 : 0 : 6,525,568,875 : 20%
2022-12-07 04:54:20 : 47,500,000 : 0 : 6,551,783,875 : 20%
2022-12-07 05:16:09 : 47,600,000 : 0 : 6,564,891,375 : 20%
2022-12-07 05:38:51 : 47,700,000 : 0 : 6,577,998,875 : 20%
2022-12-07 06:03:08 : 47,800,000 : 0 : 6,591,237,450 : 20%
2022-12-07 06:28:42 : 47,900,000 : 0 : 6,604,476,025 : 20%
2022-12-07 06:55:37 : 48,000,000 : 0 : 6,617,714,600 : 20%
2022-12-07 07:23:53 : 48,100,000 : 0 : 6,631,215,325 : 20%
2022-12-07 07:53:44 : 48,200,000 : 0 : 6,644,453,900 : 20%
2022-12-07 08:24:53 : 48,300,000 : 0 : 6,657,954,625 : 20%
2022-12-07 08:57:17 : 48,400,000 : 0 : 6,671,455,350 : 20%
2022-12-07 09:31:05 : 48,500,000 : 0 : 6,684,956,075 : 20%
2022-12-07 10:04:26 : 48,600,000 : 0 : 6,698,325,725 : 20%
2022-12-07 10:37:12 : 48,700,000 : 0 : 6,711,695,375 : 20%
2022-12-07 11:08:26 : 48,800,000 : 0 : 6,725,196,100 : 21%
2022-12-07 11:37:26 : 48,900,000 : 0 : 6,738,565,750 : 21%
2022-12-07 12:04:06 : 49,000,000 : 0 : 6,752,066,475 : 21%
2022-12-07 12:28:36 : 49,100,000 : 0 : 6,765,436,125 : 21%
2022-12-07 12:51:05 : 49,200,000 : 0 : 6,778,805,775 : 21%
2022-12-07 13:12:05 : 49,300,000 : 0 : 6,792,306,500 : 21%
2022-12-07 13:31:57 : 49,400,000 : 0 : 6,805,807,225 : 21%
2022-12-07 13:50:30 : 49,500,000 : 0 : 6,819,176,875 : 21%
2022-12-07 14:08:16 : 49,600,000 : 0 : 6,832,677,600 : 21%
2022-12-07 14:25:11 : 49,700,000 : 0 : 6,859,810,125 : 21%
2022-12-07 14:41:38 : 49,800,000 : 0 : 6,873,441,925 : 21%
2022-12-07 14:57:31 : 49,900,000 : 0 : 6,887,073,725 : 21%
2022-12-07 15:13:04 : 50,000,000 : 0 : 6,900,705,525 : 21%
2022-12-07 15:28:13 : 50,100,000 : 0 : 6,914,468,400 : 21%
2022-12-07 15:43:15 : 50,200,000 : 0 : 6,928,100,200 : 21%
2022-12-07 15:57:53 : 50,300,000 : 0 : 6,941,863,075 : 21%
2022-12-07 16:12:53 : 50,400,000 : 0 : 6,955,494,875 : 21%
2022-12-07 16:27:40 : 50,500,000 : 0 : 6,969,257,750 : 21%
2022-12-07 16:42:13 : 50,600,000 : 0 : 6,983,020,625 : 21%
2022-12-07 16:56:50 : 50,700,000 : 0 : 6,996,783,500 : 21%
2022-12-07 17:11:07 : 50,800,000 : 0 : 7,010,415,300 : 21%
2022-12-07 17:25:11 : 50,900,000 : 0 : 7,024,047,100 : 21%
2022-12-07 17:39:24 : 51,000,000 : 0 : 7,037,678,900 : 21%
2022-12-07 17:53:27 : 51,100,000 : 0 : 7,051,441,775 : 22%
2022-12-07 18:07:44 : 51,200,000 : 0 : 7,065,204,650 : 22%
2022-12-07 18:21:59 : 51,300,000 : 0 : 7,078,836,450 : 22%
2022-12-07 18:36:14 : 51,400,000 : 0 : 7,092,599,325 : 22%
2022-12-07 18:50:28 : 51,500,000 : 0 : 7,106,362,200 : 22%
2022-12-07 19:04:45 : 51,600,000 : 0 : 7,119,994,000 : 22%
2022-12-07 19:19:06 : 51,700,000 : 0 : 7,133,625,800 : 22%
2022-12-07 19:33:36 : 51,800,000 : 0 : 7,161,020,475 : 22%
2022-12-07 19:48:03 : 51,900,000 : 0 : 7,174,652,275 : 22%
2022-12-07 20:02:16 : 52,000,000 : 0 : 7,188,284,075 : 22%
2022-12-07 20:16:30 : 52,100,000 : 0 : 7,201,784,800 : 22%
2022-12-07 20:30:32 : 52,200,000 : 0 : 7,215,416,600 : 22%
2022-12-07 20:45:04 : 52,300,000 : 0 : 7,228,917,325 : 22%
2022-12-07 20:59:07 : 52,400,000 : 0 : 7,242,418,050 : 22%
2022-12-07 21:13:39 : 52,500,000 : 0 : 7,255,918,775 : 22%
2022-12-07 21:29:24 : 52,600,000 : 0 : 7,269,157,350 : 22%
2022-12-07 21:43:45 : 52,700,000 : 0 : 7,282,527,000 : 22%
2022-12-07 21:58:02 : 52,800,000 : 0 : 7,296,027,725 : 22%
2022-12-07 22:12:53 : 52,900,000 : 0 : 7,309,397,375 : 22%
2022-12-07 22:27:50 : 53,000,000 : 0 : 7,322,767,025 : 22%
2022-12-07 22:43:00 : 53,100,000 : 0 : 7,336,005,600 : 22%
2022-12-07 22:58:08 : 53,200,000 : 0 : 7,349,375,250 : 22%
2022-12-07 23:13:33 : 53,300,000 : 0 : 7,362,744,900 : 22%
2022-12-07 23:29:03 : 53,400,000 : 0 : 7,375,983,475 : 23%
2022-12-07 23:44:53 : 53,500,000 : 0 : 7,389,222,050 : 23%
2022-12-08 00:00:47 : 53,600,000 : 0 : 7,402,460,625 : 23%
2022-12-08 00:16:59 : 53,700,000 : 0 : 7,415,699,200 : 23%
2022-12-08 00:33:23 : 53,800,000 : 0 : 7,428,937,775 : 23%
2022-12-08 00:49:35 : 53,900,000 : 0 : 7,455,152,775 : 23%
2022-12-08 01:05:50 : 54,000,000 : 0 : 7,468,129,200 : 23%
2022-12-08 01:22:09 : 54,100,000 : 0 : 7,481,105,625 : 23%
2022-12-08 01:38:33 : 54,200,000 : 0 : 7,494,082,050 : 23%
2022-12-08 01:54:49 : 54,300,000 : 0 : 7,506,927,400 : 23%
2022-12-08 02:11:12 : 54,400,000 : 0 : 7,519,903,825 : 23%
2022-12-08 02:27:45 : 54,500,000 : 0 : 7,532,880,250 : 23%
2022-12-08 02:44:37 : 54,600,000 : 0 : 7,545,725,600 : 23%
2022-12-08 03:01:41 : 54,700,000 : 0 : 7,558,702,025 : 23%
2022-12-08 03:19:13 : 54,800,000 : 0 : 7,571,547,375 : 23%
2022-12-08 03:36:56 : 54,900,000 : 0 : 7,584,654,875 : 23%
2022-12-08 03:55:00 : 55,000,000 : 0 : 7,597,631,300 : 23%
2022-12-08 04:13:51 : 55,100,000 : 0 : 7,610,607,725 : 23%
2022-12-08 04:32:59 : 55,200,000 : 0 : 7,623,453,075 : 23%
2022-12-08 04:52:56 : 55,300,000 : 0 : 7,636,429,500 : 23%
2022-12-08 05:14:21 : 55,400,000 : 0 : 7,649,537,000 : 23%
2022-12-08 05:36:31 : 55,500,000 : 0 : 7,662,513,425 : 23%
2022-12-08 06:00:06 : 55,600,000 : 0 : 7,675,620,925 : 23%
2022-12-08 06:25:05 : 55,700,000 : 0 : 7,688,859,500 : 23%
2022-12-08 06:51:57 : 55,800,000 : 0 : 7,702,229,150 : 24%
2022-12-08 07:20:14 : 55,900,000 : 0 : 7,715,467,725 : 24%
2022-12-08 07:49:47 : 56,000,000 : 0 : 7,728,837,375 : 24%
2022-12-08 08:20:39 : 56,100,000 : 0 : 7,742,338,100 : 24%
2022-12-08 08:52:49 : 56,200,000 : 0 : 7,755,838,825 : 24%
2022-12-08 09:25:59 : 56,300,000 : 0 : 7,782,578,125 : 24%
2022-12-08 09:57:52 : 56,400,000 : 0 : 7,795,816,700 : 24%
2022-12-08 10:29:53 : 56,500,000 : 0 : 7,809,055,275 : 24%
2022-12-08 11:00:35 : 56,600,000 : 0 : 7,822,424,925 : 24%
2022-12-08 11:29:32 : 56,700,000 : 0 : 7,835,925,650 : 24%
2022-12-08 11:56:38 : 56,800,000 : 0 : 7,849,295,300 : 24%
2022-12-08 12:21:32 : 56,900,000 : 0 : 7,862,533,875 : 24%
2022-12-08 12:44:39 : 57,000,000 : 0 : 7,876,034,600 : 24%
2022-12-08 13:06:16 : 57,100,000 : 0 : 7,889,535,325 : 24%
2022-12-08 13:26:35 : 57,200,000 : 0 : 7,903,036,050 : 24%
2022-12-08 13:45:42 : 57,300,000 : 0 : 7,916,405,700 : 24%
2022-12-08 14:03:40 : 57,400,000 : 0 : 7,929,906,425 : 24%
2022-12-08 14:20:44 : 57,500,000 : 0 : 7,943,407,150 : 24%
2022-12-08 14:37:11 : 57,600,000 : 0 : 7,956,907,875 : 24%
2022-12-08 14:53:01 : 57,700,000 : 0 : 7,970,408,600 : 24%
2022-12-08 15:08:37 : 57,800,000 : 0 : 7,984,040,400 : 24%
2022-12-08 15:23:37 : 57,900,000 : 0 : 7,997,541,125 : 24%
2022-12-08 15:38:32 : 58,000,000 : 0 : 8,011,041,850 : 24%
2022-12-08 15:53:23 : 58,100,000 : 0 : 8,024,673,650 : 25%
2022-12-08 16:08:03 : 58,200,000 : 0 : 8,038,305,450 : 25%
2022-12-08 16:22:36 : 58,300,000 : 0 : 8,051,806,175 : 25%
2022-12-08 16:36:58 : 58,400,000 : 0 : 8,065,437,975 : 25%
2022-12-08 16:51:06 : 58,500,000 : 0 : 8,092,570,500 : 25%
2022-12-08 17:05:11 : 58,600,000 : 0 : 8,105,940,150 : 25%
2022-12-08 17:18:59 : 58,700,000 : 0 : 8,119,571,950 : 25%
2022-12-08 17:32:57 : 58,800,000 : 0 : 8,133,203,750 : 25%
2022-12-08 17:46:54 : 58,900,000 : 0 : 8,146,835,550 : 25%
2022-12-08 18:00:56 : 59,000,000 : 0 : 8,160,467,350 : 25%
2022-12-08 18:15:17 : 59,100,000 : 0 : 8,174,099,150 : 25%
2022-12-08 18:29:23 : 59,200,000 : 0 : 8,187,730,950 : 25%
2022-12-08 18:43:26 : 59,300,000 : 0 : 8,201,362,750 : 25%
2022-12-08 18:57:29 : 59,400,000 : 0 : 8,214,994,550 : 25%
2022-12-08 19:11:43 : 59,500,000 : 0 : 8,228,495,275 : 25%
2022-12-08 19:26:13 : 59,600,000 : 0 : 8,242,127,075 : 25%
2022-12-08 19:40:28 : 59,700,000 : 0 : 8,255,627,800 : 25%
2022-12-08 19:54:30 : 59,800,000 : 0 : 8,269,128,525 : 25%
2022-12-08 20:08:33 : 59,900,000 : 0 : 8,282,629,250 : 25%
2022-12-08 20:22:35 : 60,000,000 : 0 : 8,296,261,050 : 25%
2022-12-08 20:36:36 : 60,100,000 : 0 : 8,309,761,775 : 25%
2022-12-08 20:50:41 : 60,200,000 : 0 : 8,323,262,500 : 25%
2022-12-08 21:04:59 : 60,300,000 : 0 : 8,336,632,150 : 25%
2022-12-08 21:19:10 : 60,400,000 : 0 : 8,350,132,875 : 25%
2022-12-08 21:33:30 : 60,500,000 : 0 : 8,363,502,525 : 26%
2022-12-08 21:48:23 : 60,600,000 : 0 : 8,390,372,900 : 26%
2022-12-08 22:03:03 : 60,700,000 : 0 : 8,403,742,550 : 26%
2022-12-08 22:18:06 : 60,800,000 : 0 : 8,417,112,200 : 26%
2022-12-08 22:33:18 : 60,900,000 : 0 : 8,430,481,850 : 26%
2022-12-08 22:48:31 : 61,000,000 : 0 : 8,443,720,425 : 26%
2022-12-08 23:03:48 : 61,100,000 : 0 : 8,456,959,000 : 26%
2022-12-08 23:19:25 : 61,200,000 : 0 : 8,470,328,650 : 26%
2022-12-08 23:35:22 : 61,300,000 : 0 : 8,483,567,225 : 26%
2022-12-08 23:51:30 : 61,400,000 : 0 : 8,496,936,875 : 26%
2022-12-09 00:08:00 : 61,500,000 : 0 : 8,510,306,525 : 26%
2022-12-09 00:24:38 : 61,600,000 : 0 : 8,523,545,100 : 26%
2022-12-09 00:41:31 : 61,700,000 : 0 : 8,536,652,600 : 26%
2022-12-09 00:58:45 : 61,800,000 : 0 : 8,549,760,100 : 26%
2022-12-09 01:15:48 : 61,900,000 : 0 : 8,562,605,450 : 26%
2022-12-09 01:32:55 : 62,000,000 : 0 : 8,575,581,875 : 26%
2022-12-09 01:50:00 : 62,100,000 : 0 : 8,588,427,225 : 26%
2022-12-09 02:07:03 : 62,200,000 : 0 : 8,601,141,500 : 26%
2022-12-09 02:23:46 : 62,300,000 : 0 : 8,613,855,775 : 26%
2022-12-09 02:40:38 : 62,400,000 : 0 : 8,626,701,125 : 26%
2022-12-09 02:58:13 : 62,500,000 : 0 : 8,639,546,475 : 26%
2022-12-09 03:16:02 : 62,600,000 : 0 : 8,652,260,750 : 26%
2022-12-09 03:33:58 : 62,700,000 : 0 : 8,665,106,100 : 26%
2022-12-09 03:52:14 : 62,800,000 : 0 : 8,677,820,375 : 26%
2022-12-09 04:10:09 : 62,900,000 : 0 : 8,690,534,650 : 27%
2022-12-09 04:27:25 : 63,000,000 : 0 : 8,702,855,700 : 27%
2022-12-09 04:47:02 : 63,100,000 : 0 : 8,728,677,475 : 27%
2022-12-09 05:07:38 : 63,200,000 : 0 : 8,741,653,900 : 27%
2022-12-09 05:29:14 : 63,300,000 : 0 : 8,754,630,325 : 27%
2022-12-09 05:51:59 : 63,400,000 : 0 : 8,767,868,900 : 27%
2022-12-09 06:16:23 : 63,500,000 : 0 : 8,780,976,400 : 27%
2022-12-09 06:42:02 : 63,600,000 : 0 : 8,794,214,975 : 27%
2022-12-09 07:09:19 : 63,700,000 : 0 : 8,807,453,550 : 27%
2022-12-09 07:38:11 : 63,800,000 : 0 : 8,820,692,125 : 27%
2022-12-09 08:08:17 : 63,900,000 : 0 : 8,834,061,775 : 27%
2022-12-09 08:39:10 : 64,000,000 : 0 : 8,847,300,350 : 27%
2022-12-09 09:10:50 : 64,100,000 : 0 : 8,860,538,925 : 27%
2022-12-09 09:42:40 : 64,200,000 : 0 : 8,873,646,425 : 27%
2022-12-09 10:14:26 : 64,300,000 : 0 : 8,886,885,000 : 27%
2022-12-09 10:45:28 : 64,400,000 : 0 : 8,900,123,575 : 27%
2022-12-09 11:14:42 : 64,500,000 : 0 : 8,913,231,075 : 27%
2022-12-09 11:42:05 : 64,600,000 : 0 : 8,926,338,575 : 27%
2022-12-09 12:07:23 : 64,700,000 : 0 : 8,939,577,150 : 27%
2022-12-09 12:31:03 : 64,800,000 : 0 : 8,952,684,650 : 27%
2022-12-09 12:52:56 : 64,900,000 : 0 : 8,966,054,300 : 27%
2022-12-09 13:13:32 : 65,000,000 : 0 : 8,979,423,950 : 27%
2022-12-09 13:33:02 : 65,100,000 : 0 : 8,992,793,600 : 27%
2022-12-09 13:51:21 : 65,200,000 : 0 : 9,006,163,250 : 28%
2022-12-09 14:08:55 : 65,300,000 : 0 : 9,019,795,050 : 28%
2022-12-09 14:25:36 : 65,400,000 : 0 : 9,033,164,700 : 28%
2022-12-09 14:42:00 : 65,500,000 : 0 : 9,060,297,225 : 28%
2022-12-09 14:57:50 : 65,600,000 : 0 : 9,073,929,025 : 28%
2022-12-09 15:13:28 : 65,700,000 : 0 : 9,087,298,675 : 28%
2022-12-09 15:28:48 : 65,800,000 : 0 : 9,100,799,400 : 28%
2022-12-09 15:43:40 : 65,900,000 : 0 : 9,114,431,200 : 28%
2022-12-09 15:58:10 : 66,000,000 : 0 : 9,127,931,925 : 28%
2022-12-09 16:12:42 : 66,100,000 : 0 : 9,141,432,650 : 28%
2022-12-09 16:27:22 : 66,200,000 : 0 : 9,154,802,300 : 28%
2022-12-09 16:41:44 : 66,300,000 : 0 : 9,168,303,025 : 28%
2022-12-09 16:55:55 : 66,400,000 : 0 : 9,181,541,600 : 28%
2022-12-09 17:09:56 : 66,500,000 : 0 : 9,194,649,100 : 28%
2022-12-09 17:23:44 : 66,600,000 : 0 : 9,208,018,750 : 28%
2022-12-09 17:37:20 : 66,700,000 : 0 : 9,220,995,175 : 28%
2022-12-09 17:50:41 : 66,800,000 : 0 : 9,233,447,300 : 28%
2022-12-09 18:03:35 : 66,900,000 : 0 : 9,246,685,875 : 28%
2022-12-09 18:17:05 : 67,000,000 : 0 : 9,260,186,600 : 28%
2022-12-09 18:30:54 : 67,100,000 : 0 : 9,273,687,325 : 28%
2022-12-09 18:44:51 : 67,200,000 : 0 : 9,287,188,050 : 28%
2022-12-09 18:58:48 : 67,300,000 : 0 : 9,300,688,775 : 28%
2022-12-09 19:13:22 : 67,400,000 : 0 : 9,314,189,500 : 28%
2022-12-09 19:28:11 : 67,500,000 : 0 : 9,327,690,225 : 28%
2022-12-09 19:42:42 : 67,600,000 : 0 : 9,354,429,525 : 29%
2022-12-09 19:57:10 : 67,700,000 : 0 : 9,367,799,175 : 29%
2022-12-09 20:11:36 : 67,800,000 : 0 : 9,381,037,750 : 29%
2022-12-09 20:26:09 : 67,900,000 : 0 : 9,394,145,250 : 29%
2022-12-09 20:40:24 : 68,000,000 : 0 : 9,406,990,600 : 29%
2022-12-09 20:54:15 : 68,100,000 : 0 : 9,419,704,875 : 29%
2022-12-09 21:07:58 : 68,200,000 : 0 : 9,432,419,150 : 29%
2022-12-09 21:22:29 : 68,300,000 : 0 : 9,445,526,650 : 29%
2022-12-09 21:37:06 : 68,400,000 : 0 : 9,458,503,075 : 29%
2022-12-09 21:51:59 : 68,500,000 : 0 : 9,471,217,350 : 29%
2022-12-09 22:06:45 : 68,600,000 : 0 : 9,484,062,700 : 29%
2022-12-09 22:21:38 : 68,700,000 : 0 : 9,497,301,275 : 29%
2022-12-09 22:36:50 : 68,800,000 : 0 : 9,510,408,775 : 29%
2022-12-09 22:52:16 : 68,900,000 : 0 : 9,523,516,275 : 29%
2022-12-09 23:07:58 : 69,000,000 : 0 : 9,536,754,850 : 29%
2022-12-09 23:23:54 : 69,100,000 : 0 : 9,549,862,350 : 29%
2022-12-09 23:40:16 : 69,200,000 : 0 : 9,563,100,925 : 29%
2022-12-09 23:56:56 : 69,300,000 : 0 : 9,576,208,425 : 29%
2022-12-10 00:13:39 : 69,400,000 : 0 : 9,589,447,000 : 29%
2022-12-10 00:30:55 : 69,500,000 : 0 : 9,602,423,425 : 29%
2022-12-10 00:48:14 : 69,600,000 : 0 : 9,615,530,925 : 29%
2022-12-10 01:05:47 : 69,700,000 : 0 : 9,628,507,350 : 29%
2022-12-10 01:23:44 : 69,800,000 : 0 : 9,641,483,775 : 29%
2022-12-10 01:41:35 : 69,900,000 : 0 : 9,654,329,125 : 29%
2022-12-10 01:59:43 : 70,000,000 : 0 : 9,680,150,900 : 30%
2022-12-10 02:18:03 : 70,100,000 : 0 : 9,692,865,175 : 30%
2022-12-10 02:36:06 : 70,200,000 : 0 : 9,705,448,375 : 30%
2022-12-10 02:54:12 : 70,300,000 : 0 : 9,718,293,725 : 30%
2022-12-10 03:12:57 : 70,400,000 : 0 : 9,730,876,925 : 30%
2022-12-10 03:32:00 : 70,500,000 : 0 : 9,743,722,275 : 30%
2022-12-10 03:51:38 : 70,600,000 : 0 : 9,756,305,475 : 30%
2022-12-10 04:11:45 : 70,700,000 : 0 : 9,769,150,825 : 30%
2022-12-10 04:32:50 : 70,800,000 : 0 : 9,781,996,175 : 30%
2022-12-10 04:54:30 : 70,900,000 : 0 : 9,794,841,525 : 30%
2022-12-10 05:17:08 : 71,000,000 : 0 : 9,807,555,800 : 30%
2022-12-10 05:40:23 : 71,100,000 : 0 : 9,820,401,150 : 30%
2022-12-10 06:05:36 : 71,200,000 : 0 : 9,833,246,500 : 30%
2022-12-10 06:32:11 : 71,300,000 : 0 : 9,846,222,925 : 30%
2022-12-10 07:00:11 : 71,400,000 : 0 : 9,859,199,350 : 30%
2022-12-10 07:29:53 : 71,500,000 : 0 : 9,872,175,775 : 30%
2022-12-10 08:00:08 : 71,600,000 : 0 : 9,885,021,125 : 30%
2022-12-10 08:30:36 : 71,700,000 : 0 : 9,897,997,550 : 30%
2022-12-10 09:01:43 : 71,800,000 : 0 : 9,910,842,900 : 30%
2022-12-10 09:33:04 : 71,900,000 : 0 : 9,923,688,250 : 30%
2022-12-10 10:04:48 : 72,000,000 : 0 : 9,936,533,600 : 30%
2022-12-10 10:36:56 : 72,100,000 : 0 : 9,949,510,025 : 30%
2022-12-10 11:08:29 : 72,200,000 : 0 : 9,962,617,525 : 30%
2022-12-10 11:39:06 : 72,300,000 : 0 : 9,975,593,950 : 30%
2022-12-10 12:08:01 : 72,400,000 : 0 : 9,988,439,300 : 31%
2022-12-10 12:34:56 : 72,500,000 : 0 : 10,001,415,725 : 31%
2022-12-10 12:59:40 : 72,600,000 : 0 : 10,014,523,225 : 31%
2022-12-10 13:22:18 : 72,700,000 : 0 : 10,040,607,150 : 31%
2022-12-10 13:44:03 : 72,800,000 : 0 : 10,053,714,650 : 31%
2022-12-10 14:04:16 : 72,900,000 : 0 : 10,066,822,150 : 31%
2022-12-10 14:23:17 : 73,000,000 : 0 : 10,079,929,650 : 31%
2022-12-10 14:41:47 : 73,100,000 : 0 : 10,093,037,150 : 31%
2022-12-10 14:59:42 : 73,200,000 : 0 : 10,106,275,725 : 31%
2022-12-10 15:17:12 : 73,300,000 : 0 : 10,119,514,300 : 31%
2022-12-10 15:33:55 : 73,400,000 : 0 : 10,132,621,800 : 31%
2022-12-10 15:49:36 : 73,500,000 : 0 : 10,145,729,300 : 31%
2022-12-10 16:04:53 : 73,600,000 : 0 : 10,158,967,875 : 31%
2022-12-10 16:20:47 : 73,700,000 : 0 : 10,172,206,450 : 31%
2022-12-10 16:36:25 : 73,800,000 : 0 : 10,185,313,950 : 31%
2022-12-10 16:51:43 : 73,900,000 : 0 : 10,198,028,225 : 31%
2022-12-10 17:06:01 : 74,000,000 : 0 : 10,211,004,650 : 31%
2022-12-10 17:20:25 : 74,100,000 : 0 : 10,224,112,150 : 31%
2022-12-10 17:34:58 : 74,200,000 : 0 : 10,237,219,650 : 31%
2022-12-10 17:49:33 : 74,300,000 : 0 : 10,250,327,150 : 31%
2022-12-10 18:04:15 : 74,400,000 : 0 : 10,263,565,725 : 31%
2022-12-10 18:19:34 : 74,500,000 : 0 : 10,276,804,300 : 31%
2022-12-10 18:34:47 : 74,600,000 : 0 : 10,290,042,875 : 31%
2022-12-10 18:50:01 : 74,700,000 : 0 : 10,303,412,525 : 31%
2022-12-10 19:05:22 : 74,800,000 : 0 : 10,316,520,025 : 32%
2022-12-10 19:21:06 : 74,900,000 : 0 : 10,329,496,450 : 32%
2022-12-10 19:36:15 : 75,000,000 : 0 : 10,342,210,725 : 32%
2022-12-10 19:51:40 : 75,100,000 : 0 : 10,355,187,150 : 32%
2022-12-10 20:06:04 : 75,200,000 : 0 : 10,368,032,500 : 32%
2022-12-10 20:21:17 : 75,300,000 : 0 : 10,393,592,125 : 32%
2022-12-10 20:36:18 : 75,400,000 : 0 : 10,405,651,025 : 32%
2022-12-10 20:50:15 : 75,500,000 : 0 : 10,418,103,150 : 32%
2022-12-10 21:04:52 : 75,600,000 : 0 : 10,430,686,350 : 32%
2022-12-10 21:19:14 : 75,700,000 : 0 : 10,443,531,700 : 32%
2022-12-10 21:34:28 : 75,800,000 : 0 : 10,456,508,125 : 32%
2022-12-10 21:49:58 : 75,900,000 : 0 : 10,469,484,550 : 32%
2022-12-10 22:05:57 : 76,000,000 : 0 : 10,482,460,975 : 32%
2022-12-10 22:22:18 : 76,100,000 : 0 : 10,495,568,475 : 32%
2022-12-10 22:39:11 : 76,200,000 : 0 : 10,508,675,975 : 32%
2022-12-10 22:56:01 : 76,300,000 : 0 : 10,521,783,475 : 32%
2022-12-10 23:12:46 : 76,400,000 : 0 : 10,534,759,900 : 32%
2022-12-10 23:29:38 : 76,500,000 : 0 : 10,547,736,325 : 32%
2022-12-10 23:46:43 : 76,600,000 : 0 : 10,560,712,750 : 32%
2022-12-11 00:03:54 : 76,700,000 : 0 : 10,573,820,250 : 32%
2022-12-11 00:21:34 : 76,800,000 : 0 : 10,586,796,675 : 32%
2022-12-11 00:39:11 : 76,900,000 : 0 : 10,599,773,100 : 32%
2022-12-11 00:57:09 : 77,000,000 : 0 : 10,612,749,525 : 32%
2022-12-11 01:15:36 : 77,100,000 : 0 : 10,625,725,950 : 32%
2022-12-11 01:34:04 : 77,200,000 : 0 : 10,638,440,225 : 32%
2022-12-11 01:52:22 : 77,300,000 : 0 : 10,651,285,575 : 33%
2022-12-11 02:10:37 : 77,400,000 : 0 : 10,663,999,850 : 33%
2022-12-11 02:29:00 : 77,500,000 : 0 : 10,676,714,125 : 33%
2022-12-11 02:47:32 : 77,600,000 : 0 : 10,689,297,325 : 33%
2022-12-11 03:06:39 : 77,700,000 : 0 : 10,702,011,600 : 33%
2022-12-11 03:26:17 : 77,800,000 : 0 : 10,714,856,950 : 33%
2022-12-11 03:44:59 : 77,900,000 : 0 : 10,727,309,075 : 33%
2022-12-11 04:04:06 : 78,000,000 : 0 : 10,751,557,950 : 33%
2022-12-11 04:21:53 : 78,100,000 : 0 : 10,763,879,000 : 33%
2022-12-11 04:41:32 : 78,200,000 : 0 : 10,775,806,825 : 33%
2022-12-11 05:00:45 : 78,300,000 : 0 : 10,787,734,650 : 33%
2022-12-11 05:20:07 : 78,400,000 : 0 : 10,799,269,250 : 33%
2022-12-11 05:38:52 : 78,500,000 : 0 : 10,811,197,075 : 33%
2022-12-11 06:00:09 : 78,600,000 : 0 : 10,822,731,675 : 33%
2022-12-11 06:20:34 : 78,700,000 : 0 : 10,834,659,500 : 33%
2022-12-11 06:42:50 : 78,800,000 : 0 : 10,846,980,550 : 33%
2022-12-11 07:08:14 : 78,900,000 : 0 : 10,860,088,050 : 33%
2022-12-11 07:37:13 : 79,000,000 : 0 : 10,873,195,550 : 33%
2022-12-11 08:07:42 : 79,100,000 : 0 : 10,886,303,050 : 33%
2022-12-11 08:38:31 : 79,200,000 : 0 : 10,899,410,550 : 33%
2022-12-11 09:09:50 : 79,300,000 : 0 : 10,912,518,050 : 33%
2022-12-11 09:41:32 : 79,400,000 : 0 : 10,925,756,625 : 33%
2022-12-11 10:13:28 : 79,500,000 : 0 : 10,938,733,050 : 33%
2022-12-11 10:45:29 : 79,600,000 : 0 : 10,951,840,550 : 33%
2022-12-11 11:17:00 : 79,700,000 : 0 : 10,964,816,975 : 33%
2022-12-11 11:47:37 : 79,800,000 : 0 : 10,977,924,475 : 34%
2022-12-11 12:16:47 : 79,900,000 : 0 : 10,990,507,675 : 34%
2022-12-11 12:39:50 : 80,000,000 : 0 : 11,002,566,575 : 34%
2022-12-11 13:02:03 : 80,100,000 : 0 : 11,014,887,625 : 34%
2022-12-11 13:23:10 : 80,200,000 : 0 : 11,027,077,600 : 34%
2022-12-11 13:43:11 : 80,300,000 : 0 : 11,039,398,650 : 34%
2022-12-11 14:01:54 : 80,400,000 : 0 : 11,051,719,700 : 34%
2022-12-11 14:19:11 : 80,500,000 : 0 : 11,063,909,675 : 34%
2022-12-11 14:35:50 : 80,600,000 : 0 : 11,076,230,725 : 34%
2022-12-11 14:52:12 : 80,700,000 : 0 : 11,088,551,775 : 34%
2022-12-11 15:07:56 : 80,800,000 : 0 : 11,101,003,900 : 34%
2022-12-11 15:24:46 : 80,900,000 : 0 : 11,113,849,250 : 34%
2022-12-11 15:40:16 : 81,000,000 : 0 : 11,126,694,600 : 34%
2022-12-11 15:55:29 : 81,100,000 : 0 : 11,139,408,875 : 34%
2022-12-11 16:10:39 : 81,200,000 : 0 : 11,152,385,300 : 34%
2022-12-11 16:25:35 : 81,300,000 : 0 : 11,165,099,575 : 34%
2022-12-11 16:40:58 : 81,400,000 : 0 : 11,178,469,225 : 34%
2022-12-11 16:56:22 : 81,500,000 : 0 : 11,191,838,875 : 34%
2022-12-11 17:11:44 : 81,600,000 : 0 : 11,205,208,525 : 34%
2022-12-11 17:27:01 : 81,700,000 : 0 : 11,218,578,175 : 34%
2022-12-11 17:42:17 : 81,800,000 : 0 : 11,244,924,250 : 34%
2022-12-11 17:56:21 : 81,900,000 : 0 : 11,257,769,600 : 34%
2022-12-11 18:10:17 : 82,000,000 : 0 : 11,270,352,800 : 34%
2022-12-11 18:23:37 : 82,100,000 : 0 : 11,283,329,225 : 34%
2022-12-11 18:37:34 : 82,200,000 : 0 : 11,296,043,500 : 34%
2022-12-11 18:51:20 : 82,300,000 : 0 : 11,308,757,775 : 35%
2022-12-11 19:05:09 : 82,400,000 : 0 : 11,321,603,125 : 35%
2022-12-11 19:19:15 : 82,500,000 : 0 : 11,334,317,400 : 35%
2022-12-11 19:33:23 : 82,600,000 : 0 : 11,347,162,750 : 35%
2022-12-11 19:47:53 : 82,700,000 : 0 : 11,359,877,025 : 35%
2022-12-11 20:01:15 : 82,800,000 : 0 : 11,372,198,075 : 35%
2022-12-11 20:14:29 : 82,900,000 : 0 : 11,384,519,125 : 35%
2022-12-11 20:28:00 : 83,000,000 : 0 : 11,397,233,400 : 35%
2022-12-11 20:42:15 : 83,100,000 : 0 : 11,409,816,600 : 35%
2022-12-11 20:56:18 : 83,200,000 : 0 : 11,422,530,875 : 35%
2022-12-11 21:10:45 : 83,300,000 : 0 : 11,435,245,150 : 35%
2022-12-11 21:25:22 : 83,400,000 : 0 : 11,448,221,575 : 35%
2022-12-11 21:40:19 : 83,500,000 : 0 : 11,461,198,000 : 35%
2022-12-11 21:55:26 : 83,600,000 : 0 : 11,474,174,425 : 35%
2022-12-11 22:10:43 : 83,700,000 : 0 : 11,487,150,850 : 35%
2022-12-11 22:26:09 : 83,800,000 : 0 : 11,499,865,125 : 35%
2022-12-11 22:41:35 : 83,900,000 : 0 : 11,512,710,475 : 35%
2022-12-11 22:57:03 : 84,000,000 : 0 : 11,525,555,825 : 35%
2022-12-11 23:12:32 : 84,100,000 : 0 : 11,538,270,100 : 35%
2022-12-11 23:28:15 : 84,200,000 : 0 : 11,551,115,450 : 35%
2022-12-11 23:44:06 : 84,300,000 : 0 : 11,563,960,800 : 35%
2022-12-11 23:59:50 : 84,400,000 : 0 : 11,589,389,350 : 35%
2022-12-12 00:15:43 : 84,500,000 : 0 : 11,602,234,700 : 35%
2022-12-12 00:32:01 : 84,600,000 : 0 : 11,615,080,050 : 35%
2022-12-12 00:48:37 : 84,700,000 : 0 : 11,628,056,475 : 36%
2022-12-12 01:05:44 : 84,800,000 : 0 : 11,641,032,900 : 36%
2022-12-12 01:22:50 : 84,900,000 : 0 : 11,653,878,250 : 36%
2022-12-12 01:39:47 : 85,000,000 : 0 : 11,666,592,525 : 36%
2022-12-12 01:56:29 : 85,100,000 : 0 : 11,679,306,800 : 36%
2022-12-12 02:13:13 : 85,200,000 : 0 : 11,692,021,075 : 36%
2022-12-12 02:29:49 : 85,300,000 : 0 : 11,704,997,500 : 36%
2022-12-12 02:47:17 : 85,400,000 : 0 : 11,717,842,850 : 36%
2022-12-12 03:05:00 : 85,500,000 : 0 : 11,730,688,200 : 36%
2022-12-12 03:22:47 : 85,600,000 : 0 : 11,743,402,475 : 36%
2022-12-12 03:40:17 : 85,700,000 : 0 : 11,756,247,825 : 36%
2022-12-12 03:58:13 : 85,800,000 : 0 : 11,769,093,175 : 36%
2022-12-12 04:17:01 : 85,900,000 : 0 : 11,781,938,525 : 36%
2022-12-12 04:36:17 : 86,000,000 : 0 : 11,794,783,875 : 36%
2022-12-12 04:56:40 : 86,100,000 : 0 : 11,807,760,300 : 36%
2022-12-12 05:18:16 : 86,200,000 : 0 : 11,820,867,800 : 36%
2022-12-12 05:40:37 : 86,300,000 : 0 : 11,833,975,300 : 36%
2022-12-12 06:04:27 : 86,400,000 : 0 : 11,846,951,725 : 36%
2022-12-12 06:29:42 : 86,500,000 : 0 : 11,860,190,300 : 36%
2022-12-12 06:55:59 : 86,600,000 : 0 : 11,873,297,800 : 36%
2022-12-12 07:23:43 : 86,700,000 : 0 : 11,886,405,300 : 36%
2022-12-12 07:52:19 : 86,800,000 : 0 : 11,899,512,800 : 36%
2022-12-12 08:22:02 : 86,900,000 : 0 : 11,925,989,950 : 36%
2022-12-12 08:52:52 : 87,000,000 : 0 : 11,939,359,600 : 36%
2022-12-12 09:25:26 : 87,100,000 : 0 : 11,952,598,175 : 36%
2022-12-12 09:57:46 : 87,200,000 : 0 : 11,965,967,825 : 37%
2022-12-12 10:29:46 : 87,300,000 : 0 : 11,979,206,400 : 37%
2022-12-12 11:00:32 : 87,400,000 : 0 : 11,992,576,050 : 37%
2022-12-12 11:29:37 : 87,500,000 : 0 : 12,005,814,625 : 37%
2022-12-12 11:56:14 : 87,600,000 : 0 : 12,019,315,350 : 37%
2022-12-12 12:21:13 : 87,700,000 : 0 : 12,032,685,000 : 37%
2022-12-12 12:44:29 : 87,800,000 : 0 : 12,045,923,575 : 37%
2022-12-12 13:05:55 : 87,900,000 : 0 : 12,059,293,225 : 37%
2022-12-12 13:26:02 : 88,000,000 : 0 : 12,072,531,800 : 37%
2022-12-12 13:45:02 : 88,100,000 : 0 : 12,085,901,450 : 37%
2022-12-12 14:03:13 : 88,200,000 : 0 : 12,099,271,100 : 37%
2022-12-12 14:20:41 : 88,300,000 : 0 : 12,112,771,825 : 37%
2022-12-12 14:37:31 : 88,400,000 : 0 : 12,126,272,550 : 37%
2022-12-12 14:53:52 : 88,500,000 : 0 : 12,139,642,200 : 37%
2022-12-12 15:09:42 : 88,600,000 : 0 : 12,153,142,925 : 37%
2022-12-12 15:25:12 : 88,700,000 : 0 : 12,166,643,650 : 37%
2022-12-12 15:40:27 : 88,800,000 : 0 : 12,180,144,375 : 37%
2022-12-12 15:55:30 : 88,900,000 : 0 : 12,193,776,175 : 37%
2022-12-12 16:10:36 : 89,000,000 : 0 : 12,207,407,975 : 37%
2022-12-12 16:25:25 : 89,100,000 : 0 : 12,234,671,575 : 37%
2022-12-12 16:40:08 : 89,200,000 : 0 : 12,248,303,375 : 37%
2022-12-12 16:54:27 : 89,300,000 : 0 : 12,261,935,175 : 37%
2022-12-12 17:08:53 : 89,400,000 : 0 : 12,275,435,900 : 37%
2022-12-12 17:23:10 : 89,500,000 : 0 : 12,289,067,700 : 38%
2022-12-12 17:37:16 : 89,600,000 : 0 : 12,302,568,425 : 38%
2022-12-12 17:51:12 : 89,700,000 : 0 : 12,316,200,225 : 38%
2022-12-12 18:05:12 : 89,800,000 : 0 : 12,329,569,875 : 38%
2022-12-12 18:18:50 : 89,900,000 : 0 : 12,342,808,450 : 38%
2022-12-12 18:32:47 : 90,000,000 : 0 : 12,356,440,250 : 38%
2022-12-12 18:46:37 : 90,100,000 : 0 : 12,369,940,975 : 38%
2022-12-12 19:00:20 : 90,200,000 : 0 : 12,383,310,625 : 38%
2022-12-12 19:14:10 : 90,300,000 : 0 : 12,396,811,350 : 38%
2022-12-12 19:28:22 : 90,400,000 : 0 : 12,410,312,075 : 38%
2022-12-12 19:42:25 : 90,500,000 : 0 : 12,423,943,875 : 38%
2022-12-12 19:56:28 : 90,600,000 : 0 : 12,437,444,600 : 38%
2022-12-12 20:10:31 : 90,700,000 : 0 : 12,450,945,325 : 38%
2022-12-12 20:24:28 : 90,800,000 : 0 : 12,464,314,975 : 38%
2022-12-12 20:38:27 : 90,900,000 : 0 : 12,477,946,775 : 38%
2022-12-12 20:52:14 : 91,000,000 : 0 : 12,491,316,425 : 38%
2022-12-12 21:06:11 : 91,100,000 : 0 : 12,504,817,150 : 38%
2022-12-12 21:20:13 : 91,200,000 : 0 : 12,531,556,450 : 38%
2022-12-12 21:34:18 : 91,300,000 : 0 : 12,544,926,100 : 38%
2022-12-12 21:48:31 : 91,400,000 : 0 : 12,558,426,825 : 38%
2022-12-12 22:02:57 : 91,500,000 : 0 : 12,571,796,475 : 38%
2022-12-12 22:17:51 : 91,600,000 : 0 : 12,585,297,200 : 38%
2022-12-12 22:33:03 : 91,700,000 : 0 : 12,598,535,775 : 38%
2022-12-12 22:48:06 : 91,800,000 : 0 : 12,611,905,425 : 39%
2022-12-12 23:03:13 : 91,900,000 : 0 : 12,625,144,000 : 39%
2022-12-12 23:18:40 : 92,000,000 : 0 : 12,638,513,650 : 39%
2022-12-12 23:34:15 : 92,100,000 : 0 : 12,651,883,300 : 39%
2022-12-12 23:49:52 : 92,200,000 : 0 : 12,665,121,875 : 39%
2022-12-13 00:05:32 : 92,300,000 : 0 : 12,678,360,450 : 39%
2022-12-13 00:21:17 : 92,400,000 : 0 : 12,691,599,025 : 39%
2022-12-13 00:37:22 : 92,500,000 : 0 : 12,704,706,525 : 39%
2022-12-13 00:53:40 : 92,600,000 : 0 : 12,717,814,025 : 39%
2022-12-13 01:10:23 : 92,700,000 : 0 : 12,730,921,525 : 39%
2022-12-13 01:26:42 : 92,800,000 : 0 : 12,743,766,875 : 39%
2022-12-13 01:42:50 : 92,900,000 : 0 : 12,756,612,225 : 39%
2022-12-13 01:58:55 : 93,000,000 : 0 : 12,769,588,650 : 39%
2022-12-13 02:14:58 : 93,100,000 : 0 : 12,782,302,925 : 39%
2022-12-13 02:31:00 : 93,200,000 : 0 : 12,795,148,275 : 39%
2022-12-13 02:47:19 : 93,300,000 : 0 : 12,807,993,625 : 39%
2022-12-13 03:04:09 : 93,400,000 : 0 : 12,820,838,975 : 39%
2022-12-13 03:21:17 : 93,500,000 : 0 : 12,846,660,750 : 39%
2022-12-13 03:38:32 : 93,600,000 : 0 : 12,859,506,100 : 39%
2022-12-13 03:56:13 : 93,700,000 : 0 : 12,872,482,525 : 39%
2022-12-13 04:14:40 : 93,800,000 : 0 : 12,885,590,025 : 39%
2022-12-13 04:34:00 : 93,900,000 : 0 : 12,898,566,450 : 39%
2022-12-13 04:54:13 : 94,000,000 : 0 : 12,911,673,950 : 39%
2022-12-13 05:15:28 : 94,100,000 : 0 : 12,924,781,450 : 39%
2022-12-13 05:37:27 : 94,200,000 : 0 : 12,937,757,875 : 40%
2022-12-13 06:00:44 : 94,300,000 : 0 : 12,950,996,450 : 40%
2022-12-13 06:25:37 : 94,400,000 : 0 : 12,964,235,025 : 40%
2022-12-13 06:51:17 : 94,500,000 : 0 : 12,977,342,525 : 40%
2022-12-13 07:18:29 : 94,600,000 : 0 : 12,990,581,100 : 40%
2022-12-13 07:47:05 : 94,700,000 : 0 : 13,003,819,675 : 40%
2022-12-13 08:16:28 : 94,800,000 : 0 : 13,017,058,250 : 40%
2022-12-13 08:46:47 : 94,900,000 : 0 : 13,030,427,900 : 40%
2022-12-13 09:18:11 : 95,000,000 : 0 : 13,043,797,550 : 40%
2022-12-13 09:50:04 : 95,100,000 : 0 : 13,057,167,200 : 40%
2022-12-13 10:21:32 : 95,200,000 : 0 : 13,070,405,775 : 40%
2022-12-13 10:51:55 : 95,300,000 : 0 : 13,083,644,350 : 40%
2022-12-13 11:20:33 : 95,400,000 : 0 : 13,096,882,925 : 40%
2022-12-13 11:46:47 : 95,500,000 : 0 : 13,109,990,425 : 40%
2022-12-13 12:10:37 : 95,600,000 : 0 : 13,123,097,925 : 40%
2022-12-13 12:32:55 : 95,700,000 : 0 : 13,136,205,425 : 40%
2022-12-13 12:53:25 : 95,800,000 : 0 : 13,149,181,850 : 40%
2022-12-13 13:12:59 : 95,900,000 : 0 : 13,162,420,425 : 40%
2022-12-13 13:31:54 : 96,000,000 : 0 : 13,188,504,350 : 40%
2022-12-13 13:49:34 : 96,100,000 : 0 : 13,201,742,925 : 40%
2022-12-13 14:06:42 : 96,200,000 : 0 : 13,215,112,575 : 40%
2022-12-13 14:23:01 : 96,300,000 : 0 : 13,228,351,150 : 40%
2022-12-13 14:38:52 : 96,400,000 : 0 : 13,241,851,875 : 40%
2022-12-13 14:54:31 : 96,500,000 : 0 : 13,255,221,525 : 40%
2022-12-13 15:10:19 : 96,600,000 : 0 : 13,268,853,325 : 41%
2022-12-13 15:27:03 : 96,700,000 : 0 : 13,282,354,050 : 41%
2022-12-13 15:44:07 : 96,800,000 : 0 : 13,295,985,850 : 41%
2022-12-13 16:01:25 : 96,900,000 : 0 : 13,309,486,575 : 41%
2022-12-13 16:17:22 : 97,000,000 : 0 : 13,322,987,300 : 41%
2022-12-13 16:31:43 : 97,100,000 : 0 : 13,336,488,025 : 41%
2022-12-13 16:45:48 : 97,200,000 : 0 : 13,349,988,750 : 41%
2022-12-13 16:59:33 : 97,300,000 : 0 : 13,363,620,550 : 41%
2022-12-13 17:13:21 : 97,400,000 : 0 : 13,377,121,275 : 41%
2022-12-13 17:26:56 : 97,500,000 : 0 : 13,390,490,925 : 41%
2022-12-13 17:40:31 : 97,600,000 : 0 : 13,403,991,650 : 41%
2022-12-13 17:54:04 : 97,700,000 : 0 : 13,417,492,375 : 41%
2022-12-13 18:07:50 : 97,800,000 : 0 : 13,430,862,025 : 41%
2022-12-13 18:21:30 : 97,900,000 : 0 : 13,444,362,750 : 41%
2022-12-13 18:35:09 : 98,000,000 : 0 : 13,457,732,400 : 41%
2022-12-13 18:48:50 : 98,100,000 : 0 : 13,471,102,050 : 41%
2022-12-13 19:02:23 : 98,200,000 : 0 : 13,484,602,775 : 41%
2022-12-13 19:16:22 : 98,300,000 : 0 : 13,511,211,000 : 41%
2022-12-13 19:30:04 : 98,400,000 : 0 : 13,523,925,275 : 41%
2022-12-13 19:42:59 : 98,500,000 : 0 : 13,536,901,700 : 41%
2022-12-13 19:55:52 : 98,600,000 : 0 : 13,549,878,125 : 41%
2022-12-13 20:08:36 : 98,700,000 : 0 : 13,563,247,775 : 41%
2022-12-13 20:22:12 : 98,800,000 : 0 : 13,576,355,275 : 41%
2022-12-13 20:35:07 : 98,900,000 : 0 : 13,589,331,700 : 41%
2022-12-13 20:48:11 : 99,000,000 : 0 : 13,602,439,200 : 42%
2022-12-13 21:01:09 : 99,100,000 : 0 : 13,615,546,700 : 42%
2022-12-13 21:14:13 : 99,200,000 : 0 : 13,628,785,275 : 42%
2022-12-13 21:27:36 : 99,300,000 : 0 : 13,642,023,850 : 42%
2022-12-13 21:41:11 : 99,400,000 : 0 : 13,655,262,425 : 42%
2022-12-13 21:55:00 : 99,500,000 : 0 : 13,668,632,075 : 42%
2022-12-13 22:09:22 : 99,600,000 : 0 : 13,681,870,650 : 42%
2022-12-13 22:23:53 : 99,700,000 : 0 : 13,694,978,150 : 42%
2022-12-13 22:38:17 : 99,800,000 : 0 : 13,708,216,725 : 42%
2022-12-13 22:52:40 : 99,900,000 : 0 : 13,721,193,150 : 42%
2022-12-13 23:07:37 : 100,000,000 : 0 : 13,734,431,725 : 42%
2022-12-13 23:22:53 : 100,100,000 : 0 : 13,747,670,300 : 42%
2022-12-13 23:38:13 : 100,200,000 : 0 : 13,760,908,875 : 42%
2022-12-13 23:53:43 : 100,300,000 : 0 : 13,774,147,450 : 42%
2022-12-14 00:09:32 : 100,400,000 : 0 : 13,787,123,875 : 42%
2022-12-14 00:25:18 : 100,500,000 : 0 : 13,800,231,375 : 42%
2022-12-14 00:41:08 : 100,600,000 : 0 : 13,813,207,800 : 42%
2022-12-14 00:57:12 : 100,700,000 : 0 : 13,839,291,725 : 42%
2022-12-14 01:13:31 : 100,800,000 : 0 : 13,852,268,150 : 42%
2022-12-14 01:29:56 : 100,900,000 : 0 : 13,865,244,575 : 42%
2022-12-14 01:46:23 : 101,000,000 : 0 : 13,878,221,000 : 42%
2022-12-14 02:02:51 : 101,100,000 : 0 : 13,891,066,350 : 42%
2022-12-14 02:19:17 : 101,200,000 : 0 : 13,903,911,700 : 42%
2022-12-14 02:35:55 : 101,300,000 : 0 : 13,916,757,050 : 42%
2022-12-14 02:52:34 : 101,400,000 : 0 : 13,929,733,475 : 43%
2022-12-14 03:09:50 : 101,500,000 : 0 : 13,942,578,825 : 43%
2022-12-14 03:27:27 : 101,600,000 : 0 : 13,955,424,175 : 43%
2022-12-14 03:45:10 : 101,700,000 : 0 : 13,968,400,600 : 43%
2022-12-14 04:03:23 : 101,800,000 : 0 : 13,981,377,025 : 43%
2022-12-14 04:22:15 : 101,900,000 : 0 : 13,994,353,450 : 43%
2022-12-14 04:42:05 : 102,000,000 : 0 : 14,007,198,800 : 43%
2022-12-14 05:02:04 : 102,100,000 : 0 : 14,020,044,150 : 43%
2022-12-14 05:22:35 : 102,200,000 : 0 : 14,032,758,425 : 43%
2022-12-14 05:43:47 : 102,300,000 : 0 : 14,045,603,775 : 43%
2022-12-14 06:06:55 : 102,400,000 : 0 : 14,058,580,200 : 43%
2022-12-14 06:31:42 : 102,500,000 : 0 : 14,071,687,700 : 43%
2022-12-14 06:57:47 : 102,600,000 : 0 : 14,084,926,275 : 43%
2022-12-14 07:25:08 : 102,700,000 : 0 : 14,098,164,850 : 43%
2022-12-14 07:53:42 : 102,800,000 : 0 : 14,111,403,425 : 43%
2022-12-14 08:23:05 : 102,900,000 : 0 : 14,124,642,000 : 43%
2022-12-14 08:53:01 : 103,000,000 : 0 : 14,137,880,575 : 43%
2022-12-14 09:24:12 : 103,100,000 : 0 : 14,151,119,150 : 43%
2022-12-14 09:55:48 : 103,200,000 : 0 : 14,177,727,375 : 43%
2022-12-14 10:27:00 : 103,300,000 : 0 : 14,191,097,025 : 43%
2022-12-14 10:57:03 : 103,400,000 : 0 : 14,204,335,600 : 43%
2022-12-14 11:25:10 : 103,500,000 : 0 : 14,217,705,250 : 43%
2022-12-14 11:51:18 : 103,600,000 : 0 : 14,231,074,900 : 43%
2022-12-14 12:15:56 : 103,700,000 : 0 : 14,244,444,550 : 43%
2022-12-14 12:38:43 : 103,800,000 : 0 : 14,257,814,200 : 44%
2022-12-14 12:59:58 : 103,900,000 : 0 : 14,271,183,850 : 44%
2022-12-14 13:19:48 : 104,000,000 : 0 : 14,284,553,500 : 44%
2022-12-14 13:38:45 : 104,100,000 : 0 : 14,297,923,150 : 44%
2022-12-14 13:56:12 : 104,200,000 : 0 : 14,311,292,800 : 44%
2022-12-14 14:13:08 : 104,300,000 : 0 : 14,324,924,600 : 44%
2022-12-14 14:29:33 : 104,400,000 : 0 : 14,338,425,325 : 44%
2022-12-14 14:45:27 : 104,500,000 : 0 : 14,351,926,050 : 44%
2022-12-14 15:00:53 : 104,600,000 : 0 : 14,365,557,850 : 44%
2022-12-14 15:15:54 : 104,700,000 : 0 : 14,379,058,575 : 44%
2022-12-14 15:30:43 : 104,800,000 : 0 : 14,392,690,375 : 44%
2022-12-14 15:45:14 : 104,900,000 : 0 : 14,406,191,100 : 44%
2022-12-14 15:59:25 : 105,000,000 : 0 : 14,419,953,975 : 44%
2022-12-14 16:13:59 : 105,100,000 : 0 : 14,433,585,775 : 44%
2022-12-14 16:28:26 : 105,200,000 : 0 : 14,447,086,500 : 44%
2022-12-14 16:42:35 : 105,300,000 : 0 : 14,460,718,300 : 44%
2022-12-14 16:56:29 : 105,400,000 : 0 : 14,474,350,100 : 44%
2022-12-14 17:10:28 : 105,500,000 : 0 : 14,487,981,900 : 44%
2022-12-14 17:24:20 : 105,600,000 : 0 : 14,515,245,500 : 44%
2022-12-14 17:38:08 : 105,700,000 : 0 : 14,528,877,300 : 44%
2022-12-14 17:51:55 : 105,800,000 : 0 : 14,542,509,100 : 44%
2022-12-14 18:05:44 : 105,900,000 : 0 : 14,556,009,825 : 44%
2022-12-14 18:19:48 : 106,000,000 : 0 : 14,569,641,625 : 44%
2022-12-14 18:33:39 : 106,100,000 : 0 : 14,583,142,350 : 45%
2022-12-14 18:47:30 : 106,200,000 : 0 : 14,596,643,075 : 45%
2022-12-14 19:01:12 : 106,300,000 : 0 : 14,610,012,725 : 45%
2022-12-14 19:15:10 : 106,400,000 : 0 : 14,623,382,375 : 45%
2022-12-14 19:29:07 : 106,500,000 : 0 : 14,636,489,875 : 45%
2022-12-14 19:42:38 : 106,600,000 : 0 : 14,649,597,375 : 45%
2022-12-14 19:56:05 : 106,700,000 : 0 : 14,662,835,950 : 45%
2022-12-14 20:09:25 : 106,800,000 : 0 : 14,676,074,525 : 45%
2022-12-14 20:22:48 : 106,900,000 : 0 : 14,689,313,100 : 45%
2022-12-14 20:36:26 : 107,000,000 : 0 : 14,702,420,600 : 45%
2022-12-14 20:49:46 : 107,100,000 : 0 : 14,715,659,175 : 45%
2022-12-14 21:03:17 : 107,200,000 : 0 : 14,728,897,750 : 45%
2022-12-14 21:17:05 : 107,300,000 : 0 : 14,742,136,325 : 45%
2022-12-14 21:30:47 : 107,400,000 : 0 : 14,755,505,975 : 45%
2022-12-14 21:44:50 : 107,500,000 : 0 : 14,768,744,550 : 45%
2022-12-14 21:58:54 : 107,600,000 : 0 : 14,781,983,125 : 45%
2022-12-14 22:13:39 : 107,700,000 : 0 : 14,795,483,850 : 45%
2022-12-14 22:28:37 : 107,800,000 : 0 : 14,822,092,075 : 45%
2022-12-14 22:43:46 : 107,900,000 : 0 : 14,835,330,650 : 45%
2022-12-14 22:58:53 : 108,000,000 : 0 : 14,848,700,300 : 45%
2022-12-14 23:14:12 : 108,100,000 : 0 : 14,861,938,875 : 45%
2022-12-14 23:29:35 : 108,200,000 : 0 : 14,875,177,450 : 45%
2022-12-14 23:45:21 : 108,300,000 : 0 : 14,888,416,025 : 45%
2022-12-15 00:01:09 : 108,400,000 : 0 : 14,901,654,600 : 46%
2022-12-15 00:17:26 : 108,500,000 : 0 : 14,914,762,100 : 46%
2022-12-15 00:33:40 : 108,600,000 : 0 : 14,927,869,600 : 46%
2022-12-15 00:49:58 : 108,700,000 : 0 : 14,940,977,100 : 46%
2022-12-15 01:06:31 : 108,800,000 : 0 : 14,953,953,525 : 46%
2022-12-15 01:23:02 : 108,900,000 : 0 : 14,966,929,950 : 46%
2022-12-15 01:39:26 : 109,000,000 : 0 : 14,979,775,300 : 46%
2022-12-15 01:55:38 : 109,100,000 : 0 : 14,992,620,650 : 46%
2022-12-15 02:11:36 : 109,200,000 : 0 : 15,005,334,925 : 46%
2022-12-15 02:27:36 : 109,300,000 : 0 : 15,018,049,200 : 46%
2022-12-15 02:43:36 : 109,400,000 : 0 : 15,030,763,475 : 46%
2022-12-15 03:00:02 : 109,500,000 : 0 : 15,043,608,825 : 46%
2022-12-15 03:16:50 : 109,600,000 : 0 : 15,056,454,175 : 46%
2022-12-15 03:33:37 : 109,700,000 : 0 : 15,069,299,525 : 46%
2022-12-15 03:51:18 : 109,800,000 : 0 : 15,082,144,875 : 46%
2022-12-15 04:09:17 : 109,900,000 : 0 : 15,095,121,300 : 46%
2022-12-15 04:28:06 : 110,000,000 : 0 : 15,108,097,725 : 46%
2022-12-15 04:47:56 : 110,100,000 : 0 : 15,121,205,225 : 46%
2022-12-15 05:08:38 : 110,200,000 : 0 : 15,134,181,650 : 46%
2022-12-15 05:30:16 : 110,300,000 : 0 : 15,147,158,075 : 46%
2022-12-15 05:53:05 : 110,400,000 : 0 : 15,173,373,075 : 46%
2022-12-15 06:17:12 : 110,500,000 : 0 : 15,186,480,575 : 46%
2022-12-15 06:42:04 : 110,600,000 : 0 : 15,199,719,150 : 46%
2022-12-15 07:08:12 : 110,700,000 : 0 : 15,212,957,725 : 46%
2022-12-15 07:35:38 : 110,800,000 : 0 : 15,226,196,300 : 46%
2022-12-15 08:03:54 : 110,900,000 : 0 : 15,239,434,875 : 47%
2022-12-15 08:33:03 : 111,000,000 : 0 : 15,252,673,450 : 47%
2022-12-15 09:03:09 : 111,100,000 : 0 : 15,265,912,025 : 47%
2022-12-15 09:34:30 : 111,200,000 : 0 : 15,279,281,675 : 47%
2022-12-15 10:05:48 : 111,300,000 : 0 : 15,292,520,250 : 47%
2022-12-15 10:36:42 : 111,400,000 : 0 : 15,305,889,900 : 47%
2022-12-15 11:06:17 : 111,500,000 : 0 : 15,319,128,475 : 47%
2022-12-15 11:33:49 : 111,600,000 : 0 : 15,332,235,975 : 47%
2022-12-15 11:58:54 : 111,700,000 : 0 : 15,345,474,550 : 47%
2022-12-15 12:22:13 : 111,800,000 : 0 : 15,358,713,125 : 47%
2022-12-15 12:43:55 : 111,900,000 : 0 : 15,371,951,700 : 47%
2022-12-15 13:04:15 : 112,000,000 : 0 : 15,385,190,275 : 47%
2022-12-15 13:23:35 : 112,100,000 : 0 : 15,398,559,925 : 47%
2022-12-15 13:41:57 : 112,200,000 : 0 : 15,411,929,575 : 47%
2022-12-15 13:59:21 : 112,300,000 : 0 : 15,425,299,225 : 47%
2022-12-15 14:16:04 : 112,400,000 : 0 : 15,438,668,875 : 47%
2022-12-15 14:32:15 : 112,500,000 : 0 : 15,452,169,600 : 47%
2022-12-15 14:47:55 : 112,600,000 : 0 : 15,465,670,325 : 47%
2022-12-15 15:03:20 : 112,700,000 : 0 : 15,479,171,050 : 47%
2022-12-15 15:18:14 : 112,800,000 : 0 : 15,492,671,775 : 47%
2022-12-15 15:32:44 : 112,900,000 : 0 : 15,506,172,500 : 47%
2022-12-15 15:47:02 : 113,000,000 : 0 : 15,533,173,950 : 47%
2022-12-15 16:01:11 : 113,100,000 : 0 : 15,546,674,675 : 47%
2022-12-15 16:15:27 : 113,200,000 : 0 : 15,560,175,400 : 48%
2022-12-15 16:29:35 : 113,300,000 : 0 : 15,573,676,125 : 48%
2022-12-15 16:43:33 : 113,400,000 : 0 : 15,587,176,850 : 48%
2022-12-15 16:57:10 : 113,500,000 : 0 : 15,600,677,575 : 48%
2022-12-15 17:11:02 : 113,600,000 : 0 : 15,614,178,300 : 48%
2022-12-15 17:24:50 : 113,700,000 : 0 : 15,627,679,025 : 48%
2022-12-15 17:38:34 : 113,800,000 : 0 : 15,641,310,825 : 48%
2022-12-15 17:52:17 : 113,900,000 : 0 : 15,654,811,550 : 48%
2022-12-15 18:06:12 : 114,000,000 : 0 : 15,668,312,275 : 48%
2022-12-15 18:20:05 : 114,100,000 : 0 : 15,681,813,000 : 48%
2022-12-15 18:33:56 : 114,200,000 : 0 : 15,695,313,725 : 48%
2022-12-15 18:47:47 : 114,300,000 : 0 : 15,708,814,450 : 48%
2022-12-15 19:01:43 : 114,400,000 : 0 : 15,722,446,250 : 48%
2022-12-15 19:15:51 : 114,500,000 : 0 : 15,735,946,975 : 48%
2022-12-15 19:30:00 : 114,600,000 : 0 : 15,749,447,700 : 48%
2022-12-15 19:44:06 : 114,700,000 : 0 : 15,762,948,425 : 48%
2022-12-15 19:57:53 : 114,800,000 : 0 : 15,776,318,075 : 48%
2022-12-15 20:11:47 : 114,900,000 : 0 : 15,789,818,800 : 48%
2022-12-15 20:25:45 : 115,000,000 : 0 : 15,803,188,450 : 48%
2022-12-15 20:39:34 : 115,100,000 : 0 : 15,816,558,100 : 48%
2022-12-15 20:53:14 : 115,200,000 : 0 : 15,843,428,475 : 48%
2022-12-15 21:07:11 : 115,300,000 : 0 : 15,856,667,050 : 48%
2022-12-15 21:21:18 : 115,400,000 : 0 : 15,870,036,700 : 48%
2022-12-15 21:35:33 : 115,500,000 : 0 : 15,883,406,350 : 49%
2022-12-15 21:49:57 : 115,600,000 : 0 : 15,896,644,925 : 49%
2022-12-15 22:04:28 : 115,700,000 : 0 : 15,909,883,500 : 49%
2022-12-15 22:18:58 : 115,800,000 : 0 : 15,922,728,850 : 49%
2022-12-15 22:33:17 : 115,900,000 : 0 : 15,935,967,425 : 49%
2022-12-15 22:48:23 : 116,000,000 : 0 : 15,949,074,925 : 49%
2022-12-15 23:03:13 : 116,100,000 : 0 : 15,962,051,350 : 49%
2022-12-15 23:18:44 : 116,200,000 : 0 : 15,975,289,925 : 49%
2022-12-15 23:34:05 : 116,300,000 : 0 : 15,988,266,350 : 49%
2022-12-15 23:49:43 : 116,400,000 : 0 : 16,001,242,775 : 49%
2022-12-16 00:05:24 : 116,500,000 : 0 : 16,014,350,275 : 49%
2022-12-16 00:21:08 : 116,600,000 : 0 : 16,027,064,550 : 49%
2022-12-16 00:36:16 : 116,700,000 : 0 : 16,039,516,675 : 49%
2022-12-16 00:52:06 : 116,800,000 : 0 : 16,052,493,100 : 49%
2022-12-16 01:08:41 : 116,900,000 : 0 : 16,065,469,525 : 49%
2022-12-16 01:25:46 : 117,000,000 : 0 : 16,078,314,875 : 49%
2022-12-16 01:42:29 : 117,100,000 : 0 : 16,091,160,225 : 49%
2022-12-16 01:58:44 : 117,200,000 : 0 : 16,103,874,500 : 49%
2022-12-16 02:15:19 : 117,300,000 : 0 : 16,116,719,850 : 49%
2022-12-16 02:31:58 : 117,400,000 : 0 : 16,129,303,050 : 49%
2022-12-16 02:48:35 : 117,500,000 : 0 : 16,142,148,400 : 49%
2022-12-16 03:05:11 : 117,600,000 : 0 : 16,154,731,600 : 49%
2022-12-16 03:22:14 : 117,700,000 : 0 : 16,167,445,875 : 49%
2022-12-16 03:39:31 : 117,800,000 : 0 : 16,180,160,150 : 49%
2022-12-16 03:57:07 : 117,900,000 : 0 : 16,205,588,700 : 49%
2022-12-16 04:15:31 : 118,000,000 : 0 : 16,218,434,050 : 50%
2022-12-16 04:34:29 : 118,100,000 : 0 : 16,231,279,400 : 50%
2022-12-16 04:54:02 : 118,200,000 : 0 : 16,244,124,750 : 50%
2022-12-16 05:14:51 : 118,300,000 : 0 : 16,257,232,250 : 50%
2022-12-16 05:36:49 : 118,400,000 : 0 : 16,270,339,750 : 50%
2022-12-16 06:00:14 : 118,500,000 : 0 : 16,283,447,250 : 50%
2022-12-16 06:24:50 : 118,600,000 : 0 : 16,296,554,750 : 50%
2022-12-16 06:50:31 : 118,700,000 : 0 : 16,309,662,250 : 50%
2022-12-16 07:17:33 : 118,800,000 : 0 : 16,322,769,750 : 50%
2022-12-16 07:45:31 : 118,900,000 : 0 : 16,336,008,325 : 50%
2022-12-16 08:14:23 : 119,000,000 : 0 : 16,349,377,975 : 50%
2022-12-16 08:44:22 : 119,100,000 : 0 : 16,362,616,550 : 50%
2022-12-16 09:15:12 : 119,200,000 : 0 : 16,375,855,125 : 50%
2022-12-16 09:46:45 : 119,300,000 : 0 : 16,389,224,775 : 50%
2022-12-16 10:18:03 : 119,400,000 : 0 : 16,402,594,425 : 50%
2022-12-16 10:48:50 : 119,500,000 : 0 : 16,415,833,000 : 50%
2022-12-16 11:17:41 : 119,600,000 : 0 : 16,429,071,575 : 50%
2022-12-16 11:44:37 : 119,700,000 : 0 : 16,442,179,075 : 50%
2022-12-16 12:09:22 : 119,800,000 : 0 : 16,455,417,650 : 50%
2022-12-16 12:32:50 : 119,900,000 : 0 : 16,468,525,150 : 50%
2022-12-16 12:54:17 : 120,000,000 : 0 : 16,481,763,725 : 50%
2022-12-16 13:14:14 : 120,100,000 : 0 : 16,494,871,225 : 50%
2022-12-16 13:33:19 : 120,200,000 : 0 : 16,508,109,800 : 50%
2022-12-16 13:51:25 : 120,300,000 : 0 : 16,521,348,375 : 50%
2022-12-16 14:08:27 : 120,400,000 : 0 : 16,547,956,600 : 51%
2022-12-16 14:24:42 : 120,500,000 : 0 : 16,561,326,250 : 51%
2022-12-16 14:40:29 : 120,600,000 : 0 : 16,574,695,900 : 51%
2022-12-16 14:55:55 : 120,700,000 : 0 : 16,588,065,550 : 51%
2022-12-16 15:11:05 : 120,800,000 : 0 : 16,601,566,275 : 51%
2022-12-16 15:25:50 : 120,900,000 : 0 : 16,615,067,000 : 51%
2022-12-16 15:40:25 : 121,000,000 : 0 : 16,628,567,725 : 51%
2022-12-16 15:54:35 : 121,100,000 : 0 : 16,641,937,375 : 51%
2022-12-16 16:08:54 : 121,200,000 : 0 : 16,655,044,875 : 51%
2022-12-16 16:22:20 : 121,300,000 : 0 : 16,668,152,375 : 51%
2022-12-16 16:36:06 : 121,400,000 : 0 : 16,681,522,025 : 51%
2022-12-16 16:50:02 : 121,500,000 : 0 : 16,694,891,675 : 51%
2022-12-16 17:03:55 : 121,600,000 : 0 : 16,708,392,400 : 51%
2022-12-16 17:17:56 : 121,700,000 : 0 : 16,721,762,050 : 51%
2022-12-16 17:31:46 : 121,800,000 : 0 : 16,735,262,775 : 51%
2022-12-16 17:45:48 : 121,900,000 : 0 : 16,748,763,500 : 51%
2022-12-16 18:00:01 : 122,000,000 : 0 : 16,762,264,225 : 51%
2022-12-16 18:14:12 : 122,100,000 : 0 : 16,775,764,950 : 51%
2022-12-16 18:28:22 : 122,200,000 : 0 : 16,789,265,675 : 51%
2022-12-16 18:42:47 : 122,300,000 : 0 : 16,802,766,400 : 51%
2022-12-16 18:57:13 : 122,400,000 : 0 : 16,816,267,125 : 51%
2022-12-16 19:11:50 : 122,500,000 : 0 : 16,829,636,775 : 51%
2022-12-16 19:26:41 : 122,600,000 : 0 : 16,843,137,500 : 51%
2022-12-16 19:41:23 : 122,700,000 : 0 : 16,869,876,800 : 52%
2022-12-16 19:55:49 : 122,800,000 : 0 : 16,883,246,450 : 52%
2022-12-16 20:10:33 : 122,900,000 : 0 : 16,896,616,100 : 52%
2022-12-16 20:25:18 : 123,000,000 : 0 : 16,909,985,750 : 52%
2022-12-16 20:40:03 : 123,100,000 : 0 : 16,923,224,325 : 52%
2022-12-16 20:54:46 : 123,200,000 : 0 : 16,936,593,975 : 52%
2022-12-16 21:09:42 : 123,300,000 : 0 : 16,949,832,550 : 52%
2022-12-16 21:24:54 : 123,400,000 : 0 : 16,963,202,200 : 52%
2022-12-16 21:40:09 : 123,500,000 : 0 : 16,976,440,775 : 52%
2022-12-16 21:55:30 : 123,600,000 : 0 : 16,989,679,350 : 52%
2022-12-16 22:11:11 : 123,700,000 : 0 : 17,002,917,925 : 52%
2022-12-16 22:27:00 : 123,800,000 : 0 : 17,016,156,500 : 52%
2022-12-16 22:42:58 : 123,900,000 : 0 : 17,029,264,000 : 52%
2022-12-16 22:58:59 : 124,000,000 : 0 : 17,042,502,575 : 52%
2022-12-16 23:15:13 : 124,100,000 : 0 : 17,055,610,075 : 52%
2022-12-16 23:31:36 : 124,200,000 : 0 : 17,068,717,575 : 52%
2022-12-16 23:48:16 : 124,300,000 : 0 : 17,081,825,075 : 52%
2022-12-17 00:05:16 : 124,400,000 : 0 : 17,094,932,575 : 52%
2022-12-17 00:22:31 : 124,500,000 : 0 : 17,108,040,075 : 52%
2022-12-17 00:40:03 : 124,600,000 : 0 : 17,121,016,500 : 52%
2022-12-17 00:57:37 : 124,700,000 : 0 : 17,133,730,775 : 52%
2022-12-17 01:15:36 : 124,800,000 : 0 : 17,146,576,125 : 52%
2022-12-17 01:33:39 : 124,900,000 : 0 : 17,159,421,475 : 52%
2022-12-17 01:51:40 : 125,000,000 : 0 : 17,184,981,100 : 52%
2022-12-17 02:09:48 : 125,100,000 : 0 : 17,197,695,375 : 53%
2022-12-17 02:28:00 : 125,200,000 : 0 : 17,210,278,575 : 53%
2022-12-17 02:46:13 : 125,300,000 : 0 : 17,222,861,775 : 53%
2022-12-17 03:04:56 : 125,400,000 : 0 : 17,235,444,975 : 53%
2022-12-17 03:23:53 : 125,500,000 : 0 : 17,248,159,250 : 53%
2022-12-17 03:43:10 : 125,600,000 : 0 : 17,261,004,600 : 53%
2022-12-17 04:03:16 : 125,700,000 : 0 : 17,273,718,875 : 53%
2022-12-17 04:23:44 : 125,800,000 : 0 : 17,286,433,150 : 53%
2022-12-17 04:45:02 : 125,900,000 : 0 : 17,299,278,500 : 53%
2022-12-17 05:07:13 : 126,000,000 : 0 : 17,312,123,850 : 53%
2022-12-17 05:29:57 : 126,100,000 : 0 : 17,324,838,125 : 53%
2022-12-17 05:54:06 : 126,200,000 : 0 : 17,337,683,475 : 53%
2022-12-17 06:19:32 : 126,300,000 : 0 : 17,350,397,750 : 53%
2022-12-17 06:45:43 : 126,400,000 : 0 : 17,363,112,025 : 53%
2022-12-17 07:13:10 : 126,500,000 : 0 : 17,375,826,300 : 53%
2022-12-17 07:41:40 : 126,600,000 : 0 : 17,388,540,575 : 53%
2022-12-17 08:10:52 : 126,700,000 : 0 : 17,401,254,850 : 53%
2022-12-17 08:41:11 : 126,800,000 : 0 : 17,414,100,200 : 53%
2022-12-17 09:12:09 : 126,900,000 : 0 : 17,426,945,550 : 53%
2022-12-17 09:43:25 : 127,000,000 : 0 : 17,439,790,900 : 53%
2022-12-17 10:14:54 : 127,100,000 : 0 : 17,452,636,250 : 53%
2022-12-17 10:46:46 : 127,200,000 : 0 : 17,465,612,675 : 53%
2022-12-17 11:17:53 : 127,300,000 : 0 : 17,478,458,025 : 53%
2022-12-17 11:47:54 : 127,400,000 : 0 : 17,491,434,450 : 53%
2022-12-17 12:16:04 : 127,500,000 : 0 : 17,504,410,875 : 53%
2022-12-17 12:41:51 : 127,600,000 : 0 : 17,517,256,225 : 53%
2022-12-17 13:06:09 : 127,700,000 : 0 : 17,530,363,725 : 54%
2022-12-17 13:28:45 : 127,800,000 : 0 : 17,556,578,725 : 54%
2022-12-17 13:50:09 : 127,900,000 : 0 : 17,569,686,225 : 54%
2022-12-17 14:10:16 : 128,000,000 : 0 : 17,582,924,800 : 54%
2022-12-17 14:29:23 : 128,100,000 : 0 : 17,596,163,375 : 54%
2022-12-17 14:47:50 : 128,200,000 : 0 : 17,609,401,950 : 54%
2022-12-17 15:05:27 : 128,300,000 : 0 : 17,622,509,450 : 54%
2022-12-17 15:22:26 : 128,400,000 : 0 : 17,635,879,100 : 54%
2022-12-17 15:39:16 : 128,500,000 : 0 : 17,649,117,675 : 54%
2022-12-17 15:55:22 : 128,600,000 : 0 : 17,662,487,325 : 54%
2022-12-17 16:11:16 : 128,700,000 : 0 : 17,675,725,900 : 54%
2022-12-17 16:27:19 : 128,800,000 : 0 : 17,688,833,400 : 54%
2022-12-17 16:42:42 : 128,900,000 : 0 : 17,702,071,975 : 54%
2022-12-17 16:57:49 : 129,000,000 : 0 : 17,715,310,550 : 54%
2022-12-17 17:13:03 : 129,100,000 : 0 : 17,728,549,125 : 54%
2022-12-17 17:28:09 : 129,200,000 : 0 : 17,741,787,700 : 54%
2022-12-17 17:43:23 : 129,300,000 : 0 : 17,755,026,275 : 54%
2022-12-17 17:58:35 : 129,400,000 : 0 : 17,768,264,850 : 54%
2022-12-17 18:13:39 : 129,500,000 : 0 : 17,781,372,350 : 54%
2022-12-17 18:28:32 : 129,600,000 : 0 : 17,794,479,850 : 54%
2022-12-17 18:43:07 : 129,700,000 : 0 : 17,807,456,275 : 54%
2022-12-17 18:57:54 : 129,800,000 : 0 : 17,820,432,700 : 54%
2022-12-17 19:12:52 : 129,900,000 : 0 : 17,833,409,125 : 54%
2022-12-17 19:27:42 : 130,000,000 : 0 : 17,846,254,475 : 54%
2022-12-17 19:42:54 : 130,100,000 : 0 : 17,859,230,900 : 55%
2022-12-17 19:58:14 : 130,200,000 : 0 : 17,872,338,400 : 55%
2022-12-17 20:13:43 : 130,300,000 : 0 : 17,898,160,175 : 55%
2022-12-17 20:29:15 : 130,400,000 : 0 : 17,911,136,600 : 55%
2022-12-17 20:44:46 : 130,500,000 : 0 : 17,923,850,875 : 55%
2022-12-17 20:59:55 : 130,600,000 : 0 : 17,936,696,225 : 55%
2022-12-17 21:15:11 : 130,700,000 : 0 : 17,949,148,350 : 55%
2022-12-17 21:30:10 : 130,800,000 : 0 : 17,961,862,625 : 55%
2022-12-17 21:45:36 : 130,900,000 : 0 : 17,974,576,900 : 55%
2022-12-17 22:01:16 : 131,000,000 : 0 : 17,987,029,025 : 55%
2022-12-17 22:16:33 : 131,100,000 : 0 : 17,999,874,375 : 55%
2022-12-17 22:32:35 : 131,200,000 : 0 : 18,012,719,725 : 55%
2022-12-17 22:48:38 : 131,300,000 : 0 : 18,025,434,000 : 55%
2022-12-17 23:04:51 : 131,400,000 : 0 : 18,038,410,425 : 55%
2022-12-17 23:21:20 : 131,500,000 : 0 : 18,051,255,775 : 55%
2022-12-17 23:37:53 : 131,600,000 : 0 : 18,064,101,125 : 55%
2022-12-17 23:54:22 : 131,700,000 : 0 : 18,076,946,475 : 55%
2022-12-18 00:11:07 : 131,800,000 : 0 : 18,089,791,825 : 55%
2022-12-18 00:28:03 : 131,900,000 : 0 : 18,102,506,100 : 55%
2022-12-18 00:45:11 : 132,000,000 : 0 : 18,115,220,375 : 55%
2022-12-18 01:02:28 : 132,100,000 : 0 : 18,127,934,650 : 55%
2022-12-18 01:20:17 : 132,200,000 : 0 : 18,140,648,925 : 55%
2022-12-18 01:38:08 : 132,300,000 : 0 : 18,153,232,125 : 55%
2022-12-18 01:55:34 : 132,400,000 : 0 : 18,165,815,325 : 55%
2022-12-18 02:13:02 : 132,500,000 : 0 : 18,178,267,450 : 56%
2022-12-18 02:30:19 : 132,600,000 : 0 : 18,190,588,500 : 56%
2022-12-18 02:48:27 : 132,700,000 : 0 : 18,203,040,625 : 56%
2022-12-18 03:06:29 : 132,800,000 : 0 : 18,215,623,825 : 56%
2022-12-18 03:24:59 : 132,900,000 : 0 : 18,227,944,875 : 56%
2022-12-18 03:43:41 : 133,000,000 : 0 : 18,252,849,125 : 56%
2022-12-18 04:02:39 : 133,100,000 : 0 : 18,265,301,250 : 56%
2022-12-18 04:21:45 : 133,200,000 : 0 : 18,277,622,300 : 56%
2022-12-18 04:41:21 : 133,300,000 : 0 : 18,289,943,350 : 56%
2022-12-18 05:01:16 : 133,400,000 : 0 : 18,302,526,550 : 56%
2022-12-18 05:23:03 : 133,500,000 : 0 : 18,315,240,825 : 56%
2022-12-18 05:45:52 : 133,600,000 : 0 : 18,327,955,100 : 56%
2022-12-18 06:09:38 : 133,700,000 : 0 : 18,340,538,300 : 56%
2022-12-18 06:34:56 : 133,800,000 : 0 : 18,352,990,425 : 56%
2022-12-18 07:01:05 : 133,900,000 : 0 : 18,365,704,700 : 56%
2022-12-18 07:28:56 : 134,000,000 : 0 : 18,378,418,975 : 56%
2022-12-18 07:57:38 : 134,100,000 : 0 : 18,391,133,250 : 56%
2022-12-18 08:26:48 : 134,200,000 : 0 : 18,403,978,600 : 56%
2022-12-18 08:56:28 : 134,300,000 : 0 : 18,416,823,950 : 56%
2022-12-18 09:26:32 : 134,400,000 : 0 : 18,429,538,225 : 56%
2022-12-18 09:57:16 : 134,500,000 : 0 : 18,442,514,650 : 56%
2022-12-18 10:27:57 : 134,600,000 : 0 : 18,455,360,000 : 56%
2022-12-18 10:58:28 : 134,700,000 : 0 : 18,468,205,350 : 56%
2022-12-18 11:28:09 : 134,800,000 : 0 : 18,480,919,625 : 56%
2022-12-18 11:56:58 : 134,900,000 : 0 : 18,493,896,050 : 56%
2022-12-18 12:24:30 : 135,000,000 : 0 : 18,506,741,400 : 57%
2022-12-18 12:50:39 : 135,100,000 : 0 : 18,519,717,825 : 57%
2022-12-18 13:12:19 : 135,200,000 : 0 : 18,532,038,875 : 57%
2022-12-18 13:34:46 : 135,300,000 : 0 : 18,545,146,375 : 57%
2022-12-18 13:55:14 : 135,400,000 : 0 : 18,558,122,800 : 57%
2022-12-18 14:15:03 : 135,500,000 : 0 : 18,571,230,300 : 57%
2022-12-18 14:33:49 : 135,600,000 : 0 : 18,584,468,875 : 57%
2022-12-18 14:51:36 : 135,700,000 : 0 : 18,597,445,300 : 57%
2022-12-18 15:09:16 : 135,800,000 : 0 : 18,623,267,075 : 57%
2022-12-18 15:25:50 : 135,900,000 : 0 : 18,635,719,200 : 57%
2022-12-18 15:41:02 : 136,000,000 : 0 : 18,648,433,475 : 57%
2022-12-18 15:56:01 : 136,100,000 : 0 : 18,661,278,825 : 57%
2022-12-18 16:09:55 : 136,200,000 : 0 : 18,674,124,175 : 57%
2022-12-18 16:24:56 : 136,300,000 : 0 : 18,686,969,525 : 57%
2022-12-18 16:39:29 : 136,400,000 : 0 : 18,699,290,575 : 57%
2022-12-18 16:53:17 : 136,500,000 : 0 : 18,712,004,850 : 57%
2022-12-18 17:07:42 : 136,600,000 : 0 : 18,724,719,125 : 57%
2022-12-18 17:22:15 : 136,700,000 : 0 : 18,737,171,250 : 57%
2022-12-18 17:36:27 : 136,800,000 : 0 : 18,749,361,225 : 57%
2022-12-18 17:50:03 : 136,900,000 : 0 : 18,760,895,825 : 57%
2022-12-18 18:03:02 : 137,000,000 : 0 : 18,772,561,500 : 57%
2022-12-18 18:15:06 : 137,100,000 : 0 : 18,784,489,325 : 57%
2022-12-18 18:27:22 : 137,200,000 : 0 : 18,796,810,375 : 57%
2022-12-18 18:40:56 : 137,300,000 : 0 : 18,809,131,425 : 57%
2022-12-18 18:54:02 : 137,400,000 : 0 : 18,821,321,400 : 57%
2022-12-18 19:06:46 : 137,500,000 : 0 : 18,833,511,375 : 58%
2022-12-18 19:20:02 : 137,600,000 : 0 : 18,846,094,575 : 58%
2022-12-18 19:34:27 : 137,700,000 : 0 : 18,859,071,000 : 58%
2022-12-18 19:48:52 : 137,800,000 : 0 : 18,871,785,275 : 58%
2022-12-18 20:03:08 : 137,900,000 : 0 : 18,884,630,625 : 58%
2022-12-18 20:17:07 : 138,000,000 : 0 : 18,897,213,825 : 58%
2022-12-18 20:31:15 : 138,100,000 : 0 : 18,910,059,175 : 58%
2022-12-18 20:45:31 : 138,200,000 : 0 : 18,922,642,375 : 58%
2022-12-18 20:59:45 : 138,300,000 : 0 : 18,935,356,650 : 58%
2022-12-18 21:14:05 : 138,400,000 : 0 : 18,947,939,850 : 58%
2022-12-18 21:28:20 : 138,500,000 : 0 : 18,960,523,050 : 58%
2022-12-18 21:43:13 : 138,600,000 : 0 : 18,973,368,400 : 58%
2022-12-18 21:58:25 : 138,700,000 : 0 : 18,986,213,750 : 58%
2022-12-18 22:14:03 : 138,800,000 : 0 : 18,999,190,175 : 58%
2022-12-18 22:29:38 : 138,900,000 : 0 : 19,012,035,525 : 58%
2022-12-18 22:45:16 : 139,000,000 : 0 : 19,037,726,225 : 58%
2022-12-18 23:00:54 : 139,100,000 : 0 : 19,050,571,575 : 58%
2022-12-18 23:16:43 : 139,200,000 : 0 : 19,063,416,925 : 58%
2022-12-18 23:32:34 : 139,300,000 : 0 : 19,076,131,200 : 58%
2022-12-18 23:48:25 : 139,400,000 : 0 : 19,088,845,475 : 58%
2022-12-19 00:04:20 : 139,500,000 : 0 : 19,101,428,675 : 58%
2022-12-19 00:20:28 : 139,600,000 : 0 : 19,113,880,800 : 58%
2022-12-19 00:36:12 : 139,700,000 : 0 : 19,126,464,000 : 58%
2022-12-19 00:52:40 : 139,800,000 : 0 : 19,139,309,350 : 58%
2022-12-19 01:09:54 : 139,900,000 : 0 : 19,152,023,625 : 58%
2022-12-19 01:27:18 : 140,000,000 : 0 : 19,164,737,900 : 59%
2022-12-19 01:44:29 : 140,100,000 : 0 : 19,177,452,175 : 59%
2022-12-19 02:01:41 : 140,200,000 : 0 : 19,190,166,450 : 59%
2022-12-19 02:18:56 : 140,300,000 : 0 : 19,203,011,800 : 59%
2022-12-19 02:36:34 : 140,400,000 : 0 : 19,215,726,075 : 59%
2022-12-19 02:54:25 : 140,500,000 : 0 : 19,228,571,425 : 59%
2022-12-19 03:12:42 : 140,600,000 : 0 : 19,241,416,775 : 59%
2022-12-19 03:31:08 : 140,700,000 : 0 : 19,254,262,125 : 59%
2022-12-19 03:49:37 : 140,800,000 : 0 : 19,266,976,400 : 59%
2022-12-19 04:08:19 : 140,900,000 : 0 : 19,279,559,600 : 59%
2022-12-19 04:27:46 : 141,000,000 : 0 : 19,292,142,800 : 59%
2022-12-19 04:47:15 : 141,100,000 : 0 : 19,304,857,075 : 59%
Decoding error with 134,217,728 bytes, reading another chunk
2022-12-19 05:08:24 : 141,200,000 : 0 : 19,330,809,925 : 59%
2022-12-19 05:30:47 : 141,300,000 : 0 : 19,330,809,925 : 59%
2022-12-19 05:54:23 : 141,400,000 : 0 : 19,343,655,275 : 59%
2022-12-19 06:19:59 : 141,500,000 : 0 : 19,356,762,775 : 59%
2022-12-19 06:46:35 : 141,600,000 : 0 : 19,382,846,700 : 59%
2022-12-19 07:14:23 : 141,700,000 : 0 : 19,396,085,275 : 59%
2022-12-19 07:43:32 : 141,800,000 : 0 : 19,409,192,775 : 59%
2022-12-19 08:13:47 : 141,900,000 : 0 : 19,422,431,350 : 59%
2022-12-19 08:44:57 : 142,000,000 : 0 : 19,435,669,925 : 59%
2022-12-19 09:17:04 : 142,100,000 : 0 : 19,449,039,575 : 59%
2022-12-19 09:49:35 : 142,200,000 : 0 : 19,462,278,150 : 59%
2022-12-19 10:21:41 : 142,300,000 : 0 : 19,475,647,800 : 59%
2022-12-19 10:53:11 : 142,400,000 : 0 : 19,489,017,450 : 60%
2022-12-19 11:23:09 : 142,500,000 : 0 : 19,502,256,025 : 60%
2022-12-19 11:50:54 : 142,600,000 : 0 : 19,515,625,675 : 60%
2022-12-19 12:16:24 : 142,700,000 : 0 : 19,528,864,250 : 60%
2022-12-19 12:40:15 : 142,800,000 : 0 : 19,542,102,825 : 60%
2022-12-19 13:02:26 : 142,900,000 : 0 : 19,555,472,475 : 60%
2022-12-19 13:23:36 : 143,000,000 : 0 : 19,568,842,125 : 60%
2022-12-19 13:43:17 : 143,100,000 : 0 : 19,582,342,850 : 60%
2022-12-19 14:01:54 : 143,200,000 : 0 : 19,595,843,575 : 60%
2022-12-19 14:19:44 : 143,300,000 : 0 : 19,609,213,225 : 60%
2022-12-19 14:36:52 : 143,400,000 : 0 : 19,622,845,025 : 60%
2022-12-19 14:53:21 : 143,500,000 : 0 : 19,636,345,750 : 60%
2022-12-19 15:09:28 : 143,600,000 : 0 : 19,649,846,475 : 60%
2022-12-19 15:25:08 : 143,700,000 : 0 : 19,663,478,275 : 60%
2022-12-19 15:40:33 : 143,800,000 : 0 : 19,676,979,000 : 60%
2022-12-19 15:55:37 : 143,900,000 : 0 : 19,690,741,875 : 60%
2022-12-19 16:10:43 : 144,000,000 : 0 : 19,718,005,475 : 60%
2022-12-19 16:25:32 : 144,100,000 : 0 : 19,731,768,350 : 60%
2022-12-19 16:40:13 : 144,200,000 : 0 : 19,745,269,075 : 60%
2022-12-19 16:54:37 : 144,300,000 : 0 : 19,759,031,950 : 60%
2022-12-19 17:08:58 : 144,400,000 : 0 : 19,772,532,675 : 60%
2022-12-19 17:23:12 : 144,500,000 : 0 : 19,786,164,475 : 60%
2022-12-19 17:37:13 : 144,600,000 : 0 : 19,799,665,200 : 60%
2022-12-19 17:51:11 : 144,700,000 : 0 : 19,813,165,925 : 61%
2022-12-19 18:05:21 : 144,800,000 : 0 : 19,826,666,650 : 61%
2022-12-19 18:19:28 : 144,900,000 : 0 : 19,840,298,450 : 61%
2022-12-19 18:33:31 : 145,000,000 : 0 : 19,853,799,175 : 61%
2022-12-19 18:47:41 : 145,100,000 : 0 : 19,867,299,900 : 61%
2022-12-19 19:01:47 : 145,200,000 : 0 : 19,880,800,625 : 61%
2022-12-19 19:16:03 : 145,300,000 : 0 : 19,894,301,350 : 61%
2022-12-19 19:30:19 : 145,400,000 : 0 : 19,907,802,075 : 61%
2022-12-19 19:44:36 : 145,500,000 : 0 : 19,921,302,800 : 61%
2022-12-19 19:58:47 : 145,600,000 : 0 : 19,934,803,525 : 61%
2022-12-19 20:12:52 : 145,700,000 : 0 : 19,948,173,175 : 61%
2022-12-19 20:27:02 : 145,800,000 : 0 : 19,961,673,900 : 61%
2022-12-19 20:41:19 : 145,900,000 : 0 : 19,975,043,550 : 61%
2022-12-19 20:55:30 : 146,000,000 : 0 : 19,988,544,275 : 61%
2022-12-19 21:09:52 : 146,100,000 : 0 : 20,015,283,575 : 61%
2022-12-19 21:24:12 : 146,200,000 : 0 : 20,028,784,300 : 61%
2022-12-19 21:38:41 : 146,300,000 : 0 : 20,042,153,950 : 61%
2022-12-19 21:53:19 : 146,400,000 : 0 : 20,055,654,675 : 61%
2022-12-19 22:08:19 : 146,500,000 : 0 : 20,069,024,325 : 61%
2022-12-19 22:23:30 : 146,600,000 : 0 : 20,082,262,900 : 61%
2022-12-19 22:38:51 : 146,700,000 : 0 : 20,095,632,550 : 61%
2022-12-19 22:54:10 : 146,800,000 : 0 : 20,109,002,200 : 61%
2022-12-19 23:09:39 : 146,900,000 : 0 : 20,122,371,850 : 61%
2022-12-19 23:25:38 : 147,000,000 : 0 : 20,135,610,425 : 61%
2022-12-19 23:41:31 : 147,100,000 : 0 : 20,148,980,075 : 62%
2022-12-19 23:57:36 : 147,200,000 : 0 : 20,162,218,650 : 62%
2022-12-20 00:13:55 : 147,300,000 : 0 : 20,175,457,225 : 62%
Decoding error with 134,217,728 bytes, reading another chunk
2022-12-20 00:30:16 : 147,400,000 : 0 : 20,201,672,225 : 62%
2022-12-20 00:46:43 : 147,500,000 : 0 : 20,201,672,225 : 62%
2022-12-20 01:03:24 : 147,600,000 : 0 : 20,214,779,725 : 62%
2022-12-20 01:20:00 : 147,700,000 : 0 : 20,227,756,150 : 62%
2022-12-20 01:36:30 : 147,800,000 : 0 : 20,240,732,575 : 62%
2022-12-20 01:52:48 : 147,900,000 : 0 : 20,253,577,925 : 62%
2022-12-20 02:09:04 : 148,000,000 : 0 : 20,266,554,350 : 62%
2022-12-20 02:25:31 : 148,100,000 : 0 : 20,279,399,700 : 62%
2022-12-20 02:42:06 : 148,200,000 : 0 : 20,292,245,050 : 62%
2022-12-20 02:58:50 : 148,300,000 : 0 : 20,305,221,475 : 62%
2022-12-20 03:16:08 : 148,400,000 : 0 : 20,330,912,175 : 62%
2022-12-20 03:33:20 : 148,500,000 : 0 : 20,343,888,600 : 62%
2022-12-20 03:50:52 : 148,600,000 : 0 : 20,356,865,025 : 62%
2022-12-20 04:09:17 : 148,700,000 : 0 : 20,369,841,450 : 62%
2022-12-20 04:28:30 : 148,800,000 : 0 : 20,382,948,950 : 62%
2022-12-20 04:48:30 : 148,900,000 : 0 : 20,396,056,450 : 62%
2022-12-20 05:09:30 : 149,000,000 : 0 : 20,409,163,950 : 62%
2022-12-20 05:31:37 : 149,100,000 : 0 : 20,422,402,525 : 62%
2022-12-20 05:55:05 : 149,200,000 : 0 : 20,435,641,100 : 62%
2022-12-20 06:19:56 : 149,300,000 : 0 : 20,448,748,600 : 62%
2022-12-20 06:45:33 : 149,400,000 : 0 : 20,461,987,175 : 62%
2022-12-20 07:12:24 : 149,500,000 : 0 : 20,475,356,825 : 63%
2022-12-20 07:40:29 : 149,600,000 : 0 : 20,488,726,475 : 63%
2022-12-20 08:09:15 : 149,700,000 : 0 : 20,502,096,125 : 63%
2022-12-20 08:39:18 : 149,800,000 : 0 : 20,515,596,850 : 63%
2022-12-20 09:10:13 : 149,900,000 : 0 : 20,528,966,500 : 63%
2022-12-20 09:41:47 : 150,000,000 : 0 : 20,542,336,150 : 63%
2022-12-20 10:13:24 : 150,100,000 : 0 : 20,555,836,875 : 63%
2022-12-20 10:44:09 : 150,200,000 : 0 : 20,569,206,525 : 63%
2022-12-20 11:12:50 : 150,300,000 : 0 : 20,582,576,175 : 63%
2022-12-20 11:40:20 : 150,400,000 : 0 : 20,595,945,825 : 63%
2022-12-20 12:05:53 : 150,500,000 : 0 : 20,609,315,475 : 63%
2022-12-20 12:30:06 : 150,600,000 : 0 : 20,622,685,125 : 63%
2022-12-20 12:52:33 : 150,700,000 : 0 : 20,649,686,575 : 63%
2022-12-20 13:13:38 : 150,800,000 : 0 : 20,663,187,300 : 63%
2022-12-20 13:33:21 : 150,900,000 : 0 : 20,676,425,875 : 63%
2022-12-20 13:51:55 : 151,000,000 : 0 : 20,690,188,750 : 63%
2022-12-20 14:09:52 : 151,100,000 : 0 : 20,703,820,550 : 63%
2022-12-20 14:26:51 : 151,200,000 : 0 : 20,717,321,275 : 63%
2022-12-20 14:43:29 : 151,300,000 : 0 : 20,730,953,075 : 63%
2022-12-20 14:59:29 : 151,400,000 : 0 : 20,744,715,950 : 63%
2022-12-20 15:15:07 : 151,500,000 : 0 : 20,758,478,825 : 63%
2022-12-20 15:30:21 : 151,600,000 : 0 : 20,772,110,625 : 63%
2022-12-20 15:45:13 : 151,700,000 : 0 : 20,785,873,500 : 63%
2022-12-20 15:59:53 : 151,800,000 : 0 : 20,799,636,375 : 64%
2022-12-20 16:14:33 : 151,900,000 : 0 : 20,813,268,175 : 64%
2022-12-20 16:28:54 : 152,000,000 : 0 : 20,827,031,050 : 64%
2022-12-20 16:43:04 : 152,100,000 : 0 : 20,840,662,850 : 64%
2022-12-20 16:56:58 : 152,200,000 : 0 : 20,854,425,725 : 64%
2022-12-20 17:10:49 : 152,300,000 : 0 : 20,867,926,450 : 64%
2022-12-20 17:24:34 : 152,400,000 : 0 : 20,881,558,250 : 64%
2022-12-20 17:38:19 : 152,500,000 : 0 : 20,895,058,975 : 64%
2022-12-20 17:52:04 : 152,600,000 : 0 : 20,908,690,775 : 64%
2022-12-20 18:05:52 : 152,700,000 : 0 : 20,922,322,575 : 64%
2022-12-20 18:19:39 : 152,800,000 : 0 : 20,949,455,100 : 64%
2022-12-20 18:33:20 : 152,900,000 : 0 : 20,963,086,900 : 64%
2022-12-20 18:47:04 : 153,000,000 : 0 : 20,976,587,625 : 64%
2022-12-20 19:00:46 : 153,100,000 : 0 : 20,990,088,350 : 64%
2022-12-20 19:14:49 : 153,200,000 : 0 : 21,003,720,150 : 64%
2022-12-20 19:29:02 : 153,300,000 : 0 : 21,017,220,875 : 64%
2022-12-20 19:43:00 : 153,400,000 : 0 : 21,030,721,600 : 64%
2022-12-20 19:56:41 : 153,500,000 : 0 : 21,044,222,325 : 64%
2022-12-20 20:10:25 : 153,600,000 : 0 : 21,057,854,125 : 64%
Decoding error with 134,217,728 bytes, reading another chunk
2022-12-20 20:24:19 : 153,700,000 : 0 : 21,084,855,575 : 64%
2022-12-20 20:38:19 : 153,800,000 : 0 : 21,084,855,575 : 64%
2022-12-20 20:52:20 : 153,900,000 : 0 : 21,098,225,225 : 64%
2022-12-20 21:06:28 : 154,000,000 : 0 : 21,111,594,875 : 64%
2022-12-20 21:20:32 : 154,100,000 : 0 : 21,125,095,600 : 65%
2022-12-20 21:35:00 : 154,200,000 : 0 : 21,138,465,250 : 65%
2022-12-20 21:49:20 : 154,300,000 : 0 : 21,151,965,975 : 65%
2022-12-20 22:03:59 : 154,400,000 : 0 : 21,165,335,625 : 65%
2022-12-20 22:18:56 : 154,500,000 : 0 : 21,178,836,350 : 65%
2022-12-20 22:34:01 : 154,600,000 : 0 : 21,192,206,000 : 65%
2022-12-20 22:49:12 : 154,700,000 : 0 : 21,205,575,650 : 65%
2022-12-20 23:04:22 : 154,800,000 : 0 : 21,219,076,375 : 65%
2022-12-20 23:19:47 : 154,900,000 : 0 : 21,232,314,950 : 65%
2022-12-20 23:35:24 : 155,000,000 : 0 : 21,258,661,025 : 65%
2022-12-20 23:50:55 : 155,100,000 : 0 : 21,271,899,600 : 65%
2022-12-21 00:06:44 : 155,200,000 : 0 : 21,285,007,100 : 65%
2022-12-21 00:22:39 : 155,300,000 : 0 : 21,298,114,600 : 65%
2022-12-21 00:38:50 : 155,400,000 : 0 : 21,310,959,950 : 65%
2022-12-21 00:54:55 : 155,500,000 : 0 : 21,323,936,375 : 65%
2022-12-21 01:11:32 : 155,600,000 : 0 : 21,336,912,800 : 65%
2022-12-21 01:28:07 : 155,700,000 : 0 : 21,349,758,150 : 65%
2022-12-21 01:44:36 : 155,800,000 : 0 : 21,362,734,575 : 65%
2022-12-21 02:01:17 : 155,900,000 : 0 : 21,375,711,000 : 65%
2022-12-21 02:17:57 : 156,000,000 : 0 : 21,388,687,425 : 65%
2022-12-21 02:34:44 : 156,100,000 : 0 : 21,401,532,775 : 65%
2022-12-21 02:51:41 : 156,200,000 : 0 : 21,414,509,200 : 65%
2022-12-21 03:09:01 : 156,300,000 : 0 : 21,427,616,700 : 65%
2022-12-21 03:26:50 : 156,400,000 : 0 : 21,440,724,200 : 65%
2022-12-21 03:44:51 : 156,500,000 : 0 : 21,453,831,700 : 66%
2022-12-21 04:03:33 : 156,600,000 : 0 : 21,466,939,200 : 66%
2022-12-21 04:22:47 : 156,700,000 : 0 : 21,479,915,625 : 66%
2022-12-21 04:42:40 : 156,800,000 : 0 : 21,493,023,125 : 66%
2022-12-21 05:03:04 : 156,900,000 : 0 : 21,506,130,625 : 66%
2022-12-21 05:24:38 : 157,000,000 : 0 : 21,519,238,125 : 66%
2022-12-21 05:47:21 : 157,100,000 : 0 : 21,532,345,625 : 66%
2022-12-21 06:10:57 : 157,200,000 : 0 : 21,545,453,125 : 66%
2022-12-21 06:36:02 : 157,300,000 : 0 : 21,558,560,625 : 66%
2022-12-21 07:02:03 : 157,400,000 : 0 : 21,585,037,775 : 66%
2022-12-21 07:29:23 : 157,500,000 : 0 : 21,598,276,350 : 66%
2022-12-21 07:57:32 : 157,600,000 : 0 : 21,611,646,000 : 66%
2022-12-21 08:26:21 : 157,700,000 : 0 : 21,624,884,575 : 66%
2022-12-21 08:56:07 : 157,800,000 : 0 : 21,638,254,225 : 66%
2022-12-21 09:26:40 : 157,900,000 : 0 : 21,651,623,875 : 66%
2022-12-21 09:57:36 : 158,000,000 : 0 : 21,664,993,525 : 66%
2022-12-21 10:28:30 : 158,100,000 : 0 : 21,678,363,175 : 66%
2022-12-21 10:58:11 : 158,200,000 : 0 : 21,691,863,900 : 66%
2022-12-21 11:26:38 : 158,300,000 : 0 : 21,705,233,550 : 66%
2022-12-21 11:52:15 : 158,400,000 : 0 : 21,718,341,050 : 66%
2022-12-21 12:16:28 : 158,500,000 : 0 : 21,731,448,550 : 66%
2022-12-21 12:39:00 : 158,600,000 : 0 : 21,744,687,125 : 66%
2022-12-21 13:00:02 : 158,700,000 : 0 : 21,757,925,700 : 66%
2022-12-21 13:19:51 : 158,800,000 : 0 : 21,771,164,275 : 66%
2022-12-21 13:38:27 : 158,900,000 : 0 : 21,784,402,850 : 67%
2022-12-21 13:56:04 : 159,000,000 : 0 : 21,797,772,500 : 67%
2022-12-21 14:13:14 : 159,100,000 : 0 : 21,811,273,225 : 67%
2022-12-21 14:29:48 : 159,200,000 : 0 : 21,824,773,950 : 67%
2022-12-21 14:45:39 : 159,300,000 : 0 : 21,838,274,675 : 67%
2022-12-21 15:00:55 : 159,400,000 : 0 : 21,851,644,325 : 67%
2022-12-21 15:15:47 : 159,500,000 : 0 : 21,878,514,700 : 67%
2022-12-21 15:30:22 : 159,600,000 : 0 : 21,891,884,350 : 67%
2022-12-21 15:44:48 : 159,700,000 : 0 : 21,905,385,075 : 67%
2022-12-21 15:58:57 : 159,800,000 : 0 : 21,918,885,800 : 67%
2022-12-21 16:13:10 : 159,900,000 : 0 : 21,932,386,525 : 67%
2022-12-21 16:27:23 : 160,000,000 : 0 : 21,945,887,250 : 67%
2022-12-21 16:41:20 : 160,100,000 : 0 : 21,959,387,975 : 67%
2022-12-21 16:55:24 : 160,200,000 : 0 : 21,973,019,775 : 67%
2022-12-21 17:09:22 : 160,300,000 : 0 : 21,986,520,500 : 67%
2022-12-21 17:23:07 : 160,400,000 : 0 : 21,999,890,150 : 67%
2022-12-21 17:36:48 : 160,500,000 : 0 : 22,013,390,875 : 67%
2022-12-21 17:50:36 : 160,600,000 : 0 : 22,026,891,600 : 67%
2022-12-21 18:04:26 : 160,700,000 : 0 : 22,040,392,325 : 67%
2022-12-21 18:18:29 : 160,800,000 : 0 : 22,054,024,125 : 67%
2022-12-21 18:32:29 : 160,900,000 : 0 : 22,067,655,925 : 67%
2022-12-21 18:46:30 : 161,000,000 : 0 : 22,081,156,650 : 67%
2022-12-21 19:00:28 : 161,100,000 : 0 : 22,094,657,375 : 67%
2022-12-21 19:14:45 : 161,200,000 : 0 : 22,108,158,100 : 68%
2022-12-21 19:29:03 : 161,300,000 : 0 : 22,121,658,825 : 68%
2022-12-21 19:43:26 : 161,400,000 : 0 : 22,135,290,625 : 68%
2022-12-21 19:57:32 : 161,500,000 : 0 : 22,162,292,075 : 68%
2022-12-21 20:11:46 : 161,600,000 : 0 : 22,175,792,800 : 68%
2022-12-21 20:26:04 : 161,700,000 : 0 : 22,189,162,450 : 68%
2022-12-21 20:40:14 : 161,800,000 : 0 : 22,202,663,175 : 68%
2022-12-21 20:54:29 : 161,900,000 : 0 : 22,216,032,825 : 68%
2022-12-21 21:08:45 : 162,000,000 : 0 : 22,229,402,475 : 68%
2022-12-21 21:23:11 : 162,100,000 : 0 : 22,242,903,200 : 68%
2022-12-21 21:37:46 : 162,200,000 : 0 : 22,256,272,850 : 68%
2022-12-21 21:52:20 : 162,300,000 : 0 : 22,269,511,425 : 68%
2022-12-21 22:07:13 : 162,400,000 : 0 : 22,282,618,925 : 68%
2022-12-21 22:22:11 : 162,500,000 : 0 : 22,295,726,425 : 68%
2022-12-21 22:37:05 : 162,600,000 : 0 : 22,308,833,925 : 68%
2022-12-21 22:52:14 : 162,700,000 : 0 : 22,322,072,500 : 68%
2022-12-21 23:07:35 : 162,800,000 : 0 : 22,335,311,075 : 68%
2022-12-21 23:23:13 : 162,900,000 : 0 : 22,348,549,650 : 68%
2022-12-21 23:39:12 : 163,000,000 : 0 : 22,361,788,225 : 68%
2022-12-21 23:55:23 : 163,100,000 : 0 : 22,375,026,800 : 68%
2022-12-22 00:11:54 : 163,200,000 : 0 : 22,388,265,375 : 68%
2022-12-22 00:28:28 : 163,300,000 : 0 : 22,401,503,950 : 68%
2022-12-22 00:45:14 : 163,400,000 : 0 : 22,414,611,450 : 68%
2022-12-22 01:02:03 : 163,500,000 : 0 : 22,427,718,950 : 68%
2022-12-22 01:18:58 : 163,600,000 : 0 : 22,453,671,800 : 69%
2022-12-22 01:35:53 : 163,700,000 : 0 : 22,466,517,150 : 69%
2022-12-22 01:52:31 : 163,800,000 : 0 : 22,479,493,575 : 69%
2022-12-22 02:09:25 : 163,900,000 : 0 : 22,492,338,925 : 69%
2022-12-22 02:26:19 : 164,000,000 : 0 : 22,505,053,200 : 69%
2022-12-22 02:43:00 : 164,100,000 : 0 : 22,517,898,550 : 69%
2022-12-22 03:00:08 : 164,200,000 : 0 : 22,530,743,900 : 69%
2022-12-22 03:17:59 : 164,300,000 : 0 : 22,543,851,400 : 69%
2022-12-22 03:36:16 : 164,400,000 : 0 : 22,556,827,825 : 69%
2022-12-22 03:54:50 : 164,500,000 : 0 : 22,569,804,250 : 69%
2022-12-22 04:13:53 : 164,600,000 : 0 : 22,582,780,675 : 69%
2022-12-22 04:33:30 : 164,700,000 : 0 : 22,595,888,175 : 69%
2022-12-22 04:53:40 : 164,800,000 : 0 : 22,608,864,600 : 69%
2022-12-22 05:14:48 : 164,900,000 : 0 : 22,621,972,100 : 69%
2022-12-22 05:36:57 : 165,000,000 : 0 : 22,635,079,600 : 69%
2022-12-22 06:00:11 : 165,100,000 : 0 : 22,648,187,100 : 69%
2022-12-22 06:24:47 : 165,200,000 : 0 : 22,661,294,600 : 69%
2022-12-22 06:50:25 : 165,300,000 : 0 : 22,674,533,175 : 69%
2022-12-22 07:17:18 : 165,400,000 : 0 : 22,687,902,825 : 69%
2022-12-22 07:45:27 : 165,500,000 : 0 : 22,701,141,400 : 69%
2022-12-22 08:14:08 : 165,600,000 : 0 : 22,714,379,975 : 69%
2022-12-22 08:43:36 : 165,700,000 : 0 : 22,727,749,625 : 69%
2022-12-22 09:13:40 : 165,800,000 : 0 : 22,741,119,275 : 69%
2022-12-22 09:44:35 : 165,900,000 : 0 : 22,754,620,000 : 69%
2022-12-22 10:15:30 : 166,000,000 : 0 : 22,767,989,650 : 70%
2022-12-22 10:45:41 : 166,100,000 : 0 : 22,794,597,875 : 70%
2022-12-22 11:14:31 : 166,200,000 : 0 : 22,807,967,525 : 70%
2022-12-22 11:41:34 : 166,300,000 : 0 : 22,821,337,175 : 70%
2022-12-22 12:06:59 : 166,400,000 : 0 : 22,834,706,825 : 70%
2022-12-22 12:30:58 : 166,500,000 : 0 : 22,848,207,550 : 70%
2022-12-22 12:53:12 : 166,600,000 : 0 : 22,861,577,200 : 70%
2022-12-22 13:14:17 : 166,700,000 : 0 : 22,875,077,925 : 70%
2022-12-22 13:34:03 : 166,800,000 : 0 : 22,888,578,650 : 70%
2022-12-22 13:52:21 : 166,900,000 : 0 : 22,902,079,375 : 70%
2022-12-22 14:10:02 : 167,000,000 : 0 : 22,915,711,175 : 70%
2022-12-22 14:26:56 : 167,100,000 : 0 : 22,929,211,900 : 70%
2022-12-22 14:43:27 : 167,200,000 : 0 : 22,942,843,700 : 70%
2022-12-22 14:59:27 : 167,300,000 : 0 : 22,956,475,500 : 70%
2022-12-22 15:15:04 : 167,400,000 : 0 : 22,970,107,300 : 70%
2022-12-22 15:30:04 : 167,500,000 : 0 : 22,983,608,025 : 70%
2022-12-22 15:44:43 : 167,600,000 : 0 : 22,997,239,825 : 70%
2022-12-22 15:59:04 : 167,700,000 : 0 : 23,010,740,550 : 70%
2022-12-22 16:13:35 : 167,800,000 : 0 : 23,024,241,275 : 70%
2022-12-22 16:27:47 : 167,900,000 : 0 : 23,037,742,000 : 70%
2022-12-22 16:41:55 : 168,000,000 : 0 : 23,051,373,800 : 70%
2022-12-22 16:55:56 : 168,100,000 : 0 : 23,064,874,525 : 70%
2022-12-22 17:09:56 : 168,200,000 : 0 : 23,078,506,325 : 70%
2022-12-22 17:23:53 : 168,300,000 : 0 : 23,105,507,775 : 71%
2022-12-22 17:37:41 : 168,400,000 : 0 : 23,119,008,500 : 71%
2022-12-22 17:51:25 : 168,500,000 : 0 : 23,132,509,225 : 71%
2022-12-22 18:05:23 : 168,600,000 : 0 : 23,146,141,025 : 71%
2022-12-22 18:19:22 : 168,700,000 : 0 : 23,159,510,675 : 71%
2022-12-22 18:33:15 : 168,800,000 : 0 : 23,173,142,475 : 71%
2022-12-22 18:47:14 : 168,900,000 : 0 : 23,186,512,125 : 71%
2022-12-22 19:01:20 : 169,000,000 : 0 : 23,200,012,850 : 71%
2022-12-22 19:15:34 : 169,100,000 : 0 : 23,213,382,500 : 71%
2022-12-22 19:29:53 : 169,200,000 : 0 : 23,226,883,225 : 71%
2022-12-22 19:44:22 : 169,300,000 : 0 : 23,240,252,875 : 71%
2022-12-22 19:58:35 : 169,400,000 : 0 : 23,253,622,525 : 71%
2022-12-22 20:12:48 : 169,500,000 : 0 : 23,266,861,100 : 71%
2022-12-22 20:27:05 : 169,600,000 : 0 : 23,280,099,675 : 71%
2022-12-22 20:41:22 : 169,700,000 : 0 : 23,293,469,325 : 71%
2022-12-22 20:55:34 : 169,800,000 : 0 : 23,306,707,900 : 71%
2022-12-22 21:09:52 : 169,900,000 : 0 : 23,319,946,475 : 71%
2022-12-22 21:24:24 : 170,000,000 : 0 : 23,333,316,125 : 71%
2022-12-22 21:39:00 : 170,100,000 : 0 : 23,346,423,625 : 71%
2022-12-22 21:53:44 : 170,200,000 : 0 : 23,359,662,200 : 71%
2022-12-22 22:08:53 : 170,300,000 : 0 : 23,372,900,775 : 71%
2022-12-22 22:24:24 : 170,400,000 : 0 : 23,386,139,350 : 71%
2022-12-22 22:39:59 : 170,500,000 : 0 : 23,412,616,500 : 71%
2022-12-22 22:55:29 : 170,600,000 : 0 : 23,425,724,000 : 72%
2022-12-22 23:11:08 : 170,700,000 : 0 : 23,438,831,500 : 72%
2022-12-22 23:26:45 : 170,800,000 : 0 : 23,451,939,000 : 72%
2022-12-22 23:42:37 : 170,900,000 : 0 : 23,465,046,500 : 72%
2022-12-22 23:58:36 : 171,000,000 : 0 : 23,478,022,925 : 72%
2022-12-23 00:14:59 : 171,100,000 : 0 : 23,491,130,425 : 72%
2022-12-23 00:31:22 : 171,200,000 : 0 : 23,504,237,925 : 72%
2022-12-23 00:48:01 : 171,300,000 : 0 : 23,517,345,425 : 72%
2022-12-23 01:04:52 : 171,400,000 : 0 : 23,530,190,775 : 72%
2022-12-23 01:21:55 : 171,500,000 : 0 : 23,543,167,200 : 72%
2022-12-23 01:38:50 : 171,600,000 : 0 : 23,555,881,475 : 72%
2022-12-23 01:55:31 : 171,700,000 : 0 : 23,568,726,825 : 72%
2022-12-23 02:12:20 : 171,800,000 : 0 : 23,581,572,175 : 72%
2022-12-23 02:29:16 : 171,900,000 : 0 : 23,594,286,450 : 72%
2022-12-23 02:46:11 : 172,000,000 : 0 : 23,607,000,725 : 72%
2022-12-23 03:03:42 : 172,100,000 : 0 : 23,619,715,000 : 72%
2022-12-23 03:21:16 : 172,200,000 : 0 : 23,632,429,275 : 72%
2022-12-23 03:38:38 : 172,300,000 : 0 : 23,644,881,400 : 72%
2022-12-23 03:56:25 : 172,400,000 : 0 : 23,657,464,600 : 72%
2022-12-23 04:15:07 : 172,500,000 : 0 : 23,670,178,875 : 72%
2022-12-23 04:34:48 : 172,600,000 : 0 : 23,683,024,225 : 72%
2022-12-23 04:54:43 : 172,700,000 : 0 : 23,695,869,575 : 72%
2022-12-23 05:15:27 : 172,800,000 : 0 : 23,708,583,850 : 72%
2022-12-23 05:36:53 : 172,900,000 : 0 : 23,734,274,550 : 72%
2022-12-23 05:59:31 : 173,000,000 : 0 : 23,746,988,825 : 73%
2022-12-23 06:23:23 : 173,100,000 : 0 : 23,759,834,175 : 73%
2022-12-23 06:48:02 : 173,200,000 : 0 : 23,772,548,450 : 73%
2022-12-23 07:13:58 : 173,300,000 : 0 : 23,785,655,950 : 73%
2022-12-23 07:41:01 : 173,400,000 : 0 : 23,798,632,375 : 73%
2022-12-23 08:09:02 : 173,500,000 : 0 : 23,811,739,875 : 73%
2022-12-23 08:37:40 : 173,600,000 : 0 : 23,824,847,375 : 73%
2022-12-23 09:06:46 : 173,700,000 : 0 : 23,837,823,800 : 73%
2022-12-23 09:36:09 : 173,800,000 : 0 : 23,850,669,150 : 73%
2022-12-23 10:05:08 : 173,900,000 : 0 : 23,863,645,575 : 73%
2022-12-23 10:34:24 : 174,000,000 : 0 : 23,876,622,000 : 73%
2022-12-23 11:03:27 : 174,100,000 : 0 : 23,889,729,500 : 73%
2022-12-23 11:31:40 : 174,200,000 : 0 : 23,902,968,075 : 73%
2022-12-23 11:58:25 : 174,300,000 : 0 : 23,916,075,575 : 73%
2022-12-23 12:23:46 : 174,400,000 : 0 : 23,929,183,075 : 73%
2022-12-23 12:47:14 : 174,500,000 : 0 : 23,942,290,575 : 73%
2022-12-23 13:09:22 : 174,600,000 : 0 : 23,955,660,225 : 73%
2022-12-23 13:30:18 : 174,700,000 : 0 : 23,968,898,800 : 73%
2022-12-23 13:49:30 : 174,800,000 : 0 : 23,982,006,300 : 73%
2022-12-23 14:07:35 : 174,900,000 : 0 : 23,995,375,950 : 73%
2022-12-23 14:25:11 : 175,000,000 : 0 : 24,008,614,525 : 73%
2022-12-23 14:42:04 : 175,100,000 : 0 : 24,021,984,175 : 73%
2022-12-23 14:57:59 : 175,200,000 : 0 : 24,035,091,675 : 73%
2022-12-23 15:13:25 : 175,300,000 : 0 : 24,048,199,175 : 73%
2022-12-23 15:28:54 : 175,400,000 : 0 : 24,061,437,750 : 73%
2022-12-23 15:44:07 : 175,500,000 : 0 : 24,088,308,125 : 74%
2022-12-23 15:59:02 : 175,600,000 : 0 : 24,101,546,700 : 74%
2022-12-23 16:13:55 : 175,700,000 : 0 : 24,114,916,350 : 74%
2022-12-23 16:28:48 : 175,800,000 : 0 : 24,128,286,000 : 74%
2022-12-23 16:43:21 : 175,900,000 : 0 : 24,141,524,575 : 74%
2022-12-23 16:57:36 : 176,000,000 : 0 : 24,154,894,225 : 74%
2022-12-23 17:12:20 : 176,100,000 : 0 : 24,168,263,875 : 74%
2022-12-23 17:26:44 : 176,200,000 : 0 : 24,181,633,525 : 74%
2022-12-23 17:41:08 : 176,300,000 : 0 : 24,194,741,025 : 74%
2022-12-23 17:55:27 : 176,400,000 : 0 : 24,208,241,750 : 74%
2022-12-23 18:10:04 : 176,500,000 : 0 : 24,221,611,400 : 74%
2022-12-23 18:24:55 : 176,600,000 : 0 : 24,234,981,050 : 74%
2022-12-23 18:39:38 : 176,700,000 : 0 : 24,248,350,700 : 74%
2022-12-23 18:54:18 : 176,800,000 : 0 : 24,261,720,350 : 74%
2022-12-23 19:09:09 : 176,900,000 : 0 : 24,275,090,000 : 74%
2022-12-23 19:24:14 : 177,000,000 : 0 : 24,288,459,650 : 74%
2022-12-23 19:39:17 : 177,100,000 : 0 : 24,301,829,300 : 74%
2022-12-23 19:54:22 : 177,200,000 : 0 : 24,315,067,875 : 74%
2022-12-23 20:09:25 : 177,300,000 : 0 : 24,328,306,450 : 74%
2022-12-23 20:24:41 : 177,400,000 : 0 : 24,341,545,025 : 74%
2022-12-23 20:39:58 : 177,500,000 : 0 : 24,354,652,525 : 74%
2022-12-23 20:55:22 : 177,600,000 : 0 : 24,380,867,525 : 74%
2022-12-23 21:10:48 : 177,700,000 : 0 : 24,393,975,025 : 74%
2022-12-23 21:26:31 : 177,800,000 : 0 : 24,407,082,525 : 75%
2022-12-23 21:42:16 : 177,900,000 : 0 : 24,420,321,100 : 75%
2022-12-23 21:58:20 : 178,000,000 : 0 : 24,433,297,525 : 75%
2022-12-23 22:14:38 : 178,100,000 : 0 : 24,446,536,100 : 75%
2022-12-23 22:32:12 : 178,200,000 : 0 : 24,459,643,600 : 75%
2022-12-23 22:49:52 : 178,300,000 : 0 : 24,472,751,100 : 75%
2022-12-23 23:06:43 : 178,400,000 : 0 : 24,485,858,600 : 75%
2022-12-23 23:23:27 : 178,500,000 : 0 : 24,498,835,025 : 75%
2022-12-23 23:40:23 : 178,600,000 : 0 : 24,511,942,525 : 75%
2022-12-23 23:57:22 : 178,700,000 : 0 : 24,525,050,025 : 75%
2022-12-24 00:14:50 : 178,800,000 : 0 : 24,538,026,450 : 75%
2022-12-24 00:32:17 : 178,900,000 : 0 : 24,550,871,800 : 75%
2022-12-24 00:49:40 : 179,000,000 : 0 : 24,563,848,225 : 75%
2022-12-24 01:07:24 : 179,100,000 : 0 : 24,576,562,500 : 75%
2022-12-24 01:25:17 : 179,200,000 : 0 : 24,589,407,850 : 75%
2022-12-24 01:43:14 : 179,300,000 : 0 : 24,602,122,125 : 75%
2022-12-24 02:01:04 : 179,400,000 : 0 : 24,614,836,400 : 75%
2022-12-24 02:18:59 : 179,500,000 : 0 : 24,627,419,600 : 75%
2022-12-24 02:37:08 : 179,600,000 : 0 : 24,640,133,875 : 75%
2022-12-24 02:55:24 : 179,700,000 : 0 : 24,652,717,075 : 75%
2022-12-24 03:14:17 : 179,800,000 : 0 : 24,665,431,350 : 75%
2022-12-24 03:33:38 : 179,900,000 : 0 : 24,678,145,625 : 75%
2022-12-24 03:53:08 : 180,000,000 : 0 : 24,690,859,900 : 75%
2022-12-24 04:13:23 : 180,100,000 : 0 : 24,716,550,600 : 75%
2022-12-24 04:34:34 : 180,200,000 : 0 : 24,729,395,950 : 76%
2022-12-24 04:56:17 : 180,300,000 : 0 : 24,742,372,375 : 76%
2022-12-24 05:18:52 : 180,400,000 : 0 : 24,755,086,650 : 76%
2022-12-24 05:42:22 : 180,500,000 : 0 : 24,767,800,925 : 76%
2022-12-24 06:06:51 : 180,600,000 : 0 : 24,780,777,350 : 76%
2022-12-24 06:32:50 : 180,700,000 : 0 : 24,793,491,625 : 76%
2022-12-24 06:59:55 : 180,800,000 : 0 : 24,806,468,050 : 76%
2022-12-24 07:28:25 : 180,900,000 : 0 : 24,819,313,400 : 76%
2022-12-24 07:57:51 : 181,000,000 : 0 : 24,832,289,825 : 76%
2022-12-24 08:27:33 : 181,100,000 : 0 : 24,845,266,250 : 76%
2022-12-24 08:58:21 : 181,200,000 : 0 : 24,858,242,675 : 76%
2022-12-24 09:30:16 : 181,300,000 : 0 : 24,871,350,175 : 76%
2022-12-24 10:02:35 : 181,400,000 : 0 : 24,884,326,600 : 76%
2022-12-24 10:35:35 : 181,500,000 : 0 : 24,897,303,025 : 76%
2022-12-24 11:07:16 : 181,600,000 : 0 : 24,910,279,450 : 76%
2022-12-24 11:37:49 : 181,700,000 : 0 : 24,923,255,875 : 76%
2022-12-24 12:07:30 : 181,800,000 : 0 : 24,936,363,375 : 76%
2022-12-24 12:35:28 : 181,900,000 : 0 : 24,949,470,875 : 76%
2022-12-24 13:01:03 : 182,000,000 : 0 : 24,962,447,300 : 76%
2022-12-24 13:25:01 : 182,100,000 : 0 : 24,975,554,800 : 76%
2022-12-24 13:46:57 : 182,200,000 : 0 : 24,988,662,300 : 76%
2022-12-24 14:07:31 : 182,300,000 : 0 : 25,001,769,800 : 76%
2022-12-24 14:26:57 : 182,400,000 : 0 : 25,014,746,225 : 76%
2022-12-24 14:46:52 : 182,500,000 : 0 : 25,028,115,875 : 76%
2022-12-24 15:06:15 : 182,600,000 : 0 : 25,041,354,450 : 76%
2022-12-24 15:25:13 : 182,700,000 : 0 : 25,054,593,025 : 77%
2022-12-24 15:42:56 : 182,800,000 : 0 : 25,080,939,100 : 77%
2022-12-24 15:59:55 : 182,900,000 : 0 : 25,094,177,675 : 77%
2022-12-24 16:16:39 : 183,000,000 : 0 : 25,107,416,250 : 77%
2022-12-24 16:33:16 : 183,100,000 : 0 : 25,120,654,825 : 77%
2022-12-24 16:49:22 : 183,200,000 : 0 : 25,133,893,400 : 77%
2022-12-24 17:05:20 : 183,300,000 : 0 : 25,147,131,975 : 77%
2022-12-24 17:21:57 : 183,400,000 : 0 : 25,160,239,475 : 77%
2022-12-24 17:37:41 : 183,500,000 : 0 : 25,173,215,900 : 77%
2022-12-24 17:53:26 : 183,600,000 : 0 : 25,186,323,400 : 77%
2022-12-24 18:09:04 : 183,700,000 : 0 : 25,199,168,750 : 77%
2022-12-24 18:24:29 : 183,800,000 : 0 : 25,212,014,100 : 77%
2022-12-24 18:39:25 : 183,900,000 : 0 : 25,224,728,375 : 77%
2022-12-24 18:54:17 : 184,000,000 : 0 : 25,237,442,650 : 77%
2022-12-24 19:09:11 : 184,100,000 : 0 : 25,250,156,925 : 77%
2022-12-24 19:24:20 : 184,200,000 : 0 : 25,262,871,200 : 77%
2022-12-24 19:39:40 : 184,300,000 : 0 : 25,275,585,475 : 77%
2022-12-24 19:54:47 : 184,400,000 : 0 : 25,288,299,750 : 77%
2022-12-24 20:09:43 : 184,500,000 : 0 : 25,300,882,950 : 77%
2022-12-24 20:25:02 : 184,600,000 : 0 : 25,313,335,075 : 77%
2022-12-24 20:40:10 : 184,700,000 : 0 : 25,325,918,275 : 77%
2022-12-24 20:55:29 : 184,800,000 : 0 : 25,338,239,325 : 77%
2022-12-24 21:10:42 : 184,900,000 : 0 : 25,350,691,450 : 77%
2022-12-24 21:26:26 : 185,000,000 : 0 : 25,363,274,650 : 77%
2022-12-24 21:42:26 : 185,100,000 : 0 : 25,375,857,850 : 77%
2022-12-24 21:58:46 : 185,200,000 : 0 : 25,388,572,125 : 78%
2022-12-24 22:15:28 : 185,300,000 : 0 : 25,401,155,325 : 78%
2022-12-24 22:32:37 : 185,400,000 : 0 : 25,413,869,600 : 78%
2022-12-24 22:49:59 : 185,500,000 : 0 : 25,426,583,875 : 78%
2022-12-24 23:07:23 : 185,600,000 : 0 : 25,439,429,225 : 78%
2022-12-24 23:24:53 : 185,700,000 : 0 : 25,464,726,700 : 78%
2022-12-24 23:42:35 : 185,800,000 : 0 : 25,477,309,900 : 78%
2022-12-25 00:00:10 : 185,900,000 : 0 : 25,489,893,100 : 78%
2022-12-25 00:18:08 : 186,000,000 : 0 : 25,502,476,300 : 78%
2022-12-25 00:36:47 : 186,100,000 : 0 : 25,515,190,575 : 78%
2022-12-25 00:56:00 : 186,200,000 : 0 : 25,527,904,850 : 78%
2022-12-25 01:16:14 : 186,300,000 : 0 : 25,540,619,125 : 78%
2022-12-25 01:36:49 : 186,400,000 : 0 : 25,553,333,400 : 78%
2022-12-25 01:57:16 : 186,500,000 : 0 : 25,566,047,675 : 78%
2022-12-25 02:18:20 : 186,600,000 : 0 : 25,578,761,950 : 78%
2022-12-25 02:39:16 : 186,700,000 : 0 : 25,591,476,225 : 78%
2022-12-25 03:00:27 : 186,800,000 : 0 : 25,604,059,425 : 78%
2022-12-25 03:21:53 : 186,900,000 : 0 : 25,616,642,625 : 78%
2022-12-25 03:43:21 : 187,000,000 : 0 : 25,629,225,825 : 78%
2022-12-25 04:05:04 : 187,100,000 : 0 : 25,641,677,950 : 78%
2022-12-25 04:26:41 : 187,200,000 : 0 : 25,654,392,225 : 78%
2022-12-25 04:49:47 : 187,300,000 : 0 : 25,667,106,500 : 78%
2022-12-25 05:13:25 : 187,400,000 : 0 : 25,679,820,775 : 78%
2022-12-25 05:38:10 : 187,500,000 : 0 : 25,692,535,050 : 78%
2022-12-25 06:04:46 : 187,600,000 : 0 : 25,705,380,400 : 78%
2022-12-25 06:32:48 : 187,700,000 : 0 : 25,718,094,675 : 79%
2022-12-25 07:01:48 : 187,800,000 : 0 : 25,730,808,950 : 79%
2022-12-25 07:32:32 : 187,900,000 : 0 : 25,743,654,300 : 79%
2022-12-25 08:04:54 : 188,000,000 : 0 : 25,756,499,650 : 79%
2022-12-25 08:38:30 : 188,100,000 : 0 : 25,769,345,000 : 79%
2022-12-25 09:12:39 : 188,200,000 : 0 : 25,782,190,350 : 79%
2022-12-25 09:47:46 : 188,300,000 : 0 : 25,795,166,775 : 79%
2022-12-25 10:23:04 : 188,400,000 : 0 : 25,808,143,200 : 79%
2022-12-25 10:58:18 : 188,500,000 : 0 : 25,821,119,625 : 79%
2022-12-25 11:32:23 : 188,600,000 : 0 : 25,833,833,900 : 79%
2022-12-25 12:05:02 : 188,700,000 : 0 : 25,846,679,250 : 79%
2022-12-25 12:36:06 : 188,800,000 : 0 : 25,872,369,950 : 79%
2022-12-25 13:04:43 : 188,900,000 : 0 : 25,885,215,300 : 79%
2022-12-25 13:31:21 : 189,000,000 : 0 : 25,898,191,725 : 79%
2022-12-25 13:55:34 : 189,100,000 : 0 : 25,911,168,150 : 79%
2022-12-25 14:18:30 : 189,200,000 : 0 : 25,924,275,650 : 79%
2022-12-25 14:40:18 : 189,300,000 : 0 : 25,937,383,150 : 79%
2022-12-25 15:00:57 : 189,400,000 : 0 : 25,950,359,575 : 79%
2022-12-25 15:20:53 : 189,500,000 : 0 : 25,963,467,075 : 79%
2022-12-25 15:40:19 : 189,600,000 : 0 : 25,976,443,500 : 79%
2022-12-25 15:59:10 : 189,700,000 : 0 : 25,989,551,000 : 79%
2022-12-25 16:17:42 : 189,800,000 : 0 : 26,002,658,500 : 79%
2022-12-25 16:35:47 : 189,900,000 : 0 : 26,015,634,925 : 79%
2022-12-25 16:53:05 : 190,000,000 : 0 : 26,028,611,350 : 79%
2022-12-25 17:10:14 : 190,100,000 : 0 : 26,041,587,775 : 80%
2022-12-25 17:27:31 : 190,200,000 : 0 : 26,054,695,275 : 80%
2022-12-25 17:44:34 : 190,300,000 : 0 : 26,067,671,700 : 80%
2022-12-25 18:01:34 : 190,400,000 : 0 : 26,080,517,050 : 80%
2022-12-25 18:18:34 : 190,500,000 : 0 : 26,093,362,400 : 80%
2022-12-25 18:35:19 : 190,600,000 : 0 : 26,106,207,750 : 80%
2022-12-25 18:51:56 : 190,700,000 : 0 : 26,118,922,025 : 80%
2022-12-25 19:08:36 : 190,800,000 : 0 : 26,131,767,375 : 80%
2022-12-25 19:25:36 : 190,900,000 : 0 : 26,144,612,725 : 80%
2022-12-25 19:42:48 : 191,000,000 : 0 : 26,157,458,075 : 80%
2022-12-25 19:59:51 : 191,100,000 : 0 : 26,170,172,350 : 80%
2022-12-25 20:16:53 : 191,200,000 : 0 : 26,182,886,625 : 80%
2022-12-25 20:33:39 : 191,300,000 : 0 : 26,195,600,900 : 80%
2022-12-25 20:50:20 : 191,400,000 : 0 : 26,208,446,250 : 80%
2022-12-25 21:06:59 : 191,500,000 : 0 : 26,221,029,450 : 80%
2022-12-25 21:24:23 : 191,600,000 : 0 : 26,233,874,800 : 80%
2022-12-25 21:42:01 : 191,700,000 : 0 : 26,246,720,150 : 80%
2022-12-25 21:59:38 : 191,800,000 : 0 : 26,272,279,775 : 80%
2022-12-25 22:17:31 : 191,900,000 : 0 : 26,284,994,050 : 80%
2022-12-25 22:35:33 : 192,000,000 : 0 : 26,297,839,400 : 80%
2022-12-25 22:53:21 : 192,100,000 : 0 : 26,310,422,600 : 80%
2022-12-25 23:11:09 : 192,200,000 : 0 : 26,323,267,950 : 80%
2022-12-25 23:29:09 : 192,300,000 : 0 : 26,335,982,225 : 80%
2022-12-25 23:47:27 : 192,400,000 : 0 : 26,348,565,425 : 80%
2022-12-26 00:05:30 : 192,500,000 : 0 : 26,361,279,700 : 80%
2022-12-26 00:24:00 : 192,600,000 : 0 : 26,373,862,900 : 81%
2022-12-26 00:42:37 : 192,700,000 : 0 : 26,386,577,175 : 81%
2022-12-26 01:01:58 : 192,800,000 : 0 : 26,399,291,450 : 81%
2022-12-26 01:21:35 : 192,900,000 : 0 : 26,412,136,800 : 81%
2022-12-26 01:41:17 : 193,000,000 : 0 : 26,424,720,000 : 81%
2022-12-26 02:00:51 : 193,100,000 : 0 : 26,437,434,275 : 81%
2022-12-26 02:20:47 : 193,200,000 : 0 : 26,450,148,550 : 81%
2022-12-26 02:40:34 : 193,300,000 : 0 : 26,462,862,825 : 81%
2022-12-26 03:00:27 : 193,400,000 : 0 : 26,475,446,025 : 81%
2022-12-26 03:20:42 : 193,500,000 : 0 : 26,488,029,225 : 81%
2022-12-26 03:40:56 : 193,600,000 : 0 : 26,500,612,425 : 81%
2022-12-26 04:01:18 : 193,700,000 : 0 : 26,513,195,625 : 81%
2022-12-26 04:22:32 : 193,800,000 : 0 : 26,525,778,825 : 81%
2022-12-26 04:44:13 : 193,900,000 : 0 : 26,538,362,025 : 81%
2022-12-26 05:06:28 : 194,000,000 : 0 : 26,551,076,300 : 81%
2022-12-26 05:30:14 : 194,100,000 : 0 : 26,563,790,575 : 81%
2022-12-26 05:55:13 : 194,200,000 : 0 : 26,576,373,775 : 81%
2022-12-26 06:21:34 : 194,300,000 : 0 : 26,589,088,050 : 81%
2022-12-26 06:48:29 : 194,400,000 : 0 : 26,601,540,175 : 81%
2022-12-26 07:17:44 : 194,500,000 : 0 : 26,614,254,450 : 81%
2022-12-26 07:49:06 : 194,600,000 : 0 : 26,627,099,800 : 81%
2022-12-26 08:21:24 : 194,700,000 : 0 : 26,652,921,575 : 81%
2022-12-26 08:54:43 : 194,800,000 : 0 : 26,665,898,000 : 81%
2022-12-26 09:28:33 : 194,900,000 : 0 : 26,678,874,425 : 81%
2022-12-26 10:02:12 : 195,000,000 : 0 : 26,691,850,850 : 82%
2022-12-26 10:35:47 : 195,100,000 : 0 : 26,704,696,200 : 82%
2022-12-26 11:08:23 : 195,200,000 : 0 : 26,717,803,700 : 82%
2022-12-26 11:40:12 : 195,300,000 : 0 : 26,730,780,125 : 82%
2022-12-26 12:10:36 : 195,400,000 : 0 : 26,743,887,625 : 82%
2022-12-26 12:39:12 : 195,500,000 : 0 : 26,756,864,050 : 82%
2022-12-26 13:05:53 : 195,600,000 : 0 : 26,769,840,475 : 82%
2022-12-26 13:30:16 : 195,700,000 : 0 : 26,782,947,975 : 82%
2022-12-26 13:52:25 : 195,800,000 : 0 : 26,795,924,400 : 82%
2022-12-26 14:13:06 : 195,900,000 : 0 : 26,809,162,975 : 82%
2022-12-26 14:32:58 : 196,000,000 : 0 : 26,822,270,475 : 82%
2022-12-26 14:52:01 : 196,100,000 : 0 : 26,835,509,050 : 82%
2022-12-26 15:10:11 : 196,200,000 : 0 : 26,848,616,550 : 82%
2022-12-26 15:27:56 : 196,300,000 : 0 : 26,861,855,125 : 82%
2022-12-26 15:45:04 : 196,400,000 : 0 : 26,875,224,775 : 82%
2022-12-26 16:01:47 : 196,500,000 : 0 : 26,888,463,350 : 82%
2022-12-26 16:18:27 : 196,600,000 : 0 : 26,901,833,000 : 82%
2022-12-26 16:34:59 : 196,700,000 : 0 : 26,915,202,650 : 82%
2022-12-26 16:51:00 : 196,800,000 : 0 : 26,928,572,300 : 82%
2022-12-26 17:06:56 : 196,900,000 : 0 : 26,941,941,950 : 82%
2022-12-26 17:22:57 : 197,000,000 : 0 : 26,955,180,525 : 82%
2022-12-26 17:38:42 : 197,100,000 : 0 : 26,981,788,750 : 82%
2022-12-26 17:54:12 : 197,200,000 : 0 : 26,995,158,400 : 82%
2022-12-26 18:09:46 : 197,300,000 : 0 : 27,008,265,900 : 82%
2022-12-26 18:25:18 : 197,400,000 : 0 : 27,021,635,550 : 83%
2022-12-26 18:40:54 : 197,500,000 : 0 : 27,034,874,125 : 83%
2022-12-26 18:56:34 : 197,600,000 : 0 : 27,048,243,775 : 83%
2022-12-26 19:12:28 : 197,700,000 : 0 : 27,061,482,350 : 83%
2022-12-26 19:28:25 : 197,800,000 : 0 : 27,074,720,925 : 83%
2022-12-26 19:44:35 : 197,900,000 : 0 : 27,088,090,575 : 83%
2022-12-26 20:00:43 : 198,000,000 : 0 : 27,101,460,225 : 83%
2022-12-26 20:17:40 : 198,100,000 : 0 : 27,114,829,875 : 83%
2022-12-26 20:34:38 : 198,200,000 : 0 : 27,127,937,375 : 83%
2022-12-26 20:50:42 : 198,300,000 : 0 : 27,141,044,875 : 83%
2022-12-26 21:06:31 : 198,400,000 : 0 : 27,154,283,450 : 83%
2022-12-26 21:22:42 : 198,500,000 : 0 : 27,167,522,025 : 83%
2022-12-26 21:38:53 : 198,600,000 : 0 : 27,180,629,525 : 83%
2022-12-26 21:54:58 : 198,700,000 : 0 : 27,193,868,100 : 83%
2022-12-26 22:11:23 : 198,800,000 : 0 : 27,206,975,600 : 83%
2022-12-26 22:27:58 : 198,900,000 : 0 : 27,220,214,175 : 83%
2022-12-26 22:44:33 : 199,000,000 : 0 : 27,233,452,750 : 83%
2022-12-26 23:01:06 : 199,100,000 : 0 : 27,246,691,325 : 83%
2022-12-26 23:17:43 : 199,200,000 : 0 : 27,259,929,900 : 83%
2022-12-26 23:34:24 : 199,300,000 : 0 : 27,273,168,475 : 83%
2022-12-26 23:51:17 : 199,400,000 : 0 : 27,299,645,625 : 83%
2022-12-27 00:08:00 : 199,500,000 : 0 : 27,312,753,125 : 83%
2022-12-27 00:24:49 : 199,600,000 : 0 : 27,325,860,625 : 83%
2022-12-27 00:42:00 : 199,700,000 : 0 : 27,338,968,125 : 83%
2022-12-27 00:59:02 : 199,800,000 : 0 : 27,352,206,700 : 84%
2022-12-27 01:16:47 : 199,900,000 : 0 : 27,365,183,125 : 84%
2022-12-27 01:34:35 : 200,000,000 : 0 : 27,378,159,550 : 84%
2022-12-27 01:51:56 : 200,100,000 : 0 : 27,391,004,900 : 84%
2022-12-27 02:09:15 : 200,200,000 : 0 : 27,403,981,325 : 84%
2022-12-27 02:26:29 : 200,300,000 : 0 : 27,416,957,750 : 84%
2022-12-27 02:44:09 : 200,400,000 : 0 : 27,429,934,175 : 84%
2022-12-27 03:02:13 : 200,500,000 : 0 : 27,442,910,600 : 84%
2022-12-27 03:20:28 : 200,600,000 : 0 : 27,455,887,025 : 84%
2022-12-27 03:39:01 : 200,700,000 : 0 : 27,468,863,450 : 84%
2022-12-27 04:00:31 : 200,800,000 : 0 : 27,481,970,950 : 84%
2022-12-27 04:21:22 : 200,900,000 : 0 : 27,494,947,375 : 84%
2022-12-27 04:42:06 : 201,000,000 : 0 : 27,507,923,800 : 84%
2022-12-27 05:03:23 : 201,100,000 : 0 : 27,520,900,225 : 84%
2022-12-27 05:25:20 : 201,200,000 : 0 : 27,533,876,650 : 84%
2022-12-27 05:48:08 : 201,300,000 : 0 : 27,546,984,150 : 84%
2022-12-27 06:12:09 : 201,400,000 : 0 : 27,559,960,575 : 84%
2022-12-27 06:37:53 : 201,500,000 : 0 : 27,572,937,000 : 84%
2022-12-27 07:04:33 : 201,600,000 : 0 : 27,599,152,000 : 84%
2022-12-27 07:32:54 : 201,700,000 : 0 : 27,612,390,575 : 84%
2022-12-27 08:02:07 : 201,800,000 : 0 : 27,625,498,075 : 84%
2022-12-27 08:32:10 : 201,900,000 : 0 : 27,638,605,575 : 84%
2022-12-27 09:02:32 : 202,000,000 : 0 : 27,651,713,075 : 84%
2022-12-27 09:33:41 : 202,100,000 : 0 : 27,664,951,650 : 84%
2022-12-27 10:04:59 : 202,200,000 : 0 : 27,678,190,225 : 85%
2022-12-27 10:36:02 : 202,300,000 : 0 : 27,691,428,800 : 85%
2022-12-27 11:05:58 : 202,400,000 : 0 : 27,704,667,375 : 85%
2022-12-27 11:34:56 : 202,500,000 : 0 : 27,718,037,025 : 85%
2022-12-27 12:02:36 : 202,600,000 : 0 : 27,731,144,525 : 85%
2022-12-27 12:28:51 : 202,700,000 : 0 : 27,744,514,175 : 85%
2022-12-27 12:52:54 : 202,800,000 : 0 : 27,757,883,825 : 85%
2022-12-27 13:15:32 : 202,900,000 : 0 : 27,771,253,475 : 85%
2022-12-27 13:36:43 : 203,000,000 : 0 : 27,784,623,125 : 85%
2022-12-27 13:56:27 : 203,100,000 : 0 : 27,798,123,850 : 85%
2022-12-27 14:15:08 : 203,200,000 : 0 : 27,811,493,500 : 85%
2022-12-27 14:32:53 : 203,300,000 : 0 : 27,824,994,225 : 85%
2022-12-27 14:50:05 : 203,400,000 : 0 : 27,838,626,025 : 85%
2022-12-27 15:06:42 : 203,500,000 : 0 : 27,852,126,750 : 85%
2022-12-27 15:22:38 : 203,600,000 : 0 : 27,865,627,475 : 85%
2022-12-27 15:38:15 : 203,700,000 : 0 : 27,879,259,275 : 85%
2022-12-27 15:53:33 : 203,800,000 : 0 : 27,892,891,075 : 85%
2022-12-27 16:08:42 : 203,900,000 : 0 : 27,920,154,675 : 85%
2022-12-27 16:23:51 : 204,000,000 : 0 : 27,933,786,475 : 85%
2022-12-27 16:38:48 : 204,100,000 : 0 : 27,947,418,275 : 85%
2022-12-27 16:53:25 : 204,200,000 : 0 : 27,961,181,150 : 85%
2022-12-27 17:07:53 : 204,300,000 : 0 : 27,974,681,875 : 85%
2022-12-27 17:22:13 : 204,400,000 : 0 : 27,988,313,675 : 85%
2022-12-27 17:36:23 : 204,500,000 : 0 : 28,001,814,400 : 86%
2022-12-27 17:50:30 : 204,600,000 : 0 : 28,015,446,200 : 86%
2022-12-27 18:04:39 : 204,700,000 : 0 : 28,028,946,925 : 86%
2022-12-27 18:18:44 : 204,800,000 : 0 : 28,042,447,650 : 86%
2022-12-27 18:32:51 : 204,900,000 : 0 : 28,056,079,450 : 86%
2022-12-27 18:47:01 : 205,000,000 : 0 : 28,069,711,250 : 86%
2022-12-27 19:01:12 : 205,100,000 : 0 : 28,083,343,050 : 86%
2022-12-27 19:15:45 : 205,200,000 : 0 : 28,096,843,775 : 86%
2022-12-27 19:30:18 : 205,300,000 : 0 : 28,110,475,575 : 86%
2022-12-27 19:44:52 : 205,400,000 : 0 : 28,123,976,300 : 86%
2022-12-27 19:59:22 : 205,500,000 : 0 : 28,137,477,025 : 86%
2022-12-27 20:14:06 : 205,600,000 : 0 : 28,150,977,750 : 86%
2022-12-27 20:28:35 : 205,700,000 : 0 : 28,164,478,475 : 86%
2022-12-27 20:43:07 : 205,800,000 : 0 : 28,177,979,200 : 86%
2022-12-27 20:57:35 : 205,900,000 : 0 : 28,204,718,500 : 86%
2022-12-27 21:12:08 : 206,000,000 : 0 : 28,218,219,225 : 86%
2022-12-27 21:26:43 : 206,100,000 : 0 : 28,231,588,875 : 86%
2022-12-27 21:41:18 : 206,200,000 : 0 : 28,244,827,450 : 86%
2022-12-27 21:55:44 : 206,300,000 : 0 : 28,258,328,175 : 86%
2022-12-27 22:10:43 : 206,400,000 : 0 : 28,271,566,750 : 86%
2022-12-27 22:25:50 : 206,500,000 : 0 : 28,285,067,475 : 86%
2022-12-27 22:41:00 : 206,600,000 : 0 : 28,298,306,050 : 86%
2022-12-27 22:56:10 : 206,700,000 : 0 : 28,311,675,700 : 86%
2022-12-27 23:11:21 : 206,800,000 : 0 : 28,325,045,350 : 86%
2022-12-27 23:26:46 : 206,900,000 : 0 : 28,338,283,925 : 87%
2022-12-27 23:42:34 : 207,000,000 : 0 : 28,351,653,575 : 87%
2022-12-27 23:58:18 : 207,100,000 : 0 : 28,364,892,150 : 87%
2022-12-28 00:14:20 : 207,200,000 : 0 : 28,378,130,725 : 87%
2022-12-28 00:30:17 : 207,300,000 : 0 : 28,391,238,225 : 87%
2022-12-28 00:46:31 : 207,400,000 : 0 : 28,404,345,725 : 87%
2022-12-28 01:03:09 : 207,500,000 : 0 : 28,417,584,300 : 87%
2022-12-28 01:19:51 : 207,600,000 : 0 : 28,430,691,800 : 87%
2022-12-28 01:36:29 : 207,700,000 : 0 : 28,443,668,225 : 87%
2022-12-28 01:53:13 : 207,800,000 : 0 : 28,456,644,650 : 87%
2022-12-28 02:09:52 : 207,900,000 : 0 : 28,469,752,150 : 87%
2022-12-28 02:26:39 : 208,000,000 : 0 : 28,482,728,575 : 87%
2022-12-28 02:43:33 : 208,100,000 : 0 : 28,508,681,425 : 87%
2022-12-28 03:00:53 : 208,200,000 : 0 : 28,521,657,850 : 87%
2022-12-28 03:18:37 : 208,300,000 : 0 : 28,534,634,275 : 87%
2022-12-28 03:36:17 : 208,400,000 : 0 : 28,547,610,700 : 87%
2022-12-28 03:54:13 : 208,500,000 : 0 : 28,560,456,050 : 87%
2022-12-28 04:12:44 : 208,600,000 : 0 : 28,573,301,400 : 87%
2022-12-28 04:31:35 : 208,700,000 : 0 : 28,586,277,825 : 87%
2022-12-28 04:51:09 : 208,800,000 : 0 : 28,599,123,175 : 87%
2022-12-28 05:11:38 : 208,900,000 : 0 : 28,612,099,600 : 87%
2022-12-28 05:33:09 : 209,000,000 : 0 : 28,625,076,025 : 87%
2022-12-28 05:55:48 : 209,100,000 : 0 : 28,638,183,525 : 87%
2022-12-28 06:19:54 : 209,200,000 : 0 : 28,651,159,950 : 87%
2022-12-28 06:45:18 : 209,300,000 : 0 : 28,664,398,525 : 88%
2022-12-28 07:12:14 : 209,400,000 : 0 : 28,677,506,025 : 88%
2022-12-28 07:40:18 : 209,500,000 : 0 : 28,690,613,525 : 88%
2022-12-28 08:09:34 : 209,600,000 : 0 : 28,703,852,100 : 88%
2022-12-28 08:39:09 : 209,700,000 : 0 : 28,717,221,750 : 88%
2022-12-28 09:09:23 : 209,800,000 : 0 : 28,730,460,325 : 88%
2022-12-28 09:40:27 : 209,900,000 : 0 : 28,743,698,900 : 88%
2022-12-28 10:11:10 : 210,000,000 : 0 : 28,757,068,550 : 88%
2022-12-28 10:41:31 : 210,100,000 : 0 : 28,770,307,125 : 88%
2022-12-28 11:10:44 : 210,200,000 : 0 : 28,783,676,775 : 88%
2022-12-28 11:39:01 : 210,300,000 : 0 : 28,810,285,000 : 88%
2022-12-28 12:06:20 : 210,400,000 : 0 : 28,823,785,725 : 88%
2022-12-28 12:32:17 : 210,500,000 : 0 : 28,837,286,450 : 88%
2022-12-28 12:55:54 : 210,600,000 : 0 : 28,850,787,175 : 88%
2022-12-28 13:18:00 : 210,700,000 : 0 : 28,864,287,900 : 88%
2022-12-28 13:38:33 : 210,800,000 : 0 : 28,877,788,625 : 88%
2022-12-28 13:57:54 : 210,900,000 : 0 : 28,891,420,425 : 88%
2022-12-28 14:16:13 : 211,000,000 : 0 : 28,905,052,225 : 88%
2022-12-28 14:33:49 : 211,100,000 : 0 : 28,918,684,025 : 88%
2022-12-28 14:50:45 : 211,200,000 : 0 : 28,932,315,825 : 88%
2022-12-28 15:07:10 : 211,300,000 : 0 : 28,945,947,625 : 88%
2022-12-28 15:23:07 : 211,400,000 : 0 : 28,959,710,500 : 88%
2022-12-28 15:38:34 : 211,500,000 : 0 : 28,973,342,300 : 88%
2022-12-28 15:53:56 : 211,600,000 : 0 : 28,987,105,175 : 89%
2022-12-28 16:09:02 : 211,700,000 : 0 : 29,000,868,050 : 89%
2022-12-28 16:23:59 : 211,800,000 : 0 : 29,014,630,925 : 89%
2022-12-28 16:38:40 : 211,900,000 : 0 : 29,028,262,725 : 89%
2022-12-28 16:52:56 : 212,000,000 : 0 : 29,042,025,600 : 89%
2022-12-28 17:07:11 : 212,100,000 : 0 : 29,055,657,400 : 89%
2022-12-28 17:21:27 : 212,200,000 : 0 : 29,069,420,275 : 89%
2022-12-28 17:35:38 : 212,300,000 : 0 : 29,083,052,075 : 89%
2022-12-28 17:49:42 : 212,400,000 : 0 : 29,110,315,675 : 89%
2022-12-28 18:04:00 : 212,500,000 : 0 : 29,123,947,475 : 89%
2022-12-28 18:18:11 : 212,600,000 : 0 : 29,137,579,275 : 89%
2022-12-28 18:32:17 : 212,700,000 : 0 : 29,151,211,075 : 89%
2022-12-28 18:46:32 : 212,800,000 : 0 : 29,164,711,800 : 89%
2022-12-28 19:00:43 : 212,900,000 : 0 : 29,178,343,600 : 89%
2022-12-28 19:15:04 : 213,000,000 : 0 : 29,191,844,325 : 89%
2022-12-28 19:29:25 : 213,100,000 : 0 : 29,205,345,050 : 89%
2022-12-28 19:43:48 : 213,200,000 : 0 : 29,218,845,775 : 89%
2022-12-28 19:58:00 : 213,300,000 : 0 : 29,232,346,500 : 89%
2022-12-28 20:12:12 : 213,400,000 : 0 : 29,245,847,225 : 89%
2022-12-28 20:26:25 : 213,500,000 : 0 : 29,259,216,875 : 89%
2022-12-28 20:40:43 : 213,600,000 : 0 : 29,272,586,525 : 89%
2022-12-28 20:54:51 : 213,700,000 : 0 : 29,285,956,175 : 89%
2022-12-28 21:09:12 : 213,800,000 : 0 : 29,299,456,900 : 89%
2022-12-28 21:23:35 : 213,900,000 : 0 : 29,312,826,550 : 90%
2022-12-28 21:38:00 : 214,000,000 : 0 : 29,326,196,200 : 90%
2022-12-28 21:52:36 : 214,100,000 : 0 : 29,339,696,925 : 90%
2022-12-28 22:07:30 : 214,200,000 : 0 : 29,353,066,575 : 90%
2022-12-28 22:22:35 : 214,300,000 : 0 : 29,366,436,225 : 90%
2022-12-28 22:37:44 : 214,400,000 : 0 : 29,393,175,525 : 90%
2022-12-28 22:52:56 : 214,500,000 : 0 : 29,406,414,100 : 90%
2022-12-28 23:07:59 : 214,600,000 : 0 : 29,419,652,675 : 90%
2022-12-28 23:23:11 : 214,700,000 : 0 : 29,432,891,250 : 90%
2022-12-28 23:38:28 : 214,800,000 : 0 : 29,445,998,750 : 90%
2022-12-28 23:53:45 : 214,900,000 : 0 : 29,459,237,325 : 90%
2022-12-29 00:09:13 : 215,000,000 : 0 : 29,472,475,900 : 90%
2022-12-29 00:24:54 : 215,100,000 : 0 : 29,485,583,400 : 90%
2022-12-29 00:40:40 : 215,200,000 : 0 : 29,498,559,825 : 90%
2022-12-29 00:56:25 : 215,300,000 : 0 : 29,511,667,325 : 90%
2022-12-29 01:12:25 : 215,400,000 : 0 : 29,524,643,750 : 90%
2022-12-29 01:28:22 : 215,500,000 : 0 : 29,537,620,175 : 90%
2022-12-29 01:44:29 : 215,600,000 : 0 : 29,550,465,525 : 90%
2022-12-29 02:00:22 : 215,700,000 : 0 : 29,563,310,875 : 90%
2022-12-29 02:16:23 : 215,800,000 : 0 : 29,576,025,150 : 90%
2022-12-29 02:32:33 : 215,900,000 : 0 : 29,588,739,425 : 90%
2022-12-29 02:48:43 : 216,000,000 : 0 : 29,601,322,625 : 90%
2022-12-29 03:05:01 : 216,100,000 : 0 : 29,614,167,975 : 90%
2022-12-29 03:21:52 : 216,200,000 : 0 : 29,627,144,400 : 90%
2022-12-29 03:39:12 : 216,300,000 : 0 : 29,639,989,750 : 91%
2022-12-29 03:56:50 : 216,400,000 : 0 : 29,652,835,100 : 91%
2022-12-29 04:14:49 : 216,500,000 : 0 : 29,665,811,525 : 91%
2022-12-29 04:33:16 : 216,600,000 : 0 : 29,691,371,150 : 91%
2022-12-29 04:51:58 : 216,700,000 : 0 : 29,704,347,575 : 91%
2022-12-29 05:11:56 : 216,800,000 : 0 : 29,717,192,925 : 91%
2022-12-29 05:32:42 : 216,900,000 : 0 : 29,730,038,275 : 91%
2022-12-29 05:54:31 : 217,000,000 : 0 : 29,743,014,700 : 91%
2022-12-29 06:17:55 : 217,100,000 : 0 : 29,755,991,125 : 91%
2022-12-29 06:42:45 : 217,200,000 : 0 : 29,769,098,625 : 91%
2022-12-29 07:08:39 : 217,300,000 : 0 : 29,782,337,200 : 91%
2022-12-29 07:36:14 : 217,400,000 : 0 : 29,795,575,775 : 91%
2022-12-29 08:04:38 : 217,500,000 : 0 : 29,808,683,275 : 91%
2022-12-29 08:33:17 : 217,600,000 : 0 : 29,821,921,850 : 91%
2022-12-29 09:02:49 : 217,700,000 : 0 : 29,835,291,500 : 91%
2022-12-29 09:32:56 : 217,800,000 : 0 : 29,848,530,075 : 91%
2022-12-29 10:02:52 : 217,900,000 : 0 : 29,861,899,725 : 91%
2022-12-29 10:33:16 : 218,000,000 : 0 : 29,875,138,300 : 91%
2022-12-29 11:02:25 : 218,100,000 : 0 : 29,888,376,875 : 91%
2022-12-29 11:30:38 : 218,200,000 : 0 : 29,901,746,525 : 91%
2022-12-29 11:57:33 : 218,300,000 : 0 : 29,914,985,100 : 91%
2022-12-29 12:22:54 : 218,400,000 : 0 : 29,928,354,750 : 91%
2022-12-29 12:46:37 : 218,500,000 : 0 : 29,941,724,400 : 91%
2022-12-29 13:08:29 : 218,600,000 : 0 : 29,955,094,050 : 91%
2022-12-29 13:29:00 : 218,700,000 : 0 : 29,968,594,775 : 92%
2022-12-29 13:48:13 : 218,800,000 : 0 : 29,995,465,150 : 92%
2022-12-29 14:06:24 : 218,900,000 : 0 : 30,008,965,875 : 92%
2022-12-29 14:23:41 : 219,000,000 : 0 : 30,022,466,600 : 92%
2022-12-29 14:40:13 : 219,100,000 : 0 : 30,035,967,325 : 92%
2022-12-29 14:56:26 : 219,200,000 : 0 : 30,049,468,050 : 92%
2022-12-29 15:12:11 : 219,300,000 : 0 : 30,063,099,850 : 92%
2022-12-29 15:27:30 : 219,400,000 : 0 : 30,076,731,650 : 92%
2022-12-29 15:42:20 : 219,500,000 : 0 : 30,090,232,375 : 92%
2022-12-29 15:56:49 : 219,600,000 : 0 : 30,103,995,250 : 92%
2022-12-29 16:11:08 : 219,700,000 : 0 : 30,117,495,975 : 92%
2022-12-29 16:25:28 : 219,800,000 : 0 : 30,131,127,775 : 92%
2022-12-29 16:39:39 : 219,900,000 : 0 : 30,144,759,575 : 92%
2022-12-29 16:53:44 : 220,000,000 : 0 : 30,158,391,375 : 92%
2022-12-29 17:07:39 : 220,100,000 : 0 : 30,172,023,175 : 92%
2022-12-29 17:21:33 : 220,200,000 : 0 : 30,185,786,050 : 92%
2022-12-29 17:35:27 : 220,300,000 : 0 : 30,199,417,850 : 92%
2022-12-29 17:49:20 : 220,400,000 : 0 : 30,213,049,650 : 92%
2022-12-29 18:02:58 : 220,500,000 : 0 : 30,226,681,450 : 92%
2022-12-29 18:16:46 : 220,600,000 : 0 : 30,240,313,250 : 92%
2022-12-29 18:30:29 : 220,700,000 : 0 : 30,254,076,125 : 92%
2022-12-29 18:44:17 : 220,800,000 : 0 : 30,267,707,925 : 92%
2022-12-29 18:58:06 : 220,900,000 : 0 : 30,294,971,525 : 93%
2022-12-29 19:12:01 : 221,000,000 : 0 : 30,308,603,325 : 93%
2022-12-29 19:26:03 : 221,100,000 : 0 : 30,322,235,125 : 93%
2022-12-29 19:40:11 : 221,200,000 : 0 : 30,335,866,925 : 93%
2022-12-29 19:54:08 : 221,300,000 : 0 : 30,349,367,650 : 93%
2022-12-29 20:08:04 : 221,400,000 : 0 : 30,362,999,450 : 93%
2022-12-29 20:22:07 : 221,500,000 : 0 : 30,376,500,175 : 93%
2022-12-29 20:36:23 : 221,600,000 : 0 : 30,390,000,900 : 93%
2022-12-29 20:50:24 : 221,700,000 : 0 : 30,403,501,625 : 93%
2022-12-29 21:04:36 : 221,800,000 : 0 : 30,417,002,350 : 93%
2022-12-29 21:18:47 : 221,900,000 : 0 : 30,430,503,075 : 93%
2022-12-29 21:33:06 : 222,000,000 : 0 : 30,443,872,725 : 93%
2022-12-29 21:47:26 : 222,100,000 : 0 : 30,457,373,450 : 93%
2022-12-29 22:01:53 : 222,200,000 : 0 : 30,470,743,100 : 93%
2022-12-29 22:16:39 : 222,300,000 : 0 : 30,483,981,675 : 93%
2022-12-29 22:31:14 : 222,400,000 : 0 : 30,497,351,325 : 93%
2022-12-29 22:45:49 : 222,500,000 : 0 : 30,510,589,900 : 93%
2022-12-29 23:00:19 : 222,600,000 : 0 : 30,523,697,400 : 93%
2022-12-29 23:14:59 : 222,700,000 : 0 : 30,536,935,975 : 93%
2022-12-29 23:29:46 : 222,800,000 : 0 : 30,550,043,475 : 93%
2022-12-29 23:44:44 : 222,900,000 : 0 : 30,576,258,475 : 93%
2022-12-29 23:59:43 : 223,000,000 : 0 : 30,589,365,975 : 93%
2022-12-30 00:15:05 : 223,100,000 : 0 : 30,602,473,475 : 93%
2022-12-30 00:30:33 : 223,200,000 : 0 : 30,615,580,975 : 93%
2022-12-30 00:46:01 : 223,300,000 : 0 : 30,628,557,400 : 94%
2022-12-30 01:01:32 : 223,400,000 : 0 : 30,641,533,825 : 94%
2022-12-30 01:17:24 : 223,500,000 : 0 : 30,654,510,250 : 94%
2022-12-30 01:33:07 : 223,600,000 : 0 : 30,667,355,600 : 94%
2022-12-30 01:48:48 : 223,700,000 : 0 : 30,680,200,950 : 94%
2022-12-30 02:04:34 : 223,800,000 : 0 : 30,692,915,225 : 94%
2022-12-30 02:20:03 : 223,900,000 : 0 : 30,705,629,500 : 94%
2022-12-30 02:35:37 : 224,000,000 : 0 : 30,718,212,700 : 94%
2022-12-30 02:51:16 : 224,100,000 : 0 : 30,731,058,050 : 94%
2022-12-30 03:07:15 : 224,200,000 : 0 : 30,743,772,325 : 94%
2022-12-30 03:23:30 : 224,300,000 : 0 : 30,756,486,600 : 94%
2022-12-30 03:39:54 : 224,400,000 : 0 : 30,769,200,875 : 94%
2022-12-30 03:56:41 : 224,500,000 : 0 : 30,782,046,225 : 94%
2022-12-30 04:14:06 : 224,600,000 : 0 : 30,794,891,575 : 94%
2022-12-30 04:32:02 : 224,700,000 : 0 : 30,807,736,925 : 94%
2022-12-30 04:50:36 : 224,800,000 : 0 : 30,820,713,350 : 94%
2022-12-30 05:09:53 : 224,900,000 : 0 : 30,833,558,700 : 94%
2022-12-30 05:30:07 : 225,000,000 : 0 : 30,846,535,125 : 94%
2022-12-30 05:51:23 : 225,100,000 : 0 : 30,859,380,475 : 94%
2022-12-30 06:14:14 : 225,200,000 : 0 : 30,885,464,400 : 94%
2022-12-30 06:38:10 : 225,300,000 : 0 : 30,898,571,900 : 94%
2022-12-30 07:02:58 : 225,400,000 : 0 : 30,911,679,400 : 94%
2022-12-30 07:29:08 : 225,500,000 : 0 : 30,924,786,900 : 94%
2022-12-30 07:56:15 : 225,600,000 : 0 : 30,938,025,475 : 94%
2022-12-30 08:23:59 : 225,700,000 : 0 : 30,951,132,975 : 95%
2022-12-30 08:52:33 : 225,800,000 : 0 : 30,964,371,550 : 95%
2022-12-30 09:21:57 : 225,900,000 : 0 : 30,977,610,125 : 95%
2022-12-30 09:51:23 : 226,000,000 : 0 : 30,990,848,700 : 95%
2022-12-30 10:21:13 : 226,100,000 : 0 : 31,004,087,275 : 95%
2022-12-30 10:50:34 : 226,200,000 : 0 : 31,017,325,850 : 95%
2022-12-30 11:19:05 : 226,300,000 : 0 : 31,030,564,425 : 95%
2022-12-30 11:46:03 : 226,400,000 : 0 : 31,043,803,000 : 95%
2022-12-30 12:11:57 : 226,500,000 : 0 : 31,057,172,650 : 95%
2022-12-30 12:36:21 : 226,600,000 : 0 : 31,070,411,225 : 95%
2022-12-30 12:58:33 : 226,700,000 : 0 : 31,083,780,875 : 95%
2022-12-30 13:19:33 : 226,800,000 : 0 : 31,097,019,450 : 95%
2022-12-30 13:39:19 : 226,900,000 : 0 : 31,110,389,100 : 95%
2022-12-30 13:57:47 : 227,000,000 : 0 : 31,123,758,750 : 95%
2022-12-30 14:15:14 : 227,100,000 : 0 : 31,137,259,475 : 95%
2022-12-30 14:32:02 : 227,200,000 : 0 : 31,150,760,200 : 95%
2022-12-30 14:48:27 : 227,300,000 : 0 : 31,164,260,925 : 95%
2022-12-30 15:04:19 : 227,400,000 : 0 : 31,177,892,725 : 95%
2022-12-30 15:19:54 : 227,500,000 : 0 : 31,205,025,250 : 95%
2022-12-30 15:35:09 : 227,600,000 : 0 : 31,218,657,050 : 95%
2022-12-30 15:50:04 : 227,700,000 : 0 : 31,232,288,850 : 95%
2022-12-30 16:04:49 : 227,800,000 : 0 : 31,245,789,575 : 95%
2022-12-30 16:19:23 : 227,900,000 : 0 : 31,259,421,375 : 95%
2022-12-30 16:33:52 : 228,000,000 : 0 : 31,272,922,100 : 95%
2022-12-30 16:47:56 : 228,100,000 : 0 : 31,286,422,825 : 96%
2022-12-30 17:01:45 : 228,200,000 : 0 : 31,300,054,625 : 96%
2022-12-30 17:15:30 : 228,300,000 : 0 : 31,313,424,275 : 96%
2022-12-30 17:29:01 : 228,400,000 : 0 : 31,326,793,925 : 96%
2022-12-30 17:42:27 : 228,500,000 : 0 : 31,340,294,650 : 96%
2022-12-30 17:55:50 : 228,600,000 : 0 : 31,353,664,300 : 96%
2022-12-30 18:09:17 : 228,700,000 : 0 : 31,367,033,950 : 96%
2022-12-30 18:22:47 : 228,800,000 : 0 : 31,380,403,600 : 96%
2022-12-30 18:36:25 : 228,900,000 : 0 : 31,393,904,325 : 96%
2022-12-30 18:50:05 : 229,000,000 : 0 : 31,407,273,975 : 96%
2022-12-30 19:03:50 : 229,100,000 : 0 : 31,420,774,700 : 96%
2022-12-30 19:17:43 : 229,200,000 : 0 : 31,434,013,275 : 96%
2022-12-30 19:31:48 : 229,300,000 : 0 : 31,447,382,925 : 96%
2022-12-30 19:45:55 : 229,400,000 : 0 : 31,460,883,650 : 96%
2022-12-30 19:59:48 : 229,500,000 : 0 : 31,474,253,300 : 96%
2022-12-30 20:13:51 : 229,600,000 : 0 : 31,487,491,875 : 96%
2022-12-30 20:27:59 : 229,700,000 : 0 : 31,513,969,025 : 96%
2022-12-30 20:41:55 : 229,800,000 : 0 : 31,527,076,525 : 96%
2022-12-30 20:55:37 : 229,900,000 : 0 : 31,540,184,025 : 96%
2022-12-30 21:09:47 : 230,000,000 : 0 : 31,553,422,600 : 96%
2022-12-30 21:24:04 : 230,100,000 : 0 : 31,566,530,100 : 96%
2022-12-30 21:38:08 : 230,200,000 : 0 : 31,579,637,600 : 96%
2022-12-30 21:52:12 : 230,300,000 : 0 : 31,592,745,100 : 96%
2022-12-30 22:06:47 : 230,400,000 : 0 : 31,605,983,675 : 97%
2022-12-30 22:21:32 : 230,500,000 : 0 : 31,619,091,175 : 97%
2022-12-30 22:36:23 : 230,600,000 : 0 : 31,632,329,750 : 97%
2022-12-30 22:51:11 : 230,700,000 : 0 : 31,645,568,325 : 97%
2022-12-30 23:05:59 : 230,800,000 : 0 : 31,658,544,750 : 97%
2022-12-30 23:21:01 : 230,900,000 : 0 : 31,671,783,325 : 97%
2022-12-30 23:36:04 : 231,000,000 : 0 : 31,684,890,825 : 97%
2022-12-30 23:51:15 : 231,100,000 : 0 : 31,697,998,325 : 97%
2022-12-31 00:06:31 : 231,200,000 : 0 : 31,711,105,825 : 97%
2022-12-31 00:22:09 : 231,300,000 : 0 : 31,724,082,250 : 97%
2022-12-31 00:37:50 : 231,400,000 : 0 : 31,737,058,675 : 97%
2022-12-31 00:53:54 : 231,500,000 : 0 : 31,750,166,175 : 97%
2022-12-31 01:09:55 : 231,600,000 : 0 : 31,763,142,600 : 97%
2022-12-31 01:26:21 : 231,700,000 : 0 : 31,776,119,025 : 97%
2022-12-31 01:42:34 : 231,800,000 : 0 : 31,788,964,375 : 97%
2022-12-31 01:58:52 : 231,900,000 : 0 : 31,801,940,800 : 97%
2022-12-31 02:14:56 : 232,000,000 : 0 : 31,827,238,275 : 97%
2022-12-31 02:31:10 : 232,100,000 : 0 : 31,839,952,550 : 97%
2022-12-31 02:47:46 : 232,200,000 : 0 : 31,852,666,825 : 97%
2022-12-31 03:04:39 : 232,300,000 : 0 : 31,865,381,100 : 97%
2022-12-31 03:21:42 : 232,400,000 : 0 : 31,878,226,450 : 97%
2022-12-31 03:39:13 : 232,500,000 : 0 : 31,890,940,725 : 97%
2022-12-31 03:57:00 : 232,600,000 : 0 : 31,903,655,000 : 97%
2022-12-31 04:15:22 : 232,700,000 : 0 : 31,916,369,275 : 97%
2022-12-31 04:33:54 : 232,800,000 : 0 : 31,929,214,625 : 98%
2022-12-31 04:52:57 : 232,900,000 : 0 : 31,941,928,900 : 98%
2022-12-31 05:12:57 : 233,000,000 : 0 : 31,954,774,250 : 98%
2022-12-31 05:33:27 : 233,100,000 : 0 : 31,967,619,600 : 98%
2022-12-31 05:54:59 : 233,200,000 : 0 : 31,980,464,950 : 98%
2022-12-31 06:18:05 : 233,300,000 : 0 : 31,993,441,375 : 98%
2022-12-31 06:42:26 : 233,400,000 : 0 : 32,006,286,725 : 98%
2022-12-31 07:07:30 : 233,500,000 : 0 : 32,019,132,075 : 98%
2022-12-31 07:34:08 : 233,600,000 : 0 : 32,031,977,425 : 98%
2022-12-31 08:01:32 : 233,700,000 : 0 : 32,044,822,775 : 98%
2022-12-31 08:29:44 : 233,800,000 : 0 : 32,057,930,275 : 98%
2022-12-31 08:58:41 : 233,900,000 : 0 : 32,071,037,775 : 98%
2022-12-31 09:28:13 : 234,000,000 : 0 : 32,084,145,275 : 98%
2022-12-31 09:58:04 : 234,100,000 : 0 : 32,097,252,775 : 98%
2022-12-31 10:28:34 : 234,200,000 : 0 : 32,110,360,275 : 98%
2022-12-31 10:58:56 : 234,300,000 : 0 : 32,136,706,350 : 98%
2022-12-31 11:28:32 : 234,400,000 : 0 : 32,149,944,925 : 98%
2022-12-31 11:57:01 : 234,500,000 : 0 : 32,163,183,500 : 98%
2022-12-31 12:24:12 : 234,600,000 : 0 : 32,176,291,000 : 98%
2022-12-31 12:49:09 : 234,700,000 : 0 : 32,189,267,425 : 98%
2022-12-31 13:12:33 : 234,800,000 : 0 : 32,202,374,925 : 98%
2022-12-31 13:34:16 : 234,900,000 : 0 : 32,215,482,425 : 98%
2022-12-31 13:54:25 : 235,000,000 : 0 : 32,228,589,925 : 98%
2022-12-31 14:13:16 : 235,100,000 : 0 : 32,241,828,500 : 98%
2022-12-31 14:31:28 : 235,200,000 : 0 : 32,254,936,000 : 98%
2022-12-31 14:48:48 : 235,300,000 : 0 : 32,268,174,575 : 99%
2022-12-31 15:05:54 : 235,400,000 : 0 : 32,281,413,150 : 99%
2022-12-31 15:22:20 : 235,500,000 : 0 : 32,294,651,725 : 99%
2022-12-31 15:38:15 : 235,600,000 : 0 : 32,308,021,375 : 99%
2022-12-31 15:53:59 : 235,700,000 : 0 : 32,321,259,950 : 99%
2022-12-31 16:09:26 : 235,800,000 : 0 : 32,334,629,600 : 99%
2022-12-31 16:24:46 : 235,900,000 : 0 : 32,347,868,175 : 99%
2022-12-31 16:39:36 : 236,000,000 : 0 : 32,361,237,825 : 99%
2022-12-31 16:54:24 : 236,100,000 : 0 : 32,374,476,400 : 99%
2022-12-31 17:08:47 : 236,200,000 : 0 : 32,387,714,975 : 99%
2022-12-31 17:23:16 : 236,300,000 : 0 : 32,400,953,550 : 99%
2022-12-31 17:37:41 : 236,400,000 : 0 : 32,414,192,125 : 99%
2022-12-31 17:52:02 : 236,500,000 : 0 : 32,427,430,700 : 99%
2022-12-31 18:06:30 : 236,600,000 : 0 : 32,440,669,275 : 99%
2022-12-31 18:20:44 : 236,700,000 : 0 : 32,453,776,775 : 99%
2022-12-31 18:35:18 : 236,800,000 : 0 : 32,480,253,925 : 99%
2022-12-31 18:50:07 : 236,900,000 : 0 : 32,493,492,500 : 99%
2022-12-31 19:04:59 : 237,000,000 : 0 : 32,506,731,075 : 99%
2022-12-31 19:19:54 : 237,100,000 : 0 : 32,519,969,650 : 99%
2022-12-31 19:35:01 : 237,200,000 : 0 : 32,533,077,150 : 99%
2022-12-31 19:50:12 : 237,300,000 : 0 : 32,546,315,725 : 99%
2022-12-31 20:05:38 : 237,400,000 : 0 : 32,559,554,300 : 99%
2022-12-31 20:21:11 : 237,500,000 : 0 : 32,572,661,800 : 99%
2022-12-31 20:37:02 : 237,600,000 : 0 : 32,585,900,375 : 100%
2022-12-31 20:52:45 : 237,700,000 : 0 : 32,599,007,875 : 100%
2022-12-31 21:08:45 : 237,800,000 : 0 : 32,612,115,375 : 100%
2022-12-31 21:24:42 : 237,900,000 : 0 : 32,624,960,725 : 100%
2022-12-31 21:40:25 : 238,000,000 : 0 : 32,637,937,150 : 100%
2022-12-31 21:56:12 : 238,100,000 : 0 : 32,650,782,500 : 100%
2022-12-31 22:12:06 : 238,200,000 : 0 : 32,663,627,850 : 100%
2022-12-31 22:28:03 : 238,300,000 : 0 : 32,676,342,125 : 100%
2022-12-31 22:44:02 : 238,400,000 : 0 : 32,689,056,400 : 100%
2022-12-31 23:00:20 : 238,500,000 : 0 : 32,702,032,825 : 100%
2022-12-31 23:17:35 : 238,600,000 : 0 : 32,715,009,250 : 100%
2022-12-31 23:33:52 : 238,700,000 : 0 : 32,727,723,525 : 100%
2022-12-31 23:49:58 : 238,800,000 : 0 : 32,740,437,800 : 100%
