Requirement already satisfied: zstandard in /software/python-anaconda-2023.09-el8-x86_64/envs/rapids-24.12/lib/python3.12/site-packages (0.23.0)
Running scraper.py for YEAR=2021, months 7-9
2021-07-01 02:30:58 : 100,000 : 0 : 30,671,550 : 0%
2021-07-01 05:12:09 : 200,000 : 0 : 60,032,350 : 1%
2021-07-01 08:32:28 : 300,000 : 0 : 89,262,075 : 1%
2021-07-01 11:51:39 : 400,000 : 0 : 117,574,275 : 2%
Decoding error with 134,217,728 bytes, reading another chunk
2021-07-01 14:20:24 : 500,000 : 0 : 146,148,625 : 2%
2021-07-01 16:27:32 : 600,000 : 0 : 165,154,500 : 2%
2021-07-01 18:29:28 : 700,000 : 0 : 194,253,150 : 2%
2021-07-01 20:34:18 : 800,000 : 0 : 223,613,950 : 3%
2021-07-01 22:44:17 : 900,000 : 0 : 252,450,450 : 3%
2021-07-02 01:14:36 : 1,000,000 : 0 : 281,286,950 : 4%
2021-07-02 03:53:00 : 1,100,000 : 0 : 310,254,525 : 4%
2021-07-02 06:55:35 : 1,200,000 : 0 : 329,391,475 : 4%
2021-07-02 10:27:28 : 1,300,000 : 0 : 357,572,600 : 5%
2021-07-02 13:20:22 : 1,400,000 : 0 : 385,622,650 : 5%
2021-07-02 15:32:42 : 1,500,000 : 0 : 414,197,000 : 5%
2021-07-02 17:37:19 : 1,600,000 : 0 : 443,426,725 : 6%
2021-07-02 19:43:03 : 1,700,000 : 0 : 472,263,225 : 6%
2021-07-02 21:56:02 : 1,800,000 : 0 : 501,099,725 : 6%
2021-07-03 00:22:44 : 1,900,000 : 0 : 520,105,600 : 7%
2021-07-03 03:08:31 : 2,000,000 : 0 : 548,548,875 : 7%
2021-07-03 06:14:58 : 2,100,000 : 0 : 576,861,075 : 7%
2021-07-03 09:57:42 : 2,200,000 : 0 : 604,517,900 : 8%
2021-07-03 13:15:08 : 2,300,000 : 0 : 631,912,575 : 8%
2021-07-03 15:45:10 : 2,400,000 : 0 : 659,962,625 : 8%
2021-07-03 18:03:59 : 2,500,000 : 0 : 678,968,500 : 9%
2021-07-03 20:23:36 : 2,600,000 : 0 : 707,411,775 : 9%
2021-07-03 22:51:44 : 2,700,000 : 0 : 735,855,050 : 9%
2021-07-04 01:38:16 : 2,800,000 : 0 : 764,560,475 : 10%
2021-07-04 04:40:04 : 2,900,000 : 0 : 792,348,375 : 10%
2021-07-04 08:09:41 : 3,000,000 : 0 : 819,611,975 : 11%
2021-07-04 11:50:04 : 3,100,000 : 0 : 837,700,325 : 11%
2021-07-04 14:36:17 : 3,200,000 : 0 : 865,226,075 : 11%
2021-07-04 16:53:35 : 3,300,000 : 0 : 893,669,350 : 11%
2021-07-04 19:07:31 : 3,400,000 : 0 : 922,768,000 : 12%
2021-07-04 21:27:37 : 3,500,000 : 0 : 951,473,425 : 12%
2021-07-05 00:04:53 : 3,600,000 : 0 : 980,178,850 : 13%
2021-07-05 03:09:15 : 3,700,000 : 0 : 1,008,753,200 : 13%
2021-07-05 06:18:11 : 3,800,000 : 0 : 1,027,628,000 : 13%
2021-07-05 09:44:21 : 3,900,000 : 0 : 1,055,546,975 : 14%
2021-07-05 12:54:14 : 4,000,000 : 0 : 1,083,728,100 : 14%
2021-07-05 15:16:12 : 4,100,000 : 0 : 1,112,040,300 : 14%
2021-07-05 17:25:03 : 4,200,000 : 0 : 1,141,138,950 : 15%
2021-07-05 19:31:29 : 4,300,000 : 0 : 1,169,975,450 : 15%
2021-07-05 21:40:50 : 4,400,000 : 0 : 1,189,505,625 : 15%
2021-07-06 00:02:29 : 4,500,000 : 0 : 1,218,079,975 : 16%
2021-07-06 02:37:34 : 4,600,000 : 0 : 1,246,916,475 : 16%
2021-07-06 05:23:22 : 4,700,000 : 0 : 1,275,228,675 : 16%
2021-07-06 08:44:13 : 4,800,000 : 0 : 1,303,409,800 : 17%
2021-07-06 12:01:11 : 4,900,000 : 0 : 1,322,022,450 : 17%
2021-07-06 14:25:59 : 5,000,000 : 0 : 1,350,203,575 : 17%
2021-07-06 16:28:48 : 5,100,000 : 0 : 1,378,909,000 : 18%
2021-07-06 18:28:03 : 5,200,000 : 0 : 1,407,745,500 : 18%
2021-07-06 20:29:31 : 5,300,000 : 0 : 1,436,319,850 : 18%
2021-07-06 22:38:16 : 5,400,000 : 0 : 1,464,894,200 : 19%
2021-07-07 00:59:35 : 5,500,000 : 0 : 1,484,293,300 : 19%
2021-07-07 03:31:00 : 5,600,000 : 0 : 1,513,129,800 : 19%
2021-07-07 06:28:37 : 5,700,000 : 0 : 1,541,573,075 : 20%
2021-07-07 10:01:17 : 5,800,000 : 0 : 1,569,754,200 : 20%
2021-07-07 12:58:06 : 5,900,000 : 0 : 1,597,673,175 : 21%
2021-07-07 15:12:15 : 6,000,000 : 0 : 1,626,116,450 : 21%
2021-07-07 17:10:52 : 6,100,000 : 0 : 1,654,821,875 : 21%
2021-07-07 19:09:36 : 6,200,000 : 0 : 1,673,958,825 : 22%
2021-07-07 21:14:42 : 6,300,000 : 0 : 1,702,402,100 : 22%
2021-07-07 23:23:52 : 6,400,000 : 0 : 1,730,714,300 : 22%
2021-07-08 01:47:27 : 6,500,000 : 0 : 1,759,288,650 : 23%
2021-07-08 04:19:54 : 6,600,000 : 0 : 1,787,863,000 : 23%
2021-07-08 07:26:21 : 6,700,000 : 0 : 1,806,606,725 : 23%
2021-07-08 10:59:40 : 6,800,000 : 0 : 1,834,656,775 : 24%
2021-07-08 13:38:55 : 6,900,000 : 0 : 1,862,837,900 : 24%
2021-07-08 15:46:22 : 7,000,000 : 0 : 1,891,281,175 : 24%
2021-07-08 17:46:03 : 7,100,000 : 0 : 1,920,117,675 : 25%
2021-07-08 19:46:17 : 7,200,000 : 0 : 1,948,954,175 : 25%
Decoding error with 134,217,728 bytes, reading another chunk
2021-07-08 21:50:42 : 7,300,000 : 0 : 1,977,921,750 : 25%
2021-07-09 00:09:36 : 7,400,000 : 0 : 1,997,320,850 : 26%
2021-07-09 02:42:38 : 7,500,000 : 0 : 2,026,026,275 : 26%
2021-07-09 05:27:23 : 7,600,000 : 0 : 2,054,076,325 : 26%
2021-07-09 08:50:58 : 7,700,000 : 0 : 2,082,126,375 : 27%
2021-07-09 12:05:26 : 7,800,000 : 0 : 2,109,914,275 : 27%
2021-07-09 14:28:31 : 7,900,000 : 0 : 2,137,964,325 : 27%
2021-07-09 16:31:58 : 8,000,000 : 0 : 2,166,538,675 : 28%
2021-07-09 18:35:02 : 8,100,000 : 0 : 2,185,937,775 : 28%
2021-07-09 20:41:45 : 8,200,000 : 0 : 2,214,512,125 : 28%
2021-07-09 22:55:52 : 8,300,000 : 0 : 2,243,086,475 : 29%
2021-07-10 01:30:39 : 8,400,000 : 0 : 2,271,398,675 : 29%
2021-07-10 04:17:30 : 8,500,000 : 0 : 2,299,710,875 : 30%
2021-07-10 07:35:55 : 8,600,000 : 0 : 2,327,498,775 : 30%
2021-07-10 11:19:34 : 8,700,000 : 0 : 2,345,718,200 : 30%
2021-07-10 14:13:07 : 8,800,000 : 0 : 2,373,243,950 : 30%
2021-07-10 16:34:28 : 8,900,000 : 0 : 2,401,687,225 : 31%
2021-07-10 18:49:48 : 9,000,000 : 0 : 2,430,261,575 : 31%
2021-07-10 21:09:17 : 9,100,000 : 0 : 2,458,704,850 : 32%
2021-07-10 23:36:44 : 9,200,000 : 0 : 2,487,279,200 : 32%
2021-07-11 02:23:32 : 9,300,000 : 0 : 2,515,591,400 : 32%
2021-07-11 05:25:52 : 9,400,000 : 0 : 2,534,597,275 : 33%
2021-07-11 09:06:38 : 9,500,000 : 0 : 2,561,991,950 : 33%
2021-07-11 12:40:37 : 9,600,000 : 0 : 2,589,386,625 : 33%
2021-07-11 15:15:02 : 9,700,000 : 0 : 2,616,912,375 : 34%
2021-07-11 17:32:01 : 9,800,000 : 0 : 2,645,617,800 : 34%
2021-07-11 19:48:59 : 9,900,000 : 0 : 2,674,323,225 : 34%
2021-07-11 22:09:55 : 10,000,000 : 0 : 2,693,460,175 : 35%
2021-07-12 00:31:58 : 10,100,000 : 0 : 2,721,772,375 : 35%
2021-07-12 03:09:26 : 10,200,000 : 0 : 2,750,608,875 : 35%
2021-07-12 06:06:18 : 10,300,000 : 0 : 2,778,790,000 : 36%
2021-07-12 09:38:55 : 10,400,000 : 0 : 2,806,840,050 : 36%
2021-07-12 12:43:31 : 10,500,000 : 0 : 2,834,759,025 : 36%
2021-07-12 15:00:34 : 10,600,000 : 0 : 2,853,764,900 : 37%
2021-07-12 17:03:11 : 10,700,000 : 0 : 2,882,470,325 : 37%
2021-07-12 19:02:28 : 10,800,000 : 0 : 2,911,568,975 : 37%
2021-07-12 21:06:51 : 10,900,000 : 0 : 2,940,274,400 : 38%
2021-07-12 23:13:50 : 11,000,000 : 0 : 2,968,324,450 : 38%
2021-07-13 01:40:41 : 11,100,000 : 0 : 2,997,554,175 : 39%
2021-07-13 04:15:13 : 11,200,000 : 0 : 3,016,691,125 : 39%
2021-07-13 07:24:04 : 11,300,000 : 0 : 3,044,479,025 : 39%
2021-07-13 10:52:28 : 11,400,000 : 0 : 3,072,266,925 : 39%
2021-07-13 13:32:19 : 11,500,000 : 0 : 3,100,054,825 : 40%
2021-07-13 15:38:05 : 11,600,000 : 0 : 3,128,760,250 : 40%
2021-07-13 17:38:56 : 11,700,000 : 0 : 3,157,465,675 : 41%
2021-07-13 19:36:46 : 11,800,000 : 0 : 3,186,171,100 : 41%
2021-07-13 21:38:10 : 11,900,000 : 0 : 3,205,308,050 : 41%
2021-07-13 23:52:19 : 12,000,000 : 0 : 3,234,144,550 : 42%
2021-07-14 02:19:38 : 12,100,000 : 0 : 3,262,981,050 : 42%
2021-07-14 04:59:54 : 12,200,000 : 0 : 3,291,424,325 : 42%
2021-07-14 08:17:36 : 12,300,000 : 0 : 3,319,605,450 : 43%
2021-07-14 11:35:52 : 12,400,000 : 0 : 3,338,087,025 : 43%
2021-07-14 14:05:05 : 12,500,000 : 0 : 3,366,399,225 : 43%
2021-07-14 16:07:44 : 12,600,000 : 0 : 3,395,235,725 : 44%
2021-07-14 18:06:49 : 12,700,000 : 0 : 3,424,072,225 : 44%
2021-07-14 20:07:37 : 12,800,000 : 0 : 3,452,908,725 : 44%
2021-07-14 22:10:08 : 12,900,000 : 0 : 3,481,483,075 : 45%
2021-07-15 00:27:12 : 13,000,000 : 0 : 3,510,188,500 : 45%
2021-07-15 02:57:47 : 13,100,000 : 0 : 3,529,456,525 : 45%
2021-07-15 05:45:46 : 13,200,000 : 0 : 3,557,899,800 : 46%
2021-07-15 09:02:10 : 13,300,000 : 0 : 3,585,818,775 : 46%
2021-07-15 12:12:28 : 13,400,000 : 0 : 3,614,130,975 : 46%
2021-07-15 14:34:15 : 13,500,000 : 0 : 3,643,098,550 : 47%
2021-07-15 16:37:42 : 13,600,000 : 0 : 3,672,328,275 : 47%
2021-07-15 18:38:44 : 13,700,000 : 0 : 3,691,727,375 : 47%
2021-07-15 20:42:43 : 13,800,000 : 0 : 3,720,826,025 : 48%
2021-07-15 22:54:14 : 13,900,000 : 0 : 3,750,055,750 : 48%
2021-07-16 01:19:22 : 14,000,000 : 0 : 3,779,154,400 : 49%
2021-07-16 03:55:18 : 14,100,000 : 0 : 3,798,553,500 : 49%
2021-07-16 06:59:38 : 14,200,000 : 0 : 3,827,390,000 : 49%
2021-07-16 10:28:50 : 14,300,000 : 0 : 3,856,226,500 : 50%
2021-07-16 13:19:27 : 14,400,000 : 0 : 3,884,931,925 : 50%
2021-07-16 15:31:58 : 14,500,000 : 0 : 3,914,030,575 : 50%
2021-07-16 17:34:59 : 14,600,000 : 0 : 3,933,953,975 : 51%
2021-07-16 19:39:04 : 14,700,000 : 0 : 3,963,445,850 : 51%
2021-07-16 21:49:02 : 14,800,000 : 0 : 3,992,806,650 : 51%
2021-07-17 00:09:26 : 14,900,000 : 0 : 4,022,036,375 : 52%
2021-07-17 02:46:57 : 15,000,000 : 0 : 4,041,173,325 : 52%
2021-07-17 05:42:19 : 15,100,000 : 0 : 4,069,878,750 : 52%
2021-07-17 09:13:41 : 15,200,000 : 0 : 4,098,322,025 : 53%
2021-07-17 12:40:12 : 15,300,000 : 0 : 4,126,372,075 : 53%
2021-07-17 15:12:23 : 15,400,000 : 0 : 4,145,246,875 : 53%
2021-07-17 17:29:20 : 15,500,000 : 0 : 4,174,214,450 : 54%
2021-07-17 19:44:19 : 15,600,000 : 0 : 4,202,788,800 : 54%
2021-07-17 22:05:48 : 15,700,000 : 0 : 4,231,494,225 : 54%
2021-07-18 00:41:27 : 15,800,000 : 0 : 4,259,937,500 : 55%
2021-07-18 03:28:02 : 15,900,000 : 0 : 4,287,856,475 : 55%
2021-07-18 06:33:17 : 16,000,000 : 0 : 4,305,944,825 : 55%
2021-07-18 10:05:35 : 16,100,000 : 0 : 4,332,290,900 : 56%
2021-07-18 13:10:41 : 16,200,000 : 0 : 4,358,636,975 : 56%
2021-07-18 15:28:55 : 16,300,000 : 0 : 4,385,769,500 : 56%
2021-07-18 17:29:31 : 16,400,000 : 0 : 4,413,426,325 : 57%
2021-07-18 19:31:48 : 16,500,000 : 0 : 4,432,170,050 : 57%
2021-07-18 21:36:56 : 16,600,000 : 0 : 4,459,826,875 : 57%
2021-07-18 23:52:16 : 16,700,000 : 0 : 4,488,270,150 : 58%
2021-07-19 02:21:56 : 16,800,000 : 0 : 4,516,713,425 : 58%
2021-07-19 05:07:25 : 16,900,000 : 0 : 4,545,418,850 : 58%
2021-07-19 08:27:56 : 17,000,000 : 0 : 4,564,162,575 : 59%
2021-07-19 11:45:15 : 17,100,000 : 0 : 4,592,081,550 : 59%
2021-07-19 14:15:01 : 17,200,000 : 0 : 4,620,524,825 : 59%
2021-07-19 16:19:39 : 17,300,000 : 0 : 4,649,492,400 : 60%
2021-07-19 18:17:49 : 17,400,000 : 0 : 4,678,459,975 : 60%
2021-07-19 20:18:50 : 17,500,000 : 0 : 4,707,820,775 : 60%
2021-07-19 22:23:15 : 17,600,000 : 0 : 4,726,957,725 : 61%
2021-07-20 00:42:50 : 17,700,000 : 0 : 4,755,925,300 : 61%
2021-07-20 03:11:52 : 17,800,000 : 0 : 4,785,023,950 : 61%
2021-07-20 06:03:27 : 17,900,000 : 0 : 4,813,729,375 : 62%
2021-07-20 09:31:03 : 18,000,000 : 0 : 4,842,172,650 : 62%
2021-07-20 12:37:30 : 18,100,000 : 0 : 4,861,047,450 : 62%
2021-07-20 14:57:50 : 18,200,000 : 0 : 4,889,621,800 : 63%
2021-07-20 16:58:40 : 18,300,000 : 0 : 4,918,851,525 : 63%
2021-07-20 18:58:40 : 18,400,000 : 0 : 4,948,081,250 : 64%
2021-07-20 21:00:14 : 18,500,000 : 0 : 4,977,310,975 : 64%
2021-07-20 23:09:14 : 18,600,000 : 0 : 5,006,278,550 : 64%
2021-07-21 01:30:54 : 18,700,000 : 0 : 5,025,677,650 : 65%
2021-07-21 04:05:21 : 18,800,000 : 0 : 5,054,383,075 : 65%
2021-07-21 07:12:21 : 18,900,000 : 0 : 5,082,433,125 : 65%
2021-07-21 10:48:51 : 19,000,000 : 0 : 5,109,696,725 : 66%
2021-07-21 13:28:51 : 19,100,000 : 0 : 5,137,484,625 : 66%
2021-07-21 15:36:00 : 19,200,000 : 0 : 5,165,796,825 : 66%
2021-07-21 17:35:07 : 19,300,000 : 0 : 5,194,764,400 : 67%
2021-07-21 19:36:32 : 19,400,000 : 0 : 5,223,207,675 : 67%
2021-07-21 21:40:44 : 19,500,000 : 0 : 5,242,475,700 : 67%
2021-07-21 23:53:15 : 19,600,000 : 0 : 5,271,181,125 : 68%
2021-07-22 02:21:14 : 19,700,000 : 0 : 5,299,755,475 : 68%
2021-07-22 05:03:06 : 19,800,000 : 0 : 5,328,329,825 : 68%
2021-07-22 08:25:02 : 19,900,000 : 0 : 5,356,773,100 : 69%
2021-07-22 11:46:26 : 20,000,000 : 0 : 5,375,123,600 : 69%
2021-07-22 14:14:19 : 20,100,000 : 0 : 5,403,304,725 : 69%
2021-07-22 16:14:53 : 20,200,000 : 0 : 5,431,748,000 : 70%
2021-07-22 18:11:28 : 20,300,000 : 0 : 5,460,322,350 : 70%
2021-07-22 20:10:12 : 20,400,000 : 0 : 5,489,027,775 : 71%
2021-07-22 22:12:44 : 20,500,000 : 0 : 5,517,339,975 : 71%
2021-07-23 00:31:13 : 20,600,000 : 0 : 5,536,608,000 : 71%
2021-07-23 02:51:24 : 20,700,000 : 0 : 5,565,051,275 : 72%
2021-07-23 05:29:19 : 20,800,000 : 0 : 5,592,708,100 : 72%
2021-07-23 08:40:21 : 20,900,000 : 0 : 5,610,927,525 : 72%
2021-07-23 11:49:29 : 21,000,000 : 0 : 5,638,584,350 : 72%
2021-07-23 14:11:16 : 21,100,000 : 0 : 5,666,634,400 : 73%
2021-07-23 16:12:10 : 21,200,000 : 0 : 5,695,339,825 : 73%
2021-07-23 18:12:03 : 21,300,000 : 0 : 5,724,045,250 : 74%
2021-07-23 20:14:35 : 21,400,000 : 0 : 5,743,182,200 : 74%
2021-07-23 22:19:49 : 21,500,000 : 0 : 5,771,494,400 : 74%
2021-07-24 00:41:20 : 21,600,000 : 0 : 5,799,675,525 : 75%
2021-07-24 03:15:37 : 21,700,000 : 0 : 5,827,594,500 : 75%
2021-07-24 06:10:11 : 21,800,000 : 0 : 5,845,813,925 : 75%
2021-07-24 09:36:42 : 21,900,000 : 0 : 5,872,422,150 : 75%
2021-07-24 12:47:12 : 22,000,000 : 0 : 5,899,030,375 : 76%
2021-07-24 15:15:34 : 22,100,000 : 0 : 5,926,818,275 : 76%
2021-07-24 17:31:30 : 22,200,000 : 0 : 5,955,523,700 : 77%
2021-07-24 19:48:41 : 22,300,000 : 0 : 5,974,660,650 : 77%
2021-07-24 22:11:11 : 22,400,000 : 0 : 6,003,366,075 : 77%
2021-07-25 00:47:45 : 22,500,000 : 0 : 6,031,809,350 : 78%
2021-07-25 03:38:35 : 22,600,000 : 0 : 6,059,990,475 : 78%
2021-07-25 06:51:53 : 22,700,000 : 0 : 6,087,516,225 : 78%
2021-07-25 10:37:06 : 22,800,000 : 0 : 6,105,735,650 : 78%
2021-07-25 13:43:04 : 22,900,000 : 0 : 6,132,868,175 : 79%
2021-07-25 16:05:19 : 23,000,000 : 0 : 6,161,049,300 : 79%
2021-07-25 18:14:37 : 23,100,000 : 0 : 6,189,623,650 : 80%
2021-07-25 20:25:22 : 23,200,000 : 0 : 6,218,329,075 : 80%
2021-07-25 22:42:22 : 23,300,000 : 0 : 6,246,772,350 : 80%
2021-07-26 01:12:16 : 23,400,000 : 0 : 6,275,608,850 : 81%
2021-07-26 03:49:47 : 23,500,000 : 0 : 6,294,614,725 : 81%
2021-07-26 06:49:45 : 23,600,000 : 0 : 6,322,926,925 : 81%
2021-07-26 10:17:50 : 23,700,000 : 0 : 6,350,845,900 : 82%
2021-07-26 13:08:51 : 23,800,000 : 0 : 6,379,158,100 : 82%
2021-07-26 15:19:22 : 23,900,000 : 0 : 6,408,256,750 : 82%
2021-07-26 17:21:31 : 24,000,000 : 0 : 6,437,748,625 : 83%
2021-07-26 19:25:23 : 24,100,000 : 0 : 6,457,409,875 : 83%
2021-07-26 21:29:55 : 24,200,000 : 0 : 6,486,639,600 : 83%
2021-07-26 23:43:50 : 24,300,000 : 0 : 6,516,131,475 : 84%
2021-07-27 02:12:08 : 24,400,000 : 0 : 6,545,492,275 : 84%
2021-07-27 04:54:11 : 24,500,000 : 0 : 6,564,891,375 : 84%
2021-07-27 08:24:31 : 24,600,000 : 0 : 6,593,727,875 : 85%
2021-07-27 11:47:08 : 24,700,000 : 0 : 6,622,171,150 : 85%
2021-07-27 14:19:22 : 24,800,000 : 0 : 6,650,090,125 : 85%
2021-07-27 16:27:40 : 24,900,000 : 0 : 6,679,582,000 : 86%
2021-07-27 18:41:41 : 25,000,000 : 0 : 6,709,204,950 : 86%
2021-07-27 20:57:19 : 25,100,000 : 0 : 6,738,696,825 : 87%
2021-07-27 23:07:01 : 25,200,000 : 0 : 6,757,964,850 : 87%
2021-07-28 01:31:10 : 25,300,000 : 0 : 6,786,408,125 : 87%
2021-07-28 04:07:38 : 25,400,000 : 0 : 6,815,375,700 : 88%
2021-07-28 07:19:48 : 25,500,000 : 0 : 6,844,212,200 : 88%
2021-07-28 10:54:25 : 25,600,000 : 0 : 6,872,655,475 : 88%
2021-07-28 13:35:23 : 25,700,000 : 0 : 6,901,098,750 : 89%
2021-07-28 15:43:22 : 25,800,000 : 0 : 6,930,328,475 : 89%
2021-07-28 17:43:57 : 25,900,000 : 0 : 6,959,427,125 : 89%
2021-07-28 19:45:56 : 26,000,000 : 0 : 6,978,957,300 : 90%
2021-07-28 21:49:15 : 26,100,000 : 0 : 7,007,793,800 : 90%
2021-07-29 00:05:47 : 26,200,000 : 0 : 7,037,023,525 : 90%
2021-07-29 02:38:16 : 26,300,000 : 0 : 7,066,253,250 : 91%
2021-07-29 05:30:21 : 26,400,000 : 0 : 7,095,482,975 : 91%
2021-07-29 09:01:55 : 26,500,000 : 0 : 7,124,188,400 : 92%
2021-07-29 12:19:35 : 26,600,000 : 0 : 7,143,325,350 : 92%
2021-07-29 14:44:51 : 26,700,000 : 0 : 7,172,161,850 : 92%
2021-07-29 16:52:32 : 26,800,000 : 0 : 7,201,784,800 : 93%
2021-07-29 18:55:26 : 26,900,000 : 0 : 7,231,276,675 : 93%
2021-07-29 20:59:56 : 27,000,000 : 0 : 7,260,506,400 : 93%
2021-07-29 23:13:45 : 27,100,000 : 0 : 7,289,736,125 : 94%
2021-07-30 01:44:20 : 27,200,000 : 0 : 7,318,703,700 : 94%
2021-07-30 04:25:16 : 27,300,000 : 0 : 7,338,233,875 : 94%
2021-07-30 07:44:33 : 27,400,000 : 0 : 7,367,463,600 : 95%
2021-07-30 11:21:29 : 27,500,000 : 0 : 7,396,300,100 : 95%
2021-07-30 14:02:16 : 27,600,000 : 0 : 7,425,267,675 : 95%
2021-07-30 16:12:54 : 27,700,000 : 0 : 7,454,497,400 : 96%
2021-07-30 18:19:35 : 27,800,000 : 0 : 7,483,596,050 : 96%
2021-07-30 19:44:32 : 27,900,000 : 0 : 7,499,062,900 : 96%
2021-07-30 21:58:28 : 28,000,000 : 0 : 7,528,423,700 : 97%
2021-07-31 00:30:26 : 28,100,000 : 0 : 7,557,391,275 : 97%
2021-07-31 03:19:32 : 28,200,000 : 0 : 7,586,358,850 : 97%
2021-07-31 06:36:02 : 28,300,000 : 0 : 7,614,802,125 : 98%
2021-07-31 10:29:39 : 28,400,000 : 0 : 7,643,245,400 : 98%
2021-07-31 13:40:57 : 28,500,000 : 0 : 7,671,295,450 : 99%
2021-07-31 16:08:18 : 28,600,000 : 0 : 7,700,131,950 : 99%
2021-07-31 18:29:01 : 28,700,000 : 0 : 7,729,492,750 : 99%
2021-07-31 20:50:36 : 28,800,000 : 0 : 7,748,891,850 : 100%
2021-07-31 23:22:49 : 28,900,000 : 0 : 7,777,990,500 : 100%
2021-08-01 02:53:04 : 100,000 : 0 : 30,540,475 : 0%
2021-08-01 06:04:36 : 200,000 : 0 : 59,901,275 : 1%
2021-08-01 09:56:26 : 300,000 : 0 : 88,344,550 : 1%
2021-08-01 13:17:28 : 400,000 : 0 : 116,394,600 : 1%
2021-08-01 15:44:39 : 500,000 : 0 : 145,100,025 : 2%
2021-08-01 17:58:34 : 600,000 : 0 : 174,460,825 : 2%
2021-08-01 20:13:52 : 700,000 : 0 : 203,690,550 : 3%
2021-08-01 22:31:22 : 800,000 : 0 : 223,089,650 : 3%
2021-08-02 01:06:01 : 900,000 : 0 : 252,319,375 : 3%
2021-08-02 03:53:29 : 1,000,000 : 0 : 281,680,175 : 4%
2021-08-02 07:10:55 : 1,100,000 : 0 : 310,778,825 : 4%
2021-08-02 10:52:35 : 1,200,000 : 0 : 339,222,100 : 4%
2021-08-02 13:38:22 : 1,300,000 : 0 : 367,534,300 : 5%
2021-08-02 15:51:21 : 1,400,000 : 0 : 396,632,950 : 5%
2021-08-02 17:55:31 : 1,500,000 : 0 : 416,163,125 : 5%
2021-08-02 19:59:08 : 1,600,000 : 0 : 445,261,775 : 6%
2021-08-02 22:08:14 : 1,700,000 : 0 : 474,229,350 : 6%
2021-08-03 00:28:07 : 1,800,000 : 0 : 502,934,775 : 6%
2021-08-03 02:59:27 : 1,900,000 : 0 : 531,902,350 : 7%
2021-08-03 05:56:08 : 2,000,000 : 0 : 560,476,700 : 7%
2021-08-03 09:36:21 : 2,100,000 : 0 : 589,313,200 : 8%
2021-08-03 12:44:46 : 2,200,000 : 0 : 617,494,325 : 8%
2021-08-03 15:05:17 : 2,300,000 : 0 : 646,461,900 : 8%
2021-08-03 17:09:27 : 2,400,000 : 0 : 665,861,000 : 9%
2021-08-03 19:11:10 : 2,500,000 : 0 : 694,697,500 : 9%
2021-08-03 21:15:08 : 2,600,000 : 0 : 723,796,150 : 9%
2021-08-03 23:29:41 : 2,700,000 : 0 : 752,763,725 : 10%
2021-08-04 01:57:12 : 2,800,000 : 0 : 781,862,375 : 10%
2021-08-04 04:37:42 : 2,900,000 : 0 : 811,092,100 : 10%
2021-08-04 08:01:16 : 3,000,000 : 0 : 839,666,450 : 11%
2021-08-04 11:27:31 : 3,100,000 : 0 : 858,541,250 : 11%
2021-08-04 14:01:58 : 3,200,000 : 0 : 886,984,525 : 11%
2021-08-04 16:07:47 : 3,300,000 : 0 : 916,083,175 : 12%
2021-08-04 18:06:29 : 3,400,000 : 0 : 945,050,750 : 12%
2021-08-04 20:08:12 : 3,500,000 : 0 : 973,756,175 : 12%
2021-08-04 22:13:59 : 3,600,000 : 0 : 1,002,854,825 : 13%
2021-08-05 00:31:01 : 3,700,000 : 0 : 1,031,822,400 : 13%
2021-08-05 03:00:42 : 3,800,000 : 0 : 1,060,527,825 : 14%
2021-08-05 05:52:20 : 3,900,000 : 0 : 1,079,795,850 : 14%
2021-08-05 09:22:35 : 4,000,000 : 0 : 1,108,501,275 : 14%
2021-08-05 12:30:58 : 4,100,000 : 0 : 1,136,682,400 : 15%
2021-08-05 14:22:32 : 4,200,000 : 0 : 1,160,538,050 : 15%
2021-08-05 16:08:55 : 4,300,000 : 0 : 1,189,112,400 : 15%
2021-08-05 18:08:02 : 4,400,000 : 0 : 1,208,249,350 : 15%
2021-08-05 20:09:37 : 4,500,000 : 0 : 1,236,823,700 : 16%
2021-08-05 22:15:23 : 4,600,000 : 0 : 1,265,398,050 : 16%
2021-08-06 00:33:30 : 4,700,000 : 0 : 1,294,103,475 : 17%
2021-08-06 03:04:30 : 4,800,000 : 0 : 1,322,153,525 : 17%
2021-08-06 05:56:27 : 4,900,000 : 0 : 1,350,465,725 : 17%
2021-08-06 09:28:43 : 5,000,000 : 0 : 1,378,777,925 : 18%
2021-08-06 12:37:27 : 5,100,000 : 0 : 1,397,521,650 : 18%
2021-08-06 14:55:27 : 5,200,000 : 0 : 1,425,964,925 : 18%
2021-08-06 16:58:32 : 5,300,000 : 0 : 1,454,932,500 : 19%
2021-08-06 19:01:46 : 5,400,000 : 0 : 1,483,769,000 : 19%
2021-08-06 21:09:43 : 5,500,000 : 0 : 1,512,605,500 : 19%
2021-08-06 23:27:52 : 5,600,000 : 0 : 1,541,442,000 : 20%
2021-08-07 02:09:36 : 5,700,000 : 0 : 1,570,147,425 : 20%
2021-08-07 05:03:48 : 5,800,000 : 0 : 1,598,459,625 : 20%
2021-08-07 08:40:23 : 5,900,000 : 0 : 1,617,465,500 : 21%
2021-08-07 12:20:15 : 6,000,000 : 0 : 1,645,253,400 : 21%
2021-08-07 14:57:17 : 6,100,000 : 0 : 1,673,303,450 : 21%
2021-08-07 17:13:32 : 6,200,000 : 0 : 1,701,484,575 : 22%
2021-08-07 19:30:32 : 6,300,000 : 0 : 1,730,714,300 : 22%
2021-08-07 21:51:00 : 6,400,000 : 0 : 1,759,550,800 : 23%
2021-08-08 00:24:27 : 6,500,000 : 0 : 1,788,518,375 : 23%
2021-08-08 03:16:09 : 6,600,000 : 0 : 1,817,223,800 : 23%
2021-08-08 06:34:46 : 6,700,000 : 0 : 1,845,273,850 : 24%
2021-08-08 10:24:45 : 6,800,000 : 0 : 1,864,017,575 : 24%
2021-08-08 13:39:49 : 6,900,000 : 0 : 1,891,805,475 : 24%
2021-08-08 16:04:00 : 7,000,000 : 0 : 1,920,117,675 : 25%
2021-08-08 18:17:37 : 7,100,000 : 0 : 1,949,085,250 : 25%
2021-08-08 20:30:40 : 7,200,000 : 0 : 1,978,183,900 : 25%
2021-08-08 22:47:56 : 7,300,000 : 0 : 2,007,413,625 : 26%
2021-08-09 01:21:03 : 7,400,000 : 0 : 2,036,512,275 : 26%
2021-08-09 04:03:54 : 7,500,000 : 0 : 2,065,348,775 : 26%
2021-08-09 07:22:12 : 7,600,000 : 0 : 2,093,792,050 : 27%
2021-08-09 10:57:28 : 7,700,000 : 0 : 2,112,797,925 : 27%
2021-08-09 13:41:14 : 7,800,000 : 0 : 2,140,979,050 : 27%
2021-08-09 15:51:03 : 7,900,000 : 0 : 2,169,946,625 : 28%
2021-08-09 17:54:12 : 8,000,000 : 0 : 2,199,438,500 : 28%
2021-08-09 19:56:41 : 8,100,000 : 0 : 2,228,930,375 : 29%
2021-08-09 22:02:07 : 8,200,000 : 0 : 2,258,029,025 : 29%
2021-08-10 00:21:02 : 8,300,000 : 0 : 2,287,127,675 : 29%
2021-08-10 02:52:44 : 8,400,000 : 0 : 2,316,095,250 : 30%
2021-08-10 05:45:06 : 8,500,000 : 0 : 2,335,101,125 : 30%
2021-08-10 09:17:07 : 8,600,000 : 0 : 2,363,806,550 : 30%
2021-08-10 12:28:18 : 8,700,000 : 0 : 2,391,987,675 : 31%
2021-08-10 14:47:41 : 8,800,000 : 0 : 2,420,430,950 : 31%
2021-08-10 16:48:32 : 8,900,000 : 0 : 2,449,791,750 : 31%
2021-08-10 18:48:46 : 9,000,000 : 0 : 2,479,021,475 : 32%
2021-08-10 20:53:32 : 9,100,000 : 0 : 2,508,120,125 : 32%
2021-08-10 23:04:09 : 9,200,000 : 0 : 2,537,218,775 : 33%
2021-08-11 01:29:52 : 9,300,000 : 0 : 2,556,617,875 : 33%
2021-08-11 04:06:34 : 9,400,000 : 0 : 2,585,716,525 : 33%
2021-08-11 07:16:59 : 9,500,000 : 0 : 2,614,684,100 : 33%
2021-08-11 10:49:34 : 9,600,000 : 0 : 2,643,127,375 : 34%
2021-08-11 13:32:37 : 9,700,000 : 0 : 2,671,832,800 : 34%
2021-08-11 15:43:08 : 9,800,000 : 0 : 2,700,800,375 : 35%
2021-08-11 17:43:38 : 9,900,000 : 0 : 2,729,767,950 : 35%
2021-08-11 19:45:13 : 10,000,000 : 0 : 2,758,735,525 : 35%
2021-08-11 21:49:24 : 10,100,000 : 0 : 2,777,741,400 : 36%
2021-08-12 00:02:33 : 10,200,000 : 0 : 2,806,577,900 : 36%
2021-08-12 03:50:49 : 10,300,000 : 0 : 2,835,938,700 : 36%
2021-08-12 06:48:47 : 10,400,000 : 0 : 2,864,775,200 : 37%
2021-08-12 10:25:45 : 10,500,000 : 0 : 2,893,349,550 : 37%
2021-08-12 13:14:15 : 10,600,000 : 0 : 2,921,792,825 : 37%
2021-08-12 15:24:09 : 10,700,000 : 0 : 2,950,760,400 : 38%
2021-08-12 17:27:16 : 10,800,000 : 0 : 2,979,859,050 : 38%
2021-08-12 19:32:53 : 10,900,000 : 0 : 2,999,127,075 : 38%
2021-08-12 21:38:16 : 11,000,000 : 0 : 3,028,094,650 : 39%
2021-08-12 23:56:02 : 11,100,000 : 0 : 3,057,062,225 : 39%
2021-08-13 02:29:57 : 11,200,000 : 0 : 3,086,291,950 : 40%
2021-08-13 05:18:48 : 11,300,000 : 0 : 3,114,997,375 : 40%
2021-08-13 08:50:59 : 11,400,000 : 0 : 3,143,702,800 : 40%
2021-08-13 12:12:05 : 11,500,000 : 0 : 3,172,539,300 : 41%
2021-08-13 16:27:49 : 11,600,000 : 0 : 3,202,162,250 : 41%
2021-08-13 18:25:53 : 11,700,000 : 0 : 3,221,692,425 : 41%
2021-08-13 20:31:13 : 11,800,000 : 0 : 3,250,922,150 : 42%
2021-08-13 22:40:06 : 11,900,000 : 0 : 3,279,758,650 : 42%
2021-08-14 01:09:41 : 12,000,000 : 0 : 3,308,726,225 : 42%
2021-08-14 03:58:39 : 12,100,000 : 0 : 3,337,693,800 : 43%
2021-08-14 07:21:52 : 12,200,000 : 0 : 3,366,399,225 : 43%
2021-08-14 11:10:32 : 12,300,000 : 0 : 3,394,580,350 : 43%
2021-08-14 14:07:44 : 12,400,000 : 0 : 3,413,193,000 : 44%
2021-08-14 16:27:35 : 12,500,000 : 0 : 3,441,898,425 : 44%
2021-08-14 18:44:53 : 12,600,000 : 0 : 3,470,997,075 : 44%
2021-08-14 21:06:19 : 12,700,000 : 0 : 3,500,095,725 : 45%
2021-08-14 23:36:31 : 12,800,000 : 0 : 3,529,325,450 : 45%
2021-08-15 02:23:06 : 12,900,000 : 0 : 3,558,161,950 : 46%
2021-08-15 05:29:48 : 13,000,000 : 0 : 3,587,129,525 : 46%
2021-08-15 09:17:03 : 13,100,000 : 0 : 3,606,004,325 : 46%
2021-08-15 12:47:24 : 13,200,000 : 0 : 3,633,399,000 : 47%
2021-08-15 15:14:55 : 13,300,000 : 0 : 3,660,269,375 : 47%
2021-08-15 17:29:26 : 13,400,000 : 0 : 3,689,236,950 : 47%
2021-08-15 19:44:48 : 13,500,000 : 0 : 3,718,204,525 : 48%
2021-08-15 22:01:32 : 13,600,000 : 0 : 3,747,172,100 : 48%
2021-08-16 00:29:58 : 13,700,000 : 0 : 3,776,401,825 : 48%
2021-08-16 03:10:20 : 13,800,000 : 0 : 3,805,631,550 : 49%
2021-08-16 06:15:02 : 13,900,000 : 0 : 3,825,030,650 : 49%
2021-08-16 09:52:51 : 14,000,000 : 0 : 3,853,736,075 : 49%
2021-08-16 12:53:08 : 14,100,000 : 0 : 3,882,310,425 : 50%
2021-08-16 15:08:45 : 14,200,000 : 0 : 3,911,278,000 : 50%
2021-08-16 17:12:14 : 14,300,000 : 0 : 3,940,638,800 : 50%
2021-08-16 19:16:05 : 14,400,000 : 0 : 3,969,737,450 : 51%
2021-08-16 21:18:38 : 14,500,000 : 0 : 3,998,705,025 : 51%
2021-08-16 23:32:56 : 14,600,000 : 0 : 4,028,065,825 : 52%
2021-08-17 02:00:48 : 14,700,000 : 0 : 4,047,464,925 : 52%
2021-08-17 04:43:52 : 14,800,000 : 0 : 4,076,563,575 : 52%
2021-08-17 08:13:17 : 14,900,000 : 0 : 4,105,531,150 : 53%
2021-08-17 11:41:35 : 15,000,000 : 0 : 4,134,236,575 : 53%
2021-08-17 14:12:25 : 15,100,000 : 0 : 4,163,073,075 : 53%
2021-08-17 16:17:50 : 15,200,000 : 0 : 4,192,171,725 : 54%
2021-08-17 18:39:39 : 15,300,000 : 0 : 4,221,925,750 : 54%
2021-08-17 20:41:27 : 15,400,000 : 0 : 4,241,193,775 : 54%
2021-08-17 22:49:53 : 15,500,000 : 0 : 4,269,768,125 : 55%
2021-08-18 01:16:33 : 15,600,000 : 0 : 4,298,473,550 : 55%
2021-08-18 03:52:09 : 15,700,000 : 0 : 4,327,703,275 : 55%
2021-08-18 07:03:37 : 15,800,000 : 0 : 4,356,539,775 : 56%
2021-08-18 10:46:17 : 15,900,000 : 0 : 4,385,114,125 : 56%
2021-08-18 13:31:46 : 16,000,000 : 0 : 4,413,426,325 : 57%
2021-08-18 15:42:03 : 16,100,000 : 0 : 4,442,000,675 : 57%
2021-08-18 17:45:00 : 16,200,000 : 0 : 4,471,099,325 : 57%
2021-08-18 19:47:54 : 16,300,000 : 0 : 4,490,367,350 : 58%
2021-08-18 21:55:26 : 16,400,000 : 0 : 4,519,334,925 : 58%
2021-08-19 00:11:06 : 16,500,000 : 0 : 4,548,171,425 : 58%
2021-08-19 02:39:51 : 16,600,000 : 0 : 4,577,270,075 : 59%
2021-08-19 05:30:53 : 16,700,000 : 0 : 4,605,844,425 : 59%
2021-08-19 09:07:46 : 16,800,000 : 0 : 4,634,418,775 : 59%
2021-08-19 12:25:31 : 16,900,000 : 0 : 4,662,993,125 : 60%
2021-08-19 14:49:17 : 17,000,000 : 0 : 4,692,091,775 : 60%
2021-08-19 16:54:55 : 17,100,000 : 0 : 4,721,321,500 : 60%
2021-08-19 19:01:13 : 17,200,000 : 0 : 4,740,720,600 : 61%
2021-08-19 21:08:26 : 17,300,000 : 0 : 4,769,557,100 : 61%
2021-08-19 23:24:04 : 17,400,000 : 0 : 4,798,262,525 : 61%
2021-08-20 01:55:09 : 17,500,000 : 0 : 4,827,492,250 : 62%
2021-08-20 04:39:22 : 17,600,000 : 0 : 4,856,721,975 : 62%
2021-08-20 08:03:02 : 17,700,000 : 0 : 4,885,165,250 : 63%
2021-08-20 11:45:42 : 17,800,000 : 0 : 4,904,171,125 : 63%
2021-08-20 14:14:24 : 17,900,000 : 0 : 4,932,483,325 : 63%
2021-08-20 16:20:30 : 18,000,000 : 0 : 4,961,450,900 : 64%
2021-08-20 18:27:00 : 18,100,000 : 0 : 4,990,811,700 : 64%
2021-08-20 20:37:20 : 18,200,000 : 0 : 5,019,648,200 : 64%
2021-08-20 22:54:24 : 18,300,000 : 0 : 5,048,877,925 : 65%
2021-08-21 01:31:12 : 18,400,000 : 0 : 5,077,845,500 : 65%
2021-08-21 04:20:50 : 18,500,000 : 0 : 5,106,682,000 : 65%
2021-08-21 07:53:17 : 18,600,000 : 0 : 5,125,294,650 : 66%
2021-08-21 11:44:42 : 18,700,000 : 0 : 5,153,213,625 : 66%
2021-08-21 14:34:54 : 18,800,000 : 0 : 5,181,263,675 : 66%
2021-08-21 16:57:51 : 18,900,000 : 0 : 5,210,362,325 : 67%
2021-08-21 19:17:08 : 19,000,000 : 0 : 5,239,329,900 : 67%
2021-08-21 21:42:38 : 19,100,000 : 0 : 5,268,428,550 : 67%
2021-08-22 00:17:23 : 19,200,000 : 0 : 5,297,265,050 : 68%
2021-08-22 03:06:40 : 19,300,000 : 0 : 5,316,270,925 : 68%
2021-08-22 06:20:38 : 19,400,000 : 0 : 5,344,452,050 : 68%
2021-08-22 10:18:32 : 19,500,000 : 0 : 5,372,108,875 : 69%
2021-08-22 13:36:40 : 19,600,000 : 0 : 5,400,027,850 : 69%
2021-08-22 16:01:47 : 19,700,000 : 0 : 5,428,471,125 : 70%
2021-08-22 18:09:28 : 19,800,000 : 0 : 5,457,176,550 : 70%
2021-08-22 20:17:43 : 19,900,000 : 0 : 5,486,013,050 : 70%
2021-08-22 22:33:01 : 20,000,000 : 0 : 5,505,150,000 : 71%
2021-08-23 01:00:02 : 20,100,000 : 0 : 5,533,462,200 : 71%
2021-08-23 03:32:26 : 20,200,000 : 0 : 5,561,512,250 : 71%
2021-08-23 06:29:01 : 20,300,000 : 0 : 5,588,906,925 : 72%
2021-08-23 10:00:09 : 20,400,000 : 0 : 5,607,257,425 : 72%
2021-08-23 12:49:26 : 20,500,000 : 0 : 5,634,783,175 : 72%
2021-08-23 15:03:45 : 20,600,000 : 0 : 5,663,226,450 : 73%
2021-08-23 17:06:56 : 20,700,000 : 0 : 5,691,931,875 : 73%
2021-08-23 19:09:05 : 20,800,000 : 0 : 5,721,161,600 : 73%
2021-08-23 21:17:50 : 20,900,000 : 0 : 5,750,391,325 : 74%
2021-08-23 23:33:33 : 21,000,000 : 0 : 5,779,358,900 : 74%
2021-08-24 02:05:58 : 21,100,000 : 0 : 5,798,758,000 : 74%
2021-08-24 04:53:55 : 21,200,000 : 0 : 5,827,725,575 : 75%
2021-08-24 08:29:27 : 21,300,000 : 0 : 5,856,299,925 : 75%
2021-08-24 11:52:40 : 21,400,000 : 0 : 5,884,743,200 : 75%
2021-08-24 14:21:11 : 21,500,000 : 0 : 5,913,972,925 : 76%
2021-08-24 16:30:32 : 21,600,000 : 0 : 5,943,464,800 : 76%
2021-08-24 18:34:46 : 21,700,000 : 0 : 5,972,694,525 : 77%
2021-08-24 20:39:07 : 21,800,000 : 0 : 6,001,399,950 : 77%
2021-08-24 22:49:28 : 21,900,000 : 0 : 6,020,667,975 : 77%
2021-08-25 01:13:12 : 22,000,000 : 0 : 6,049,766,625 : 78%
2021-08-25 03:49:03 : 22,100,000 : 0 : 6,078,603,125 : 78%
2021-08-25 06:59:26 : 22,200,000 : 0 : 6,106,653,175 : 78%
2021-08-25 10:35:42 : 22,300,000 : 0 : 6,135,096,450 : 79%
2021-08-25 13:23:21 : 22,400,000 : 0 : 6,163,408,650 : 79%
2021-08-25 15:34:21 : 22,500,000 : 0 : 6,192,114,075 : 79%
2021-08-25 17:38:18 : 22,600,000 : 0 : 6,218,066,925 : 80%
2021-08-25 19:40:57 : 22,700,000 : 0 : 6,240,349,675 : 80%
2021-08-25 21:45:35 : 22,800,000 : 0 : 6,269,710,475 : 80%
2021-08-26 00:00:05 : 22,900,000 : 0 : 6,300,119,875 : 81%
2021-08-26 02:27:24 : 23,000,000 : 0 : 6,323,844,450 : 81%
2021-08-26 05:15:00 : 23,100,000 : 0 : 6,356,744,275 : 81%
2021-08-26 08:47:52 : 23,200,000 : 0 : 6,383,352,500 : 82%
2021-08-26 12:03:10 : 23,300,000 : 0 : 6,410,091,800 : 82%
2021-08-26 14:28:28 : 23,400,000 : 0 : 6,436,962,175 : 82%
2021-08-26 16:35:24 : 23,500,000 : 0 : 6,465,274,375 : 83%
2021-08-26 18:40:06 : 23,600,000 : 0 : 6,493,455,500 : 83%
2021-08-26 20:44:23 : 23,700,000 : 0 : 6,521,112,325 : 84%
2021-08-26 22:55:19 : 23,800,000 : 0 : 6,549,293,450 : 84%
2021-08-27 01:23:42 : 23,900,000 : 0 : 6,577,343,500 : 84%
2021-08-27 03:59:48 : 24,000,000 : 0 : 6,605,655,700 : 85%
2021-08-27 07:09:34 : 24,100,000 : 0 : 6,633,705,750 : 85%
2021-08-27 10:46:22 : 24,200,000 : 0 : 6,661,755,800 : 85%
2021-08-27 13:31:37 : 24,300,000 : 0 : 6,689,936,925 : 86%
2021-08-27 15:44:46 : 24,400,000 : 0 : 6,709,073,875 : 86%
2021-08-27 17:50:35 : 24,500,000 : 0 : 6,738,303,600 : 86%
2021-08-27 19:59:14 : 24,600,000 : 0 : 6,767,009,025 : 87%
2021-08-27 22:09:43 : 24,700,000 : 0 : 6,795,452,300 : 87%
2021-08-28 00:37:12 : 24,800,000 : 0 : 6,824,157,725 : 87%
2021-08-28 03:21:41 : 24,900,000 : 0 : 6,852,994,225 : 88%
2021-08-28 06:37:22 : 25,000,000 : 0 : 6,881,044,275 : 88%
2021-08-28 10:29:57 : 25,100,000 : 0 : 6,909,487,550 : 89%
2021-08-28 13:40:51 : 25,200,000 : 0 : 6,937,668,675 : 89%
2021-08-28 16:02:12 : 25,300,000 : 0 : 6,956,674,550 : 89%
2021-08-28 18:16:54 : 25,400,000 : 0 : 6,985,773,200 : 89%
2021-08-28 20:36:07 : 25,500,000 : 0 : 7,014,740,775 : 90%
2021-08-28 23:02:43 : 25,600,000 : 0 : 7,043,577,275 : 90%
2021-08-29 01:47:22 : 25,700,000 : 0 : 7,072,151,625 : 91%
2021-08-29 04:47:59 : 25,800,000 : 0 : 7,100,594,900 : 91%
2021-08-29 08:24:26 : 25,900,000 : 0 : 7,128,644,950 : 91%
2021-08-29 12:06:54 : 26,000,000 : 0 : 7,156,695,000 : 92%
2021-08-29 14:46:38 : 26,100,000 : 0 : 7,175,569,800 : 92%
2021-08-29 16:59:05 : 26,200,000 : 0 : 7,204,406,300 : 92%
2021-08-29 19:08:01 : 26,300,000 : 0 : 7,233,504,950 : 93%
2021-08-29 21:19:55 : 26,400,000 : 0 : 7,262,472,525 : 93%
2021-08-29 23:41:17 : 26,500,000 : 0 : 7,291,177,950 : 93%
2021-08-30 02:19:49 : 26,600,000 : 0 : 7,319,752,300 : 94%
2021-08-30 05:13:45 : 26,700,000 : 0 : 7,348,326,650 : 94%
2021-08-30 08:49:12 : 26,800,000 : 0 : 7,367,201,450 : 94%
2021-08-30 12:04:11 : 26,900,000 : 0 : 7,395,775,800 : 95%
2021-08-30 14:30:23 : 27,000,000 : 0 : 7,424,481,225 : 95%
2021-08-30 16:35:18 : 27,100,000 : 0 : 7,453,055,575 : 95%
2021-08-30 18:38:07 : 27,200,000 : 0 : 7,482,154,225 : 96%
2021-08-30 20:42:54 : 27,300,000 : 0 : 7,511,515,025 : 96%
2021-08-30 22:52:20 : 27,400,000 : 0 : 7,540,351,525 : 97%
2021-08-31 01:17:54 : 27,500,000 : 0 : 7,569,319,100 : 97%
2021-08-31 03:54:34 : 27,600,000 : 0 : 7,598,286,675 : 97%
2021-08-31 07:10:59 : 27,700,000 : 0 : 7,617,161,475 : 98%
2021-08-31 10:51:04 : 27,800,000 : 0 : 7,645,211,525 : 98%
2021-08-31 13:33:24 : 27,900,000 : 0 : 7,673,785,875 : 98%
2021-08-31 15:43:28 : 28,000,000 : 0 : 7,702,753,450 : 99%
2021-08-31 17:47:01 : 28,100,000 : 0 : 7,731,589,950 : 99%
2021-08-31 19:53:38 : 28,200,000 : 0 : 7,760,688,600 : 99%
2021-08-31 22:01:37 : 28,300,000 : 0 : 7,789,787,250 : 100%
2021-09-01 02:27:47 : 100,000 : 0 : 30,671,550 : 0%
2021-09-01 05:13:08 : 200,000 : 0 : 60,163,425 : 1%
2021-09-01 08:42:58 : 300,000 : 0 : 89,131,000 : 1%
2021-09-01 11:57:18 : 400,000 : 0 : 117,836,425 : 2%
2021-09-01 14:20:49 : 500,000 : 0 : 146,804,000 : 2%
2021-09-01 16:25:39 : 600,000 : 0 : 175,902,650 : 2%
2021-09-01 18:25:40 : 700,000 : 0 : 204,739,150 : 3%
2021-09-01 20:30:11 : 800,000 : 0 : 223,876,100 : 3%
2021-09-01 22:40:51 : 900,000 : 0 : 252,581,525 : 3%
2021-09-02 01:07:00 : 1,000,000 : 0 : 281,418,025 : 4%
2021-09-02 03:39:51 : 1,100,000 : 0 : 310,254,525 : 4%
2021-09-02 06:44:17 : 1,200,000 : 0 : 338,173,500 : 5%
2021-09-02 10:23:19 : 1,300,000 : 0 : 366,485,700 : 5%
2021-09-02 13:12:37 : 1,400,000 : 0 : 394,797,900 : 5%
2021-09-02 15:27:04 : 1,500,000 : 0 : 413,934,850 : 6%
2021-09-02 17:33:05 : 1,600,000 : 0 : 442,902,425 : 6%
2021-09-02 19:40:57 : 1,700,000 : 0 : 472,001,075 : 6%
2021-09-02 21:57:56 : 1,800,000 : 0 : 500,706,500 : 7%
2021-09-03 00:20:38 : 1,900,000 : 0 : 528,887,625 : 7%
2021-09-03 02:59:36 : 2,000,000 : 0 : 557,593,050 : 8%
2021-09-03 05:58:57 : 2,100,000 : 0 : 585,512,025 : 8%
2021-09-03 09:37:27 : 2,200,000 : 0 : 613,955,300 : 8%
2021-09-03 12:44:14 : 2,300,000 : 0 : 632,699,025 : 9%
2021-09-03 15:03:44 : 2,400,000 : 0 : 661,404,450 : 9%
2021-09-03 17:10:38 : 2,500,000 : 0 : 690,240,950 : 9%
2021-09-03 19:22:21 : 2,600,000 : 0 : 719,470,675 : 10%
2021-09-03 21:38:08 : 2,700,000 : 0 : 748,307,175 : 10%
2021-09-04 00:08:10 : 2,800,000 : 0 : 777,143,675 : 11%
2021-09-04 02:56:53 : 2,900,000 : 0 : 805,849,100 : 11%
2021-09-04 06:08:10 : 3,000,000 : 0 : 834,161,300 : 11%
2021-09-04 10:00:33 : 3,100,000 : 0 : 852,380,725 : 12%
2021-09-04 13:16:57 : 3,200,000 : 0 : 880,430,775 : 12%
2021-09-04 15:45:44 : 3,300,000 : 0 : 908,742,975 : 12%
2021-09-04 18:04:14 : 3,400,000 : 0 : 937,841,625 : 13%
2021-09-04 20:24:39 : 3,500,000 : 0 : 966,940,275 : 13%
2021-09-04 22:51:30 : 3,600,000 : 0 : 995,514,625 : 14%
2021-09-05 01:36:49 : 3,700,000 : 0 : 1,024,220,050 : 14%
2021-09-05 04:37:55 : 3,800,000 : 0 : 1,052,794,400 : 14%
2021-09-05 08:15:55 : 3,900,000 : 0 : 1,080,582,300 : 15%
2021-09-05 11:57:45 : 4,000,000 : 0 : 1,099,457,100 : 15%
2021-09-05 14:44:35 : 4,100,000 : 0 : 1,127,900,375 : 15%
2021-09-05 17:03:17 : 4,200,000 : 0 : 1,157,130,100 : 16%
2021-09-05 19:17:51 : 4,300,000 : 0 : 1,186,359,825 : 16%
2021-09-05 21:32:58 : 4,400,000 : 0 : 1,215,589,550 : 17%
2021-09-06 00:04:30 : 4,500,000 : 0 : 1,244,688,200 : 17%
2021-09-06 02:52:06 : 4,600,000 : 0 : 1,264,087,300 : 17%
2021-09-06 05:53:02 : 4,700,000 : 0 : 1,293,185,950 : 18%
2021-09-06 09:23:55 : 4,800,000 : 0 : 1,322,022,450 : 18%
2021-09-06 12:38:19 : 4,900,000 : 0 : 1,350,727,875 : 18%
2021-09-06 15:06:22 : 5,000,000 : 0 : 1,380,219,750 : 19%
2021-09-06 17:11:22 : 5,100,000 : 0 : 1,400,274,225 : 19%
2021-09-06 19:09:33 : 5,200,000 : 0 : 1,430,159,325 : 20%
2021-09-06 21:14:07 : 5,300,000 : 0 : 1,459,126,900 : 20%
2021-09-06 23:31:18 : 5,400,000 : 0 : 1,487,963,400 : 20%
2021-09-07 02:06:59 : 5,500,000 : 0 : 1,517,455,275 : 21%
2021-09-07 04:53:55 : 5,600,000 : 0 : 1,546,422,850 : 21%
2021-09-07 08:18:17 : 5,700,000 : 0 : 1,565,690,875 : 21%
2021-09-07 11:43:52 : 5,800,000 : 0 : 1,594,265,225 : 22%
2021-09-07 14:18:00 : 5,900,000 : 0 : 1,623,101,725 : 22%
2021-09-07 16:26:20 : 6,000,000 : 0 : 1,652,855,750 : 23%
2021-09-07 18:32:21 : 6,100,000 : 0 : 1,682,609,775 : 23%
2021-09-07 20:37:27 : 6,200,000 : 0 : 1,702,402,100 : 23%
2021-09-07 22:43:20 : 6,300,000 : 0 : 1,731,238,600 : 24%
2021-09-08 01:10:51 : 6,400,000 : 0 : 1,760,730,475 : 24%
2021-09-08 03:46:07 : 6,500,000 : 0 : 1,789,698,050 : 24%
2021-09-08 06:59:38 : 6,600,000 : 0 : 1,818,403,475 : 25%
2021-09-08 10:42:03 : 6,700,000 : 0 : 1,837,802,575 : 25%
2021-09-08 13:29:42 : 6,800,000 : 0 : 1,865,983,700 : 26%
2021-09-08 15:43:07 : 6,900,000 : 0 : 1,894,426,975 : 26%
2021-09-08 17:50:22 : 7,000,000 : 0 : 1,922,870,250 : 26%
2021-09-08 19:57:26 : 7,100,000 : 0 : 1,951,313,525 : 27%
2021-09-08 22:13:45 : 7,200,000 : 0 : 1,979,625,725 : 27%
2021-09-09 00:37:32 : 7,300,000 : 0 : 2,008,069,000 : 27%
2021-09-09 03:10:05 : 7,400,000 : 0 : 2,036,250,125 : 28%
2021-09-09 06:07:44 : 7,500,000 : 0 : 2,064,038,025 : 28%
2021-09-09 09:48:12 : 7,600,000 : 0 : 2,082,912,825 : 29%
2021-09-09 12:50:53 : 7,700,000 : 0 : 2,110,700,725 : 29%
2021-09-09 15:10:22 : 7,800,000 : 0 : 2,139,406,150 : 29%
2021-09-09 17:15:58 : 7,900,000 : 0 : 2,168,373,725 : 30%
2021-09-09 19:22:28 : 8,000,000 : 0 : 2,197,079,150 : 30%
2021-09-09 21:30:14 : 8,100,000 : 0 : 2,225,915,650 : 30%
2021-09-09 23:49:41 : 8,200,000 : 0 : 2,244,921,525 : 31%
2021-09-10 02:23:04 : 8,300,000 : 0 : 2,273,495,875 : 31%
2021-09-10 05:12:22 : 8,400,000 : 0 : 2,302,201,300 : 32%
2021-09-10 08:48:47 : 8,500,000 : 0 : 2,330,513,500 : 32%
2021-09-10 12:07:54 : 8,600,000 : 0 : 2,358,432,475 : 32%
2021-09-10 14:33:09 : 8,700,000 : 0 : 2,387,268,975 : 33%
2021-09-10 16:42:23 : 8,800,000 : 0 : 2,406,668,075 : 33%
2021-09-10 18:52:11 : 8,900,000 : 0 : 2,435,635,650 : 33%
2021-09-10 21:05:00 : 9,000,000 : 0 : 2,464,472,150 : 34%
2021-09-10 23:28:41 : 9,100,000 : 0 : 2,493,439,725 : 34%
Decoding error with 134,217,728 bytes, reading another chunk
2021-09-11 02:12:14 : 9,200,000 : 0 : 2,531,582,550 : 35%
2021-09-11 05:10:15 : 9,300,000 : 0 : 2,540,888,875 : 35%
2021-09-11 08:48:17 : 9,400,000 : 0 : 2,568,545,700 : 35%
2021-09-11 12:21:49 : 9,500,000 : 0 : 2,596,595,750 : 36%
2021-09-11 15:02:28 : 9,600,000 : 0 : 2,624,776,875 : 36%
2021-09-11 17:20:55 : 9,700,000 : 0 : 2,653,089,075 : 36%
2021-09-11 19:38:52 : 9,800,000 : 0 : 2,681,794,500 : 37%
2021-09-11 22:03:26 : 9,900,000 : 0 : 2,700,669,300 : 37%
2021-09-12 00:45:45 : 10,000,000 : 0 : 2,729,112,575 : 37%
2021-09-12 03:41:44 : 10,100,000 : 0 : 2,757,162,625 : 38%
2021-09-12 07:07:30 : 10,200,000 : 0 : 2,783,901,925 : 38%
2021-09-12 10:59:27 : 10,300,000 : 0 : 2,811,296,600 : 38%
2021-09-12 14:03:12 : 10,400,000 : 0 : 2,838,822,350 : 39%
2021-09-12 16:21:45 : 10,500,000 : 0 : 2,867,003,475 : 39%
2021-09-12 18:33:11 : 10,600,000 : 0 : 2,895,708,900 : 40%
2021-09-12 20:45:19 : 10,700,000 : 0 : 2,914,583,700 : 40%
2021-09-12 23:04:27 : 10,800,000 : 0 : 2,942,502,675 : 40%
2021-09-13 01:38:16 : 10,900,000 : 0 : 2,970,945,950 : 41%
2021-09-13 04:22:05 : 11,000,000 : 0 : 2,999,258,150 : 41%
2021-09-13 07:43:35 : 11,100,000 : 0 : 3,026,914,975 : 41%
2021-09-13 11:24:44 : 11,200,000 : 0 : 3,045,789,775 : 42%
2021-09-13 13:57:55 : 11,300,000 : 0 : 3,073,839,825 : 42%
2021-09-13 16:04:56 : 11,400,000 : 0 : 3,103,069,550 : 42%
2021-09-13 18:08:53 : 11,500,000 : 0 : 3,132,430,350 : 43%
2021-09-13 20:13:39 : 11,600,000 : 0 : 3,161,397,925 : 43%
2021-09-13 22:23:19 : 11,700,000 : 0 : 3,180,534,875 : 44%
2021-09-14 00:50:25 : 11,800,000 : 0 : 3,209,371,375 : 44%
2021-09-14 03:25:18 : 11,900,000 : 0 : 3,238,207,875 : 44%
2021-09-14 06:31:04 : 12,000,000 : 0 : 3,266,651,150 : 45%
2021-09-14 10:18:35 : 12,100,000 : 0 : 3,294,701,200 : 45%
2021-09-14 13:13:45 : 12,200,000 : 0 : 3,322,620,175 : 45%
2021-09-14 15:27:33 : 12,300,000 : 0 : 3,341,757,125 : 46%
2021-09-14 17:33:07 : 12,400,000 : 0 : 3,370,462,550 : 46%
2021-09-14 19:40:03 : 12,500,000 : 0 : 3,399,167,975 : 47%
2021-09-14 21:46:37 : 12,600,000 : 0 : 3,427,349,100 : 47%
2021-09-15 00:08:22 : 12,700,000 : 0 : 3,455,923,450 : 47%
2021-09-15 02:41:48 : 12,800,000 : 0 : 3,474,929,325 : 48%
2021-09-15 05:33:48 : 12,900,000 : 0 : 3,503,110,450 : 48%
2021-09-15 09:10:03 : 13,000,000 : 0 : 3,531,029,425 : 48%
2021-09-15 12:23:10 : 13,100,000 : 0 : 3,558,948,400 : 49%
2021-09-15 14:47:03 : 13,200,000 : 0 : 3,587,260,600 : 49%
2021-09-15 16:53:57 : 13,300,000 : 0 : 3,616,097,100 : 50%
2021-09-15 18:58:52 : 13,400,000 : 0 : 3,635,102,975 : 50%
2021-09-15 21:05:26 : 13,500,000 : 0 : 3,663,415,175 : 50%
2021-09-15 23:20:48 : 13,600,000 : 0 : 3,691,596,300 : 51%
2021-09-16 01:51:52 : 13,700,000 : 0 : 3,719,908,500 : 51%
2021-09-16 04:35:23 : 13,800,000 : 0 : 3,747,696,400 : 51%
2021-09-16 08:06:16 : 13,900,000 : 0 : 3,766,833,350 : 52%
2021-09-16 11:37:09 : 14,000,000 : 0 : 3,794,490,175 : 52%
2021-09-16 14:11:28 : 14,100,000 : 0 : 3,822,671,300 : 52%
2021-09-16 16:20:24 : 14,200,000 : 0 : 3,851,769,950 : 53%
2021-09-16 18:24:44 : 14,300,000 : 0 : 3,880,737,525 : 53%
2021-09-16 20:29:49 : 14,400,000 : 0 : 3,899,743,400 : 53%
2021-09-16 22:45:15 : 14,500,000 : 0 : 3,927,924,525 : 54%
2021-09-17 01:19:11 : 14,600,000 : 0 : 3,956,498,875 : 54%
2021-09-17 04:00:31 : 14,700,000 : 0 : 3,984,811,075 : 55%
2021-09-17 07:17:53 : 14,800,000 : 0 : 4,003,685,875 : 55%
2021-09-17 11:00:24 : 14,900,000 : 0 : 4,031,735,925 : 55%
2021-09-17 13:46:56 : 15,000,000 : 0 : 4,059,917,050 : 56%
2021-09-17 16:00:46 : 15,100,000 : 0 : 4,088,884,625 : 56%
2021-09-17 18:08:30 : 15,200,000 : 0 : 4,117,458,975 : 56%
2021-09-17 20:18:50 : 15,300,000 : 0 : 4,145,509,025 : 57%
2021-09-17 22:35:01 : 15,400,000 : 0 : 4,164,777,050 : 57%
2021-09-18 01:11:33 : 15,500,000 : 0 : 4,192,827,100 : 57%
2021-09-18 04:04:28 : 15,600,000 : 0 : 4,221,139,300 : 58%
2021-09-18 07:31:30 : 15,700,000 : 0 : 4,248,665,050 : 58%
2021-09-18 11:18:53 : 15,800,000 : 0 : 4,275,928,650 : 59%
2021-09-18 14:11:42 : 15,900,000 : 0 : 4,294,410,225 : 59%
2021-09-18 16:33:07 : 16,000,000 : 0 : 4,322,329,200 : 59%
2021-09-18 18:50:23 : 16,100,000 : 0 : 4,351,034,625 : 60%
2021-09-18 21:11:30 : 16,200,000 : 0 : 4,379,477,900 : 60%
2021-09-18 23:41:36 : 16,300,000 : 0 : 4,407,527,950 : 60%
2021-09-19 02:31:12 : 16,400,000 : 0 : 4,435,709,075 : 61%
2021-09-19 05:41:44 : 16,500,000 : 0 : 4,453,928,500 : 61%
2021-09-19 09:34:15 : 16,600,000 : 0 : 4,481,061,025 : 61%
2021-09-19 12:56:38 : 16,700,000 : 0 : 4,508,324,625 : 62%
2021-09-19 15:23:28 : 16,800,000 : 0 : 4,535,981,450 : 62%
2021-09-19 17:33:52 : 16,900,000 : 0 : 4,564,555,800 : 62%
2021-09-19 19:43:57 : 17,000,000 : 0 : 4,583,299,525 : 63%
2021-09-19 21:56:15 : 17,100,000 : 0 : 4,611,611,725 : 63%
2021-09-20 00:28:27 : 17,200,000 : 0 : 4,639,923,925 : 64%
2021-09-20 03:10:41 : 17,300,000 : 0 : 4,668,367,200 : 64%
2021-09-20 06:19:21 : 17,400,000 : 0 : 4,696,286,175 : 64%
2021-09-20 10:07:00 : 17,500,000 : 0 : 4,715,029,900 : 65%
2021-09-20 13:02:55 : 17,600,000 : 0 : 4,742,555,650 : 65%
2021-09-20 15:18:34 : 17,700,000 : 0 : 4,771,261,075 : 65%
2021-09-20 17:24:48 : 17,800,000 : 0 : 4,799,573,275 : 66%
2021-09-20 19:31:27 : 17,900,000 : 0 : 4,828,147,625 : 66%
2021-09-20 21:36:34 : 18,000,000 : 0 : 4,847,153,500 : 66%
2021-09-20 23:57:45 : 18,100,000 : 0 : 4,875,203,550 : 67%
2021-09-21 02:30:32 : 18,200,000 : 0 : 4,903,646,825 : 67%
2021-09-21 05:14:13 : 18,300,000 : 0 : 4,931,959,025 : 68%
2021-09-21 08:37:47 : 18,400,000 : 0 : 4,959,615,850 : 68%
2021-09-21 12:00:43 : 18,500,000 : 0 : 4,986,355,150 : 68%
2021-09-21 14:25:52 : 18,600,000 : 0 : 5,004,574,575 : 69%
2021-09-21 16:29:47 : 18,700,000 : 0 : 5,032,493,550 : 69%
2021-09-21 18:32:30 : 18,800,000 : 0 : 5,060,543,600 : 69%
2021-09-21 20:34:11 : 18,900,000 : 0 : 5,088,200,425 : 70%
2021-09-21 22:40:24 : 19,000,000 : 0 : 5,116,250,475 : 70%
2021-09-22 01:03:17 : 19,100,000 : 0 : 5,144,693,750 : 70%
2021-09-22 03:35:31 : 19,200,000 : 0 : 5,163,699,625 : 71%
2021-09-22 06:39:04 : 19,300,000 : 0 : 5,191,618,600 : 71%
2021-09-22 10:15:31 : 19,400,000 : 0 : 5,219,013,275 : 71%
2021-09-22 13:05:09 : 19,500,000 : 0 : 5,246,932,250 : 72%
2021-09-22 15:17:07 : 19,600,000 : 0 : 5,275,506,600 : 72%
2021-09-22 17:16:13 : 19,700,000 : 0 : 5,304,080,950 : 73%
2021-09-22 19:15:37 : 19,800,000 : 0 : 5,322,824,675 : 73%
2021-09-22 22:22:19 : 19,900,000 : 0 : 5,350,743,650 : 73%
2021-09-23 00:39:34 : 20,000,000 : 0 : 5,378,531,550 : 74%
2021-09-23 03:11:16 : 20,100,000 : 0 : 5,406,581,600 : 74%
2021-09-23 06:04:40 : 20,200,000 : 0 : 5,424,538,875 : 74%
2021-09-23 09:29:50 : 20,300,000 : 0 : 5,451,016,025 : 75%
2021-09-23 12:30:40 : 20,400,000 : 0 : 5,477,493,175 : 75%
2021-09-23 14:47:51 : 20,500,000 : 0 : 5,504,887,850 : 75%
2021-09-23 16:50:41 : 20,600,000 : 0 : 5,533,200,050 : 76%
2021-09-23 18:51:06 : 20,700,000 : 0 : 5,551,943,775 : 76%
2021-09-23 20:56:40 : 20,800,000 : 0 : 5,580,124,900 : 76%
2021-09-23 23:12:07 : 20,900,000 : 0 : 5,608,174,950 : 77%
2021-09-24 01:45:45 : 21,000,000 : 0 : 5,636,225,000 : 77%
2021-09-24 04:29:09 : 21,100,000 : 0 : 5,663,619,675 : 78%
2021-09-24 07:53:58 : 21,200,000 : 0 : 5,690,358,975 : 78%
2021-09-24 11:29:43 : 21,300,000 : 0 : 5,717,098,275 : 78%
2021-09-24 14:01:44 : 21,400,000 : 0 : 5,745,017,250 : 79%
2021-09-24 16:08:19 : 21,500,000 : 0 : 5,773,460,525 : 79%
2021-09-24 18:16:37 : 21,600,000 : 0 : 5,792,597,475 : 79%
2021-09-24 20:30:57 : 21,700,000 : 0 : 5,820,778,600 : 80%
2021-09-24 22:54:42 : 21,800,000 : 0 : 5,849,090,800 : 80%
2021-09-25 01:36:59 : 21,900,000 : 0 : 5,877,534,075 : 80%
2021-09-25 04:34:21 : 22,000,000 : 0 : 5,905,977,350 : 81%
2021-09-25 08:09:15 : 22,100,000 : 0 : 5,924,458,925 : 81%
2021-09-25 11:51:43 : 22,200,000 : 0 : 5,951,722,525 : 81%
2021-09-25 14:37:46 : 22,300,000 : 0 : 5,979,248,275 : 82%
2021-09-25 16:46:29 : 22,400,000 : 0 : 6,009,002,300 : 82%
2021-09-25 18:58:24 : 22,500,000 : 0 : 6,037,838,800 : 83%
2021-09-25 21:20:05 : 22,600,000 : 0 : 6,056,975,750 : 83%
2021-09-25 23:55:47 : 22,700,000 : 0 : 6,085,681,175 : 83%
2021-09-26 02:36:14 : 22,800,000 : 0 : 6,113,338,000 : 84%
2021-09-26 05:42:51 : 22,900,000 : 0 : 6,141,519,125 : 84%
2021-09-26 09:32:33 : 23,000,000 : 0 : 6,168,913,800 : 84%
2021-09-26 12:58:53 : 23,100,000 : 0 : 6,187,002,150 : 85%
2021-09-26 15:25:28 : 23,200,000 : 0 : 6,214,790,050 : 85%
2021-09-26 17:40:20 : 23,300,000 : 0 : 6,243,364,400 : 85%
2021-09-26 19:53:19 : 23,400,000 : 0 : 6,271,938,750 : 86%
2021-09-26 22:10:19 : 23,500,000 : 0 : 6,300,513,100 : 86%
2021-09-27 00:44:03 : 23,600,000 : 0 : 6,328,956,375 : 87%
2021-09-27 03:26:23 : 23,700,000 : 0 : 6,347,831,175 : 87%
2021-09-27 06:31:16 : 23,800,000 : 0 : 6,375,356,925 : 87%
2021-09-27 10:21:23 : 23,900,000 : 0 : 6,403,013,750 : 88%
2021-09-27 13:13:04 : 24,000,000 : 0 : 6,430,670,575 : 88%
2021-09-27 15:23:18 : 24,100,000 : 0 : 6,459,113,850 : 88%
2021-09-27 17:28:50 : 24,200,000 : 0 : 6,478,250,800 : 89%
2021-09-27 19:34:29 : 24,300,000 : 0 : 6,506,694,075 : 89%
2021-09-27 21:40:13 : 24,400,000 : 0 : 6,534,875,200 : 89%
2021-09-28 00:00:50 : 24,500,000 : 0 : 6,563,187,400 : 90%
2021-09-28 02:28:56 : 24,600,000 : 0 : 6,591,106,375 : 90%
2021-09-28 05:11:43 : 24,700,000 : 0 : 6,619,287,500 : 91%
2021-09-28 08:40:40 : 24,800,000 : 0 : 6,637,900,150 : 91%
2021-09-28 11:55:41 : 24,900,000 : 0 : 6,665,688,050 : 91%
2021-09-28 14:19:25 : 25,000,000 : 0 : 6,693,738,100 : 92%
2021-09-28 16:23:27 : 25,100,000 : 0 : 6,722,443,525 : 92%
2021-09-28 18:28:20 : 25,200,000 : 0 : 6,750,886,800 : 92%
2021-09-28 20:35:12 : 25,300,000 : 0 : 6,778,674,700 : 93%
2021-09-28 22:41:57 : 25,400,000 : 0 : 6,797,156,275 : 93%
2021-09-29 01:06:34 : 25,500,000 : 0 : 6,825,468,475 : 93%
2021-09-29 03:37:55 : 25,600,000 : 0 : 6,853,649,600 : 94%
2021-09-29 06:42:35 : 25,700,000 : 0 : 6,881,961,800 : 94%
2021-09-29 10:22:06 : 25,800,000 : 0 : 6,909,225,400 : 95%
2021-09-29 13:11:06 : 25,900,000 : 0 : 6,927,706,975 : 95%
2021-09-29 15:22:47 : 26,000,000 : 0 : 6,956,019,175 : 95%
2021-09-29 17:24:19 : 26,100,000 : 0 : 6,984,462,450 : 96%
2021-09-29 19:30:13 : 26,200,000 : 0 : 7,013,298,950 : 96%
2021-09-29 21:37:26 : 26,300,000 : 0 : 7,041,480,075 : 96%
2021-09-29 23:57:40 : 26,400,000 : 0 : 7,069,661,200 : 97%
2021-09-30 02:31:06 : 26,500,000 : 0 : 7,088,798,150 : 97%
2021-09-30 05:26:20 : 26,600,000 : 0 : 7,117,110,350 : 97%
2021-09-30 09:07:35 : 26,700,000 : 0 : 7,145,553,625 : 98%
2021-09-30 12:26:09 : 26,800,000 : 0 : 7,173,472,600 : 98%
2021-09-30 14:49:17 : 26,900,000 : 0 : 7,201,653,725 : 99%
2021-09-30 16:56:15 : 27,000,000 : 0 : 7,230,097,000 : 99%
2021-09-30 19:03:47 : 27,100,000 : 0 : 7,249,233,950 : 99%
2021-09-30 21:14:53 : 27,200,000 : 0 : 7,277,546,150 : 100%
2021-09-30 23:35:14 : 27,300,000 : 0 : 7,305,231,147 : 100%
2021-07-01 00:18:54 : 100,000 : 0 : 21,889,525 : 0%
2021-07-01 00:38:00 : 200,000 : 0 : 32,113,375 : 0%
2021-07-01 00:56:58 : 300,000 : 0 : 42,337,225 : 0%
2021-07-01 01:16:04 : 400,000 : 0 : 52,430,000 : 0%
2021-07-01 01:35:09 : 500,000 : 0 : 62,522,775 : 0%
2021-07-01 01:53:33 : 600,000 : 0 : 72,353,400 : 0%
2021-07-01 02:11:51 : 700,000 : 0 : 82,315,100 : 0%
2021-07-01 02:30:38 : 800,000 : 0 : 92,276,800 : 0%
2021-07-01 02:49:42 : 900,000 : 0 : 102,238,500 : 0%
2021-07-01 03:08:47 : 1,000,000 : 0 : 111,806,975 : 1%
2021-07-01 03:27:38 : 1,100,000 : 0 : 121,506,525 : 1%
2021-07-01 03:46:30 : 1,200,000 : 0 : 131,206,075 : 1%
2021-07-01 04:06:57 : 1,300,000 : 0 : 141,036,700 : 1%
2021-07-01 04:29:25 : 1,400,000 : 0 : 151,129,475 : 1%
2021-07-01 04:53:05 : 1,500,000 : 0 : 160,960,100 : 1%
2021-07-01 05:17:50 : 1,600,000 : 0 : 171,052,875 : 1%
2021-07-01 05:44:14 : 1,700,000 : 0 : 181,014,575 : 1%
2021-07-01 06:11:58 : 1,800,000 : 0 : 191,107,350 : 1%
2021-07-01 06:41:28 : 1,900,000 : 0 : 201,331,200 : 1%
2021-07-01 07:11:45 : 2,000,000 : 0 : 211,555,050 : 1%
2021-07-01 07:43:56 : 2,100,000 : 0 : 221,647,825 : 1%
2021-07-01 08:17:22 : 2,200,000 : 0 : 231,871,675 : 1%
2021-07-01 08:51:42 : 2,300,000 : 0 : 242,226,600 : 1%
2021-07-01 09:26:29 : 2,400,000 : 0 : 252,581,525 : 1%
2021-07-01 10:00:03 : 2,500,000 : 0 : 262,805,375 : 1%
2021-07-01 10:31:31 : 2,600,000 : 0 : 273,029,225 : 1%
2021-07-01 11:01:31 : 2,700,000 : 0 : 283,384,150 : 1%
2021-07-01 11:29:05 : 2,800,000 : 0 : 293,608,000 : 1%
2021-07-01 11:54:25 : 2,900,000 : 0 : 303,700,775 : 1%
2021-07-01 12:18:16 : 3,000,000 : 0 : 314,055,700 : 1%
2021-07-01 12:40:23 : 3,100,000 : 0 : 324,410,625 : 1%
2021-07-01 13:01:08 : 3,200,000 : 0 : 334,765,550 : 2%
2021-07-01 13:20:42 : 3,300,000 : 0 : 355,475,400 : 2%
2021-07-01 13:39:22 : 3,400,000 : 0 : 365,961,400 : 2%
2021-07-01 13:57:14 : 3,500,000 : 0 : 376,447,400 : 2%
2021-07-01 14:14:42 : 3,600,000 : 0 : 386,933,400 : 2%
2021-07-01 14:31:42 : 3,700,000 : 0 : 397,419,400 : 2%
2021-07-01 14:48:12 : 3,800,000 : 0 : 407,905,400 : 2%
2021-07-01 15:04:29 : 3,900,000 : 0 : 418,522,475 : 2%
2021-07-01 15:22:34 : 4,000,000 : 0 : 429,008,475 : 2%
2021-07-01 15:41:03 : 4,100,000 : 0 : 439,363,400 : 2%
2021-07-01 15:57:31 : 4,200,000 : 0 : 449,980,475 : 2%
2021-07-01 16:13:59 : 4,300,000 : 0 : 460,597,550 : 2%
2021-07-01 16:30:03 : 4,400,000 : 0 : 471,083,550 : 2%
2021-07-01 16:45:35 : 4,500,000 : 0 : 481,700,625 : 2%
2021-07-01 17:01:05 : 4,600,000 : 0 : 492,055,550 : 2%
2021-07-01 17:16:43 : 4,700,000 : 0 : 502,541,550 : 2%
2021-07-01 17:32:20 : 4,800,000 : 0 : 513,027,550 : 2%
2021-07-01 17:48:13 : 4,900,000 : 0 : 523,513,550 : 2%
2021-07-01 18:04:03 : 5,000,000 : 0 : 533,999,550 : 2%
2021-07-01 18:20:03 : 5,100,000 : 0 : 544,354,475 : 2%
2021-07-01 18:35:58 : 5,200,000 : 0 : 554,840,475 : 3%
2021-07-01 18:51:55 : 5,300,000 : 0 : 565,195,400 : 3%
2021-07-01 19:07:50 : 5,400,000 : 0 : 575,550,325 : 3%
2021-07-01 19:23:52 : 5,500,000 : 0 : 585,905,250 : 3%
2021-07-01 19:40:04 : 5,600,000 : 0 : 596,260,175 : 3%
2021-07-01 19:56:00 : 5,700,000 : 0 : 606,615,100 : 3%
2021-07-01 20:11:51 : 5,800,000 : 0 : 616,970,025 : 3%
2021-07-01 20:27:37 : 5,900,000 : 0 : 627,193,875 : 3%
2021-07-01 20:43:35 : 6,000,000 : 0 : 637,417,725 : 3%
2021-07-01 20:59:44 : 6,100,000 : 0 : 657,996,500 : 3%
2021-07-01 21:16:16 : 6,200,000 : 0 : 668,351,425 : 3%
2021-07-01 21:32:52 : 6,300,000 : 0 : 678,575,275 : 3%
2021-07-01 21:49:44 : 6,400,000 : 0 : 688,930,200 : 3%
2021-07-01 22:06:47 : 6,500,000 : 0 : 699,154,050 : 3%
2021-07-01 22:24:16 : 6,600,000 : 0 : 709,377,900 : 3%
2021-07-01 22:42:05 : 6,700,000 : 0 : 719,601,750 : 3%
2021-07-01 23:00:06 : 6,800,000 : 0 : 729,825,600 : 3%
2021-07-01 23:18:35 : 6,900,000 : 0 : 740,049,450 : 3%
2021-07-01 23:37:29 : 7,000,000 : 0 : 750,142,225 : 3%
2021-07-01 23:56:36 : 7,100,000 : 0 : 760,235,000 : 3%
2021-07-02 00:16:02 : 7,200,000 : 0 : 770,327,775 : 3%
2021-07-02 00:35:32 : 7,300,000 : 0 : 780,289,475 : 4%
2021-07-02 00:54:46 : 7,400,000 : 0 : 790,251,175 : 4%
2021-07-02 01:14:03 : 7,500,000 : 0 : 800,212,875 : 4%
2021-07-02 01:33:36 : 7,600,000 : 0 : 810,174,575 : 4%
2021-07-02 01:53:19 : 7,700,000 : 0 : 820,136,275 : 4%
2021-07-02 02:12:48 : 7,800,000 : 0 : 829,966,900 : 4%
2021-07-02 02:32:26 : 7,900,000 : 0 : 839,797,525 : 4%
2021-07-02 02:52:13 : 8,000,000 : 0 : 849,628,150 : 4%
2021-07-02 03:12:30 : 8,100,000 : 0 : 859,589,850 : 4%
2021-07-02 03:33:50 : 8,200,000 : 0 : 869,551,550 : 4%
2021-07-02 03:55:34 : 8,300,000 : 0 : 879,513,250 : 4%
2021-07-02 04:17:44 : 8,400,000 : 0 : 889,343,875 : 4%
2021-07-02 04:40:54 : 8,500,000 : 0 : 899,174,500 : 4%
2021-07-02 05:05:15 : 8,600,000 : 0 : 909,136,200 : 4%
2021-07-02 05:30:48 : 8,700,000 : 0 : 919,097,900 : 4%
2021-07-02 05:57:04 : 8,800,000 : 0 : 928,928,525 : 4%
2021-07-02 06:24:31 : 8,900,000 : 0 : 939,021,300 : 4%
2021-07-02 06:52:50 : 9,000,000 : 0 : 948,983,000 : 4%
2021-07-02 07:22:34 : 9,100,000 : 0 : 959,075,775 : 4%
2021-07-02 07:53:38 : 9,200,000 : 0 : 969,299,625 : 4%
2021-07-02 08:25:24 : 9,300,000 : 0 : 979,392,400 : 4%
2021-07-02 08:58:08 : 9,400,000 : 0 : 989,616,250 : 4%
2021-07-02 09:31:18 : 9,500,000 : 0 : 999,709,025 : 5%
2021-07-02 10:03:17 : 9,600,000 : 0 : 1,009,670,725 : 5%
2021-07-02 10:34:11 : 9,700,000 : 0 : 1,029,594,125 : 5%
2021-07-02 11:03:02 : 9,800,000 : 0 : 1,039,817,975 : 5%
2021-07-02 11:30:25 : 9,900,000 : 0 : 1,049,910,750 : 5%
2021-07-02 11:55:53 : 10,000,000 : 0 : 1,060,134,600 : 5%
2021-07-02 12:19:47 : 10,100,000 : 0 : 1,070,489,525 : 5%
2021-07-02 12:41:52 : 10,200,000 : 0 : 1,080,844,450 : 5%
2021-07-02 13:02:21 : 10,300,000 : 0 : 1,091,199,375 : 5%
2021-07-02 13:21:45 : 10,400,000 : 0 : 1,101,423,225 : 5%
2021-07-02 13:40:17 : 10,500,000 : 0 : 1,111,778,150 : 5%
2021-07-02 13:58:02 : 10,600,000 : 0 : 1,122,133,075 : 5%
2021-07-02 14:14:56 : 10,700,000 : 0 : 1,132,356,925 : 5%
2021-07-02 14:31:12 : 10,800,000 : 0 : 1,142,580,775 : 5%
2021-07-02 14:47:09 : 10,900,000 : 0 : 1,152,935,700 : 5%
2021-07-02 15:02:53 : 11,000,000 : 0 : 1,163,159,550 : 5%
2021-07-02 15:18:32 : 11,100,000 : 0 : 1,173,514,475 : 5%
2021-07-02 15:34:05 : 11,200,000 : 0 : 1,183,869,400 : 5%
2021-07-02 15:49:28 : 11,300,000 : 0 : 1,194,093,250 : 5%
2021-07-02 16:04:31 : 11,400,000 : 0 : 1,204,054,950 : 5%
2021-07-02 16:16:51 : 11,500,000 : 0 : 1,214,016,650 : 5%
2021-07-02 16:32:16 : 11,600,000 : 0 : 1,224,240,500 : 6%
2021-07-02 16:47:36 : 11,700,000 : 0 : 1,234,595,425 : 6%
2021-07-02 17:03:07 : 11,800,000 : 0 : 1,245,081,425 : 6%
2021-07-02 17:18:48 : 11,900,000 : 0 : 1,255,436,350 : 6%
2021-07-02 17:34:15 : 12,000,000 : 0 : 1,265,529,125 : 6%
2021-07-02 17:49:22 : 12,100,000 : 0 : 1,275,884,050 : 6%
2021-07-02 18:04:53 : 12,200,000 : 0 : 1,286,107,900 : 6%
2021-07-02 18:20:39 : 12,300,000 : 0 : 1,296,331,750 : 6%
2021-07-02 18:36:03 : 12,400,000 : 0 : 1,306,424,525 : 6%
2021-07-02 18:51:33 : 12,500,000 : 0 : 1,316,386,225 : 6%
2021-07-02 19:07:33 : 12,600,000 : 0 : 1,326,610,075 : 6%
2021-07-02 19:23:51 : 12,700,000 : 0 : 1,336,702,850 : 6%
2021-07-02 19:40:00 : 12,800,000 : 0 : 1,346,795,625 : 6%
2021-07-02 19:55:53 : 12,900,000 : 0 : 1,356,757,325 : 6%
2021-07-02 20:12:02 : 13,000,000 : 0 : 1,376,811,800 : 6%
2021-07-02 20:28:34 : 13,100,000 : 0 : 1,386,904,575 : 6%
2021-07-02 20:45:06 : 13,200,000 : 0 : 1,396,735,200 : 6%
2021-07-02 21:01:34 : 13,300,000 : 0 : 1,406,827,975 : 6%
2021-07-02 21:18:41 : 13,400,000 : 0 : 1,416,920,750 : 6%
2021-07-02 21:36:15 : 13,500,000 : 0 : 1,427,013,525 : 6%
2021-07-02 21:53:48 : 13,600,000 : 0 : 1,437,106,300 : 7%
2021-07-02 22:12:05 : 13,700,000 : 0 : 1,447,330,150 : 7%
2021-07-02 22:30:48 : 13,800,000 : 0 : 1,457,422,925 : 7%
2021-07-02 22:49:39 : 13,900,000 : 0 : 1,467,384,625 : 7%
2021-07-02 23:08:37 : 14,000,000 : 0 : 1,477,346,325 : 7%
2021-07-02 23:28:27 : 14,100,000 : 0 : 1,487,439,100 : 7%
2021-07-02 23:48:24 : 14,200,000 : 0 : 1,497,400,800 : 7%
2021-07-03 00:08:50 : 14,300,000 : 0 : 1,507,231,425 : 7%
2021-07-03 00:29:27 : 14,400,000 : 0 : 1,517,062,050 : 7%
2021-07-03 00:49:52 : 14,500,000 : 0 : 1,526,892,675 : 7%
2021-07-03 01:10:44 : 14,600,000 : 0 : 1,536,592,225 : 7%
2021-07-03 01:31:48 : 14,700,000 : 0 : 1,546,160,700 : 7%
2021-07-03 01:52:59 : 14,800,000 : 0 : 1,555,991,325 : 7%
2021-07-03 02:14:40 : 14,900,000 : 0 : 1,565,690,875 : 7%
2021-07-03 02:36:54 : 15,000,000 : 0 : 1,575,390,425 : 7%
2021-07-03 02:59:13 : 15,100,000 : 0 : 1,585,221,050 : 7%
2021-07-03 03:22:26 : 15,200,000 : 0 : 1,594,920,600 : 7%
2021-07-03 03:46:43 : 15,300,000 : 0 : 1,604,751,225 : 7%
2021-07-03 04:11:26 : 15,400,000 : 0 : 1,614,581,850 : 7%
2021-07-03 04:37:30 : 15,500,000 : 0 : 1,624,281,400 : 7%
2021-07-03 05:05:02 : 15,600,000 : 0 : 1,634,243,100 : 7%
2021-07-03 05:33:25 : 15,700,000 : 0 : 1,643,942,650 : 7%
2021-07-03 06:03:39 : 15,800,000 : 0 : 1,653,773,275 : 7%
2021-07-03 06:35:31 : 15,900,000 : 0 : 1,663,603,900 : 8%
2021-07-03 07:08:18 : 16,000,000 : 0 : 1,673,565,600 : 8%
2021-07-03 07:42:36 : 16,100,000 : 0 : 1,683,396,225 : 8%
2021-07-03 08:17:55 : 16,200,000 : 0 : 1,693,357,925 : 8%
2021-07-03 08:54:21 : 16,300,000 : 0 : 1,703,319,625 : 8%
2021-07-03 09:31:18 : 16,400,000 : 0 : 1,713,150,250 : 8%
2021-07-03 10:06:58 : 16,500,000 : 0 : 1,722,849,800 : 8%
2021-07-03 10:42:55 : 16,600,000 : 0 : 1,732,811,500 : 8%
2021-07-03 11:17:20 : 16,700,000 : 0 : 1,752,734,900 : 8%
2021-07-03 11:49:03 : 16,800,000 : 0 : 1,762,827,675 : 8%
2021-07-03 12:18:13 : 16,900,000 : 0 : 1,772,920,450 : 8%
2021-07-03 12:45:23 : 17,000,000 : 0 : 1,783,013,225 : 8%
2021-07-03 13:10:31 : 17,100,000 : 0 : 1,793,106,000 : 8%
2021-07-03 13:33:51 : 17,200,000 : 0 : 1,803,067,700 : 8%
2021-07-03 13:55:07 : 17,300,000 : 0 : 1,813,029,400 : 8%
2021-07-03 14:15:46 : 17,400,000 : 0 : 1,823,122,175 : 8%
2021-07-03 14:35:55 : 17,500,000 : 0 : 1,833,346,025 : 8%
2021-07-03 14:56:11 : 17,600,000 : 0 : 1,843,569,875 : 8%
2021-07-03 15:16:00 : 17,700,000 : 0 : 1,853,793,725 : 8%
2021-07-03 15:35:37 : 17,800,000 : 0 : 1,864,148,650 : 8%
2021-07-03 15:55:07 : 17,900,000 : 0 : 1,874,372,500 : 8%
2021-07-03 16:14:15 : 18,000,000 : 0 : 1,884,727,425 : 9%
2021-07-03 16:33:45 : 18,100,000 : 0 : 1,894,951,275 : 9%
2021-07-03 16:52:29 : 18,200,000 : 0 : 1,905,044,050 : 9%
2021-07-03 17:11:16 : 18,300,000 : 0 : 1,915,398,975 : 9%
2021-07-03 17:30:15 : 18,400,000 : 0 : 1,925,491,750 : 9%
2021-07-03 17:49:20 : 18,500,000 : 0 : 1,935,846,675 : 9%
2021-07-03 18:09:01 : 18,600,000 : 0 : 1,946,070,525 : 9%
2021-07-03 18:28:56 : 18,700,000 : 0 : 1,956,294,375 : 9%
2021-07-03 18:48:19 : 18,800,000 : 0 : 1,966,518,225 : 9%
2021-07-03 19:07:26 : 18,900,000 : 0 : 1,976,479,925 : 9%
2021-07-03 19:27:01 : 19,000,000 : 0 : 1,986,441,625 : 9%
2021-07-03 19:46:30 : 19,100,000 : 0 : 1,996,403,325 : 9%
2021-07-03 20:05:46 : 19,200,000 : 0 : 2,006,496,100 : 9%
2021-07-03 20:25:19 : 19,300,000 : 0 : 2,016,326,725 : 9%
2021-07-03 20:45:01 : 19,400,000 : 0 : 2,026,288,425 : 9%
2021-07-03 21:04:56 : 19,500,000 : 0 : 2,036,250,125 : 9%
2021-07-03 21:25:03 : 19,600,000 : 0 : 2,046,211,825 : 9%
2021-07-03 21:45:24 : 19,700,000 : 0 : 2,056,304,600 : 9%
2021-07-03 22:05:59 : 19,800,000 : 0 : 2,076,359,075 : 9%
2021-07-03 22:27:07 : 19,900,000 : 0 : 2,086,451,850 : 9%
2021-07-03 22:48:25 : 20,000,000 : 0 : 2,096,413,550 : 9%
2021-07-03 23:10:05 : 20,100,000 : 0 : 2,106,375,250 : 10%
2021-07-03 23:32:08 : 20,200,000 : 0 : 2,116,336,950 : 10%
2021-07-03 23:54:26 : 20,300,000 : 0 : 2,126,429,725 : 10%
2021-07-04 00:17:27 : 20,400,000 : 0 : 2,136,391,425 : 10%
2021-07-04 00:40:23 : 20,500,000 : 0 : 2,146,222,050 : 10%
2021-07-04 01:03:07 : 20,600,000 : 0 : 2,156,052,675 : 10%
2021-07-04 01:26:26 : 20,700,000 : 0 : 2,165,883,300 : 10%
2021-07-04 01:49:50 : 20,800,000 : 0 : 2,175,713,925 : 10%
2021-07-04 02:13:08 : 20,900,000 : 0 : 2,185,413,475 : 10%
2021-07-04 02:36:26 : 21,000,000 : 0 : 2,194,981,950 : 10%
2021-07-04 02:59:30 : 21,100,000 : 0 : 2,204,550,425 : 10%
2021-07-04 03:23:01 : 21,200,000 : 0 : 2,214,249,975 : 10%
2021-07-04 03:47:20 : 21,300,000 : 0 : 2,223,949,525 : 10%
2021-07-04 04:12:30 : 21,400,000 : 0 : 2,233,649,075 : 10%
2021-07-04 04:38:52 : 21,500,000 : 0 : 2,243,217,550 : 10%
2021-07-04 05:06:24 : 21,600,000 : 0 : 2,253,048,175 : 10%
2021-07-04 05:35:28 : 21,700,000 : 0 : 2,262,747,725 : 10%
2021-07-04 06:06:00 : 21,800,000 : 0 : 2,272,578,350 : 10%
2021-07-04 06:38:28 : 21,900,000 : 0 : 2,282,408,975 : 10%
2021-07-04 07:11:56 : 22,000,000 : 0 : 2,292,370,675 : 10%
2021-07-04 07:46:29 : 22,100,000 : 0 : 2,302,201,300 : 10%
2021-07-04 08:21:54 : 22,200,000 : 0 : 2,312,163,000 : 10%
2021-07-04 08:58:28 : 22,300,000 : 0 : 2,322,124,700 : 11%
2021-07-04 09:35:30 : 22,400,000 : 0 : 2,332,086,400 : 11%
2021-07-04 10:11:57 : 22,500,000 : 0 : 2,341,785,950 : 11%
2021-07-04 10:48:04 : 22,600,000 : 0 : 2,351,616,575 : 11%
2021-07-04 11:22:26 : 22,700,000 : 0 : 2,361,447,200 : 11%
2021-07-04 11:55:06 : 22,800,000 : 0 : 2,371,277,825 : 11%
2021-07-04 12:25:49 : 22,900,000 : 0 : 2,381,239,525 : 11%
2021-07-04 12:52:31 : 23,000,000 : 0 : 2,400,769,700 : 11%
2021-07-04 13:16:42 : 23,100,000 : 0 : 2,410,600,325 : 11%
2021-07-04 13:38:51 : 23,200,000 : 0 : 2,420,430,950 : 11%
2021-07-04 13:59:56 : 23,300,000 : 0 : 2,429,999,425 : 11%
2021-07-04 14:19:42 : 23,400,000 : 0 : 2,439,830,050 : 11%
2021-07-04 14:39:15 : 23,500,000 : 0 : 2,449,791,750 : 11%
2021-07-04 14:57:59 : 23,600,000 : 0 : 2,459,753,450 : 11%
2021-07-04 15:16:47 : 23,700,000 : 0 : 2,469,846,225 : 11%
2021-07-04 15:35:14 : 23,800,000 : 0 : 2,479,807,925 : 11%
2021-07-04 15:53:27 : 23,900,000 : 0 : 2,489,900,700 : 11%
2021-07-04 16:11:40 : 24,000,000 : 0 : 2,499,862,400 : 11%
2021-07-04 16:29:48 : 24,100,000 : 0 : 2,509,824,100 : 11%
2021-07-04 16:48:07 : 24,200,000 : 0 : 2,519,916,875 : 11%
2021-07-04 17:06:09 : 24,300,000 : 0 : 2,529,878,575 : 11%
2021-07-04 17:24:21 : 24,400,000 : 0 : 2,539,840,275 : 11%
2021-07-04 17:42:16 : 24,500,000 : 0 : 2,549,670,900 : 12%
2021-07-04 18:00:21 : 24,600,000 : 0 : 2,559,632,600 : 12%
2021-07-04 18:18:46 : 24,700,000 : 0 : 2,569,463,225 : 12%
2021-07-04 18:37:04 : 24,800,000 : 0 : 2,579,293,850 : 12%
2021-07-04 18:55:39 : 24,900,000 : 0 : 2,589,255,550 : 12%
2021-07-04 19:14:22 : 25,000,000 : 0 : 2,599,086,175 : 12%
2021-07-04 19:33:10 : 25,100,000 : 0 : 2,608,916,800 : 12%
2021-07-04 19:52:16 : 25,200,000 : 0 : 2,618,747,425 : 12%
2021-07-04 20:11:27 : 25,300,000 : 0 : 2,628,709,125 : 12%
2021-07-04 20:30:13 : 25,400,000 : 0 : 2,638,408,675 : 12%
2021-07-04 20:49:05 : 25,500,000 : 0 : 2,648,239,300 : 12%
2021-07-04 21:08:13 : 25,600,000 : 0 : 2,658,069,925 : 12%
2021-07-04 21:27:07 : 25,700,000 : 0 : 2,667,769,475 : 12%
2021-07-04 21:46:39 : 25,800,000 : 0 : 2,677,469,025 : 12%
2021-07-04 22:06:45 : 25,900,000 : 0 : 2,687,168,575 : 12%
2021-07-04 22:27:08 : 26,000,000 : 0 : 2,696,999,200 : 12%
2021-07-04 22:48:07 : 26,100,000 : 0 : 2,706,698,750 : 12%
2021-07-04 23:09:24 : 26,200,000 : 0 : 2,716,398,300 : 12%
2021-07-04 23:30:50 : 26,300,000 : 0 : 2,726,097,850 : 12%
2021-07-04 23:53:04 : 26,400,000 : 0 : 2,735,797,400 : 12%
2021-07-05 00:15:32 : 26,500,000 : 0 : 2,755,065,425 : 12%
2021-07-05 00:38:27 : 26,600,000 : 0 : 2,764,502,825 : 13%
2021-07-05 01:01:38 : 26,700,000 : 0 : 2,774,071,300 : 13%
2021-07-05 01:25:56 : 26,800,000 : 0 : 2,783,639,775 : 13%
2021-07-05 01:50:50 : 26,900,000 : 0 : 2,793,208,250 : 13%
2021-07-05 02:15:43 : 27,000,000 : 0 : 2,802,776,725 : 13%
2021-07-05 02:40:44 : 27,100,000 : 0 : 2,812,345,200 : 13%
2021-07-05 03:05:24 : 27,200,000 : 0 : 2,821,782,600 : 13%
2021-07-05 03:30:04 : 27,300,000 : 0 : 2,831,351,075 : 13%
2021-07-05 03:55:12 : 27,400,000 : 0 : 2,840,919,550 : 13%
2021-07-05 04:21:07 : 27,500,000 : 0 : 2,850,356,950 : 13%
2021-07-05 04:47:23 : 27,600,000 : 0 : 2,859,794,350 : 13%
2021-07-05 05:14:36 : 27,700,000 : 0 : 2,869,362,825 : 13%
2021-07-05 05:42:28 : 27,800,000 : 0 : 2,878,800,225 : 13%
2021-07-05 06:11:38 : 27,900,000 : 0 : 2,888,368,700 : 13%
2021-07-05 06:41:40 : 28,000,000 : 0 : 2,898,068,250 : 13%
2021-07-05 07:13:38 : 28,100,000 : 0 : 2,907,898,875 : 13%
2021-07-05 07:47:41 : 28,200,000 : 0 : 2,917,991,650 : 13%
2021-07-05 08:23:46 : 28,300,000 : 0 : 2,928,215,500 : 13%
2021-07-05 09:00:48 : 28,400,000 : 0 : 2,936,997,525 : 13%
2021-07-05 09:26:53 : 28,500,000 : 0 : 2,946,172,775 : 13%
2021-07-05 10:03:23 : 28,600,000 : 0 : 2,956,396,625 : 13%
2021-07-05 10:40:02 : 28,700,000 : 0 : 2,966,620,475 : 13%
2021-07-05 11:15:06 : 28,800,000 : 0 : 2,976,844,325 : 13%
2021-07-05 11:47:33 : 28,900,000 : 0 : 2,987,199,250 : 14%
2021-07-05 12:17:25 : 29,000,000 : 0 : 2,997,554,175 : 14%
2021-07-05 12:44:53 : 29,100,000 : 0 : 3,007,909,100 : 14%
2021-07-05 13:10:11 : 29,200,000 : 0 : 3,018,264,025 : 14%
2021-07-05 13:34:09 : 29,300,000 : 0 : 3,028,750,025 : 14%
2021-07-05 13:56:30 : 29,400,000 : 0 : 3,039,104,950 : 14%
2021-07-05 14:17:59 : 29,500,000 : 0 : 3,049,590,950 : 14%
2021-07-05 14:38:28 : 29,600,000 : 0 : 3,060,076,950 : 14%
2021-07-05 14:58:25 : 29,700,000 : 0 : 3,070,562,950 : 14%
2021-07-05 15:17:57 : 29,800,000 : 0 : 3,081,048,950 : 14%
2021-07-05 15:37:04 : 29,900,000 : 0 : 3,091,403,875 : 14%
2021-07-05 15:55:49 : 30,000,000 : 0 : 3,101,889,875 : 14%
2021-07-05 16:14:27 : 30,100,000 : 0 : 3,112,375,875 : 14%
2021-07-05 16:33:19 : 30,200,000 : 0 : 3,133,347,875 : 14%
2021-07-05 16:51:54 : 30,300,000 : 0 : 3,143,833,875 : 14%
2021-07-05 17:10:39 : 30,400,000 : 0 : 3,154,319,875 : 14%
2021-07-05 17:29:35 : 30,500,000 : 0 : 3,164,805,875 : 14%
2021-07-05 17:48:31 : 30,600,000 : 0 : 3,175,160,800 : 14%
2021-07-05 18:07:22 : 30,700,000 : 0 : 3,185,646,800 : 14%
2021-07-05 18:26:30 : 30,800,000 : 0 : 3,196,001,725 : 14%
2021-07-05 18:45:16 : 30,900,000 : 0 : 3,206,487,725 : 15%
2021-07-05 19:04:03 : 31,000,000 : 0 : 3,216,842,650 : 15%
2021-07-05 19:22:50 : 31,100,000 : 0 : 3,227,197,575 : 15%
2021-07-05 19:41:53 : 31,200,000 : 0 : 3,237,552,500 : 15%
2021-07-05 20:00:49 : 31,300,000 : 0 : 3,247,907,425 : 15%
2021-07-05 20:19:49 : 31,400,000 : 0 : 3,258,262,350 : 15%
2021-07-05 20:38:41 : 31,500,000 : 0 : 3,268,617,275 : 15%
2021-07-05 20:57:55 : 31,600,000 : 0 : 3,278,841,125 : 15%
2021-07-05 21:17:27 : 31,700,000 : 0 : 3,289,196,050 : 15%
2021-07-05 21:36:50 : 31,800,000 : 0 : 3,299,550,975 : 15%
2021-07-05 21:56:20 : 31,900,000 : 0 : 3,309,774,825 : 15%
2021-07-05 22:16:20 : 32,000,000 : 0 : 3,320,129,750 : 15%
2021-07-05 22:36:28 : 32,100,000 : 0 : 3,330,353,600 : 15%
2021-07-05 22:57:02 : 32,200,000 : 0 : 3,340,708,525 : 15%
2021-07-05 23:17:43 : 32,300,000 : 0 : 3,350,801,300 : 15%
2021-07-05 23:38:26 : 32,400,000 : 0 : 3,361,025,150 : 15%
2021-07-05 23:59:38 : 32,500,000 : 0 : 3,371,117,925 : 15%
2021-07-06 00:20:28 : 32,600,000 : 0 : 3,381,210,700 : 15%
2021-07-06 00:40:54 : 32,700,000 : 0 : 3,391,172,400 : 15%
2021-07-06 01:00:56 : 32,800,000 : 0 : 3,401,003,025 : 15%
2021-07-06 01:21:32 : 32,900,000 : 0 : 3,410,964,725 : 15%
2021-07-06 01:42:37 : 33,000,000 : 0 : 3,430,625,975 : 16%
2021-07-06 02:03:11 : 33,100,000 : 0 : 3,440,587,675 : 16%
2021-07-06 02:24:35 : 33,200,000 : 0 : 3,450,549,375 : 16%
2021-07-06 02:45:58 : 33,300,000 : 0 : 3,460,380,000 : 16%
2021-07-06 03:07:33 : 33,400,000 : 0 : 3,470,210,625 : 16%
2021-07-06 03:29:48 : 33,500,000 : 0 : 3,480,172,325 : 16%
2021-07-06 03:53:32 : 33,600,000 : 0 : 3,490,134,025 : 16%
2021-07-06 04:18:08 : 33,700,000 : 0 : 3,500,095,725 : 16%
2021-07-06 04:44:01 : 33,800,000 : 0 : 3,510,057,425 : 16%
2021-07-06 05:11:17 : 33,900,000 : 0 : 3,519,888,050 : 16%
2021-07-06 05:40:08 : 34,000,000 : 0 : 3,529,849,750 : 16%
2021-07-06 06:10:40 : 34,100,000 : 0 : 3,539,942,525 : 16%
2021-07-06 06:42:40 : 34,200,000 : 0 : 3,550,166,375 : 16%
2021-07-06 07:16:45 : 34,300,000 : 0 : 3,560,128,075 : 16%
2021-07-06 07:50:12 : 34,400,000 : 0 : 3,570,220,850 : 16%
2021-07-06 08:24:49 : 34,500,000 : 0 : 3,580,182,550 : 16%
2021-07-06 09:00:59 : 34,600,000 : 0 : 3,590,406,400 : 16%
2021-07-06 09:37:48 : 34,700,000 : 0 : 3,600,499,175 : 16%
2021-07-06 10:13:38 : 34,800,000 : 0 : 3,610,723,025 : 16%
2021-07-06 10:47:29 : 34,900,000 : 0 : 3,620,946,875 : 16%
2021-07-06 11:19:25 : 35,000,000 : 0 : 3,631,301,800 : 16%
2021-07-06 11:48:10 : 35,100,000 : 0 : 3,641,525,650 : 16%
2021-07-06 12:15:03 : 35,200,000 : 0 : 3,651,880,575 : 17%
2021-07-06 12:40:01 : 35,300,000 : 0 : 3,662,235,500 : 17%
2021-07-06 13:02:23 : 35,400,000 : 0 : 3,672,328,275 : 17%
2021-07-06 13:23:31 : 35,500,000 : 0 : 3,682,683,200 : 17%
2021-07-06 13:43:44 : 35,600,000 : 0 : 3,692,907,050 : 17%
2021-07-06 14:02:39 : 35,700,000 : 0 : 3,703,261,975 : 17%
2021-07-06 14:21:31 : 35,800,000 : 0 : 3,713,747,975 : 17%
2021-07-06 14:39:43 : 35,900,000 : 0 : 3,724,233,975 : 17%
2021-07-06 14:57:35 : 36,000,000 : 0 : 3,734,719,975 : 17%
2021-07-06 15:15:30 : 36,100,000 : 0 : 3,745,337,050 : 17%
2021-07-06 15:32:56 : 36,200,000 : 0 : 3,766,440,125 : 17%
2021-07-06 15:49:56 : 36,300,000 : 0 : 3,777,057,200 : 17%
2021-07-06 16:07:00 : 36,400,000 : 0 : 3,787,543,200 : 17%
2021-07-06 16:23:55 : 36,500,000 : 0 : 3,798,029,200 : 17%
2021-07-06 16:40:35 : 36,600,000 : 0 : 3,808,515,200 : 17%
2021-07-06 16:57:21 : 36,700,000 : 0 : 3,819,132,275 : 17%
2021-07-06 17:14:17 : 36,800,000 : 0 : 3,829,618,275 : 17%
2021-07-06 17:31:18 : 36,900,000 : 0 : 3,840,235,350 : 17%
2021-07-06 17:48:13 : 37,000,000 : 0 : 3,850,721,350 : 17%
2021-07-06 18:05:03 : 37,100,000 : 0 : 3,861,207,350 : 17%
2021-07-06 18:22:04 : 37,200,000 : 0 : 3,871,562,275 : 18%
2021-07-06 18:39:13 : 37,300,000 : 0 : 3,882,179,350 : 18%
2021-07-06 18:56:21 : 37,400,000 : 0 : 3,892,534,275 : 18%
2021-07-06 19:13:16 : 37,500,000 : 0 : 3,902,758,125 : 18%
2021-07-06 19:30:06 : 37,600,000 : 0 : 3,913,113,050 : 18%
2021-07-06 19:46:56 : 37,700,000 : 0 : 3,923,467,975 : 18%
2021-07-06 20:03:09 : 37,800,000 : 0 : 3,933,822,900 : 18%
2021-07-06 20:19:35 : 37,900,000 : 0 : 3,944,046,750 : 18%
2021-07-06 20:35:32 : 38,000,000 : 0 : 3,954,008,450 : 18%
2021-07-06 20:51:36 : 38,100,000 : 0 : 3,964,232,300 : 18%
2021-07-06 21:08:26 : 38,200,000 : 0 : 3,974,587,225 : 18%
2021-07-06 21:26:41 : 38,300,000 : 0 : 3,984,811,075 : 18%
2021-07-06 21:45:30 : 38,400,000 : 0 : 3,994,772,775 : 18%
2021-07-06 22:03:01 : 38,500,000 : 0 : 4,004,996,625 : 18%
2021-07-06 22:21:07 : 38,600,000 : 0 : 4,015,351,550 : 18%
2021-07-06 22:39:44 : 38,700,000 : 0 : 4,025,706,475 : 18%
2021-07-06 22:58:36 : 38,800,000 : 0 : 4,035,930,325 : 18%
2021-07-06 23:18:06 : 38,900,000 : 0 : 4,056,640,175 : 18%
2021-07-06 23:37:58 : 39,000,000 : 0 : 4,066,864,025 : 18%
2021-07-06 23:58:29 : 39,100,000 : 0 : 4,077,087,875 : 18%
2021-07-07 00:18:36 : 39,200,000 : 0 : 4,087,049,575 : 18%
2021-07-07 00:38:23 : 39,300,000 : 0 : 4,097,142,350 : 19%
2021-07-07 00:58:10 : 39,400,000 : 0 : 4,107,104,050 : 19%
2021-07-07 01:17:44 : 39,500,000 : 0 : 4,117,065,750 : 19%
2021-07-07 01:37:21 : 39,600,000 : 0 : 4,126,896,375 : 19%
2021-07-07 01:56:51 : 39,700,000 : 0 : 4,136,727,000 : 19%
2021-07-07 02:16:11 : 39,800,000 : 0 : 4,146,557,625 : 19%
2021-07-07 02:35:41 : 39,900,000 : 0 : 4,156,388,250 : 19%
2021-07-07 02:55:20 : 40,000,000 : 0 : 4,166,087,800 : 19%
2021-07-07 03:15:32 : 40,100,000 : 0 : 4,175,787,350 : 19%
2021-07-07 03:36:07 : 40,200,000 : 0 : 4,185,749,050 : 19%
2021-07-07 03:58:04 : 40,300,000 : 0 : 4,195,579,675 : 19%
2021-07-07 04:21:59 : 40,400,000 : 0 : 4,205,672,450 : 19%
2021-07-07 04:47:38 : 40,500,000 : 0 : 4,215,765,225 : 19%
2021-07-07 05:14:33 : 40,600,000 : 0 : 4,225,726,925 : 19%
2021-07-07 05:42:53 : 40,700,000 : 0 : 4,235,819,700 : 19%
2021-07-07 06:12:51 : 40,800,000 : 0 : 4,245,781,400 : 19%
2021-07-07 06:45:10 : 40,900,000 : 0 : 4,256,005,250 : 19%
2021-07-07 07:19:01 : 41,000,000 : 0 : 4,266,229,100 : 19%
2021-07-07 07:54:22 : 41,100,000 : 0 : 4,276,452,950 : 19%
2021-07-07 08:30:25 : 41,200,000 : 0 : 4,286,807,875 : 19%
2021-07-07 09:08:00 : 41,300,000 : 0 : 4,297,031,725 : 19%
2021-07-07 09:46:11 : 41,400,000 : 0 : 4,307,386,650 : 19%
2021-07-07 10:22:19 : 41,500,000 : 0 : 4,317,741,575 : 20%
2021-07-07 10:55:54 : 41,600,000 : 0 : 4,328,096,500 : 20%
2021-07-07 11:26:39 : 41,700,000 : 0 : 4,338,320,350 : 20%
2021-07-07 11:53:22 : 41,800,000 : 0 : 4,348,282,050 : 20%
2021-07-07 12:19:44 : 41,900,000 : 0 : 4,358,636,975 : 20%
2021-07-07 12:43:46 : 42,000,000 : 0 : 4,379,608,975 : 20%
2021-07-07 13:05:47 : 42,100,000 : 0 : 4,389,963,900 : 20%
2021-07-07 13:26:42 : 42,200,000 : 0 : 4,400,449,900 : 20%
2021-07-07 13:46:14 : 42,300,000 : 0 : 4,410,673,750 : 20%
2021-07-07 14:04:20 : 42,400,000 : 0 : 4,421,028,675 : 20%
2021-07-07 14:21:51 : 42,500,000 : 0 : 4,431,383,600 : 20%
2021-07-07 14:39:20 : 42,600,000 : 0 : 4,441,869,600 : 20%
2021-07-07 14:56:24 : 42,700,000 : 0 : 4,452,486,675 : 20%
2021-07-07 15:13:21 : 42,800,000 : 0 : 4,462,972,675 : 20%
2021-07-07 15:29:58 : 42,900,000 : 0 : 4,473,458,675 : 20%
2021-07-07 15:46:25 : 43,000,000 : 0 : 4,483,944,675 : 20%
2021-07-07 16:02:43 : 43,100,000 : 0 : 4,494,430,675 : 20%
2021-07-07 16:19:08 : 43,200,000 : 0 : 4,505,047,750 : 20%
2021-07-07 16:35:27 : 43,300,000 : 0 : 4,515,533,750 : 20%
2021-07-07 16:51:42 : 43,400,000 : 0 : 4,526,150,825 : 20%
2021-07-07 17:07:55 : 43,500,000 : 0 : 4,536,636,825 : 21%
2021-07-07 17:24:08 : 43,600,000 : 0 : 4,547,122,825 : 21%
2021-07-07 17:40:20 : 43,700,000 : 0 : 4,557,739,900 : 21%
2021-07-07 17:56:43 : 43,800,000 : 0 : 4,568,356,975 : 21%
2021-07-07 18:13:10 : 43,900,000 : 0 : 4,578,842,975 : 21%
2021-07-07 18:29:33 : 44,000,000 : 0 : 4,589,328,975 : 21%
2021-07-07 18:45:59 : 44,100,000 : 0 : 4,599,814,975 : 21%
2021-07-07 19:02:13 : 44,200,000 : 0 : 4,610,169,900 : 21%
2021-07-07 19:18:57 : 44,300,000 : 0 : 4,620,393,750 : 21%
2021-07-07 19:35:04 : 44,400,000 : 0 : 4,630,617,600 : 21%
2021-07-07 19:51:04 : 44,500,000 : 0 : 4,640,710,375 : 21%
2021-07-07 20:06:53 : 44,600,000 : 0 : 4,661,158,075 : 21%
2021-07-07 20:23:21 : 44,700,000 : 0 : 4,671,250,850 : 21%
2021-07-07 20:39:43 : 44,800,000 : 0 : 4,681,474,700 : 21%
2021-07-07 20:56:17 : 44,900,000 : 0 : 4,691,567,475 : 21%
2021-07-07 21:12:29 : 45,000,000 : 0 : 4,701,267,025 : 21%
2021-07-07 21:27:51 : 45,100,000 : 0 : 4,711,228,725 : 21%
2021-07-07 21:43:37 : 45,200,000 : 0 : 4,721,059,350 : 21%
2021-07-07 21:59:13 : 45,300,000 : 0 : 4,731,152,125 : 21%
2021-07-07 22:15:40 : 45,400,000 : 0 : 4,741,375,975 : 21%
2021-07-07 22:32:43 : 45,500,000 : 0 : 4,751,468,750 : 22%
2021-07-07 22:50:32 : 45,600,000 : 0 : 4,761,692,600 : 22%
2021-07-07 23:08:42 : 45,700,000 : 0 : 4,771,916,450 : 22%
2021-07-07 23:27:14 : 45,800,000 : 0 : 4,782,009,225 : 22%
2021-07-07 23:45:59 : 45,900,000 : 0 : 4,791,970,925 : 22%
2021-07-08 00:04:54 : 46,000,000 : 0 : 4,802,063,700 : 22%
2021-07-08 00:23:40 : 46,100,000 : 0 : 4,811,894,325 : 22%
2021-07-08 00:42:40 : 46,200,000 : 0 : 4,821,856,025 : 22%
2021-07-08 01:01:40 : 46,300,000 : 0 : 4,831,686,650 : 22%
2021-07-08 01:20:38 : 46,400,000 : 0 : 4,841,517,275 : 22%
2021-07-08 01:39:50 : 46,500,000 : 0 : 4,851,347,900 : 22%
2021-07-08 01:59:07 : 46,600,000 : 0 : 4,861,178,525 : 22%
2021-07-08 02:18:47 : 46,700,000 : 0 : 4,871,009,150 : 22%
2021-07-08 02:38:52 : 46,800,000 : 0 : 4,880,839,775 : 22%
2021-07-08 02:58:46 : 46,900,000 : 0 : 4,890,539,325 : 22%
2021-07-08 03:19:17 : 47,000,000 : 0 : 4,900,369,950 : 22%
2021-07-08 03:41:03 : 47,100,000 : 0 : 4,910,331,650 : 22%
2021-07-08 04:03:49 : 47,200,000 : 0 : 4,920,293,350 : 22%
2021-07-08 04:27:47 : 47,300,000 : 0 : 4,930,255,050 : 22%
2021-07-08 04:52:42 : 47,400,000 : 0 : 4,940,216,750 : 22%
2021-07-08 05:18:59 : 47,500,000 : 0 : 4,950,178,450 : 22%
2021-07-08 05:47:10 : 47,600,000 : 0 : 4,960,140,150 : 22%
2021-07-08 06:17:06 : 47,700,000 : 0 : 4,970,101,850 : 22%
2021-07-08 06:48:11 : 47,800,000 : 0 : 4,980,194,625 : 23%
2021-07-08 07:20:37 : 47,900,000 : 0 : 5,000,642,325 : 23%
2021-07-08 07:55:15 : 48,000,000 : 0 : 5,010,735,100 : 23%
2021-07-08 08:30:16 : 48,100,000 : 0 : 5,020,958,950 : 23%
2021-07-08 09:06:07 : 48,200,000 : 0 : 5,031,182,800 : 23%
2021-07-08 09:41:44 : 48,300,000 : 0 : 5,041,275,575 : 23%
2021-07-08 10:16:14 : 48,400,000 : 0 : 5,051,368,350 : 23%
2021-07-08 10:48:25 : 48,500,000 : 0 : 5,061,461,125 : 23%
2021-07-08 11:18:01 : 48,600,000 : 0 : 5,071,684,975 : 23%
2021-07-08 11:45:28 : 48,700,000 : 0 : 5,081,908,825 : 23%
2021-07-08 12:11:02 : 48,800,000 : 0 : 5,092,001,600 : 23%
2021-07-08 12:34:37 : 48,900,000 : 0 : 5,102,356,525 : 23%
2021-07-08 12:56:12 : 49,000,000 : 0 : 5,112,711,450 : 23%
2021-07-08 13:17:09 : 49,100,000 : 0 : 5,123,066,375 : 23%
2021-07-08 13:36:31 : 49,200,000 : 0 : 5,133,552,375 : 23%
2021-07-08 13:55:08 : 49,300,000 : 0 : 5,143,907,300 : 23%
2021-07-08 14:13:04 : 49,400,000 : 0 : 5,154,393,300 : 23%
2021-07-08 14:30:32 : 49,500,000 : 0 : 5,164,879,300 : 23%
2021-07-08 14:47:50 : 49,600,000 : 0 : 5,175,496,375 : 23%
2021-07-08 15:04:48 : 49,700,000 : 0 : 5,186,113,450 : 23%
2021-07-08 15:21:46 : 49,800,000 : 0 : 5,196,599,450 : 24%
2021-07-08 15:38:15 : 49,900,000 : 0 : 5,207,085,450 : 24%
2021-07-08 15:54:29 : 50,000,000 : 0 : 5,217,702,525 : 24%
2021-07-08 16:10:38 : 50,100,000 : 0 : 5,228,188,525 : 24%
2021-07-08 16:26:50 : 50,200,000 : 0 : 5,238,805,600 : 24%
2021-07-08 16:42:53 : 50,300,000 : 0 : 5,249,422,675 : 24%
2021-07-08 16:58:50 : 50,400,000 : 0 : 5,259,908,675 : 24%
2021-07-08 17:14:57 : 50,500,000 : 0 : 5,270,525,750 : 24%
2021-07-08 17:30:56 : 50,600,000 : 0 : 5,281,011,750 : 24%
2021-07-08 17:47:09 : 50,700,000 : 0 : 5,302,114,825 : 24%
2021-07-08 18:03:21 : 50,800,000 : 0 : 5,312,600,825 : 24%
2021-07-08 18:19:41 : 50,900,000 : 0 : 5,323,217,900 : 24%
2021-07-08 18:36:10 : 51,000,000 : 0 : 5,333,703,900 : 24%
2021-07-08 18:52:25 : 51,100,000 : 0 : 5,344,058,825 : 24%
2021-07-08 19:08:48 : 51,200,000 : 0 : 5,354,544,825 : 24%
2021-07-08 19:25:39 : 51,300,000 : 0 : 5,365,030,825 : 24%
2021-07-08 19:42:48 : 51,400,000 : 0 : 5,375,516,825 : 24%
2021-07-08 20:00:02 : 51,500,000 : 0 : 5,385,871,750 : 24%
2021-07-08 20:17:16 : 51,600,000 : 0 : 5,396,357,750 : 24%
2021-07-08 20:34:22 : 51,700,000 : 0 : 5,406,843,750 : 24%
2021-07-08 20:51:26 : 51,800,000 : 0 : 5,417,198,675 : 25%
2021-07-08 21:08:42 : 51,900,000 : 0 : 5,427,684,675 : 25%
2021-07-08 21:26:13 : 52,000,000 : 0 : 5,438,039,600 : 25%
2021-07-08 21:43:57 : 52,100,000 : 0 : 5,448,525,600 : 25%
2021-07-08 22:01:45 : 52,200,000 : 0 : 5,458,880,525 : 25%
2021-07-08 22:19:53 : 52,300,000 : 0 : 5,469,366,525 : 25%
2021-07-08 22:38:00 : 52,400,000 : 0 : 5,479,590,375 : 25%
2021-07-08 22:56:06 : 52,500,000 : 0 : 5,489,945,300 : 25%
2021-07-08 23:15:02 : 52,600,000 : 0 : 5,500,300,225 : 25%
2021-07-08 23:34:10 : 52,700,000 : 0 : 5,510,524,075 : 25%
2021-07-08 23:53:57 : 52,800,000 : 0 : 5,520,879,000 : 25%
2021-07-09 00:14:03 : 52,900,000 : 0 : 5,531,102,850 : 25%
2021-07-09 00:34:15 : 53,000,000 : 0 : 5,541,326,700 : 25%
2021-07-09 00:54:14 : 53,100,000 : 0 : 5,551,419,475 : 25%
2021-07-09 01:14:12 : 53,200,000 : 0 : 5,561,381,175 : 25%
2021-07-09 01:33:53 : 53,300,000 : 0 : 5,571,342,875 : 25%
2021-07-09 01:53:26 : 53,400,000 : 0 : 5,581,173,500 : 25%
2021-07-09 02:12:44 : 53,500,000 : 0 : 5,590,873,050 : 25%
2021-07-09 02:32:19 : 53,600,000 : 0 : 5,610,534,300 : 25%
2021-07-09 02:52:23 : 53,700,000 : 0 : 5,620,364,925 : 25%
2021-07-09 03:12:44 : 53,800,000 : 0 : 5,630,195,550 : 25%
2021-07-09 03:33:45 : 53,900,000 : 0 : 5,639,895,100 : 26%
2021-07-09 03:55:29 : 54,000,000 : 0 : 5,649,856,800 : 26%
2021-07-09 04:18:47 : 54,100,000 : 0 : 5,659,818,500 : 26%
2021-07-09 04:43:25 : 54,200,000 : 0 : 5,669,911,275 : 26%
2021-07-09 05:09:40 : 54,300,000 : 0 : 5,679,872,975 : 26%
2021-07-09 05:37:21 : 54,400,000 : 0 : 5,689,965,750 : 26%
2021-07-09 06:06:00 : 54,500,000 : 0 : 5,700,189,600 : 26%
2021-07-09 06:36:15 : 54,600,000 : 0 : 5,710,282,375 : 26%
2021-07-09 07:08:04 : 54,700,000 : 0 : 5,720,506,225 : 26%
2021-07-09 07:41:48 : 54,800,000 : 0 : 5,730,861,150 : 26%
2021-07-09 08:16:31 : 54,900,000 : 0 : 5,740,953,925 : 26%
2021-07-09 08:52:09 : 55,000,000 : 0 : 5,751,177,775 : 26%
2021-07-09 09:27:44 : 55,100,000 : 0 : 5,761,401,625 : 26%
2021-07-09 10:02:34 : 55,200,000 : 0 : 5,771,494,400 : 26%
2021-07-09 10:35:02 : 55,300,000 : 0 : 5,781,587,175 : 26%
2021-07-09 11:06:06 : 55,400,000 : 0 : 5,791,811,025 : 26%
2021-07-09 11:35:03 : 55,500,000 : 0 : 5,802,034,875 : 26%
2021-07-09 12:01:45 : 55,600,000 : 0 : 5,812,258,725 : 26%
2021-07-09 12:26:53 : 55,700,000 : 0 : 5,822,613,650 : 26%
2021-07-09 12:50:03 : 55,800,000 : 0 : 5,832,968,575 : 26%
2021-07-09 13:11:32 : 55,900,000 : 0 : 5,843,454,575 : 26%
2021-07-09 13:31:34 : 56,000,000 : 0 : 5,853,809,500 : 26%
2021-07-09 13:50:29 : 56,100,000 : 0 : 5,864,164,425 : 27%
2021-07-09 14:09:00 : 56,200,000 : 0 : 5,874,650,425 : 27%
2021-07-09 14:27:03 : 56,300,000 : 0 : 5,885,136,425 : 27%
2021-07-09 14:44:39 : 56,400,000 : 0 : 5,895,622,425 : 27%
2021-07-09 15:01:45 : 56,500,000 : 0 : 5,906,108,425 : 27%
2021-07-09 15:18:49 : 56,600,000 : 0 : 5,927,080,425 : 27%
2021-07-09 15:35:36 : 56,700,000 : 0 : 5,937,566,425 : 27%
2021-07-09 15:52:22 : 56,800,000 : 0 : 5,948,183,500 : 27%
2021-07-09 16:09:07 : 56,900,000 : 0 : 5,958,669,500 : 27%
2021-07-09 16:25:43 : 57,000,000 : 0 : 5,969,024,425 : 27%
2021-07-09 16:42:16 : 57,100,000 : 0 : 5,979,510,425 : 27%
2021-07-09 16:58:43 : 57,200,000 : 0 : 5,989,996,425 : 27%
2021-07-09 17:15:38 : 57,300,000 : 0 : 6,000,482,425 : 27%
2021-07-09 17:32:36 : 57,400,000 : 0 : 6,011,099,500 : 27%
2021-07-09 17:49:56 : 57,500,000 : 0 : 6,021,585,500 : 27%
2021-07-09 18:07:21 : 57,600,000 : 0 : 6,032,071,500 : 27%
2021-07-09 18:24:58 : 57,700,000 : 0 : 6,042,426,425 : 27%
2021-07-09 18:42:07 : 57,800,000 : 0 : 6,052,781,350 : 27%
2021-07-09 18:58:53 : 57,900,000 : 0 : 6,063,136,275 : 27%
2021-07-09 19:16:28 : 58,000,000 : 0 : 6,073,622,275 : 27%
2021-07-09 19:34:25 : 58,100,000 : 0 : 6,083,977,200 : 28%
2021-07-09 19:52:40 : 58,200,000 : 0 : 6,094,332,125 : 28%
2021-07-09 20:10:36 : 58,300,000 : 0 : 6,104,555,975 : 28%
2021-07-09 20:27:44 : 58,400,000 : 0 : 6,114,910,900 : 28%
2021-07-09 20:45:41 : 58,500,000 : 0 : 6,125,134,750 : 28%
2021-07-09 21:03:42 : 58,600,000 : 0 : 6,135,489,675 : 28%
2021-07-09 21:22:08 : 58,700,000 : 0 : 6,145,713,525 : 28%
2021-07-09 21:40:31 : 58,800,000 : 0 : 6,155,937,375 : 28%
2021-07-09 21:59:07 : 58,900,000 : 0 : 6,166,161,225 : 28%
2021-07-09 22:18:08 : 59,000,000 : 0 : 6,176,385,075 : 28%
2021-07-09 22:37:48 : 59,100,000 : 0 : 6,186,477,850 : 28%
2021-07-09 22:57:45 : 59,200,000 : 0 : 6,196,701,700 : 28%
2021-07-09 23:18:08 : 59,300,000 : 0 : 6,217,018,325 : 28%
2021-07-09 23:40:01 : 59,400,000 : 0 : 6,227,242,175 : 28%
2021-07-10 00:06:21 : 59,500,000 : 0 : 6,237,072,800 : 28%
2021-07-10 00:28:26 : 59,600,000 : 0 : 6,247,034,500 : 28%
2021-07-10 00:49:53 : 59,700,000 : 0 : 6,256,865,125 : 28%
2021-07-10 01:11:16 : 59,800,000 : 0 : 6,266,695,750 : 28%
2021-07-10 01:32:44 : 59,900,000 : 0 : 6,276,526,375 : 28%
2021-07-10 01:53:59 : 60,000,000 : 0 : 6,286,357,000 : 28%
2021-07-10 02:15:39 : 60,100,000 : 0 : 6,296,187,625 : 28%
2021-07-10 02:37:50 : 60,200,000 : 0 : 6,306,018,250 : 29%
2021-07-10 03:00:17 : 60,300,000 : 0 : 6,315,848,875 : 29%
2021-07-10 03:22:59 : 60,400,000 : 0 : 6,325,679,500 : 29%
2021-07-10 03:46:18 : 60,500,000 : 0 : 6,335,379,050 : 29%
2021-07-10 04:10:42 : 60,600,000 : 0 : 6,345,340,750 : 29%
2021-07-10 04:36:27 : 60,700,000 : 0 : 6,355,171,375 : 29%
2021-07-10 05:03:07 : 60,800,000 : 0 : 6,364,870,925 : 29%
2021-07-10 05:31:00 : 60,900,000 : 0 : 6,374,701,550 : 29%
2021-07-10 06:00:02 : 61,000,000 : 0 : 6,384,401,100 : 29%
2021-07-10 06:30:57 : 61,100,000 : 0 : 6,394,231,725 : 29%
2021-07-10 07:03:32 : 61,200,000 : 0 : 6,404,193,425 : 29%
2021-07-10 07:37:43 : 61,300,000 : 0 : 6,414,155,125 : 29%
2021-07-10 08:13:13 : 61,400,000 : 0 : 6,424,116,825 : 29%
2021-07-10 08:50:32 : 61,500,000 : 0 : 6,434,078,525 : 29%
2021-07-10 09:28:28 : 61,600,000 : 0 : 6,444,040,225 : 29%
2021-07-10 10:05:37 : 61,700,000 : 0 : 6,453,870,850 : 29%
2021-07-10 10:42:01 : 61,800,000 : 0 : 6,463,963,625 : 29%
2021-07-10 11:16:16 : 61,900,000 : 0 : 6,473,925,325 : 29%
2021-07-10 11:47:55 : 62,000,000 : 0 : 6,483,755,950 : 29%
2021-07-10 12:17:32 : 62,100,000 : 0 : 6,493,717,650 : 29%
2021-07-10 12:44:15 : 62,200,000 : 0 : 6,503,679,350 : 29%
2021-07-10 13:08:49 : 62,300,000 : 0 : 6,513,641,050 : 29%
2021-07-10 13:31:59 : 62,400,000 : 0 : 6,523,602,750 : 30%
2021-07-10 13:53:51 : 62,500,000 : 0 : 6,533,433,375 : 30%
2021-07-10 14:14:30 : 62,600,000 : 0 : 6,543,132,925 : 30%
2021-07-10 14:34:01 : 62,700,000 : 0 : 6,552,832,475 : 30%
2021-07-10 14:53:00 : 62,800,000 : 0 : 6,562,663,100 : 30%
2021-07-10 15:11:41 : 62,900,000 : 0 : 6,581,931,125 : 30%
2021-07-10 15:29:47 : 63,000,000 : 0 : 6,591,499,600 : 30%
2021-07-10 15:47:25 : 63,100,000 : 0 : 6,601,068,075 : 30%
2021-07-10 16:04:48 : 63,200,000 : 0 : 6,610,505,475 : 30%
2021-07-10 16:21:56 : 63,300,000 : 0 : 6,620,073,950 : 30%
2021-07-10 16:38:49 : 63,400,000 : 0 : 6,629,642,425 : 30%
2021-07-10 16:55:52 : 63,500,000 : 0 : 6,639,866,275 : 30%
2021-07-10 17:15:07 : 63,600,000 : 0 : 6,650,090,125 : 30%
2021-07-10 17:34:15 : 63,700,000 : 0 : 6,660,445,050 : 30%
2021-07-10 17:53:20 : 63,800,000 : 0 : 6,670,668,900 : 30%
2021-07-10 18:12:39 : 63,900,000 : 0 : 6,680,892,750 : 30%
2021-07-10 18:32:18 : 64,000,000 : 0 : 6,691,116,600 : 30%
2021-07-10 18:51:40 : 64,100,000 : 0 : 6,701,340,450 : 30%
2021-07-10 19:11:21 : 64,200,000 : 0 : 6,711,564,300 : 30%
2021-07-10 19:31:21 : 64,300,000 : 0 : 6,721,788,150 : 30%
2021-07-10 19:51:48 : 64,400,000 : 0 : 6,732,012,000 : 30%
2021-07-10 20:13:05 : 64,500,000 : 0 : 6,742,235,850 : 31%
2021-07-10 20:33:54 : 64,600,000 : 0 : 6,752,459,700 : 31%
2021-07-10 20:54:02 : 64,700,000 : 0 : 6,762,552,475 : 31%
2021-07-10 21:14:08 : 64,800,000 : 0 : 6,772,514,175 : 31%
2021-07-10 21:33:44 : 64,900,000 : 0 : 6,782,475,875 : 31%
2021-07-10 21:53:35 : 65,000,000 : 0 : 6,792,437,575 : 31%
2021-07-10 22:13:25 : 65,100,000 : 0 : 6,802,399,275 : 31%
2021-07-10 22:33:40 : 65,200,000 : 0 : 6,812,360,975 : 31%
2021-07-10 22:54:38 : 65,300,000 : 0 : 6,822,322,675 : 31%
2021-07-10 23:16:01 : 65,400,000 : 0 : 6,832,415,450 : 31%
2021-07-10 23:37:04 : 65,500,000 : 0 : 6,842,246,075 : 31%
2021-07-10 23:58:28 : 65,600,000 : 0 : 6,852,076,700 : 31%
2021-07-11 00:20:04 : 65,700,000 : 0 : 6,861,907,325 : 31%
2021-07-11 00:41:51 : 65,800,000 : 0 : 6,871,737,950 : 31%
2021-07-11 01:02:52 : 65,900,000 : 0 : 6,881,437,500 : 31%
2021-07-11 01:24:24 : 66,000,000 : 0 : 6,891,137,050 : 31%
2021-07-11 01:45:34 : 66,100,000 : 0 : 6,900,705,525 : 31%
2021-07-11 02:06:13 : 66,200,000 : 0 : 6,910,142,925 : 31%
2021-07-11 02:27:20 : 66,300,000 : 0 : 6,919,711,400 : 31%
2021-07-11 02:48:06 : 66,400,000 : 0 : 6,929,148,800 : 31%
2021-07-11 03:10:12 : 66,500,000 : 0 : 6,948,416,825 : 31%
2021-07-11 03:32:33 : 66,600,000 : 0 : 6,958,116,375 : 31%
2021-07-11 03:56:20 : 66,700,000 : 0 : 6,967,684,850 : 32%
2021-07-11 04:19:58 : 66,800,000 : 0 : 6,976,991,175 : 32%
2021-07-11 04:43:24 : 66,900,000 : 0 : 6,986,559,650 : 32%
2021-07-11 05:07:43 : 67,000,000 : 0 : 6,996,128,125 : 32%
2021-07-11 05:34:31 : 67,100,000 : 0 : 7,005,958,750 : 32%
2021-07-11 06:03:43 : 67,200,000 : 0 : 7,015,789,375 : 32%
2021-07-11 06:34:54 : 67,300,000 : 0 : 7,025,620,000 : 32%
2021-07-11 07:07:43 : 67,400,000 : 0 : 7,035,581,700 : 32%
2021-07-11 07:42:30 : 67,500,000 : 0 : 7,045,543,400 : 32%
2021-07-11 08:18:44 : 67,600,000 : 0 : 7,055,636,175 : 32%
2021-07-11 08:55:50 : 67,700,000 : 0 : 7,065,728,950 : 32%
2021-07-11 09:33:35 : 67,800,000 : 0 : 7,075,559,575 : 32%
2021-07-11 10:11:12 : 67,900,000 : 0 : 7,085,390,200 : 32%
2021-07-11 10:47:50 : 68,000,000 : 0 : 7,095,089,750 : 32%
2021-07-11 11:23:02 : 68,100,000 : 0 : 7,104,789,300 : 32%
2021-07-11 11:55:20 : 68,200,000 : 0 : 7,114,619,925 : 32%
2021-07-11 12:25:22 : 68,300,000 : 0 : 7,124,581,625 : 32%
2021-07-11 12:52:40 : 68,400,000 : 0 : 7,134,543,325 : 32%
2021-07-11 13:18:06 : 68,500,000 : 0 : 7,144,767,175 : 32%
2021-07-11 13:41:45 : 68,600,000 : 0 : 7,154,991,025 : 32%
2021-07-11 14:03:51 : 68,700,000 : 0 : 7,165,214,875 : 32%
2021-07-11 14:24:58 : 68,800,000 : 0 : 7,175,438,725 : 32%
2021-07-11 14:45:05 : 68,900,000 : 0 : 7,185,662,575 : 33%
2021-07-11 15:04:49 : 69,000,000 : 0 : 7,195,755,350 : 33%
2021-07-11 15:24:13 : 69,100,000 : 0 : 7,206,110,275 : 33%
2021-07-11 15:43:22 : 69,200,000 : 0 : 7,216,334,125 : 33%
2021-07-11 16:01:47 : 69,300,000 : 0 : 7,226,557,975 : 33%
2021-07-11 16:20:26 : 69,400,000 : 0 : 7,236,781,825 : 33%
2021-07-11 16:39:26 : 69,500,000 : 0 : 7,257,491,675 : 33%
2021-07-11 16:57:58 : 69,600,000 : 0 : 7,267,977,675 : 33%
2021-07-11 17:16:45 : 69,700,000 : 0 : 7,278,332,600 : 33%
2021-07-11 17:35:15 : 69,800,000 : 0 : 7,288,556,450 : 33%
2021-07-11 17:53:49 : 69,900,000 : 0 : 7,298,780,300 : 33%
2021-07-11 18:12:32 : 70,000,000 : 0 : 7,309,004,150 : 33%
2021-07-11 18:31:13 : 70,100,000 : 0 : 7,319,228,000 : 33%
2021-07-11 18:49:49 : 70,200,000 : 0 : 7,329,189,700 : 33%
2021-07-11 19:08:15 : 70,300,000 : 0 : 7,339,151,400 : 33%
2021-07-11 19:27:13 : 70,400,000 : 0 : 7,349,113,100 : 33%
2021-07-11 19:45:41 : 70,500,000 : 0 : 7,359,074,800 : 33%
2021-07-11 20:03:33 : 70,600,000 : 0 : 7,368,905,425 : 33%
2021-07-11 20:21:40 : 70,700,000 : 0 : 7,378,604,975 : 33%
2021-07-11 20:39:47 : 70,800,000 : 0 : 7,388,304,525 : 33%
2021-07-11 20:57:41 : 70,900,000 : 0 : 7,397,873,000 : 33%
2021-07-11 21:14:47 : 71,000,000 : 0 : 7,407,572,550 : 34%
2021-07-11 21:32:55 : 71,100,000 : 0 : 7,417,272,100 : 34%
2021-07-11 21:50:59 : 71,200,000 : 0 : 7,426,054,125 : 34%
2021-07-11 22:05:26 : 71,300,000 : 0 : 7,435,098,300 : 34%
2021-07-11 22:21:23 : 71,400,000 : 0 : 7,444,666,775 : 34%
2021-07-11 22:38:06 : 71,500,000 : 0 : 7,454,235,250 : 34%
2021-07-11 22:55:32 : 71,600,000 : 0 : 7,464,065,875 : 34%
2021-07-11 23:13:56 : 71,700,000 : 0 : 7,473,896,500 : 34%
2021-07-11 23:32:48 : 71,800,000 : 0 : 7,483,727,125 : 34%
2021-07-11 23:52:31 : 71,900,000 : 0 : 7,493,688,825 : 34%
2021-07-12 00:12:34 : 72,000,000 : 0 : 7,503,650,525 : 34%
2021-07-12 00:32:44 : 72,100,000 : 0 : 7,513,481,150 : 34%
2021-07-12 00:52:30 : 72,200,000 : 0 : 7,523,311,775 : 34%
2021-07-12 01:12:35 : 72,300,000 : 0 : 7,533,011,325 : 34%
2021-07-12 01:33:11 : 72,400,000 : 0 : 7,542,973,025 : 34%
2021-07-12 01:53:44 : 72,500,000 : 0 : 7,552,672,575 : 34%
2021-07-12 02:13:56 : 72,600,000 : 0 : 7,562,372,125 : 34%
2021-07-12 02:34:17 : 72,700,000 : 0 : 7,572,202,750 : 34%
2021-07-12 02:55:29 : 72,800,000 : 0 : 7,582,033,375 : 34%
2021-07-12 03:17:48 : 72,900,000 : 0 : 7,591,864,000 : 34%
2021-07-12 03:40:56 : 73,000,000 : 0 : 7,601,825,700 : 34%
2021-07-12 04:04:40 : 73,100,000 : 0 : 7,621,486,950 : 34%
2021-07-12 04:29:46 : 73,200,000 : 0 : 7,631,448,650 : 35%
2021-07-12 04:56:34 : 73,300,000 : 0 : 7,641,410,350 : 35%
2021-07-12 05:24:48 : 73,400,000 : 0 : 7,651,372,050 : 35%
2021-07-12 05:54:29 : 73,500,000 : 0 : 7,661,202,675 : 35%
2021-07-12 06:25:59 : 73,600,000 : 0 : 7,671,164,375 : 35%
2021-07-12 06:58:30 : 73,700,000 : 0 : 7,681,126,075 : 35%
2021-07-12 07:32:20 : 73,800,000 : 0 : 7,691,087,775 : 35%
2021-07-12 08:07:36 : 73,900,000 : 0 : 7,701,180,550 : 35%
2021-07-12 08:43:46 : 74,000,000 : 0 : 7,711,273,325 : 35%
2021-07-12 09:20:19 : 74,100,000 : 0 : 7,721,366,100 : 35%
2021-07-12 09:55:56 : 74,200,000 : 0 : 7,731,327,800 : 35%
2021-07-12 10:29:42 : 74,300,000 : 0 : 7,741,289,500 : 35%
2021-07-12 11:01:06 : 74,400,000 : 0 : 7,751,251,200 : 35%
2021-07-12 11:30:22 : 74,500,000 : 0 : 7,761,343,975 : 35%
2021-07-12 11:57:13 : 74,600,000 : 0 : 7,771,305,675 : 35%
2021-07-12 12:22:22 : 74,700,000 : 0 : 7,781,529,525 : 35%
2021-07-12 12:45:33 : 74,800,000 : 0 : 7,791,491,225 : 35%
2021-07-12 13:07:18 : 74,900,000 : 0 : 7,801,715,075 : 35%
2021-07-12 13:27:40 : 75,000,000 : 0 : 7,811,807,850 : 35%
2021-07-12 13:46:33 : 75,100,000 : 0 : 7,821,638,475 : 35%
2021-07-12 14:05:01 : 75,200,000 : 0 : 7,831,993,400 : 35%
2021-07-12 14:23:34 : 75,300,000 : 0 : 7,842,479,400 : 35%
2021-07-12 14:41:41 : 75,400,000 : 0 : 7,852,834,325 : 36%
2021-07-12 14:59:16 : 75,500,000 : 0 : 7,863,451,400 : 36%
2021-07-12 15:16:54 : 75,600,000 : 0 : 7,873,937,400 : 36%
2021-07-12 15:34:07 : 75,700,000 : 0 : 7,884,423,400 : 36%
2021-07-12 15:52:29 : 75,800,000 : 0 : 7,894,909,400 : 36%
2021-07-12 16:11:33 : 75,900,000 : 0 : 7,905,395,400 : 36%
2021-07-12 16:17:35 : 76,000,000 : 0 : 7,912,866,675 : 36%
2021-07-12 16:34:02 : 76,100,000 : 0 : 7,923,483,750 : 36%
2021-07-12 16:51:08 : 76,200,000 : 0 : 7,934,100,825 : 36%
2021-07-12 17:07:30 : 76,300,000 : 0 : 7,944,586,825 : 36%
2021-07-12 17:24:07 : 76,400,000 : 0 : 7,955,072,825 : 36%
2021-07-12 17:40:41 : 76,500,000 : 0 : 7,965,558,825 : 36%
2021-07-12 17:57:10 : 76,600,000 : 0 : 7,986,399,750 : 36%
2021-07-12 18:13:42 : 76,700,000 : 0 : 7,996,885,750 : 36%
2021-07-12 18:30:19 : 76,800,000 : 0 : 8,007,371,750 : 36%
2021-07-12 18:46:59 : 76,900,000 : 0 : 8,017,726,675 : 36%
2021-07-12 19:03:51 : 77,000,000 : 0 : 8,028,343,750 : 36%
2021-07-12 19:23:37 : 77,100,000 : 0 : 8,038,698,675 : 36%
2021-07-12 19:41:55 : 77,200,000 : 0 : 8,049,184,675 : 36%
2021-07-12 19:59:11 : 77,300,000 : 0 : 8,059,539,600 : 36%
2021-07-12 20:16:38 : 77,400,000 : 0 : 8,069,894,525 : 37%
2021-07-12 20:33:24 : 77,500,000 : 0 : 8,080,118,375 : 37%
2021-07-12 20:50:08 : 77,600,000 : 0 : 8,090,473,300 : 37%
2021-07-12 21:07:14 : 77,700,000 : 0 : 8,100,828,225 : 37%
2021-07-12 21:24:28 : 77,800,000 : 0 : 8,111,183,150 : 37%
2021-07-12 21:42:06 : 77,900,000 : 0 : 8,121,538,075 : 37%
2021-07-12 21:59:44 : 78,000,000 : 0 : 8,131,893,000 : 37%
2021-07-12 22:17:50 : 78,100,000 : 0 : 8,142,116,850 : 37%
2021-07-12 22:36:03 : 78,200,000 : 0 : 8,152,471,775 : 37%
2021-07-12 22:54:49 : 78,300,000 : 0 : 8,162,826,700 : 37%
2021-07-12 23:13:53 : 78,400,000 : 0 : 8,173,050,550 : 37%
2021-07-12 23:33:18 : 78,500,000 : 0 : 8,183,274,400 : 37%
2021-07-12 23:53:08 : 78,600,000 : 0 : 8,193,498,250 : 37%
2021-07-13 00:13:02 : 78,700,000 : 0 : 8,203,591,025 : 37%
2021-07-13 00:32:32 : 78,800,000 : 0 : 8,213,552,725 : 37%
2021-07-13 00:51:59 : 78,900,000 : 0 : 8,223,514,425 : 37%
2021-07-13 01:11:40 : 79,000,000 : 0 : 8,233,345,050 : 37%
2021-07-13 01:31:07 : 79,100,000 : 0 : 8,243,175,675 : 37%
2021-07-13 01:50:07 : 79,200,000 : 0 : 8,252,875,225 : 37%
2021-07-13 02:09:45 : 79,300,000 : 0 : 8,262,836,925 : 37%
2021-07-13 02:30:13 : 79,400,000 : 0 : 8,272,798,625 : 37%
2021-07-13 02:51:13 : 79,500,000 : 0 : 8,292,853,100 : 38%
2021-07-13 03:12:31 : 79,600,000 : 0 : 8,302,814,800 : 38%
2021-07-13 03:34:31 : 79,700,000 : 0 : 8,312,645,425 : 38%
2021-07-13 03:57:15 : 79,800,000 : 0 : 8,322,738,200 : 38%
2021-07-13 04:21:18 : 79,900,000 : 0 : 8,332,699,900 : 38%
2021-07-13 04:46:50 : 80,000,000 : 0 : 8,342,792,675 : 38%
2021-07-13 05:14:01 : 80,100,000 : 0 : 8,352,754,375 : 38%
2021-07-13 05:42:02 : 80,200,000 : 0 : 8,362,585,000 : 38%
2021-07-13 06:11:22 : 80,300,000 : 0 : 8,372,677,775 : 38%
2021-07-13 06:42:17 : 80,400,000 : 0 : 8,382,770,550 : 38%
2021-07-13 07:14:44 : 80,500,000 : 0 : 8,392,994,400 : 38%
2021-07-13 07:49:03 : 80,600,000 : 0 : 8,403,218,250 : 38%
2021-07-13 08:24:09 : 80,700,000 : 0 : 8,413,442,100 : 38%
2021-07-13 09:00:43 : 80,800,000 : 0 : 8,423,665,950 : 38%
2021-07-13 09:37:11 : 80,900,000 : 0 : 8,433,889,800 : 38%
2021-07-13 10:12:22 : 81,000,000 : 0 : 8,444,244,725 : 38%
2021-07-13 10:45:46 : 81,100,000 : 0 : 8,454,468,575 : 38%
2021-07-13 11:16:47 : 81,200,000 : 0 : 8,464,692,425 : 38%
2021-07-13 11:45:16 : 81,300,000 : 0 : 8,475,047,350 : 38%
2021-07-13 12:11:21 : 81,400,000 : 0 : 8,485,533,350 : 38%
2021-07-13 12:35:21 : 81,500,000 : 0 : 8,495,888,275 : 38%
2021-07-13 12:57:35 : 81,600,000 : 0 : 8,506,374,275 : 39%
2021-07-13 13:18:42 : 81,700,000 : 0 : 8,516,729,200 : 39%
2021-07-13 13:38:28 : 81,800,000 : 0 : 8,527,215,200 : 39%
2021-07-13 13:57:17 : 81,900,000 : 0 : 8,537,570,125 : 39%
2021-07-13 14:15:34 : 82,000,000 : 0 : 8,548,056,125 : 39%
2021-07-13 14:33:09 : 82,100,000 : 0 : 8,558,542,125 : 39%
2021-07-13 14:50:21 : 82,200,000 : 0 : 8,569,028,125 : 39%
2021-07-13 15:07:23 : 82,300,000 : 0 : 8,579,514,125 : 39%
2021-07-13 15:24:04 : 82,400,000 : 0 : 8,600,617,200 : 39%
2021-07-13 15:40:37 : 82,500,000 : 0 : 8,611,103,200 : 39%
2021-07-13 15:56:58 : 82,600,000 : 0 : 8,621,720,275 : 39%
2021-07-13 16:13:20 : 82,700,000 : 0 : 8,632,206,275 : 39%
2021-07-13 16:29:31 : 82,800,000 : 0 : 8,642,692,275 : 39%
2021-07-13 16:45:48 : 82,900,000 : 0 : 8,653,309,350 : 39%
2021-07-13 17:02:00 : 83,000,000 : 0 : 8,663,926,425 : 39%
2021-07-13 17:18:25 : 83,100,000 : 0 : 8,674,412,425 : 39%
2021-07-13 17:34:44 : 83,200,000 : 0 : 8,684,898,425 : 39%
2021-07-13 17:51:18 : 83,300,000 : 0 : 8,695,515,500 : 39%
2021-07-13 18:07:43 : 83,400,000 : 0 : 8,706,001,500 : 39%
2021-07-13 18:24:06 : 83,500,000 : 0 : 8,716,487,500 : 39%
2021-07-13 18:40:31 : 83,600,000 : 0 : 8,727,104,575 : 40%
2021-07-13 18:57:19 : 83,700,000 : 0 : 8,737,590,575 : 40%
2021-07-13 19:14:01 : 83,800,000 : 0 : 8,748,076,575 : 40%
2021-07-13 19:30:43 : 83,900,000 : 0 : 8,758,431,500 : 40%
2021-07-13 19:47:32 : 84,000,000 : 0 : 8,768,917,500 : 40%
2021-07-13 20:04:15 : 84,100,000 : 0 : 8,779,403,500 : 40%
2021-07-13 20:20:52 : 84,200,000 : 0 : 8,789,758,425 : 40%
2021-07-13 20:37:27 : 84,300,000 : 0 : 8,800,244,425 : 40%
2021-07-13 20:54:08 : 84,400,000 : 0 : 8,810,730,425 : 40%
2021-07-13 21:11:14 : 84,500,000 : 0 : 8,821,085,350 : 40%
2021-07-13 21:28:53 : 84,600,000 : 0 : 8,831,571,350 : 40%
2021-07-13 21:46:21 : 84,700,000 : 0 : 8,841,926,275 : 40%
2021-07-13 22:04:05 : 84,800,000 : 0 : 8,852,412,275 : 40%
2021-07-13 22:22:25 : 84,900,000 : 0 : 8,862,767,200 : 40%
2021-07-13 22:40:52 : 85,000,000 : 0 : 8,883,477,050 : 40%
2021-07-13 22:59:56 : 85,100,000 : 0 : 8,893,831,975 : 40%
2021-07-13 23:19:16 : 85,200,000 : 0 : 8,904,055,825 : 40%
2021-07-13 23:38:54 : 85,300,000 : 0 : 8,914,279,675 : 40%
2021-07-13 23:58:32 : 85,400,000 : 0 : 8,924,503,525 : 40%
2021-07-14 00:18:20 : 85,500,000 : 0 : 8,934,596,300 : 40%
2021-07-14 00:37:40 : 85,600,000 : 0 : 8,944,558,000 : 40%
2021-07-14 00:56:57 : 85,700,000 : 0 : 8,954,519,700 : 41%
2021-07-14 01:16:12 : 85,800,000 : 0 : 8,964,481,400 : 41%
2021-07-14 01:35:53 : 85,900,000 : 0 : 8,974,443,100 : 41%
2021-07-14 01:55:38 : 86,000,000 : 0 : 8,984,404,800 : 41%
2021-07-14 02:15:41 : 86,100,000 : 0 : 8,994,366,500 : 41%
2021-07-14 02:36:11 : 86,200,000 : 0 : 9,004,459,275 : 41%
2021-07-14 02:57:04 : 86,300,000 : 0 : 9,014,420,975 : 41%
2021-07-14 03:18:22 : 86,400,000 : 0 : 9,024,382,675 : 41%
2021-07-14 03:40:43 : 86,500,000 : 0 : 9,034,475,450 : 41%
2021-07-14 04:03:44 : 86,600,000 : 0 : 9,044,437,150 : 41%
2021-07-14 04:28:05 : 86,700,000 : 0 : 9,054,398,850 : 41%
2021-07-14 04:53:29 : 86,800,000 : 0 : 9,064,360,550 : 41%
2021-07-14 05:20:38 : 86,900,000 : 0 : 9,074,322,250 : 41%
2021-07-14 05:49:03 : 87,000,000 : 0 : 9,084,415,025 : 41%
2021-07-14 06:19:26 : 87,100,000 : 0 : 9,094,507,800 : 41%
2021-07-14 06:50:51 : 87,200,000 : 0 : 9,104,600,575 : 41%
2021-07-14 07:24:21 : 87,300,000 : 0 : 9,114,693,350 : 41%
2021-07-14 07:57:55 : 87,400,000 : 0 : 9,124,786,125 : 41%
2021-07-14 08:31:44 : 87,500,000 : 0 : 9,135,009,975 : 41%
2021-07-14 09:07:19 : 87,600,000 : 0 : 9,145,233,825 : 41%
2021-07-14 09:42:20 : 87,700,000 : 0 : 9,155,457,675 : 41%
2021-07-14 10:16:03 : 87,800,000 : 0 : 9,165,681,525 : 41%
2021-07-14 10:47:51 : 87,900,000 : 0 : 9,175,774,300 : 42%
2021-07-14 11:17:39 : 88,000,000 : 0 : 9,185,998,150 : 42%
2021-07-14 11:44:47 : 88,100,000 : 0 : 9,206,314,775 : 42%
2021-07-14 12:10:10 : 88,200,000 : 0 : 9,216,538,625 : 42%
2021-07-14 12:33:40 : 88,300,000 : 0 : 9,226,893,550 : 42%
2021-07-14 12:55:35 : 88,400,000 : 0 : 9,237,248,475 : 42%
2021-07-14 13:16:28 : 88,500,000 : 0 : 9,247,734,475 : 42%
2021-07-14 13:36:16 : 88,600,000 : 0 : 9,258,220,475 : 42%
2021-07-14 13:55:12 : 88,700,000 : 0 : 9,268,706,475 : 42%
2021-07-14 14:13:18 : 88,800,000 : 0 : 9,279,192,475 : 42%
2021-07-14 14:30:48 : 88,900,000 : 0 : 9,289,678,475 : 42%
2021-07-14 14:47:58 : 89,000,000 : 0 : 9,300,164,475 : 42%
2021-07-14 15:04:52 : 89,100,000 : 0 : 9,310,650,475 : 42%
2021-07-14 15:21:26 : 89,200,000 : 0 : 9,321,136,475 : 42%
2021-07-14 15:37:41 : 89,300,000 : 0 : 9,331,622,475 : 42%
2021-07-14 15:53:38 : 89,400,000 : 0 : 9,341,977,400 : 42%
2021-07-14 16:09:38 : 89,500,000 : 0 : 9,352,463,400 : 42%
2021-07-14 16:25:40 : 89,600,000 : 0 : 9,363,080,475 : 42%
2021-07-14 16:41:43 : 89,700,000 : 0 : 9,373,566,475 : 42%
2021-07-14 16:57:46 : 89,800,000 : 0 : 9,384,052,475 : 42%
2021-07-14 17:13:54 : 89,900,000 : 0 : 9,394,669,550 : 43%
2021-07-14 17:30:15 : 90,000,000 : 0 : 9,405,155,550 : 43%
2021-07-14 17:46:23 : 90,100,000 : 0 : 9,415,641,550 : 43%
2021-07-14 18:02:42 : 90,200,000 : 0 : 9,426,258,625 : 43%
2021-07-14 18:19:09 : 90,300,000 : 0 : 9,436,744,625 : 43%
2021-07-14 18:35:33 : 90,400,000 : 0 : 9,447,230,625 : 43%
2021-07-14 18:52:01 : 90,500,000 : 0 : 9,457,585,550 : 43%
2021-07-14 19:09:00 : 90,600,000 : 0 : 9,468,071,550 : 43%
2021-07-14 19:26:16 : 90,700,000 : 0 : 9,478,557,550 : 43%
2021-07-14 19:43:02 : 90,800,000 : 0 : 9,499,267,400 : 43%
2021-07-14 19:59:06 : 90,900,000 : 0 : 9,509,622,325 : 43%
2021-07-14 20:15:22 : 91,000,000 : 0 : 9,519,977,250 : 43%
2021-07-14 20:31:50 : 91,100,000 : 0 : 9,530,332,175 : 43%
2021-07-14 20:48:28 : 91,200,000 : 0 : 9,540,818,175 : 43%
2021-07-14 21:05:08 : 91,300,000 : 0 : 9,551,173,100 : 43%
2021-07-14 21:22:12 : 91,400,000 : 0 : 9,561,528,025 : 43%
2021-07-14 21:39:23 : 91,500,000 : 0 : 9,571,882,950 : 43%
2021-07-14 21:56:59 : 91,600,000 : 0 : 9,582,237,875 : 43%
2021-07-14 22:14:49 : 91,700,000 : 0 : 9,592,461,725 : 43%
2021-07-14 22:33:12 : 91,800,000 : 0 : 9,602,816,650 : 43%
2021-07-14 22:51:40 : 91,900,000 : 0 : 9,613,171,575 : 44%
2021-07-14 23:10:23 : 92,000,000 : 0 : 9,623,395,425 : 44%
2021-07-14 23:29:35 : 92,100,000 : 0 : 9,633,619,275 : 44%
2021-07-14 23:48:59 : 92,200,000 : 0 : 9,643,974,200 : 44%
2021-07-15 00:08:35 : 92,300,000 : 0 : 9,654,066,975 : 44%
2021-07-15 00:28:04 : 92,400,000 : 0 : 9,664,159,750 : 44%
2021-07-15 00:47:27 : 92,500,000 : 0 : 9,674,121,450 : 44%
2021-07-15 01:06:45 : 92,600,000 : 0 : 9,684,214,225 : 44%
2021-07-15 01:26:21 : 92,700,000 : 0 : 9,694,044,850 : 44%
2021-07-15 01:45:13 : 92,800,000 : 0 : 9,704,006,550 : 44%
2021-07-15 02:04:23 : 92,900,000 : 0 : 9,713,837,175 : 44%
2021-07-15 02:24:02 : 93,000,000 : 0 : 9,723,929,950 : 44%
2021-07-15 02:43:20 : 93,100,000 : 0 : 9,733,760,575 : 44%
2021-07-15 03:03:08 : 93,200,000 : 0 : 9,743,460,125 : 44%
2021-07-15 03:22:25 : 93,300,000 : 0 : 9,753,028,600 : 44%
2021-07-15 03:40:54 : 93,400,000 : 0 : 9,762,597,075 : 44%
2021-07-15 04:02:20 : 93,500,000 : 0 : 9,772,427,700 : 44%
2021-07-15 04:24:53 : 93,600,000 : 0 : 9,782,389,400 : 44%
2021-07-15 04:48:39 : 93,700,000 : 0 : 9,792,351,100 : 44%
2021-07-15 05:13:48 : 93,800,000 : 0 : 9,802,443,875 : 44%
2021-07-15 05:40:16 : 93,900,000 : 0 : 9,812,405,575 : 44%
2021-07-15 06:07:55 : 94,000,000 : 0 : 9,822,498,350 : 44%
2021-07-15 06:36:47 : 94,100,000 : 0 : 9,842,814,975 : 45%
2021-07-15 07:07:18 : 94,200,000 : 0 : 9,852,907,750 : 45%
2021-07-15 07:38:52 : 94,300,000 : 0 : 9,863,131,600 : 45%
2021-07-15 08:11:52 : 94,400,000 : 0 : 9,873,355,450 : 45%
2021-07-15 08:45:41 : 94,500,000 : 0 : 9,883,579,300 : 45%
2021-07-15 09:19:40 : 94,600,000 : 0 : 9,893,672,075 : 45%
2021-07-15 09:52:58 : 94,700,000 : 0 : 9,903,895,925 : 45%
2021-07-15 10:24:58 : 94,800,000 : 0 : 9,913,988,700 : 45%
2021-07-15 10:55:23 : 94,900,000 : 0 : 9,924,212,550 : 45%
2021-07-15 11:23:20 : 95,000,000 : 0 : 9,934,305,325 : 45%
2021-07-15 11:49:15 : 95,100,000 : 0 : 9,944,529,175 : 45%
2021-07-15 12:13:22 : 95,200,000 : 0 : 9,954,884,100 : 45%
2021-07-15 12:35:48 : 95,300,000 : 0 : 9,965,239,025 : 45%
2021-07-15 12:56:37 : 95,400,000 : 0 : 9,975,593,950 : 45%
2021-07-15 13:16:24 : 95,500,000 : 0 : 9,985,948,875 : 45%
2021-07-15 13:34:56 : 95,600,000 : 0 : 9,996,434,875 : 45%
2021-07-15 13:52:44 : 95,700,000 : 0 : 10,006,789,800 : 45%
2021-07-15 14:10:05 : 95,800,000 : 0 : 10,017,144,725 : 45%
2021-07-15 14:26:59 : 95,900,000 : 0 : 10,027,630,725 : 45%
2021-07-15 14:43:32 : 96,000,000 : 0 : 10,038,116,725 : 45%
2021-07-15 14:59:46 : 96,100,000 : 0 : 10,048,602,725 : 45%
2021-07-15 15:16:01 : 96,200,000 : 0 : 10,059,219,800 : 46%
2021-07-15 15:31:58 : 96,300,000 : 0 : 10,069,705,800 : 46%
2021-07-15 15:48:01 : 96,400,000 : 0 : 10,080,322,875 : 46%
2021-07-15 16:04:11 : 96,500,000 : 0 : 10,090,939,950 : 46%
2021-07-15 16:20:30 : 96,600,000 : 0 : 10,101,425,950 : 46%
2021-07-15 16:36:13 : 96,700,000 : 0 : 10,111,911,950 : 46%
2021-07-15 16:51:39 : 96,800,000 : 0 : 10,122,529,025 : 46%
2021-07-15 17:07:08 : 96,900,000 : 0 : 10,133,015,025 : 46%
2021-07-15 17:22:38 : 97,000,000 : 0 : 10,143,501,025 : 46%
2021-07-15 17:38:14 : 97,100,000 : 0 : 10,164,473,025 : 46%
2021-07-15 17:53:51 : 97,200,000 : 0 : 10,174,827,950 : 46%
2021-07-15 18:09:11 : 97,300,000 : 0 : 10,185,182,875 : 46%
2021-07-15 18:24:55 : 97,400,000 : 0 : 10,195,668,875 : 46%
2021-07-15 18:40:56 : 97,500,000 : 0 : 10,206,154,875 : 46%
2021-07-15 18:56:51 : 97,600,000 : 0 : 10,216,640,875 : 46%
2021-07-15 19:13:08 : 97,700,000 : 0 : 10,227,126,875 : 46%
2021-07-15 19:29:52 : 97,800,000 : 0 : 10,237,612,875 : 46%
2021-07-15 19:46:07 : 97,900,000 : 0 : 10,247,967,800 : 46%
2021-07-15 20:02:18 : 98,000,000 : 0 : 10,258,322,725 : 46%
2021-07-15 20:19:15 : 98,100,000 : 0 : 10,268,677,650 : 46%
2021-07-15 20:35:53 : 98,200,000 : 0 : 10,278,901,500 : 47%
2021-07-15 20:51:41 : 98,300,000 : 0 : 10,289,256,425 : 47%
2021-07-15 21:07:58 : 98,400,000 : 0 : 10,299,480,275 : 47%
2021-07-15 21:24:47 : 98,500,000 : 0 : 10,309,835,200 : 47%
2021-07-15 21:41:54 : 98,600,000 : 0 : 10,320,190,125 : 47%
2021-07-15 21:59:10 : 98,700,000 : 0 : 10,330,413,975 : 47%
2021-07-15 22:16:54 : 98,800,000 : 0 : 10,340,768,900 : 47%
2021-07-15 22:34:47 : 98,900,000 : 0 : 10,350,992,750 : 47%
2021-07-15 22:52:54 : 99,000,000 : 0 : 10,361,216,600 : 47%
2021-07-15 23:11:23 : 99,100,000 : 0 : 10,371,571,525 : 47%
2021-07-15 23:30:13 : 99,200,000 : 0 : 10,381,795,375 : 47%
2021-07-15 23:49:15 : 99,300,000 : 0 : 10,391,888,150 : 47%
2021-07-16 00:08:22 : 99,400,000 : 0 : 10,401,980,925 : 47%
2021-07-16 00:27:48 : 99,500,000 : 0 : 10,412,204,775 : 47%
2021-07-16 00:47:18 : 99,600,000 : 0 : 10,422,297,550 : 47%
2021-07-16 01:06:26 : 99,700,000 : 0 : 10,432,259,250 : 47%
2021-07-16 01:25:57 : 99,800,000 : 0 : 10,442,220,950 : 47%
2021-07-16 01:45:24 : 99,900,000 : 0 : 10,452,182,650 : 47%
2021-07-16 02:04:55 : 100,000,000 : 0 : 10,462,275,425 : 47%
2021-07-16 02:24:50 : 100,100,000 : 0 : 10,472,237,125 : 47%
2021-07-16 02:45:04 : 100,200,000 : 0 : 10,482,198,825 : 47%
2021-07-16 03:05:09 : 100,300,000 : 0 : 10,492,029,450 : 47%
2021-07-16 03:25:49 : 100,400,000 : 0 : 10,512,083,925 : 48%
2021-07-16 03:47:11 : 100,500,000 : 0 : 10,522,045,625 : 48%
2021-07-16 04:09:15 : 100,600,000 : 0 : 10,532,007,325 : 48%
2021-07-16 04:31:56 : 100,700,000 : 0 : 10,541,969,025 : 48%
2021-07-16 04:55:28 : 100,800,000 : 0 : 10,551,930,725 : 48%
2021-07-16 05:20:05 : 100,900,000 : 0 : 10,561,892,425 : 48%
2021-07-16 05:46:16 : 101,000,000 : 0 : 10,571,985,200 : 48%
2021-07-16 06:14:04 : 101,100,000 : 0 : 10,582,077,975 : 48%
2021-07-16 06:43:09 : 101,200,000 : 0 : 10,592,170,750 : 48%
2021-07-16 07:13:27 : 101,300,000 : 0 : 10,602,263,525 : 48%
2021-07-16 07:44:57 : 101,400,000 : 0 : 10,612,487,375 : 48%
2021-07-16 08:17:45 : 101,500,000 : 0 : 10,622,580,150 : 48%
2021-07-16 08:50:34 : 101,600,000 : 0 : 10,632,672,925 : 48%
2021-07-16 09:23:56 : 101,700,000 : 0 : 10,642,896,775 : 48%
2021-07-16 09:57:00 : 101,800,000 : 0 : 10,652,989,550 : 48%
2021-07-16 10:28:25 : 101,900,000 : 0 : 10,663,213,400 : 48%
2021-07-16 10:57:54 : 102,000,000 : 0 : 10,673,306,175 : 48%
2021-07-16 11:25:15 : 102,100,000 : 0 : 10,683,530,025 : 48%
2021-07-16 11:50:37 : 102,200,000 : 0 : 10,693,622,800 : 48%
2021-07-16 12:14:30 : 102,300,000 : 0 : 10,703,977,725 : 48%
2021-07-16 12:36:24 : 102,400,000 : 0 : 10,714,201,575 : 48%
2021-07-16 12:57:17 : 102,500,000 : 0 : 10,724,556,500 : 49%
2021-07-16 13:17:19 : 102,600,000 : 0 : 10,735,042,500 : 49%
2021-07-16 13:36:33 : 102,700,000 : 0 : 10,745,397,425 : 49%
2021-07-16 13:54:52 : 102,800,000 : 0 : 10,755,883,425 : 49%
2021-07-16 14:12:45 : 102,900,000 : 0 : 10,766,238,350 : 49%
2021-07-16 14:29:53 : 103,000,000 : 0 : 10,776,724,350 : 49%
2021-07-16 14:46:25 : 103,100,000 : 0 : 10,787,210,350 : 49%
2021-07-16 15:02:38 : 103,200,000 : 0 : 10,797,696,350 : 49%
2021-07-16 15:18:46 : 103,300,000 : 0 : 10,808,051,275 : 49%
2021-07-16 15:34:32 : 103,400,000 : 0 : 10,818,537,275 : 49%
2021-07-16 15:50:08 : 103,500,000 : 0 : 10,828,892,200 : 49%
2021-07-16 16:05:46 : 103,600,000 : 0 : 10,839,378,200 : 49%
2021-07-16 16:21:28 : 103,700,000 : 0 : 10,849,864,200 : 49%
2021-07-16 16:37:17 : 103,800,000 : 0 : 10,870,836,200 : 49%
2021-07-16 16:52:54 : 103,900,000 : 0 : 10,881,191,125 : 49%
2021-07-16 17:08:38 : 104,000,000 : 0 : 10,891,546,050 : 49%
2021-07-16 17:24:12 : 104,100,000 : 0 : 10,901,900,975 : 49%
2021-07-16 17:39:39 : 104,200,000 : 0 : 10,912,255,900 : 49%
2021-07-16 17:55:02 : 104,300,000 : 0 : 10,922,479,750 : 49%
2021-07-16 18:10:44 : 104,400,000 : 0 : 10,932,834,675 : 49%
2021-07-16 18:26:34 : 104,500,000 : 0 : 10,943,189,600 : 50%
2021-07-16 18:42:34 : 104,600,000 : 0 : 10,953,544,525 : 50%
2021-07-16 18:58:37 : 104,700,000 : 0 : 10,963,899,450 : 50%
2021-07-16 19:14:48 : 104,800,000 : 0 : 10,974,254,375 : 50%
2021-07-16 19:31:18 : 104,900,000 : 0 : 10,984,609,300 : 50%
2021-07-16 19:47:11 : 105,000,000 : 0 : 10,994,308,850 : 50%
2021-07-16 20:02:44 : 105,100,000 : 0 : 11,004,663,775 : 50%
2021-07-16 20:19:19 : 105,200,000 : 0 : 11,014,887,625 : 50%
2021-07-16 20:36:03 : 105,300,000 : 0 : 11,025,242,550 : 50%
2021-07-16 20:52:30 : 105,400,000 : 0 : 11,035,597,475 : 50%
2021-07-16 21:09:18 : 105,500,000 : 0 : 11,045,821,325 : 50%
2021-07-16 21:26:13 : 105,600,000 : 0 : 11,056,045,175 : 50%
2021-07-16 21:43:21 : 105,700,000 : 0 : 11,066,269,025 : 50%
2021-07-16 22:00:43 : 105,800,000 : 0 : 11,076,492,875 : 50%
2021-07-16 22:18:37 : 105,900,000 : 0 : 11,086,585,650 : 50%
2021-07-16 22:36:34 : 106,000,000 : 0 : 11,096,678,425 : 50%
2021-07-16 22:54:43 : 106,100,000 : 0 : 11,106,771,200 : 50%
2021-07-16 23:13:00 : 106,200,000 : 0 : 11,116,863,975 : 50%
2021-07-16 23:31:26 : 106,300,000 : 0 : 11,126,825,675 : 50%
2021-07-16 23:50:14 : 106,400,000 : 0 : 11,136,656,300 : 50%
2021-07-17 00:08:59 : 106,500,000 : 0 : 11,146,618,000 : 50%
2021-07-17 00:28:07 : 106,600,000 : 0 : 11,156,448,625 : 50%
2021-07-17 00:47:21 : 106,700,000 : 0 : 11,166,279,250 : 51%
2021-07-17 01:06:50 : 106,800,000 : 0 : 11,176,109,875 : 51%
2021-07-17 01:26:32 : 106,900,000 : 0 : 11,195,508,975 : 51%
2021-07-17 01:45:58 : 107,000,000 : 0 : 11,205,077,450 : 51%
2021-07-17 02:05:29 : 107,100,000 : 0 : 11,214,777,000 : 51%
2021-07-17 02:25:43 : 107,200,000 : 0 : 11,224,607,625 : 51%
2021-07-17 02:46:28 : 107,300,000 : 0 : 11,234,307,175 : 51%
2021-07-17 03:07:34 : 107,400,000 : 0 : 11,244,006,725 : 51%
2021-07-17 03:29:18 : 107,500,000 : 0 : 11,253,706,275 : 51%
2021-07-17 03:51:26 : 107,600,000 : 0 : 11,263,536,900 : 51%
2021-07-17 04:14:50 : 107,700,000 : 0 : 11,273,236,450 : 51%
2021-07-17 04:39:11 : 107,800,000 : 0 : 11,283,067,075 : 51%
2021-07-17 05:04:28 : 107,900,000 : 0 : 11,292,766,625 : 51%
2021-07-17 05:31:25 : 108,000,000 : 0 : 11,302,466,175 : 51%
2021-07-17 05:59:01 : 108,100,000 : 0 : 11,312,296,800 : 51%
2021-07-17 06:27:56 : 108,200,000 : 0 : 11,321,996,350 : 51%
2021-07-17 06:58:08 : 108,300,000 : 0 : 11,331,826,975 : 51%
2021-07-17 07:30:03 : 108,400,000 : 0 : 11,341,788,675 : 51%
2021-07-17 08:03:14 : 108,500,000 : 0 : 11,351,750,375 : 51%
2021-07-17 08:37:05 : 108,600,000 : 0 : 11,361,712,075 : 51%
2021-07-17 09:12:24 : 108,700,000 : 0 : 11,371,542,700 : 51%
2021-07-17 09:47:41 : 108,800,000 : 0 : 11,381,504,400 : 52%
2021-07-17 10:22:26 : 108,900,000 : 0 : 11,391,335,025 : 52%
2021-07-17 10:56:01 : 109,000,000 : 0 : 11,401,296,725 : 52%
2021-07-17 11:27:50 : 109,100,000 : 0 : 11,411,258,425 : 52%
2021-07-17 11:57:26 : 109,200,000 : 0 : 11,421,351,200 : 52%
2021-07-17 12:24:27 : 109,300,000 : 0 : 11,431,443,975 : 52%
2021-07-17 12:50:06 : 109,400,000 : 0 : 11,441,667,825 : 52%
2021-07-17 13:14:10 : 109,500,000 : 0 : 11,451,760,600 : 52%
2021-07-17 13:36:38 : 109,600,000 : 0 : 11,461,984,450 : 52%
2021-07-17 13:57:53 : 109,700,000 : 0 : 11,472,208,300 : 52%
2021-07-17 14:18:11 : 109,800,000 : 0 : 11,482,432,150 : 52%
2021-07-17 14:37:49 : 109,900,000 : 0 : 11,492,656,000 : 52%
2021-07-17 14:56:46 : 110,000,000 : 0 : 11,502,879,850 : 52%
2021-07-17 15:15:32 : 110,100,000 : 0 : 11,513,234,775 : 52%
2021-07-17 15:34:08 : 110,200,000 : 0 : 11,523,458,625 : 52%
2021-07-17 15:52:05 : 110,300,000 : 0 : 11,533,682,475 : 52%
2021-07-17 16:09:49 : 110,400,000 : 0 : 11,543,775,250 : 52%
2021-07-17 16:27:23 : 110,500,000 : 0 : 11,554,130,175 : 52%
2021-07-17 16:45:14 : 110,600,000 : 0 : 11,564,485,100 : 52%
2021-07-17 17:03:11 : 110,700,000 : 0 : 11,585,063,875 : 52%
2021-07-17 17:21:10 : 110,800,000 : 0 : 11,595,287,725 : 52%
2021-07-17 17:39:11 : 110,900,000 : 0 : 11,605,511,575 : 53%
2021-07-17 17:57:07 : 111,000,000 : 0 : 11,615,735,425 : 53%
2021-07-17 18:15:20 : 111,100,000 : 0 : 11,625,959,275 : 53%
2021-07-17 18:33:29 : 111,200,000 : 0 : 11,636,183,125 : 53%
2021-07-17 18:51:41 : 111,300,000 : 0 : 11,646,406,975 : 53%
2021-07-17 19:10:35 : 111,400,000 : 0 : 11,656,630,825 : 53%
2021-07-17 19:29:18 : 111,500,000 : 0 : 11,666,723,600 : 53%
2021-07-17 19:47:46 : 111,600,000 : 0 : 11,676,947,450 : 53%
2021-07-17 20:06:31 : 111,700,000 : 0 : 11,687,040,225 : 53%
2021-07-17 20:25:23 : 111,800,000 : 0 : 11,697,133,000 : 53%
2021-07-17 20:44:07 : 111,900,000 : 0 : 11,707,356,850 : 53%
2021-07-17 21:03:07 : 112,000,000 : 0 : 11,717,449,625 : 53%
2021-07-17 21:22:21 : 112,100,000 : 0 : 11,727,542,400 : 53%
2021-07-17 21:41:42 : 112,200,000 : 0 : 11,737,635,175 : 53%
2021-07-17 22:01:19 : 112,300,000 : 0 : 11,747,727,950 : 53%
2021-07-17 22:21:03 : 112,400,000 : 0 : 11,757,820,725 : 53%
2021-07-17 22:40:43 : 112,500,000 : 0 : 11,767,913,500 : 53%
2021-07-17 23:00:31 : 112,600,000 : 0 : 11,777,875,200 : 53%
2021-07-17 23:20:29 : 112,700,000 : 0 : 11,787,836,900 : 53%
2021-07-17 23:40:09 : 112,800,000 : 0 : 11,797,667,525 : 53%
2021-07-18 00:00:01 : 112,900,000 : 0 : 11,807,629,225 : 53%
2021-07-18 00:19:42 : 113,000,000 : 0 : 11,817,328,775 : 53%
2021-07-18 00:39:28 : 113,100,000 : 0 : 11,827,159,400 : 54%
2021-07-18 00:59:14 : 113,200,000 : 0 : 11,836,858,950 : 54%
2021-07-18 01:18:29 : 113,300,000 : 0 : 11,846,427,425 : 54%
2021-07-18 01:37:18 : 113,400,000 : 0 : 11,855,864,825 : 54%
2021-07-18 01:55:55 : 113,500,000 : 0 : 11,865,171,150 : 54%
2021-07-18 02:14:50 : 113,600,000 : 0 : 11,874,608,550 : 54%
2021-07-18 02:33:59 : 113,700,000 : 0 : 11,884,045,950 : 54%
2021-07-18 02:52:51 : 113,800,000 : 0 : 11,893,352,275 : 54%
2021-07-18 03:12:02 : 113,900,000 : 0 : 11,902,658,600 : 54%
2021-07-18 03:31:27 : 114,000,000 : 0 : 11,911,833,850 : 54%
2021-07-18 03:50:47 : 114,100,000 : 0 : 11,921,009,100 : 54%
2021-07-18 04:11:44 : 114,200,000 : 0 : 11,939,883,900 : 54%
2021-07-18 04:33:34 : 114,300,000 : 0 : 11,949,321,300 : 54%
2021-07-18 04:56:36 : 114,400,000 : 0 : 11,958,889,775 : 54%
2021-07-18 05:21:21 : 114,500,000 : 0 : 11,968,327,175 : 54%
2021-07-18 05:47:23 : 114,600,000 : 0 : 11,977,895,650 : 54%
2021-07-18 06:14:29 : 114,700,000 : 0 : 11,987,464,125 : 54%
2021-07-18 06:43:22 : 114,800,000 : 0 : 11,997,163,675 : 54%
2021-07-18 07:13:01 : 114,900,000 : 0 : 12,006,732,150 : 54%
2021-07-18 07:43:43 : 115,000,000 : 0 : 12,016,431,700 : 54%
2021-07-18 08:15:30 : 115,100,000 : 0 : 12,026,131,250 : 54%
2021-07-18 08:47:22 : 115,200,000 : 0 : 12,035,699,725 : 54%
2021-07-18 09:19:06 : 115,300,000 : 0 : 12,045,137,125 : 55%
2021-07-18 09:50:45 : 115,400,000 : 0 : 12,054,443,450 : 55%
2021-07-18 10:22:03 : 115,500,000 : 0 : 12,063,749,775 : 55%
2021-07-18 10:52:46 : 115,600,000 : 0 : 12,073,187,175 : 55%
2021-07-18 11:22:37 : 115,700,000 : 0 : 12,082,493,500 : 55%
2021-07-18 11:50:43 : 115,800,000 : 0 : 12,092,061,975 : 55%
2021-07-18 12:17:05 : 115,900,000 : 0 : 12,101,630,450 : 55%
2021-07-18 12:41:42 : 116,000,000 : 0 : 12,111,330,000 : 55%
2021-07-18 13:04:30 : 116,100,000 : 0 : 12,121,029,550 : 55%
2021-07-18 13:26:00 : 116,200,000 : 0 : 12,130,991,250 : 55%
2021-07-18 13:46:24 : 116,300,000 : 0 : 12,140,952,950 : 55%
2021-07-18 14:05:44 : 116,400,000 : 0 : 12,150,783,575 : 55%
2021-07-18 14:22:19 : 116,500,000 : 0 : 12,160,220,975 : 55%
2021-07-18 14:39:28 : 116,600,000 : 0 : 12,169,789,450 : 55%
2021-07-18 14:55:48 : 116,700,000 : 0 : 12,179,357,925 : 55%
2021-07-18 15:12:11 : 116,800,000 : 0 : 12,189,057,475 : 55%
2021-07-18 15:28:28 : 116,900,000 : 0 : 12,198,757,025 : 55%
2021-07-18 15:44:16 : 117,000,000 : 0 : 12,208,456,575 : 55%
2021-07-18 15:59:44 : 117,100,000 : 0 : 12,227,462,450 : 55%
2021-07-18 16:13:57 : 117,200,000 : 0 : 12,237,162,000 : 55%
2021-07-18 16:28:38 : 117,300,000 : 0 : 12,246,861,550 : 55%
2021-07-18 16:43:37 : 117,400,000 : 0 : 12,256,692,175 : 55%
2021-07-18 16:59:11 : 117,500,000 : 0 : 12,266,522,800 : 56%
2021-07-18 17:14:45 : 117,600,000 : 0 : 12,276,484,500 : 56%
2021-07-18 17:30:17 : 117,700,000 : 0 : 12,286,315,125 : 56%
2021-07-18 17:45:49 : 117,800,000 : 0 : 12,296,276,825 : 56%
2021-07-18 18:01:37 : 117,900,000 : 0 : 12,306,238,525 : 56%
2021-07-18 18:17:41 : 118,000,000 : 0 : 12,316,069,150 : 56%
2021-07-18 18:33:42 : 118,100,000 : 0 : 12,326,030,850 : 56%
2021-07-18 18:49:54 : 118,200,000 : 0 : 12,335,861,475 : 56%
2021-07-18 19:06:18 : 118,300,000 : 0 : 12,345,823,175 : 56%
2021-07-18 19:23:15 : 118,400,000 : 0 : 12,355,653,800 : 56%
2021-07-18 19:39:57 : 118,500,000 : 0 : 12,365,484,425 : 56%
2021-07-18 19:56:33 : 118,600,000 : 0 : 12,375,315,050 : 56%
2021-07-18 20:12:48 : 118,700,000 : 0 : 12,385,145,675 : 56%
Decoding error with 134,217,728 bytes, reading another chunk
2021-07-18 20:29:09 : 118,800,000 : 0 : 12,404,675,850 : 56%
2021-07-18 20:45:30 : 118,900,000 : 0 : 12,404,675,850 : 56%
2021-07-18 21:01:48 : 119,000,000 : 0 : 12,414,506,475 : 56%
2021-07-18 21:18:33 : 119,100,000 : 0 : 12,424,206,025 : 56%
2021-07-18 21:35:12 : 119,200,000 : 0 : 12,434,036,650 : 56%
2021-07-18 21:51:52 : 119,300,000 : 0 : 12,443,736,200 : 56%
2021-07-18 22:08:32 : 119,400,000 : 0 : 12,453,566,825 : 56%
2021-07-18 22:25:39 : 119,500,000 : 0 : 12,463,266,375 : 56%
2021-07-18 22:42:40 : 119,600,000 : 0 : 12,472,965,925 : 56%
2021-07-18 22:59:51 : 119,700,000 : 0 : 12,482,796,550 : 56%
2021-07-18 23:17:32 : 119,800,000 : 0 : 12,492,496,100 : 57%
2021-07-18 23:35:35 : 119,900,000 : 0 : 12,502,195,650 : 57%
2021-07-18 23:53:52 : 120,000,000 : 0 : 12,511,895,200 : 57%
2021-07-19 00:12:11 : 120,100,000 : 0 : 12,521,725,825 : 57%
2021-07-19 00:30:33 : 120,200,000 : 0 : 12,541,124,925 : 57%
2021-07-19 00:48:40 : 120,300,000 : 0 : 12,550,824,475 : 57%
2021-07-19 01:07:07 : 120,400,000 : 0 : 12,560,392,950 : 57%
2021-07-19 01:25:22 : 120,500,000 : 0 : 12,569,961,425 : 57%
2021-07-19 01:44:10 : 120,600,000 : 0 : 12,579,660,975 : 57%
2021-07-19 02:02:27 : 120,700,000 : 0 : 12,589,491,600 : 57%
2021-07-19 02:21:35 : 120,800,000 : 0 : 12,599,191,150 : 57%
2021-07-19 02:41:13 : 120,900,000 : 0 : 12,609,152,850 : 57%
2021-07-19 03:01:46 : 121,000,000 : 0 : 12,618,983,475 : 57%
2021-07-19 03:22:33 : 121,100,000 : 0 : 12,628,814,100 : 57%
2021-07-19 03:44:10 : 121,200,000 : 0 : 12,638,644,725 : 57%
2021-07-19 04:06:51 : 121,300,000 : 0 : 12,648,606,425 : 57%
2021-07-19 04:30:39 : 121,400,000 : 0 : 12,658,568,125 : 57%
2021-07-19 04:55:50 : 121,500,000 : 0 : 12,668,529,825 : 57%
2021-07-19 05:22:11 : 121,600,000 : 0 : 12,678,491,525 : 57%
2021-07-19 05:49:59 : 121,700,000 : 0 : 12,688,453,225 : 57%
2021-07-19 06:18:56 : 121,800,000 : 0 : 12,698,414,925 : 57%
2021-07-19 06:49:33 : 121,900,000 : 0 : 12,708,507,700 : 58%
2021-07-19 07:21:24 : 122,000,000 : 0 : 12,718,469,400 : 58%
2021-07-19 07:54:34 : 122,100,000 : 0 : 12,728,562,175 : 58%
2021-07-19 08:27:51 : 122,200,000 : 0 : 12,738,654,950 : 58%
2021-07-19 09:01:28 : 122,300,000 : 0 : 12,748,747,725 : 58%
2021-07-19 09:35:10 : 122,400,000 : 0 : 12,758,840,500 : 58%
2021-07-19 10:08:09 : 122,500,000 : 0 : 12,768,933,275 : 58%
2021-07-19 10:39:23 : 122,600,000 : 0 : 12,779,026,050 : 58%
2021-07-19 11:08:41 : 122,700,000 : 0 : 12,789,118,825 : 58%
2021-07-19 11:36:32 : 122,800,000 : 0 : 12,799,211,600 : 58%
2021-07-19 12:01:58 : 122,900,000 : 0 : 12,809,566,525 : 58%
2021-07-19 12:25:59 : 123,000,000 : 0 : 12,819,790,375 : 58%
2021-07-19 12:48:11 : 123,100,000 : 0 : 12,830,145,300 : 58%
2021-07-19 13:08:58 : 123,200,000 : 0 : 12,840,631,300 : 58%
2021-07-19 13:28:48 : 123,300,000 : 0 : 12,861,341,150 : 58%
2021-07-19 13:47:40 : 123,400,000 : 0 : 12,871,827,150 : 58%
2021-07-19 14:05:45 : 123,500,000 : 0 : 12,882,313,150 : 58%
2021-07-19 14:23:15 : 123,600,000 : 0 : 12,892,668,075 : 58%
2021-07-19 14:40:16 : 123,700,000 : 0 : 12,903,154,075 : 58%
2021-07-19 14:56:55 : 123,800,000 : 0 : 12,913,640,075 : 58%
2021-07-19 15:13:21 : 123,900,000 : 0 : 12,924,126,075 : 58%
2021-07-19 15:29:32 : 124,000,000 : 0 : 12,934,612,075 : 59%
2021-07-19 15:45:32 : 124,100,000 : 0 : 12,945,229,150 : 59%
2021-07-19 16:01:35 : 124,200,000 : 0 : 12,955,846,225 : 59%
2021-07-19 16:17:35 : 124,300,000 : 0 : 12,966,463,300 : 59%
2021-07-19 16:33:31 : 124,400,000 : 0 : 12,976,949,300 : 59%
2021-07-19 16:49:24 : 124,500,000 : 0 : 12,987,566,375 : 59%
2021-07-19 17:05:17 : 124,600,000 : 0 : 12,998,052,375 : 59%
2021-07-19 17:21:04 : 124,700,000 : 0 : 13,008,538,375 : 59%
2021-07-19 17:36:48 : 124,800,000 : 0 : 13,019,155,450 : 59%
2021-07-19 17:52:26 : 124,900,000 : 0 : 13,029,641,450 : 59%
2021-07-19 18:08:15 : 125,000,000 : 0 : 13,040,258,525 : 59%
2021-07-19 18:24:14 : 125,100,000 : 0 : 13,050,744,525 : 59%
2021-07-19 18:40:01 : 125,200,000 : 0 : 13,061,230,525 : 59%
2021-07-19 18:55:52 : 125,300,000 : 0 : 13,071,847,600 : 59%
2021-07-19 19:11:50 : 125,400,000 : 0 : 13,082,333,600 : 59%
2021-07-19 19:27:59 : 125,500,000 : 0 : 13,092,819,600 : 59%
2021-07-19 19:44:06 : 125,600,000 : 0 : 13,103,305,600 : 59%
2021-07-19 20:00:05 : 125,700,000 : 0 : 13,113,791,600 : 59%
2021-07-19 20:16:08 : 125,800,000 : 0 : 13,124,277,600 : 59%
2021-07-19 20:31:57 : 125,900,000 : 0 : 13,145,118,525 : 59%
2021-07-19 20:47:58 : 126,000,000 : 0 : 13,155,473,450 : 60%
2021-07-19 21:04:18 : 126,100,000 : 0 : 13,165,959,450 : 60%
2021-07-19 21:20:51 : 126,200,000 : 0 : 13,176,314,375 : 60%
2021-07-19 21:37:29 : 126,300,000 : 0 : 13,186,800,375 : 60%
2021-07-19 21:54:21 : 126,400,000 : 0 : 13,197,155,300 : 60%
2021-07-19 22:11:32 : 126,500,000 : 0 : 13,207,510,225 : 60%
2021-07-19 22:29:08 : 126,600,000 : 0 : 13,217,865,150 : 60%
2021-07-19 22:46:54 : 126,700,000 : 0 : 13,228,089,000 : 60%
2021-07-19 23:04:45 : 126,800,000 : 0 : 13,238,443,925 : 60%
2021-07-19 23:22:50 : 126,900,000 : 0 : 13,248,536,700 : 60%
2021-07-19 23:41:05 : 127,000,000 : 0 : 13,258,760,550 : 60%
2021-07-19 23:59:30 : 127,100,000 : 0 : 13,268,853,325 : 60%
2021-07-20 00:17:48 : 127,200,000 : 0 : 13,278,946,100 : 60%
2021-07-20 00:36:17 : 127,300,000 : 0 : 13,289,038,875 : 60%
2021-07-20 00:54:28 : 127,400,000 : 0 : 13,299,000,575 : 60%
2021-07-20 01:12:55 : 127,500,000 : 0 : 13,308,962,275 : 60%
2021-07-20 01:31:22 : 127,600,000 : 0 : 13,318,923,975 : 60%
2021-07-20 01:50:04 : 127,700,000 : 0 : 13,329,016,750 : 60%
2021-07-20 02:08:53 : 127,800,000 : 0 : 13,338,978,450 : 60%
2021-07-20 02:28:01 : 127,900,000 : 0 : 13,348,809,075 : 60%
2021-07-20 02:47:25 : 128,000,000 : 0 : 13,358,901,850 : 60%
2021-07-20 03:07:14 : 128,100,000 : 0 : 13,368,732,475 : 61%
2021-07-20 03:27:42 : 128,200,000 : 0 : 13,378,694,175 : 61%
2021-07-20 03:48:42 : 128,300,000 : 0 : 13,388,655,875 : 61%
2021-07-20 04:10:22 : 128,400,000 : 0 : 13,398,486,500 : 61%
2021-07-20 04:33:26 : 128,500,000 : 0 : 13,408,448,200 : 61%
2021-07-20 04:57:33 : 128,600,000 : 0 : 13,418,278,825 : 61%
2021-07-20 05:23:25 : 128,700,000 : 0 : 13,428,240,525 : 61%
2021-07-20 05:50:51 : 128,800,000 : 0 : 13,438,333,300 : 61%
2021-07-20 06:20:04 : 128,900,000 : 0 : 13,448,295,000 : 61%
2021-07-20 06:50:31 : 129,000,000 : 0 : 13,458,518,850 : 61%
2021-07-20 07:22:17 : 129,100,000 : 0 : 13,468,611,625 : 61%
2021-07-20 07:55:08 : 129,200,000 : 0 : 13,488,928,250 : 61%
2021-07-20 08:28:25 : 129,300,000 : 0 : 13,499,152,100 : 61%
2021-07-20 09:02:47 : 129,400,000 : 0 : 13,509,375,950 : 61%
2021-07-20 09:36:33 : 129,500,000 : 0 : 13,519,468,725 : 61%
2021-07-20 10:09:49 : 129,600,000 : 0 : 13,529,692,575 : 61%
2021-07-20 10:41:13 : 129,700,000 : 0 : 13,539,785,350 : 61%
2021-07-20 11:10:33 : 129,800,000 : 0 : 13,550,009,200 : 61%
2021-07-20 11:37:17 : 129,900,000 : 0 : 13,560,233,050 : 61%
2021-07-20 12:02:34 : 130,000,000 : 0 : 13,570,587,975 : 61%
2021-07-20 12:25:47 : 130,100,000 : 0 : 13,580,942,900 : 61%
2021-07-20 12:47:23 : 130,200,000 : 0 : 13,591,428,900 : 62%
2021-07-20 13:07:53 : 130,300,000 : 0 : 13,601,783,825 : 62%
2021-07-20 13:27:39 : 130,400,000 : 0 : 13,612,138,750 : 62%
2021-07-20 13:46:08 : 130,500,000 : 0 : 13,622,624,750 : 62%
2021-07-20 14:03:33 : 130,600,000 : 0 : 13,633,110,750 : 62%
2021-07-20 14:20:34 : 130,700,000 : 0 : 13,643,596,750 : 62%
2021-07-20 14:37:03 : 130,800,000 : 0 : 13,654,082,750 : 62%
2021-07-20 14:53:14 : 130,900,000 : 0 : 13,664,699,825 : 62%
2021-07-20 15:09:14 : 131,000,000 : 0 : 13,675,185,825 : 62%
2021-07-20 15:25:00 : 131,100,000 : 0 : 13,685,802,900 : 62%
2021-07-20 15:40:24 : 131,200,000 : 0 : 13,696,288,900 : 62%
2021-07-20 15:55:44 : 131,300,000 : 0 : 13,706,774,900 : 62%
2021-07-20 16:11:08 : 131,400,000 : 0 : 13,717,391,975 : 62%
2021-07-20 16:26:28 : 131,500,000 : 0 : 13,728,009,050 : 62%
2021-07-20 16:41:47 : 131,600,000 : 0 : 13,738,495,050 : 62%
2021-07-20 16:57:07 : 131,700,000 : 0 : 13,748,981,050 : 62%
2021-07-20 17:12:35 : 131,800,000 : 0 : 13,759,598,125 : 62%
2021-07-20 17:27:55 : 131,900,000 : 0 : 13,770,084,125 : 62%
2021-07-20 17:43:32 : 132,000,000 : 0 : 13,791,056,125 : 62%
2021-07-20 17:59:01 : 132,100,000 : 0 : 13,801,542,125 : 62%
2021-07-20 18:14:46 : 132,200,000 : 0 : 13,812,028,125 : 63%
2021-07-20 18:30:23 : 132,300,000 : 0 : 13,822,514,125 : 63%
2021-07-20 18:46:11 : 132,400,000 : 0 : 13,833,000,125 : 63%
2021-07-20 19:01:54 : 132,500,000 : 0 : 13,843,355,050 : 63%
2021-07-20 19:17:46 : 132,600,000 : 0 : 13,853,841,050 : 63%
2021-07-20 19:33:22 : 132,700,000 : 0 : 13,864,195,975 : 63%
2021-07-20 19:48:59 : 132,800,000 : 0 : 13,874,419,825 : 63%
2021-07-20 20:04:29 : 132,900,000 : 0 : 13,884,905,825 : 63%
2021-07-20 20:20:15 : 133,000,000 : 0 : 13,895,260,750 : 63%
2021-07-20 20:36:06 : 133,100,000 : 0 : 13,905,615,675 : 63%
2021-07-20 20:51:51 : 133,200,000 : 0 : 13,915,970,600 : 63%
2021-07-20 21:07:47 : 133,300,000 : 0 : 13,926,325,525 : 63%
2021-07-20 21:24:08 : 133,400,000 : 0 : 13,936,680,450 : 63%
2021-07-20 21:40:46 : 133,500,000 : 0 : 13,947,035,375 : 63%
2021-07-20 21:57:28 : 133,600,000 : 0 : 13,957,390,300 : 63%
2021-07-20 22:14:38 : 133,700,000 : 0 : 13,967,614,150 : 63%
2021-07-20 22:31:45 : 133,800,000 : 0 : 13,977,969,075 : 63%
2021-07-20 22:49:18 : 133,900,000 : 0 : 13,988,192,925 : 63%
2021-07-20 23:06:50 : 134,000,000 : 0 : 13,998,416,775 : 63%
2021-07-20 23:24:34 : 134,100,000 : 0 : 14,008,509,550 : 63%
2021-07-20 23:42:39 : 134,200,000 : 0 : 14,018,602,325 : 63%
2021-07-21 00:00:47 : 134,300,000 : 0 : 14,028,695,100 : 63%
2021-07-21 00:19:06 : 134,400,000 : 0 : 14,038,787,875 : 64%
2021-07-21 00:37:28 : 134,500,000 : 0 : 14,048,749,575 : 64%
2021-07-21 00:56:02 : 134,600,000 : 0 : 14,058,842,350 : 64%
2021-07-21 01:14:16 : 134,700,000 : 0 : 14,068,804,050 : 64%
2021-07-21 01:31:55 : 134,800,000 : 0 : 14,078,503,600 : 64%
2021-07-21 01:49:14 : 134,900,000 : 0 : 14,088,203,150 : 64%
2021-07-21 02:06:43 : 135,000,000 : 0 : 14,097,902,700 : 64%
2021-07-21 02:24:44 : 135,100,000 : 0 : 14,117,432,875 : 64%
2021-07-21 02:43:01 : 135,200,000 : 0 : 14,127,132,425 : 64%
2021-07-21 03:01:44 : 135,300,000 : 0 : 14,136,700,900 : 64%
2021-07-21 03:20:26 : 135,400,000 : 0 : 14,146,269,375 : 64%
2021-07-21 03:38:51 : 135,500,000 : 0 : 14,155,575,700 : 64%
2021-07-21 03:56:51 : 135,600,000 : 0 : 14,165,275,250 : 64%
2021-07-21 04:17:21 : 135,700,000 : 0 : 14,175,105,875 : 64%
2021-07-21 04:39:31 : 135,800,000 : 0 : 14,184,936,500 : 64%
2021-07-21 05:03:07 : 135,900,000 : 0 : 14,194,767,125 : 64%
2021-07-21 05:28:06 : 136,000,000 : 0 : 14,204,728,825 : 64%
2021-07-21 05:54:28 : 136,100,000 : 0 : 14,214,821,600 : 64%
2021-07-21 06:23:19 : 136,200,000 : 0 : 14,224,914,375 : 64%
2021-07-21 06:53:49 : 136,300,000 : 0 : 14,234,089,625 : 64%
2021-07-21 07:16:54 : 136,400,000 : 0 : 14,240,643,375 : 64%
2021-07-21 07:33:35 : 136,500,000 : 0 : 14,247,197,125 : 64%
2021-07-21 07:52:59 : 136,600,000 : 0 : 14,253,881,950 : 65%
2021-07-21 08:18:15 : 136,700,000 : 0 : 14,263,319,350 : 65%
2021-07-21 08:51:02 : 136,800,000 : 0 : 14,273,281,050 : 65%
2021-07-21 09:25:41 : 136,900,000 : 0 : 14,283,504,900 : 65%
2021-07-21 09:59:05 : 137,000,000 : 0 : 14,293,597,675 : 65%
2021-07-21 10:31:12 : 137,100,000 : 0 : 14,303,690,450 : 65%
2021-07-21 11:00:56 : 137,200,000 : 0 : 14,313,914,300 : 65%
2021-07-21 11:28:48 : 137,300,000 : 0 : 14,324,138,150 : 65%
2021-07-21 11:54:27 : 137,400,000 : 0 : 14,334,362,000 : 65%
2021-07-21 12:18:08 : 137,500,000 : 0 : 14,344,585,850 : 65%
2021-07-21 12:40:07 : 137,600,000 : 0 : 14,354,940,775 : 65%
2021-07-21 13:00:35 : 137,700,000 : 0 : 14,365,295,700 : 65%
2021-07-21 13:19:50 : 137,800,000 : 0 : 14,375,650,625 : 65%
2021-07-21 13:38:17 : 137,900,000 : 0 : 14,386,005,550 : 65%
2021-07-21 13:56:07 : 138,000,000 : 0 : 14,396,491,550 : 65%
2021-07-21 14:13:13 : 138,100,000 : 0 : 14,406,846,475 : 65%
2021-07-21 14:29:47 : 138,200,000 : 0 : 14,417,332,475 : 65%
2021-07-21 14:46:06 : 138,300,000 : 0 : 14,427,818,475 : 65%
2021-07-21 15:02:08 : 138,400,000 : 0 : 14,438,304,475 : 65%
2021-07-21 15:18:07 : 138,500,000 : 0 : 14,448,790,475 : 65%
2021-07-21 15:33:44 : 138,600,000 : 0 : 14,459,276,475 : 65%
2021-07-21 15:49:13 : 138,700,000 : 0 : 14,469,762,475 : 65%
2021-07-21 16:04:53 : 138,800,000 : 0 : 14,490,865,550 : 66%
2021-07-21 16:20:19 : 138,900,000 : 0 : 14,501,351,550 : 66%
2021-07-21 16:35:42 : 139,000,000 : 0 : 14,511,837,550 : 66%
2021-07-21 16:50:58 : 139,100,000 : 0 : 14,522,323,550 : 66%
2021-07-21 17:06:20 : 139,200,000 : 0 : 14,532,809,550 : 66%
2021-07-21 17:21:42 : 139,300,000 : 0 : 14,543,295,550 : 66%
2021-07-21 17:36:57 : 139,400,000 : 0 : 14,553,781,550 : 66%
2021-07-21 17:52:10 : 139,500,000 : 0 : 14,564,267,550 : 66%
2021-07-21 18:07:33 : 139,600,000 : 0 : 14,574,753,550 : 66%
2021-07-21 18:23:08 : 139,700,000 : 0 : 14,585,108,475 : 66%
2021-07-21 18:38:41 : 139,800,000 : 0 : 14,595,594,475 : 66%
2021-07-21 18:54:12 : 139,900,000 : 0 : 14,605,949,400 : 66%
2021-07-21 19:09:38 : 140,000,000 : 0 : 14,616,304,325 : 66%
2021-07-21 19:25:32 : 140,100,000 : 0 : 14,626,659,250 : 66%
2021-07-21 19:41:13 : 140,200,000 : 0 : 14,637,014,175 : 66%
2021-07-21 19:56:41 : 140,300,000 : 0 : 14,647,369,100 : 66%
2021-07-21 20:12:13 : 140,400,000 : 0 : 14,657,724,025 : 66%
2021-07-21 20:27:43 : 140,500,000 : 0 : 14,667,947,875 : 66%
2021-07-21 20:43:14 : 140,600,000 : 0 : 14,678,302,800 : 66%
2021-07-21 20:58:48 : 140,700,000 : 0 : 14,688,526,650 : 66%
2021-07-21 21:15:00 : 140,800,000 : 0 : 14,698,881,575 : 67%
2021-07-21 21:31:33 : 140,900,000 : 0 : 14,709,236,500 : 67%
2021-07-21 21:48:24 : 141,000,000 : 0 : 14,719,591,425 : 67%
2021-07-21 22:05:30 : 141,100,000 : 0 : 14,729,946,350 : 67%
2021-07-21 22:22:44 : 141,200,000 : 0 : 14,740,301,275 : 67%
2021-07-21 22:40:20 : 141,300,000 : 0 : 14,750,656,200 : 67%
2021-07-21 22:58:06 : 141,400,000 : 0 : 14,761,011,125 : 67%
2021-07-21 23:16:26 : 141,500,000 : 0 : 14,781,458,825 : 67%
2021-07-21 23:35:02 : 141,600,000 : 0 : 14,791,551,600 : 67%
2021-07-21 23:53:37 : 141,700,000 : 0 : 14,801,644,375 : 67%
2021-07-22 00:12:12 : 141,800,000 : 0 : 14,811,606,075 : 67%
2021-07-22 00:30:21 : 141,900,000 : 0 : 14,821,567,775 : 67%
2021-07-22 00:48:29 : 142,000,000 : 0 : 14,831,529,475 : 67%
2021-07-22 01:06:32 : 142,100,000 : 0 : 14,841,097,950 : 67%
2021-07-22 01:24:19 : 142,200,000 : 0 : 14,850,797,500 : 67%
2021-07-22 01:42:21 : 142,300,000 : 0 : 14,860,759,200 : 67%
2021-07-22 02:00:24 : 142,400,000 : 0 : 14,870,589,825 : 67%
2021-07-22 02:19:02 : 142,500,000 : 0 : 14,880,551,525 : 67%
2021-07-22 02:37:52 : 142,600,000 : 0 : 14,890,513,225 : 67%
2021-07-22 02:57:27 : 142,700,000 : 0 : 14,900,606,000 : 67%
2021-07-22 03:17:28 : 142,800,000 : 0 : 14,910,567,700 : 67%
2021-07-22 03:37:43 : 142,900,000 : 0 : 14,920,529,400 : 68%
2021-07-22 03:59:23 : 143,000,000 : 0 : 14,930,491,100 : 68%
2021-07-22 04:22:14 : 143,100,000 : 0 : 14,940,583,875 : 68%
2021-07-22 04:45:53 : 143,200,000 : 0 : 14,950,676,650 : 68%
2021-07-22 05:10:33 : 143,300,000 : 0 : 14,960,638,350 : 68%
2021-07-22 05:37:08 : 143,400,000 : 0 : 14,970,731,125 : 68%
2021-07-22 06:05:11 : 143,500,000 : 0 : 14,980,954,975 : 68%
2021-07-22 06:35:04 : 143,600,000 : 0 : 14,991,178,825 : 68%
2021-07-22 07:07:14 : 143,700,000 : 0 : 15,001,402,675 : 68%
2021-07-22 07:40:39 : 143,800,000 : 0 : 15,011,757,600 : 68%
2021-07-22 08:14:57 : 143,900,000 : 0 : 15,022,112,525 : 68%
2021-07-22 08:49:19 : 144,000,000 : 0 : 15,032,467,450 : 68%
2021-07-22 09:23:49 : 144,100,000 : 0 : 15,042,691,300 : 68%
2021-07-22 09:57:19 : 144,200,000 : 0 : 15,053,046,225 : 68%
2021-07-22 10:29:32 : 144,300,000 : 0 : 15,063,270,075 : 68%
2021-07-22 10:59:29 : 144,400,000 : 0 : 15,073,493,925 : 68%
2021-07-22 11:27:25 : 144,500,000 : 0 : 15,083,717,775 : 68%
2021-07-22 11:52:54 : 144,600,000 : 0 : 15,104,427,625 : 68%
2021-07-22 12:16:48 : 144,700,000 : 0 : 15,114,782,550 : 68%
2021-07-22 12:39:14 : 144,800,000 : 0 : 15,125,268,550 : 68%
2021-07-22 13:00:00 : 144,900,000 : 0 : 15,135,754,550 : 69%
2021-07-22 13:19:40 : 145,000,000 : 0 : 15,146,240,550 : 69%
2021-07-22 13:38:01 : 145,100,000 : 0 : 15,156,726,550 : 69%
2021-07-22 13:55:59 : 145,200,000 : 0 : 15,167,212,550 : 69%
2021-07-22 14:13:27 : 145,300,000 : 0 : 15,177,829,625 : 69%
2021-07-22 14:30:21 : 145,400,000 : 0 : 15,188,446,700 : 69%
2021-07-22 14:47:03 : 145,500,000 : 0 : 15,199,063,775 : 69%
2021-07-22 15:03:33 : 145,600,000 : 0 : 15,209,680,850 : 69%
2021-07-22 15:19:58 : 145,700,000 : 0 : 15,220,297,925 : 69%
2021-07-22 15:36:12 : 145,800,000 : 0 : 15,230,915,000 : 69%
2021-07-22 15:52:06 : 145,900,000 : 0 : 15,241,401,000 : 69%
2021-07-22 16:07:43 : 146,000,000 : 0 : 15,252,018,075 : 69%
2021-07-22 16:23:10 : 146,100,000 : 0 : 15,262,635,150 : 69%
2021-07-22 16:38:30 : 146,200,000 : 0 : 15,273,121,150 : 69%
2021-07-22 16:53:49 : 146,300,000 : 0 : 15,283,738,225 : 69%
2021-07-22 17:09:22 : 146,400,000 : 0 : 15,294,224,225 : 69%
2021-07-22 17:25:03 : 146,500,000 : 0 : 15,304,841,300 : 69%
2021-07-22 17:40:36 : 146,600,000 : 0 : 15,315,327,300 : 69%
2021-07-22 17:56:09 : 146,700,000 : 0 : 15,325,813,300 : 69%
2021-07-22 18:12:01 : 146,800,000 : 0 : 15,336,299,300 : 69%
2021-07-22 18:27:39 : 146,900,000 : 0 : 15,346,785,300 : 69%
2021-07-22 18:43:20 : 147,000,000 : 0 : 15,357,271,300 : 70%
2021-07-22 18:59:10 : 147,100,000 : 0 : 15,367,757,300 : 70%
2021-07-22 19:15:24 : 147,200,000 : 0 : 15,388,729,300 : 70%
2021-07-22 19:31:47 : 147,300,000 : 0 : 15,399,215,300 : 70%
2021-07-22 19:48:00 : 147,400,000 : 0 : 15,409,701,300 : 70%
2021-07-22 20:04:15 : 147,500,000 : 0 : 15,420,187,300 : 70%
2021-07-22 20:20:46 : 147,600,000 : 0 : 15,430,673,300 : 70%
2021-07-22 20:37:31 : 147,700,000 : 0 : 15,441,159,300 : 70%
2021-07-22 20:53:59 : 147,800,000 : 0 : 15,451,514,225 : 70%
2021-07-22 21:10:17 : 147,900,000 : 0 : 15,462,000,225 : 70%
2021-07-22 21:26:33 : 148,000,000 : 0 : 15,472,355,150 : 70%
2021-07-22 21:43:22 : 148,100,000 : 0 : 15,482,841,150 : 70%
2021-07-22 22:00:05 : 148,200,000 : 0 : 15,493,196,075 : 70%
2021-07-22 22:17:24 : 148,300,000 : 0 : 15,503,419,925 : 70%
2021-07-22 22:35:09 : 148,400,000 : 0 : 15,513,643,775 : 70%
2021-07-22 22:52:57 : 148,500,000 : 0 : 15,523,998,700 : 70%
2021-07-22 23:11:09 : 148,600,000 : 0 : 15,534,222,550 : 70%
2021-07-22 23:29:48 : 148,700,000 : 0 : 15,544,577,475 : 70%
2021-07-22 23:52:53 : 148,800,000 : 0 : 15,554,670,250 : 70%
2021-07-23 00:12:36 : 148,900,000 : 0 : 15,564,631,950 : 70%
2021-07-23 00:31:46 : 149,000,000 : 0 : 15,574,593,650 : 70%
2021-07-23 00:50:51 : 149,100,000 : 0 : 15,584,555,350 : 71%
2021-07-23 01:10:04 : 149,200,000 : 0 : 15,594,517,050 : 71%
2021-07-23 01:29:11 : 149,300,000 : 0 : 15,604,347,675 : 71%
2021-07-23 01:47:50 : 149,400,000 : 0 : 15,614,178,300 : 71%
2021-07-23 02:06:09 : 149,500,000 : 0 : 15,623,877,850 : 71%
2021-07-23 02:24:09 : 149,600,000 : 0 : 15,633,446,325 : 71%
2021-07-23 02:42:13 : 149,700,000 : 0 : 15,643,014,800 : 71%
2021-07-23 03:01:24 : 149,800,000 : 0 : 15,652,845,425 : 71%
2021-07-23 03:21:34 : 149,900,000 : 0 : 15,662,807,125 : 71%
2021-07-23 03:42:21 : 150,000,000 : 0 : 15,672,637,750 : 71%
2021-07-23 04:03:29 : 150,100,000 : 0 : 15,682,599,450 : 71%
2021-07-23 04:26:03 : 150,200,000 : 0 : 15,692,430,075 : 71%
2021-07-23 04:49:56 : 150,300,000 : 0 : 15,702,391,775 : 71%
2021-07-23 05:14:33 : 150,400,000 : 0 : 15,722,184,100 : 71%
2021-07-23 05:40:56 : 150,500,000 : 0 : 15,732,276,875 : 71%
2021-07-23 06:09:04 : 150,600,000 : 0 : 15,742,369,650 : 71%
2021-07-23 06:38:37 : 150,700,000 : 0 : 15,752,462,425 : 71%
2021-07-23 07:09:57 : 150,800,000 : 0 : 15,762,686,275 : 71%
2021-07-23 07:42:48 : 150,900,000 : 0 : 15,773,041,200 : 71%
2021-07-23 08:16:48 : 151,000,000 : 0 : 15,783,265,050 : 71%
2021-07-23 08:51:15 : 151,100,000 : 0 : 15,793,488,900 : 71%
2021-07-23 09:25:53 : 151,200,000 : 0 : 15,803,581,675 : 72%
2021-07-23 09:58:49 : 151,300,000 : 0 : 15,813,674,450 : 72%
2021-07-23 10:31:00 : 151,400,000 : 0 : 15,823,898,300 : 72%
2021-07-23 11:01:22 : 151,500,000 : 0 : 15,833,991,075 : 72%
2021-07-23 11:29:02 : 151,600,000 : 0 : 15,844,214,925 : 72%
2021-07-23 11:54:47 : 151,700,000 : 0 : 15,854,438,775 : 72%
2021-07-23 12:18:46 : 151,800,000 : 0 : 15,864,662,625 : 72%
2021-07-23 12:41:10 : 151,900,000 : 0 : 15,875,148,625 : 72%
2021-07-23 13:01:54 : 152,000,000 : 0 : 15,885,372,475 : 72%
2021-07-23 13:21:14 : 152,100,000 : 0 : 15,895,727,400 : 72%
2021-07-23 13:39:47 : 152,200,000 : 0 : 15,906,213,400 : 72%
2021-07-23 13:57:37 : 152,300,000 : 0 : 15,916,699,400 : 72%
2021-07-23 14:14:41 : 152,400,000 : 0 : 15,927,054,325 : 72%
2021-07-23 14:31:27 : 152,500,000 : 0 : 15,937,540,325 : 72%
2021-07-23 14:47:49 : 152,600,000 : 0 : 15,947,895,250 : 72%
2021-07-23 15:03:58 : 152,700,000 : 0 : 15,958,381,250 : 72%
2021-07-23 15:20:04 : 152,800,000 : 0 : 15,968,867,250 : 72%
2021-07-23 15:36:00 : 152,900,000 : 0 : 15,979,353,250 : 72%
2021-07-23 15:51:44 : 153,000,000 : 0 : 15,989,839,250 : 72%
2021-07-23 16:07:28 : 153,100,000 : 0 : 16,000,456,325 : 72%
2021-07-23 16:23:20 : 153,200,000 : 0 : 16,010,942,325 : 72%
2021-07-23 16:39:08 : 153,300,000 : 0 : 16,031,914,325 : 73%
2021-07-23 16:54:46 : 153,400,000 : 0 : 16,042,269,250 : 73%
2021-07-23 17:10:25 : 153,500,000 : 0 : 16,052,755,250 : 73%
2021-07-23 17:26:23 : 153,600,000 : 0 : 16,063,241,250 : 73%
2021-07-23 17:42:28 : 153,700,000 : 0 : 16,073,727,250 : 73%
2021-07-23 17:58:34 : 153,800,000 : 0 : 16,084,082,175 : 73%
2021-07-23 18:14:53 : 153,900,000 : 0 : 16,094,568,175 : 73%
2021-07-23 18:31:12 : 154,000,000 : 0 : 16,104,923,100 : 73%
2021-07-23 18:47:35 : 154,100,000 : 0 : 16,115,409,100 : 73%
2021-07-23 19:04:12 : 154,200,000 : 0 : 16,125,764,025 : 73%
2021-07-23 19:20:56 : 154,300,000 : 0 : 16,136,118,950 : 73%
2021-07-23 19:37:41 : 154,400,000 : 0 : 16,146,473,875 : 73%
2021-07-23 19:54:11 : 154,500,000 : 0 : 16,156,828,800 : 73%
2021-07-23 20:10:52 : 154,600,000 : 0 : 16,167,052,650 : 73%
2021-07-23 20:27:36 : 154,700,000 : 0 : 16,177,407,575 : 73%
2021-07-23 20:44:29 : 154,800,000 : 0 : 16,187,631,425 : 73%
2021-07-23 21:01:22 : 154,900,000 : 0 : 16,197,855,275 : 73%
2021-07-23 21:18:38 : 155,000,000 : 0 : 16,208,079,125 : 73%
2021-07-23 21:36:08 : 155,100,000 : 0 : 16,218,302,975 : 73%
2021-07-23 21:53:38 : 155,200,000 : 0 : 16,228,526,825 : 73%
2021-07-23 22:11:33 : 155,300,000 : 0 : 16,238,750,675 : 74%
2021-07-23 22:29:56 : 155,400,000 : 0 : 16,248,974,525 : 74%
2021-07-23 22:48:34 : 155,500,000 : 0 : 16,259,067,300 : 74%
2021-07-23 23:07:16 : 155,600,000 : 0 : 16,269,291,150 : 74%
2021-07-23 23:26:29 : 155,700,000 : 0 : 16,279,383,925 : 74%
2021-07-23 23:45:56 : 155,800,000 : 0 : 16,289,345,625 : 74%
2021-07-24 00:05:39 : 155,900,000 : 0 : 16,299,438,400 : 74%
2021-07-24 00:25:46 : 156,000,000 : 0 : 16,309,269,025 : 74%
2021-07-24 00:45:41 : 156,100,000 : 0 : 16,319,230,725 : 74%
2021-07-24 01:05:22 : 156,200,000 : 0 : 16,338,629,825 : 74%
2021-07-24 01:25:03 : 156,300,000 : 0 : 16,348,460,450 : 74%
2021-07-24 01:45:05 : 156,400,000 : 0 : 16,358,028,925 : 74%
2021-07-24 02:04:55 : 156,500,000 : 0 : 16,367,728,475 : 74%
2021-07-24 02:25:22 : 156,600,000 : 0 : 16,377,296,950 : 74%
2021-07-24 02:46:00 : 156,700,000 : 0 : 16,387,127,575 : 74%
2021-07-24 03:07:31 : 156,800,000 : 0 : 16,396,827,125 : 74%
2021-07-24 03:29:41 : 156,900,000 : 0 : 16,406,526,675 : 74%
2021-07-24 03:52:01 : 157,000,000 : 0 : 16,416,226,225 : 74%
2021-07-24 04:15:21 : 157,100,000 : 0 : 16,425,925,775 : 74%
2021-07-24 04:40:08 : 157,200,000 : 0 : 16,435,756,400 : 74%
2021-07-24 05:06:08 : 157,300,000 : 0 : 16,445,455,950 : 74%
2021-07-24 05:33:17 : 157,400,000 : 0 : 16,455,286,575 : 74%
2021-07-24 06:01:09 : 157,500,000 : 0 : 16,464,855,050 : 75%
2021-07-24 06:30:58 : 157,600,000 : 0 : 16,474,816,750 : 75%
2021-07-24 07:02:32 : 157,700,000 : 0 : 16,484,778,450 : 75%
2021-07-24 07:35:34 : 157,800,000 : 0 : 16,494,609,075 : 75%
2021-07-24 08:09:35 : 157,900,000 : 0 : 16,504,570,775 : 75%
2021-07-24 08:44:48 : 158,000,000 : 0 : 16,514,532,475 : 75%
2021-07-24 09:20:57 : 158,100,000 : 0 : 16,524,625,250 : 75%
2021-07-24 09:57:16 : 158,200,000 : 0 : 16,534,718,025 : 75%
2021-07-24 10:32:20 : 158,300,000 : 0 : 16,544,548,650 : 75%
2021-07-24 11:05:24 : 158,400,000 : 0 : 16,554,379,275 : 75%
2021-07-24 11:36:32 : 158,500,000 : 0 : 16,564,472,050 : 75%
2021-07-24 12:05:40 : 158,600,000 : 0 : 16,574,433,750 : 75%
2021-07-24 12:32:22 : 158,700,000 : 0 : 16,584,526,525 : 75%
2021-07-24 12:57:00 : 158,800,000 : 0 : 16,594,619,300 : 75%
2021-07-24 13:20:15 : 158,900,000 : 0 : 16,604,843,150 : 75%
2021-07-24 13:42:28 : 159,000,000 : 0 : 16,615,067,000 : 75%
2021-07-24 14:03:32 : 159,100,000 : 0 : 16,625,290,850 : 75%
2021-07-24 14:23:44 : 159,200,000 : 0 : 16,635,514,700 : 75%
2021-07-24 14:43:23 : 159,300,000 : 0 : 16,645,869,625 : 75%
2021-07-24 15:02:27 : 159,400,000 : 0 : 16,656,093,475 : 75%
2021-07-24 15:21:01 : 159,500,000 : 0 : 16,666,186,250 : 75%
2021-07-24 15:39:11 : 159,600,000 : 0 : 16,676,541,175 : 75%
2021-07-24 15:57:17 : 159,700,000 : 0 : 16,696,988,875 : 76%
2021-07-24 16:15:14 : 159,800,000 : 0 : 16,707,212,725 : 76%
2021-07-24 16:33:02 : 159,900,000 : 0 : 16,717,305,500 : 76%
2021-07-24 16:50:48 : 160,000,000 : 0 : 16,727,660,425 : 76%
2021-07-24 17:08:38 : 160,100,000 : 0 : 16,737,884,275 : 76%
2021-07-24 17:26:32 : 160,200,000 : 0 : 16,748,108,125 : 76%
2021-07-24 17:44:29 : 160,300,000 : 0 : 16,758,200,900 : 76%
2021-07-24 18:02:33 : 160,400,000 : 0 : 16,768,555,825 : 76%
2021-07-24 18:20:47 : 160,500,000 : 0 : 16,778,779,675 : 76%
2021-07-24 18:39:11 : 160,600,000 : 0 : 16,789,003,525 : 76%
2021-07-24 18:57:33 : 160,700,000 : 0 : 16,799,227,375 : 76%
2021-07-24 19:16:14 : 160,800,000 : 0 : 16,809,451,225 : 76%
2021-07-24 19:35:06 : 160,900,000 : 0 : 16,819,675,075 : 76%
2021-07-24 19:53:56 : 161,000,000 : 0 : 16,829,767,850 : 76%
2021-07-24 20:12:48 : 161,100,000 : 0 : 16,839,860,625 : 76%
2021-07-24 20:31:39 : 161,200,000 : 0 : 16,850,084,475 : 76%
2021-07-24 20:50:33 : 161,300,000 : 0 : 16,860,177,250 : 76%
2021-07-24 21:09:37 : 161,400,000 : 0 : 16,870,270,025 : 76%
2021-07-24 21:28:42 : 161,500,000 : 0 : 16,880,362,800 : 76%
2021-07-24 21:47:48 : 161,600,000 : 0 : 16,890,455,575 : 76%
2021-07-24 22:06:56 : 161,700,000 : 0 : 16,900,548,350 : 76%
2021-07-24 22:26:25 : 161,800,000 : 0 : 16,910,641,125 : 77%
2021-07-24 22:46:07 : 161,900,000 : 0 : 16,920,602,825 : 77%
2021-07-24 23:06:11 : 162,000,000 : 0 : 16,930,695,600 : 77%
2021-07-24 23:26:19 : 162,100,000 : 0 : 16,940,788,375 : 77%
2021-07-24 23:46:47 : 162,200,000 : 0 : 16,950,750,075 : 77%
2021-07-25 00:07:14 : 162,300,000 : 0 : 16,960,580,700 : 77%
2021-07-25 00:28:20 : 162,400,000 : 0 : 16,970,673,475 : 77%
2021-07-25 00:49:22 : 162,500,000 : 0 : 16,980,504,100 : 77%
2021-07-25 01:09:57 : 162,600,000 : 0 : 16,990,465,800 : 77%
2021-07-25 01:30:49 : 162,700,000 : 0 : 17,000,296,425 : 77%
2021-07-25 01:51:44 : 162,800,000 : 0 : 17,019,695,525 : 77%
2021-07-25 02:12:09 : 162,900,000 : 0 : 17,029,526,150 : 77%
2021-07-25 02:33:45 : 163,000,000 : 0 : 17,039,356,775 : 77%
2021-07-25 02:56:02 : 163,100,000 : 0 : 17,049,187,400 : 77%
2021-07-25 03:19:11 : 163,200,000 : 0 : 17,059,149,100 : 77%
2021-07-25 03:42:38 : 163,300,000 : 0 : 17,068,979,725 : 77%
2021-07-25 04:06:45 : 163,400,000 : 0 : 17,078,679,275 : 77%
2021-07-25 04:31:44 : 163,500,000 : 0 : 17,088,509,900 : 77%
2021-07-25 04:57:42 : 163,600,000 : 0 : 17,098,340,525 : 77%
2021-07-25 05:25:04 : 163,700,000 : 0 : 17,108,171,150 : 77%
2021-07-25 05:53:48 : 163,800,000 : 0 : 17,118,001,775 : 77%
2021-07-25 06:24:20 : 163,900,000 : 0 : 17,127,832,400 : 78%
2021-07-25 06:55:25 : 164,000,000 : 0 : 17,137,531,950 : 78%
2021-07-25 07:27:38 : 164,100,000 : 0 : 17,147,493,650 : 78%
2021-07-25 08:00:58 : 164,200,000 : 0 : 17,157,324,275 : 78%
2021-07-25 08:35:17 : 164,300,000 : 0 : 17,167,417,050 : 78%
2021-07-25 09:10:42 : 164,400,000 : 0 : 17,177,509,825 : 78%
2021-07-25 09:46:34 : 164,500,000 : 0 : 17,187,471,525 : 78%
2021-07-25 10:22:32 : 164,600,000 : 0 : 17,197,564,300 : 78%
2021-07-25 10:57:37 : 164,700,000 : 0 : 17,207,788,150 : 78%
2021-07-25 11:31:03 : 164,800,000 : 0 : 17,217,880,925 : 78%
2021-07-25 12:01:39 : 164,900,000 : 0 : 17,227,973,700 : 78%
2021-07-25 12:29:51 : 165,000,000 : 0 : 17,238,066,475 : 78%
2021-07-25 12:55:29 : 165,100,000 : 0 : 17,248,159,250 : 78%
2021-07-25 13:19:18 : 165,200,000 : 0 : 17,258,252,025 : 78%
2021-07-25 13:42:02 : 165,300,000 : 0 : 17,268,344,800 : 78%
2021-07-25 14:03:27 : 165,400,000 : 0 : 17,278,437,575 : 78%
2021-07-25 14:23:44 : 165,500,000 : 0 : 17,288,661,425 : 78%
2021-07-25 14:43:45 : 165,600,000 : 0 : 17,298,754,200 : 78%
2021-07-25 15:03:18 : 165,700,000 : 0 : 17,308,978,050 : 78%
2021-07-25 15:22:20 : 165,800,000 : 0 : 17,319,332,975 : 78%
2021-07-25 15:41:13 : 165,900,000 : 0 : 17,339,780,675 : 78%
2021-07-25 15:59:33 : 166,000,000 : 0 : 17,350,004,525 : 79%
2021-07-25 16:17:32 : 166,100,000 : 0 : 17,360,228,375 : 79%
2021-07-25 16:35:32 : 166,200,000 : 0 : 17,370,583,300 : 79%
2021-07-25 16:53:19 : 166,300,000 : 0 : 17,380,938,225 : 79%
2021-07-25 17:11:16 : 166,400,000 : 0 : 17,391,162,075 : 79%
2021-07-25 17:29:03 : 166,500,000 : 0 : 17,401,385,925 : 79%
2021-07-25 17:46:46 : 166,600,000 : 0 : 17,411,740,850 : 79%
2021-07-25 18:04:35 : 166,700,000 : 0 : 17,422,095,775 : 79%
2021-07-25 18:22:35 : 166,800,000 : 0 : 17,432,450,700 : 79%
2021-07-25 18:40:22 : 166,900,000 : 0 : 17,442,674,550 : 79%
2021-07-25 18:58:15 : 167,000,000 : 0 : 17,453,029,475 : 79%
2021-07-25 19:16:20 : 167,100,000 : 0 : 17,463,253,325 : 79%
2021-07-25 19:34:24 : 167,200,000 : 0 : 17,473,608,250 : 79%
2021-07-25 19:52:30 : 167,300,000 : 0 : 17,483,832,100 : 79%
2021-07-25 20:10:35 : 167,400,000 : 0 : 17,493,924,875 : 79%
2021-07-25 20:28:53 : 167,500,000 : 0 : 17,504,148,725 : 79%
2021-07-25 20:47:02 : 167,600,000 : 0 : 17,514,241,500 : 79%
2021-07-25 21:05:09 : 167,700,000 : 0 : 17,524,596,425 : 79%
2021-07-25 21:23:46 : 167,800,000 : 0 : 17,534,820,275 : 79%
2021-07-25 21:42:26 : 167,900,000 : 0 : 17,545,044,125 : 79%
2021-07-25 22:01:23 : 168,000,000 : 0 : 17,555,267,975 : 79%
2021-07-25 22:20:15 : 168,100,000 : 0 : 17,565,491,825 : 80%
2021-07-25 22:39:27 : 168,200,000 : 0 : 17,575,715,675 : 80%
2021-07-25 22:58:24 : 168,300,000 : 0 : 17,585,808,450 : 80%
2021-07-25 23:17:47 : 168,400,000 : 0 : 17,605,862,925 : 80%
2021-07-25 23:37:34 : 168,500,000 : 0 : 17,615,824,625 : 80%
2021-07-25 23:57:19 : 168,600,000 : 0 : 17,625,786,325 : 80%
2021-07-26 00:17:16 : 168,700,000 : 0 : 17,635,879,100 : 80%
2021-07-26 00:37:33 : 168,800,000 : 0 : 17,645,971,875 : 80%
2021-07-26 00:57:36 : 168,900,000 : 0 : 17,655,802,500 : 80%
2021-07-26 01:17:34 : 169,000,000 : 0 : 17,665,764,200 : 80%
2021-07-26 01:37:45 : 169,100,000 : 0 : 17,675,725,900 : 80%
2021-07-26 01:57:39 : 169,200,000 : 0 : 17,685,556,525 : 80%
2021-07-26 02:18:00 : 169,300,000 : 0 : 17,695,387,150 : 80%
2021-07-26 02:38:23 : 169,400,000 : 0 : 17,705,348,850 : 80%
2021-07-26 02:58:56 : 169,500,000 : 0 : 17,715,179,475 : 80%
2021-07-26 03:20:03 : 169,600,000 : 0 : 17,725,272,250 : 80%
2021-07-26 03:42:10 : 169,700,000 : 0 : 17,735,102,875 : 80%
2021-07-26 04:04:48 : 169,800,000 : 0 : 17,745,195,650 : 80%
2021-07-26 04:28:45 : 169,900,000 : 0 : 17,755,157,350 : 80%
2021-07-26 04:53:39 : 170,000,000 : 0 : 17,765,119,050 : 80%
2021-07-26 05:19:43 : 170,100,000 : 0 : 17,775,080,750 : 80%
2021-07-26 05:47:33 : 170,200,000 : 0 : 17,785,173,525 : 80%
2021-07-26 06:16:54 : 170,300,000 : 0 : 17,795,135,225 : 81%
2021-07-26 06:47:01 : 170,400,000 : 0 : 17,805,228,000 : 81%
2021-07-26 07:18:44 : 170,500,000 : 0 : 17,815,320,775 : 81%
2021-07-26 07:52:00 : 170,600,000 : 0 : 17,825,544,625 : 81%
2021-07-26 08:26:34 : 170,700,000 : 0 : 17,835,768,475 : 81%
2021-07-26 09:01:25 : 170,800,000 : 0 : 17,846,123,400 : 81%
2021-07-26 09:36:25 : 170,900,000 : 0 : 17,856,347,250 : 81%
2021-07-26 10:10:12 : 171,000,000 : 0 : 17,866,571,100 : 81%
2021-07-26 10:42:07 : 171,100,000 : 0 : 17,876,663,875 : 81%
2021-07-26 11:12:07 : 171,200,000 : 0 : 17,886,756,650 : 81%
2021-07-26 11:40:14 : 171,300,000 : 0 : 17,896,980,500 : 81%
2021-07-26 12:06:06 : 171,400,000 : 0 : 17,907,204,350 : 81%
2021-07-26 12:30:01 : 171,500,000 : 0 : 17,917,428,200 : 81%
2021-07-26 12:52:00 : 171,600,000 : 0 : 17,938,006,975 : 81%
2021-07-26 13:13:36 : 171,700,000 : 0 : 17,948,361,900 : 81%
2021-07-26 13:33:29 : 171,800,000 : 0 : 17,958,716,825 : 81%
2021-07-26 13:52:16 : 171,900,000 : 0 : 17,969,202,825 : 81%
2021-07-26 14:10:43 : 172,000,000 : 0 : 17,979,688,825 : 81%
2021-07-26 14:28:37 : 172,100,000 : 0 : 17,990,305,900 : 81%
2021-07-26 14:46:54 : 172,200,000 : 0 : 18,000,791,900 : 81%
2021-07-26 15:04:01 : 172,300,000 : 0 : 18,011,277,900 : 82%
2021-07-26 15:20:45 : 172,400,000 : 0 : 18,021,763,900 : 82%
2021-07-26 15:37:04 : 172,500,000 : 0 : 18,032,380,975 : 82%
2021-07-26 15:53:20 : 172,600,000 : 0 : 18,042,998,050 : 82%
2021-07-26 16:09:45 : 172,700,000 : 0 : 18,053,615,125 : 82%
2021-07-26 16:26:02 : 172,800,000 : 0 : 18,064,101,125 : 82%
2021-07-26 16:42:09 : 172,900,000 : 0 : 18,074,718,200 : 82%
2021-07-26 16:58:13 : 173,000,000 : 0 : 18,085,204,200 : 82%
2021-07-26 17:14:13 : 173,100,000 : 0 : 18,095,821,275 : 82%
2021-07-26 17:30:05 : 173,200,000 : 0 : 18,106,307,275 : 82%
2021-07-26 17:45:56 : 173,300,000 : 0 : 18,116,793,275 : 82%
2021-07-26 18:01:58 : 173,400,000 : 0 : 18,127,279,275 : 82%
2021-07-26 18:18:14 : 173,500,000 : 0 : 18,137,765,275 : 82%
2021-07-26 18:34:22 : 173,600,000 : 0 : 18,148,382,350 : 82%
2021-07-26 18:50:27 : 173,700,000 : 0 : 18,158,868,350 : 82%
2021-07-26 19:06:40 : 173,800,000 : 0 : 18,169,354,350 : 82%
2021-07-26 19:23:16 : 173,900,000 : 0 : 18,179,840,350 : 82%
2021-07-26 19:39:58 : 174,000,000 : 0 : 18,200,812,350 : 82%
2021-07-26 19:56:22 : 174,100,000 : 0 : 18,211,167,275 : 82%
2021-07-26 20:12:46 : 174,200,000 : 0 : 18,221,653,275 : 82%
2021-07-26 20:29:04 : 174,300,000 : 0 : 18,232,008,200 : 83%
2021-07-26 20:45:33 : 174,400,000 : 0 : 18,242,363,125 : 83%
2021-07-26 21:02:00 : 174,500,000 : 0 : 18,252,718,050 : 83%
2021-07-26 21:18:42 : 174,600,000 : 0 : 18,263,204,050 : 83%
2021-07-26 21:35:47 : 174,700,000 : 0 : 18,273,558,975 : 83%
2021-07-26 21:53:01 : 174,800,000 : 0 : 18,283,913,900 : 83%
2021-07-26 22:10:21 : 174,900,000 : 0 : 18,294,399,900 : 83%
2021-07-26 22:27:47 : 175,000,000 : 0 : 18,304,623,750 : 83%
2021-07-26 22:45:58 : 175,100,000 : 0 : 18,314,978,675 : 83%
2021-07-26 23:04:05 : 175,200,000 : 0 : 18,325,202,525 : 83%
2021-07-26 23:22:22 : 175,300,000 : 0 : 18,335,426,375 : 83%
2021-07-26 23:41:11 : 175,400,000 : 0 : 18,345,650,225 : 83%
2021-07-27 00:00:07 : 175,500,000 : 0 : 18,356,005,150 : 83%
2021-07-27 00:19:03 : 175,600,000 : 0 : 18,366,097,925 : 83%
2021-07-27 00:37:55 : 175,700,000 : 0 : 18,376,190,700 : 83%
2021-07-27 00:56:46 : 175,800,000 : 0 : 18,386,283,475 : 83%
2021-07-27 01:15:29 : 175,900,000 : 0 : 18,396,376,250 : 83%
2021-07-27 01:34:21 : 176,000,000 : 0 : 18,406,337,950 : 83%
2021-07-27 01:52:50 : 176,100,000 : 0 : 18,416,299,650 : 83%
2021-07-27 02:11:48 : 176,200,000 : 0 : 18,426,261,350 : 83%
2021-07-27 02:31:05 : 176,300,000 : 0 : 18,436,354,125 : 83%
2021-07-27 02:50:36 : 176,400,000 : 0 : 18,446,315,825 : 83%
2021-07-27 03:11:00 : 176,500,000 : 0 : 18,456,277,525 : 84%
2021-07-27 03:32:17 : 176,600,000 : 0 : 18,466,370,300 : 84%
2021-07-27 03:54:09 : 176,700,000 : 0 : 18,476,463,075 : 84%
2021-07-27 04:16:53 : 176,800,000 : 0 : 18,496,517,550 : 84%
2021-07-27 04:41:03 : 176,900,000 : 0 : 18,506,479,250 : 84%
2021-07-27 05:06:41 : 177,000,000 : 0 : 18,516,572,025 : 84%
2021-07-27 05:34:06 : 177,100,000 : 0 : 18,526,533,725 : 84%
2021-07-27 06:02:43 : 177,200,000 : 0 : 18,536,626,500 : 84%
2021-07-27 06:32:53 : 177,300,000 : 0 : 18,546,719,275 : 84%
2021-07-27 07:04:14 : 177,400,000 : 0 : 18,556,943,125 : 84%
2021-07-27 07:37:06 : 177,500,000 : 0 : 18,567,166,975 : 84%
2021-07-27 08:10:59 : 177,600,000 : 0 : 18,577,390,825 : 84%
2021-07-27 08:45:28 : 177,700,000 : 0 : 18,587,614,675 : 84%
2021-07-27 09:19:52 : 177,800,000 : 0 : 18,597,838,525 : 84%
2021-07-27 09:53:08 : 177,900,000 : 0 : 18,608,062,375 : 84%
2021-07-27 10:25:27 : 178,000,000 : 0 : 18,618,286,225 : 84%
2021-07-27 10:54:56 : 178,100,000 : 0 : 18,628,379,000 : 84%
2021-07-27 11:22:12 : 178,200,000 : 0 : 18,638,602,850 : 84%
2021-07-27 11:47:36 : 178,300,000 : 0 : 18,648,957,775 : 84%
2021-07-27 12:11:12 : 178,400,000 : 0 : 18,659,181,625 : 84%
2021-07-27 12:33:22 : 178,500,000 : 0 : 18,669,536,550 : 85%
2021-07-27 12:54:00 : 178,600,000 : 0 : 18,679,891,475 : 85%
2021-07-27 13:13:58 : 178,700,000 : 0 : 18,690,377,475 : 85%
2021-07-27 13:33:11 : 178,800,000 : 0 : 18,700,863,475 : 85%
2021-07-27 13:51:41 : 178,900,000 : 0 : 18,711,480,550 : 85%
2021-07-27 14:09:30 : 179,000,000 : 0 : 18,722,097,625 : 85%
2021-07-27 14:24:28 : 179,100,000 : 0 : 18,729,437,825 : 85%
2021-07-27 14:41:45 : 179,200,000 : 0 : 18,737,957,700 : 85%
2021-07-27 15:00:14 : 179,300,000 : 0 : 18,748,574,775 : 85%
2021-07-27 15:17:21 : 179,400,000 : 0 : 18,759,060,775 : 85%
2021-07-27 15:33:47 : 179,500,000 : 0 : 18,780,294,925 : 85%
2021-07-27 15:49:41 : 179,600,000 : 0 : 18,790,912,000 : 85%
2021-07-27 16:06:02 : 179,700,000 : 0 : 18,801,398,000 : 85%
2021-07-27 16:22:15 : 179,800,000 : 0 : 18,811,884,000 : 85%
2021-07-27 16:38:09 : 179,900,000 : 0 : 18,822,501,075 : 85%
2021-07-27 16:53:55 : 180,000,000 : 0 : 18,832,987,075 : 85%
2021-07-27 17:09:46 : 180,100,000 : 0 : 18,843,473,075 : 85%
2021-07-27 17:25:46 : 180,200,000 : 0 : 18,854,090,150 : 85%
2021-07-27 17:41:35 : 180,300,000 : 0 : 18,864,576,150 : 85%
2021-07-27 17:57:28 : 180,400,000 : 0 : 18,875,062,150 : 85%
2021-07-27 18:13:24 : 180,500,000 : 0 : 18,885,417,075 : 85%
2021-07-27 18:29:25 : 180,600,000 : 0 : 18,896,034,150 : 86%
2021-07-27 18:45:39 : 180,700,000 : 0 : 18,906,389,075 : 86%
2021-07-27 19:01:52 : 180,800,000 : 0 : 18,917,006,150 : 86%
2021-07-27 19:18:19 : 180,900,000 : 0 : 18,927,492,150 : 86%
2021-07-27 19:34:38 : 181,000,000 : 0 : 18,937,978,150 : 86%
2021-07-27 19:51:01 : 181,100,000 : 0 : 18,948,333,075 : 86%
2021-07-27 20:07:26 : 181,200,000 : 0 : 18,958,819,075 : 86%
2021-07-27 20:23:46 : 181,300,000 : 0 : 18,969,174,000 : 86%
2021-07-27 20:40:21 : 181,400,000 : 0 : 18,979,528,925 : 86%
2021-07-27 20:56:53 : 181,500,000 : 0 : 18,989,883,850 : 86%
2021-07-27 21:13:25 : 181,600,000 : 0 : 19,000,238,775 : 86%
2021-07-27 21:29:38 : 181,700,000 : 0 : 19,010,593,700 : 86%
2021-07-27 21:46:06 : 181,800,000 : 0 : 19,020,948,625 : 86%
2021-07-27 22:02:44 : 181,900,000 : 0 : 19,031,303,550 : 86%
2021-07-27 22:19:46 : 182,000,000 : 0 : 19,052,013,400 : 86%
2021-07-27 22:37:04 : 182,100,000 : 0 : 19,062,368,325 : 86%
2021-07-27 22:54:30 : 182,200,000 : 0 : 19,072,592,175 : 86%
2021-07-27 23:12:12 : 182,300,000 : 0 : 19,082,816,025 : 86%
2021-07-27 23:29:43 : 182,400,000 : 0 : 19,093,039,875 : 86%
2021-07-27 23:47:41 : 182,500,000 : 0 : 19,103,263,725 : 86%
2021-07-28 00:05:54 : 182,600,000 : 0 : 19,113,356,500 : 87%
2021-07-28 00:24:10 : 182,700,000 : 0 : 19,123,449,275 : 87%
2021-07-28 00:42:33 : 182,800,000 : 0 : 19,133,542,050 : 87%
2021-07-28 01:01:11 : 182,900,000 : 0 : 19,143,503,750 : 87%
2021-07-28 01:19:30 : 183,000,000 : 0 : 19,153,596,525 : 87%
2021-07-28 01:37:52 : 183,100,000 : 0 : 19,163,689,300 : 87%
2021-07-28 01:56:18 : 183,200,000 : 0 : 19,173,651,000 : 87%
2021-07-28 02:15:01 : 183,300,000 : 0 : 19,183,743,775 : 87%
2021-07-28 02:33:30 : 183,400,000 : 0 : 19,193,705,475 : 87%
2021-07-28 02:52:40 : 183,500,000 : 0 : 19,203,798,250 : 87%
2021-07-28 03:12:35 : 183,600,000 : 0 : 19,213,759,950 : 87%
2021-07-28 03:32:34 : 183,700,000 : 0 : 19,223,852,725 : 87%
2021-07-28 03:53:12 : 183,800,000 : 0 : 19,233,814,425 : 87%
2021-07-28 04:14:55 : 183,900,000 : 0 : 19,243,776,125 : 87%
2021-07-28 04:37:28 : 184,000,000 : 0 : 19,253,737,825 : 87%
2021-07-28 05:01:27 : 184,100,000 : 0 : 19,263,830,600 : 87%
2021-07-28 05:26:30 : 184,200,000 : 0 : 19,273,923,375 : 87%
2021-07-28 05:53:17 : 184,300,000 : 0 : 19,284,016,150 : 87%
2021-07-28 06:21:26 : 184,400,000 : 0 : 19,294,240,000 : 87%
2021-07-28 06:50:59 : 184,500,000 : 0 : 19,304,463,850 : 87%
2021-07-28 07:22:11 : 184,600,000 : 0 : 19,314,818,775 : 87%
2021-07-28 07:54:08 : 184,700,000 : 0 : 19,325,042,625 : 87%
2021-07-28 08:27:17 : 184,800,000 : 0 : 19,335,397,550 : 88%
2021-07-28 09:01:01 : 184,900,000 : 0 : 19,345,621,400 : 88%
2021-07-28 09:34:18 : 185,000,000 : 0 : 19,366,200,175 : 88%
2021-07-28 10:07:08 : 185,100,000 : 0 : 19,376,555,100 : 88%
2021-07-28 10:38:11 : 185,200,000 : 0 : 19,386,910,025 : 88%
2021-07-28 11:07:28 : 185,300,000 : 0 : 19,397,264,950 : 88%
2021-07-28 11:34:01 : 185,400,000 : 0 : 19,407,619,875 : 88%
2021-07-28 11:58:32 : 185,500,000 : 0 : 19,417,974,800 : 88%
2021-07-28 12:21:41 : 185,600,000 : 0 : 19,428,460,800 : 88%
2021-07-28 12:43:11 : 185,700,000 : 0 : 19,438,946,800 : 88%
2021-07-28 13:03:21 : 185,800,000 : 0 : 19,449,563,875 : 88%
2021-07-28 13:22:33 : 185,900,000 : 0 : 19,460,049,875 : 88%
2021-07-28 13:41:05 : 186,000,000 : 0 : 19,470,535,875 : 88%
2021-07-28 13:58:36 : 186,100,000 : 0 : 19,481,152,950 : 88%
2021-07-28 14:15:31 : 186,200,000 : 0 : 19,491,770,025 : 88%
2021-07-28 14:31:56 : 186,300,000 : 0 : 19,502,256,025 : 88%
2021-07-28 14:48:04 : 186,400,000 : 0 : 19,512,873,100 : 88%
2021-07-28 15:04:09 : 186,500,000 : 0 : 19,523,490,175 : 88%
2021-07-28 15:20:08 : 186,600,000 : 0 : 19,534,107,250 : 88%
2021-07-28 15:35:39 : 186,700,000 : 0 : 19,544,724,325 : 88%
2021-07-28 15:50:53 : 186,800,000 : 0 : 19,555,341,400 : 89%
2021-07-28 16:06:06 : 186,900,000 : 0 : 19,565,958,475 : 89%
2021-07-28 16:21:32 : 187,000,000 : 0 : 19,576,575,550 : 89%
2021-07-28 16:36:34 : 187,100,000 : 0 : 19,587,061,550 : 89%
2021-07-28 16:51:31 : 187,200,000 : 0 : 19,597,678,625 : 89%
2021-07-28 17:06:43 : 187,300,000 : 0 : 19,608,164,625 : 89%
2021-07-28 17:21:59 : 187,400,000 : 0 : 19,629,267,700 : 89%
2021-07-28 17:37:15 : 187,500,000 : 0 : 19,639,884,775 : 89%
2021-07-28 17:52:25 : 187,600,000 : 0 : 19,650,370,775 : 89%
2021-07-28 18:08:08 : 187,700,000 : 0 : 19,660,856,775 : 89%
2021-07-28 18:23:43 : 187,800,000 : 0 : 19,671,342,775 : 89%
2021-07-28 18:39:02 : 187,900,000 : 0 : 19,681,828,775 : 89%
2021-07-28 18:54:36 : 188,000,000 : 0 : 19,692,314,775 : 89%
2021-07-28 19:10:24 : 188,100,000 : 0 : 19,702,669,700 : 89%
2021-07-28 19:26:16 : 188,200,000 : 0 : 19,713,155,700 : 89%
2021-07-28 19:42:06 : 188,300,000 : 0 : 19,723,641,700 : 89%
2021-07-28 19:57:47 : 188,400,000 : 0 : 19,734,127,700 : 89%
2021-07-28 20:13:27 : 188,500,000 : 0 : 19,744,482,625 : 89%
2021-07-28 20:29:01 : 188,600,000 : 0 : 19,754,837,550 : 89%
2021-07-28 20:44:28 : 188,700,000 : 0 : 19,765,192,475 : 89%
2021-07-28 21:00:04 : 188,800,000 : 0 : 19,775,547,400 : 90%
2021-07-28 21:16:07 : 188,900,000 : 0 : 19,786,033,400 : 90%
2021-07-28 21:32:24 : 189,000,000 : 0 : 19,796,388,325 : 90%
2021-07-28 21:48:56 : 189,100,000 : 0 : 19,806,743,250 : 90%
2021-07-28 22:05:49 : 189,200,000 : 0 : 19,817,229,250 : 90%
2021-07-28 22:22:48 : 189,300,000 : 0 : 19,827,453,100 : 90%
2021-07-28 22:40:01 : 189,400,000 : 0 : 19,837,676,950 : 90%
2021-07-28 22:57:23 : 189,500,000 : 0 : 19,848,031,875 : 90%
2021-07-28 23:15:09 : 189,600,000 : 0 : 19,858,255,725 : 90%
2021-07-28 23:33:07 : 189,700,000 : 0 : 19,868,479,575 : 90%
2021-07-28 23:51:18 : 189,800,000 : 0 : 19,878,703,425 : 90%
2021-07-29 00:09:31 : 189,900,000 : 0 : 19,888,796,200 : 90%
2021-07-29 00:27:40 : 190,000,000 : 0 : 19,908,719,600 : 90%
2021-07-29 00:45:45 : 190,100,000 : 0 : 19,918,812,375 : 90%
2021-07-29 01:03:54 : 190,200,000 : 0 : 19,928,643,000 : 90%
2021-07-29 01:22:02 : 190,300,000 : 0 : 19,938,604,700 : 90%
2021-07-29 01:40:07 : 190,400,000 : 0 : 19,948,435,325 : 90%
2021-07-29 01:57:43 : 190,500,000 : 0 : 19,958,265,950 : 90%
2021-07-29 02:15:40 : 190,600,000 : 0 : 19,968,227,650 : 90%
2021-07-29 02:34:14 : 190,700,000 : 0 : 19,978,058,275 : 90%
2021-07-29 02:53:20 : 190,800,000 : 0 : 19,988,151,050 : 90%
2021-07-29 03:12:56 : 190,900,000 : 0 : 19,998,112,750 : 91%
2021-07-29 03:33:07 : 191,000,000 : 0 : 20,008,074,450 : 91%
2021-07-29 03:54:13 : 191,100,000 : 0 : 20,018,036,150 : 91%
2021-07-29 04:16:09 : 191,200,000 : 0 : 20,028,128,925 : 91%
2021-07-29 04:39:10 : 191,300,000 : 0 : 20,038,090,625 : 91%
2021-07-29 05:03:26 : 191,400,000 : 0 : 20,048,183,400 : 91%
2021-07-29 05:28:56 : 191,500,000 : 0 : 20,058,276,175 : 91%
2021-07-29 05:55:49 : 191,600,000 : 0 : 20,068,368,950 : 91%
2021-07-29 06:24:13 : 191,700,000 : 0 : 20,078,461,725 : 91%
2021-07-29 06:54:01 : 191,800,000 : 0 : 20,088,685,575 : 91%
2021-07-29 07:25:32 : 191,900,000 : 0 : 20,098,909,425 : 91%
2021-07-29 07:57:46 : 192,000,000 : 0 : 20,109,002,200 : 91%
2021-07-29 08:30:38 : 192,100,000 : 0 : 20,119,357,125 : 91%
2021-07-29 09:03:59 : 192,200,000 : 0 : 20,129,580,975 : 91%
2021-07-29 09:37:19 : 192,300,000 : 0 : 20,139,804,825 : 91%
2021-07-29 10:09:36 : 192,400,000 : 0 : 20,150,028,675 : 91%
2021-07-29 10:39:48 : 192,500,000 : 0 : 20,160,121,450 : 91%
2021-07-29 11:08:13 : 192,600,000 : 0 : 20,170,345,300 : 91%
2021-07-29 11:34:35 : 192,700,000 : 0 : 20,180,569,150 : 91%
2021-07-29 11:58:34 : 192,800,000 : 0 : 20,190,661,925 : 91%
2021-07-29 12:21:23 : 192,900,000 : 0 : 20,200,885,775 : 91%
2021-07-29 12:42:27 : 193,000,000 : 0 : 20,211,240,700 : 91%
2021-07-29 13:02:09 : 193,100,000 : 0 : 20,221,464,550 : 92%
2021-07-29 13:21:17 : 193,200,000 : 0 : 20,242,305,475 : 92%
2021-07-29 13:39:27 : 193,300,000 : 0 : 20,252,791,475 : 92%
2021-07-29 13:57:11 : 193,400,000 : 0 : 20,263,408,550 : 92%
2021-07-29 14:14:28 : 193,500,000 : 0 : 20,274,025,625 : 92%
2021-07-29 14:31:18 : 193,600,000 : 0 : 20,284,642,700 : 92%
2021-07-29 14:47:41 : 193,700,000 : 0 : 20,295,128,700 : 92%
2021-07-29 15:03:40 : 193,800,000 : 0 : 20,305,745,775 : 92%
2021-07-29 15:19:31 : 193,900,000 : 0 : 20,316,362,850 : 92%
2021-07-29 15:34:59 : 194,000,000 : 0 : 20,326,979,925 : 92%
2021-07-29 15:50:26 : 194,100,000 : 0 : 20,337,597,000 : 92%
2021-07-29 16:05:49 : 194,200,000 : 0 : 20,348,214,075 : 92%
2021-07-29 16:21:19 : 194,300,000 : 0 : 20,358,700,075 : 92%
2021-07-29 16:36:35 : 194,400,000 : 0 : 20,369,317,150 : 92%
2021-07-29 16:51:32 : 194,500,000 : 0 : 20,379,803,150 : 92%
2021-07-29 17:06:34 : 194,600,000 : 0 : 20,390,420,225 : 92%
2021-07-29 17:21:40 : 194,700,000 : 0 : 20,400,775,150 : 92%
2021-07-29 17:36:37 : 194,800,000 : 0 : 20,411,261,150 : 92%
2021-07-29 17:51:36 : 194,900,000 : 0 : 20,421,747,150 : 92%
2021-07-29 18:06:51 : 195,000,000 : 0 : 20,432,233,150 : 92%
2021-07-29 18:22:11 : 195,100,000 : 0 : 20,442,719,150 : 93%
2021-07-29 18:37:37 : 195,200,000 : 0 : 20,453,205,150 : 93%
2021-07-29 18:52:53 : 195,300,000 : 0 : 20,463,691,150 : 93%
2021-07-29 19:08:17 : 195,400,000 : 0 : 20,474,177,150 : 93%
2021-07-29 19:23:51 : 195,500,000 : 0 : 20,484,663,150 : 93%
2021-07-29 19:39:20 : 195,600,000 : 0 : 20,495,149,150 : 93%
2021-07-29 19:54:47 : 195,700,000 : 0 : 20,515,859,000 : 93%
2021-07-29 20:10:15 : 195,800,000 : 0 : 20,526,213,925 : 93%
2021-07-29 20:25:34 : 195,900,000 : 0 : 20,536,568,850 : 93%
2021-07-29 20:41:01 : 196,000,000 : 0 : 20,546,923,775 : 93%
2021-07-29 20:56:30 : 196,100,000 : 0 : 20,557,278,700 : 93%
2021-07-29 21:12:16 : 196,200,000 : 0 : 20,567,633,625 : 93%
2021-07-29 21:28:13 : 196,300,000 : 0 : 20,577,857,475 : 93%
2021-07-29 21:44:10 : 196,400,000 : 0 : 20,588,212,400 : 93%
2021-07-29 22:00:24 : 196,500,000 : 0 : 20,598,436,250 : 93%
2021-07-29 22:17:00 : 196,600,000 : 0 : 20,608,660,100 : 93%
2021-07-29 22:33:54 : 196,700,000 : 0 : 20,619,015,025 : 93%
2021-07-29 22:50:58 : 196,800,000 : 0 : 20,629,238,875 : 93%
Decoding error with 134,217,728 bytes, reading another chunk
2021-07-29 23:08:20 : 196,900,000 : 0 : 20,649,686,575 : 93%
2021-07-29 23:25:58 : 197,000,000 : 0 : 20,649,686,575 : 93%
2021-07-29 23:43:51 : 197,100,000 : 0 : 20,659,910,425 : 94%
2021-07-30 00:01:46 : 197,200,000 : 0 : 20,669,872,125 : 94%
2021-07-30 00:19:36 : 197,300,000 : 0 : 20,679,833,825 : 94%
2021-07-30 00:36:42 : 197,400,000 : 0 : 20,689,533,375 : 94%
2021-07-30 00:53:47 : 197,500,000 : 0 : 20,699,232,925 : 94%
2021-07-30 01:11:01 : 197,600,000 : 0 : 20,709,063,550 : 94%
2021-07-30 01:28:19 : 197,700,000 : 0 : 20,718,763,100 : 94%
2021-07-30 01:45:56 : 197,800,000 : 0 : 20,728,593,725 : 94%
2021-07-30 02:03:50 : 197,900,000 : 0 : 20,738,424,350 : 94%
2021-07-30 02:22:00 : 198,000,000 : 0 : 20,748,254,975 : 94%
2021-07-30 02:40:35 : 198,100,000 : 0 : 20,758,085,600 : 94%
2021-07-30 02:59:50 : 198,200,000 : 0 : 20,768,047,300 : 94%
2021-07-30 03:19:18 : 198,300,000 : 0 : 20,777,877,925 : 94%
2021-07-30 03:39:09 : 198,400,000 : 0 : 20,787,708,550 : 94%
2021-07-30 03:59:42 : 198,500,000 : 0 : 20,797,539,175 : 94%
2021-07-30 04:20:49 : 198,600,000 : 0 : 20,807,238,725 : 94%
2021-07-30 04:42:42 : 198,700,000 : 0 : 20,817,200,425 : 94%
2021-07-30 05:06:28 : 198,800,000 : 0 : 20,827,031,050 : 94%
2021-07-30 05:31:52 : 198,900,000 : 0 : 20,837,123,825 : 94%
2021-07-30 05:59:05 : 199,000,000 : 0 : 20,847,216,600 : 94%
2021-07-30 06:27:37 : 199,100,000 : 0 : 20,867,402,150 : 94%
2021-07-30 06:57:27 : 199,200,000 : 0 : 20,877,626,000 : 94%
2021-07-30 07:28:06 : 199,300,000 : 0 : 20,887,849,850 : 95%
2021-07-30 07:59:57 : 199,400,000 : 0 : 20,898,073,700 : 95%
2021-07-30 08:32:27 : 199,500,000 : 0 : 20,908,166,475 : 95%
2021-07-30 09:05:50 : 199,600,000 : 0 : 20,918,390,325 : 95%
2021-07-30 09:38:58 : 199,700,000 : 0 : 20,928,614,175 : 95%
2021-07-30 10:11:33 : 199,800,000 : 0 : 20,938,706,950 : 95%
2021-07-30 10:42:18 : 199,900,000 : 0 : 20,948,799,725 : 95%
2021-07-30 11:10:53 : 200,000,000 : 0 : 20,959,023,575 : 95%
2021-07-30 11:36:55 : 200,100,000 : 0 : 20,969,247,425 : 95%
2021-07-30 12:01:38 : 200,200,000 : 0 : 20,979,340,200 : 95%
2021-07-30 12:24:22 : 200,300,000 : 0 : 20,989,564,050 : 95%
2021-07-30 12:45:28 : 200,400,000 : 0 : 20,999,918,975 : 95%
2021-07-30 13:05:31 : 200,500,000 : 0 : 21,010,404,975 : 95%
2021-07-30 13:24:42 : 200,600,000 : 0 : 21,020,628,825 : 95%
2021-07-30 13:43:00 : 200,700,000 : 0 : 21,030,983,750 : 95%
2021-07-30 14:00:38 : 200,800,000 : 0 : 21,041,469,750 : 95%
2021-07-30 14:18:05 : 200,900,000 : 0 : 21,051,955,750 : 95%
2021-07-30 14:34:59 : 201,000,000 : 0 : 21,062,572,825 : 95%
2021-07-30 14:51:33 : 201,100,000 : 0 : 21,073,058,825 : 95%
2021-07-30 15:07:58 : 201,200,000 : 0 : 21,083,675,900 : 95%
2021-07-30 15:24:12 : 201,300,000 : 0 : 21,094,161,900 : 95%
2021-07-30 15:38:49 : 201,400,000 : 0 : 21,103,861,450 : 96%
2021-07-30 15:54:00 : 201,500,000 : 0 : 21,113,823,150 : 96%
2021-07-30 16:08:28 : 201,600,000 : 0 : 21,124,309,150 : 96%
2021-07-30 16:23:58 : 201,700,000 : 0 : 21,134,795,150 : 96%
2021-07-30 16:39:34 : 201,800,000 : 0 : 21,145,150,075 : 96%
2021-07-30 16:55:08 : 201,900,000 : 0 : 21,155,636,075 : 96%
2021-07-30 17:10:52 : 202,000,000 : 0 : 21,166,122,075 : 96%
2021-07-30 17:26:34 : 202,100,000 : 0 : 21,186,963,000 : 96%
2021-07-30 17:42:28 : 202,200,000 : 0 : 21,197,449,000 : 96%
2021-07-30 17:58:22 : 202,300,000 : 0 : 21,207,935,000 : 96%
2021-07-30 18:14:35 : 202,400,000 : 0 : 21,218,289,925 : 96%
2021-07-30 18:30:34 : 202,500,000 : 0 : 21,228,120,550 : 96%
2021-07-30 18:45:13 : 202,600,000 : 0 : 21,238,475,475 : 96%
2021-07-30 19:00:59 : 202,700,000 : 0 : 21,248,699,325 : 96%
2021-07-30 19:16:59 : 202,800,000 : 0 : 21,258,529,950 : 96%
2021-07-30 19:31:41 : 202,900,000 : 0 : 21,268,753,800 : 96%
2021-07-30 19:47:49 : 203,000,000 : 0 : 21,278,977,650 : 96%
2021-07-30 20:03:33 : 203,100,000 : 0 : 21,289,070,425 : 96%
2021-07-30 20:19:16 : 203,200,000 : 0 : 21,299,163,200 : 96%
2021-07-30 20:35:03 : 203,300,000 : 0 : 21,309,387,050 : 96%
2021-07-30 20:51:15 : 203,400,000 : 0 : 21,319,610,900 : 96%
2021-07-30 21:06:28 : 203,500,000 : 0 : 21,329,310,450 : 97%
2021-07-30 21:23:22 : 203,600,000 : 0 : 21,339,665,375 : 97%
2021-07-30 21:40:32 : 203,700,000 : 0 : 21,349,889,225 : 97%
2021-07-30 21:57:50 : 203,800,000 : 0 : 21,360,113,075 : 97%
2021-07-30 22:15:37 : 203,900,000 : 0 : 21,370,205,850 : 97%
2021-07-30 22:33:43 : 204,000,000 : 0 : 21,380,429,700 : 97%
2021-07-30 22:51:53 : 204,100,000 : 0 : 21,390,653,550 : 97%
2021-07-30 23:10:29 : 204,200,000 : 0 : 21,400,746,325 : 97%
2021-07-30 23:29:05 : 204,300,000 : 0 : 21,410,839,100 : 97%
2021-07-30 23:48:08 : 204,400,000 : 0 : 21,420,800,800 : 97%
2021-07-31 00:07:19 : 204,500,000 : 0 : 21,430,762,500 : 97%
2021-07-31 00:26:57 : 204,600,000 : 0 : 21,440,724,200 : 97%
2021-07-31 00:46:25 : 204,700,000 : 0 : 21,450,554,825 : 97%
2021-07-31 01:05:46 : 204,800,000 : 0 : 21,460,385,450 : 97%
2021-07-31 01:25:17 : 204,900,000 : 0 : 21,470,216,075 : 97%
2021-07-31 01:45:08 : 205,000,000 : 0 : 21,479,915,625 : 97%
2021-07-31 02:04:43 : 205,100,000 : 0 : 21,489,484,100 : 97%
2021-07-31 02:24:55 : 205,200,000 : 0 : 21,499,183,650 : 97%
2021-07-31 02:45:25 : 205,300,000 : 0 : 21,509,014,275 : 97%
2021-07-31 03:06:25 : 205,400,000 : 0 : 21,528,282,300 : 97%
2021-07-31 03:27:52 : 205,500,000 : 0 : 21,538,112,925 : 97%
2021-07-31 03:49:57 : 205,600,000 : 0 : 21,547,812,475 : 98%
2021-07-31 04:12:30 : 205,700,000 : 0 : 21,557,512,025 : 98%
2021-07-31 04:36:10 : 205,800,000 : 0 : 21,567,211,575 : 98%
2021-07-31 05:01:18 : 205,900,000 : 0 : 21,577,042,200 : 98%
2021-07-31 05:27:42 : 206,000,000 : 0 : 21,586,741,750 : 98%
2021-07-31 05:55:17 : 206,100,000 : 0 : 21,596,572,375 : 98%
2021-07-31 06:24:30 : 206,200,000 : 0 : 21,606,271,925 : 98%
2021-07-31 06:55:21 : 206,300,000 : 0 : 21,615,971,475 : 98%
2021-07-31 07:26:46 : 206,400,000 : 0 : 21,625,671,025 : 98%
2021-07-31 07:59:05 : 206,500,000 : 0 : 21,635,632,725 : 98%
2021-07-31 08:33:49 : 206,600,000 : 0 : 21,645,594,425 : 98%
2021-07-31 09:09:20 : 206,700,000 : 0 : 21,655,556,125 : 98%
2021-07-31 09:45:24 : 206,800,000 : 0 : 21,665,517,825 : 98%
2021-07-31 10:20:45 : 206,900,000 : 0 : 21,675,479,525 : 98%
2021-07-31 10:55:03 : 207,000,000 : 0 : 21,685,441,225 : 98%
2021-07-31 11:27:01 : 207,100,000 : 0 : 21,695,402,925 : 98%
2021-07-31 11:56:41 : 207,200,000 : 0 : 21,705,364,625 : 98%
2021-07-31 12:23:49 : 207,300,000 : 0 : 21,715,588,475 : 98%
2021-07-31 12:48:46 : 207,400,000 : 0 : 21,725,681,250 : 98%
2021-07-31 13:12:10 : 207,500,000 : 0 : 21,735,774,025 : 98%
2021-07-31 13:34:08 : 207,600,000 : 0 : 21,745,866,800 : 98%
2021-07-31 13:54:38 : 207,700,000 : 0 : 21,756,090,650 : 98%
2021-07-31 14:14:04 : 207,800,000 : 0 : 21,765,921,275 : 99%
2021-07-31 14:32:12 : 207,900,000 : 0 : 21,776,014,050 : 99%
2021-07-31 14:49:42 : 208,000,000 : 0 : 21,785,844,675 : 99%
2021-07-31 15:08:16 : 208,100,000 : 0 : 21,796,068,525 : 99%
2021-07-31 15:26:41 : 208,200,000 : 0 : 21,806,292,375 : 99%
2021-07-31 15:44:59 : 208,300,000 : 0 : 21,816,647,300 : 99%
2021-07-31 16:02:57 : 208,400,000 : 0 : 21,827,002,225 : 99%
2021-07-31 16:19:43 : 208,500,000 : 0 : 21,836,832,850 : 99%
2021-07-31 16:37:37 : 208,600,000 : 0 : 21,847,056,700 : 99%
2021-07-31 16:55:12 : 208,700,000 : 0 : 21,857,280,550 : 99%
2021-07-31 17:12:49 : 208,800,000 : 0 : 21,867,635,475 : 99%
2021-07-31 17:30:27 : 208,900,000 : 0 : 21,888,083,175 : 99%
2021-07-31 17:48:15 : 209,000,000 : 0 : 21,898,307,025 : 99%
2021-07-31 18:06:10 : 209,100,000 : 0 : 21,908,530,875 : 99%
2021-07-31 18:24:17 : 209,200,000 : 0 : 21,918,885,800 : 99%
2021-07-31 18:42:43 : 209,300,000 : 0 : 21,929,109,650 : 99%
2021-07-31 19:01:19 : 209,400,000 : 0 : 21,939,333,500 : 99%
2021-07-31 19:19:53 : 209,500,000 : 0 : 21,949,557,350 : 99%
2021-07-31 19:38:33 : 209,600,000 : 0 : 21,959,781,200 : 99%
2021-07-31 19:57:30 : 209,700,000 : 0 : 21,969,873,975 : 99%
2021-07-31 20:16:09 : 209,800,000 : 0 : 21,980,097,825 : 99%
2021-07-31 20:35:03 : 209,900,000 : 0 : 21,990,321,675 : 100%
2021-07-31 20:53:54 : 210,000,000 : 0 : 22,000,414,450 : 100%
2021-07-31 21:12:43 : 210,100,000 : 0 : 22,010,638,300 : 100%
2021-07-31 21:31:44 : 210,200,000 : 0 : 22,020,731,075 : 100%
2021-07-31 21:50:55 : 210,300,000 : 0 : 22,030,954,925 : 100%
2021-07-31 22:10:07 : 210,400,000 : 0 : 22,041,047,700 : 100%
2021-07-31 22:29:30 : 210,500,000 : 0 : 22,051,140,475 : 100%
2021-07-31 22:49:06 : 210,600,000 : 0 : 22,061,102,175 : 100%
2021-07-31 23:08:45 : 210,700,000 : 0 : 22,071,194,950 : 100%
2021-07-31 23:28:40 : 210,800,000 : 0 : 22,081,156,650 : 100%
2021-07-31 23:48:42 : 210,900,000 : 0 : 22,091,118,350 : 100%
2021-08-01 00:20:03 : 100,000 : 0 : 21,496,300 : 0%
2021-08-01 00:39:57 : 200,000 : 0 : 31,720,150 : 0%
2021-08-01 01:00:25 : 300,000 : 0 : 41,812,925 : 0%
2021-08-01 01:21:01 : 400,000 : 0 : 51,774,625 : 0%
2021-08-01 01:41:34 : 500,000 : 0 : 61,867,400 : 0%
2021-08-01 02:02:21 : 600,000 : 0 : 71,829,100 : 0%
2021-08-01 02:23:35 : 700,000 : 0 : 81,659,725 : 0%
2021-08-01 02:44:53 : 800,000 : 0 : 91,490,350 : 0%
2021-08-01 03:06:42 : 900,000 : 0 : 101,452,050 : 0%
2021-08-01 03:29:14 : 1,000,000 : 0 : 111,413,750 : 0%
2021-08-01 03:52:22 : 1,100,000 : 0 : 121,244,375 : 1%
2021-08-01 04:16:22 : 1,200,000 : 0 : 131,075,000 : 1%
2021-08-01 04:41:19 : 1,300,000 : 0 : 141,036,700 : 1%
2021-08-01 05:07:27 : 1,400,000 : 0 : 150,867,325 : 1%
2021-08-01 05:34:45 : 1,500,000 : 0 : 160,697,950 : 1%
2021-08-01 06:03:40 : 1,600,000 : 0 : 170,528,575 : 1%
2021-08-01 06:33:48 : 1,700,000 : 0 : 180,359,200 : 1%
2021-08-01 07:05:12 : 1,800,000 : 0 : 190,189,825 : 1%
2021-08-01 07:37:13 : 1,900,000 : 0 : 200,020,450 : 1%
2021-08-01 08:10:06 : 2,000,000 : 0 : 209,982,150 : 1%
2021-08-01 08:43:37 : 2,100,000 : 0 : 219,812,775 : 1%
2021-08-01 09:17:25 : 2,200,000 : 0 : 229,643,400 : 1%
2021-08-01 09:51:33 : 2,300,000 : 0 : 239,342,950 : 1%
2021-08-01 10:25:01 : 2,400,000 : 0 : 249,173,575 : 1%
2021-08-01 10:57:49 : 2,500,000 : 0 : 258,873,125 : 1%
2021-08-01 11:28:55 : 2,600,000 : 0 : 268,703,750 : 1%
2021-08-01 11:59:12 : 2,700,000 : 0 : 278,665,450 : 1%
2021-08-01 12:26:25 : 2,800,000 : 0 : 288,758,225 : 1%
2021-08-01 12:51:25 : 2,900,000 : 0 : 298,719,925 : 1%
2021-08-01 13:13:18 : 3,000,000 : 0 : 308,419,475 : 1%
2021-08-01 13:33:13 : 3,100,000 : 0 : 318,119,025 : 1%
2021-08-01 13:52:45 : 3,200,000 : 0 : 327,687,500 : 1%
2021-08-01 14:12:32 : 3,300,000 : 0 : 337,649,200 : 1%
2021-08-01 14:31:48 : 3,400,000 : 0 : 357,703,675 : 2%
2021-08-01 14:50:18 : 3,500,000 : 0 : 367,665,375 : 2%
2021-08-01 15:07:48 : 3,600,000 : 0 : 377,496,000 : 2%
2021-08-01 15:24:44 : 3,700,000 : 0 : 387,457,700 : 2%
2021-08-01 15:41:22 : 3,800,000 : 0 : 397,681,550 : 2%
2021-08-01 15:58:19 : 3,900,000 : 0 : 407,905,400 : 2%
2021-08-01 16:15:36 : 4,000,000 : 0 : 418,129,250 : 2%
2021-08-01 16:32:57 : 4,100,000 : 0 : 428,353,100 : 2%
2021-08-01 16:50:21 : 4,200,000 : 0 : 438,708,025 : 2%
2021-08-01 17:07:50 : 4,300,000 : 0 : 449,062,950 : 2%
2021-08-01 17:25:22 : 4,400,000 : 0 : 459,286,800 : 2%
2021-08-01 17:42:36 : 4,500,000 : 0 : 469,510,650 : 2%
2021-08-01 18:00:03 : 4,600,000 : 0 : 479,734,500 : 2%
2021-08-01 18:17:43 : 4,700,000 : 0 : 489,958,350 : 2%
2021-08-01 18:35:22 : 4,800,000 : 0 : 500,182,200 : 2%
2021-08-01 18:53:13 : 4,900,000 : 0 : 510,406,050 : 2%
2021-08-01 19:11:00 : 5,000,000 : 0 : 520,629,900 : 2%
2021-08-01 19:28:50 : 5,100,000 : 0 : 530,853,750 : 2%
2021-08-01 19:46:44 : 5,200,000 : 0 : 540,946,525 : 2%
2021-08-01 20:04:28 : 5,300,000 : 0 : 551,039,300 : 2%
2021-08-01 20:22:09 : 5,400,000 : 0 : 561,132,075 : 2%
2021-08-01 20:39:42 : 5,500,000 : 0 : 571,093,775 : 2%
2021-08-01 20:57:22 : 5,600,000 : 0 : 581,186,550 : 2%
2021-08-01 21:15:31 : 5,700,000 : 0 : 591,410,400 : 2%
2021-08-01 21:33:41 : 5,800,000 : 0 : 601,503,175 : 3%
2021-08-01 21:52:05 : 5,900,000 : 0 : 611,727,025 : 3%
2021-08-01 22:10:18 : 6,000,000 : 0 : 632,043,650 : 3%
2021-08-01 22:28:54 : 6,100,000 : 0 : 642,136,425 : 3%
2021-08-01 22:47:47 : 6,200,000 : 0 : 652,360,275 : 3%
2021-08-01 23:06:48 : 6,300,000 : 0 : 662,453,050 : 3%
2021-08-01 23:26:13 : 6,400,000 : 0 : 672,676,900 : 3%
2021-08-01 23:45:59 : 6,500,000 : 0 : 682,769,675 : 3%
2021-08-02 00:06:03 : 6,600,000 : 0 : 692,862,450 : 3%
2021-08-02 00:26:15 : 6,700,000 : 0 : 702,955,225 : 3%
2021-08-02 00:46:11 : 6,800,000 : 0 : 713,048,000 : 3%
2021-08-02 01:06:05 : 6,900,000 : 0 : 723,009,700 : 3%
2021-08-02 01:25:44 : 7,000,000 : 0 : 732,840,325 : 3%
2021-08-02 01:45:17 : 7,100,000 : 0 : 742,802,025 : 3%
2021-08-02 02:04:55 : 7,200,000 : 0 : 752,632,650 : 3%
2021-08-02 02:24:22 : 7,300,000 : 0 : 762,463,275 : 3%
2021-08-02 02:44:19 : 7,400,000 : 0 : 772,424,975 : 3%
2021-08-02 03:04:47 : 7,500,000 : 0 : 782,386,675 : 3%
2021-08-02 03:25:35 : 7,600,000 : 0 : 792,086,225 : 3%
2021-08-02 03:46:20 : 7,700,000 : 0 : 801,916,850 : 3%
2021-08-02 04:08:38 : 7,800,000 : 0 : 811,878,550 : 3%
2021-08-02 04:32:26 : 7,900,000 : 0 : 821,840,250 : 3%
2021-08-02 04:57:49 : 8,000,000 : 0 : 831,933,025 : 4%
2021-08-02 05:24:18 : 8,100,000 : 0 : 841,894,725 : 4%
2021-08-02 05:52:21 : 8,200,000 : 0 : 851,856,425 : 4%
2021-08-02 06:21:44 : 8,300,000 : 0 : 861,818,125 : 4%
2021-08-02 06:52:33 : 8,400,000 : 0 : 871,910,900 : 4%
2021-08-02 07:25:18 : 8,500,000 : 0 : 882,003,675 : 4%
2021-08-02 07:58:51 : 8,600,000 : 0 : 892,096,450 : 4%
2021-08-02 08:32:53 : 8,700,000 : 0 : 902,189,225 : 4%
2021-08-02 09:07:07 : 8,800,000 : 0 : 912,413,075 : 4%
2021-08-02 09:40:49 : 8,900,000 : 0 : 922,505,850 : 4%
2021-08-02 10:12:54 : 9,000,000 : 0 : 932,467,550 : 4%
2021-08-02 10:44:40 : 9,100,000 : 0 : 942,560,325 : 4%
2021-08-02 11:14:52 : 9,200,000 : 0 : 952,653,100 : 4%
2021-08-02 11:42:10 : 9,300,000 : 0 : 972,969,725 : 4%
2021-08-02 12:07:21 : 9,400,000 : 0 : 983,193,575 : 4%
2021-08-02 12:31:08 : 9,500,000 : 0 : 993,417,425 : 4%
2021-08-02 12:53:17 : 9,600,000 : 0 : 1,003,772,350 : 4%
2021-08-02 13:14:08 : 9,700,000 : 0 : 1,014,127,275 : 4%
2021-08-02 13:33:57 : 9,800,000 : 0 : 1,024,613,275 : 4%
2021-08-02 13:52:56 : 9,900,000 : 0 : 1,035,099,275 : 4%
2021-08-02 14:11:10 : 10,000,000 : 0 : 1,045,585,275 : 4%
2021-08-02 14:28:44 : 10,100,000 : 0 : 1,056,071,275 : 4%
2021-08-02 14:46:02 : 10,200,000 : 0 : 1,066,557,275 : 5%
2021-08-02 15:02:54 : 10,300,000 : 0 : 1,077,043,275 : 5%
2021-08-02 15:19:47 : 10,400,000 : 0 : 1,087,660,350 : 5%
2021-08-02 15:36:22 : 10,500,000 : 0 : 1,098,146,350 : 5%
2021-08-02 15:52:33 : 10,600,000 : 0 : 1,108,763,425 : 5%
2021-08-02 16:08:39 : 10,700,000 : 0 : 1,119,249,425 : 5%
2021-08-02 16:24:26 : 10,800,000 : 0 : 1,129,735,425 : 5%
2021-08-02 16:40:13 : 10,900,000 : 0 : 1,140,090,350 : 5%
2021-08-02 16:56:00 : 11,000,000 : 0 : 1,150,707,425 : 5%
2021-08-02 17:11:54 : 11,100,000 : 0 : 1,161,193,425 : 5%
2021-08-02 17:27:52 : 11,200,000 : 0 : 1,171,679,425 : 5%
2021-08-02 17:43:52 : 11,300,000 : 0 : 1,182,296,500 : 5%
2021-08-02 17:59:54 : 11,400,000 : 0 : 1,192,782,500 : 5%
2021-08-02 18:16:27 : 11,500,000 : 0 : 1,203,268,500 : 5%
2021-08-02 18:32:39 : 11,600,000 : 0 : 1,213,754,500 : 5%
2021-08-02 18:48:42 : 11,700,000 : 0 : 1,234,595,425 : 5%
2021-08-02 19:04:51 : 11,800,000 : 0 : 1,244,950,350 : 5%
2021-08-02 19:21:08 : 11,900,000 : 0 : 1,255,305,275 : 5%
2021-08-02 19:37:17 : 12,000,000 : 0 : 1,265,791,275 : 5%
2021-08-02 19:53:27 : 12,100,000 : 0 : 1,276,146,200 : 5%
2021-08-02 20:09:39 : 12,200,000 : 0 : 1,286,501,125 : 5%
2021-08-02 20:26:19 : 12,300,000 : 0 : 1,296,856,050 : 5%
2021-08-02 20:42:41 : 12,400,000 : 0 : 1,307,210,975 : 6%
2021-08-02 20:58:58 : 12,500,000 : 0 : 1,317,565,900 : 6%
2021-08-02 21:15:30 : 12,600,000 : 0 : 1,327,920,825 : 6%
2021-08-02 21:32:13 : 12,700,000 : 0 : 1,338,275,750 : 6%
2021-08-02 21:49:05 : 12,800,000 : 0 : 1,348,630,675 : 6%
2021-08-02 22:05:41 : 12,900,000 : 0 : 1,358,854,525 : 6%
2021-08-02 22:22:26 : 13,000,000 : 0 : 1,368,947,300 : 6%
2021-08-02 22:39:40 : 13,100,000 : 0 : 1,379,171,150 : 6%
2021-08-02 22:56:59 : 13,200,000 : 0 : 1,389,395,000 : 6%
2021-08-02 23:14:39 : 13,300,000 : 0 : 1,399,618,850 : 6%
2021-08-02 23:32:12 : 13,400,000 : 0 : 1,409,711,625 : 6%
2021-08-02 23:49:56 : 13,500,000 : 0 : 1,419,804,400 : 6%
2021-08-03 00:07:47 : 13,600,000 : 0 : 1,429,766,100 : 6%
2021-08-03 00:25:08 : 13,700,000 : 0 : 1,439,727,800 : 6%
2021-08-03 00:42:57 : 13,800,000 : 0 : 1,449,689,500 : 6%
2021-08-03 01:00:47 : 13,900,000 : 0 : 1,459,651,200 : 6%
2021-08-03 01:18:30 : 14,000,000 : 0 : 1,469,350,750 : 6%
2021-08-03 01:36:21 : 14,100,000 : 0 : 1,479,312,450 : 6%
2021-08-03 01:54:06 : 14,200,000 : 0 : 1,489,143,075 : 6%
2021-08-03 02:11:58 : 14,300,000 : 0 : 1,498,973,700 : 6%
2021-08-03 02:30:23 : 14,400,000 : 0 : 1,508,804,325 : 6%
2021-08-03 02:49:11 : 14,500,000 : 0 : 1,528,596,650 : 6%
2021-08-03 03:08:30 : 14,600,000 : 0 : 1,538,558,350 : 6%
2021-08-03 03:28:40 : 14,700,000 : 0 : 1,548,520,050 : 7%
2021-08-03 03:49:22 : 14,800,000 : 0 : 1,558,350,675 : 7%
2021-08-03 04:11:07 : 14,900,000 : 0 : 1,568,312,375 : 7%
2021-08-03 04:33:55 : 15,000,000 : 0 : 1,578,143,000 : 7%
2021-08-03 04:57:53 : 15,100,000 : 0 : 1,587,973,625 : 7%
2021-08-03 05:22:42 : 15,200,000 : 0 : 1,597,935,325 : 7%
2021-08-03 05:49:04 : 15,300,000 : 0 : 1,607,897,025 : 7%
2021-08-03 06:16:52 : 15,400,000 : 0 : 1,617,858,725 : 7%
2021-08-03 06:46:08 : 15,500,000 : 0 : 1,627,951,500 : 7%
2021-08-03 07:17:09 : 15,600,000 : 0 : 1,638,175,350 : 7%
2021-08-03 07:49:19 : 15,700,000 : 0 : 1,648,268,125 : 7%
2021-08-03 08:21:52 : 15,800,000 : 0 : 1,658,360,900 : 7%
2021-08-03 08:55:15 : 15,900,000 : 0 : 1,668,322,600 : 7%
2021-08-03 09:28:45 : 16,000,000 : 0 : 1,678,415,375 : 7%
2021-08-03 10:01:16 : 16,100,000 : 0 : 1,688,377,075 : 7%
2021-08-03 10:31:53 : 16,200,000 : 0 : 1,698,469,850 : 7%
2021-08-03 11:00:57 : 16,300,000 : 0 : 1,708,562,625 : 7%
2021-08-03 11:28:12 : 16,400,000 : 0 : 1,718,655,400 : 7%
2021-08-03 11:53:19 : 16,500,000 : 0 : 1,729,010,325 : 7%
2021-08-03 12:17:19 : 16,600,000 : 0 : 1,739,234,175 : 7%
2021-08-03 12:39:31 : 16,700,000 : 0 : 1,749,589,100 : 7%
2021-08-03 13:00:09 : 16,800,000 : 0 : 1,759,812,950 : 7%
2021-08-03 13:19:55 : 16,900,000 : 0 : 1,770,167,875 : 7%
2021-08-03 13:38:22 : 17,000,000 : 0 : 1,780,653,875 : 8%
2021-08-03 13:56:01 : 17,100,000 : 0 : 1,791,008,800 : 8%
2021-08-03 14:13:16 : 17,200,000 : 0 : 1,801,494,800 : 8%
2021-08-03 14:30:33 : 17,300,000 : 0 : 1,822,597,875 : 8%
2021-08-03 14:48:40 : 17,400,000 : 0 : 1,833,214,950 : 8%
2021-08-03 15:06:37 : 17,500,000 : 0 : 1,843,700,950 : 8%
2021-08-03 15:24:11 : 17,600,000 : 0 : 1,854,318,025 : 8%
2021-08-03 15:40:23 : 17,700,000 : 0 : 1,864,804,025 : 8%
2021-08-03 15:56:02 : 17,800,000 : 0 : 1,875,290,025 : 8%
2021-08-03 16:11:41 : 17,900,000 : 0 : 1,885,907,100 : 8%
2021-08-03 16:27:11 : 18,000,000 : 0 : 1,896,393,100 : 8%
2021-08-03 16:42:36 : 18,100,000 : 0 : 1,907,010,175 : 8%
2021-08-03 16:57:50 : 18,200,000 : 0 : 1,917,496,175 : 8%
2021-08-03 17:13:05 : 18,300,000 : 0 : 1,927,982,175 : 8%
2021-08-03 17:28:10 : 18,400,000 : 0 : 1,938,468,175 : 8%
2021-08-03 17:43:23 : 18,500,000 : 0 : 1,948,954,175 : 8%
2021-08-03 17:58:50 : 18,600,000 : 0 : 1,959,309,100 : 8%
2021-08-03 18:14:27 : 18,700,000 : 0 : 1,969,795,100 : 8%
2021-08-03 18:29:57 : 18,800,000 : 0 : 1,980,281,100 : 8%
2021-08-03 18:45:27 : 18,900,000 : 0 : 1,990,636,025 : 8%
2021-08-03 19:00:49 : 19,000,000 : 0 : 2,001,122,025 : 8%
2021-08-03 19:16:18 : 19,100,000 : 0 : 2,011,476,950 : 8%
2021-08-03 19:31:50 : 19,200,000 : 0 : 2,021,831,875 : 9%
2021-08-03 19:47:29 : 19,300,000 : 0 : 2,032,317,875 : 9%
2021-08-03 20:02:43 : 19,400,000 : 0 : 2,042,541,725 : 9%
2021-08-03 20:17:53 : 19,500,000 : 0 : 2,052,896,650 : 9%
2021-08-03 20:33:22 : 19,600,000 : 0 : 2,063,120,500 : 9%
2021-08-03 20:49:00 : 19,700,000 : 0 : 2,083,830,350 : 9%
2021-08-03 21:04:40 : 19,800,000 : 0 : 2,094,054,200 : 9%
2021-08-03 21:20:37 : 19,900,000 : 0 : 2,104,409,125 : 9%
2021-08-03 21:36:38 : 20,000,000 : 0 : 2,114,764,050 : 9%
2021-08-03 21:53:02 : 20,100,000 : 0 : 2,125,118,975 : 9%
2021-08-03 22:09:44 : 20,200,000 : 0 : 2,135,342,825 : 9%
2021-08-03 22:26:56 : 20,300,000 : 0 : 2,145,697,750 : 9%
2021-08-03 22:44:10 : 20,400,000 : 0 : 2,156,052,675 : 9%
2021-08-03 23:01:41 : 20,500,000 : 0 : 2,166,276,525 : 9%
2021-08-03 23:19:13 : 20,600,000 : 0 : 2,176,500,375 : 9%
2021-08-03 23:37:03 : 20,700,000 : 0 : 2,186,593,150 : 9%
2021-08-03 23:55:05 : 20,800,000 : 0 : 2,196,685,925 : 9%
2021-08-04 00:13:11 : 20,900,000 : 0 : 2,206,778,700 : 9%
2021-08-04 00:31:27 : 21,000,000 : 0 : 2,216,871,475 : 9%
2021-08-04 00:49:50 : 21,100,000 : 0 : 2,226,833,175 : 9%
2021-08-04 01:08:03 : 21,200,000 : 0 : 2,236,794,875 : 9%
2021-08-04 01:26:11 : 21,300,000 : 0 : 2,246,625,500 : 9%
2021-08-04 01:44:09 : 21,400,000 : 0 : 2,256,456,125 : 10%
2021-08-04 02:02:23 : 21,500,000 : 0 : 2,266,417,825 : 10%
2021-08-04 02:20:49 : 21,600,000 : 0 : 2,276,379,525 : 10%
2021-08-04 02:39:31 : 21,700,000 : 0 : 2,286,341,225 : 10%
2021-08-04 02:59:01 : 21,800,000 : 0 : 2,296,302,925 : 10%
2021-08-04 03:19:03 : 21,900,000 : 0 : 2,306,395,700 : 10%
2021-08-04 03:39:42 : 22,000,000 : 0 : 2,316,357,400 : 10%
2021-08-04 04:00:54 : 22,100,000 : 0 : 2,326,188,025 : 10%
2021-08-04 04:23:00 : 22,200,000 : 0 : 2,336,149,725 : 10%
2021-08-04 04:46:13 : 22,300,000 : 0 : 2,346,111,425 : 10%
2021-08-04 05:10:31 : 22,400,000 : 0 : 2,356,073,125 : 10%
2021-08-04 05:36:24 : 22,500,000 : 0 : 2,366,034,825 : 10%
2021-08-04 06:04:03 : 22,600,000 : 0 : 2,386,351,450 : 10%
2021-08-04 06:33:27 : 22,700,000 : 0 : 2,396,444,225 : 10%
2021-08-04 07:04:47 : 22,800,000 : 0 : 2,406,668,075 : 10%
2021-08-04 07:37:43 : 22,900,000 : 0 : 2,416,760,850 : 10%
2021-08-04 08:10:30 : 23,000,000 : 0 : 2,426,984,700 : 10%
2021-08-04 08:44:21 : 23,100,000 : 0 : 2,437,339,625 : 10%
2021-08-04 09:18:34 : 23,200,000 : 0 : 2,447,432,400 : 10%
2021-08-04 09:51:42 : 23,300,000 : 0 : 2,457,656,250 : 10%
2021-08-04 10:23:27 : 23,400,000 : 0 : 2,467,749,025 : 10%
2021-08-04 10:53:23 : 23,500,000 : 0 : 2,477,841,800 : 10%
2021-08-04 11:21:22 : 23,600,000 : 0 : 2,488,065,650 : 11%
2021-08-04 11:47:12 : 23,700,000 : 0 : 2,498,289,500 : 11%
2021-08-04 12:11:00 : 23,800,000 : 0 : 2,508,513,350 : 11%
2021-08-04 12:33:03 : 23,900,000 : 0 : 2,518,868,275 : 11%
2021-08-04 12:53:45 : 24,000,000 : 0 : 2,529,092,125 : 11%
2021-08-04 13:13:04 : 24,100,000 : 0 : 2,539,315,975 : 11%
2021-08-04 13:31:29 : 24,200,000 : 0 : 2,549,670,900 : 11%
2021-08-04 13:49:02 : 24,300,000 : 0 : 2,560,025,825 : 11%
2021-08-04 14:06:11 : 24,400,000 : 0 : 2,570,380,750 : 11%
2021-08-04 14:22:55 : 24,500,000 : 0 : 2,580,866,750 : 11%
2021-08-04 14:39:08 : 24,600,000 : 0 : 2,591,221,675 : 11%
2021-08-04 14:55:18 : 24,700,000 : 0 : 2,601,838,750 : 11%
2021-08-04 15:11:03 : 24,800,000 : 0 : 2,612,324,750 : 11%
2021-08-04 15:26:33 : 24,900,000 : 0 : 2,622,679,675 : 11%
2021-08-04 15:41:56 : 25,000,000 : 0 : 2,633,165,675 : 11%
2021-08-04 15:57:05 : 25,100,000 : 0 : 2,643,651,675 : 11%
2021-08-04 16:12:21 : 25,200,000 : 0 : 2,654,137,675 : 11%
2021-08-04 16:27:20 : 25,300,000 : 0 : 2,664,623,675 : 11%
2021-08-04 16:42:22 : 25,400,000 : 0 : 2,685,595,675 : 11%
2021-08-04 16:57:36 : 25,500,000 : 0 : 2,696,081,675 : 11%
2021-08-04 17:12:52 : 25,600,000 : 0 : 2,706,567,675 : 11%
2021-08-04 17:28:07 : 25,700,000 : 0 : 2,717,053,675 : 11%
2021-08-04 17:43:12 : 25,800,000 : 0 : 2,727,408,600 : 12%
2021-08-04 17:58:27 : 25,900,000 : 0 : 2,737,894,600 : 12%
2021-08-04 18:14:03 : 26,000,000 : 0 : 2,748,249,525 : 12%
2021-08-04 18:29:33 : 26,100,000 : 0 : 2,758,735,525 : 12%
2021-08-04 18:45:06 : 26,200,000 : 0 : 2,769,090,450 : 12%
2021-08-04 19:00:29 : 26,300,000 : 0 : 2,779,576,450 : 12%
2021-08-04 19:16:09 : 26,400,000 : 0 : 2,789,931,375 : 12%
2021-08-04 19:31:57 : 26,500,000 : 0 : 2,800,417,375 : 12%
2021-08-04 19:47:42 : 26,600,000 : 0 : 2,810,772,300 : 12%
2021-08-04 20:03:31 : 26,700,000 : 0 : 2,820,996,150 : 12%
2021-08-04 20:19:03 : 26,800,000 : 0 : 2,831,351,075 : 12%
2021-08-04 20:34:43 : 26,900,000 : 0 : 2,841,837,075 : 12%
2021-08-04 20:50:27 : 27,000,000 : 0 : 2,852,192,000 : 12%
2021-08-04 21:06:02 : 27,100,000 : 0 : 2,862,546,925 : 12%
2021-08-04 21:21:58 : 27,200,000 : 0 : 2,872,901,850 : 12%
2021-08-04 21:38:06 : 27,300,000 : 0 : 2,883,256,775 : 12%
2021-08-04 21:54:29 : 27,400,000 : 0 : 2,893,480,625 : 12%
2021-08-04 22:11:10 : 27,500,000 : 0 : 2,903,835,550 : 12%
2021-08-04 22:27:58 : 27,600,000 : 0 : 2,914,059,400 : 12%
2021-08-04 22:45:08 : 27,700,000 : 0 : 2,924,283,250 : 12%
2021-08-04 23:02:28 : 27,800,000 : 0 : 2,934,638,175 : 12%
2021-08-04 23:20:00 : 27,900,000 : 0 : 2,944,730,950 : 12%
2021-08-04 23:37:30 : 28,000,000 : 0 : 2,954,823,725 : 12%
2021-08-04 23:55:20 : 28,100,000 : 0 : 2,974,878,200 : 13%
2021-08-05 00:13:02 : 28,200,000 : 0 : 2,984,708,825 : 13%
2021-08-05 00:30:25 : 28,300,000 : 0 : 2,994,670,525 : 13%
2021-08-05 00:48:02 : 28,400,000 : 0 : 3,004,632,225 : 13%
2021-08-05 01:05:44 : 28,500,000 : 0 : 3,014,462,850 : 13%
2021-08-05 01:23:17 : 28,600,000 : 0 : 3,024,293,475 : 13%
2021-08-05 01:40:44 : 28,700,000 : 0 : 3,033,993,025 : 13%
2021-08-05 01:58:01 : 28,800,000 : 0 : 3,043,823,650 : 13%
2021-08-05 02:16:02 : 28,900,000 : 0 : 3,053,785,350 : 13%
2021-08-05 02:34:38 : 29,000,000 : 0 : 3,063,747,050 : 13%
2021-08-05 02:53:52 : 29,100,000 : 0 : 3,073,708,750 : 13%
2021-08-05 03:13:28 : 29,200,000 : 0 : 3,083,539,375 : 13%
2021-08-05 03:33:28 : 29,300,000 : 0 : 3,093,370,000 : 13%
2021-08-05 03:53:57 : 29,400,000 : 0 : 3,103,331,700 : 13%
2021-08-05 04:15:31 : 29,500,000 : 0 : 3,113,162,325 : 13%
2021-08-05 04:37:25 : 29,600,000 : 0 : 3,122,861,875 : 13%
2021-08-05 05:00:13 : 29,700,000 : 0 : 3,132,692,500 : 13%
2021-08-05 05:24:32 : 29,800,000 : 0 : 3,142,523,125 : 13%
2021-08-05 05:49:43 : 29,900,000 : 0 : 3,152,353,750 : 13%
2021-08-05 06:16:31 : 30,000,000 : 0 : 3,162,315,450 : 13%
2021-08-05 06:44:58 : 30,100,000 : 0 : 3,172,408,225 : 13%
2021-08-05 07:15:14 : 30,200,000 : 0 : 3,182,501,000 : 13%
2021-08-05 07:46:30 : 30,300,000 : 0 : 3,192,593,775 : 13%
2021-08-05 08:18:21 : 30,400,000 : 0 : 3,202,686,550 : 14%
2021-08-05 08:50:35 : 30,500,000 : 0 : 3,212,910,400 : 14%
2021-08-05 09:23:02 : 30,600,000 : 0 : 3,223,003,175 : 14%
2021-08-05 09:54:56 : 30,700,000 : 0 : 3,233,095,950 : 14%
2021-08-05 10:25:14 : 30,800,000 : 0 : 3,243,188,725 : 14%
2021-08-05 10:53:46 : 30,900,000 : 0 : 3,253,150,425 : 14%
2021-08-05 11:20:28 : 31,000,000 : 0 : 3,263,243,200 : 14%
2021-08-05 11:45:15 : 31,100,000 : 0 : 3,273,335,975 : 14%
2021-08-05 12:08:21 : 31,200,000 : 0 : 3,283,559,825 : 14%
2021-08-05 12:30:17 : 31,300,000 : 0 : 3,293,783,675 : 14%
2021-08-05 12:50:20 : 31,400,000 : 0 : 3,314,100,300 : 14%
2021-08-05 13:09:11 : 31,500,000 : 0 : 3,324,455,225 : 14%
2021-08-05 13:27:18 : 31,600,000 : 0 : 3,334,810,150 : 14%
2021-08-05 13:45:01 : 31,700,000 : 0 : 3,345,296,150 : 14%
2021-08-05 14:02:06 : 31,800,000 : 0 : 3,353,422,800 : 14%
2021-08-05 14:11:44 : 31,900,000 : 0 : 3,359,845,475 : 14%
2021-08-05 14:19:53 : 32,000,000 : 0 : 3,366,661,375 : 14%
2021-08-05 14:29:28 : 32,100,000 : 0 : 3,375,574,475 : 14%
2021-08-05 14:43:14 : 32,200,000 : 0 : 3,384,880,800 : 14%
2021-08-05 14:57:18 : 32,300,000 : 0 : 3,395,235,725 : 14%
2021-08-05 15:13:30 : 32,400,000 : 0 : 3,405,721,725 : 14%
2021-08-05 15:29:20 : 32,500,000 : 0 : 3,416,338,800 : 14%
2021-08-05 15:45:06 : 32,600,000 : 0 : 3,426,955,875 : 14%
2021-08-05 16:00:31 : 32,700,000 : 0 : 3,437,441,875 : 15%
2021-08-05 16:15:56 : 32,800,000 : 0 : 3,448,058,950 : 15%
2021-08-05 16:31:14 : 32,900,000 : 0 : 3,458,544,950 : 15%
2021-08-05 16:46:29 : 33,000,000 : 0 : 3,469,030,950 : 15%
2021-08-05 17:01:44 : 33,100,000 : 0 : 3,479,516,950 : 15%
2021-08-05 17:17:10 : 33,200,000 : 0 : 3,490,002,950 : 15%
2021-08-05 17:32:27 : 33,300,000 : 0 : 3,500,620,025 : 15%
2021-08-05 17:47:44 : 33,400,000 : 0 : 3,510,974,950 : 15%
2021-08-05 18:02:32 : 33,500,000 : 0 : 3,521,329,875 : 15%
2021-08-05 18:17:32 : 33,600,000 : 0 : 3,531,684,800 : 15%
2021-08-05 18:32:28 : 33,700,000 : 0 : 3,542,039,725 : 15%
2021-08-05 18:47:20 : 33,800,000 : 0 : 3,552,263,575 : 15%
2021-08-05 19:02:13 : 33,900,000 : 0 : 3,562,618,500 : 15%
2021-08-05 19:17:21 : 34,000,000 : 0 : 3,572,973,425 : 15%
2021-08-05 19:32:36 : 34,100,000 : 0 : 3,583,197,275 : 15%
2021-08-05 19:48:03 : 34,200,000 : 0 : 3,593,552,200 : 15%
2021-08-05 20:03:21 : 34,300,000 : 0 : 3,603,776,050 : 15%
2021-08-05 20:18:45 : 34,400,000 : 0 : 3,613,999,900 : 15%
2021-08-05 20:34:03 : 34,500,000 : 0 : 3,634,578,675 : 15%
2021-08-05 20:49:44 : 34,600,000 : 0 : 3,644,802,525 : 15%
2021-08-05 21:05:27 : 34,700,000 : 0 : 3,655,157,450 : 15%
2021-08-05 21:21:24 : 34,800,000 : 0 : 3,665,381,300 : 15%
2021-08-05 21:37:31 : 34,900,000 : 0 : 3,675,605,150 : 16%
2021-08-05 21:53:53 : 35,000,000 : 0 : 3,685,960,075 : 16%
2021-08-05 22:10:28 : 35,100,000 : 0 : 3,696,183,925 : 16%
2021-08-05 22:27:23 : 35,200,000 : 0 : 3,706,407,775 : 16%
2021-08-05 22:44:33 : 35,300,000 : 0 : 3,716,631,625 : 16%
2021-08-05 23:01:53 : 35,400,000 : 0 : 3,726,855,475 : 16%
2021-08-05 23:19:46 : 35,500,000 : 0 : 3,736,817,175 : 16%
2021-08-05 23:37:39 : 35,600,000 : 0 : 3,747,041,025 : 16%
2021-08-05 23:56:05 : 35,700,000 : 0 : 3,757,133,800 : 16%
2021-08-06 00:14:28 : 35,800,000 : 0 : 3,767,226,575 : 16%
2021-08-06 00:32:52 : 35,900,000 : 0 : 3,777,188,275 : 16%
2021-08-06 00:51:12 : 36,000,000 : 0 : 3,787,149,975 : 16%
2021-08-06 01:09:26 : 36,100,000 : 0 : 3,797,111,675 : 16%
2021-08-06 01:27:35 : 36,200,000 : 0 : 3,806,942,300 : 16%
2021-08-06 01:45:27 : 36,300,000 : 0 : 3,816,641,850 : 16%
2021-08-06 02:03:34 : 36,400,000 : 0 : 3,826,472,475 : 16%
2021-08-06 02:21:56 : 36,500,000 : 0 : 3,836,303,100 : 16%
2021-08-06 02:39:56 : 36,600,000 : 0 : 3,845,871,575 : 16%
2021-08-06 02:58:16 : 36,700,000 : 0 : 3,855,308,975 : 16%
2021-08-06 03:16:54 : 36,800,000 : 0 : 3,865,008,525 : 16%
2021-08-06 03:36:13 : 36,900,000 : 0 : 3,874,577,000 : 16%
2021-08-06 03:55:25 : 37,000,000 : 0 : 3,884,145,475 : 16%
2021-08-06 04:16:41 : 37,100,000 : 0 : 3,893,976,100 : 16%
2021-08-06 04:39:24 : 37,200,000 : 0 : 3,903,806,725 : 16%
2021-08-06 05:03:41 : 37,300,000 : 0 : 3,913,768,425 : 17%
2021-08-06 05:29:30 : 37,400,000 : 0 : 3,923,730,125 : 17%
2021-08-06 05:56:34 : 37,500,000 : 0 : 3,933,691,825 : 17%
2021-08-06 06:24:30 : 37,600,000 : 0 : 3,943,653,525 : 17%
2021-08-06 06:53:58 : 37,700,000 : 0 : 3,953,615,225 : 17%
2021-08-06 07:25:00 : 37,800,000 : 0 : 3,963,708,000 : 17%
2021-08-06 07:56:25 : 37,900,000 : 0 : 3,984,024,625 : 17%
2021-08-06 08:28:37 : 38,000,000 : 0 : 3,994,117,400 : 17%
2021-08-06 09:01:10 : 38,100,000 : 0 : 4,004,079,100 : 17%
2021-08-06 09:33:19 : 38,200,000 : 0 : 4,014,040,800 : 17%
2021-08-06 10:04:27 : 38,300,000 : 0 : 4,024,002,500 : 17%
2021-08-06 10:34:02 : 38,400,000 : 0 : 4,034,095,275 : 17%
2021-08-06 11:04:59 : 38,500,000 : 0 : 4,044,056,975 : 17%
2021-08-06 11:32:49 : 38,600,000 : 0 : 4,054,149,750 : 17%
2021-08-06 11:57:57 : 38,700,000 : 0 : 4,064,373,600 : 17%
2021-08-06 12:20:47 : 38,800,000 : 0 : 4,074,466,375 : 17%
2021-08-06 12:41:55 : 38,900,000 : 0 : 4,084,690,225 : 17%
2021-08-06 13:01:43 : 39,000,000 : 0 : 4,094,914,075 : 17%
2021-08-06 13:20:26 : 39,100,000 : 0 : 4,105,269,000 : 17%
2021-08-06 13:38:24 : 39,200,000 : 0 : 4,115,623,925 : 17%
2021-08-06 13:55:48 : 39,300,000 : 0 : 4,125,978,850 : 17%
2021-08-06 14:12:44 : 39,400,000 : 0 : 4,136,333,775 : 17%
2021-08-06 14:29:03 : 39,500,000 : 0 : 4,146,819,775 : 18%
2021-08-06 14:44:52 : 39,600,000 : 0 : 4,157,043,625 : 18%
2021-08-06 15:00:29 : 39,700,000 : 0 : 4,167,398,550 : 18%
2021-08-06 15:16:22 : 39,800,000 : 0 : 4,177,884,550 : 18%
2021-08-06 15:32:07 : 39,900,000 : 0 : 4,188,239,475 : 18%
2021-08-06 15:47:45 : 40,000,000 : 0 : 4,198,725,475 : 18%
2021-08-06 16:03:15 : 40,100,000 : 0 : 4,209,211,475 : 18%
2021-08-06 16:18:59 : 40,200,000 : 0 : 4,219,697,475 : 18%
2021-08-06 16:34:31 : 40,300,000 : 0 : 4,230,183,475 : 18%
2021-08-06 16:49:56 : 40,400,000 : 0 : 4,240,669,475 : 18%
2021-08-06 17:05:24 : 40,500,000 : 0 : 4,251,024,400 : 18%
2021-08-06 17:21:04 : 40,600,000 : 0 : 4,261,510,400 : 18%
2021-08-06 17:36:31 : 40,700,000 : 0 : 4,282,351,325 : 18%
2021-08-06 17:52:04 : 40,800,000 : 0 : 4,292,837,325 : 18%
2021-08-06 18:08:02 : 40,900,000 : 0 : 4,303,192,250 : 18%
2021-08-06 18:24:07 : 41,000,000 : 0 : 4,313,547,175 : 18%
2021-08-06 18:40:03 : 41,100,000 : 0 : 4,323,902,100 : 18%
2021-08-06 18:55:55 : 41,200,000 : 0 : 4,334,257,025 : 18%
2021-08-06 19:12:00 : 41,300,000 : 0 : 4,344,743,025 : 18%
2021-08-06 19:28:06 : 41,400,000 : 0 : 4,355,097,950 : 18%
2021-08-06 19:44:33 : 41,500,000 : 0 : 4,365,321,800 : 18%
2021-08-06 20:00:45 : 41,600,000 : 0 : 4,375,676,725 : 18%
2021-08-06 20:17:06 : 41,700,000 : 0 : 4,385,900,575 : 19%
2021-08-06 20:33:44 : 41,800,000 : 0 : 4,396,124,425 : 19%
2021-08-06 20:50:07 : 41,900,000 : 0 : 4,406,348,275 : 19%
2021-08-06 21:06:39 : 42,000,000 : 0 : 4,416,572,125 : 19%
2021-08-06 21:23:26 : 42,100,000 : 0 : 4,426,795,975 : 19%
2021-08-06 21:40:13 : 42,200,000 : 0 : 4,436,888,750 : 19%
2021-08-06 21:57:09 : 42,300,000 : 0 : 4,447,112,600 : 19%
2021-08-06 22:14:28 : 42,400,000 : 0 : 4,457,205,375 : 19%
2021-08-06 22:32:10 : 42,500,000 : 0 : 4,467,298,150 : 19%
2021-08-06 22:49:59 : 42,600,000 : 0 : 4,477,522,000 : 19%
2021-08-06 23:08:02 : 42,700,000 : 0 : 4,487,483,700 : 19%
2021-08-06 23:26:36 : 42,800,000 : 0 : 4,497,576,475 : 19%
2021-08-06 23:45:30 : 42,900,000 : 0 : 4,507,538,175 : 19%
2021-08-07 00:04:36 : 43,000,000 : 0 : 4,517,499,875 : 19%
2021-08-07 00:25:12 : 43,100,000 : 0 : 4,527,461,575 : 19%
2021-08-07 00:46:40 : 43,200,000 : 0 : 4,537,292,200 : 19%
2021-08-07 01:06:13 : 43,300,000 : 0 : 4,546,991,750 : 19%
2021-08-07 01:27:43 : 43,400,000 : 0 : 4,556,691,300 : 19%
2021-08-07 01:47:25 : 43,500,000 : 0 : 4,566,390,850 : 19%
2021-08-07 02:06:35 : 43,600,000 : 0 : 4,576,090,400 : 19%
2021-08-07 02:26:19 : 43,700,000 : 0 : 4,595,358,425 : 19%
2021-08-07 02:46:04 : 43,800,000 : 0 : 4,604,926,900 : 19%
2021-08-07 03:06:24 : 43,900,000 : 0 : 4,614,626,450 : 19%
2021-08-07 03:27:07 : 44,000,000 : 0 : 4,624,194,925 : 20%
2021-08-07 03:48:16 : 44,100,000 : 0 : 4,633,894,475 : 20%
2021-08-07 04:09:42 : 44,200,000 : 0 : 4,643,331,875 : 20%
2021-08-07 04:31:53 : 44,300,000 : 0 : 4,652,900,350 : 20%
2021-08-07 04:55:21 : 44,400,000 : 0 : 4,662,599,900 : 20%
2021-08-07 05:20:13 : 44,500,000 : 0 : 4,672,299,450 : 20%
2021-08-07 05:46:29 : 44,600,000 : 0 : 4,681,999,000 : 20%
2021-08-07 06:13:53 : 44,700,000 : 0 : 4,691,698,550 : 20%
2021-08-07 06:42:27 : 44,800,000 : 0 : 4,701,398,100 : 20%
2021-08-07 07:12:44 : 44,900,000 : 0 : 4,711,228,725 : 20%
2021-08-07 07:44:43 : 45,000,000 : 0 : 4,721,059,350 : 20%
2021-08-07 08:17:22 : 45,100,000 : 0 : 4,730,889,975 : 20%
2021-08-07 08:50:12 : 45,200,000 : 0 : 4,740,720,600 : 20%
2021-08-07 09:24:06 : 45,300,000 : 0 : 4,750,420,150 : 20%
2021-08-07 09:57:56 : 45,400,000 : 0 : 4,760,119,700 : 20%
2021-08-07 10:30:47 : 45,500,000 : 0 : 4,769,950,325 : 20%
2021-08-07 11:02:14 : 45,600,000 : 0 : 4,779,780,950 : 20%
2021-08-07 11:31:46 : 45,700,000 : 0 : 4,789,611,575 : 20%
2021-08-07 11:58:36 : 45,800,000 : 0 : 4,799,311,125 : 20%
2021-08-07 12:23:55 : 45,900,000 : 0 : 4,809,141,750 : 20%
2021-08-07 12:47:18 : 46,000,000 : 0 : 4,818,841,300 : 20%
2021-08-07 13:09:27 : 46,100,000 : 0 : 4,828,803,000 : 20%
2021-08-07 13:30:55 : 46,200,000 : 0 : 4,838,895,775 : 20%
2021-08-07 13:51:23 : 46,300,000 : 0 : 4,849,119,625 : 20%
2021-08-07 14:11:09 : 46,400,000 : 0 : 4,859,212,400 : 21%
2021-08-07 14:30:20 : 46,500,000 : 0 : 4,869,305,175 : 21%
2021-08-07 14:48:56 : 46,600,000 : 0 : 4,879,529,025 : 21%
2021-08-07 15:07:09 : 46,700,000 : 0 : 4,889,883,950 : 21%
2021-08-07 15:25:03 : 46,800,000 : 0 : 4,900,107,800 : 21%
2021-08-07 15:42:39 : 46,900,000 : 0 : 4,910,331,650 : 21%
2021-08-07 16:00:16 : 47,000,000 : 0 : 4,920,555,500 : 21%
2021-08-07 16:17:46 : 47,100,000 : 0 : 4,941,003,200 : 21%
2021-08-07 16:35:03 : 47,200,000 : 0 : 4,951,227,050 : 21%
2021-08-07 16:52:18 : 47,300,000 : 0 : 4,961,450,900 : 21%
2021-08-07 17:09:31 : 47,400,000 : 0 : 4,971,543,675 : 21%
2021-08-07 17:26:45 : 47,500,000 : 0 : 4,981,636,450 : 21%
2021-08-07 17:43:36 : 47,600,000 : 0 : 4,991,729,225 : 21%
2021-08-07 18:00:29 : 47,700,000 : 0 : 5,001,822,000 : 21%
2021-08-07 18:17:42 : 47,800,000 : 0 : 5,012,045,850 : 21%
2021-08-07 18:35:05 : 47,900,000 : 0 : 5,022,138,625 : 21%
2021-08-07 18:52:40 : 48,000,000 : 0 : 5,032,362,475 : 21%
2021-08-07 19:10:33 : 48,100,000 : 0 : 5,042,455,250 : 21%
2021-08-07 19:28:26 : 48,200,000 : 0 : 5,052,548,025 : 21%
2021-08-07 19:46:18 : 48,300,000 : 0 : 5,062,640,800 : 21%
2021-08-07 20:04:24 : 48,400,000 : 0 : 5,072,995,725 : 21%
2021-08-07 20:22:56 : 48,500,000 : 0 : 5,083,088,500 : 21%
2021-08-07 20:41:21 : 48,600,000 : 0 : 5,093,312,350 : 22%
2021-08-07 20:59:44 : 48,700,000 : 0 : 5,103,405,125 : 22%
2021-08-07 21:18:07 : 48,800,000 : 0 : 5,113,628,975 : 22%
2021-08-07 21:36:36 : 48,900,000 : 0 : 5,123,721,750 : 22%
2021-08-07 21:55:18 : 49,000,000 : 0 : 5,133,814,525 : 22%
2021-08-07 22:14:09 : 49,100,000 : 0 : 5,143,907,300 : 22%
2021-08-07 22:33:08 : 49,200,000 : 0 : 5,154,000,075 : 22%
2021-08-07 22:52:03 : 49,300,000 : 0 : 5,163,961,775 : 22%
2021-08-07 23:11:07 : 49,400,000 : 0 : 5,173,923,475 : 22%
2021-08-07 23:30:34 : 49,500,000 : 0 : 5,183,885,175 : 22%
2021-08-07 23:50:07 : 49,600,000 : 0 : 5,193,846,875 : 22%
2021-08-08 00:09:56 : 49,700,000 : 0 : 5,203,808,575 : 22%
2021-08-08 00:30:10 : 49,800,000 : 0 : 5,213,770,275 : 22%
2021-08-08 00:50:40 : 49,900,000 : 0 : 5,223,731,975 : 22%
2021-08-08 01:10:59 : 50,000,000 : 0 : 5,233,693,675 : 22%
2021-08-08 01:31:19 : 50,100,000 : 0 : 5,243,524,300 : 22%
2021-08-08 01:51:30 : 50,200,000 : 0 : 5,253,223,850 : 22%
2021-08-08 02:11:29 : 50,300,000 : 0 : 5,263,054,475 : 22%
2021-08-08 02:32:11 : 50,400,000 : 0 : 5,282,584,650 : 22%
2021-08-08 02:53:11 : 50,500,000 : 0 : 5,292,415,275 : 22%
2021-08-08 03:14:40 : 50,600,000 : 0 : 5,302,114,825 : 22%
2021-08-08 03:36:01 : 50,700,000 : 0 : 5,311,814,375 : 22%
2021-08-08 03:58:07 : 50,800,000 : 0 : 5,321,645,000 : 22%
2021-08-08 04:20:56 : 50,900,000 : 0 : 5,331,344,550 : 23%
2021-08-08 04:45:07 : 51,000,000 : 0 : 5,341,044,100 : 23%
2021-08-08 05:09:48 : 51,100,000 : 0 : 5,350,874,725 : 23%
2021-08-08 05:36:42 : 51,200,000 : 0 : 5,360,836,425 : 23%
2021-08-08 06:04:54 : 51,300,000 : 0 : 5,370,667,050 : 23%
2021-08-08 06:33:58 : 51,400,000 : 0 : 5,380,497,675 : 23%
2021-08-08 07:04:33 : 51,500,000 : 0 : 5,390,459,375 : 23%
2021-08-08 07:36:36 : 51,600,000 : 0 : 5,400,421,075 : 23%
2021-08-08 08:08:50 : 51,700,000 : 0 : 5,410,382,775 : 23%
2021-08-08 08:42:29 : 51,800,000 : 0 : 5,420,475,550 : 23%
2021-08-08 09:16:52 : 51,900,000 : 0 : 5,430,437,250 : 23%
2021-08-08 09:51:17 : 52,000,000 : 0 : 5,440,398,950 : 23%
2021-08-08 10:25:30 : 52,100,000 : 0 : 5,450,360,650 : 23%
2021-08-08 10:58:06 : 52,200,000 : 0 : 5,460,322,350 : 23%
2021-08-08 11:29:02 : 52,300,000 : 0 : 5,470,152,975 : 23%
2021-08-08 11:57:53 : 52,400,000 : 0 : 5,480,114,675 : 23%
2021-08-08 12:24:33 : 52,500,000 : 0 : 5,490,076,375 : 23%
2021-08-08 12:49:11 : 52,600,000 : 0 : 5,500,038,075 : 23%
2021-08-08 13:12:08 : 52,700,000 : 0 : 5,510,130,850 : 23%
2021-08-08 13:33:58 : 52,800,000 : 0 : 5,520,223,625 : 23%
2021-08-08 13:54:24 : 52,900,000 : 0 : 5,530,447,475 : 23%
2021-08-08 14:14:12 : 53,000,000 : 0 : 5,540,802,400 : 23%
2021-08-08 14:33:16 : 53,100,000 : 0 : 5,551,026,250 : 23%
2021-08-08 14:51:35 : 53,200,000 : 0 : 5,561,250,100 : 23%
2021-08-08 15:09:45 : 53,300,000 : 0 : 5,571,605,025 : 24%
2021-08-08 15:27:55 : 53,400,000 : 0 : 5,581,959,950 : 24%
2021-08-08 15:45:45 : 53,500,000 : 0 : 5,592,314,875 : 24%
2021-08-08 16:03:05 : 53,600,000 : 0 : 5,602,669,800 : 24%
2021-08-08 16:20:25 : 53,700,000 : 0 : 5,623,248,575 : 24%
2021-08-08 16:37:35 : 53,800,000 : 0 : 5,633,472,425 : 24%
2021-08-08 16:54:33 : 53,900,000 : 0 : 5,643,827,350 : 24%
2021-08-08 17:11:42 : 54,000,000 : 0 : 5,654,182,275 : 24%
2021-08-08 17:28:34 : 54,100,000 : 0 : 5,664,406,125 : 24%
2021-08-08 17:45:27 : 54,200,000 : 0 : 5,674,629,975 : 24%
2021-08-08 18:02:36 : 54,300,000 : 0 : 5,684,984,900 : 24%
2021-08-08 18:19:43 : 54,400,000 : 0 : 5,695,208,750 : 24%
2021-08-08 18:37:08 : 54,500,000 : 0 : 5,705,432,600 : 24%
2021-08-08 18:54:30 : 54,600,000 : 0 : 5,715,656,450 : 24%
2021-08-08 19:11:46 : 54,700,000 : 0 : 5,725,749,225 : 24%
2021-08-08 19:29:15 : 54,800,000 : 0 : 5,735,973,075 : 24%
2021-08-08 19:46:42 : 54,900,000 : 0 : 5,746,065,850 : 24%
2021-08-08 20:04:00 : 55,000,000 : 0 : 5,756,158,625 : 24%
2021-08-08 20:21:19 : 55,100,000 : 0 : 5,766,251,400 : 24%
2021-08-08 20:38:21 : 55,200,000 : 0 : 5,776,344,175 : 24%
2021-08-08 20:55:22 : 55,300,000 : 0 : 5,786,436,950 : 24%
2021-08-08 21:12:24 : 55,400,000 : 0 : 5,796,267,575 : 24%
2021-08-08 21:29:43 : 55,500,000 : 0 : 5,806,360,350 : 25%
2021-08-08 21:47:05 : 55,600,000 : 0 : 5,816,322,050 : 25%
2021-08-08 22:04:41 : 55,700,000 : 0 : 5,826,152,675 : 25%
2021-08-08 22:22:39 : 55,800,000 : 0 : 5,836,245,450 : 25%
2021-08-08 22:40:46 : 55,900,000 : 0 : 5,846,207,150 : 25%
2021-08-08 22:59:06 : 56,000,000 : 0 : 5,856,299,925 : 25%
2021-08-08 23:17:46 : 56,100,000 : 0 : 5,866,261,625 : 25%
2021-08-08 23:36:24 : 56,200,000 : 0 : 5,876,092,250 : 25%
2021-08-08 23:55:11 : 56,300,000 : 0 : 5,885,922,875 : 25%
2021-08-09 00:14:20 : 56,400,000 : 0 : 5,905,453,050 : 25%
2021-08-09 00:33:24 : 56,500,000 : 0 : 5,915,414,750 : 25%
2021-08-09 00:52:42 : 56,600,000 : 0 : 5,925,114,300 : 25%
2021-08-09 01:12:01 : 56,700,000 : 0 : 5,934,944,925 : 25%
2021-08-09 01:31:11 : 56,800,000 : 0 : 5,944,775,550 : 25%
2021-08-09 01:50:31 : 56,900,000 : 0 : 5,954,475,100 : 25%
2021-08-09 02:10:10 : 57,000,000 : 0 : 5,964,305,725 : 25%
2021-08-09 02:30:20 : 57,100,000 : 0 : 5,974,136,350 : 25%
2021-08-09 02:50:42 : 57,200,000 : 0 : 5,983,966,975 : 25%
2021-08-09 03:11:26 : 57,300,000 : 0 : 5,993,797,600 : 25%
2021-08-09 03:33:05 : 57,400,000 : 0 : 6,003,628,225 : 25%
2021-08-09 03:55:20 : 57,500,000 : 0 : 6,013,458,850 : 25%
2021-08-09 04:18:42 : 57,600,000 : 0 : 6,023,289,475 : 25%
2021-08-09 04:43:13 : 57,700,000 : 0 : 6,033,251,175 : 25%
2021-08-09 05:09:48 : 57,800,000 : 0 : 6,043,212,875 : 26%
2021-08-09 05:37:24 : 57,900,000 : 0 : 6,053,174,575 : 26%
2021-08-09 06:06:45 : 58,000,000 : 0 : 6,063,136,275 : 26%
2021-08-09 06:37:33 : 58,100,000 : 0 : 6,073,097,975 : 26%
2021-08-09 07:09:08 : 58,200,000 : 0 : 6,083,059,675 : 26%
2021-08-09 07:41:57 : 58,300,000 : 0 : 6,093,021,375 : 26%
2021-08-09 08:15:34 : 58,400,000 : 0 : 6,102,983,075 : 26%
2021-08-09 08:49:56 : 58,500,000 : 0 : 6,113,075,850 : 26%
2021-08-09 09:24:26 : 58,600,000 : 0 : 6,123,037,550 : 26%
2021-08-09 09:57:46 : 58,700,000 : 0 : 6,143,092,025 : 26%
2021-08-09 10:29:26 : 58,800,000 : 0 : 6,153,053,725 : 26%
2021-08-09 10:59:09 : 58,900,000 : 0 : 6,163,015,425 : 26%
2021-08-09 11:27:01 : 59,000,000 : 0 : 6,173,108,200 : 26%
2021-08-09 11:52:44 : 59,100,000 : 0 : 6,183,463,125 : 26%
2021-08-09 12:17:02 : 59,200,000 : 0 : 6,193,818,050 : 26%
2021-08-09 12:39:35 : 59,300,000 : 0 : 6,204,172,975 : 26%
2021-08-09 13:00:35 : 59,400,000 : 0 : 6,214,658,975 : 26%
2021-08-09 13:20:46 : 59,500,000 : 0 : 6,225,144,975 : 26%
2021-08-09 13:39:52 : 59,600,000 : 0 : 6,235,499,900 : 26%
2021-08-09 13:58:07 : 59,700,000 : 0 : 6,245,985,900 : 26%
2021-08-09 14:15:46 : 59,800,000 : 0 : 6,256,471,900 : 26%
2021-08-09 14:33:03 : 59,900,000 : 0 : 6,266,957,900 : 26%
2021-08-09 14:49:55 : 60,000,000 : 0 : 6,277,574,975 : 27%
2021-08-09 15:06:38 : 60,100,000 : 0 : 6,288,192,050 : 27%
2021-08-09 15:23:07 : 60,200,000 : 0 : 6,298,678,050 : 27%
2021-08-09 15:39:19 : 60,300,000 : 0 : 6,309,295,125 : 27%
2021-08-09 15:55:15 : 60,400,000 : 0 : 6,320,043,275 : 27%
2021-08-09 16:11:14 : 60,500,000 : 0 : 6,330,529,275 : 27%
2021-08-09 16:27:09 : 60,600,000 : 0 : 6,341,146,350 : 27%
2021-08-09 16:42:53 : 60,700,000 : 0 : 6,351,763,425 : 27%
2021-08-09 16:58:36 : 60,800,000 : 0 : 6,362,380,500 : 27%
2021-08-09 17:14:22 : 60,900,000 : 0 : 6,372,997,575 : 27%
2021-08-09 17:29:52 : 61,000,000 : 0 : 6,383,483,575 : 27%
2021-08-09 17:45:24 : 61,100,000 : 0 : 6,393,969,575 : 27%
2021-08-09 18:01:01 : 61,200,000 : 0 : 6,414,941,575 : 27%
2021-08-09 18:16:50 : 61,300,000 : 0 : 6,425,427,575 : 27%
2021-08-09 18:32:30 : 61,400,000 : 0 : 6,435,913,575 : 27%
2021-08-09 18:48:10 : 61,500,000 : 0 : 6,446,399,575 : 27%
2021-08-09 19:03:43 : 61,600,000 : 0 : 6,456,885,575 : 27%
2021-08-09 19:19:29 : 61,700,000 : 0 : 6,467,371,575 : 27%
2021-08-09 19:35:16 : 61,800,000 : 0 : 6,477,726,500 : 27%
2021-08-09 19:51:01 : 61,900,000 : 0 : 6,488,212,500 : 27%
2021-08-09 20:06:53 : 62,000,000 : 0 : 6,498,567,425 : 27%
2021-08-09 20:22:34 : 62,100,000 : 0 : 6,508,922,350 : 27%
2021-08-09 20:38:28 : 62,200,000 : 0 : 6,519,277,275 : 28%
2021-08-09 20:54:08 : 62,300,000 : 0 : 6,529,632,200 : 28%
2021-08-09 21:10:20 : 62,400,000 : 0 : 6,539,987,125 : 28%
2021-08-09 21:26:39 : 62,500,000 : 0 : 6,550,342,050 : 28%
2021-08-09 21:43:08 : 62,600,000 : 0 : 6,560,696,975 : 28%
2021-08-09 21:59:43 : 62,700,000 : 0 : 6,571,051,900 : 28%
2021-08-09 22:16:46 : 62,800,000 : 0 : 6,581,537,900 : 28%
2021-08-09 22:33:58 : 62,900,000 : 0 : 6,591,892,825 : 28%
2021-08-09 22:51:21 : 63,000,000 : 0 : 6,602,247,750 : 28%
2021-08-09 23:08:50 : 63,100,000 : 0 : 6,612,602,675 : 28%
2021-08-09 23:26:40 : 63,200,000 : 0 : 6,622,826,525 : 28%
2021-08-09 23:44:48 : 63,300,000 : 0 : 6,633,050,375 : 28%
2021-08-10 00:03:01 : 63,400,000 : 0 : 6,643,274,225 : 28%
2021-08-10 00:20:51 : 63,500,000 : 0 : 6,653,367,000 : 28%
2021-08-10 00:38:49 : 63,600,000 : 0 : 6,663,328,700 : 28%
2021-08-10 00:56:34 : 63,700,000 : 0 : 6,673,290,400 : 28%
2021-08-10 01:14:27 : 63,800,000 : 0 : 6,683,252,100 : 28%
2021-08-10 01:32:24 : 63,900,000 : 0 : 6,693,213,800 : 28%
2021-08-10 01:50:25 : 64,000,000 : 0 : 6,703,175,500 : 28%
2021-08-10 02:08:42 : 64,100,000 : 0 : 6,722,967,825 : 28%
2021-08-10 02:27:06 : 64,200,000 : 0 : 6,732,929,525 : 28%
2021-08-10 02:45:49 : 64,300,000 : 0 : 6,742,760,150 : 28%
2021-08-10 03:05:09 : 64,400,000 : 0 : 6,752,852,925 : 29%
2021-08-10 03:25:31 : 64,500,000 : 0 : 6,762,814,625 : 29%
2021-08-10 03:46:13 : 64,600,000 : 0 : 6,772,776,325 : 29%
2021-08-10 04:07:48 : 64,700,000 : 0 : 6,782,738,025 : 29%
2021-08-10 04:30:37 : 64,800,000 : 0 : 6,792,830,800 : 29%
2021-08-10 04:54:43 : 64,900,000 : 0 : 6,802,792,500 : 29%
2021-08-10 05:20:11 : 65,000,000 : 0 : 6,812,885,275 : 29%
2021-08-10 05:47:11 : 65,100,000 : 0 : 6,822,978,050 : 29%
2021-08-10 06:15:42 : 65,200,000 : 0 : 6,833,070,825 : 29%
2021-08-10 06:45:44 : 65,300,000 : 0 : 6,843,294,675 : 29%
2021-08-10 07:17:03 : 65,400,000 : 0 : 6,853,518,525 : 29%
2021-08-10 07:49:32 : 65,500,000 : 0 : 6,863,742,375 : 29%
2021-08-10 08:22:32 : 65,600,000 : 0 : 6,873,966,225 : 29%
2021-08-10 08:56:07 : 65,700,000 : 0 : 6,884,190,075 : 29%
2021-08-10 09:30:24 : 65,800,000 : 0 : 6,894,545,000 : 29%
2021-08-10 10:03:34 : 65,900,000 : 0 : 6,904,768,850 : 29%
2021-08-10 10:34:21 : 66,000,000 : 0 : 6,914,861,625 : 29%
2021-08-10 11:03:37 : 66,100,000 : 0 : 6,924,954,400 : 29%
2021-08-10 11:31:04 : 66,200,000 : 0 : 6,935,178,250 : 29%
2021-08-10 11:56:10 : 66,300,000 : 0 : 6,945,533,175 : 29%
2021-08-10 12:19:38 : 66,400,000 : 0 : 6,955,757,025 : 29%
2021-08-10 12:41:19 : 66,500,000 : 0 : 6,966,111,950 : 29%
2021-08-10 13:01:48 : 66,600,000 : 0 : 6,976,597,950 : 29%
2021-08-10 13:21:21 : 66,700,000 : 0 : 6,987,083,950 : 29%
2021-08-10 13:39:50 : 66,800,000 : 0 : 6,997,569,950 : 30%
2021-08-10 13:57:27 : 66,900,000 : 0 : 7,008,055,950 : 30%
2021-08-10 14:14:35 : 67,000,000 : 0 : 7,018,673,025 : 30%
2021-08-10 14:31:08 : 67,100,000 : 0 : 7,029,159,025 : 30%
2021-08-10 14:47:39 : 67,200,000 : 0 : 7,050,262,100 : 30%
2021-08-10 15:03:36 : 67,300,000 : 0 : 7,060,879,175 : 30%
2021-08-10 15:19:38 : 67,400,000 : 0 : 7,071,496,250 : 30%
2021-08-10 15:35:28 : 67,500,000 : 0 : 7,082,113,325 : 30%
2021-08-10 15:51:00 : 67,600,000 : 0 : 7,092,861,475 : 30%
2021-08-10 16:06:40 : 67,700,000 : 0 : 7,103,478,550 : 30%
2021-08-10 16:22:07 : 67,800,000 : 0 : 7,113,964,550 : 30%
2021-08-10 16:37:31 : 67,900,000 : 0 : 7,124,581,625 : 30%
2021-08-10 16:53:01 : 68,000,000 : 0 : 7,135,067,625 : 30%
2021-08-10 17:08:31 : 68,100,000 : 0 : 7,145,684,700 : 30%
2021-08-10 17:24:17 : 68,200,000 : 0 : 7,156,301,775 : 30%
2021-08-10 17:39:42 : 68,300,000 : 0 : 7,166,918,850 : 30%
2021-08-10 17:55:07 : 68,400,000 : 0 : 7,177,404,850 : 30%
2021-08-10 18:10:36 : 68,500,000 : 0 : 7,188,021,925 : 30%
2021-08-10 18:26:09 : 68,600,000 : 0 : 7,198,507,925 : 30%
2021-08-10 18:41:29 : 68,700,000 : 0 : 7,208,862,850 : 30%
2021-08-10 18:57:20 : 68,800,000 : 0 : 7,219,348,850 : 30%
2021-08-10 19:13:00 : 68,900,000 : 0 : 7,229,834,850 : 31%
2021-08-10 19:28:43 : 69,000,000 : 0 : 7,240,189,775 : 31%
2021-08-10 19:44:38 : 69,100,000 : 0 : 7,250,675,775 : 31%
2021-08-10 20:00:31 : 69,200,000 : 0 : 7,261,161,775 : 31%
2021-08-10 20:16:20 : 69,300,000 : 0 : 7,271,647,775 : 31%
2021-08-10 20:31:59 : 69,400,000 : 0 : 7,282,002,700 : 31%
2021-08-10 20:47:57 : 69,500,000 : 0 : 7,292,488,700 : 31%
2021-08-10 21:03:58 : 69,600,000 : 0 : 7,302,974,700 : 31%
2021-08-10 21:20:29 : 69,700,000 : 0 : 7,323,946,700 : 31%
2021-08-10 21:36:59 : 69,800,000 : 0 : 7,334,301,625 : 31%
2021-08-10 21:53:40 : 69,900,000 : 0 : 7,344,787,625 : 31%
2021-08-10 22:10:30 : 70,000,000 : 0 : 7,355,142,550 : 31%
2021-08-10 22:27:41 : 70,100,000 : 0 : 7,365,497,475 : 31%
2021-08-10 22:45:10 : 70,200,000 : 0 : 7,375,852,400 : 31%
2021-08-10 23:02:40 : 70,300,000 : 0 : 7,386,207,325 : 31%
2021-08-10 23:20:21 : 70,400,000 : 0 : 7,396,431,175 : 31%
2021-08-10 23:38:14 : 70,500,000 : 0 : 7,406,655,025 : 31%
2021-08-10 23:56:30 : 70,600,000 : 0 : 7,416,878,875 : 31%
2021-08-11 00:14:48 : 70,700,000 : 0 : 7,427,102,725 : 31%
2021-08-11 00:32:59 : 70,800,000 : 0 : 7,437,195,500 : 31%
2021-08-11 00:51:18 : 70,900,000 : 0 : 7,447,288,275 : 31%
2021-08-11 01:09:34 : 71,000,000 : 0 : 7,457,249,975 : 31%
2021-08-11 01:28:01 : 71,100,000 : 0 : 7,467,211,675 : 32%
2021-08-11 01:46:22 : 71,200,000 : 0 : 7,477,173,375 : 32%
2021-08-11 02:04:36 : 71,300,000 : 0 : 7,487,135,075 : 32%
2021-08-11 02:23:17 : 71,400,000 : 0 : 7,497,096,775 : 32%
2021-08-11 02:42:07 : 71,500,000 : 0 : 7,507,058,475 : 32%
2021-08-11 03:01:38 : 71,600,000 : 0 : 7,517,020,175 : 32%
2021-08-11 03:21:54 : 71,700,000 : 0 : 7,526,981,875 : 32%
2021-08-11 03:42:44 : 71,800,000 : 0 : 7,537,074,650 : 32%
2021-08-11 04:04:16 : 71,900,000 : 0 : 7,546,905,275 : 32%
2021-08-11 04:27:05 : 72,000,000 : 0 : 7,556,998,050 : 32%
2021-08-11 04:51:00 : 72,100,000 : 0 : 7,566,959,750 : 32%
2021-08-11 05:16:36 : 72,200,000 : 0 : 7,577,052,525 : 32%
2021-08-11 05:43:47 : 72,300,000 : 0 : 7,587,145,300 : 32%
2021-08-11 06:12:38 : 72,400,000 : 0 : 7,597,369,150 : 32%
2021-08-11 06:42:23 : 72,500,000 : 0 : 7,607,461,925 : 32%
2021-08-11 07:13:40 : 72,600,000 : 0 : 7,617,554,700 : 32%
2021-08-11 07:46:04 : 72,700,000 : 0 : 7,627,909,625 : 32%
2021-08-11 08:19:30 : 72,800,000 : 0 : 7,648,357,325 : 32%
2021-08-11 08:53:08 : 72,900,000 : 0 : 7,658,581,175 : 32%
2021-08-11 09:27:03 : 73,000,000 : 0 : 7,668,936,100 : 32%
2021-08-11 10:00:13 : 73,100,000 : 0 : 7,679,159,950 : 32%
2021-08-11 10:32:17 : 73,200,000 : 0 : 7,689,514,875 : 32%
2021-08-11 11:02:08 : 73,300,000 : 0 : 7,699,738,725 : 33%
2021-08-11 11:29:19 : 73,400,000 : 0 : 7,709,831,500 : 33%
2021-08-11 11:54:13 : 73,500,000 : 0 : 7,720,186,425 : 33%
2021-08-11 12:17:33 : 73,600,000 : 0 : 7,730,672,425 : 33%
2021-08-11 12:39:15 : 73,700,000 : 0 : 7,741,027,350 : 33%
2021-08-11 12:59:41 : 73,800,000 : 0 : 7,751,513,350 : 33%
2021-08-11 13:19:08 : 73,900,000 : 0 : 7,761,999,350 : 33%
2021-08-11 13:37:50 : 74,000,000 : 0 : 7,772,616,425 : 33%
2021-08-11 13:55:34 : 74,100,000 : 0 : 7,783,233,500 : 33%
2021-08-11 14:12:39 : 74,200,000 : 0 : 7,793,719,500 : 33%
2021-08-11 14:29:08 : 74,300,000 : 0 : 7,804,336,575 : 33%
2021-08-11 14:45:16 : 74,400,000 : 0 : 7,814,953,650 : 33%
2021-08-11 15:00:56 : 74,500,000 : 0 : 7,825,439,650 : 33%
2021-08-11 15:16:39 : 74,600,000 : 0 : 7,835,925,650 : 33%
2021-08-11 15:32:11 : 74,700,000 : 0 : 7,846,542,725 : 33%
2021-08-11 15:47:40 : 74,800,000 : 0 : 7,857,159,800 : 33%
2021-08-11 16:02:55 : 74,900,000 : 0 : 7,867,645,800 : 33%
2021-08-11 16:18:34 : 75,000,000 : 0 : 7,878,262,875 : 33%
2021-08-11 16:34:20 : 75,100,000 : 0 : 7,888,879,950 : 33%
2021-08-11 16:49:50 : 75,200,000 : 0 : 7,899,497,025 : 33%
2021-08-11 17:05:27 : 75,300,000 : 0 : 7,910,114,100 : 33%
2021-08-11 17:21:19 : 75,400,000 : 0 : 7,920,600,100 : 33%
2021-08-11 17:37:17 : 75,500,000 : 0 : 7,941,703,175 : 34%
2021-08-11 17:53:31 : 75,600,000 : 0 : 7,952,189,175 : 34%
2021-08-11 18:08:18 : 75,700,000 : 0 : 7,962,806,250 : 34%
2021-08-11 18:23:27 : 75,800,000 : 0 : 7,973,292,250 : 34%
2021-08-11 18:38:03 : 75,900,000 : 0 : 7,983,909,325 : 34%
2021-08-11 18:53:00 : 76,000,000 : 0 : 7,994,395,325 : 34%
2021-08-11 19:08:08 : 76,100,000 : 0 : 8,004,881,325 : 34%
2021-08-11 19:23:22 : 76,200,000 : 0 : 8,015,236,250 : 34%
2021-08-11 19:38:31 : 76,300,000 : 0 : 8,025,722,250 : 34%
2021-08-11 19:53:44 : 76,400,000 : 0 : 8,036,077,175 : 34%
2021-08-11 20:09:25 : 76,500,000 : 0 : 8,046,563,175 : 34%
2021-08-11 20:25:11 : 76,600,000 : 0 : 8,056,918,100 : 34%
2021-08-11 20:40:54 : 76,700,000 : 0 : 8,067,273,025 : 34%
2021-08-11 20:55:44 : 76,800,000 : 0 : 8,077,496,875 : 34%
2021-08-11 21:10:38 : 76,900,000 : 0 : 8,087,851,800 : 34%
2021-08-11 21:26:03 : 77,000,000 : 0 : 8,098,206,725 : 34%
2021-08-11 21:41:34 : 77,100,000 : 0 : 8,108,561,650 : 34%
2021-08-11 21:57:08 : 77,200,000 : 0 : 8,118,785,500 : 34%
2021-08-11 22:13:07 : 77,300,000 : 0 : 8,129,009,350 : 34%
2021-08-11 22:29:18 : 77,400,000 : 0 : 8,139,364,275 : 34%
2021-08-11 22:45:42 : 77,500,000 : 0 : 8,149,588,125 : 34%
2021-08-11 23:02:07 : 77,600,000 : 0 : 8,159,811,975 : 34%
2021-08-11 23:18:57 : 77,700,000 : 0 : 8,170,035,825 : 34%
2021-08-11 23:35:59 : 77,800,000 : 0 : 8,180,128,600 : 35%
2021-08-11 23:53:18 : 77,900,000 : 0 : 8,190,090,300 : 35%
2021-08-12 00:10:35 : 78,000,000 : 0 : 8,200,183,075 : 35%
2021-08-12 00:27:54 : 78,100,000 : 0 : 8,210,144,775 : 35%
2021-08-12 00:45:15 : 78,200,000 : 0 : 8,219,975,400 : 35%
2021-08-12 01:02:43 : 78,300,000 : 0 : 8,229,806,025 : 35%
2021-08-12 01:20:12 : 78,400,000 : 0 : 8,249,336,200 : 35%
2021-08-12 01:37:32 : 78,500,000 : 0 : 8,259,166,825 : 35%
2021-08-12 01:55:36 : 78,600,000 : 0 : 8,268,604,225 : 35%
2021-08-12 03:36:50 : 78,700,000 : 0 : 8,278,434,850 : 35%
2021-08-12 03:58:28 : 78,800,000 : 0 : 8,288,396,550 : 35%
2021-08-12 04:19:49 : 78,900,000 : 0 : 8,298,227,175 : 35%
2021-08-12 04:41:55 : 79,000,000 : 0 : 8,307,926,725 : 35%
2021-08-12 05:05:20 : 79,100,000 : 0 : 8,317,888,425 : 35%
2021-08-12 05:29:55 : 79,200,000 : 0 : 8,327,850,125 : 35%
2021-08-12 05:56:10 : 79,300,000 : 0 : 8,337,942,900 : 35%
2021-08-12 06:23:52 : 79,400,000 : 0 : 8,348,035,675 : 35%
2021-08-12 06:52:51 : 79,500,000 : 0 : 8,358,259,525 : 35%
2021-08-12 07:23:26 : 79,600,000 : 0 : 8,368,352,300 : 35%
2021-08-12 07:54:35 : 79,700,000 : 0 : 8,378,576,150 : 35%
2021-08-12 08:26:17 : 79,800,000 : 0 : 8,388,800,000 : 35%
2021-08-12 08:58:23 : 79,900,000 : 0 : 8,399,023,850 : 35%
2021-08-12 09:30:26 : 80,000,000 : 0 : 8,409,247,700 : 35%
2021-08-12 10:02:26 : 80,100,000 : 0 : 8,419,340,475 : 36%
2021-08-12 10:32:37 : 80,200,000 : 0 : 8,429,564,325 : 36%
2021-08-12 11:00:39 : 80,300,000 : 0 : 8,439,657,100 : 36%
2021-08-12 11:26:23 : 80,400,000 : 0 : 8,449,880,950 : 36%
2021-08-12 11:50:13 : 80,500,000 : 0 : 8,459,973,725 : 36%
2021-08-12 12:12:40 : 80,600,000 : 0 : 8,470,197,575 : 36%
2021-08-12 12:33:40 : 80,700,000 : 0 : 8,480,552,500 : 36%
2021-08-12 12:53:39 : 80,800,000 : 0 : 8,490,907,425 : 36%
2021-08-12 13:12:45 : 80,900,000 : 0 : 8,501,393,425 : 36%
2021-08-12 13:30:52 : 81,000,000 : 0 : 8,511,748,350 : 36%
2021-08-12 13:48:15 : 81,100,000 : 0 : 8,522,234,350 : 36%
2021-08-12 14:05:03 : 81,200,000 : 0 : 8,532,720,350 : 36%
2021-08-12 14:21:19 : 81,300,000 : 0 : 8,543,206,350 : 36%
2021-08-12 14:37:11 : 81,400,000 : 0 : 8,553,692,350 : 36%
2021-08-12 14:52:51 : 81,500,000 : 0 : 8,574,926,500 : 36%
2021-08-12 15:08:23 : 81,600,000 : 0 : 8,585,543,575 : 36%
2021-08-12 15:23:54 : 81,700,000 : 0 : 8,596,029,575 : 36%
2021-08-12 15:39:18 : 81,800,000 : 0 : 8,606,646,650 : 36%
2021-08-12 15:54:34 : 81,900,000 : 0 : 8,617,263,725 : 36%
2021-08-12 16:09:44 : 82,000,000 : 0 : 8,627,749,725 : 36%
2021-08-12 16:24:45 : 82,100,000 : 0 : 8,638,235,725 : 36%
2021-08-12 16:39:37 : 82,200,000 : 0 : 8,648,721,725 : 37%
2021-08-12 16:54:24 : 82,300,000 : 0 : 8,659,207,725 : 37%
2021-08-12 17:09:18 : 82,400,000 : 0 : 8,669,693,725 : 37%
2021-08-12 17:24:13 : 82,500,000 : 0 : 8,680,179,725 : 37%
2021-08-12 17:38:50 : 82,600,000 : 0 : 8,690,665,725 : 37%
2021-08-12 17:53:36 : 82,700,000 : 0 : 8,701,151,725 : 37%
2021-08-12 18:08:09 : 82,800,000 : 0 : 8,711,506,650 : 37%
2021-08-12 18:23:28 : 82,900,000 : 0 : 8,721,861,575 : 37%
2021-08-12 18:40:26 : 83,000,000 : 0 : 8,732,216,500 : 37%
2021-08-12 18:57:33 : 83,100,000 : 0 : 8,742,440,350 : 37%
2021-08-12 19:14:08 : 83,200,000 : 0 : 8,752,795,275 : 37%
2021-08-12 19:30:37 : 83,300,000 : 0 : 8,763,150,200 : 37%
2021-08-12 19:45:51 : 83,400,000 : 0 : 8,773,505,125 : 37%
2021-08-12 19:59:51 : 83,500,000 : 0 : 8,783,860,050 : 37%
2021-08-12 20:14:11 : 83,600,000 : 0 : 8,794,214,975 : 37%
2021-08-12 20:28:30 : 83,700,000 : 0 : 8,804,569,900 : 37%
2021-08-12 20:43:03 : 83,800,000 : 0 : 8,814,793,750 : 37%
2021-08-12 20:57:36 : 83,900,000 : 0 : 8,825,148,675 : 37%
2021-08-12 21:12:25 : 84,000,000 : 0 : 8,835,372,525 : 37%
2021-08-12 21:27:27 : 84,100,000 : 0 : 8,855,951,300 : 37%
2021-08-12 21:42:42 : 84,200,000 : 0 : 8,866,044,075 : 37%
2021-08-12 21:58:00 : 84,300,000 : 0 : 8,876,267,925 : 37%
2021-08-12 22:13:28 : 84,400,000 : 0 : 8,886,491,775 : 38%
2021-08-12 22:30:21 : 84,500,000 : 0 : 8,896,846,700 : 38%
2021-08-12 22:48:13 : 84,600,000 : 0 : 8,906,939,475 : 38%
2021-08-12 23:06:28 : 84,700,000 : 0 : 8,917,032,250 : 38%
2021-08-12 23:24:58 : 84,800,000 : 0 : 8,927,125,025 : 38%
2021-08-12 23:42:17 : 84,900,000 : 0 : 8,937,086,725 : 38%
2021-08-12 23:57:58 : 85,000,000 : 0 : 8,947,048,425 : 38%
2021-08-13 00:14:25 : 85,100,000 : 0 : 8,956,879,050 : 38%
2021-08-13 00:31:01 : 85,200,000 : 0 : 8,966,709,675 : 38%
2021-08-13 00:47:38 : 85,300,000 : 0 : 8,976,540,300 : 38%
2021-08-13 01:04:31 : 85,400,000 : 0 : 8,986,502,000 : 38%
2021-08-13 01:21:41 : 85,500,000 : 0 : 8,996,332,625 : 38%
2021-08-13 01:39:19 : 85,600,000 : 0 : 9,006,163,250 : 38%
2021-08-13 01:56:48 : 85,700,000 : 0 : 9,015,993,875 : 38%
2021-08-13 02:14:36 : 85,800,000 : 0 : 9,025,955,575 : 38%
2021-08-13 02:32:46 : 85,900,000 : 0 : 9,035,786,200 : 38%
2021-08-13 02:50:29 : 86,000,000 : 0 : 9,045,354,675 : 38%
2021-08-13 03:08:42 : 86,100,000 : 0 : 9,055,316,375 : 38%
2021-08-13 03:27:45 : 86,200,000 : 0 : 9,065,147,000 : 38%
2021-08-13 03:47:51 : 86,300,000 : 0 : 9,075,108,700 : 38%
2021-08-13 04:08:29 : 86,400,000 : 0 : 9,084,939,325 : 38%
2021-08-13 04:30:20 : 86,500,000 : 0 : 9,094,901,025 : 38%
2021-08-13 04:52:57 : 86,600,000 : 0 : 9,104,862,725 : 38%
2021-08-13 05:16:38 : 86,700,000 : 0 : 9,114,824,425 : 38%
2021-08-13 05:41:35 : 86,800,000 : 0 : 9,124,917,200 : 39%
2021-08-13 06:08:09 : 86,900,000 : 0 : 9,135,009,975 : 39%
2021-08-13 06:35:47 : 87,000,000 : 0 : 9,145,102,750 : 39%
2021-08-13 07:04:25 : 87,100,000 : 0 : 9,155,195,525 : 39%
2021-08-13 07:34:14 : 87,200,000 : 0 : 9,165,419,375 : 39%
2021-08-13 08:04:37 : 87,300,000 : 0 : 9,175,643,225 : 39%
2021-08-13 08:35:57 : 87,400,000 : 0 : 9,185,867,075 : 39%
2021-08-13 09:08:12 : 87,500,000 : 0 : 9,206,445,850 : 39%
2021-08-13 09:39:56 : 87,600,000 : 0 : 9,216,538,625 : 39%
2021-08-13 10:10:36 : 87,700,000 : 0 : 9,226,762,475 : 39%
2021-08-13 10:39:37 : 87,800,000 : 0 : 9,236,724,175 : 39%
2021-08-13 11:06:14 : 87,900,000 : 0 : 9,246,948,025 : 39%
2021-08-13 11:31:02 : 88,000,000 : 0 : 9,257,040,800 : 39%
2021-08-13 11:54:03 : 88,100,000 : 0 : 9,267,133,575 : 39%
2021-08-13 12:15:32 : 88,200,000 : 0 : 9,277,619,575 : 39%
2021-08-13 12:36:51 : 88,300,000 : 0 : 9,288,236,650 : 39%
2021-08-13 12:58:03 : 88,400,000 : 0 : 9,298,722,650 : 39%
2021-08-13 13:18:55 : 88,500,000 : 0 : 9,309,339,725 : 39%
2021-08-13 13:39:03 : 88,600,000 : 0 : 9,319,956,800 : 39%
2021-08-13 13:58:31 : 88,700,000 : 0 : 9,330,573,875 : 39%
2021-08-13 14:17:59 : 88,800,000 : 0 : 9,341,322,025 : 39%
2021-08-13 14:37:05 : 88,900,000 : 0 : 9,352,070,175 : 39%
2021-08-13 14:56:13 : 89,000,000 : 0 : 9,362,687,250 : 40%
2021-08-13 15:12:50 : 89,100,000 : 0 : 9,373,042,175 : 40%
2021-08-13 15:28:09 : 89,200,000 : 0 : 9,383,397,100 : 40%
2021-08-13 15:43:00 : 89,300,000 : 0 : 9,393,752,025 : 40%
2021-08-13 15:57:36 : 89,400,000 : 0 : 9,404,106,950 : 40%
2021-08-13 16:12:20 : 89,500,000 : 0 : 9,414,592,950 : 40%
2021-08-13 16:26:57 : 89,600,000 : 0 : 9,424,947,875 : 40%
2021-08-13 16:41:22 : 89,700,000 : 0 : 9,435,433,875 : 40%
2021-08-13 16:55:40 : 89,800,000 : 0 : 9,445,788,800 : 40%
2021-08-13 17:10:07 : 89,900,000 : 0 : 9,456,274,800 : 40%
2021-08-13 17:24:39 : 90,000,000 : 0 : 9,466,629,725 : 40%
2021-08-13 17:39:12 : 90,100,000 : 0 : 9,476,853,575 : 40%
2021-08-13 17:53:49 : 90,200,000 : 0 : 9,487,208,500 : 40%
2021-08-13 18:08:41 : 90,300,000 : 0 : 9,497,563,425 : 40%
2021-08-13 18:23:41 : 90,400,000 : 0 : 9,518,142,200 : 40%
2021-08-13 18:38:32 : 90,500,000 : 0 : 9,528,497,125 : 40%
2021-08-13 18:53:21 : 90,600,000 : 0 : 9,538,720,975 : 40%
2021-08-13 19:08:19 : 90,700,000 : 0 : 9,548,944,825 : 40%
2021-08-13 19:23:23 : 90,800,000 : 0 : 9,559,037,600 : 40%
2021-08-13 19:37:45 : 90,900,000 : 0 : 9,569,130,375 : 40%
2021-08-13 19:52:03 : 91,000,000 : 0 : 9,579,092,075 : 40%
2021-08-13 20:06:17 : 91,100,000 : 0 : 9,589,184,850 : 40%
2021-08-13 20:20:32 : 91,200,000 : 0 : 9,599,146,550 : 41%
2021-08-13 20:34:26 : 91,300,000 : 0 : 9,608,977,175 : 41%
2021-08-13 20:48:13 : 91,400,000 : 0 : 9,618,938,875 : 41%
2021-08-13 21:02:15 : 91,500,000 : 0 : 9,628,900,575 : 41%
2021-08-13 21:17:06 : 91,600,000 : 0 : 9,638,993,350 : 41%
2021-08-13 21:32:29 : 91,700,000 : 0 : 9,649,086,125 : 41%
2021-08-13 21:48:00 : 91,800,000 : 0 : 9,659,047,825 : 41%
2021-08-13 22:03:42 : 91,900,000 : 0 : 9,669,140,600 : 41%
2021-08-13 22:20:03 : 92,000,000 : 0 : 9,679,102,300 : 41%
2021-08-13 22:36:33 : 92,100,000 : 0 : 9,689,195,075 : 41%
2021-08-13 22:52:46 : 92,200,000 : 0 : 9,699,156,775 : 41%
2021-08-13 23:09:38 : 92,300,000 : 0 : 9,709,118,475 : 41%
2021-08-13 23:26:37 : 92,400,000 : 0 : 9,718,949,100 : 41%
2021-08-13 23:43:53 : 92,500,000 : 0 : 9,728,910,800 : 41%
2021-08-14 00:01:30 : 92,600,000 : 0 : 9,738,741,425 : 41%
2021-08-14 00:19:27 : 92,700,000 : 0 : 9,748,572,050 : 41%
2021-08-14 00:37:36 : 92,800,000 : 0 : 9,758,402,675 : 41%
2021-08-14 00:55:56 : 92,900,000 : 0 : 9,768,233,300 : 41%
2021-08-14 01:14:13 : 93,000,000 : 0 : 9,777,932,850 : 41%
2021-08-14 01:32:20 : 93,100,000 : 0 : 9,787,501,325 : 41%
2021-08-14 01:50:38 : 93,200,000 : 0 : 9,797,200,875 : 41%
2021-08-14 02:08:58 : 93,300,000 : 0 : 9,806,769,350 : 41%
2021-08-14 02:27:11 : 93,400,000 : 0 : 9,816,337,825 : 41%
2021-08-14 02:45:29 : 93,500,000 : 0 : 9,825,906,300 : 41%
2021-08-14 03:04:15 : 93,600,000 : 0 : 9,835,474,775 : 42%
2021-08-14 03:23:30 : 93,700,000 : 0 : 9,845,043,250 : 42%
2021-08-14 03:43:32 : 93,800,000 : 0 : 9,854,611,725 : 42%
2021-08-14 04:04:19 : 93,900,000 : 0 : 9,864,311,275 : 42%
2021-08-14 04:26:08 : 94,000,000 : 0 : 9,873,879,750 : 42%
2021-08-14 04:49:05 : 94,100,000 : 0 : 9,893,278,850 : 42%
2021-08-14 05:12:39 : 94,200,000 : 0 : 9,902,978,400 : 42%
2021-08-14 05:37:33 : 94,300,000 : 0 : 9,912,809,025 : 42%
2021-08-14 06:04:10 : 94,400,000 : 0 : 9,922,508,575 : 42%
2021-08-14 06:32:00 : 94,500,000 : 0 : 9,932,470,275 : 42%
2021-08-14 07:00:58 : 94,600,000 : 0 : 9,942,300,900 : 42%
2021-08-14 07:31:11 : 94,700,000 : 0 : 9,952,131,525 : 42%
2021-08-14 08:01:34 : 94,800,000 : 0 : 9,962,093,225 : 42%
2021-08-14 08:32:51 : 94,900,000 : 0 : 9,972,054,925 : 42%
2021-08-14 09:04:38 : 95,000,000 : 0 : 9,981,885,550 : 42%
2021-08-14 09:37:35 : 95,100,000 : 0 : 9,991,716,175 : 42%
2021-08-14 10:10:45 : 95,200,000 : 0 : 10,001,677,875 : 42%
2021-08-14 10:42:59 : 95,300,000 : 0 : 10,011,639,575 : 42%
2021-08-14 11:13:06 : 95,400,000 : 0 : 10,021,601,275 : 42%
2021-08-14 11:41:13 : 95,500,000 : 0 : 10,031,431,900 : 42%
2021-08-14 12:06:48 : 95,600,000 : 0 : 10,041,393,600 : 42%
2021-08-14 12:30:45 : 95,700,000 : 0 : 10,051,355,300 : 42%
2021-08-14 12:52:09 : 95,800,000 : 0 : 10,061,317,000 : 42%
2021-08-14 13:12:58 : 95,900,000 : 0 : 10,071,409,775 : 43%
2021-08-14 13:33:29 : 96,000,000 : 0 : 10,081,633,625 : 43%
2021-08-14 13:52:54 : 96,100,000 : 0 : 10,091,857,475 : 43%
2021-08-14 14:11:31 : 96,200,000 : 0 : 10,102,081,325 : 43%
2021-08-14 14:29:21 : 96,300,000 : 0 : 10,112,174,100 : 43%
2021-08-14 14:46:27 : 96,400,000 : 0 : 10,122,397,950 : 43%
2021-08-14 15:03:12 : 96,500,000 : 0 : 10,132,621,800 : 43%
2021-08-14 15:19:44 : 96,600,000 : 0 : 10,142,845,650 : 43%
2021-08-14 15:35:57 : 96,700,000 : 0 : 10,153,069,500 : 43%
2021-08-14 15:51:59 : 96,800,000 : 0 : 10,163,293,350 : 43%
2021-08-14 16:07:54 : 96,900,000 : 0 : 10,173,517,200 : 43%
2021-08-14 16:23:57 : 97,000,000 : 0 : 10,183,741,050 : 43%
2021-08-14 16:39:43 : 97,100,000 : 0 : 10,193,833,825 : 43%
2021-08-14 16:55:34 : 97,200,000 : 0 : 10,203,926,600 : 43%
2021-08-14 17:11:28 : 97,300,000 : 0 : 10,214,150,450 : 43%
2021-08-14 17:27:23 : 97,400,000 : 0 : 10,224,243,225 : 43%
2021-08-14 17:43:19 : 97,500,000 : 0 : 10,244,428,775 : 43%
2021-08-14 17:59:21 : 97,600,000 : 0 : 10,254,390,475 : 43%
2021-08-14 18:15:31 : 97,700,000 : 0 : 10,264,483,250 : 43%
2021-08-14 18:31:43 : 97,800,000 : 0 : 10,274,444,950 : 43%
2021-08-14 18:48:19 : 97,900,000 : 0 : 10,284,537,725 : 43%
2021-08-14 19:05:14 : 98,000,000 : 0 : 10,294,630,500 : 43%
2021-08-14 19:22:16 : 98,100,000 : 0 : 10,304,723,275 : 44%
2021-08-14 19:39:13 : 98,200,000 : 0 : 10,314,816,050 : 44%
2021-08-14 19:56:11 : 98,300,000 : 0 : 10,324,908,825 : 44%
2021-08-14 20:13:07 : 98,400,000 : 0 : 10,335,001,600 : 44%
2021-08-14 20:30:01 : 98,500,000 : 0 : 10,344,963,300 : 44%
2021-08-14 20:46:51 : 98,600,000 : 0 : 10,354,925,000 : 44%
2021-08-14 21:03:21 : 98,700,000 : 0 : 10,364,886,700 : 44%
2021-08-14 21:20:16 : 98,800,000 : 0 : 10,374,848,400 : 44%
2021-08-14 21:37:25 : 98,900,000 : 0 : 10,384,941,175 : 44%
2021-08-14 21:55:00 : 99,000,000 : 0 : 10,394,902,875 : 44%
2021-08-14 22:12:37 : 99,100,000 : 0 : 10,404,995,650 : 44%
2021-08-14 22:30:49 : 99,200,000 : 0 : 10,414,957,350 : 44%
2021-08-14 22:48:55 : 99,300,000 : 0 : 10,424,919,050 : 44%
2021-08-14 23:06:58 : 99,400,000 : 0 : 10,435,011,825 : 44%
2021-08-14 23:25:33 : 99,500,000 : 0 : 10,444,973,525 : 44%
2021-08-14 23:44:12 : 99,600,000 : 0 : 10,454,804,150 : 44%
2021-08-15 00:02:52 : 99,700,000 : 0 : 10,464,634,775 : 44%
2021-08-15 00:21:43 : 99,800,000 : 0 : 10,474,465,400 : 44%
2021-08-15 00:40:40 : 99,900,000 : 0 : 10,484,296,025 : 44%
2021-08-15 00:59:21 : 100,000,000 : 0 : 10,493,995,575 : 44%
2021-08-15 01:17:54 : 100,100,000 : 0 : 10,503,695,125 : 44%
2021-08-15 01:36:20 : 100,200,000 : 0 : 10,513,263,600 : 44%
2021-08-15 01:54:53 : 100,300,000 : 0 : 10,522,963,150 : 44%
2021-08-15 02:13:56 : 100,400,000 : 0 : 10,532,662,700 : 44%
2021-08-15 02:33:18 : 100,500,000 : 0 : 10,542,362,250 : 45%
2021-08-15 02:52:41 : 100,600,000 : 0 : 10,552,061,800 : 45%
2021-08-15 03:12:33 : 100,700,000 : 0 : 10,561,761,350 : 45%
2021-08-15 03:33:05 : 100,800,000 : 0 : 10,571,329,825 : 45%
2021-08-15 03:54:16 : 100,900,000 : 0 : 10,581,160,450 : 45%
2021-08-15 04:16:17 : 101,000,000 : 0 : 10,600,690,625 : 45%
2021-08-15 04:39:00 : 101,100,000 : 0 : 10,610,390,175 : 45%
2021-08-15 05:02:43 : 101,200,000 : 0 : 10,620,220,800 : 45%
2021-08-15 05:27:20 : 101,300,000 : 0 : 10,629,920,350 : 45%
2021-08-15 05:53:38 : 101,400,000 : 0 : 10,639,882,050 : 45%
2021-08-15 06:21:37 : 101,500,000 : 0 : 10,649,843,750 : 45%
2021-08-15 06:50:06 : 101,600,000 : 0 : 10,659,674,375 : 45%
2021-08-15 07:19:47 : 101,700,000 : 0 : 10,669,636,075 : 45%
2021-08-15 07:50:02 : 101,800,000 : 0 : 10,679,466,700 : 45%
2021-08-15 08:21:20 : 101,900,000 : 0 : 10,689,690,550 : 45%
2021-08-15 08:54:46 : 102,000,000 : 0 : 10,699,652,250 : 45%
2021-08-15 09:28:31 : 102,100,000 : 0 : 10,709,613,950 : 45%
2021-08-15 10:01:18 : 102,200,000 : 0 : 10,719,313,500 : 45%
2021-08-15 10:33:23 : 102,300,000 : 0 : 10,729,144,125 : 45%
2021-08-15 11:03:55 : 102,400,000 : 0 : 10,739,105,825 : 45%
2021-08-15 11:32:46 : 102,500,000 : 0 : 10,748,936,450 : 45%
2021-08-15 11:59:12 : 102,600,000 : 0 : 10,758,767,075 : 45%
2021-08-15 12:24:04 : 102,700,000 : 0 : 10,768,859,850 : 45%
2021-08-15 12:47:04 : 102,800,000 : 0 : 10,778,821,550 : 46%
2021-08-15 13:08:43 : 102,900,000 : 0 : 10,788,914,325 : 46%
2021-08-15 13:29:22 : 103,000,000 : 0 : 10,799,007,100 : 46%
2021-08-15 13:48:58 : 103,100,000 : 0 : 10,809,099,875 : 46%
2021-08-15 14:07:25 : 103,200,000 : 0 : 10,819,192,650 : 46%
2021-08-15 14:25:11 : 103,300,000 : 0 : 10,829,285,425 : 46%
2021-08-15 14:42:10 : 103,400,000 : 0 : 10,839,378,200 : 46%
2021-08-15 14:58:43 : 103,500,000 : 0 : 10,849,470,975 : 46%
2021-08-15 15:15:10 : 103,600,000 : 0 : 10,859,694,825 : 46%
2021-08-15 15:31:16 : 103,700,000 : 0 : 10,869,787,600 : 46%
2021-08-15 15:46:51 : 103,800,000 : 0 : 10,879,880,375 : 46%
2021-08-15 16:02:12 : 103,900,000 : 0 : 10,889,973,150 : 46%
2021-08-15 16:17:35 : 104,000,000 : 0 : 10,900,065,925 : 46%
2021-08-15 16:33:02 : 104,100,000 : 0 : 10,920,251,475 : 46%
2021-08-15 16:48:19 : 104,200,000 : 0 : 10,930,344,250 : 46%
2021-08-15 17:03:33 : 104,300,000 : 0 : 10,940,437,025 : 46%
2021-08-15 17:18:43 : 104,400,000 : 0 : 10,950,267,650 : 46%
2021-08-15 17:33:38 : 104,500,000 : 0 : 10,960,491,500 : 46%
2021-08-15 17:49:12 : 104,600,000 : 0 : 10,970,584,275 : 46%
2021-08-15 18:04:55 : 104,700,000 : 0 : 10,980,677,050 : 46%
2021-08-15 18:20:40 : 104,800,000 : 0 : 10,990,769,825 : 46%
2021-08-15 18:36:23 : 104,900,000 : 0 : 11,000,731,525 : 46%
2021-08-15 18:52:13 : 105,000,000 : 0 : 11,010,824,300 : 46%
2021-08-15 19:08:15 : 105,100,000 : 0 : 11,020,786,000 : 47%
2021-08-15 19:24:33 : 105,200,000 : 0 : 11,030,878,775 : 47%
2021-08-15 19:40:45 : 105,300,000 : 0 : 11,040,840,475 : 47%
2021-08-15 19:56:32 : 105,400,000 : 0 : 11,050,933,250 : 47%
2021-08-15 20:12:24 : 105,500,000 : 0 : 11,060,894,950 : 47%
2021-08-15 20:28:09 : 105,600,000 : 0 : 11,070,987,725 : 47%
2021-08-15 20:43:51 : 105,700,000 : 0 : 11,080,949,425 : 47%
2021-08-15 20:59:19 : 105,800,000 : 0 : 11,090,911,125 : 47%
2021-08-15 21:14:58 : 105,900,000 : 0 : 11,101,003,900 : 47%
2021-08-15 21:31:12 : 106,000,000 : 0 : 11,111,096,675 : 47%
2021-08-15 21:47:27 : 106,100,000 : 0 : 11,121,058,375 : 47%
2021-08-15 22:03:51 : 106,200,000 : 0 : 11,131,151,150 : 47%
2021-08-15 22:20:51 : 106,300,000 : 0 : 11,141,243,925 : 47%
2021-08-15 22:38:07 : 106,400,000 : 0 : 11,151,336,700 : 47%
2021-08-15 22:55:13 : 106,500,000 : 0 : 11,161,429,475 : 47%
2021-08-15 23:12:45 : 106,600,000 : 0 : 11,171,522,250 : 47%
2021-08-15 23:30:38 : 106,700,000 : 0 : 11,181,483,950 : 47%
2021-08-15 23:48:24 : 106,800,000 : 0 : 11,191,445,650 : 47%
2021-08-16 00:06:10 : 106,900,000 : 0 : 11,201,407,350 : 47%
2021-08-16 00:24:16 : 107,000,000 : 0 : 11,211,237,975 : 47%
2021-08-16 00:42:18 : 107,100,000 : 0 : 11,231,030,300 : 47%
2021-08-16 01:00:39 : 107,200,000 : 0 : 11,240,860,925 : 47%
2021-08-16 01:19:04 : 107,300,000 : 0 : 11,250,822,625 : 47%
2021-08-16 01:37:21 : 107,400,000 : 0 : 11,260,653,250 : 48%
2021-08-16 01:55:38 : 107,500,000 : 0 : 11,270,483,875 : 48%
2021-08-16 02:13:53 : 107,600,000 : 0 : 11,280,445,575 : 48%
2021-08-16 02:32:28 : 107,700,000 : 0 : 11,290,276,200 : 48%
2021-08-16 02:51:00 : 107,800,000 : 0 : 11,300,106,825 : 48%
2021-08-16 03:09:56 : 107,900,000 : 0 : 11,310,068,525 : 48%
2021-08-16 03:29:43 : 108,000,000 : 0 : 11,320,030,225 : 48%
2021-08-16 03:50:01 : 108,100,000 : 0 : 11,329,991,925 : 48%
2021-08-16 04:11:21 : 108,200,000 : 0 : 11,339,822,550 : 48%
2021-08-16 04:33:24 : 108,300,000 : 0 : 11,349,915,325 : 48%
2021-08-16 04:56:37 : 108,400,000 : 0 : 11,359,877,025 : 48%
2021-08-16 05:21:15 : 108,500,000 : 0 : 11,369,838,725 : 48%
2021-08-16 05:47:13 : 108,600,000 : 0 : 11,379,800,425 : 48%
2021-08-16 06:14:12 : 108,700,000 : 0 : 11,389,762,125 : 48%
2021-08-16 06:41:42 : 108,800,000 : 0 : 11,399,723,825 : 48%
2021-08-16 07:10:15 : 108,900,000 : 0 : 11,409,685,525 : 48%
2021-08-16 07:40:36 : 109,000,000 : 0 : 11,419,778,300 : 48%
2021-08-16 08:11:23 : 109,100,000 : 0 : 11,429,871,075 : 48%
2021-08-16 08:42:50 : 109,200,000 : 0 : 11,440,094,925 : 48%
2021-08-16 09:14:35 : 109,300,000 : 0 : 11,450,187,700 : 48%
2021-08-16 09:45:49 : 109,400,000 : 0 : 11,460,280,475 : 48%
2021-08-16 10:15:47 : 109,500,000 : 0 : 11,470,373,250 : 48%
2021-08-16 10:44:20 : 109,600,000 : 0 : 11,480,466,025 : 48%
2021-08-16 11:10:59 : 109,700,000 : 0 : 11,490,427,725 : 49%
2021-08-16 11:35:22 : 109,800,000 : 0 : 11,500,389,425 : 49%
2021-08-16 11:58:12 : 109,900,000 : 0 : 11,510,482,200 : 49%
2021-08-16 12:20:04 : 110,000,000 : 0 : 11,520,706,050 : 49%
2021-08-16 12:40:31 : 110,100,000 : 0 : 11,531,060,975 : 49%
2021-08-16 12:59:38 : 110,200,000 : 0 : 11,541,284,825 : 49%
2021-08-16 13:18:00 : 110,300,000 : 0 : 11,551,508,675 : 49%
2021-08-16 13:35:49 : 110,400,000 : 0 : 11,561,863,600 : 49%
2021-08-16 13:52:52 : 110,500,000 : 0 : 11,582,573,450 : 49%
2021-08-16 14:09:22 : 110,600,000 : 0 : 11,593,059,450 : 49%
2021-08-16 14:25:17 : 110,700,000 : 0 : 11,603,414,375 : 49%
2021-08-16 14:40:31 : 110,800,000 : 0 : 11,613,769,300 : 49%
2021-08-16 14:55:30 : 110,900,000 : 0 : 11,624,124,225 : 49%
2021-08-16 15:10:30 : 111,000,000 : 0 : 11,634,610,225 : 49%
2021-08-16 15:25:36 : 111,100,000 : 0 : 11,644,965,150 : 49%
2021-08-16 15:40:19 : 111,200,000 : 0 : 11,655,451,150 : 49%
2021-08-16 15:54:50 : 111,300,000 : 0 : 11,665,937,150 : 49%
2021-08-16 16:09:17 : 111,400,000 : 0 : 11,676,423,150 : 49%
2021-08-16 16:23:41 : 111,500,000 : 0 : 11,686,778,075 : 49%
2021-08-16 16:37:50 : 111,600,000 : 0 : 11,697,264,075 : 49%
2021-08-16 16:52:01 : 111,700,000 : 0 : 11,707,750,075 : 49%
2021-08-16 17:06:19 : 111,800,000 : 0 : 11,718,236,075 : 49%
2021-08-16 17:20:36 : 111,900,000 : 0 : 11,728,722,075 : 50%
2021-08-16 17:34:48 : 112,000,000 : 0 : 11,739,077,000 : 50%
2021-08-16 17:48:59 : 112,100,000 : 0 : 11,749,431,925 : 50%
2021-08-16 18:03:28 : 112,200,000 : 0 : 11,759,786,850 : 50%
2021-08-16 18:18:19 : 112,300,000 : 0 : 11,770,272,850 : 50%
2021-08-16 18:33:08 : 112,400,000 : 0 : 11,780,627,775 : 50%
2021-08-16 18:47:58 : 112,500,000 : 0 : 11,791,113,775 : 50%
2021-08-16 19:02:40 : 112,600,000 : 0 : 11,801,468,700 : 50%
2021-08-16 19:17:40 : 112,700,000 : 0 : 11,811,823,625 : 50%
2021-08-16 19:32:29 : 112,800,000 : 0 : 11,822,178,550 : 50%
2021-08-16 19:46:56 : 112,900,000 : 0 : 11,832,533,475 : 50%
2021-08-16 20:01:24 : 113,000,000 : 0 : 11,842,888,400 : 50%
2021-08-16 20:15:52 : 113,100,000 : 0 : 11,863,467,175 : 50%
2021-08-16 20:30:17 : 113,200,000 : 0 : 11,873,691,025 : 50%
2021-08-16 20:44:33 : 113,300,000 : 0 : 11,883,914,875 : 50%
2021-08-16 20:58:58 : 113,400,000 : 0 : 11,894,269,800 : 50%
2021-08-16 21:13:42 : 113,500,000 : 0 : 11,904,493,650 : 50%
2021-08-16 21:28:47 : 113,600,000 : 0 : 11,914,717,500 : 50%
2021-08-16 21:43:52 : 113,700,000 : 0 : 11,925,072,425 : 50%
2021-08-16 21:59:21 : 113,800,000 : 0 : 11,935,296,275 : 50%
2021-08-16 22:15:10 : 113,900,000 : 0 : 11,945,520,125 : 50%
2021-08-16 22:31:09 : 114,000,000 : 0 : 11,955,612,900 : 50%
2021-08-16 22:47:21 : 114,100,000 : 0 : 11,965,836,750 : 51%
2021-08-16 23:03:33 : 114,200,000 : 0 : 11,975,929,525 : 51%
2021-08-16 23:20:14 : 114,300,000 : 0 : 11,986,022,300 : 51%
2021-08-16 23:37:00 : 114,400,000 : 0 : 11,996,115,075 : 51%
2021-08-16 23:54:11 : 114,500,000 : 0 : 12,006,207,850 : 51%
2021-08-17 00:11:22 : 114,600,000 : 0 : 12,016,169,550 : 51%
2021-08-17 00:28:36 : 114,700,000 : 0 : 12,026,131,250 : 51%
2021-08-17 00:45:37 : 114,800,000 : 0 : 12,036,092,950 : 51%
2021-08-17 01:02:43 : 114,900,000 : 0 : 12,045,923,575 : 51%
2021-08-17 01:19:44 : 115,000,000 : 0 : 12,055,754,200 : 51%
2021-08-17 01:36:43 : 115,100,000 : 0 : 12,065,584,825 : 51%
2021-08-17 01:53:38 : 115,200,000 : 0 : 12,075,546,525 : 51%
2021-08-17 02:10:51 : 115,300,000 : 0 : 12,085,377,150 : 51%
2021-08-17 02:28:22 : 115,400,000 : 0 : 12,095,338,850 : 51%
2021-08-17 02:46:30 : 115,500,000 : 0 : 12,105,169,475 : 51%
2021-08-17 03:04:57 : 115,600,000 : 0 : 12,115,131,175 : 51%
2021-08-17 03:23:53 : 115,700,000 : 0 : 12,125,092,875 : 51%
2021-08-17 03:43:20 : 115,800,000 : 0 : 12,135,054,575 : 51%
2021-08-17 04:03:26 : 115,900,000 : 0 : 12,144,885,200 : 51%
2021-08-17 04:24:44 : 116,000,000 : 0 : 12,154,715,825 : 51%
2021-08-17 04:46:24 : 116,100,000 : 0 : 12,164,546,450 : 51%
2021-08-17 05:09:24 : 116,200,000 : 0 : 12,174,508,150 : 51%
2021-08-17 05:34:23 : 116,300,000 : 0 : 12,184,469,850 : 51%
2021-08-17 06:00:34 : 116,400,000 : 0 : 12,194,562,625 : 51%
2021-08-17 06:28:04 : 116,500,000 : 0 : 12,214,617,100 : 52%
2021-08-17 06:56:15 : 116,600,000 : 0 : 12,224,709,875 : 52%
2021-08-17 07:25:29 : 116,700,000 : 0 : 12,234,802,650 : 52%
2021-08-17 07:55:35 : 116,800,000 : 0 : 12,244,895,425 : 52%
2021-08-17 08:26:08 : 116,900,000 : 0 : 12,255,119,275 : 52%
2021-08-17 08:56:52 : 117,000,000 : 0 : 12,265,212,050 : 52%
2021-08-17 09:28:10 : 117,100,000 : 0 : 12,275,435,900 : 52%
2021-08-17 09:58:30 : 117,200,000 : 0 : 12,285,397,600 : 52%
2021-08-17 10:27:25 : 117,300,000 : 0 : 12,295,490,375 : 52%
2021-08-17 10:54:50 : 117,400,000 : 0 : 12,305,583,150 : 52%
2021-08-17 11:20:11 : 117,500,000 : 0 : 12,315,675,925 : 52%
2021-08-17 11:43:23 : 117,600,000 : 0 : 12,325,899,775 : 52%
2021-08-17 12:05:13 : 117,700,000 : 0 : 12,335,992,550 : 52%
2021-08-17 12:25:52 : 117,800,000 : 0 : 12,346,216,400 : 52%
2021-08-17 12:45:12 : 117,900,000 : 0 : 12,356,571,325 : 52%
2021-08-17 13:03:45 : 118,000,000 : 0 : 12,366,926,250 : 52%
2021-08-17 13:21:40 : 118,100,000 : 0 : 12,377,281,175 : 52%
2021-08-17 13:38:44 : 118,200,000 : 0 : 12,387,636,100 : 52%
2021-08-17 13:55:01 : 118,300,000 : 0 : 12,398,122,100 : 52%
2021-08-17 14:10:59 : 118,400,000 : 0 : 12,408,477,025 : 52%
2021-08-17 14:26:26 : 118,500,000 : 0 : 12,418,963,025 : 52%
2021-08-17 14:41:36 : 118,600,000 : 0 : 12,429,317,950 : 52%
2021-08-17 14:57:42 : 118,700,000 : 0 : 12,439,935,025 : 53%
2021-08-17 15:13:12 : 118,800,000 : 0 : 12,450,289,950 : 53%
2021-08-17 15:28:04 : 118,900,000 : 0 : 12,460,907,025 : 53%
2021-08-17 15:42:46 : 119,000,000 : 0 : 12,471,393,025 : 53%
2021-08-17 15:57:12 : 119,100,000 : 0 : 12,481,879,025 : 53%
2021-08-17 16:11:37 : 119,200,000 : 0 : 12,492,365,025 : 53%
2021-08-17 16:26:04 : 119,300,000 : 0 : 12,502,851,025 : 53%
2021-08-17 16:40:31 : 119,400,000 : 0 : 12,513,337,025 : 53%
2021-08-17 16:57:37 : 119,500,000 : 0 : 12,524,085,175 : 53%
2021-08-17 17:21:26 : 119,600,000 : 0 : 12,545,843,625 : 53%
2021-08-17 17:50:16 : 119,700,000 : 0 : 12,556,591,775 : 53%
2021-08-17 18:14:03 : 119,800,000 : 0 : 12,566,815,625 : 53%
2021-08-17 18:30:53 : 119,900,000 : 0 : 12,577,301,625 : 53%
2021-08-17 18:46:52 : 120,000,000 : 0 : 12,587,656,550 : 53%
2021-08-17 19:02:41 : 120,100,000 : 0 : 12,598,011,475 : 53%
2021-08-17 19:18:24 : 120,200,000 : 0 : 12,608,366,400 : 53%
2021-08-17 19:34:08 : 120,300,000 : 0 : 12,618,590,250 : 53%
2021-08-17 19:49:31 : 120,400,000 : 0 : 12,628,945,175 : 53%
2021-08-17 20:04:39 : 120,500,000 : 0 : 12,639,169,025 : 53%
2021-08-17 20:19:37 : 120,600,000 : 0 : 12,649,392,875 : 53%
2021-08-17 20:34:48 : 120,700,000 : 0 : 12,659,616,725 : 53%
2021-08-17 20:50:03 : 120,800,000 : 0 : 12,669,971,650 : 53%
2021-08-17 21:05:26 : 120,900,000 : 0 : 12,680,195,500 : 54%
2021-08-17 21:21:20 : 121,000,000 : 0 : 12,690,550,425 : 54%
2021-08-17 21:37:26 : 121,100,000 : 0 : 12,700,774,275 : 54%
2021-08-17 21:54:01 : 121,200,000 : 0 : 12,711,129,200 : 54%
2021-08-17 22:11:05 : 121,300,000 : 0 : 12,721,353,050 : 54%
2021-08-17 22:28:16 : 121,400,000 : 0 : 12,731,707,975 : 54%
2021-08-17 22:46:07 : 121,500,000 : 0 : 12,741,931,825 : 54%
2021-08-17 23:03:50 : 121,600,000 : 0 : 12,752,155,675 : 54%
2021-08-17 23:21:56 : 121,700,000 : 0 : 12,762,379,525 : 54%
2021-08-17 23:40:21 : 121,800,000 : 0 : 12,772,603,375 : 54%
2021-08-17 23:59:19 : 121,900,000 : 0 : 12,782,696,150 : 54%
2021-08-18 00:18:15 : 122,000,000 : 0 : 12,792,788,925 : 54%
2021-08-18 00:37:20 : 122,100,000 : 0 : 12,802,881,700 : 54%
2021-08-18 00:56:23 : 122,200,000 : 0 : 12,812,843,400 : 54%
2021-08-18 01:15:22 : 122,300,000 : 0 : 12,822,805,100 : 54%
2021-08-18 01:33:54 : 122,400,000 : 0 : 12,842,597,425 : 54%
2021-08-18 01:52:30 : 122,500,000 : 0 : 12,852,559,125 : 54%
2021-08-18 02:11:19 : 122,600,000 : 0 : 12,862,520,825 : 54%
2021-08-18 02:30:40 : 122,700,000 : 0 : 12,872,482,525 : 54%
2021-08-18 02:50:18 : 122,800,000 : 0 : 12,882,313,150 : 54%
2021-08-18 03:10:34 : 122,900,000 : 0 : 12,892,274,850 : 54%
2021-08-18 03:31:41 : 123,000,000 : 0 : 12,902,236,550 : 54%
2021-08-18 03:53:28 : 123,100,000 : 0 : 12,912,198,250 : 55%
2021-08-18 04:16:25 : 123,200,000 : 0 : 12,922,159,950 : 55%
2021-08-18 04:41:08 : 123,300,000 : 0 : 12,932,252,725 : 55%
2021-08-18 05:07:32 : 123,400,000 : 0 : 12,942,345,500 : 55%
2021-08-18 05:36:01 : 123,500,000 : 0 : 12,952,569,350 : 55%
2021-08-18 06:06:01 : 123,600,000 : 0 : 12,962,662,125 : 55%
2021-08-18 06:37:46 : 123,700,000 : 0 : 12,972,885,975 : 55%
2021-08-18 07:10:42 : 123,800,000 : 0 : 12,983,109,825 : 55%
2021-08-18 07:44:57 : 123,900,000 : 0 : 12,993,464,750 : 55%
2021-08-18 08:20:07 : 124,000,000 : 0 : 13,003,557,525 : 55%
2021-08-18 08:55:46 : 124,100,000 : 0 : 13,013,912,450 : 55%
2021-08-18 09:31:21 : 124,200,000 : 0 : 13,024,136,300 : 55%
2021-08-18 10:05:00 : 124,300,000 : 0 : 13,034,360,150 : 55%
2021-08-18 10:37:27 : 124,400,000 : 0 : 13,044,452,925 : 55%
2021-08-18 11:07:42 : 124,500,000 : 0 : 13,054,676,775 : 55%
2021-08-18 11:35:19 : 124,600,000 : 0 : 13,064,900,625 : 55%
2021-08-18 12:00:49 : 124,700,000 : 0 : 13,075,255,550 : 55%
2021-08-18 12:24:35 : 124,800,000 : 0 : 13,085,479,400 : 55%
2021-08-18 12:46:56 : 124,900,000 : 0 : 13,095,834,325 : 55%
2021-08-18 13:07:56 : 125,000,000 : 0 : 13,106,320,325 : 55%
2021-08-18 13:27:34 : 125,100,000 : 0 : 13,116,675,250 : 55%
2021-08-18 13:46:17 : 125,200,000 : 0 : 13,127,030,175 : 55%
2021-08-18 14:04:19 : 125,300,000 : 0 : 13,137,516,175 : 55%
2021-08-18 14:22:00 : 125,400,000 : 0 : 13,158,619,250 : 56%
2021-08-18 14:39:28 : 125,500,000 : 0 : 13,169,105,250 : 56%
2021-08-18 14:56:35 : 125,600,000 : 0 : 13,179,722,325 : 56%
2021-08-18 15:13:37 : 125,700,000 : 0 : 13,190,470,475 : 56%
2021-08-18 15:30:13 : 125,800,000 : 0 : 13,201,087,550 : 56%
2021-08-18 15:47:09 : 125,900,000 : 0 : 13,211,835,700 : 56%
2021-08-18 16:03:30 : 126,000,000 : 0 : 13,222,321,700 : 56%
2021-08-18 16:19:53 : 126,100,000 : 0 : 13,232,938,775 : 56%
2021-08-18 16:36:12 : 126,200,000 : 0 : 13,243,555,850 : 56%
2021-08-18 16:52:21 : 126,300,000 : 0 : 13,254,172,925 : 56%
2021-08-18 17:08:40 : 126,400,000 : 0 : 13,264,790,000 : 56%
2021-08-18 17:24:57 : 126,500,000 : 0 : 13,275,538,150 : 56%
2021-08-18 17:41:18 : 126,600,000 : 0 : 13,286,024,150 : 56%
2021-08-18 17:57:32 : 126,700,000 : 0 : 13,296,510,150 : 56%
2021-08-18 18:13:59 : 126,800,000 : 0 : 13,307,127,225 : 56%
2021-08-18 18:30:34 : 126,900,000 : 0 : 13,317,744,300 : 56%
2021-08-18 18:47:15 : 127,000,000 : 0 : 13,328,230,300 : 56%
2021-08-18 19:03:55 : 127,100,000 : 0 : 13,338,716,300 : 56%
2021-08-18 19:20:44 : 127,200,000 : 0 : 13,349,202,300 : 56%
2021-08-18 19:37:19 : 127,300,000 : 0 : 13,359,688,300 : 56%
2021-08-18 19:53:52 : 127,400,000 : 0 : 13,370,174,300 : 56%
2021-08-18 20:10:21 : 127,500,000 : 0 : 13,380,660,300 : 56%
2021-08-18 20:26:46 : 127,600,000 : 0 : 13,391,015,225 : 57%
2021-08-18 20:43:10 : 127,700,000 : 0 : 13,401,370,150 : 57%
2021-08-18 20:59:48 : 127,800,000 : 0 : 13,422,080,000 : 57%
2021-08-18 21:16:47 : 127,900,000 : 0 : 13,432,566,000 : 57%
2021-08-18 21:33:55 : 128,000,000 : 0 : 13,442,920,925 : 57%
2021-08-18 21:51:06 : 128,100,000 : 0 : 13,453,275,850 : 57%
2021-08-18 22:08:16 : 128,200,000 : 0 : 13,463,630,775 : 57%
2021-08-18 22:25:23 : 128,300,000 : 0 : 13,473,854,625 : 57%
2021-08-18 22:42:26 : 128,400,000 : 0 : 13,484,209,550 : 57%
2021-08-18 22:59:34 : 128,500,000 : 0 : 13,494,433,400 : 57%
2021-08-18 23:16:52 : 128,600,000 : 0 : 13,504,657,250 : 57%
2021-08-18 23:34:25 : 128,700,000 : 0 : 13,514,750,025 : 57%
2021-08-18 23:52:17 : 128,800,000 : 0 : 13,524,973,875 : 57%
2021-08-19 00:09:47 : 128,900,000 : 0 : 13,534,804,500 : 57%
2021-08-19 00:27:06 : 129,000,000 : 0 : 13,544,766,200 : 57%
2021-08-19 00:44:12 : 129,100,000 : 0 : 13,554,727,900 : 57%
2021-08-19 01:01:27 : 129,200,000 : 0 : 13,564,689,600 : 57%
2021-08-19 01:18:43 : 129,300,000 : 0 : 13,574,389,150 : 57%
2021-08-19 01:36:10 : 129,400,000 : 0 : 13,584,350,850 : 57%
2021-08-19 01:53:35 : 129,500,000 : 0 : 13,594,312,550 : 57%
2021-08-19 02:11:29 : 129,600,000 : 0 : 13,604,274,250 : 57%
2021-08-19 02:29:37 : 129,700,000 : 0 : 13,614,235,950 : 57%
2021-08-19 02:47:56 : 129,800,000 : 0 : 13,624,197,650 : 58%
2021-08-19 03:06:33 : 129,900,000 : 0 : 13,634,159,350 : 58%
2021-08-19 03:26:01 : 130,000,000 : 0 : 13,644,121,050 : 58%
2021-08-19 03:46:15 : 130,100,000 : 0 : 13,654,082,750 : 58%
2021-08-19 04:07:26 : 130,200,000 : 0 : 13,664,175,525 : 58%
2021-08-19 04:29:38 : 130,300,000 : 0 : 13,674,137,225 : 58%
2021-08-19 04:53:23 : 130,400,000 : 0 : 13,684,230,000 : 58%
2021-08-19 05:18:38 : 130,500,000 : 0 : 13,694,322,775 : 58%
2021-08-19 05:45:09 : 130,600,000 : 0 : 13,704,415,550 : 58%
2021-08-19 06:12:40 : 130,700,000 : 0 : 13,714,508,325 : 58%
2021-08-19 06:41:39 : 130,800,000 : 0 : 13,734,956,025 : 58%
2021-08-19 07:11:53 : 130,900,000 : 0 : 13,745,048,800 : 58%
2021-08-19 07:42:57 : 131,000,000 : 0 : 13,755,403,725 : 58%
2021-08-19 08:15:13 : 131,100,000 : 0 : 13,765,627,575 : 58%
2021-08-19 08:47:48 : 131,200,000 : 0 : 13,775,851,425 : 58%
2021-08-19 09:20:37 : 131,300,000 : 0 : 13,786,075,275 : 58%
2021-08-19 09:52:43 : 131,400,000 : 0 : 13,796,299,125 : 58%
2021-08-19 10:23:03 : 131,500,000 : 0 : 13,806,391,900 : 58%
2021-08-19 10:51:34 : 131,600,000 : 0 : 13,816,615,750 : 58%
2021-08-19 11:18:19 : 131,700,000 : 0 : 13,826,839,600 : 58%
2021-08-19 11:42:46 : 131,800,000 : 0 : 13,837,194,525 : 58%
2021-08-19 12:05:28 : 131,900,000 : 0 : 13,847,418,375 : 58%
2021-08-19 12:26:51 : 132,000,000 : 0 : 13,857,773,300 : 58%
2021-08-19 12:46:48 : 132,100,000 : 0 : 13,868,259,300 : 59%
2021-08-19 13:05:47 : 132,200,000 : 0 : 13,878,614,225 : 59%
2021-08-19 13:23:57 : 132,300,000 : 0 : 13,889,100,225 : 59%
2021-08-19 13:41:32 : 132,400,000 : 0 : 13,899,586,225 : 59%
2021-08-19 13:58:14 : 132,500,000 : 0 : 13,910,072,225 : 59%
2021-08-19 14:14:37 : 132,600,000 : 0 : 13,920,558,225 : 59%
2021-08-19 14:30:24 : 132,700,000 : 0 : 13,931,044,225 : 59%
2021-08-19 14:46:09 : 132,800,000 : 0 : 13,941,530,225 : 59%
2021-08-19 15:01:35 : 132,900,000 : 0 : 13,952,016,225 : 59%
2021-08-19 15:17:04 : 133,000,000 : 0 : 13,962,633,300 : 59%
2021-08-19 15:32:03 : 133,100,000 : 0 : 13,973,119,300 : 59%
2021-08-19 15:47:04 : 133,200,000 : 0 : 13,983,605,300 : 59%
2021-08-19 16:01:52 : 133,300,000 : 0 : 13,994,222,375 : 59%
2021-08-19 16:16:47 : 133,400,000 : 0 : 14,004,708,375 : 59%
2021-08-19 16:31:43 : 133,500,000 : 0 : 14,015,194,375 : 59%
2021-08-19 16:46:41 : 133,600,000 : 0 : 14,036,297,450 : 59%
2021-08-19 17:01:50 : 133,700,000 : 0 : 14,046,914,525 : 59%
2021-08-19 17:17:09 : 133,800,000 : 0 : 14,057,400,525 : 59%
2021-08-19 17:32:28 : 133,900,000 : 0 : 14,067,886,525 : 59%
2021-08-19 17:47:55 : 134,000,000 : 0 : 14,078,372,525 : 59%
2021-08-19 18:03:12 : 134,100,000 : 0 : 14,088,727,450 : 59%
2021-08-19 18:18:53 : 134,200,000 : 0 : 14,099,213,450 : 60%
2021-08-19 18:34:18 : 134,300,000 : 0 : 14,109,568,375 : 60%
2021-08-19 18:49:42 : 134,400,000 : 0 : 14,119,923,300 : 60%
2021-08-19 19:05:06 : 134,500,000 : 0 : 14,130,147,150 : 60%
2021-08-19 19:20:19 : 134,600,000 : 0 : 14,140,371,000 : 60%
2021-08-19 19:35:23 : 134,700,000 : 0 : 14,150,594,850 : 60%
2021-08-19 19:50:22 : 134,800,000 : 0 : 14,160,949,775 : 60%
2021-08-19 20:05:10 : 134,900,000 : 0 : 14,171,042,550 : 60%
2021-08-19 20:20:02 : 135,000,000 : 0 : 14,181,266,400 : 60%
2021-08-19 20:34:49 : 135,100,000 : 0 : 14,191,490,250 : 60%
2021-08-19 20:49:33 : 135,200,000 : 0 : 14,201,714,100 : 60%
2021-08-19 21:04:28 : 135,300,000 : 0 : 14,211,806,875 : 60%
2021-08-19 21:19:52 : 135,400,000 : 0 : 14,222,161,800 : 60%
2021-08-19 21:35:23 : 135,500,000 : 0 : 14,232,385,650 : 60%
2021-08-19 21:50:48 : 135,600,000 : 0 : 14,242,609,500 : 60%
2021-08-19 22:06:31 : 135,700,000 : 0 : 14,252,833,350 : 60%
2021-08-19 22:22:36 : 135,800,000 : 0 : 14,263,057,200 : 60%
2021-08-19 22:39:06 : 135,900,000 : 0 : 14,273,149,975 : 60%
2021-08-19 22:55:45 : 136,000,000 : 0 : 14,283,373,825 : 60%
2021-08-19 23:12:44 : 136,100,000 : 0 : 14,293,597,675 : 60%
2021-08-19 23:29:57 : 136,200,000 : 0 : 14,303,690,450 : 60%
2021-08-19 23:47:17 : 136,300,000 : 0 : 14,313,783,225 : 60%
2021-08-20 00:04:38 : 136,400,000 : 0 : 14,323,876,000 : 60%
2021-08-20 00:22:06 : 136,500,000 : 0 : 14,343,537,250 : 61%
2021-08-20 00:39:08 : 136,600,000 : 0 : 14,353,367,875 : 61%
2021-08-20 00:56:17 : 136,700,000 : 0 : 14,363,198,500 : 61%
2021-08-20 01:13:22 : 136,800,000 : 0 : 14,373,029,125 : 61%
2021-08-20 01:30:52 : 136,900,000 : 0 : 14,382,990,825 : 61%
2021-08-20 01:48:32 : 137,000,000 : 0 : 14,392,821,450 : 61%
2021-08-20 02:06:16 : 137,100,000 : 0 : 14,402,783,150 : 61%
2021-08-20 02:24:14 : 137,200,000 : 0 : 14,412,613,775 : 61%
2021-08-20 02:42:40 : 137,300,000 : 0 : 14,422,575,475 : 61%
2021-08-20 03:01:33 : 137,400,000 : 0 : 14,432,406,100 : 61%
2021-08-20 03:20:58 : 137,500,000 : 0 : 14,442,367,800 : 61%
2021-08-20 03:41:12 : 137,600,000 : 0 : 14,452,198,425 : 61%
2021-08-20 04:01:53 : 137,700,000 : 0 : 14,462,160,125 : 61%
2021-08-20 04:23:23 : 137,800,000 : 0 : 14,472,121,825 : 61%
2021-08-20 04:46:02 : 137,900,000 : 0 : 14,482,083,525 : 61%
2021-08-20 05:09:56 : 138,000,000 : 0 : 14,492,045,225 : 61%
2021-08-20 05:35:31 : 138,100,000 : 0 : 14,502,138,000 : 61%
2021-08-20 06:02:36 : 138,200,000 : 0 : 14,512,230,775 : 61%
2021-08-20 06:30:36 : 138,300,000 : 0 : 14,522,323,550 : 61%
2021-08-20 07:00:18 : 138,400,000 : 0 : 14,532,547,400 : 61%
2021-08-20 07:30:58 : 138,500,000 : 0 : 14,542,771,250 : 61%
2021-08-20 08:02:30 : 138,600,000 : 0 : 14,552,864,025 : 61%
2021-08-20 08:34:10 : 138,700,000 : 0 : 14,563,218,950 : 61%
2021-08-20 09:09:24 : 138,800,000 : 0 : 14,573,442,800 : 62%
2021-08-20 09:41:16 : 138,900,000 : 0 : 14,583,535,575 : 62%
2021-08-20 10:12:09 : 139,000,000 : 0 : 14,593,497,275 : 62%
2021-08-20 10:41:34 : 139,100,000 : 0 : 14,603,458,975 : 62%
2021-08-20 11:08:13 : 139,200,000 : 0 : 14,613,551,750 : 62%
2021-08-20 11:33:04 : 139,300,000 : 0 : 14,623,513,450 : 62%
2021-08-20 11:56:02 : 139,400,000 : 0 : 14,633,606,225 : 62%
2021-08-20 12:17:37 : 139,500,000 : 0 : 14,643,830,075 : 62%
2021-08-20 12:37:40 : 139,600,000 : 0 : 14,653,922,850 : 62%
2021-08-20 12:56:21 : 139,700,000 : 0 : 14,664,146,700 : 62%
2021-08-20 13:14:28 : 139,800,000 : 0 : 14,674,370,550 : 62%
2021-08-20 13:31:57 : 139,900,000 : 0 : 14,684,725,475 : 62%
2021-08-20 13:48:35 : 140,000,000 : 0 : 14,705,435,325 : 62%
2021-08-20 14:04:31 : 140,100,000 : 0 : 14,715,659,175 : 62%
2021-08-20 14:20:22 : 140,200,000 : 0 : 14,726,014,100 : 62%
2021-08-20 14:35:35 : 140,300,000 : 0 : 14,736,369,025 : 62%
2021-08-20 14:50:39 : 140,400,000 : 0 : 14,746,723,950 : 62%
2021-08-20 15:05:38 : 140,500,000 : 0 : 14,757,209,950 : 62%
2021-08-20 15:20:38 : 140,600,000 : 0 : 14,767,564,875 : 62%
2021-08-20 15:35:27 : 140,700,000 : 0 : 14,778,050,875 : 62%
2021-08-20 15:50:11 : 140,800,000 : 0 : 14,788,405,800 : 62%
2021-08-20 16:04:55 : 140,900,000 : 0 : 14,798,760,725 : 62%
2021-08-20 16:19:39 : 141,000,000 : 0 : 14,809,246,725 : 63%
2021-08-20 16:34:17 : 141,100,000 : 0 : 14,819,601,650 : 63%
2021-08-20 16:48:58 : 141,200,000 : 0 : 14,829,956,575 : 63%
2021-08-20 17:03:44 : 141,300,000 : 0 : 14,840,311,500 : 63%
2021-08-20 17:18:26 : 141,400,000 : 0 : 14,850,797,500 : 63%
2021-08-20 17:33:12 : 141,500,000 : 0 : 14,861,152,425 : 63%
2021-08-20 17:47:59 : 141,600,000 : 0 : 14,871,638,425 : 63%
2021-08-20 18:03:02 : 141,700,000 : 0 : 14,881,862,275 : 63%
2021-08-20 18:18:10 : 141,800,000 : 0 : 14,892,217,200 : 63%
2021-08-20 18:33:22 : 141,900,000 : 0 : 14,902,572,125 : 63%
2021-08-20 18:48:44 : 142,000,000 : 0 : 14,912,927,050 : 63%
2021-08-20 19:04:01 : 142,100,000 : 0 : 14,923,281,975 : 63%
2021-08-20 19:18:44 : 142,200,000 : 0 : 14,932,457,225 : 63%
2021-08-20 19:32:11 : 142,300,000 : 0 : 14,942,550,000 : 63%
2021-08-20 19:47:34 : 142,400,000 : 0 : 14,952,642,775 : 63%
2021-08-20 20:02:57 : 142,500,000 : 0 : 14,962,866,625 : 63%
2021-08-20 20:18:26 : 142,600,000 : 0 : 14,973,221,550 : 63%
2021-08-20 20:34:01 : 142,700,000 : 0 : 14,983,445,400 : 63%
2021-08-20 20:49:30 : 142,800,000 : 0 : 14,993,538,175 : 63%
2021-08-20 21:04:56 : 142,900,000 : 0 : 15,013,854,800 : 63%
2021-08-20 21:20:35 : 143,000,000 : 0 : 15,023,947,575 : 63%
2021-08-20 21:36:22 : 143,100,000 : 0 : 15,034,171,425 : 63%
2021-08-20 21:52:31 : 143,200,000 : 0 : 15,044,395,275 : 64%
2021-08-20 22:08:48 : 143,300,000 : 0 : 15,054,619,125 : 64%
2021-08-20 22:25:18 : 143,400,000 : 0 : 15,064,580,825 : 64%
2021-08-20 22:41:58 : 143,500,000 : 0 : 15,074,673,600 : 64%
2021-08-20 22:59:01 : 143,600,000 : 0 : 15,084,766,375 : 64%
2021-08-20 23:16:16 : 143,700,000 : 0 : 15,094,728,075 : 64%
2021-08-20 23:33:22 : 143,800,000 : 0 : 15,104,689,775 : 64%
2021-08-20 23:50:43 : 143,900,000 : 0 : 15,114,651,475 : 64%
2021-08-21 00:08:06 : 144,000,000 : 0 : 15,124,482,100 : 64%
2021-08-21 00:25:47 : 144,100,000 : 0 : 15,134,443,800 : 64%
2021-08-21 00:43:20 : 144,200,000 : 0 : 15,144,143,350 : 64%
2021-08-21 01:00:47 : 144,300,000 : 0 : 15,153,711,825 : 64%
2021-08-21 01:18:13 : 144,400,000 : 0 : 15,163,411,375 : 64%
2021-08-21 01:36:02 : 144,500,000 : 0 : 15,173,242,000 : 64%
2021-08-21 01:54:02 : 144,600,000 : 0 : 15,182,810,475 : 64%
2021-08-21 02:11:17 : 144,700,000 : 0 : 15,192,247,875 : 64%
2021-08-21 02:29:12 : 144,800,000 : 0 : 15,201,947,425 : 64%
2021-08-21 02:47:41 : 144,900,000 : 0 : 15,211,646,975 : 64%
2021-08-21 03:06:33 : 145,000,000 : 0 : 15,221,346,525 : 64%
2021-08-21 03:26:28 : 145,100,000 : 0 : 15,231,177,150 : 64%
2021-08-21 03:46:54 : 145,200,000 : 0 : 15,241,007,775 : 64%
2021-08-21 04:08:16 : 145,300,000 : 0 : 15,250,707,325 : 64%
2021-08-21 04:30:16 : 145,400,000 : 0 : 15,260,537,950 : 64%
2021-08-21 04:53:10 : 145,500,000 : 0 : 15,270,237,500 : 64%
2021-08-21 05:17:51 : 145,600,000 : 0 : 15,280,068,125 : 65%
2021-08-21 05:43:33 : 145,700,000 : 0 : 15,289,898,750 : 65%
2021-08-21 06:10:41 : 145,800,000 : 0 : 15,299,729,375 : 65%
2021-08-21 06:38:58 : 145,900,000 : 0 : 15,309,691,075 : 65%
2021-08-21 07:08:20 : 146,000,000 : 0 : 15,319,521,700 : 65%
2021-08-21 07:39:13 : 146,100,000 : 0 : 15,329,483,400 : 65%
2021-08-21 08:11:13 : 146,200,000 : 0 : 15,339,576,175 : 65%
2021-08-21 08:43:52 : 146,300,000 : 0 : 15,349,537,875 : 65%
2021-08-21 09:17:16 : 146,400,000 : 0 : 15,359,368,500 : 65%
2021-08-21 09:50:03 : 146,500,000 : 0 : 15,369,199,125 : 65%
2021-08-21 10:22:55 : 146,600,000 : 0 : 15,379,029,750 : 65%
2021-08-21 10:54:11 : 146,700,000 : 0 : 15,398,953,150 : 65%
2021-08-21 11:23:33 : 146,800,000 : 0 : 15,408,914,850 : 65%
2021-08-21 11:50:55 : 146,900,000 : 0 : 15,418,745,475 : 65%
2021-08-21 12:15:39 : 147,000,000 : 0 : 15,428,707,175 : 65%
2021-08-21 12:38:45 : 147,100,000 : 0 : 15,438,799,950 : 65%
2021-08-21 13:00:56 : 147,200,000 : 0 : 15,448,892,725 : 65%
2021-08-21 13:21:35 : 147,300,000 : 0 : 15,458,985,500 : 65%
2021-08-21 13:41:37 : 147,400,000 : 0 : 15,469,209,350 : 65%
2021-08-21 14:01:07 : 147,500,000 : 0 : 15,479,433,200 : 65%
2021-08-21 14:19:37 : 147,600,000 : 0 : 15,489,657,050 : 65%
2021-08-21 14:37:27 : 147,700,000 : 0 : 15,500,011,975 : 65%
2021-08-21 14:54:57 : 147,800,000 : 0 : 15,510,235,825 : 65%
2021-08-21 15:12:24 : 147,900,000 : 0 : 15,520,459,675 : 66%
2021-08-21 15:29:38 : 148,000,000 : 0 : 15,530,814,600 : 66%
2021-08-21 15:46:27 : 148,100,000 : 0 : 15,541,038,450 : 66%
2021-08-21 16:03:13 : 148,200,000 : 0 : 15,551,262,300 : 66%
2021-08-21 16:19:54 : 148,300,000 : 0 : 15,561,486,150 : 66%
2021-08-21 16:36:36 : 148,400,000 : 0 : 15,571,710,000 : 66%
2021-08-21 16:53:02 : 148,500,000 : 0 : 15,581,933,850 : 66%
2021-08-21 17:09:36 : 148,600,000 : 0 : 15,592,157,700 : 66%
2021-08-21 17:26:09 : 148,700,000 : 0 : 15,602,381,550 : 66%
2021-08-21 17:42:45 : 148,800,000 : 0 : 15,612,474,325 : 66%
2021-08-21 17:59:11 : 148,900,000 : 0 : 15,622,698,175 : 66%
2021-08-21 18:15:41 : 149,000,000 : 0 : 15,632,790,950 : 66%
2021-08-21 18:32:32 : 149,100,000 : 0 : 15,643,014,800 : 66%
2021-08-21 18:49:30 : 149,200,000 : 0 : 15,653,238,650 : 66%
2021-08-21 19:06:52 : 149,300,000 : 0 : 15,663,331,425 : 66%
2021-08-21 19:24:11 : 149,400,000 : 0 : 15,673,424,200 : 66%
2021-08-21 19:41:25 : 149,500,000 : 0 : 15,683,516,975 : 66%
2021-08-21 19:58:38 : 149,600,000 : 0 : 15,693,478,675 : 66%
2021-08-21 20:16:01 : 149,700,000 : 0 : 15,703,440,375 : 66%
2021-08-21 20:33:03 : 149,800,000 : 0 : 15,713,402,075 : 66%
2021-08-21 20:50:15 : 149,900,000 : 0 : 15,723,494,850 : 66%
2021-08-21 21:07:32 : 150,000,000 : 0 : 15,743,418,250 : 66%
2021-08-21 21:24:58 : 150,100,000 : 0 : 15,753,379,950 : 67%
2021-08-21 21:42:10 : 150,200,000 : 0 : 15,763,472,725 : 67%
2021-08-21 21:59:31 : 150,300,000 : 0 : 15,773,434,425 : 67%
2021-08-21 22:17:16 : 150,400,000 : 0 : 15,783,527,200 : 67%
2021-08-21 22:35:11 : 150,500,000 : 0 : 15,793,619,975 : 67%
2021-08-21 22:53:20 : 150,600,000 : 0 : 15,803,712,750 : 67%
2021-08-21 23:11:46 : 150,700,000 : 0 : 15,813,674,450 : 67%
2021-08-21 23:29:56 : 150,800,000 : 0 : 15,823,505,075 : 67%
2021-08-21 23:48:06 : 150,900,000 : 0 : 15,833,466,775 : 67%
2021-08-22 00:06:20 : 151,000,000 : 0 : 15,843,297,400 : 67%
2021-08-22 00:24:43 : 151,100,000 : 0 : 15,852,996,950 : 67%
2021-08-22 00:42:58 : 151,200,000 : 0 : 15,862,827,575 : 67%
2021-08-22 01:01:15 : 151,300,000 : 0 : 15,872,658,200 : 67%
2021-08-22 01:19:37 : 151,400,000 : 0 : 15,882,226,675 : 67%
2021-08-22 01:37:14 : 151,500,000 : 0 : 15,891,795,150 : 67%
2021-08-22 01:55:03 : 151,600,000 : 0 : 15,901,494,700 : 67%
2021-08-22 02:13:21 : 151,700,000 : 0 : 15,911,194,250 : 67%
2021-08-22 02:31:16 : 151,800,000 : 0 : 15,920,893,800 : 67%
2021-08-22 02:50:04 : 151,900,000 : 0 : 15,930,593,350 : 67%
2021-08-22 03:09:08 : 152,000,000 : 0 : 15,940,292,900 : 67%
2021-08-22 03:28:15 : 152,100,000 : 0 : 15,949,861,375 : 67%
2021-08-22 03:48:00 : 152,200,000 : 0 : 15,959,429,850 : 67%
2021-08-22 04:07:45 : 152,300,000 : 0 : 15,968,998,325 : 67%
2021-08-22 04:28:35 : 152,400,000 : 0 : 15,978,697,875 : 67%
2021-08-22 04:50:51 : 152,500,000 : 0 : 15,988,528,500 : 67%
2021-08-22 05:14:43 : 152,600,000 : 0 : 15,998,228,050 : 68%
2021-08-22 05:39:26 : 152,700,000 : 0 : 16,008,058,675 : 68%
2021-08-22 06:05:43 : 152,800,000 : 0 : 16,017,889,300 : 68%
2021-08-22 06:33:07 : 152,900,000 : 0 : 16,027,851,000 : 68%
2021-08-22 07:01:48 : 153,000,000 : 0 : 16,037,812,700 : 68%
2021-08-22 07:31:54 : 153,100,000 : 0 : 16,047,774,400 : 68%
2021-08-22 08:02:47 : 153,200,000 : 0 : 16,057,736,100 : 68%
2021-08-22 08:34:27 : 153,300,000 : 0 : 16,067,828,875 : 68%
2021-08-22 09:07:15 : 153,400,000 : 0 : 16,077,921,650 : 68%
2021-08-22 09:40:32 : 153,500,000 : 0 : 16,088,014,425 : 68%
2021-08-22 10:13:47 : 153,600,000 : 0 : 16,097,976,125 : 68%
2021-08-22 10:45:35 : 153,700,000 : 0 : 16,107,806,750 : 68%
2021-08-22 11:15:42 : 153,800,000 : 0 : 16,117,768,450 : 68%
2021-08-22 11:44:18 : 153,900,000 : 0 : 16,127,730,150 : 68%
2021-08-22 12:10:32 : 154,000,000 : 0 : 16,137,822,925 : 68%
2021-08-22 12:35:14 : 154,100,000 : 0 : 16,158,139,550 : 68%
2021-08-22 12:58:24 : 154,200,000 : 0 : 16,168,232,325 : 68%
2021-08-22 13:19:37 : 154,300,000 : 0 : 16,178,194,025 : 68%
2021-08-22 13:39:34 : 154,400,000 : 0 : 16,188,286,800 : 68%
2021-08-22 13:58:20 : 154,500,000 : 0 : 16,198,510,650 : 68%
2021-08-22 14:16:34 : 154,600,000 : 0 : 16,208,734,500 : 68%
2021-08-22 14:34:02 : 154,700,000 : 0 : 16,218,827,275 : 68%
2021-08-22 14:51:10 : 154,800,000 : 0 : 16,229,051,125 : 69%
2021-08-22 15:07:39 : 154,900,000 : 0 : 16,239,274,975 : 69%
2021-08-22 15:24:20 : 155,000,000 : 0 : 16,249,498,825 : 69%
2021-08-22 15:40:48 : 155,100,000 : 0 : 16,259,722,675 : 69%
2021-08-22 15:56:30 : 155,200,000 : 0 : 16,269,946,525 : 69%
2021-08-22 16:12:03 : 155,300,000 : 0 : 16,280,039,300 : 69%
2021-08-22 16:27:33 : 155,400,000 : 0 : 16,290,132,075 : 69%
2021-08-22 16:43:11 : 155,500,000 : 0 : 16,300,355,925 : 69%
2021-08-22 16:58:53 : 155,600,000 : 0 : 16,310,579,775 : 69%
2021-08-22 17:14:32 : 155,700,000 : 0 : 16,320,803,625 : 69%
2021-08-22 17:30:06 : 155,800,000 : 0 : 16,331,027,475 : 69%
2021-08-22 17:45:49 : 155,900,000 : 0 : 16,341,251,325 : 69%
2021-08-22 18:01:44 : 156,000,000 : 0 : 16,351,606,250 : 69%
2021-08-22 18:17:44 : 156,100,000 : 0 : 16,361,830,100 : 69%
2021-08-22 18:33:32 : 156,200,000 : 0 : 16,372,053,950 : 69%
2021-08-22 18:49:32 : 156,300,000 : 0 : 16,382,146,725 : 69%
2021-08-22 19:05:40 : 156,400,000 : 0 : 16,392,370,575 : 69%
2021-08-22 19:21:33 : 156,500,000 : 0 : 16,402,463,350 : 69%
2021-08-22 19:37:37 : 156,600,000 : 0 : 16,412,556,125 : 69%
2021-08-22 19:54:03 : 156,700,000 : 0 : 16,422,779,975 : 69%
2021-08-22 20:10:23 : 156,800,000 : 0 : 16,443,096,600 : 69%
2021-08-22 20:26:43 : 156,900,000 : 0 : 16,453,320,450 : 69%
2021-08-22 20:43:05 : 157,000,000 : 0 : 16,463,282,150 : 69%
2021-08-22 20:59:25 : 157,100,000 : 0 : 16,473,506,000 : 70%
2021-08-22 21:15:50 : 157,200,000 : 0 : 16,483,598,775 : 70%
2021-08-22 21:32:33 : 157,300,000 : 0 : 16,493,560,475 : 70%
2021-08-22 21:49:04 : 157,400,000 : 0 : 16,503,653,250 : 70%
2021-08-22 22:05:35 : 157,500,000 : 0 : 16,513,746,025 : 70%
2021-08-22 22:22:34 : 157,600,000 : 0 : 16,523,838,800 : 70%
2021-08-22 22:40:01 : 157,700,000 : 0 : 16,533,931,575 : 70%
2021-08-22 22:57:35 : 157,800,000 : 0 : 16,544,155,425 : 70%
2021-08-22 23:15:19 : 157,900,000 : 0 : 16,554,117,125 : 70%
2021-08-22 23:32:59 : 158,000,000 : 0 : 16,564,209,900 : 70%
2021-08-22 23:50:55 : 158,100,000 : 0 : 16,574,171,600 : 70%
2021-08-23 00:08:48 : 158,200,000 : 0 : 16,584,133,300 : 70%
2021-08-23 00:27:01 : 158,300,000 : 0 : 16,594,226,075 : 70%
2021-08-23 00:45:12 : 158,400,000 : 0 : 16,604,056,700 : 70%
2021-08-23 01:03:08 : 158,500,000 : 0 : 16,614,149,475 : 70%
2021-08-23 01:21:20 : 158,600,000 : 0 : 16,623,980,100 : 70%
2021-08-23 01:39:30 : 158,700,000 : 0 : 16,633,941,800 : 70%
2021-08-23 01:57:52 : 158,800,000 : 0 : 16,643,903,500 : 70%
2021-08-23 02:16:11 : 158,900,000 : 0 : 16,653,734,125 : 70%
2021-08-23 02:34:49 : 159,000,000 : 0 : 16,663,695,825 : 70%
2021-08-23 02:54:03 : 159,100,000 : 0 : 16,673,657,525 : 70%
2021-08-23 03:14:08 : 159,200,000 : 0 : 16,683,619,225 : 70%
2021-08-23 03:34:37 : 159,300,000 : 0 : 16,693,580,925 : 70%
2021-08-23 03:55:46 : 159,400,000 : 0 : 16,703,673,700 : 71%
2021-08-23 04:17:39 : 159,500,000 : 0 : 16,713,635,400 : 71%
2021-08-23 04:40:31 : 159,600,000 : 0 : 16,723,728,175 : 71%
2021-08-23 05:04:42 : 159,700,000 : 0 : 16,733,689,875 : 71%
2021-08-23 05:30:35 : 159,800,000 : 0 : 16,743,782,650 : 71%
2021-08-23 05:57:42 : 159,900,000 : 0 : 16,754,006,500 : 71%
2021-08-23 06:26:16 : 160,000,000 : 0 : 16,764,230,350 : 71%
2021-08-23 06:56:19 : 160,100,000 : 0 : 16,774,454,200 : 71%
2021-08-23 07:27:33 : 160,200,000 : 0 : 16,784,678,050 : 71%
2021-08-23 07:59:47 : 160,300,000 : 0 : 16,805,256,825 : 71%
2021-08-23 08:32:45 : 160,400,000 : 0 : 16,815,480,675 : 71%
2021-08-23 09:06:16 : 160,500,000 : 0 : 16,825,704,525 : 71%
2021-08-23 09:38:58 : 160,600,000 : 0 : 16,835,928,375 : 71%
2021-08-23 10:10:30 : 160,700,000 : 0 : 16,846,152,225 : 71%
2021-08-23 10:40:17 : 160,800,000 : 0 : 16,856,376,075 : 71%
2021-08-23 11:08:04 : 160,900,000 : 0 : 16,866,731,000 : 71%
2021-08-23 11:33:48 : 161,000,000 : 0 : 16,876,954,850 : 71%
2021-08-23 11:57:35 : 161,100,000 : 0 : 16,887,178,700 : 71%
2021-08-23 12:19:53 : 161,200,000 : 0 : 16,897,533,625 : 71%
2021-08-23 12:40:52 : 161,300,000 : 0 : 16,907,888,550 : 71%
2021-08-23 13:00:25 : 161,400,000 : 0 : 16,918,374,550 : 71%
2021-08-23 13:19:13 : 161,500,000 : 0 : 16,928,860,550 : 71%
2021-08-23 13:37:33 : 161,600,000 : 0 : 16,939,346,550 : 72%
2021-08-23 13:55:02 : 161,700,000 : 0 : 16,949,832,550 : 72%
2021-08-23 14:12:11 : 161,800,000 : 0 : 16,960,318,550 : 72%
2021-08-23 14:28:37 : 161,900,000 : 0 : 16,970,804,550 : 72%
2021-08-23 14:44:44 : 162,000,000 : 0 : 16,981,421,625 : 72%
2021-08-23 15:00:32 : 162,100,000 : 0 : 16,992,038,700 : 72%
2021-08-23 15:16:18 : 162,200,000 : 0 : 17,002,655,775 : 72%
2021-08-23 15:31:52 : 162,300,000 : 0 : 17,013,272,850 : 72%
2021-08-23 15:47:22 : 162,400,000 : 0 : 17,023,889,925 : 72%
2021-08-23 16:02:39 : 162,500,000 : 0 : 17,034,638,075 : 72%
2021-08-23 16:18:02 : 162,600,000 : 0 : 17,045,255,150 : 72%
2021-08-23 16:33:14 : 162,700,000 : 0 : 17,055,872,225 : 72%
2021-08-23 16:48:25 : 162,800,000 : 0 : 17,066,489,300 : 72%
2021-08-23 17:03:23 : 162,900,000 : 0 : 17,077,106,375 : 72%
2021-08-23 17:18:20 : 163,000,000 : 0 : 17,098,078,375 : 72%
2021-08-23 17:33:13 : 163,100,000 : 0 : 17,108,695,450 : 72%
2021-08-23 17:48:15 : 163,200,000 : 0 : 17,119,181,450 : 72%
2021-08-23 18:03:10 : 163,300,000 : 0 : 17,129,798,525 : 72%
2021-08-23 18:18:26 : 163,400,000 : 0 : 17,140,415,600 : 72%
2021-08-23 18:33:34 : 163,500,000 : 0 : 17,151,032,675 : 72%
2021-08-23 18:48:45 : 163,600,000 : 0 : 17,161,518,675 : 72%
2021-08-23 19:03:54 : 163,700,000 : 0 : 17,172,004,675 : 72%
2021-08-23 19:19:10 : 163,800,000 : 0 : 17,182,490,675 : 73%
2021-08-23 19:34:19 : 163,900,000 : 0 : 17,192,976,675 : 73%
2021-08-23 19:49:22 : 164,000,000 : 0 : 17,203,462,675 : 73%
2021-08-23 20:04:11 : 164,100,000 : 0 : 17,213,948,675 : 73%
2021-08-23 20:19:04 : 164,200,000 : 0 : 17,224,303,600 : 73%
2021-08-23 20:34:03 : 164,300,000 : 0 : 17,234,658,525 : 73%
2021-08-23 20:48:52 : 164,400,000 : 0 : 17,245,013,450 : 73%
2021-08-23 21:03:43 : 164,500,000 : 0 : 17,255,499,450 : 73%
2021-08-23 21:19:00 : 164,600,000 : 0 : 17,265,854,375 : 73%
2021-08-23 21:34:24 : 164,700,000 : 0 : 17,276,340,375 : 73%
2021-08-23 21:50:04 : 164,800,000 : 0 : 17,286,826,375 : 73%
2021-08-23 22:05:54 : 164,900,000 : 0 : 17,297,181,300 : 73%
2021-08-23 22:22:02 : 165,000,000 : 0 : 17,307,536,225 : 73%
2021-08-23 22:38:24 : 165,100,000 : 0 : 17,317,891,150 : 73%
2021-08-23 22:54:49 : 165,200,000 : 0 : 17,328,246,075 : 73%
2021-08-23 23:11:31 : 165,300,000 : 0 : 17,338,469,925 : 73%
2021-08-23 23:28:18 : 165,400,000 : 0 : 17,348,693,775 : 73%
2021-08-23 23:45:29 : 165,500,000 : 0 : 17,359,048,700 : 73%
2021-08-24 00:02:43 : 165,600,000 : 0 : 17,369,272,550 : 73%
2021-08-24 00:19:49 : 165,700,000 : 0 : 17,379,365,325 : 73%
2021-08-24 00:36:28 : 165,800,000 : 0 : 17,389,458,100 : 73%
2021-08-24 00:52:50 : 165,900,000 : 0 : 17,409,119,350 : 73%
2021-08-24 01:09:10 : 166,000,000 : 0 : 17,419,081,050 : 74%
2021-08-24 01:25:48 : 166,100,000 : 0 : 17,429,042,750 : 74%
2021-08-24 01:42:27 : 166,200,000 : 0 : 17,438,742,300 : 74%
2021-08-24 01:59:01 : 166,300,000 : 0 : 17,448,704,000 : 74%
2021-08-24 02:16:01 : 166,400,000 : 0 : 17,458,534,625 : 74%
2021-08-24 02:33:22 : 166,500,000 : 0 : 17,468,365,250 : 74%
2021-08-24 02:51:11 : 166,600,000 : 0 : 17,478,326,950 : 74%
2021-08-24 03:09:39 : 166,700,000 : 0 : 17,488,288,650 : 74%
2021-08-24 03:28:48 : 166,800,000 : 0 : 17,498,381,425 : 74%
2021-08-24 03:48:49 : 166,900,000 : 0 : 17,508,343,125 : 74%
2021-08-24 04:09:43 : 167,000,000 : 0 : 17,518,435,900 : 74%
2021-08-24 04:31:45 : 167,100,000 : 0 : 17,528,397,600 : 74%
2021-08-24 04:55:03 : 167,200,000 : 0 : 17,538,490,375 : 74%
2021-08-24 05:20:09 : 167,300,000 : 0 : 17,548,714,225 : 74%
2021-08-24 05:46:28 : 167,400,000 : 0 : 17,558,807,000 : 74%
2021-08-24 06:14:32 : 167,500,000 : 0 : 17,569,030,850 : 74%
2021-08-24 06:43:43 : 167,600,000 : 0 : 17,579,254,700 : 74%
2021-08-24 07:14:15 : 167,700,000 : 0 : 17,589,478,550 : 74%
2021-08-24 07:45:45 : 167,800,000 : 0 : 17,599,702,400 : 74%
2021-08-24 08:18:18 : 167,900,000 : 0 : 17,609,926,250 : 74%
2021-08-24 08:51:07 : 168,000,000 : 0 : 17,620,281,175 : 74%
2021-08-24 09:24:04 : 168,100,000 : 0 : 17,630,505,025 : 74%
2021-08-24 09:56:12 : 168,200,000 : 0 : 17,640,728,875 : 74%
2021-08-24 10:26:31 : 168,300,000 : 0 : 17,650,952,725 : 75%
2021-08-24 10:54:49 : 168,400,000 : 0 : 17,661,045,500 : 75%
2021-08-24 11:20:17 : 168,500,000 : 0 : 17,671,269,350 : 75%
2021-08-24 11:44:24 : 168,600,000 : 0 : 17,681,493,200 : 75%
2021-08-24 12:06:36 : 168,700,000 : 0 : 17,691,717,050 : 75%
2021-08-24 12:27:43 : 168,800,000 : 0 : 17,702,203,050 : 75%
2021-08-24 12:47:33 : 168,900,000 : 0 : 17,712,689,050 : 75%
2021-08-24 13:06:27 : 169,000,000 : 0 : 17,723,175,050 : 75%
2021-08-24 13:24:45 : 169,100,000 : 0 : 17,733,792,125 : 75%
2021-08-24 13:42:23 : 169,200,000 : 0 : 17,744,278,125 : 75%
2021-08-24 13:59:21 : 169,300,000 : 0 : 17,754,764,125 : 75%
2021-08-24 14:15:52 : 169,400,000 : 0 : 17,775,867,200 : 75%
2021-08-24 14:31:57 : 169,500,000 : 0 : 17,786,615,350 : 75%
2021-08-24 14:47:52 : 169,600,000 : 0 : 17,797,232,425 : 75%
2021-08-24 15:03:31 : 169,700,000 : 0 : 17,807,980,575 : 75%
2021-08-24 15:19:22 : 169,800,000 : 0 : 17,818,597,650 : 75%
2021-08-24 15:34:40 : 169,900,000 : 0 : 17,829,214,725 : 75%
2021-08-24 15:49:49 : 170,000,000 : 0 : 17,839,831,800 : 75%
2021-08-24 16:04:59 : 170,100,000 : 0 : 17,850,448,875 : 75%
2021-08-24 16:20:12 : 170,200,000 : 0 : 17,860,934,875 : 75%
2021-08-24 16:35:02 : 170,300,000 : 0 : 17,871,551,950 : 75%
2021-08-24 16:49:52 : 170,400,000 : 0 : 17,882,037,950 : 75%
2021-08-24 17:04:24 : 170,500,000 : 0 : 17,892,655,025 : 76%
2021-08-24 17:19:08 : 170,600,000 : 0 : 17,903,009,950 : 76%
2021-08-24 17:33:36 : 170,700,000 : 0 : 17,913,495,950 : 76%
2021-08-24 17:48:08 : 170,800,000 : 0 : 17,923,850,875 : 76%
2021-08-24 18:02:32 : 170,900,000 : 0 : 17,934,336,875 : 76%
2021-08-24 18:17:14 : 171,000,000 : 0 : 17,944,560,725 : 76%
2021-08-24 18:31:31 : 171,100,000 : 0 : 17,954,915,650 : 76%
2021-08-24 18:45:58 : 171,200,000 : 0 : 17,965,139,500 : 76%
2021-08-24 18:59:58 : 171,300,000 : 0 : 17,975,363,350 : 76%
2021-08-24 19:14:27 : 171,400,000 : 0 : 17,985,587,200 : 76%
2021-08-24 19:29:15 : 171,500,000 : 0 : 17,995,942,125 : 76%
2021-08-24 19:44:02 : 171,600,000 : 0 : 18,006,297,050 : 76%
2021-08-24 19:58:41 : 171,700,000 : 0 : 18,016,520,900 : 76%
2021-08-24 20:13:19 : 171,800,000 : 0 : 18,026,875,825 : 76%
2021-08-24 20:28:07 : 171,900,000 : 0 : 18,037,230,750 : 76%
2021-08-24 20:43:00 : 172,000,000 : 0 : 18,047,585,675 : 76%
2021-08-24 20:57:51 : 172,100,000 : 0 : 18,057,940,600 : 76%
2021-08-24 21:13:09 : 172,200,000 : 0 : 18,078,650,450 : 76%
2021-08-24 21:28:41 : 172,300,000 : 0 : 18,089,005,375 : 76%
2021-08-24 21:44:14 : 172,400,000 : 0 : 18,099,360,300 : 76%
2021-08-24 21:59:53 : 172,500,000 : 0 : 18,109,715,225 : 76%
2021-08-24 22:15:47 : 172,600,000 : 0 : 18,120,070,150 : 76%
2021-08-24 22:31:56 : 172,700,000 : 0 : 18,130,294,000 : 77%
2021-08-24 22:48:25 : 172,800,000 : 0 : 18,140,648,925 : 77%
2021-08-24 23:04:56 : 172,900,000 : 0 : 18,150,872,775 : 77%
2021-08-24 23:21:42 : 173,000,000 : 0 : 18,160,965,550 : 77%
2021-08-24 23:38:25 : 173,100,000 : 0 : 18,171,189,400 : 77%
2021-08-24 23:55:09 : 173,200,000 : 0 : 18,181,151,100 : 77%
2021-08-25 00:12:01 : 173,300,000 : 0 : 18,191,243,875 : 77%
2021-08-25 00:28:54 : 173,400,000 : 0 : 18,201,205,575 : 77%
2021-08-25 00:45:49 : 173,500,000 : 0 : 18,211,167,275 : 77%
2021-08-25 01:02:39 : 173,600,000 : 0 : 18,221,260,050 : 77%
2021-08-25 01:19:32 : 173,700,000 : 0 : 18,231,221,750 : 77%
2021-08-25 01:36:31 : 173,800,000 : 0 : 18,241,183,450 : 77%
2021-08-25 01:53:40 : 173,900,000 : 0 : 18,251,145,150 : 77%
2021-08-25 02:10:56 : 174,000,000 : 0 : 18,261,237,925 : 77%
2021-08-25 02:28:22 : 174,100,000 : 0 : 18,271,199,625 : 77%
2021-08-25 02:46:03 : 174,200,000 : 0 : 18,281,161,325 : 77%
2021-08-25 03:04:12 : 174,300,000 : 0 : 18,291,123,025 : 77%
2021-08-25 03:22:58 : 174,400,000 : 0 : 18,301,084,725 : 77%
2021-08-25 03:42:33 : 174,500,000 : 0 : 18,311,177,500 : 77%
2021-08-25 04:02:53 : 174,600,000 : 0 : 18,321,270,275 : 77%
2021-08-25 04:24:15 : 174,700,000 : 0 : 18,331,231,975 : 77%
2021-08-25 04:46:43 : 174,800,000 : 0 : 18,341,324,750 : 77%
2021-08-25 05:10:35 : 174,900,000 : 0 : 18,351,417,525 : 77%
2021-08-25 05:35:54 : 175,000,000 : 0 : 18,361,510,300 : 78%
2021-08-25 06:02:58 : 175,100,000 : 0 : 18,371,734,150 : 78%
2021-08-25 06:31:35 : 175,200,000 : 0 : 18,381,958,000 : 78%
2021-08-25 07:01:12 : 175,300,000 : 0 : 18,392,181,850 : 78%
2021-08-25 07:31:58 : 175,400,000 : 0 : 18,402,405,700 : 78%
2021-08-25 08:03:48 : 175,500,000 : 0 : 18,422,984,475 : 78%
2021-08-25 08:35:56 : 175,600,000 : 0 : 18,433,208,325 : 78%
2021-08-25 09:08:42 : 175,700,000 : 0 : 18,443,563,250 : 78%
2021-08-25 09:40:44 : 175,800,000 : 0 : 18,453,787,100 : 78%
2021-08-25 10:11:31 : 175,900,000 : 0 : 18,464,010,950 : 78%
2021-08-25 10:40:21 : 176,000,000 : 0 : 18,474,365,875 : 78%
2021-08-25 11:07:12 : 176,100,000 : 0 : 18,484,458,650 : 78%
2021-08-25 11:31:57 : 176,200,000 : 0 : 18,494,813,575 : 78%
2021-08-25 11:54:53 : 176,300,000 : 0 : 18,505,037,425 : 78%
2021-08-25 12:16:27 : 176,400,000 : 0 : 18,515,523,425 : 78%
2021-08-25 12:36:39 : 176,500,000 : 0 : 18,525,878,350 : 78%
2021-08-25 12:55:41 : 176,600,000 : 0 : 18,536,364,350 : 78%
2021-08-25 13:13:45 : 176,700,000 : 0 : 18,546,850,350 : 78%
2021-08-25 13:30:52 : 176,800,000 : 0 : 18,557,336,350 : 78%
2021-08-25 13:47:13 : 176,900,000 : 0 : 18,567,691,275 : 78%
2021-08-25 14:03:06 : 177,000,000 : 0 : 18,578,177,275 : 78%
2021-08-25 14:18:56 : 177,100,000 : 0 : 18,588,663,275 : 78%
2021-08-25 14:34:21 : 177,200,000 : 0 : 18,599,149,275 : 79%
2021-08-25 14:49:36 : 177,300,000 : 0 : 18,609,635,275 : 79%
2021-08-25 15:04:52 : 177,400,000 : 0 : 18,620,252,350 : 79%
2021-08-25 15:20:07 : 177,500,000 : 0 : 18,630,869,425 : 79%
2021-08-25 15:35:05 : 177,600,000 : 0 : 18,641,486,500 : 79%
2021-08-25 15:49:54 : 177,700,000 : 0 : 18,652,103,575 : 79%
2021-08-25 16:04:41 : 177,800,000 : 0 : 18,662,720,650 : 79%
2021-08-25 16:19:37 : 177,900,000 : 0 : 18,673,206,650 : 79%
2021-08-25 16:34:19 : 178,000,000 : 0 : 18,683,823,725 : 79%
2021-08-25 16:48:57 : 178,100,000 : 0 : 18,694,309,725 : 79%
2021-08-25 17:03:29 : 178,200,000 : 0 : 18,704,926,800 : 79%
2021-08-25 17:18:21 : 178,300,000 : 0 : 18,726,029,875 : 79%
2021-08-25 17:33:00 : 178,400,000 : 0 : 18,736,646,950 : 79%
2021-08-25 17:47:44 : 178,500,000 : 0 : 18,747,132,950 : 79%
2021-08-25 18:02:25 : 178,600,000 : 0 : 18,757,487,875 : 79%
2021-08-25 18:17:18 : 178,700,000 : 0 : 18,767,973,875 : 79%
2021-08-25 18:32:08 : 178,800,000 : 0 : 18,778,459,875 : 79%
2021-08-25 18:46:53 : 178,900,000 : 0 : 18,788,814,800 : 79%
2021-08-25 19:01:28 : 179,000,000 : 0 : 18,799,169,725 : 79%
2021-08-25 19:16:12 : 179,100,000 : 0 : 18,809,524,650 : 79%
2021-08-25 19:30:49 : 179,200,000 : 0 : 18,819,879,575 : 79%
2021-08-25 19:45:24 : 179,300,000 : 0 : 18,830,234,500 : 79%
2021-08-25 19:59:48 : 179,400,000 : 0 : 18,840,589,425 : 80%
2021-08-25 20:14:18 : 179,500,000 : 0 : 18,850,944,350 : 80%
2021-08-25 20:28:46 : 179,600,000 : 0 : 18,861,168,200 : 80%
2021-08-25 20:43:31 : 179,700,000 : 0 : 18,871,654,200 : 80%
2021-08-25 20:58:19 : 179,800,000 : 0 : 18,882,009,125 : 80%
2021-08-25 21:13:28 : 179,900,000 : 0 : 18,892,495,125 : 80%
2021-08-25 21:28:51 : 180,000,000 : 0 : 18,902,850,050 : 80%
2021-08-25 21:44:24 : 180,100,000 : 0 : 18,913,204,975 : 80%
2021-08-25 21:59:59 : 180,200,000 : 0 : 18,923,559,900 : 80%
2021-08-25 22:16:01 : 180,300,000 : 0 : 18,933,914,825 : 80%
2021-08-25 22:32:05 : 180,400,000 : 0 : 18,944,138,675 : 80%
2021-08-25 22:48:25 : 180,500,000 : 0 : 18,954,493,600 : 80%
2021-08-25 23:05:01 : 180,600,000 : 0 : 18,964,848,525 : 80%
2021-08-25 23:21:50 : 180,700,000 : 0 : 18,975,072,375 : 80%
2021-08-25 23:38:53 : 180,800,000 : 0 : 18,985,296,225 : 80%
2021-08-25 23:55:49 : 180,900,000 : 0 : 18,995,389,000 : 80%
2021-08-26 00:12:42 : 181,000,000 : 0 : 19,005,481,775 : 80%
2021-08-26 00:29:17 : 181,100,000 : 0 : 19,025,405,175 : 80%
2021-08-26 00:45:56 : 181,200,000 : 0 : 19,035,366,875 : 80%
2021-08-26 01:02:27 : 181,300,000 : 0 : 19,045,066,425 : 80%
2021-08-26 01:18:53 : 181,400,000 : 0 : 19,055,028,125 : 80%
2021-08-26 01:35:28 : 181,500,000 : 0 : 19,064,858,750 : 80%
2021-08-26 01:51:54 : 181,600,000 : 0 : 19,074,689,375 : 81%
2021-08-26 02:08:31 : 181,700,000 : 0 : 19,084,520,000 : 81%
2021-08-26 02:25:46 : 181,800,000 : 0 : 19,094,481,700 : 81%
2021-08-26 02:43:27 : 181,900,000 : 0 : 19,104,574,475 : 81%
2021-08-26 03:01:38 : 182,000,000 : 0 : 19,114,536,175 : 81%
2021-08-26 03:20:24 : 182,100,000 : 0 : 19,124,497,875 : 81%
2021-08-26 03:40:06 : 182,200,000 : 0 : 19,134,590,650 : 81%
2021-08-26 04:00:20 : 182,300,000 : 0 : 19,144,683,425 : 81%
2021-08-26 04:21:41 : 182,400,000 : 0 : 19,154,514,050 : 81%
2021-08-26 04:43:50 : 182,500,000 : 0 : 19,164,606,825 : 81%
2021-08-26 05:07:40 : 182,600,000 : 0 : 19,174,699,600 : 81%
2021-08-26 05:32:41 : 182,700,000 : 0 : 19,184,792,375 : 81%
2021-08-26 05:58:42 : 182,800,000 : 0 : 19,194,754,075 : 81%
2021-08-26 06:25:55 : 182,900,000 : 0 : 19,204,715,775 : 81%
2021-08-26 06:54:02 : 183,000,000 : 0 : 19,214,808,550 : 81%
2021-08-26 07:23:28 : 183,100,000 : 0 : 19,224,901,325 : 81%
2021-08-26 07:53:40 : 183,200,000 : 0 : 19,235,125,175 : 81%
2021-08-26 08:25:32 : 183,300,000 : 0 : 19,245,349,025 : 81%
2021-08-26 08:58:18 : 183,400,000 : 0 : 19,255,703,950 : 81%
2021-08-26 09:30:54 : 183,500,000 : 0 : 19,265,927,800 : 81%
2021-08-26 10:02:34 : 183,600,000 : 0 : 19,276,282,725 : 81%
2021-08-26 10:32:07 : 183,700,000 : 0 : 19,286,506,575 : 81%
2021-08-26 10:59:50 : 183,800,000 : 0 : 19,296,730,425 : 81%
2021-08-26 11:25:25 : 183,900,000 : 0 : 19,306,954,275 : 82%
2021-08-26 11:48:32 : 184,000,000 : 0 : 19,317,178,125 : 82%
2021-08-26 12:10:13 : 184,100,000 : 0 : 19,327,533,050 : 82%
2021-08-26 12:30:38 : 184,200,000 : 0 : 19,337,887,975 : 82%
2021-08-26 12:49:53 : 184,300,000 : 0 : 19,348,373,975 : 82%
2021-08-26 13:08:06 : 184,400,000 : 0 : 19,369,345,975 : 82%
2021-08-26 13:25:42 : 184,500,000 : 0 : 19,379,700,900 : 82%
2021-08-26 13:42:36 : 184,600,000 : 0 : 19,390,186,900 : 82%
2021-08-26 13:58:56 : 184,700,000 : 0 : 19,400,803,975 : 82%
2021-08-26 14:14:56 : 184,800,000 : 0 : 19,411,421,050 : 82%
2021-08-26 14:30:28 : 184,900,000 : 0 : 19,421,907,050 : 82%
2021-08-26 14:45:38 : 185,000,000 : 0 : 19,432,393,050 : 82%
2021-08-26 15:00:46 : 185,100,000 : 0 : 19,443,010,125 : 82%
2021-08-26 15:16:04 : 185,200,000 : 0 : 19,453,627,200 : 82%
2021-08-26 15:31:11 : 185,300,000 : 0 : 19,464,244,275 : 82%
2021-08-26 15:46:03 : 185,400,000 : 0 : 19,474,730,275 : 82%
2021-08-26 16:00:31 : 185,500,000 : 0 : 19,485,347,350 : 82%
2021-08-26 16:15:17 : 185,600,000 : 0 : 19,495,833,350 : 82%
2021-08-26 16:29:48 : 185,700,000 : 0 : 19,506,319,350 : 82%
2021-08-26 16:44:09 : 185,800,000 : 0 : 19,516,805,350 : 82%
2021-08-26 16:58:19 : 185,900,000 : 0 : 19,527,291,350 : 82%
2021-08-26 17:12:36 : 186,000,000 : 0 : 19,537,646,275 : 82%
2021-08-26 17:26:45 : 186,100,000 : 0 : 19,548,001,200 : 83%
2021-08-26 17:41:01 : 186,200,000 : 0 : 19,558,356,125 : 83%
2021-08-26 17:55:27 : 186,300,000 : 0 : 19,568,842,125 : 83%
2021-08-26 18:10:13 : 186,400,000 : 0 : 19,579,197,050 : 83%
2021-08-26 18:25:02 : 186,500,000 : 0 : 19,589,683,050 : 83%
2021-08-26 18:39:59 : 186,600,000 : 0 : 19,600,037,975 : 83%
2021-08-26 18:54:48 : 186,700,000 : 0 : 19,610,523,975 : 83%
2021-08-26 19:09:36 : 186,800,000 : 0 : 19,620,878,900 : 83%
2021-08-26 19:24:23 : 186,900,000 : 0 : 19,631,233,825 : 83%
2021-08-26 19:39:10 : 187,000,000 : 0 : 19,641,588,750 : 83%
2021-08-26 19:53:53 : 187,100,000 : 0 : 19,662,167,525 : 83%
2021-08-26 20:08:48 : 187,200,000 : 0 : 19,672,522,450 : 83%
2021-08-26 20:23:41 : 187,300,000 : 0 : 19,682,877,375 : 83%
2021-08-26 20:38:31 : 187,400,000 : 0 : 19,693,232,300 : 83%
2021-08-26 20:53:20 : 187,500,000 : 0 : 19,703,718,300 : 83%
2021-08-26 21:08:26 : 187,600,000 : 0 : 19,714,073,225 : 83%
2021-08-26 21:23:52 : 187,700,000 : 0 : 19,724,297,075 : 83%
2021-08-26 21:39:27 : 187,800,000 : 0 : 19,734,652,000 : 83%
2021-08-26 21:55:00 : 187,900,000 : 0 : 19,744,875,850 : 83%
2021-08-26 22:11:05 : 188,000,000 : 0 : 19,755,230,775 : 83%
2021-08-26 22:27:13 : 188,100,000 : 0 : 19,765,454,625 : 83%
2021-08-26 22:43:52 : 188,200,000 : 0 : 19,775,678,475 : 83%
2021-08-26 23:00:31 : 188,300,000 : 0 : 19,785,902,325 : 84%
2021-08-26 23:17:26 : 188,400,000 : 0 : 19,796,126,175 : 84%
2021-08-26 23:34:26 : 188,500,000 : 0 : 19,806,218,950 : 84%
2021-08-26 23:51:42 : 188,600,000 : 0 : 19,816,311,725 : 84%
2021-08-27 00:09:01 : 188,700,000 : 0 : 19,826,404,500 : 84%
2021-08-27 00:26:29 : 188,800,000 : 0 : 19,836,497,275 : 84%
2021-08-27 00:43:42 : 188,900,000 : 0 : 19,846,458,975 : 84%
2021-08-27 01:01:02 : 189,000,000 : 0 : 19,856,420,675 : 84%
2021-08-27 01:18:35 : 189,100,000 : 0 : 19,866,382,375 : 84%
2021-08-27 01:36:07 : 189,200,000 : 0 : 19,876,344,075 : 84%
2021-08-27 01:53:32 : 189,300,000 : 0 : 19,886,174,700 : 84%
2021-08-27 02:10:41 : 189,400,000 : 0 : 19,896,005,325 : 84%
2021-08-27 02:27:49 : 189,500,000 : 0 : 19,905,835,950 : 84%
2021-08-27 02:45:19 : 189,600,000 : 0 : 19,915,666,575 : 84%
2021-08-27 03:03:18 : 189,700,000 : 0 : 19,925,497,200 : 84%
2021-08-27 03:21:46 : 189,800,000 : 0 : 19,935,327,825 : 84%
2021-08-27 03:40:48 : 189,900,000 : 0 : 19,945,158,450 : 84%
2021-08-27 04:00:17 : 190,000,000 : 0 : 19,954,858,000 : 84%
2021-08-27 04:19:53 : 190,100,000 : 0 : 19,964,557,550 : 84%
2021-08-27 04:40:16 : 190,200,000 : 0 : 19,974,126,025 : 84%
2021-08-27 05:01:23 : 190,300,000 : 0 : 19,983,825,575 : 84%
2021-08-27 05:23:31 : 190,400,000 : 0 : 19,993,394,050 : 84%
2021-08-27 05:48:04 : 190,500,000 : 0 : 20,003,355,750 : 84%
2021-08-27 06:15:10 : 190,600,000 : 0 : 20,013,579,600 : 84%
2021-08-27 06:44:06 : 190,700,000 : 0 : 20,034,027,300 : 85%
2021-08-27 07:14:13 : 190,800,000 : 0 : 20,044,251,150 : 85%
2021-08-27 07:45:15 : 190,900,000 : 0 : 20,054,475,000 : 85%
2021-08-27 08:17:06 : 191,000,000 : 0 : 20,064,698,850 : 85%
2021-08-27 08:49:20 : 191,100,000 : 0 : 20,075,053,775 : 85%
2021-08-27 09:21:21 : 191,200,000 : 0 : 20,085,277,625 : 85%
2021-08-27 09:52:27 : 191,300,000 : 0 : 20,095,370,400 : 85%
2021-08-27 10:21:56 : 191,400,000 : 0 : 20,105,332,100 : 85%
2021-08-27 10:49:06 : 191,500,000 : 0 : 20,115,424,875 : 85%
2021-08-27 11:14:35 : 191,600,000 : 0 : 20,125,386,575 : 85%
2021-08-27 11:38:00 : 191,700,000 : 0 : 20,135,479,350 : 85%
2021-08-27 11:59:52 : 191,800,000 : 0 : 20,145,703,200 : 85%
2021-08-27 12:20:44 : 191,900,000 : 0 : 20,155,927,050 : 85%
2021-08-27 12:40:19 : 192,000,000 : 0 : 20,166,150,900 : 85%
2021-08-27 12:58:35 : 192,100,000 : 0 : 20,176,505,825 : 85%
2021-08-27 13:16:10 : 192,200,000 : 0 : 20,186,860,750 : 85%
2021-08-27 13:32:57 : 192,300,000 : 0 : 20,197,084,600 : 85%
2021-08-27 13:49:01 : 192,400,000 : 0 : 20,207,439,525 : 85%
2021-08-27 14:04:50 : 192,500,000 : 0 : 20,217,794,450 : 85%
2021-08-27 14:20:25 : 192,600,000 : 0 : 20,228,280,450 : 85%
2021-08-27 14:35:36 : 192,700,000 : 0 : 20,238,766,450 : 85%
2021-08-27 14:50:32 : 192,800,000 : 0 : 20,249,121,375 : 85%
2021-08-27 15:05:27 : 192,900,000 : 0 : 20,259,607,375 : 86%
2021-08-27 15:20:21 : 193,000,000 : 0 : 20,269,962,300 : 86%
2021-08-27 15:35:10 : 193,100,000 : 0 : 20,280,448,300 : 86%
2021-08-27 15:49:46 : 193,200,000 : 0 : 20,290,934,300 : 86%
2021-08-27 16:04:04 : 193,300,000 : 0 : 20,301,289,225 : 86%
2021-08-27 16:18:37 : 193,400,000 : 0 : 20,311,644,150 : 86%
Decoding error with 134,217,728 bytes, reading another chunk
2021-08-27 16:33:09 : 193,500,000 : 0 : 20,332,485,075 : 86%
2021-08-27 16:47:39 : 193,600,000 : 0 : 20,332,485,075 : 86%
2021-08-27 17:02:04 : 193,700,000 : 0 : 20,342,840,000 : 86%
2021-08-27 17:16:41 : 193,800,000 : 0 : 20,363,680,925 : 86%
2021-08-27 17:31:15 : 193,900,000 : 0 : 20,374,035,850 : 86%
2021-08-27 17:45:59 : 194,000,000 : 0 : 20,384,521,850 : 86%
2021-08-27 18:00:48 : 194,100,000 : 0 : 20,394,876,775 : 86%
2021-08-27 18:15:57 : 194,200,000 : 0 : 20,405,362,775 : 86%
2021-08-27 18:31:11 : 194,300,000 : 0 : 20,415,717,700 : 86%
2021-08-27 18:46:17 : 194,400,000 : 0 : 20,426,072,625 : 86%
2021-08-27 19:01:34 : 194,500,000 : 0 : 20,436,427,550 : 86%
2021-08-27 19:16:52 : 194,600,000 : 0 : 20,446,782,475 : 86%
2021-08-27 19:32:04 : 194,700,000 : 0 : 20,457,006,325 : 86%
2021-08-27 19:47:23 : 194,800,000 : 0 : 20,467,361,250 : 86%
2021-08-27 20:02:35 : 194,900,000 : 0 : 20,477,585,100 : 86%
2021-08-27 20:18:03 : 195,000,000 : 0 : 20,487,808,950 : 86%
2021-08-27 20:33:28 : 195,100,000 : 0 : 20,498,163,875 : 87%
2021-08-27 20:49:05 : 195,200,000 : 0 : 20,508,387,725 : 87%
2021-08-27 21:04:53 : 195,300,000 : 0 : 20,518,742,650 : 87%
2021-08-27 21:20:55 : 195,400,000 : 0 : 20,528,835,425 : 87%
2021-08-27 21:37:03 : 195,500,000 : 0 : 20,539,190,350 : 87%
2021-08-27 21:53:16 : 195,600,000 : 0 : 20,549,283,125 : 87%
2021-08-27 22:09:50 : 195,700,000 : 0 : 20,559,638,050 : 87%
2021-08-27 22:26:50 : 195,800,000 : 0 : 20,569,861,900 : 87%
2021-08-27 22:43:58 : 195,900,000 : 0 : 20,580,085,750 : 87%
2021-08-27 23:01:11 : 196,000,000 : 0 : 20,590,178,525 : 87%
2021-08-27 23:18:45 : 196,100,000 : 0 : 20,600,271,300 : 87%
2021-08-27 23:36:23 : 196,200,000 : 0 : 20,610,364,075 : 87%
2021-08-27 23:54:29 : 196,300,000 : 0 : 20,620,456,850 : 87%
2021-08-28 00:12:33 : 196,400,000 : 0 : 20,630,287,475 : 87%
2021-08-28 00:30:28 : 196,500,000 : 0 : 20,640,249,175 : 87%
2021-08-28 00:48:29 : 196,600,000 : 0 : 20,650,079,800 : 87%
2021-08-28 01:06:54 : 196,700,000 : 0 : 20,660,041,500 : 87%
2021-08-28 01:25:22 : 196,800,000 : 0 : 20,669,872,125 : 87%
2021-08-28 01:43:30 : 196,900,000 : 0 : 20,679,571,675 : 87%
2021-08-28 02:02:06 : 197,000,000 : 0 : 20,699,232,925 : 87%
2021-08-28 02:21:06 : 197,100,000 : 0 : 20,709,063,550 : 87%
2021-08-28 02:40:13 : 197,200,000 : 0 : 20,718,763,100 : 87%
2021-08-28 02:59:41 : 197,300,000 : 0 : 20,728,593,725 : 88%
2021-08-28 03:20:06 : 197,400,000 : 0 : 20,738,555,425 : 88%
2021-08-28 03:41:11 : 197,500,000 : 0 : 20,748,386,050 : 88%
2021-08-28 04:03:00 : 197,600,000 : 0 : 20,758,347,750 : 88%
2021-08-28 04:25:46 : 197,700,000 : 0 : 20,768,178,375 : 88%
2021-08-28 04:49:54 : 197,800,000 : 0 : 20,778,140,075 : 88%
2021-08-28 05:15:07 : 197,900,000 : 0 : 20,787,970,700 : 88%
2021-08-28 05:41:16 : 198,000,000 : 0 : 20,797,932,400 : 88%
2021-08-28 06:08:51 : 198,100,000 : 0 : 20,807,894,100 : 88%
2021-08-28 06:37:36 : 198,200,000 : 0 : 20,817,855,800 : 88%
2021-08-28 07:07:33 : 198,300,000 : 0 : 20,827,817,500 : 88%
2021-08-28 07:39:05 : 198,400,000 : 0 : 20,837,779,200 : 88%
2021-08-28 08:11:07 : 198,500,000 : 0 : 20,847,740,900 : 88%
2021-08-28 08:44:07 : 198,600,000 : 0 : 20,857,833,675 : 88%
2021-08-28 09:17:47 : 198,700,000 : 0 : 20,867,664,300 : 88%
2021-08-28 09:50:52 : 198,800,000 : 0 : 20,877,494,925 : 88%
2021-08-28 10:22:52 : 198,900,000 : 0 : 20,887,194,475 : 88%
2021-08-28 10:52:11 : 199,000,000 : 0 : 20,896,894,025 : 88%
2021-08-28 11:20:14 : 199,100,000 : 0 : 20,906,724,650 : 88%
2021-08-28 11:46:13 : 199,200,000 : 0 : 20,916,555,275 : 88%
2021-08-28 12:10:14 : 199,300,000 : 0 : 20,926,254,825 : 88%
2021-08-28 12:32:27 : 199,400,000 : 0 : 20,936,216,525 : 88%
2021-08-28 12:53:55 : 199,500,000 : 0 : 20,946,309,300 : 88%
2021-08-28 13:14:33 : 199,600,000 : 0 : 20,956,271,000 : 88%
2021-08-28 13:34:05 : 199,700,000 : 0 : 20,966,232,700 : 89%
2021-08-28 13:52:48 : 199,800,000 : 0 : 20,976,325,475 : 89%
2021-08-28 14:10:32 : 199,900,000 : 0 : 20,986,287,175 : 89%
2021-08-28 14:27:32 : 200,000,000 : 0 : 20,996,379,950 : 89%
2021-08-28 14:44:14 : 200,100,000 : 0 : 21,006,472,725 : 89%
2021-08-28 15:00:38 : 200,200,000 : 0 : 21,016,565,500 : 89%
2021-08-28 15:17:01 : 200,300,000 : 0 : 21,026,658,275 : 89%
2021-08-28 15:33:14 : 200,400,000 : 0 : 21,036,751,050 : 89%
2021-08-28 15:49:28 : 200,500,000 : 0 : 21,046,974,900 : 89%
2021-08-28 16:05:21 : 200,600,000 : 0 : 21,067,553,675 : 89%
2021-08-28 16:21:44 : 200,700,000 : 0 : 21,077,777,525 : 89%
2021-08-28 16:37:57 : 200,800,000 : 0 : 21,088,001,375 : 89%
2021-08-28 16:53:48 : 200,900,000 : 0 : 21,098,225,225 : 89%
2021-08-28 17:09:47 : 201,000,000 : 0 : 21,108,186,925 : 89%
2021-08-28 17:25:01 : 201,100,000 : 0 : 21,118,148,625 : 89%
2021-08-28 17:39:39 : 201,200,000 : 0 : 21,128,110,325 : 89%
2021-08-28 17:54:55 : 201,300,000 : 0 : 21,138,072,025 : 89%
2021-08-28 18:10:30 : 201,400,000 : 0 : 21,148,033,725 : 89%
2021-08-28 18:26:08 : 201,500,000 : 0 : 21,157,995,425 : 89%
2021-08-28 18:41:42 : 201,600,000 : 0 : 21,168,088,200 : 89%
2021-08-28 18:57:41 : 201,700,000 : 0 : 21,178,049,900 : 89%
2021-08-28 19:14:01 : 201,800,000 : 0 : 21,188,142,675 : 89%
2021-08-28 19:30:34 : 201,900,000 : 0 : 21,198,235,450 : 89%
2021-08-28 19:47:12 : 202,000,000 : 0 : 21,208,197,150 : 90%
2021-08-28 20:03:47 : 202,100,000 : 0 : 21,218,158,850 : 90%
2021-08-28 20:20:22 : 202,200,000 : 0 : 21,228,120,550 : 90%
2021-08-28 20:36:58 : 202,300,000 : 0 : 21,238,082,250 : 90%
2021-08-28 20:53:27 : 202,400,000 : 0 : 21,248,043,950 : 90%
2021-08-28 21:10:07 : 202,500,000 : 0 : 21,258,136,725 : 90%
2021-08-28 21:27:06 : 202,600,000 : 0 : 21,268,098,425 : 90%
2021-08-28 21:44:20 : 202,700,000 : 0 : 21,278,191,200 : 90%
2021-08-28 22:01:37 : 202,800,000 : 0 : 21,288,283,975 : 90%
2021-08-28 22:19:19 : 202,900,000 : 0 : 21,298,245,675 : 90%
2021-08-28 22:36:57 : 203,000,000 : 0 : 21,308,338,450 : 90%
2021-08-28 22:54:46 : 203,100,000 : 0 : 21,318,300,150 : 90%
2021-08-28 23:12:48 : 203,200,000 : 0 : 21,328,261,850 : 90%
2021-08-28 23:31:03 : 203,300,000 : 0 : 21,338,354,625 : 90%
2021-08-28 23:49:17 : 203,400,000 : 0 : 21,348,316,325 : 90%
2021-08-29 00:07:35 : 203,500,000 : 0 : 21,358,146,950 : 90%
2021-08-29 00:26:23 : 203,600,000 : 0 : 21,367,977,575 : 90%
2021-08-29 00:45:11 : 203,700,000 : 0 : 21,377,939,275 : 90%
2021-08-29 01:03:52 : 203,800,000 : 0 : 21,387,769,900 : 90%
2021-08-29 01:22:50 : 203,900,000 : 0 : 21,397,600,525 : 90%
2021-08-29 01:41:41 : 204,000,000 : 0 : 21,407,431,150 : 90%
2021-08-29 02:00:46 : 204,100,000 : 0 : 21,426,961,325 : 90%
2021-08-29 02:20:05 : 204,200,000 : 0 : 21,436,923,025 : 90%
2021-08-29 02:39:48 : 204,300,000 : 0 : 21,446,622,575 : 91%
2021-08-29 02:59:49 : 204,400,000 : 0 : 21,456,453,200 : 91%
2021-08-29 03:20:30 : 204,500,000 : 0 : 21,466,283,825 : 91%
2021-08-29 03:41:39 : 204,600,000 : 0 : 21,476,114,450 : 91%
2021-08-29 04:03:26 : 204,700,000 : 0 : 21,485,945,075 : 91%
2021-08-29 04:25:28 : 204,800,000 : 0 : 21,495,644,625 : 91%
2021-08-29 04:48:54 : 204,900,000 : 0 : 21,505,475,250 : 91%
2021-08-29 05:13:39 : 205,000,000 : 0 : 21,515,305,875 : 91%
2021-08-29 05:39:41 : 205,100,000 : 0 : 21,525,267,575 : 91%
2021-08-29 06:07:05 : 205,200,000 : 0 : 21,535,098,200 : 91%
2021-08-29 06:35:23 : 205,300,000 : 0 : 21,544,928,825 : 91%
2021-08-29 07:04:45 : 205,400,000 : 0 : 21,554,890,525 : 91%
2021-08-29 07:35:15 : 205,500,000 : 0 : 21,564,721,150 : 91%
2021-08-29 08:05:55 : 205,600,000 : 0 : 21,574,682,850 : 91%
2021-08-29 08:37:40 : 205,700,000 : 0 : 21,584,644,550 : 91%
2021-08-29 09:10:19 : 205,800,000 : 0 : 21,594,606,250 : 91%
2021-08-29 09:43:49 : 205,900,000 : 0 : 21,604,699,025 : 91%
2021-08-29 10:17:02 : 206,000,000 : 0 : 21,614,529,650 : 91%
2021-08-29 10:48:57 : 206,100,000 : 0 : 21,624,491,350 : 91%
2021-08-29 11:19:16 : 206,200,000 : 0 : 21,634,321,975 : 91%
2021-08-29 11:47:10 : 206,300,000 : 0 : 21,644,283,675 : 91%
2021-08-29 12:12:32 : 206,400,000 : 0 : 21,654,114,300 : 91%
2021-08-29 12:36:01 : 206,500,000 : 0 : 21,664,076,000 : 91%
2021-08-29 12:57:33 : 206,600,000 : 0 : 21,674,037,700 : 91%
2021-08-29 13:17:44 : 206,700,000 : 0 : 21,683,999,400 : 92%
2021-08-29 13:36:51 : 206,800,000 : 0 : 21,693,961,100 : 92%
2021-08-29 13:54:54 : 206,900,000 : 0 : 21,703,922,800 : 92%
2021-08-29 14:12:28 : 207,000,000 : 0 : 21,714,015,575 : 92%
2021-08-29 14:29:19 : 207,100,000 : 0 : 21,723,977,275 : 92%
2021-08-29 14:45:53 : 207,200,000 : 0 : 21,734,070,050 : 92%
2021-08-29 15:02:06 : 207,300,000 : 0 : 21,744,031,750 : 92%
2021-08-29 15:18:02 : 207,400,000 : 0 : 21,764,217,300 : 92%
2021-08-29 15:34:02 : 207,500,000 : 0 : 21,774,179,000 : 92%
2021-08-29 15:49:38 : 207,600,000 : 0 : 21,784,140,700 : 92%
2021-08-29 16:04:50 : 207,700,000 : 0 : 21,794,102,400 : 92%
2021-08-29 16:20:02 : 207,800,000 : 0 : 21,804,064,100 : 92%
2021-08-29 16:35:05 : 207,900,000 : 0 : 21,814,025,800 : 92%
2021-08-29 16:50:05 : 208,000,000 : 0 : 21,823,987,500 : 92%
2021-08-29 17:04:59 : 208,100,000 : 0 : 21,834,080,275 : 92%
2021-08-29 17:20:11 : 208,200,000 : 0 : 21,844,173,050 : 92%
2021-08-29 17:35:31 : 208,300,000 : 0 : 21,854,396,900 : 92%
2021-08-29 17:50:54 : 208,400,000 : 0 : 21,864,489,675 : 92%
2021-08-29 18:06:37 : 208,500,000 : 0 : 21,874,713,525 : 92%
2021-08-29 18:22:23 : 208,600,000 : 0 : 21,884,937,375 : 92%
2021-08-29 18:38:27 : 208,700,000 : 0 : 21,895,161,225 : 92%
2021-08-29 18:54:30 : 208,800,000 : 0 : 21,905,254,000 : 92%
2021-08-29 19:10:32 : 208,900,000 : 0 : 21,915,346,775 : 93%
2021-08-29 19:26:52 : 209,000,000 : 0 : 21,925,570,625 : 93%
2021-08-29 19:43:05 : 209,100,000 : 0 : 21,935,663,400 : 93%
2021-08-29 19:59:06 : 209,200,000 : 0 : 21,945,756,175 : 93%
2021-08-29 20:15:14 : 209,300,000 : 0 : 21,955,848,950 : 93%
2021-08-29 20:31:24 : 209,400,000 : 0 : 21,965,810,650 : 93%
2021-08-29 20:47:35 : 209,500,000 : 0 : 21,975,903,425 : 93%
2021-08-29 21:03:53 : 209,600,000 : 0 : 21,985,996,200 : 93%
2021-08-29 21:20:35 : 209,700,000 : 0 : 21,996,220,050 : 93%
2021-08-29 21:37:07 : 209,800,000 : 0 : 22,006,312,825 : 93%
2021-08-29 21:53:34 : 209,900,000 : 0 : 22,016,274,525 : 93%
2021-08-29 22:10:20 : 210,000,000 : 0 : 22,026,367,300 : 93%
2021-08-29 22:27:19 : 210,100,000 : 0 : 22,036,460,075 : 93%
2021-08-29 22:44:10 : 210,200,000 : 0 : 22,046,552,850 : 93%
2021-08-29 23:01:28 : 210,300,000 : 0 : 22,066,607,325 : 93%
2021-08-29 23:19:01 : 210,400,000 : 0 : 22,076,700,100 : 93%
2021-08-29 23:36:56 : 210,500,000 : 0 : 22,086,792,875 : 93%
2021-08-29 23:55:11 : 210,600,000 : 0 : 22,096,754,575 : 93%
2021-08-30 00:13:29 : 210,700,000 : 0 : 22,106,847,350 : 93%
2021-08-30 00:31:51 : 210,800,000 : 0 : 22,116,677,975 : 93%
2021-08-30 00:49:46 : 210,900,000 : 0 : 22,126,639,675 : 93%
2021-08-30 01:07:33 : 211,000,000 : 0 : 22,136,470,300 : 93%
2021-08-30 01:25:47 : 211,100,000 : 0 : 22,146,300,925 : 93%
2021-08-30 01:44:03 : 211,200,000 : 0 : 22,156,393,700 : 94%
2021-08-30 02:02:15 : 211,300,000 : 0 : 22,166,224,325 : 94%
2021-08-30 02:20:24 : 211,400,000 : 0 : 22,176,186,025 : 94%
2021-08-30 02:38:54 : 211,500,000 : 0 : 22,186,016,650 : 94%
2021-08-30 02:57:51 : 211,600,000 : 0 : 22,195,847,275 : 94%
2021-08-30 03:17:21 : 211,700,000 : 0 : 22,205,677,900 : 94%
2021-08-30 03:36:57 : 211,800,000 : 0 : 22,215,508,525 : 94%
2021-08-30 03:57:42 : 211,900,000 : 0 : 22,225,339,150 : 94%
2021-08-30 04:18:40 : 212,000,000 : 0 : 22,235,038,700 : 94%
2021-08-30 04:40:16 : 212,100,000 : 0 : 22,245,131,475 : 94%
2021-08-30 05:03:43 : 212,200,000 : 0 : 22,255,093,175 : 94%
2021-08-30 05:28:42 : 212,300,000 : 0 : 22,265,185,950 : 94%
2021-08-30 05:55:08 : 212,400,000 : 0 : 22,275,147,650 : 94%
2021-08-30 06:23:08 : 212,500,000 : 0 : 22,285,240,425 : 94%
2021-08-30 06:52:26 : 212,600,000 : 0 : 22,295,333,200 : 94%
2021-08-30 07:22:47 : 212,700,000 : 0 : 22,305,425,975 : 94%
2021-08-30 07:54:10 : 212,800,000 : 0 : 22,315,518,750 : 94%
2021-08-30 08:26:27 : 212,900,000 : 0 : 22,325,742,600 : 94%
2021-08-30 08:59:01 : 213,000,000 : 0 : 22,335,966,450 : 94%
2021-08-30 09:31:04 : 213,100,000 : 0 : 22,346,059,225 : 94%
2021-08-30 10:01:57 : 213,200,000 : 0 : 22,356,020,925 : 94%
2021-08-30 10:31:30 : 213,300,000 : 0 : 22,366,113,700 : 94%
2021-08-30 10:59:33 : 213,400,000 : 0 : 22,376,337,550 : 94%
2021-08-30 11:25:20 : 213,500,000 : 0 : 22,386,561,400 : 95%
2021-08-30 11:49:13 : 213,600,000 : 0 : 22,396,785,250 : 95%
2021-08-30 12:12:05 : 213,700,000 : 0 : 22,407,140,175 : 95%
2021-08-30 12:33:30 : 213,800,000 : 0 : 22,417,495,100 : 95%
2021-08-30 12:53:38 : 213,900,000 : 0 : 22,427,718,950 : 95%
2021-08-30 13:12:45 : 214,000,000 : 0 : 22,448,559,875 : 95%
2021-08-30 13:30:56 : 214,100,000 : 0 : 22,458,914,800 : 95%
2021-08-30 13:48:36 : 214,200,000 : 0 : 22,469,269,725 : 95%
2021-08-30 14:05:21 : 214,300,000 : 0 : 22,479,755,725 : 95%
2021-08-30 14:21:50 : 214,400,000 : 0 : 22,490,241,725 : 95%
2021-08-30 14:37:51 : 214,500,000 : 0 : 22,500,727,725 : 95%
2021-08-30 14:53:40 : 214,600,000 : 0 : 22,511,344,800 : 95%
2021-08-30 15:09:36 : 214,700,000 : 0 : 22,521,961,875 : 95%
2021-08-30 15:25:23 : 214,800,000 : 0 : 22,532,447,875 : 95%
2021-08-30 15:40:55 : 214,900,000 : 0 : 22,543,064,950 : 95%
2021-08-30 15:56:05 : 215,000,000 : 0 : 22,553,550,950 : 95%
2021-08-30 16:11:17 : 215,100,000 : 0 : 22,564,168,025 : 95%
2021-08-30 16:26:25 : 215,200,000 : 0 : 22,574,654,025 : 95%
2021-08-30 16:41:33 : 215,300,000 : 0 : 22,585,140,025 : 95%
2021-08-30 16:56:46 : 215,400,000 : 0 : 22,595,757,100 : 95%
2021-08-30 17:12:03 : 215,500,000 : 0 : 22,606,243,100 : 95%
2021-08-30 17:27:13 : 215,600,000 : 0 : 22,616,729,100 : 95%
2021-08-30 17:42:38 : 215,700,000 : 0 : 22,627,346,175 : 96%
2021-08-30 17:57:51 : 215,800,000 : 0 : 22,637,963,250 : 96%
2021-08-30 18:13:05 : 215,900,000 : 0 : 22,648,449,250 : 96%
2021-08-30 18:28:24 : 216,000,000 : 0 : 22,658,935,250 : 96%
2021-08-30 18:43:50 : 216,100,000 : 0 : 22,669,552,325 : 96%
2021-08-30 18:59:02 : 216,200,000 : 0 : 22,679,907,250 : 96%
2021-08-30 19:14:18 : 216,300,000 : 0 : 22,690,262,175 : 96%
2021-08-30 19:29:34 : 216,400,000 : 0 : 22,700,748,175 : 96%
2021-08-30 19:44:54 : 216,500,000 : 0 : 22,721,589,100 : 96%
2021-08-30 19:59:54 : 216,600,000 : 0 : 22,732,075,100 : 96%
2021-08-30 20:15:09 : 216,700,000 : 0 : 22,742,561,100 : 96%
2021-08-30 20:30:22 : 216,800,000 : 0 : 22,753,047,100 : 96%
2021-08-30 20:45:48 : 216,900,000 : 0 : 22,763,402,025 : 96%
2021-08-30 21:01:07 : 217,000,000 : 0 : 22,773,888,025 : 96%
2021-08-30 21:16:41 : 217,100,000 : 0 : 22,784,242,950 : 96%
2021-08-30 21:32:26 : 217,200,000 : 0 : 22,794,728,950 : 96%
2021-08-30 21:48:33 : 217,300,000 : 0 : 22,805,083,875 : 96%
2021-08-30 22:04:40 : 217,400,000 : 0 : 22,815,438,800 : 96%
2021-08-30 22:21:13 : 217,500,000 : 0 : 22,825,793,725 : 96%
2021-08-30 22:37:49 : 217,600,000 : 0 : 22,836,148,650 : 96%
2021-08-30 22:54:27 : 217,700,000 : 0 : 22,846,372,500 : 96%
2021-08-30 23:11:12 : 217,800,000 : 0 : 22,856,596,350 : 96%
2021-08-30 23:28:01 : 217,900,000 : 0 : 22,866,820,200 : 97%
2021-08-30 23:45:20 : 218,000,000 : 0 : 22,877,044,050 : 97%
2021-08-31 00:02:50 : 218,100,000 : 0 : 22,887,267,900 : 97%
2021-08-31 00:20:16 : 218,200,000 : 0 : 22,897,229,600 : 97%
2021-08-31 00:37:29 : 218,300,000 : 0 : 22,907,322,375 : 97%
2021-08-31 00:54:44 : 218,400,000 : 0 : 22,917,415,150 : 97%
2021-08-31 01:12:01 : 218,500,000 : 0 : 22,927,376,850 : 97%
2021-08-31 01:29:06 : 218,600,000 : 0 : 22,937,207,475 : 97%
2021-08-31 01:46:06 : 218,700,000 : 0 : 22,947,169,175 : 97%
2021-08-31 02:03:15 : 218,800,000 : 0 : 22,957,130,875 : 97%
2021-08-31 02:20:53 : 218,900,000 : 0 : 22,967,092,575 : 97%
2021-08-31 02:38:56 : 219,000,000 : 0 : 22,977,054,275 : 97%
2021-08-31 02:57:06 : 219,100,000 : 0 : 22,987,015,975 : 97%
2021-08-31 03:15:47 : 219,200,000 : 0 : 22,996,977,675 : 97%
2021-08-31 03:35:06 : 219,300,000 : 0 : 23,006,808,300 : 97%
2021-08-31 03:55:20 : 219,400,000 : 0 : 23,016,901,075 : 97%
2021-08-31 04:16:18 : 219,500,000 : 0 : 23,026,862,775 : 97%
2021-08-31 04:38:11 : 219,600,000 : 0 : 23,046,786,175 : 97%
2021-08-31 05:01:25 : 219,700,000 : 0 : 23,056,878,950 : 97%
2021-08-31 05:26:26 : 219,800,000 : 0 : 23,066,840,650 : 97%
2021-08-31 05:52:41 : 219,900,000 : 0 : 23,076,933,425 : 97%
2021-08-31 06:20:38 : 220,000,000 : 0 : 23,087,157,275 : 97%
2021-08-31 06:49:58 : 220,100,000 : 0 : 23,097,381,125 : 98%
2021-08-31 07:21:11 : 220,200,000 : 0 : 23,107,604,975 : 98%
2021-08-31 07:53:41 : 220,300,000 : 0 : 23,117,828,825 : 98%
2021-08-31 08:26:49 : 220,400,000 : 0 : 23,128,183,750 : 98%
2021-08-31 09:00:30 : 220,500,000 : 0 : 23,138,407,600 : 98%
2021-08-31 09:33:28 : 220,600,000 : 0 : 23,148,631,450 : 98%
2021-08-31 10:04:55 : 220,700,000 : 0 : 23,158,724,225 : 98%
2021-08-31 10:34:31 : 220,800,000 : 0 : 23,168,948,075 : 98%
2021-08-31 11:01:31 : 220,900,000 : 0 : 23,179,171,925 : 98%
2021-08-31 11:26:04 : 221,000,000 : 0 : 23,189,264,700 : 98%
2021-08-31 11:48:58 : 221,100,000 : 0 : 23,199,619,625 : 98%
2021-08-31 12:10:47 : 221,200,000 : 0 : 23,209,843,475 : 98%
2021-08-31 12:31:30 : 221,300,000 : 0 : 23,220,329,475 : 98%
2021-08-31 12:51:03 : 221,400,000 : 0 : 23,230,815,475 : 98%
2021-08-31 13:09:39 : 221,500,000 : 0 : 23,241,301,475 : 98%
2021-08-31 13:27:25 : 221,600,000 : 0 : 23,251,787,475 : 98%
2021-08-31 13:44:21 : 221,700,000 : 0 : 23,262,142,400 : 98%
2021-08-31 14:00:42 : 221,800,000 : 0 : 23,272,628,400 : 98%
2021-08-31 14:16:41 : 221,900,000 : 0 : 23,283,114,400 : 98%
2021-08-31 14:32:12 : 222,000,000 : 0 : 23,293,600,400 : 98%
2021-08-31 14:47:32 : 222,100,000 : 0 : 23,304,086,400 : 98%
2021-08-31 15:02:34 : 222,200,000 : 0 : 23,314,572,400 : 98%
2021-08-31 15:17:35 : 222,300,000 : 0 : 23,325,058,400 : 98%
2021-08-31 15:32:25 : 222,400,000 : 0 : 23,335,544,400 : 99%
2021-08-31 15:47:19 : 222,500,000 : 0 : 23,346,030,400 : 99%
2021-08-31 16:02:07 : 222,600,000 : 0 : 23,367,133,475 : 99%
2021-08-31 16:16:56 : 222,700,000 : 0 : 23,377,619,475 : 99%
2021-08-31 16:31:43 : 222,800,000 : 0 : 23,388,236,550 : 99%
2021-08-31 16:46:32 : 222,900,000 : 0 : 23,398,853,625 : 99%
2021-08-31 17:01:16 : 223,000,000 : 0 : 23,409,339,625 : 99%
2021-08-31 17:16:09 : 223,100,000 : 0 : 23,419,825,625 : 99%
2021-08-31 17:30:50 : 223,200,000 : 0 : 23,430,311,625 : 99%
2021-08-31 17:45:22 : 223,300,000 : 0 : 23,440,797,625 : 99%
2021-08-31 18:00:09 : 223,400,000 : 0 : 23,451,414,700 : 99%
2021-08-31 18:15:12 : 223,500,000 : 0 : 23,461,900,700 : 99%
2021-08-31 18:30:17 : 223,600,000 : 0 : 23,472,386,700 : 99%
2021-08-31 18:45:19 : 223,700,000 : 0 : 23,482,872,700 : 99%
2021-08-31 19:01:36 : 223,800,000 : 0 : 23,493,358,700 : 99%
2021-08-31 19:18:15 : 223,900,000 : 0 : 23,503,844,700 : 99%
2021-08-31 19:34:27 : 224,000,000 : 0 : 23,514,199,625 : 99%
2021-08-31 19:50:12 : 224,100,000 : 0 : 23,524,554,550 : 99%
2021-08-31 20:06:08 : 224,200,000 : 0 : 23,534,909,475 : 99%
2021-08-31 20:20:29 : 224,300,000 : 0 : 23,545,264,400 : 99%
2021-08-31 20:34:48 : 224,400,000 : 0 : 23,555,619,325 : 99%
2021-08-31 20:49:32 : 224,500,000 : 0 : 23,565,974,250 : 99%
2021-08-31 21:04:29 : 224,600,000 : 0 : 23,576,329,175 : 100%
2021-08-31 21:19:56 : 224,700,000 : 0 : 23,586,684,100 : 100%
2021-08-31 21:35:19 : 224,800,000 : 0 : 23,597,039,025 : 100%
2021-08-31 21:50:54 : 224,900,000 : 0 : 23,607,393,950 : 100%
2021-08-31 22:06:36 : 225,000,000 : 0 : 23,617,748,875 : 100%
2021-08-31 22:22:37 : 225,100,000 : 0 : 23,627,972,725 : 100%
2021-08-31 22:38:53 : 225,200,000 : 0 : 23,638,327,650 : 100%
2021-08-31 22:55:16 : 225,300,000 : 0 : 23,658,906,425 : 100%
2021-08-31 23:12:05 : 225,400,000 : 0 : 23,668,999,200 : 100%
2021-08-31 23:29:05 : 225,500,000 : 0 : 23,679,223,050 : 100%
2021-08-31 23:46:04 : 225,600,000 : 0 : 23,688,732,388 : 100%
2021-09-01 00:16:59 : 100,000 : 0 : 21,758,450 : 0%
2021-09-01 00:34:19 : 200,000 : 0 : 32,113,375 : 0%
2021-09-01 00:51:37 : 300,000 : 0 : 42,337,225 : 0%
2021-09-01 01:08:41 : 400,000 : 0 : 52,430,000 : 0%
2021-09-01 01:25:18 : 500,000 : 0 : 62,522,775 : 0%
2021-09-01 01:42:00 : 600,000 : 0 : 72,484,475 : 0%
2021-09-01 01:58:46 : 700,000 : 0 : 82,577,250 : 0%
2021-09-01 02:16:04 : 800,000 : 0 : 92,670,025 : 0%
2021-09-01 02:33:50 : 900,000 : 0 : 102,762,800 : 0%
2021-09-01 02:51:52 : 1,000,000 : 0 : 112,855,575 : 0%
2021-09-01 03:10:35 : 1,100,000 : 0 : 122,948,350 : 1%
2021-09-01 03:29:52 : 1,200,000 : 0 : 133,041,125 : 1%
2021-09-01 03:49:39 : 1,300,000 : 0 : 143,002,825 : 1%
2021-09-01 04:10:28 : 1,400,000 : 0 : 153,095,600 : 1%
2021-09-01 04:32:05 : 1,500,000 : 0 : 163,057,300 : 1%
2021-09-01 04:54:35 : 1,600,000 : 0 : 172,887,925 : 1%
2021-09-01 05:18:16 : 1,700,000 : 0 : 183,111,775 : 1%
2021-09-01 05:44:01 : 1,800,000 : 0 : 193,204,550 : 1%
2021-09-01 06:11:26 : 1,900,000 : 0 : 203,297,325 : 1%
2021-09-01 06:40:12 : 2,000,000 : 0 : 213,390,100 : 1%
2021-09-01 07:09:35 : 2,100,000 : 0 : 223,613,950 : 1%
2021-09-01 07:40:55 : 2,200,000 : 0 : 233,837,800 : 1%
2021-09-01 08:13:30 : 2,300,000 : 0 : 244,061,650 : 1%
2021-09-01 08:46:53 : 2,400,000 : 0 : 254,416,575 : 1%
2021-09-01 09:20:23 : 2,500,000 : 0 : 264,771,500 : 1%
2021-09-01 09:52:29 : 2,600,000 : 0 : 274,864,275 : 1%
2021-09-01 10:22:40 : 2,700,000 : 0 : 285,088,125 : 1%
2021-09-01 10:50:06 : 2,800,000 : 0 : 295,180,900 : 1%
2021-09-01 11:15:48 : 2,900,000 : 0 : 305,273,675 : 1%
2021-09-01 11:39:53 : 3,000,000 : 0 : 315,497,525 : 1%
2021-09-01 12:02:28 : 3,100,000 : 0 : 325,721,375 : 1%
2021-09-01 12:23:13 : 3,200,000 : 0 : 336,076,300 : 1%
2021-09-01 12:43:07 : 3,300,000 : 0 : 346,431,225 : 2%
2021-09-01 13:01:49 : 3,400,000 : 0 : 356,786,150 : 2%
2021-09-01 13:19:51 : 3,500,000 : 0 : 377,758,150 : 2%
2021-09-01 13:37:11 : 3,600,000 : 0 : 388,113,075 : 2%
2021-09-01 13:53:34 : 3,700,000 : 0 : 398,599,075 : 2%
2021-09-01 14:09:52 : 3,800,000 : 0 : 409,085,075 : 2%
2021-09-01 14:25:39 : 3,900,000 : 0 : 419,571,075 : 2%
2021-09-01 14:41:12 : 4,000,000 : 0 : 430,188,150 : 2%
2021-09-01 14:56:29 : 4,100,000 : 0 : 440,674,150 : 2%
2021-09-01 15:11:54 : 4,200,000 : 0 : 451,160,150 : 2%
2021-09-01 15:27:00 : 4,300,000 : 0 : 461,777,225 : 2%
2021-09-01 15:42:01 : 4,400,000 : 0 : 472,263,225 : 2%
2021-09-01 15:57:00 : 4,500,000 : 0 : 482,880,300 : 2%
2021-09-01 16:12:03 : 4,600,000 : 0 : 493,366,300 : 2%
2021-09-01 16:27:04 : 4,700,000 : 0 : 503,983,375 : 2%
2021-09-01 16:42:00 : 4,800,000 : 0 : 514,469,375 : 2%
2021-09-01 16:56:38 : 4,900,000 : 0 : 524,955,375 : 2%
2021-09-01 17:11:48 : 5,000,000 : 0 : 535,441,375 : 2%
2021-09-01 17:26:39 : 5,100,000 : 0 : 545,927,375 : 2%
2021-09-01 17:41:49 : 5,200,000 : 0 : 556,282,300 : 2%
2021-09-01 17:56:47 : 5,300,000 : 0 : 566,768,300 : 2%
2021-09-01 18:11:52 : 5,400,000 : 0 : 577,123,225 : 3%
2021-09-01 18:27:00 : 5,500,000 : 0 : 587,609,225 : 3%
2021-09-01 18:42:06 : 5,600,000 : 0 : 598,095,225 : 3%
2021-09-01 18:57:14 : 5,700,000 : 0 : 608,450,150 : 3%
2021-09-01 19:12:17 : 5,800,000 : 0 : 618,936,150 : 3%
2021-09-01 19:27:07 : 5,900,000 : 0 : 629,291,075 : 3%
2021-09-01 19:41:57 : 6,000,000 : 0 : 639,646,000 : 3%
2021-09-01 19:56:46 : 6,100,000 : 0 : 650,000,925 : 3%
2021-09-01 20:11:32 : 6,200,000 : 0 : 670,579,700 : 3%
2021-09-01 20:26:19 : 6,300,000 : 0 : 680,934,625 : 3%
2021-09-01 20:41:15 : 6,400,000 : 0 : 691,158,475 : 3%
2021-09-01 20:56:39 : 6,500,000 : 0 : 701,382,325 : 3%
2021-09-01 21:12:47 : 6,600,000 : 0 : 711,737,250 : 3%
2021-09-01 21:29:21 : 6,700,000 : 0 : 722,092,175 : 3%
2021-09-01 21:46:22 : 6,800,000 : 0 : 732,447,100 : 3%
2021-09-01 22:03:42 : 6,900,000 : 0 : 742,670,950 : 3%
2021-09-01 22:21:28 : 7,000,000 : 0 : 752,894,800 : 3%
2021-09-01 22:39:26 : 7,100,000 : 0 : 763,118,650 : 3%
2021-09-01 22:57:26 : 7,200,000 : 0 : 773,342,500 : 3%
2021-09-01 23:15:52 : 7,300,000 : 0 : 783,435,275 : 3%
2021-09-01 23:34:31 : 7,400,000 : 0 : 793,659,125 : 3%
2021-09-01 23:53:22 : 7,500,000 : 0 : 803,751,900 : 4%
2021-09-02 00:12:11 : 7,600,000 : 0 : 813,713,600 : 4%
2021-09-02 00:28:31 : 7,700,000 : 0 : 823,806,375 : 4%
2021-09-02 00:44:45 : 7,800,000 : 0 : 833,768,075 : 4%
2021-09-02 01:01:28 : 7,900,000 : 0 : 843,729,775 : 4%
2021-09-02 01:18:05 : 8,000,000 : 0 : 853,691,475 : 4%
2021-09-02 01:34:55 : 8,100,000 : 0 : 863,522,100 : 4%
2021-09-02 01:52:21 : 8,200,000 : 0 : 873,483,800 : 4%
2021-09-02 02:09:56 : 8,300,000 : 0 : 883,314,425 : 4%
2021-09-02 02:28:03 : 8,400,000 : 0 : 893,276,125 : 4%
2021-09-02 02:46:31 : 8,500,000 : 0 : 903,237,825 : 4%
2021-09-02 03:05:25 : 8,600,000 : 0 : 913,330,600 : 4%
2021-09-02 03:24:41 : 8,700,000 : 0 : 923,292,300 : 4%
2021-09-02 03:44:23 : 8,800,000 : 0 : 933,254,000 : 4%
2021-09-02 04:04:40 : 8,900,000 : 0 : 943,215,700 : 4%
2021-09-02 04:25:29 : 9,000,000 : 0 : 953,046,325 : 4%
2021-09-02 04:47:38 : 9,100,000 : 0 : 963,008,025 : 4%
2021-09-02 05:10:55 : 9,200,000 : 0 : 972,969,725 : 4%
2021-09-02 05:35:32 : 9,300,000 : 0 : 983,062,500 : 4%
2021-09-02 06:01:54 : 9,400,000 : 0 : 993,155,275 : 4%
2021-09-02 06:29:34 : 9,500,000 : 0 : 1,003,379,125 : 4%
2021-09-02 06:58:29 : 9,600,000 : 0 : 1,023,826,825 : 4%
2021-09-02 07:28:49 : 9,700,000 : 0 : 1,033,919,600 : 5%
2021-09-02 08:00:22 : 9,800,000 : 0 : 1,044,143,450 : 5%
2021-09-02 08:32:51 : 9,900,000 : 0 : 1,054,367,300 : 5%
2021-09-02 09:06:31 : 10,000,000 : 0 : 1,064,591,150 : 5%
2021-09-02 09:39:49 : 10,100,000 : 0 : 1,074,815,000 : 5%
2021-09-02 10:11:01 : 10,200,000 : 0 : 1,085,038,850 : 5%
2021-09-02 10:39:49 : 10,300,000 : 0 : 1,095,262,700 : 5%
2021-09-02 11:06:20 : 10,400,000 : 0 : 1,105,355,475 : 5%
2021-09-02 11:30:32 : 10,500,000 : 0 : 1,115,579,325 : 5%
2021-09-02 11:52:34 : 10,600,000 : 0 : 1,125,803,175 : 5%
2021-09-02 12:13:28 : 10,700,000 : 0 : 1,136,027,025 : 5%
2021-09-02 12:33:05 : 10,800,000 : 0 : 1,146,381,950 : 5%
2021-09-02 12:52:01 : 10,900,000 : 0 : 1,156,736,875 : 5%
2021-09-02 13:10:03 : 11,000,000 : 0 : 1,167,091,800 : 5%
2021-09-02 13:27:11 : 11,100,000 : 0 : 1,177,446,725 : 5%
2021-09-02 13:43:32 : 11,200,000 : 0 : 1,187,801,650 : 5%
2021-09-02 13:59:44 : 11,300,000 : 0 : 1,198,287,650 : 5%
2021-09-02 14:15:38 : 11,400,000 : 0 : 1,208,773,650 : 5%
2021-09-02 14:31:02 : 11,500,000 : 0 : 1,219,259,650 : 5%
2021-09-02 14:46:39 : 11,600,000 : 0 : 1,229,745,650 : 5%
2021-09-02 15:02:25 : 11,700,000 : 0 : 1,240,100,575 : 5%
2021-09-02 15:17:23 : 11,800,000 : 0 : 1,250,455,500 : 5%
2021-09-02 15:32:30 : 11,900,000 : 0 : 1,260,810,425 : 5%
2021-09-02 15:47:58 : 12,000,000 : 0 : 1,271,165,350 : 6%
2021-09-02 16:02:34 : 12,100,000 : 0 : 1,281,520,275 : 6%
2021-09-02 16:17:13 : 12,200,000 : 0 : 1,291,744,125 : 6%
2021-09-02 16:31:37 : 12,300,000 : 0 : 1,301,967,975 : 6%
2021-09-02 16:45:50 : 12,400,000 : 0 : 1,312,191,825 : 6%
2021-09-02 17:00:14 : 12,500,000 : 0 : 1,322,546,750 : 6%
2021-09-02 17:14:52 : 12,600,000 : 0 : 1,332,770,600 : 6%
2021-09-02 17:29:21 : 12,700,000 : 0 : 1,353,349,375 : 6%
2021-09-02 17:44:01 : 12,800,000 : 0 : 1,363,704,300 : 6%
2021-09-02 17:58:55 : 12,900,000 : 0 : 1,373,797,075 : 6%
2021-09-02 18:13:50 : 13,000,000 : 0 : 1,384,020,925 : 6%
2021-09-02 18:28:28 : 13,100,000 : 0 : 1,394,113,700 : 6%
2021-09-02 18:43:01 : 13,200,000 : 0 : 1,404,206,475 : 6%
2021-09-02 18:57:27 : 13,300,000 : 0 : 1,414,299,250 : 6%
2021-09-02 19:12:06 : 13,400,000 : 0 : 1,424,392,025 : 6%
2021-09-02 19:26:45 : 13,500,000 : 0 : 1,434,353,725 : 6%
2021-09-02 19:41:20 : 13,600,000 : 0 : 1,444,446,500 : 6%
2021-09-02 19:55:44 : 13,700,000 : 0 : 1,454,539,275 : 6%
2021-09-02 20:10:10 : 13,800,000 : 0 : 1,464,500,975 : 6%
2021-09-02 20:24:36 : 13,900,000 : 0 : 1,474,462,675 : 6%
2021-09-02 20:39:02 : 14,000,000 : 0 : 1,484,555,450 : 6%
2021-09-02 20:53:39 : 14,100,000 : 0 : 1,494,517,150 : 7%
2021-09-02 21:08:36 : 14,200,000 : 0 : 1,504,609,925 : 7%
2021-09-02 21:24:29 : 14,300,000 : 0 : 1,515,095,925 : 7%
2021-09-02 21:44:18 : 14,400,000 : 0 : 1,525,450,850 : 7%
2021-09-02 22:01:07 : 14,500,000 : 0 : 1,535,674,700 : 7%
2021-09-02 22:17:56 : 14,600,000 : 0 : 1,545,898,550 : 7%
2021-09-02 22:34:36 : 14,700,000 : 0 : 1,556,122,400 : 7%
2021-09-02 22:51:28 : 14,800,000 : 0 : 1,566,215,175 : 7%
2021-09-02 23:08:27 : 14,900,000 : 0 : 1,576,307,950 : 7%
2021-09-02 23:26:04 : 15,000,000 : 0 : 1,586,400,725 : 7%
2021-09-02 23:43:48 : 15,100,000 : 0 : 1,596,624,575 : 7%
2021-09-03 00:01:28 : 15,200,000 : 0 : 1,606,586,275 : 7%
2021-09-03 00:18:58 : 15,300,000 : 0 : 1,616,547,975 : 7%
2021-09-03 00:36:14 : 15,400,000 : 0 : 1,626,378,600 : 7%
2021-09-03 00:53:19 : 15,500,000 : 0 : 1,636,209,225 : 7%
2021-09-03 01:10:08 : 15,600,000 : 0 : 1,646,039,850 : 7%
2021-09-03 01:27:16 : 15,700,000 : 0 : 1,655,739,400 : 7%
2021-09-03 01:44:30 : 15,800,000 : 0 : 1,665,570,025 : 7%
2021-09-03 02:02:01 : 15,900,000 : 0 : 1,675,400,650 : 7%
2021-09-03 02:19:09 : 16,000,000 : 0 : 1,694,799,750 : 7%
2021-09-03 02:36:37 : 16,100,000 : 0 : 1,704,499,300 : 7%
2021-09-03 02:54:27 : 16,200,000 : 0 : 1,714,329,925 : 7%
2021-09-03 03:12:44 : 16,300,000 : 0 : 1,724,029,475 : 8%
2021-09-03 03:31:07 : 16,400,000 : 0 : 1,733,729,025 : 8%
2021-09-03 03:50:03 : 16,500,000 : 0 : 1,743,559,650 : 8%
2021-09-03 04:09:55 : 16,600,000 : 0 : 1,753,521,350 : 8%
2021-09-03 04:31:06 : 16,700,000 : 0 : 1,763,483,050 : 8%
2021-09-03 04:53:26 : 16,800,000 : 0 : 1,773,444,750 : 8%
2021-09-03 05:16:35 : 16,900,000 : 0 : 1,783,406,450 : 8%
2021-09-03 05:40:37 : 17,000,000 : 0 : 1,793,368,150 : 8%
2021-09-03 06:06:02 : 17,100,000 : 0 : 1,803,460,925 : 8%
2021-09-03 06:33:00 : 17,200,000 : 0 : 1,813,553,700 : 8%
2021-09-03 07:01:24 : 17,300,000 : 0 : 1,823,777,550 : 8%
2021-09-03 07:30:52 : 17,400,000 : 0 : 1,833,870,325 : 8%
2021-09-03 08:02:10 : 17,500,000 : 0 : 1,844,094,175 : 8%
2021-09-03 08:34:19 : 17,600,000 : 0 : 1,854,318,025 : 8%
2021-09-03 09:07:26 : 17,700,000 : 0 : 1,864,541,875 : 8%
2021-09-03 09:39:50 : 17,800,000 : 0 : 1,874,503,575 : 8%
2021-09-03 10:09:48 : 17,900,000 : 0 : 1,884,465,275 : 8%
2021-09-03 10:38:15 : 18,000,000 : 0 : 1,894,558,050 : 8%
2021-09-03 11:05:04 : 18,100,000 : 0 : 1,904,650,825 : 8%
2021-09-03 11:29:32 : 18,200,000 : 0 : 1,914,612,525 : 8%
2021-09-03 11:52:15 : 18,300,000 : 0 : 1,924,836,375 : 8%
2021-09-03 12:13:58 : 18,400,000 : 0 : 1,935,060,225 : 8%
2021-09-03 12:34:06 : 18,500,000 : 0 : 1,945,284,075 : 8%
2021-09-03 12:52:59 : 18,600,000 : 0 : 1,955,507,925 : 9%
2021-09-03 13:11:17 : 18,700,000 : 0 : 1,965,862,850 : 9%
2021-09-03 13:28:39 : 18,800,000 : 0 : 1,976,217,775 : 9%
2021-09-03 13:45:36 : 18,900,000 : 0 : 1,986,572,700 : 9%
2021-09-03 14:01:47 : 19,000,000 : 0 : 1,996,927,625 : 9%
2021-09-03 14:17:44 : 19,100,000 : 0 : 2,007,282,550 : 9%
2021-09-03 14:33:26 : 19,200,000 : 0 : 2,017,768,550 : 9%
2021-09-03 14:48:55 : 19,300,000 : 0 : 2,028,123,475 : 9%
2021-09-03 15:04:13 : 19,400,000 : 0 : 2,048,964,400 : 9%
2021-09-03 15:19:23 : 19,500,000 : 0 : 2,059,450,400 : 9%
2021-09-03 15:34:32 : 19,600,000 : 0 : 2,070,067,475 : 9%
2021-09-03 15:49:48 : 19,700,000 : 0 : 2,080,553,475 : 9%
2021-09-03 16:05:05 : 19,800,000 : 0 : 2,090,908,400 : 9%
2021-09-03 16:20:16 : 19,900,000 : 0 : 2,101,263,325 : 9%
2021-09-03 16:35:25 : 20,000,000 : 0 : 2,111,749,325 : 9%
2021-09-03 16:50:32 : 20,100,000 : 0 : 2,122,104,250 : 9%
2021-09-03 17:05:55 : 20,200,000 : 0 : 2,132,590,250 : 9%
2021-09-03 17:21:26 : 20,300,000 : 0 : 2,143,076,250 : 9%
2021-09-03 17:36:51 : 20,400,000 : 0 : 2,153,431,175 : 9%
2021-09-03 17:52:18 : 20,500,000 : 0 : 2,163,917,175 : 9%
2021-09-03 18:07:56 : 20,600,000 : 0 : 2,174,403,175 : 9%
2021-09-03 18:23:53 : 20,700,000 : 0 : 2,184,889,175 : 10%
2021-09-03 18:39:53 : 20,800,000 : 0 : 2,195,244,100 : 10%
2021-09-03 18:55:48 : 20,900,000 : 0 : 2,205,730,100 : 10%
2021-09-03 19:11:58 : 21,000,000 : 0 : 2,216,085,025 : 10%
2021-09-03 19:28:09 : 21,100,000 : 0 : 2,226,439,950 : 10%
2021-09-03 19:44:33 : 21,200,000 : 0 : 2,236,794,875 : 10%
2021-09-03 20:00:47 : 21,300,000 : 0 : 2,247,149,800 : 10%
2021-09-03 20:17:10 : 21,400,000 : 0 : 2,257,373,650 : 10%
2021-09-03 20:33:34 : 21,500,000 : 0 : 2,267,728,575 : 10%
2021-09-03 20:49:46 : 21,600,000 : 0 : 2,277,952,425 : 10%
2021-09-03 21:06:23 : 21,700,000 : 0 : 2,288,307,350 : 10%
2021-09-03 21:23:08 : 21,800,000 : 0 : 2,298,531,200 : 10%
2021-09-03 21:40:02 : 21,900,000 : 0 : 2,308,755,050 : 10%
2021-09-03 21:57:26 : 22,000,000 : 0 : 2,318,978,900 : 10%
2021-09-03 22:14:52 : 22,100,000 : 0 : 2,329,202,750 : 10%
2021-09-03 22:32:23 : 22,200,000 : 0 : 2,339,426,600 : 10%
2021-09-03 22:50:08 : 22,300,000 : 0 : 2,359,743,225 : 10%
2021-09-03 23:07:56 : 22,400,000 : 0 : 2,369,836,000 : 10%
2021-09-03 23:26:10 : 22,500,000 : 0 : 2,379,797,700 : 10%
2021-09-03 23:44:42 : 22,600,000 : 0 : 2,389,890,475 : 10%
2021-09-04 00:03:26 : 22,700,000 : 0 : 2,399,721,100 : 10%
2021-09-04 00:22:20 : 22,800,000 : 0 : 2,409,682,800 : 11%
2021-09-04 00:40:57 : 22,900,000 : 0 : 2,419,513,425 : 11%
2021-09-04 00:59:35 : 23,000,000 : 0 : 2,429,212,975 : 11%
2021-09-04 01:18:19 : 23,100,000 : 0 : 2,439,043,600 : 11%
2021-09-04 01:37:15 : 23,200,000 : 0 : 2,448,743,150 : 11%
2021-09-04 01:56:22 : 23,300,000 : 0 : 2,458,442,700 : 11%
2021-09-04 02:15:33 : 23,400,000 : 0 : 2,468,273,325 : 11%
2021-09-04 02:34:45 : 23,500,000 : 0 : 2,477,972,875 : 11%
2021-09-04 02:54:27 : 23,600,000 : 0 : 2,487,672,425 : 11%
2021-09-04 03:14:40 : 23,700,000 : 0 : 2,497,371,975 : 11%
2021-09-04 03:35:23 : 23,800,000 : 0 : 2,507,202,600 : 11%
2021-09-04 03:56:47 : 23,900,000 : 0 : 2,517,033,225 : 11%
2021-09-04 04:19:06 : 24,000,000 : 0 : 2,526,732,775 : 11%
2021-09-04 04:42:02 : 24,100,000 : 0 : 2,536,432,325 : 11%
2021-09-04 05:06:11 : 24,200,000 : 0 : 2,546,262,950 : 11%
2021-09-04 05:31:52 : 24,300,000 : 0 : 2,555,962,500 : 11%
2021-09-04 05:58:25 : 24,400,000 : 0 : 2,565,662,050 : 11%
2021-09-04 06:26:21 : 24,500,000 : 0 : 2,575,492,675 : 11%
2021-09-04 06:55:53 : 24,600,000 : 0 : 2,585,454,375 : 11%
2021-09-04 07:26:38 : 24,700,000 : 0 : 2,595,416,075 : 11%
2021-09-04 07:58:27 : 24,800,000 : 0 : 2,605,377,775 : 11%
2021-09-04 08:30:49 : 24,900,000 : 0 : 2,615,339,475 : 11%
2021-09-04 09:04:27 : 25,000,000 : 0 : 2,625,301,175 : 11%
2021-09-04 09:38:06 : 25,100,000 : 0 : 2,635,131,800 : 11%
2021-09-04 10:11:12 : 25,200,000 : 0 : 2,644,962,425 : 12%
2021-09-04 10:43:32 : 25,300,000 : 0 : 2,654,793,050 : 12%
2021-09-04 11:13:41 : 25,400,000 : 0 : 2,664,754,750 : 12%
2021-09-04 11:41:12 : 25,500,000 : 0 : 2,674,716,450 : 12%
2021-09-04 12:06:36 : 25,600,000 : 0 : 2,684,547,075 : 12%
2021-09-04 12:30:49 : 25,700,000 : 0 : 2,694,639,850 : 12%
2021-09-04 12:53:37 : 25,800,000 : 0 : 2,704,601,550 : 12%
2021-09-04 13:14:50 : 25,900,000 : 0 : 2,714,694,325 : 12%
2021-09-04 13:34:31 : 26,000,000 : 0 : 2,734,748,800 : 12%
2021-09-04 13:53:22 : 26,100,000 : 0 : 2,744,841,575 : 12%
2021-09-04 14:11:33 : 26,200,000 : 0 : 2,754,934,350 : 12%
2021-09-04 14:29:00 : 26,300,000 : 0 : 2,765,027,125 : 12%
2021-09-04 14:46:15 : 26,400,000 : 0 : 2,775,250,975 : 12%
2021-09-04 15:03:32 : 26,500,000 : 0 : 2,785,474,825 : 12%
2021-09-04 15:20:34 : 26,600,000 : 0 : 2,795,698,675 : 12%
2021-09-04 15:37:19 : 26,700,000 : 0 : 2,805,922,525 : 12%
2021-09-04 15:53:45 : 26,800,000 : 0 : 2,816,015,300 : 12%
2021-09-04 16:10:09 : 26,900,000 : 0 : 2,826,239,150 : 12%
2021-09-04 16:26:33 : 27,000,000 : 0 : 2,836,463,000 : 12%
2021-09-04 16:42:51 : 27,100,000 : 0 : 2,846,555,775 : 12%
2021-09-04 16:59:04 : 27,200,000 : 0 : 2,856,648,550 : 12%
2021-09-04 17:15:14 : 27,300,000 : 0 : 2,866,872,400 : 12%
2021-09-04 17:31:29 : 27,400,000 : 0 : 2,876,965,175 : 13%
2021-09-04 17:47:55 : 27,500,000 : 0 : 2,887,057,950 : 13%
2021-09-04 18:04:21 : 27,600,000 : 0 : 2,897,150,725 : 13%
2021-09-04 18:20:52 : 27,700,000 : 0 : 2,907,112,425 : 13%
2021-09-04 18:37:34 : 27,800,000 : 0 : 2,917,205,200 : 13%
2021-09-04 18:54:11 : 27,900,000 : 0 : 2,927,297,975 : 13%
2021-09-04 19:11:03 : 28,000,000 : 0 : 2,937,390,750 : 13%
2021-09-04 19:27:51 : 28,100,000 : 0 : 2,947,352,450 : 13%
2021-09-04 19:44:23 : 28,200,000 : 0 : 2,957,314,150 : 13%
2021-09-04 20:01:14 : 28,300,000 : 0 : 2,967,144,775 : 13%
2021-09-04 20:18:00 : 28,400,000 : 0 : 2,977,106,475 : 13%
2021-09-04 20:34:31 : 28,500,000 : 0 : 2,987,068,175 : 13%
2021-09-04 20:51:09 : 28,600,000 : 0 : 2,997,029,875 : 13%
2021-09-04 21:07:45 : 28,700,000 : 0 : 3,006,860,500 : 13%
2021-09-04 21:24:48 : 28,800,000 : 0 : 3,016,822,200 : 13%
2021-09-04 21:42:11 : 28,900,000 : 0 : 3,026,783,900 : 13%
2021-09-04 21:59:20 : 29,000,000 : 0 : 3,046,707,300 : 13%
2021-09-04 22:17:19 : 29,100,000 : 0 : 3,056,800,075 : 13%
2021-09-04 22:34:59 : 29,200,000 : 0 : 3,066,761,775 : 13%
2021-09-04 22:53:05 : 29,300,000 : 0 : 3,076,723,475 : 13%
2021-09-04 23:11:40 : 29,400,000 : 0 : 3,086,685,175 : 13%
2021-09-04 23:30:34 : 29,500,000 : 0 : 3,096,777,950 : 13%
2021-09-04 23:49:31 : 29,600,000 : 0 : 3,106,608,575 : 14%
2021-09-05 00:08:34 : 29,700,000 : 0 : 3,116,439,200 : 14%
2021-09-05 00:27:29 : 29,800,000 : 0 : 3,126,400,900 : 14%
2021-09-05 00:46:22 : 29,900,000 : 0 : 3,136,100,450 : 14%
2021-09-05 01:05:13 : 30,000,000 : 0 : 3,145,931,075 : 14%
2021-09-05 01:24:08 : 30,100,000 : 0 : 3,155,761,700 : 14%
2021-09-05 01:43:09 : 30,200,000 : 0 : 3,165,461,250 : 14%
2021-09-05 02:02:30 : 30,300,000 : 0 : 3,175,291,875 : 14%
2021-09-05 02:22:00 : 30,400,000 : 0 : 3,184,991,425 : 14%
2021-09-05 02:41:44 : 30,500,000 : 0 : 3,194,690,975 : 14%
2021-09-05 03:01:57 : 30,600,000 : 0 : 3,204,259,450 : 14%
2021-09-05 03:22:30 : 30,700,000 : 0 : 3,214,090,075 : 14%
2021-09-05 03:43:49 : 30,800,000 : 0 : 3,223,920,700 : 14%
2021-09-05 04:05:40 : 30,900,000 : 0 : 3,233,620,250 : 14%
2021-09-05 04:28:49 : 31,000,000 : 0 : 3,243,450,875 : 14%
2021-09-05 04:53:16 : 31,100,000 : 0 : 3,253,412,575 : 14%
2021-09-05 05:19:10 : 31,200,000 : 0 : 3,263,243,200 : 14%
2021-09-05 05:45:40 : 31,300,000 : 0 : 3,273,073,825 : 14%
2021-09-05 06:13:32 : 31,400,000 : 0 : 3,282,904,450 : 14%
2021-09-05 06:43:13 : 31,500,000 : 0 : 3,292,866,150 : 14%
2021-09-05 07:13:28 : 31,600,000 : 0 : 3,302,696,775 : 14%
2021-09-05 07:44:28 : 31,700,000 : 0 : 3,312,658,475 : 14%
2021-09-05 08:16:10 : 31,800,000 : 0 : 3,322,620,175 : 14%
2021-09-05 08:49:25 : 31,900,000 : 0 : 3,332,844,025 : 15%
2021-09-05 09:22:47 : 32,000,000 : 0 : 3,342,936,800 : 15%
2021-09-05 09:56:48 : 32,100,000 : 0 : 3,352,898,500 : 15%
2021-09-05 10:29:48 : 32,200,000 : 0 : 3,362,991,275 : 15%
2021-09-05 11:01:26 : 32,300,000 : 0 : 3,372,821,900 : 15%
2021-09-05 11:31:29 : 32,400,000 : 0 : 3,392,745,300 : 15%
2021-09-05 11:58:40 : 32,500,000 : 0 : 3,402,575,925 : 15%
2021-09-05 12:23:54 : 32,600,000 : 0 : 3,412,668,700 : 15%
2021-09-05 12:47:26 : 32,700,000 : 0 : 3,422,630,400 : 15%
2021-09-05 13:09:05 : 32,800,000 : 0 : 3,432,592,100 : 15%
2021-09-05 13:29:30 : 32,900,000 : 0 : 3,442,684,875 : 15%
2021-09-05 13:48:58 : 33,000,000 : 0 : 3,452,646,575 : 15%
2021-09-05 14:07:01 : 33,100,000 : 0 : 3,462,608,275 : 15%
2021-09-05 14:24:25 : 33,200,000 : 0 : 3,472,438,900 : 15%
2021-09-05 14:40:59 : 33,300,000 : 0 : 3,482,531,675 : 15%
2021-09-05 14:57:34 : 33,400,000 : 0 : 3,492,755,525 : 15%
2021-09-05 15:14:09 : 33,500,000 : 0 : 3,502,979,375 : 15%
2021-09-05 15:30:35 : 33,600,000 : 0 : 3,513,203,225 : 15%
2021-09-05 15:47:00 : 33,700,000 : 0 : 3,523,296,000 : 15%
2021-09-05 16:03:08 : 33,800,000 : 0 : 3,533,519,850 : 15%
2021-09-05 16:19:16 : 33,900,000 : 0 : 3,543,743,700 : 15%
2021-09-05 16:35:29 : 34,000,000 : 0 : 3,554,098,625 : 15%
2021-09-05 16:51:40 : 34,100,000 : 0 : 3,564,322,475 : 16%
2021-09-05 17:07:59 : 34,200,000 : 0 : 3,574,677,400 : 16%
2021-09-05 17:24:17 : 34,300,000 : 0 : 3,584,901,250 : 16%
2021-09-05 17:40:28 : 34,400,000 : 0 : 3,595,256,175 : 16%
2021-09-05 17:56:33 : 34,500,000 : 0 : 3,605,480,025 : 16%
2021-09-05 18:12:53 : 34,600,000 : 0 : 3,615,703,875 : 16%
2021-09-05 18:29:25 : 34,700,000 : 0 : 3,625,927,725 : 16%
2021-09-05 18:45:59 : 34,800,000 : 0 : 3,636,151,575 : 16%
2021-09-05 19:02:40 : 34,900,000 : 0 : 3,646,244,350 : 16%
2021-09-05 19:19:13 : 35,000,000 : 0 : 3,656,206,050 : 16%
2021-09-05 19:35:20 : 35,100,000 : 0 : 3,676,260,525 : 16%
2021-09-05 19:51:26 : 35,200,000 : 0 : 3,686,222,225 : 16%
2021-09-05 20:07:52 : 35,300,000 : 0 : 3,696,315,000 : 16%
2021-09-05 20:24:18 : 35,400,000 : 0 : 3,706,407,775 : 16%
2021-09-05 20:40:56 : 35,500,000 : 0 : 3,716,500,550 : 16%
2021-09-05 20:57:35 : 35,600,000 : 0 : 3,726,724,400 : 16%
2021-09-05 21:14:35 : 35,700,000 : 0 : 3,736,817,175 : 16%
2021-09-05 21:31:39 : 35,800,000 : 0 : 3,746,909,950 : 16%
2021-09-05 21:48:58 : 35,900,000 : 0 : 3,757,002,725 : 16%
2021-09-05 22:06:21 : 36,000,000 : 0 : 3,767,095,500 : 16%
2021-09-05 22:24:17 : 36,100,000 : 0 : 3,777,188,275 : 16%
2021-09-05 22:42:10 : 36,200,000 : 0 : 3,787,281,050 : 17%
2021-09-05 23:00:11 : 36,300,000 : 0 : 3,797,242,750 : 17%
2021-09-05 23:18:24 : 36,400,000 : 0 : 3,807,335,525 : 17%
2021-09-05 23:36:38 : 36,500,000 : 0 : 3,817,297,225 : 17%
2021-09-05 23:54:52 : 36,600,000 : 0 : 3,826,996,775 : 17%
2021-09-06 00:13:10 : 36,700,000 : 0 : 3,836,827,400 : 17%
2021-09-06 00:30:55 : 36,800,000 : 0 : 3,846,526,950 : 17%
2021-09-06 00:48:32 : 36,900,000 : 0 : 3,856,226,500 : 17%
2021-09-06 01:06:31 : 37,000,000 : 0 : 3,865,926,050 : 17%
2021-09-06 01:25:07 : 37,100,000 : 0 : 3,875,756,675 : 17%
2021-09-06 01:43:03 : 37,200,000 : 0 : 3,885,325,150 : 17%
2021-09-06 02:01:18 : 37,300,000 : 0 : 3,894,893,625 : 17%
2021-09-06 02:19:17 : 37,400,000 : 0 : 3,904,593,175 : 17%
2021-09-06 02:37:48 : 37,500,000 : 0 : 3,914,292,725 : 17%
2021-09-06 02:56:30 : 37,600,000 : 0 : 3,923,992,275 : 17%
2021-09-06 03:15:25 : 37,700,000 : 0 : 3,933,560,750 : 17%
2021-09-06 03:34:47 : 37,800,000 : 0 : 3,943,129,225 : 17%
2021-09-06 03:54:21 : 37,900,000 : 0 : 3,952,828,775 : 17%
2021-09-06 04:15:16 : 38,000,000 : 0 : 3,962,790,475 : 17%
2021-09-06 04:37:09 : 38,100,000 : 0 : 3,972,752,175 : 17%
2021-09-06 05:00:05 : 38,200,000 : 0 : 3,982,582,800 : 17%
2021-09-06 05:23:52 : 38,300,000 : 0 : 3,992,544,500 : 17%
2021-09-06 05:48:53 : 38,400,000 : 0 : 4,002,506,200 : 17%
2021-09-06 06:14:31 : 38,500,000 : 0 : 4,012,467,900 : 17%
2021-09-06 06:41:32 : 38,600,000 : 0 : 4,022,560,675 : 18%
2021-09-06 07:09:57 : 38,700,000 : 0 : 4,032,653,450 : 18%
2021-09-06 07:40:03 : 38,800,000 : 0 : 4,042,877,300 : 18%
2021-09-06 08:11:43 : 38,900,000 : 0 : 4,063,193,925 : 18%
2021-09-06 08:44:24 : 39,000,000 : 0 : 4,073,417,775 : 18%
2021-09-06 09:18:08 : 39,100,000 : 0 : 4,083,772,700 : 18%
2021-09-06 09:51:31 : 39,200,000 : 0 : 4,093,996,550 : 18%
2021-09-06 10:24:21 : 39,300,000 : 0 : 4,104,220,400 : 18%
2021-09-06 10:55:49 : 39,400,000 : 0 : 4,114,444,250 : 18%
2021-09-06 11:25:20 : 39,500,000 : 0 : 4,124,668,100 : 18%
2021-09-06 11:52:16 : 39,600,000 : 0 : 4,134,891,950 : 18%
2021-09-06 12:17:20 : 39,700,000 : 0 : 4,145,115,800 : 18%
2021-09-06 12:40:12 : 39,800,000 : 0 : 4,155,339,650 : 18%
2021-09-06 13:01:13 : 39,900,000 : 0 : 4,165,563,500 : 18%
2021-09-06 13:21:14 : 40,000,000 : 0 : 4,175,787,350 : 18%
2021-09-06 13:40:29 : 40,100,000 : 0 : 4,186,142,275 : 18%
2021-09-06 13:58:59 : 40,200,000 : 0 : 4,196,628,275 : 18%
2021-09-06 14:17:01 : 40,300,000 : 0 : 4,206,983,200 : 18%
2021-09-06 14:34:18 : 40,400,000 : 0 : 4,217,338,125 : 18%
2021-09-06 14:51:08 : 40,500,000 : 0 : 4,227,824,125 : 18%
2021-09-06 15:07:32 : 40,600,000 : 0 : 4,238,310,125 : 18%
2021-09-06 15:23:35 : 40,700,000 : 0 : 4,248,665,050 : 19%
2021-09-06 15:39:31 : 40,800,000 : 0 : 4,259,151,050 : 19%
2021-09-06 15:55:23 : 40,900,000 : 0 : 4,269,637,050 : 19%
2021-09-06 16:11:17 : 41,000,000 : 0 : 4,280,123,050 : 19%
2021-09-06 16:27:13 : 41,100,000 : 0 : 4,290,477,975 : 19%
2021-09-06 16:43:07 : 41,200,000 : 0 : 4,300,963,975 : 19%
2021-09-06 16:59:03 : 41,300,000 : 0 : 4,311,449,975 : 19%
2021-09-06 17:14:58 : 41,400,000 : 0 : 4,321,804,900 : 19%
2021-09-06 17:30:45 : 41,500,000 : 0 : 4,332,159,825 : 19%
2021-09-06 17:46:38 : 41,600,000 : 0 : 4,342,645,825 : 19%
2021-09-06 18:02:48 : 41,700,000 : 0 : 4,353,000,750 : 19%
2021-09-06 18:18:50 : 41,800,000 : 0 : 4,363,355,675 : 19%
2021-09-06 18:34:50 : 41,900,000 : 0 : 4,373,710,600 : 19%
2021-09-06 18:50:53 : 42,000,000 : 0 : 4,383,934,450 : 19%
2021-09-06 19:07:16 : 42,100,000 : 0 : 4,404,644,300 : 19%
2021-09-06 19:23:30 : 42,200,000 : 0 : 4,414,868,150 : 19%
2021-09-06 19:39:57 : 42,300,000 : 0 : 4,425,092,000 : 19%
2021-09-06 19:56:07 : 42,400,000 : 0 : 4,435,446,925 : 19%
2021-09-06 20:12:40 : 42,500,000 : 0 : 4,445,670,775 : 19%
2021-09-06 20:29:10 : 42,600,000 : 0 : 4,455,894,625 : 19%
2021-09-06 20:45:29 : 42,700,000 : 0 : 4,466,118,475 : 19%
2021-09-06 21:02:04 : 42,800,000 : 0 : 4,476,342,325 : 20%
2021-09-06 21:18:43 : 42,900,000 : 0 : 4,486,566,175 : 20%
2021-09-06 21:35:34 : 43,000,000 : 0 : 4,496,790,025 : 20%
2021-09-06 21:52:31 : 43,100,000 : 0 : 4,507,013,875 : 20%
2021-09-06 22:09:44 : 43,200,000 : 0 : 4,517,237,725 : 20%
2021-09-06 22:27:23 : 43,300,000 : 0 : 4,527,461,575 : 20%
2021-09-06 22:45:19 : 43,400,000 : 0 : 4,537,685,425 : 20%
2021-09-06 23:03:29 : 43,500,000 : 0 : 4,547,909,275 : 20%
2021-09-06 23:21:56 : 43,600,000 : 0 : 4,558,133,125 : 20%
2021-09-06 23:40:19 : 43,700,000 : 0 : 4,568,225,900 : 20%
2021-09-06 23:58:36 : 43,800,000 : 0 : 4,578,187,600 : 20%
2021-09-07 00:16:50 : 43,900,000 : 0 : 4,588,149,300 : 20%
2021-09-07 00:35:11 : 44,000,000 : 0 : 4,598,111,000 : 20%
2021-09-07 00:53:14 : 44,100,000 : 0 : 4,608,203,775 : 20%
2021-09-07 01:11:17 : 44,200,000 : 0 : 4,618,034,400 : 20%
2021-09-07 01:29:25 : 44,300,000 : 0 : 4,627,865,025 : 20%
2021-09-07 01:47:21 : 44,400,000 : 0 : 4,637,695,650 : 20%
2021-09-07 02:05:30 : 44,500,000 : 0 : 4,647,657,350 : 20%
2021-09-07 02:23:57 : 44,600,000 : 0 : 4,657,619,050 : 20%
2021-09-07 02:42:45 : 44,700,000 : 0 : 4,667,580,750 : 20%
2021-09-07 03:01:54 : 44,800,000 : 0 : 4,677,542,450 : 20%
2021-09-07 03:21:35 : 44,900,000 : 0 : 4,687,373,075 : 20%
2021-09-07 03:42:02 : 45,000,000 : 0 : 4,697,465,850 : 20%
2021-09-07 04:03:00 : 45,100,000 : 0 : 4,707,427,550 : 21%
2021-09-07 04:24:45 : 45,200,000 : 0 : 4,717,389,250 : 21%
2021-09-07 04:47:45 : 45,300,000 : 0 : 4,727,350,950 : 21%
2021-09-07 05:11:46 : 45,400,000 : 0 : 4,737,312,650 : 21%
2021-09-07 05:36:50 : 45,500,000 : 0 : 4,747,274,350 : 21%
2021-09-07 06:02:48 : 45,600,000 : 0 : 4,757,367,125 : 21%
2021-09-07 06:30:12 : 45,700,000 : 0 : 4,767,459,900 : 21%
2021-09-07 06:59:12 : 45,800,000 : 0 : 4,787,907,600 : 21%
2021-09-07 07:30:02 : 45,900,000 : 0 : 4,798,131,450 : 21%
2021-09-07 08:02:24 : 46,000,000 : 0 : 4,808,355,300 : 21%
2021-09-07 08:35:33 : 46,100,000 : 0 : 4,818,579,150 : 21%
2021-09-07 09:08:49 : 46,200,000 : 0 : 4,828,803,000 : 21%
2021-09-07 09:42:03 : 46,300,000 : 0 : 4,839,026,850 : 21%
2021-09-07 10:14:20 : 46,400,000 : 0 : 4,849,250,700 : 21%
2021-09-07 10:44:15 : 46,500,000 : 0 : 4,859,474,550 : 21%
2021-09-07 11:11:52 : 46,600,000 : 0 : 4,869,698,400 : 21%
2021-09-07 11:37:37 : 46,700,000 : 0 : 4,879,922,250 : 21%
2021-09-07 12:01:47 : 46,800,000 : 0 : 4,890,277,175 : 21%
2021-09-07 12:24:30 : 46,900,000 : 0 : 4,900,632,100 : 21%
2021-09-07 12:45:41 : 47,000,000 : 0 : 4,911,118,100 : 21%
2021-09-07 13:05:31 : 47,100,000 : 0 : 4,921,604,100 : 21%
2021-09-07 13:24:28 : 47,200,000 : 0 : 4,931,959,025 : 21%
2021-09-07 13:42:35 : 47,300,000 : 0 : 4,942,313,950 : 22%
2021-09-07 13:59:41 : 47,400,000 : 0 : 4,952,668,875 : 22%
2021-09-07 14:16:22 : 47,500,000 : 0 : 4,963,154,875 : 22%
2021-09-07 14:32:43 : 47,600,000 : 0 : 4,973,509,800 : 22%
2021-09-07 14:48:45 : 47,700,000 : 0 : 4,983,995,800 : 22%
2021-09-07 15:04:19 : 47,800,000 : 0 : 4,994,481,800 : 22%
2021-09-07 15:19:36 : 47,900,000 : 0 : 5,004,836,725 : 22%
2021-09-07 15:34:35 : 48,000,000 : 0 : 5,015,322,725 : 22%
2021-09-07 15:49:32 : 48,100,000 : 0 : 5,025,808,725 : 22%
2021-09-07 16:04:38 : 48,200,000 : 0 : 5,036,425,800 : 22%
2021-09-07 16:19:49 : 48,300,000 : 0 : 5,046,911,800 : 22%
2021-09-07 16:34:50 : 48,400,000 : 0 : 5,057,397,800 : 22%
2021-09-07 16:49:59 : 48,500,000 : 0 : 5,068,014,875 : 22%
2021-09-07 17:04:58 : 48,600,000 : 0 : 5,078,500,875 : 22%
2021-09-07 17:20:14 : 48,700,000 : 0 : 5,088,986,875 : 22%
2021-09-07 17:35:22 : 48,800,000 : 0 : 5,099,603,950 : 22%
2021-09-07 17:50:33 : 48,900,000 : 0 : 5,120,575,950 : 22%
2021-09-07 18:05:43 : 49,000,000 : 0 : 5,131,061,950 : 22%
2021-09-07 18:21:10 : 49,100,000 : 0 : 5,141,416,875 : 22%
2021-09-07 18:36:27 : 49,200,000 : 0 : 5,152,033,950 : 22%
2021-09-07 18:51:49 : 49,300,000 : 0 : 5,162,388,875 : 22%
2021-09-07 19:07:00 : 49,400,000 : 0 : 5,172,874,875 : 23%
2021-09-07 19:22:13 : 49,500,000 : 0 : 5,183,229,800 : 23%
2021-09-07 19:37:16 : 49,600,000 : 0 : 5,193,584,725 : 23%
2021-09-07 19:52:08 : 49,700,000 : 0 : 5,203,939,650 : 23%
2021-09-07 20:06:55 : 49,800,000 : 0 : 5,214,294,575 : 23%
2021-09-07 20:22:04 : 49,900,000 : 0 : 5,224,780,575 : 23%
2021-09-07 20:37:09 : 50,000,000 : 0 : 5,235,135,500 : 23%
2021-09-07 20:52:08 : 50,100,000 : 0 : 5,245,621,500 : 23%
2021-09-07 21:07:26 : 50,200,000 : 0 : 5,255,976,425 : 23%
2021-09-07 21:22:49 : 50,300,000 : 0 : 5,266,331,350 : 23%
2021-09-07 21:38:40 : 50,400,000 : 0 : 5,276,948,425 : 23%
2021-09-07 21:56:09 : 50,500,000 : 0 : 5,287,565,500 : 23%
2021-09-07 22:13:21 : 50,600,000 : 0 : 5,298,051,500 : 23%
2021-09-07 22:29:49 : 50,700,000 : 0 : 5,308,013,200 : 23%
2021-09-07 22:46:04 : 50,800,000 : 0 : 5,318,368,125 : 23%
2021-09-07 23:02:57 : 50,900,000 : 0 : 5,328,723,050 : 23%
2021-09-07 23:19:57 : 51,000,000 : 0 : 5,338,946,900 : 23%
2021-09-07 23:37:01 : 51,100,000 : 0 : 5,349,170,750 : 23%
2021-09-07 23:54:07 : 51,200,000 : 0 : 5,359,394,600 : 23%
2021-09-08 00:11:23 : 51,300,000 : 0 : 5,369,487,375 : 23%
2021-09-08 00:28:27 : 51,400,000 : 0 : 5,379,580,150 : 23%
2021-09-08 00:45:30 : 51,500,000 : 0 : 5,389,541,850 : 23%
2021-09-08 01:02:35 : 51,600,000 : 0 : 5,399,634,625 : 24%
2021-09-08 01:19:41 : 51,700,000 : 0 : 5,409,727,400 : 24%
2021-09-08 01:36:48 : 51,800,000 : 0 : 5,419,689,100 : 24%
2021-09-08 01:53:47 : 51,900,000 : 0 : 5,429,650,800 : 24%
2021-09-08 02:11:20 : 52,000,000 : 0 : 5,439,612,500 : 24%
2021-09-08 02:29:28 : 52,100,000 : 0 : 5,459,798,050 : 24%
2021-09-08 02:48:01 : 52,200,000 : 0 : 5,469,759,750 : 24%
2021-09-08 03:07:01 : 52,300,000 : 0 : 5,479,852,525 : 24%
2021-09-08 03:26:25 : 52,400,000 : 0 : 5,489,945,300 : 24%
2021-09-08 03:46:34 : 52,500,000 : 0 : 5,499,907,000 : 24%
2021-09-08 04:07:04 : 52,600,000 : 0 : 5,509,868,700 : 24%
2021-09-08 04:28:28 : 52,700,000 : 0 : 5,519,699,325 : 24%
2021-09-08 04:50:53 : 52,800,000 : 0 : 5,529,792,100 : 24%
2021-09-08 05:15:30 : 52,900,000 : 0 : 5,539,884,875 : 24%
2021-09-08 05:41:28 : 53,000,000 : 0 : 5,549,977,650 : 24%
2021-09-08 06:08:43 : 53,100,000 : 0 : 5,560,070,425 : 24%
2021-09-08 06:37:07 : 53,200,000 : 0 : 5,570,294,275 : 24%
2021-09-08 07:06:52 : 53,300,000 : 0 : 5,580,518,125 : 24%
2021-09-08 07:38:29 : 53,400,000 : 0 : 5,590,873,050 : 24%
2021-09-08 08:12:06 : 53,500,000 : 0 : 5,601,227,975 : 24%
2021-09-08 08:46:21 : 53,600,000 : 0 : 5,611,582,900 : 24%
2021-09-08 09:21:01 : 53,700,000 : 0 : 5,621,937,825 : 24%
2021-09-08 09:54:48 : 53,800,000 : 0 : 5,632,161,675 : 25%
2021-09-08 10:26:34 : 53,900,000 : 0 : 5,642,385,525 : 25%
2021-09-08 10:55:57 : 54,000,000 : 0 : 5,652,609,375 : 25%
2021-09-08 11:22:20 : 54,100,000 : 0 : 5,662,833,225 : 25%
2021-09-08 11:46:45 : 54,200,000 : 0 : 5,673,188,150 : 25%
2021-09-08 12:09:29 : 54,300,000 : 0 : 5,683,412,000 : 25%
2021-09-08 12:30:48 : 54,400,000 : 0 : 5,693,898,000 : 25%
2021-09-08 12:50:28 : 54,500,000 : 0 : 5,704,121,850 : 25%
2021-09-08 13:09:13 : 54,600,000 : 0 : 5,714,607,850 : 25%
2021-09-08 13:27:31 : 54,700,000 : 0 : 5,725,093,850 : 25%
2021-09-08 13:45:12 : 54,800,000 : 0 : 5,735,579,850 : 25%
2021-09-08 14:01:56 : 54,900,000 : 0 : 5,746,065,850 : 25%
2021-09-08 14:18:09 : 55,000,000 : 0 : 5,756,420,775 : 25%
2021-09-08 14:33:56 : 55,100,000 : 0 : 5,766,775,700 : 25%
2021-09-08 14:49:35 : 55,200,000 : 0 : 5,777,392,775 : 25%
2021-09-08 15:05:01 : 55,300,000 : 0 : 5,787,878,775 : 25%
2021-09-08 15:20:35 : 55,400,000 : 0 : 5,808,981,850 : 25%
2021-09-08 15:36:08 : 55,500,000 : 0 : 5,819,598,925 : 25%
2021-09-08 15:51:29 : 55,600,000 : 0 : 5,830,084,925 : 25%
2021-09-08 16:06:58 : 55,700,000 : 0 : 5,840,702,000 : 25%
2021-09-08 16:22:18 : 55,800,000 : 0 : 5,851,319,075 : 25%
2021-09-08 16:37:10 : 55,900,000 : 0 : 5,861,805,075 : 26%
2021-09-08 16:52:09 : 56,000,000 : 0 : 5,872,422,150 : 26%
2021-09-08 17:07:20 : 56,100,000 : 0 : 5,883,039,225 : 26%
2021-09-08 17:22:25 : 56,200,000 : 0 : 5,893,525,225 : 26%
2021-09-08 17:37:25 : 56,300,000 : 0 : 5,903,880,150 : 26%
2021-09-08 17:52:24 : 56,400,000 : 0 : 5,914,497,225 : 26%
2021-09-08 18:07:34 : 56,500,000 : 0 : 5,924,983,225 : 26%
2021-09-08 18:22:58 : 56,600,000 : 0 : 5,935,469,225 : 26%
2021-09-08 18:38:03 : 56,700,000 : 0 : 5,946,086,300 : 26%
2021-09-08 18:53:13 : 56,800,000 : 0 : 5,956,441,225 : 26%
2021-09-08 19:08:01 : 56,900,000 : 0 : 5,966,796,150 : 26%
2021-09-08 19:23:11 : 57,000,000 : 0 : 5,977,151,075 : 26%
2021-09-08 19:38:26 : 57,100,000 : 0 : 5,987,506,000 : 26%
2021-09-08 19:53:16 : 57,200,000 : 0 : 5,997,992,000 : 26%
2021-09-08 20:08:15 : 57,300,000 : 0 : 6,008,215,850 : 26%
2021-09-08 20:23:36 : 57,400,000 : 0 : 6,018,701,850 : 26%
2021-09-08 20:45:03 : 57,500,000 : 0 : 6,029,450,000 : 26%
2021-09-08 21:04:33 : 57,600,000 : 0 : 6,039,804,925 : 26%
2021-09-08 21:22:22 : 57,700,000 : 0 : 6,050,159,850 : 26%
2021-09-08 21:39:14 : 57,800,000 : 0 : 6,060,121,550 : 26%
2021-09-08 21:56:18 : 57,900,000 : 0 : 6,070,476,475 : 26%
2021-09-08 22:13:41 : 58,000,000 : 0 : 6,091,186,325 : 27%
2021-09-08 22:31:19 : 58,100,000 : 0 : 6,101,410,175 : 27%
2021-09-08 22:49:04 : 58,200,000 : 0 : 6,111,765,100 : 27%
2021-09-08 23:07:26 : 58,300,000 : 0 : 6,121,988,950 : 27%
2021-09-08 23:25:55 : 58,400,000 : 0 : 6,132,212,800 : 27%
2021-09-08 23:44:12 : 58,500,000 : 0 : 6,142,305,575 : 27%
2021-09-09 00:02:25 : 58,600,000 : 0 : 6,152,398,350 : 27%
2021-09-09 00:20:04 : 58,700,000 : 0 : 6,162,491,125 : 27%
2021-09-09 00:37:46 : 58,800,000 : 0 : 6,172,452,825 : 27%
2021-09-09 00:55:27 : 58,900,000 : 0 : 6,182,414,525 : 27%
2021-09-09 01:13:10 : 59,000,000 : 0 : 6,192,376,225 : 27%
2021-09-09 01:31:15 : 59,100,000 : 0 : 6,202,337,925 : 27%
2021-09-09 01:49:24 : 59,200,000 : 0 : 6,212,168,550 : 27%
2021-09-09 02:07:38 : 59,300,000 : 0 : 6,222,130,250 : 27%
2021-09-09 02:26:22 : 59,400,000 : 0 : 6,232,091,950 : 27%
2021-09-09 02:45:32 : 59,500,000 : 0 : 6,241,922,575 : 27%
2021-09-09 03:05:00 : 59,600,000 : 0 : 6,251,884,275 : 27%
2021-09-09 03:25:05 : 59,700,000 : 0 : 6,261,714,900 : 27%
2021-09-09 03:46:40 : 59,800,000 : 0 : 6,271,676,600 : 27%
2021-09-09 04:10:40 : 59,900,000 : 0 : 6,281,638,300 : 27%
2021-09-09 04:35:05 : 60,000,000 : 0 : 6,291,600,000 : 27%
2021-09-09 05:00:29 : 60,100,000 : 0 : 6,301,692,775 : 27%
2021-09-09 05:26:41 : 60,200,000 : 0 : 6,311,654,475 : 28%
2021-09-09 05:54:38 : 60,300,000 : 0 : 6,321,616,175 : 28%
2021-09-09 06:25:28 : 60,400,000 : 0 : 6,331,971,100 : 28%
2021-09-09 06:57:58 : 60,500,000 : 0 : 6,342,063,875 : 28%
2021-09-09 07:32:16 : 60,600,000 : 0 : 6,352,287,725 : 28%
2021-09-09 08:08:37 : 60,700,000 : 0 : 6,362,642,650 : 28%
2021-09-09 08:45:57 : 60,800,000 : 0 : 6,372,997,575 : 28%
2021-09-09 09:22:35 : 60,900,000 : 0 : 6,383,483,575 : 28%
2021-09-09 09:57:24 : 61,000,000 : 0 : 6,393,838,500 : 28%
2021-09-09 10:29:32 : 61,100,000 : 0 : 6,414,417,275 : 28%
2021-09-09 10:59:15 : 61,200,000 : 0 : 6,424,641,125 : 28%
2021-09-09 11:26:09 : 61,300,000 : 0 : 6,434,864,975 : 28%
2021-09-09 11:50:46 : 61,400,000 : 0 : 6,445,219,900 : 28%
2021-09-09 12:13:59 : 61,500,000 : 0 : 6,455,574,825 : 28%
2021-09-09 12:35:30 : 61,600,000 : 0 : 6,466,060,825 : 28%
2021-09-09 12:55:52 : 61,700,000 : 0 : 6,476,415,750 : 28%
2021-09-09 13:15:39 : 61,800,000 : 0 : 6,487,032,825 : 28%
2021-09-09 13:34:12 : 61,900,000 : 0 : 6,497,518,825 : 28%
2021-09-09 13:51:57 : 62,000,000 : 0 : 6,508,004,825 : 28%
2021-09-09 14:08:55 : 62,100,000 : 0 : 6,518,490,825 : 28%
2021-09-09 14:25:21 : 62,200,000 : 0 : 6,528,976,825 : 28%
2021-09-09 14:41:40 : 62,300,000 : 0 : 6,539,462,825 : 28%
2021-09-09 14:57:24 : 62,400,000 : 0 : 6,550,079,900 : 29%
2021-09-09 15:13:35 : 62,500,000 : 0 : 6,560,565,900 : 29%
2021-09-09 15:29:09 : 62,600,000 : 0 : 6,571,182,975 : 29%
2021-09-09 15:44:27 : 62,700,000 : 0 : 6,581,800,050 : 29%
2021-09-09 15:59:40 : 62,800,000 : 0 : 6,592,286,050 : 29%
2021-09-09 16:14:57 : 62,900,000 : 0 : 6,602,903,125 : 29%
2021-09-09 16:30:01 : 63,000,000 : 0 : 6,613,389,125 : 29%
2021-09-09 16:45:22 : 63,100,000 : 0 : 6,624,006,200 : 29%
2021-09-09 17:00:38 : 63,200,000 : 0 : 6,634,623,275 : 29%
2021-09-09 17:15:53 : 63,300,000 : 0 : 6,645,109,275 : 29%
2021-09-09 17:31:04 : 63,400,000 : 0 : 6,655,595,275 : 29%
2021-09-09 17:46:27 : 63,500,000 : 0 : 6,666,212,350 : 29%
2021-09-09 18:01:37 : 63,600,000 : 0 : 6,676,698,350 : 29%
2021-09-09 18:16:46 : 63,700,000 : 0 : 6,687,053,275 : 29%
2021-09-09 18:31:49 : 63,800,000 : 0 : 6,707,894,200 : 29%
2021-09-09 18:46:58 : 63,900,000 : 0 : 6,718,249,125 : 29%
2021-09-09 19:02:05 : 64,000,000 : 0 : 6,728,735,125 : 29%
2021-09-09 19:17:27 : 64,100,000 : 0 : 6,739,221,125 : 29%
2021-09-09 19:32:52 : 64,200,000 : 0 : 6,749,576,050 : 29%
2021-09-09 19:47:53 : 64,300,000 : 0 : 6,759,930,975 : 29%
2021-09-09 20:02:35 : 64,400,000 : 0 : 6,770,154,825 : 30%
2021-09-09 20:17:36 : 64,500,000 : 0 : 6,780,509,750 : 30%
2021-09-09 20:32:28 : 64,600,000 : 0 : 6,790,733,600 : 30%
2021-09-09 20:47:26 : 64,700,000 : 0 : 6,801,088,525 : 30%
2021-09-09 21:02:17 : 64,800,000 : 0 : 6,811,312,375 : 30%
2021-09-09 21:17:26 : 64,900,000 : 0 : 6,821,667,300 : 30%
2021-09-09 21:32:44 : 65,000,000 : 0 : 6,831,891,150 : 30%
2021-09-09 21:48:20 : 65,100,000 : 0 : 6,842,246,075 : 30%
2021-09-09 22:04:12 : 65,200,000 : 0 : 6,852,601,000 : 30%
2021-09-09 22:20:28 : 65,300,000 : 0 : 6,862,824,850 : 30%
2021-09-09 22:36:58 : 65,400,000 : 0 : 6,873,179,775 : 30%
2021-09-09 22:53:42 : 65,500,000 : 0 : 6,883,403,625 : 30%
2021-09-09 23:10:32 : 65,600,000 : 0 : 6,893,627,475 : 30%
2021-09-09 23:27:11 : 65,700,000 : 0 : 6,903,720,250 : 30%
2021-09-09 23:44:01 : 65,800,000 : 0 : 6,913,681,950 : 30%
2021-09-10 00:01:00 : 65,900,000 : 0 : 6,923,774,725 : 30%
2021-09-10 00:17:57 : 66,000,000 : 0 : 6,933,605,350 : 30%
2021-09-10 00:34:46 : 66,100,000 : 0 : 6,943,435,975 : 30%
2021-09-10 00:51:16 : 66,200,000 : 0 : 6,953,266,600 : 30%
2021-09-10 01:07:44 : 66,300,000 : 0 : 6,962,966,150 : 30%
2021-09-10 01:24:03 : 66,400,000 : 0 : 6,972,665,700 : 30%
2021-09-10 01:40:13 : 66,500,000 : 0 : 6,982,234,175 : 30%
2021-09-10 01:56:06 : 66,600,000 : 0 : 6,991,802,650 : 30%
2021-09-10 02:12:23 : 66,700,000 : 0 : 7,001,371,125 : 31%
2021-09-10 02:28:57 : 66,800,000 : 0 : 7,011,201,750 : 31%
2021-09-10 02:45:43 : 66,900,000 : 0 : 7,020,901,300 : 31%
2021-09-10 03:02:56 : 67,000,000 : 0 : 7,030,469,775 : 31%
2021-09-10 03:20:41 : 67,100,000 : 0 : 7,040,169,325 : 31%
2021-09-10 03:39:11 : 67,200,000 : 0 : 7,049,868,875 : 31%
2021-09-10 03:57:47 : 67,300,000 : 0 : 7,069,267,975 : 31%
2021-09-10 04:17:24 : 67,400,000 : 0 : 7,079,229,675 : 31%
2021-09-10 04:38:45 : 67,500,000 : 0 : 7,089,322,450 : 31%
2021-09-10 05:01:46 : 67,600,000 : 0 : 7,099,415,225 : 31%
2021-09-10 05:26:12 : 67,700,000 : 0 : 7,109,508,000 : 31%
2021-09-10 05:51:52 : 67,800,000 : 0 : 7,119,600,775 : 31%
2021-09-10 06:18:28 : 67,900,000 : 0 : 7,129,562,475 : 31%
2021-09-10 06:45:53 : 68,000,000 : 0 : 7,139,655,250 : 31%
2021-09-10 07:15:27 : 68,100,000 : 0 : 7,149,748,025 : 31%
2021-09-10 07:47:07 : 68,200,000 : 0 : 7,160,102,950 : 31%
2021-09-10 08:20:22 : 68,300,000 : 0 : 7,170,326,800 : 31%
2021-09-10 08:53:22 : 68,400,000 : 0 : 7,180,157,425 : 31%
2021-09-10 09:25:54 : 68,500,000 : 0 : 7,190,381,275 : 31%
2021-09-10 09:58:16 : 68,600,000 : 0 : 7,200,474,050 : 31%
2021-09-10 10:28:09 : 68,700,000 : 0 : 7,210,435,750 : 31%
2021-09-10 10:55:55 : 68,800,000 : 0 : 7,220,528,525 : 31%
2021-09-10 11:21:37 : 68,900,000 : 0 : 7,230,752,375 : 32%
2021-09-10 11:44:54 : 69,000,000 : 0 : 7,240,845,150 : 32%
2021-09-10 12:06:46 : 69,100,000 : 0 : 7,250,937,925 : 32%
2021-09-10 12:27:23 : 69,200,000 : 0 : 7,261,161,775 : 32%
2021-09-10 12:47:03 : 69,300,000 : 0 : 7,271,385,625 : 32%
2021-09-10 13:05:50 : 69,400,000 : 0 : 7,281,609,475 : 32%
2021-09-10 13:23:45 : 69,500,000 : 0 : 7,292,095,475 : 32%
2021-09-10 13:40:52 : 69,600,000 : 0 : 7,302,319,325 : 32%
2021-09-10 13:57:17 : 69,700,000 : 0 : 7,312,674,250 : 32%
2021-09-10 14:13:19 : 69,800,000 : 0 : 7,323,029,175 : 32%
2021-09-10 14:29:06 : 69,900,000 : 0 : 7,333,515,175 : 32%
2021-09-10 14:44:31 : 70,000,000 : 0 : 7,343,870,100 : 32%
2021-09-10 14:59:28 : 70,100,000 : 0 : 7,354,356,100 : 32%
2021-09-10 15:14:28 : 70,200,000 : 0 : 7,364,711,025 : 32%
2021-09-10 15:29:18 : 70,300,000 : 0 : 7,375,065,950 : 32%
2021-09-10 15:44:01 : 70,400,000 : 0 : 7,385,551,950 : 32%
2021-09-10 15:58:51 : 70,500,000 : 0 : 7,395,906,875 : 32%
2021-09-10 16:13:49 : 70,600,000 : 0 : 7,416,747,800 : 32%
2021-09-10 16:28:24 : 70,700,000 : 0 : 7,427,102,725 : 32%
2021-09-10 16:43:01 : 70,800,000 : 0 : 7,437,457,650 : 32%
2021-09-10 16:57:41 : 70,900,000 : 0 : 7,447,812,575 : 32%
2021-09-10 17:12:41 : 71,000,000 : 0 : 7,458,298,575 : 33%
2021-09-10 17:28:01 : 71,100,000 : 0 : 7,468,915,650 : 33%
2021-09-10 17:43:32 : 71,200,000 : 0 : 7,479,401,650 : 33%
2021-09-10 17:59:08 : 71,300,000 : 0 : 7,489,887,650 : 33%
2021-09-10 18:14:59 : 71,400,000 : 0 : 7,500,373,650 : 33%
2021-09-10 18:30:44 : 71,500,000 : 0 : 7,510,728,575 : 33%
2021-09-10 18:46:19 : 71,600,000 : 0 : 7,521,214,575 : 33%
2021-09-10 19:02:05 : 71,700,000 : 0 : 7,531,569,500 : 33%
2021-09-10 19:17:57 : 71,800,000 : 0 : 7,541,924,425 : 33%
2021-09-10 19:33:38 : 71,900,000 : 0 : 7,552,279,350 : 33%
2021-09-10 19:49:20 : 72,000,000 : 0 : 7,562,634,275 : 33%
2021-09-10 20:04:51 : 72,100,000 : 0 : 7,572,989,200 : 33%
2021-09-10 20:20:38 : 72,200,000 : 0 : 7,583,213,050 : 33%
2021-09-10 20:36:15 : 72,300,000 : 0 : 7,593,436,900 : 33%
2021-09-10 20:51:57 : 72,400,000 : 0 : 7,603,660,750 : 33%
2021-09-10 21:08:08 : 72,500,000 : 0 : 7,614,015,675 : 33%
2021-09-10 21:24:25 : 72,600,000 : 0 : 7,624,108,450 : 33%
2021-09-10 21:40:40 : 72,700,000 : 0 : 7,634,332,300 : 33%
2021-09-10 21:57:18 : 72,800,000 : 0 : 7,644,687,225 : 33%
2021-09-10 22:14:35 : 72,900,000 : 0 : 7,654,911,075 : 33%
2021-09-10 22:32:01 : 73,000,000 : 0 : 7,665,134,925 : 33%
2021-09-10 22:49:40 : 73,100,000 : 0 : 7,675,227,700 : 33%
2021-09-10 23:07:37 : 73,200,000 : 0 : 7,685,451,550 : 33%
2021-09-10 23:25:53 : 73,300,000 : 0 : 7,695,675,400 : 34%
2021-09-10 23:44:12 : 73,400,000 : 0 : 7,705,768,175 : 34%
2021-09-11 00:02:29 : 73,500,000 : 0 : 7,715,729,875 : 34%
2021-09-11 00:20:41 : 73,600,000 : 0 : 7,725,691,575 : 34%
2021-09-11 00:39:15 : 73,700,000 : 0 : 7,735,653,275 : 34%
2021-09-11 00:57:56 : 73,800,000 : 0 : 7,755,576,675 : 34%
2021-09-11 01:16:32 : 73,900,000 : 0 : 7,765,407,300 : 34%
2021-09-11 01:35:27 : 74,000,000 : 0 : 7,775,237,925 : 34%
2021-09-11 01:54:30 : 74,100,000 : 0 : 7,784,937,475 : 34%
2021-09-11 02:13:16 : 74,200,000 : 0 : 7,794,768,100 : 34%
2021-09-11 02:32:28 : 74,300,000 : 0 : 7,804,467,650 : 34%
2021-09-11 02:51:59 : 74,400,000 : 0 : 7,814,298,275 : 34%
2021-09-11 03:12:19 : 74,500,000 : 0 : 7,824,128,900 : 34%
2021-09-11 03:33:25 : 74,600,000 : 0 : 7,833,959,525 : 34%
2021-09-11 03:55:06 : 74,700,000 : 0 : 7,843,790,150 : 34%
2021-09-11 04:18:04 : 74,800,000 : 0 : 7,853,882,925 : 34%
2021-09-11 04:41:54 : 74,900,000 : 0 : 7,863,713,550 : 34%
2021-09-11 05:06:56 : 75,000,000 : 0 : 7,873,675,250 : 34%
2021-09-11 05:33:56 : 75,100,000 : 0 : 7,883,636,950 : 34%
2021-09-11 06:02:26 : 75,200,000 : 0 : 7,893,991,875 : 34%
2021-09-11 06:31:41 : 75,300,000 : 0 : 7,903,822,500 : 34%
2021-09-11 07:02:51 : 75,400,000 : 0 : 7,914,046,350 : 34%
2021-09-11 07:35:37 : 75,500,000 : 0 : 7,924,139,125 : 35%
2021-09-11 08:09:15 : 75,600,000 : 0 : 7,934,231,900 : 35%
2021-09-11 08:43:09 : 75,700,000 : 0 : 7,944,062,525 : 35%
2021-09-11 09:16:15 : 75,800,000 : 0 : 7,953,893,150 : 35%
2021-09-11 09:49:52 : 75,900,000 : 0 : 7,963,592,700 : 35%
2021-09-11 10:21:27 : 76,000,000 : 0 : 7,973,161,175 : 35%
2021-09-11 10:51:15 : 76,100,000 : 0 : 7,982,991,800 : 35%
2021-09-11 11:19:29 : 76,200,000 : 0 : 7,992,560,275 : 35%
2021-09-11 11:44:41 : 76,300,000 : 0 : 8,002,128,750 : 35%
2021-09-11 12:09:35 : 76,400,000 : 0 : 8,011,959,375 : 35%
2021-09-11 12:32:57 : 76,500,000 : 0 : 8,021,790,000 : 35%
2021-09-11 12:54:35 : 76,600,000 : 0 : 8,031,751,700 : 35%
2021-09-11 13:15:30 : 76,700,000 : 0 : 8,041,713,400 : 35%
2021-09-11 13:35:40 : 76,800,000 : 0 : 8,051,937,250 : 35%
2021-09-11 13:55:08 : 76,900,000 : 0 : 8,062,030,025 : 35%
2021-09-11 14:13:59 : 77,000,000 : 0 : 8,072,384,950 : 35%
2021-09-11 14:31:52 : 77,100,000 : 0 : 8,082,477,725 : 35%
2021-09-11 14:49:05 : 77,200,000 : 0 : 8,092,439,425 : 35%
2021-09-11 15:05:12 : 77,300,000 : 0 : 8,102,401,125 : 35%
2021-09-11 15:21:19 : 77,400,000 : 0 : 8,112,362,825 : 35%
2021-09-11 15:37:30 : 77,500,000 : 0 : 8,122,324,525 : 35%
2021-09-11 15:53:23 : 77,600,000 : 0 : 8,132,417,300 : 35%
2021-09-11 16:09:12 : 77,700,000 : 0 : 8,142,510,075 : 35%
2021-09-11 16:25:21 : 77,800,000 : 0 : 8,162,826,700 : 36%
2021-09-11 16:41:30 : 77,900,000 : 0 : 8,172,788,400 : 36%
2021-09-11 16:57:15 : 78,000,000 : 0 : 8,182,881,175 : 36%
2021-09-11 17:13:09 : 78,100,000 : 0 : 8,192,842,875 : 36%
2021-09-11 17:29:02 : 78,200,000 : 0 : 8,202,804,575 : 36%
2021-09-11 17:44:56 : 78,300,000 : 0 : 8,212,897,350 : 36%
2021-09-11 18:00:57 : 78,400,000 : 0 : 8,222,859,050 : 36%
2021-09-11 18:17:03 : 78,500,000 : 0 : 8,232,689,675 : 36%
2021-09-11 18:33:00 : 78,600,000 : 0 : 8,242,520,300 : 36%
2021-09-11 18:48:53 : 78,700,000 : 0 : 8,252,350,925 : 36%
2021-09-11 19:05:12 : 78,800,000 : 0 : 8,262,181,550 : 36%
2021-09-11 19:21:14 : 78,900,000 : 0 : 8,271,881,100 : 36%
2021-09-11 19:37:18 : 79,000,000 : 0 : 8,281,580,650 : 36%
2021-09-11 19:53:11 : 79,100,000 : 0 : 8,291,280,200 : 36%
2021-09-11 20:09:08 : 79,200,000 : 0 : 8,300,979,750 : 36%
2021-09-11 20:25:24 : 79,300,000 : 0 : 8,310,810,375 : 36%
2021-09-11 20:41:34 : 79,400,000 : 0 : 8,320,509,925 : 36%
2021-09-11 20:57:53 : 79,500,000 : 0 : 8,330,340,550 : 36%
2021-09-11 21:14:36 : 79,600,000 : 0 : 8,340,171,175 : 36%
2021-09-11 21:31:29 : 79,700,000 : 0 : 8,350,001,800 : 36%
2021-09-11 21:48:13 : 79,800,000 : 0 : 8,359,832,425 : 36%
2021-09-11 22:04:56 : 79,900,000 : 0 : 8,369,663,050 : 36%
2021-09-11 22:21:54 : 80,000,000 : 0 : 8,379,362,600 : 37%
2021-09-11 22:38:51 : 80,100,000 : 0 : 8,389,193,225 : 37%
2021-09-11 22:56:00 : 80,200,000 : 0 : 8,399,023,850 : 37%
2021-09-11 23:13:39 : 80,300,000 : 0 : 8,408,854,475 : 37%
2021-09-11 23:31:30 : 80,400,000 : 0 : 8,418,685,100 : 37%
2021-09-11 23:49:25 : 80,500,000 : 0 : 8,428,384,650 : 37%
2021-09-12 00:07:36 : 80,600,000 : 0 : 8,438,084,200 : 37%
2021-09-12 00:26:13 : 80,700,000 : 0 : 8,447,914,825 : 37%
2021-09-12 00:44:47 : 80,800,000 : 0 : 8,457,745,450 : 37%
2021-09-12 01:03:25 : 80,900,000 : 0 : 8,467,445,000 : 37%
2021-09-12 01:21:44 : 81,000,000 : 0 : 8,477,275,625 : 37%
2021-09-12 01:40:09 : 81,100,000 : 0 : 8,486,844,100 : 37%
2021-09-12 01:58:47 : 81,200,000 : 0 : 8,496,543,650 : 37%
2021-09-12 02:17:44 : 81,300,000 : 0 : 8,515,811,675 : 37%
2021-09-12 02:36:51 : 81,400,000 : 0 : 8,525,511,225 : 37%
2021-09-12 02:56:17 : 81,500,000 : 0 : 8,535,210,775 : 37%
2021-09-12 03:16:34 : 81,600,000 : 0 : 8,544,779,250 : 37%
2021-09-12 03:37:13 : 81,700,000 : 0 : 8,554,478,800 : 37%
2021-09-12 03:58:17 : 81,800,000 : 0 : 8,564,178,350 : 37%
2021-09-12 04:20:39 : 81,900,000 : 0 : 8,574,008,975 : 37%
2021-09-12 04:44:17 : 82,000,000 : 0 : 8,583,839,600 : 37%
2021-09-12 05:09:19 : 82,100,000 : 0 : 8,593,670,225 : 37%
2021-09-12 05:35:42 : 82,200,000 : 0 : 8,603,500,850 : 37%
2021-09-12 06:03:08 : 82,300,000 : 0 : 8,613,331,475 : 38%
2021-09-12 06:31:33 : 82,400,000 : 0 : 8,623,293,175 : 38%
2021-09-12 07:00:57 : 82,500,000 : 0 : 8,633,123,800 : 38%
2021-09-12 07:32:01 : 82,600,000 : 0 : 8,643,216,575 : 38%
2021-09-12 08:04:06 : 82,700,000 : 0 : 8,653,309,350 : 38%
2021-09-12 08:36:29 : 82,800,000 : 0 : 8,663,139,975 : 38%
2021-09-12 09:09:11 : 82,900,000 : 0 : 8,673,101,675 : 38%
2021-09-12 09:41:45 : 83,000,000 : 0 : 8,682,932,300 : 38%
2021-09-12 10:14:49 : 83,100,000 : 0 : 8,692,894,000 : 38%
2021-09-12 10:47:28 : 83,200,000 : 0 : 8,702,855,700 : 38%
2021-09-12 11:17:49 : 83,300,000 : 0 : 8,712,686,325 : 38%
2021-09-12 11:46:34 : 83,400,000 : 0 : 8,722,648,025 : 38%
2021-09-12 12:13:12 : 83,500,000 : 0 : 8,732,609,725 : 38%
2021-09-12 12:37:32 : 83,600,000 : 0 : 8,742,702,500 : 38%
2021-09-12 12:59:56 : 83,700,000 : 0 : 8,752,664,200 : 38%
2021-09-12 13:20:54 : 83,800,000 : 0 : 8,762,625,900 : 38%
2021-09-12 13:40:51 : 83,900,000 : 0 : 8,772,325,450 : 38%
2021-09-12 13:57:31 : 84,000,000 : 0 : 8,781,893,925 : 38%
2021-09-12 14:15:07 : 84,100,000 : 0 : 8,791,855,625 : 38%
2021-09-12 14:31:57 : 84,200,000 : 0 : 8,801,686,250 : 38%
2021-09-12 14:48:50 : 84,300,000 : 0 : 8,811,647,950 : 38%
2021-09-12 15:05:23 : 84,400,000 : 0 : 8,821,871,800 : 38%
2021-09-12 15:21:43 : 84,500,000 : 0 : 8,842,188,425 : 39%
2021-09-12 15:38:08 : 84,600,000 : 0 : 8,852,412,275 : 39%
2021-09-12 15:54:23 : 84,700,000 : 0 : 8,862,505,050 : 39%
2021-09-12 16:10:20 : 84,800,000 : 0 : 8,872,728,900 : 39%
2021-09-12 16:26:03 : 84,900,000 : 0 : 8,882,821,675 : 39%
2021-09-12 16:41:46 : 85,000,000 : 0 : 8,892,914,450 : 39%
2021-09-12 16:56:59 : 85,100,000 : 0 : 8,903,007,225 : 39%
2021-09-12 17:12:05 : 85,200,000 : 0 : 8,912,706,775 : 39%
2021-09-12 17:26:35 : 85,300,000 : 0 : 8,922,406,325 : 39%
2021-09-12 17:40:55 : 85,400,000 : 0 : 8,932,236,950 : 39%
2021-09-12 17:55:17 : 85,500,000 : 0 : 8,942,067,575 : 39%
2021-09-12 18:09:27 : 85,600,000 : 0 : 8,951,898,200 : 39%
2021-09-12 18:23:46 : 85,700,000 : 0 : 8,961,466,675 : 39%
2021-09-12 18:37:58 : 85,800,000 : 0 : 8,971,297,300 : 39%
2021-09-12 18:52:36 : 85,900,000 : 0 : 8,981,127,925 : 39%
2021-09-12 19:07:30 : 86,000,000 : 0 : 8,990,827,475 : 39%
2021-09-12 19:21:56 : 86,100,000 : 0 : 9,000,527,025 : 39%
2021-09-12 19:36:10 : 86,200,000 : 0 : 9,010,095,500 : 39%
2021-09-12 19:50:24 : 86,300,000 : 0 : 9,019,795,050 : 39%
2021-09-12 20:04:45 : 86,400,000 : 0 : 9,029,494,600 : 39%
2021-09-12 20:19:26 : 86,500,000 : 0 : 9,039,194,150 : 39%
2021-09-12 20:34:01 : 86,600,000 : 0 : 9,048,893,700 : 39%
2021-09-12 20:48:39 : 86,700,000 : 0 : 9,058,593,250 : 39%
2021-09-12 21:03:22 : 86,800,000 : 0 : 9,068,423,875 : 40%
2021-09-12 21:18:48 : 86,900,000 : 0 : 9,078,254,500 : 40%
2021-09-12 21:34:03 : 87,000,000 : 0 : 9,088,085,125 : 40%
2021-09-12 21:49:42 : 87,100,000 : 0 : 9,098,046,825 : 40%
2021-09-12 22:05:34 : 87,200,000 : 0 : 9,107,877,450 : 40%
2021-09-12 22:21:25 : 87,300,000 : 0 : 9,117,708,075 : 40%
2021-09-12 22:36:51 : 87,400,000 : 0 : 9,127,276,550 : 40%
2021-09-12 22:52:47 : 87,500,000 : 0 : 9,137,107,175 : 40%
2021-09-12 23:08:31 : 87,600,000 : 0 : 9,146,675,650 : 40%
2021-09-12 23:24:54 : 87,700,000 : 0 : 9,166,205,825 : 40%
2021-09-12 23:41:57 : 87,800,000 : 0 : 9,176,167,525 : 40%
2021-09-12 23:59:58 : 87,900,000 : 0 : 9,186,260,300 : 40%
2021-09-13 00:17:58 : 88,000,000 : 0 : 9,196,090,925 : 40%
2021-09-13 00:35:28 : 88,100,000 : 0 : 9,205,921,550 : 40%
2021-09-13 00:52:59 : 88,200,000 : 0 : 9,215,621,100 : 40%
2021-09-13 01:09:54 : 88,300,000 : 0 : 9,225,320,650 : 40%
2021-09-13 01:27:06 : 88,400,000 : 0 : 9,235,151,275 : 40%
2021-09-13 01:44:26 : 88,500,000 : 0 : 9,244,981,900 : 40%
2021-09-13 02:01:56 : 88,600,000 : 0 : 9,254,812,525 : 40%
2021-09-13 02:19:48 : 88,700,000 : 0 : 9,264,512,075 : 40%
2021-09-13 02:38:04 : 88,800,000 : 0 : 9,274,342,700 : 40%
2021-09-13 02:56:43 : 88,900,000 : 0 : 9,284,173,325 : 40%
2021-09-13 03:15:40 : 89,000,000 : 0 : 9,294,003,950 : 40%
2021-09-13 03:35:49 : 89,100,000 : 0 : 9,303,965,650 : 41%
2021-09-13 03:56:43 : 89,200,000 : 0 : 9,313,796,275 : 41%
2021-09-13 04:18:02 : 89,300,000 : 0 : 9,323,626,900 : 41%
2021-09-13 04:40:35 : 89,400,000 : 0 : 9,333,457,525 : 41%
2021-09-13 05:04:34 : 89,500,000 : 0 : 9,343,550,300 : 41%
2021-09-13 05:30:14 : 89,600,000 : 0 : 9,353,643,075 : 41%
2021-09-13 05:56:54 : 89,700,000 : 0 : 9,363,604,775 : 41%
2021-09-13 06:25:05 : 89,800,000 : 0 : 9,373,697,550 : 41%
2021-09-13 06:55:11 : 89,900,000 : 0 : 9,383,921,400 : 41%
2021-09-13 07:27:18 : 90,000,000 : 0 : 9,394,145,250 : 41%
2021-09-13 08:01:05 : 90,100,000 : 0 : 9,404,369,100 : 41%
2021-09-13 08:35:39 : 90,200,000 : 0 : 9,414,592,950 : 41%
2021-09-13 09:11:16 : 90,300,000 : 0 : 9,424,816,800 : 41%
2021-09-13 09:45:47 : 90,400,000 : 0 : 9,434,909,575 : 41%
2021-09-13 10:17:15 : 90,500,000 : 0 : 9,445,002,350 : 41%
2021-09-13 10:47:18 : 90,600,000 : 0 : 9,455,226,200 : 41%
2021-09-13 11:14:45 : 90,700,000 : 0 : 9,465,318,975 : 41%
2021-09-13 11:39:44 : 90,800,000 : 0 : 9,475,411,750 : 41%
2021-09-13 12:03:13 : 90,900,000 : 0 : 9,485,635,600 : 41%
2021-09-13 12:25:23 : 91,000,000 : 0 : 9,495,990,525 : 41%
2021-09-13 12:45:55 : 91,100,000 : 0 : 9,506,345,450 : 41%
2021-09-13 13:05:27 : 91,200,000 : 0 : 9,516,831,450 : 41%
2021-09-13 13:24:07 : 91,300,000 : 0 : 9,527,186,375 : 42%
2021-09-13 13:42:15 : 91,400,000 : 0 : 9,548,027,300 : 42%
2021-09-13 13:59:33 : 91,500,000 : 0 : 9,558,513,300 : 42%
2021-09-13 14:16:08 : 91,600,000 : 0 : 9,568,999,300 : 42%
2021-09-13 14:32:15 : 91,700,000 : 0 : 9,579,354,225 : 42%
2021-09-13 14:48:10 : 91,800,000 : 0 : 9,589,971,300 : 42%
2021-09-13 15:03:46 : 91,900,000 : 0 : 9,600,457,300 : 42%
2021-09-13 15:19:17 : 92,000,000 : 0 : 9,610,812,225 : 42%
2021-09-13 15:34:41 : 92,100,000 : 0 : 9,621,298,225 : 42%
2021-09-13 15:49:57 : 92,200,000 : 0 : 9,631,915,300 : 42%
2021-09-13 16:05:14 : 92,300,000 : 0 : 9,642,401,300 : 42%
2021-09-13 16:20:37 : 92,400,000 : 0 : 9,653,018,375 : 42%
2021-09-13 16:36:00 : 92,500,000 : 0 : 9,663,635,450 : 42%
2021-09-13 16:51:16 : 92,600,000 : 0 : 9,674,121,450 : 42%
2021-09-13 17:06:24 : 92,700,000 : 0 : 9,684,607,450 : 42%
2021-09-13 17:21:38 : 92,800,000 : 0 : 9,695,093,450 : 42%
2021-09-13 17:36:48 : 92,900,000 : 0 : 9,705,579,450 : 42%
2021-09-13 17:51:56 : 93,000,000 : 0 : 9,716,196,525 : 42%
2021-09-13 18:07:17 : 93,100,000 : 0 : 9,726,682,525 : 42%
2021-09-13 18:22:41 : 93,200,000 : 0 : 9,737,168,525 : 42%
2021-09-13 18:37:45 : 93,300,000 : 0 : 9,747,654,525 : 42%
2021-09-13 18:53:02 : 93,400,000 : 0 : 9,758,009,450 : 43%
2021-09-13 19:08:05 : 93,500,000 : 0 : 9,768,364,375 : 43%
2021-09-13 19:23:14 : 93,600,000 : 0 : 9,778,850,375 : 43%
2021-09-13 19:38:24 : 93,700,000 : 0 : 9,789,336,375 : 43%
2021-09-13 19:53:24 : 93,800,000 : 0 : 9,799,691,300 : 43%
2021-09-13 20:08:26 : 93,900,000 : 0 : 9,810,046,225 : 43%
2021-09-13 20:23:28 : 94,000,000 : 0 : 9,820,532,225 : 43%
2021-09-13 20:38:22 : 94,100,000 : 0 : 9,841,373,150 : 43%
2021-09-13 20:53:43 : 94,200,000 : 0 : 9,851,728,075 : 43%
2021-09-13 21:09:00 : 94,300,000 : 0 : 9,862,083,000 : 43%
2021-09-13 21:24:44 : 94,400,000 : 0 : 9,872,437,925 : 43%
2021-09-13 21:40:51 : 94,500,000 : 0 : 9,882,923,925 : 43%
2021-09-13 21:57:00 : 94,600,000 : 0 : 9,893,278,850 : 43%
2021-09-13 22:13:49 : 94,700,000 : 0 : 9,903,633,775 : 43%
2021-09-13 22:30:44 : 94,800,000 : 0 : 9,913,857,625 : 43%
2021-09-13 22:47:57 : 94,900,000 : 0 : 9,924,081,475 : 43%
2021-09-13 23:05:06 : 95,000,000 : 0 : 9,934,305,325 : 43%
2021-09-13 23:22:20 : 95,100,000 : 0 : 9,944,398,100 : 43%
2021-09-13 23:39:45 : 95,200,000 : 0 : 9,954,621,950 : 43%
2021-09-13 23:57:16 : 95,300,000 : 0 : 9,964,714,725 : 43%
2021-09-14 00:14:31 : 95,400,000 : 0 : 9,974,676,425 : 43%
2021-09-14 00:31:25 : 95,500,000 : 0 : 9,984,507,050 : 44%
2021-09-14 00:48:10 : 95,600,000 : 0 : 9,994,337,675 : 44%
2021-09-14 01:04:40 : 95,700,000 : 0 : 10,004,037,225 : 44%
2021-09-14 01:21:15 : 95,800,000 : 0 : 10,013,867,850 : 44%
2021-09-14 01:38:06 : 95,900,000 : 0 : 10,023,698,475 : 44%
2021-09-14 01:54:59 : 96,000,000 : 0 : 10,033,529,100 : 44%
2021-09-14 02:11:59 : 96,100,000 : 0 : 10,043,359,725 : 44%
2021-09-14 02:29:02 : 96,200,000 : 0 : 10,053,190,350 : 44%
2021-09-14 02:46:14 : 96,300,000 : 0 : 10,062,889,900 : 44%
2021-09-14 03:03:36 : 96,400,000 : 0 : 10,072,720,525 : 44%
2021-09-14 03:21:44 : 96,500,000 : 0 : 10,082,551,150 : 44%
2021-09-14 03:40:13 : 96,600,000 : 0 : 10,092,119,625 : 44%
2021-09-14 03:57:48 : 96,700,000 : 0 : 10,101,425,950 : 44%
2021-09-14 04:17:45 : 96,800,000 : 0 : 10,111,256,575 : 44%
2021-09-14 04:39:28 : 96,900,000 : 0 : 10,121,218,275 : 44%
2021-09-14 05:02:36 : 97,000,000 : 0 : 10,131,179,975 : 44%
2021-09-14 05:27:08 : 97,100,000 : 0 : 10,141,141,675 : 44%
2021-09-14 05:52:56 : 97,200,000 : 0 : 10,151,103,375 : 44%
2021-09-14 06:20:41 : 97,300,000 : 0 : 10,161,196,150 : 44%
2021-09-14 06:49:53 : 97,400,000 : 0 : 10,171,420,000 : 44%
2021-09-14 07:20:35 : 97,500,000 : 0 : 10,181,643,850 : 44%
2021-09-14 07:53:47 : 97,600,000 : 0 : 10,202,091,550 : 44%
2021-09-14 08:28:13 : 97,700,000 : 0 : 10,212,446,475 : 45%
2021-09-14 09:03:20 : 97,800,000 : 0 : 10,222,670,325 : 45%
2021-09-14 09:37:46 : 97,900,000 : 0 : 10,232,894,175 : 45%
2021-09-14 10:10:34 : 98,000,000 : 0 : 10,243,118,025 : 45%
2021-09-14 10:40:50 : 98,100,000 : 0 : 10,253,210,800 : 45%
2021-09-14 11:08:26 : 98,200,000 : 0 : 10,263,434,650 : 45%
2021-09-14 11:33:44 : 98,300,000 : 0 : 10,273,658,500 : 45%
2021-09-14 11:57:17 : 98,400,000 : 0 : 10,284,013,425 : 45%
2021-09-14 12:19:21 : 98,500,000 : 0 : 10,294,237,275 : 45%
2021-09-14 12:39:33 : 98,600,000 : 0 : 10,304,592,200 : 45%
2021-09-14 12:58:55 : 98,700,000 : 0 : 10,314,947,125 : 45%
2021-09-14 13:17:11 : 98,800,000 : 0 : 10,325,302,050 : 45%
2021-09-14 13:34:35 : 98,900,000 : 0 : 10,335,788,050 : 45%
2021-09-14 13:51:27 : 99,000,000 : 0 : 10,346,142,975 : 45%
2021-09-14 14:07:47 : 99,100,000 : 0 : 10,356,497,900 : 45%
2021-09-14 14:23:26 : 99,200,000 : 0 : 10,366,983,900 : 45%
2021-09-14 14:38:58 : 99,300,000 : 0 : 10,377,469,900 : 45%
2021-09-14 14:54:20 : 99,400,000 : 0 : 10,387,955,900 : 45%
2021-09-14 15:09:31 : 99,500,000 : 0 : 10,398,441,900 : 45%
2021-09-14 15:24:38 : 99,600,000 : 0 : 10,408,927,900 : 45%
2021-09-14 15:39:37 : 99,700,000 : 0 : 10,419,413,900 : 45%
2021-09-14 15:54:21 : 99,800,000 : 0 : 10,429,899,900 : 45%
2021-09-14 16:09:05 : 99,900,000 : 0 : 10,440,385,900 : 45%
2021-09-14 16:23:48 : 100,000,000 : 0 : 10,450,871,900 : 46%
2021-09-14 16:38:29 : 100,100,000 : 0 : 10,461,357,900 : 46%
2021-09-14 16:53:15 : 100,200,000 : 0 : 10,471,843,900 : 46%
2021-09-14 17:08:01 : 100,300,000 : 0 : 10,482,198,825 : 46%
2021-09-14 17:22:41 : 100,400,000 : 0 : 10,492,422,675 : 46%
2021-09-14 17:37:10 : 100,500,000 : 0 : 10,513,001,450 : 46%
2021-09-14 17:51:49 : 100,600,000 : 0 : 10,523,356,375 : 46%
2021-09-14 18:06:54 : 100,700,000 : 0 : 10,533,580,225 : 46%
2021-09-14 18:21:38 : 100,800,000 : 0 : 10,543,935,150 : 46%
2021-09-14 18:36:20 : 100,900,000 : 0 : 10,554,027,925 : 46%
2021-09-14 18:50:23 : 101,000,000 : 0 : 10,564,382,850 : 46%
2021-09-14 19:04:48 : 101,100,000 : 0 : 10,574,606,700 : 46%
2021-09-14 19:19:25 : 101,200,000 : 0 : 10,584,830,550 : 46%
2021-09-14 19:33:55 : 101,300,000 : 0 : 10,595,054,400 : 46%
2021-09-14 19:48:19 : 101,400,000 : 0 : 10,605,278,250 : 46%
2021-09-14 20:02:45 : 101,500,000 : 0 : 10,615,502,100 : 46%
2021-09-14 20:17:16 : 101,600,000 : 0 : 10,625,725,950 : 46%
2021-09-14 20:31:47 : 101,700,000 : 0 : 10,635,949,800 : 46%
2021-09-14 20:46:30 : 101,800,000 : 0 : 10,646,173,650 : 46%
2021-09-14 21:01:14 : 101,900,000 : 0 : 10,656,528,575 : 46%
2021-09-14 21:16:32 : 102,000,000 : 0 : 10,666,752,425 : 46%
2021-09-14 21:31:54 : 102,100,000 : 0 : 10,677,107,350 : 47%
2021-09-14 21:47:31 : 102,200,000 : 0 : 10,687,331,200 : 47%
2021-09-14 22:03:31 : 102,300,000 : 0 : 10,697,686,125 : 47%
2021-09-14 22:19:53 : 102,400,000 : 0 : 10,708,041,050 : 47%
2021-09-14 22:36:33 : 102,500,000 : 0 : 10,718,264,900 : 47%
2021-09-14 22:53:26 : 102,600,000 : 0 : 10,728,357,675 : 47%
2021-09-14 23:10:30 : 102,700,000 : 0 : 10,738,581,525 : 47%
2021-09-14 23:27:28 : 102,800,000 : 0 : 10,748,674,300 : 47%
2021-09-14 23:44:37 : 102,900,000 : 0 : 10,758,767,075 : 47%
2021-09-15 00:02:01 : 103,000,000 : 0 : 10,768,728,775 : 47%
2021-09-15 00:18:50 : 103,100,000 : 0 : 10,778,690,475 : 47%
2021-09-15 00:35:24 : 103,200,000 : 0 : 10,788,652,175 : 47%
2021-09-15 00:52:14 : 103,300,000 : 0 : 10,798,482,800 : 47%
2021-09-15 01:09:07 : 103,400,000 : 0 : 10,808,313,425 : 47%
2021-09-15 01:26:01 : 103,500,000 : 0 : 10,818,144,050 : 47%
2021-09-15 01:42:49 : 103,600,000 : 0 : 10,827,974,675 : 47%
2021-09-15 01:59:29 : 103,700,000 : 0 : 10,847,504,850 : 47%
2021-09-15 02:16:32 : 103,800,000 : 0 : 10,857,466,550 : 47%
2021-09-15 02:34:16 : 103,900,000 : 0 : 10,867,297,175 : 47%
2021-09-15 02:52:19 : 104,000,000 : 0 : 10,877,127,800 : 47%
2021-09-15 03:11:02 : 104,100,000 : 0 : 10,887,089,500 : 47%
2021-09-15 03:30:04 : 104,200,000 : 0 : 10,896,920,125 : 47%
2021-09-15 03:49:38 : 104,300,000 : 0 : 10,906,881,825 : 48%
2021-09-15 04:10:09 : 104,400,000 : 0 : 10,916,843,525 : 48%
2021-09-15 04:31:49 : 104,500,000 : 0 : 10,926,674,150 : 48%
2021-09-15 04:54:22 : 104,600,000 : 0 : 10,936,504,775 : 48%
2021-09-15 05:17:45 : 104,700,000 : 0 : 10,946,466,475 : 48%
2021-09-15 05:42:30 : 104,800,000 : 0 : 10,956,559,250 : 48%
2021-09-15 06:09:23 : 104,900,000 : 0 : 10,966,652,025 : 48%
2021-09-15 06:37:58 : 105,000,000 : 0 : 10,976,875,875 : 48%
2021-09-15 07:07:44 : 105,100,000 : 0 : 10,987,099,725 : 48%
2021-09-15 07:39:43 : 105,200,000 : 0 : 10,997,323,575 : 48%
2021-09-15 08:12:36 : 105,300,000 : 0 : 11,007,416,350 : 48%
2021-09-15 08:46:03 : 105,400,000 : 0 : 11,017,771,275 : 48%
2021-09-15 09:20:38 : 105,500,000 : 0 : 11,027,864,050 : 48%
2021-09-15 09:53:52 : 105,600,000 : 0 : 11,038,218,975 : 48%
2021-09-15 10:24:58 : 105,700,000 : 0 : 11,048,442,825 : 48%
2021-09-15 10:53:13 : 105,800,000 : 0 : 11,058,404,525 : 48%
2021-09-15 11:19:06 : 105,900,000 : 0 : 11,068,497,300 : 48%
2021-09-15 11:43:05 : 106,000,000 : 0 : 11,078,721,150 : 48%
2021-09-15 12:05:36 : 106,100,000 : 0 : 11,088,945,000 : 48%
2021-09-15 12:27:00 : 106,200,000 : 0 : 11,099,299,925 : 48%
2021-09-15 12:47:09 : 106,300,000 : 0 : 11,109,654,850 : 48%
2021-09-15 13:05:55 : 106,400,000 : 0 : 11,120,009,775 : 48%
2021-09-15 13:24:17 : 106,500,000 : 0 : 11,130,495,775 : 49%
2021-09-15 13:41:42 : 106,600,000 : 0 : 11,140,981,775 : 49%
2021-09-15 13:58:39 : 106,700,000 : 0 : 11,151,467,775 : 49%
2021-09-15 14:15:32 : 106,800,000 : 0 : 11,161,953,775 : 49%
2021-09-15 14:31:22 : 106,900,000 : 0 : 11,172,439,775 : 49%
2021-09-15 14:46:53 : 107,000,000 : 0 : 11,193,280,700 : 49%
2021-09-15 15:02:20 : 107,100,000 : 0 : 11,203,766,700 : 49%
2021-09-15 15:17:59 : 107,200,000 : 0 : 11,214,383,775 : 49%
2021-09-15 15:33:16 : 107,300,000 : 0 : 11,224,869,775 : 49%
2021-09-15 15:48:21 : 107,400,000 : 0 : 11,235,486,850 : 49%
2021-09-15 16:03:16 : 107,500,000 : 0 : 11,245,972,850 : 49%
2021-09-15 16:18:17 : 107,600,000 : 0 : 11,256,458,850 : 49%
2021-09-15 16:33:07 : 107,700,000 : 0 : 11,266,944,850 : 49%
2021-09-15 16:48:05 : 107,800,000 : 0 : 11,277,430,850 : 49%
2021-09-15 17:03:07 : 107,900,000 : 0 : 11,288,047,925 : 49%
2021-09-15 17:18:17 : 108,000,000 : 0 : 11,298,665,000 : 49%
2021-09-15 17:33:21 : 108,100,000 : 0 : 11,309,151,000 : 49%
2021-09-15 17:48:20 : 108,200,000 : 0 : 11,319,637,000 : 49%
2021-09-15 18:03:23 : 108,300,000 : 0 : 11,330,123,000 : 49%
2021-09-15 18:18:39 : 108,400,000 : 0 : 11,340,609,000 : 49%
2021-09-15 18:33:52 : 108,500,000 : 0 : 11,350,963,925 : 49%
2021-09-15 18:48:55 : 108,600,000 : 0 : 11,361,449,925 : 50%
2021-09-15 19:03:48 : 108,700,000 : 0 : 11,371,804,850 : 50%
2021-09-15 19:18:36 : 108,800,000 : 0 : 11,382,028,700 : 50%
2021-09-15 19:33:22 : 108,900,000 : 0 : 11,392,383,625 : 50%
2021-09-15 19:47:56 : 109,000,000 : 0 : 11,402,607,475 : 50%
2021-09-15 20:02:19 : 109,100,000 : 0 : 11,412,831,325 : 50%
2021-09-15 20:17:02 : 109,200,000 : 0 : 11,423,055,175 : 50%
2021-09-15 20:31:30 : 109,300,000 : 0 : 11,433,279,025 : 50%
2021-09-15 20:46:17 : 109,400,000 : 0 : 11,443,502,875 : 50%
2021-09-15 21:01:06 : 109,500,000 : 0 : 11,453,857,800 : 50%
2021-09-15 21:16:27 : 109,600,000 : 0 : 11,474,436,575 : 50%
2021-09-15 21:31:59 : 109,700,000 : 0 : 11,484,660,425 : 50%
2021-09-15 21:47:40 : 109,800,000 : 0 : 11,495,015,350 : 50%
2021-09-15 22:03:28 : 109,900,000 : 0 : 11,505,239,200 : 50%
2021-09-15 22:19:59 : 110,000,000 : 0 : 11,515,463,050 : 50%
2021-09-15 22:36:43 : 110,100,000 : 0 : 11,525,686,900 : 50%
2021-09-15 22:53:33 : 110,200,000 : 0 : 11,535,910,750 : 50%
2021-09-15 23:10:37 : 110,300,000 : 0 : 11,546,134,600 : 50%
2021-09-15 23:28:02 : 110,400,000 : 0 : 11,556,227,375 : 50%
2021-09-15 23:45:37 : 110,500,000 : 0 : 11,566,451,225 : 50%
2021-09-16 00:03:17 : 110,600,000 : 0 : 11,576,675,075 : 50%
Decoding error with 134,217,728 bytes, reading another chunk
2021-09-16 00:20:49 : 110,700,000 : 0 : 11,596,598,475 : 51%
2021-09-16 00:38:04 : 110,800,000 : 0 : 11,596,598,475 : 51%
2021-09-16 00:55:16 : 110,900,000 : 0 : 11,606,560,175 : 51%
2021-09-16 01:12:26 : 111,000,000 : 0 : 11,616,521,875 : 51%
2021-09-16 01:29:45 : 111,100,000 : 0 : 11,626,483,575 : 51%
2021-09-16 01:46:57 : 111,200,000 : 0 : 11,636,314,200 : 51%
2021-09-16 02:04:16 : 111,300,000 : 0 : 11,646,275,900 : 51%
2021-09-16 02:21:46 : 111,400,000 : 0 : 11,656,106,525 : 51%
2021-09-16 02:39:35 : 111,500,000 : 0 : 11,666,199,300 : 51%
2021-09-16 02:57:51 : 111,600,000 : 0 : 11,676,029,925 : 51%
2021-09-16 03:16:53 : 111,700,000 : 0 : 11,686,122,700 : 51%
2021-09-16 03:36:39 : 111,800,000 : 0 : 11,696,084,400 : 51%
2021-09-16 03:57:10 : 111,900,000 : 0 : 11,706,046,100 : 51%
2021-09-16 04:18:44 : 112,000,000 : 0 : 11,716,007,800 : 51%
2021-09-16 04:41:27 : 112,100,000 : 0 : 11,726,100,575 : 51%
2021-09-16 05:05:24 : 112,200,000 : 0 : 11,736,062,275 : 51%
2021-09-16 05:30:33 : 112,300,000 : 0 : 11,746,155,050 : 51%
2021-09-16 05:56:33 : 112,400,000 : 0 : 11,756,116,750 : 51%
2021-09-16 06:24:17 : 112,500,000 : 0 : 11,766,209,525 : 51%
2021-09-16 06:54:01 : 112,600,000 : 0 : 11,776,433,375 : 51%
2021-09-16 07:25:41 : 112,700,000 : 0 : 11,786,526,150 : 51%
2021-09-16 07:59:20 : 112,800,000 : 0 : 11,796,881,075 : 51%
2021-09-16 08:34:17 : 112,900,000 : 0 : 11,807,236,000 : 51%
2021-09-16 09:10:00 : 113,000,000 : 0 : 11,827,814,775 : 52%
2021-09-16 09:44:19 : 113,100,000 : 0 : 11,838,169,700 : 52%
2021-09-16 10:16:58 : 113,200,000 : 0 : 11,848,262,475 : 52%
2021-09-16 10:46:40 : 113,300,000 : 0 : 11,858,355,250 : 52%
2021-09-16 11:13:15 : 113,400,000 : 0 : 11,868,448,025 : 52%
2021-09-16 11:37:32 : 113,500,000 : 0 : 11,878,671,875 : 52%
2021-09-16 12:00:15 : 113,600,000 : 0 : 11,889,026,800 : 52%
2021-09-16 12:21:46 : 113,700,000 : 0 : 11,899,381,725 : 52%
2021-09-16 12:42:03 : 113,800,000 : 0 : 11,909,736,650 : 52%
2021-09-16 13:01:07 : 113,900,000 : 0 : 11,920,091,575 : 52%
2021-09-16 13:19:07 : 114,000,000 : 0 : 11,930,577,575 : 52%
2021-09-16 13:36:37 : 114,100,000 : 0 : 11,941,063,575 : 52%
2021-09-16 13:53:25 : 114,200,000 : 0 : 11,951,549,575 : 52%
2021-09-16 14:09:32 : 114,300,000 : 0 : 11,961,904,500 : 52%
2021-09-16 14:25:05 : 114,400,000 : 0 : 11,972,390,500 : 52%
2021-09-16 14:40:27 : 114,500,000 : 0 : 11,982,876,500 : 52%
2021-09-16 14:55:34 : 114,600,000 : 0 : 11,993,362,500 : 52%
2021-09-16 15:10:46 : 114,700,000 : 0 : 12,003,848,500 : 52%
2021-09-16 15:25:40 : 114,800,000 : 0 : 12,014,465,575 : 52%
2021-09-16 15:40:24 : 114,900,000 : 0 : 12,024,951,575 : 52%
2021-09-16 15:55:02 : 115,000,000 : 0 : 12,035,437,575 : 52%
2021-09-16 16:09:56 : 115,100,000 : 0 : 12,046,054,650 : 52%
2021-09-16 16:24:58 : 115,200,000 : 0 : 12,056,671,725 : 53%
2021-09-16 16:39:41 : 115,300,000 : 0 : 12,067,157,725 : 53%
2021-09-16 16:54:16 : 115,400,000 : 0 : 12,077,512,650 : 53%
2021-09-16 17:09:07 : 115,500,000 : 0 : 12,088,129,725 : 53%
2021-09-16 17:23:56 : 115,600,000 : 0 : 12,098,615,725 : 53%
2021-09-16 17:38:58 : 115,700,000 : 0 : 12,109,101,725 : 53%
2021-09-16 17:53:56 : 115,800,000 : 0 : 12,119,587,725 : 53%
2021-09-16 18:09:02 : 115,900,000 : 0 : 12,140,428,650 : 53%
2021-09-16 18:23:59 : 116,000,000 : 0 : 12,150,914,650 : 53%
2021-09-16 18:39:07 : 116,100,000 : 0 : 12,161,400,650 : 53%
2021-09-16 18:54:04 : 116,200,000 : 0 : 12,171,755,575 : 53%
2021-09-16 19:09:37 : 116,300,000 : 0 : 12,182,241,575 : 53%
2021-09-16 19:24:45 : 116,400,000 : 0 : 12,192,596,500 : 53%
2021-09-16 19:39:48 : 116,500,000 : 0 : 12,202,951,425 : 53%
2021-09-16 19:54:44 : 116,600,000 : 0 : 12,213,306,350 : 53%
2021-09-16 20:09:52 : 116,700,000 : 0 : 12,223,661,275 : 53%
2021-09-16 20:25:13 : 116,800,000 : 0 : 12,234,016,200 : 53%
2021-09-16 20:40:27 : 116,900,000 : 0 : 12,244,371,125 : 53%
2021-09-16 20:55:45 : 117,000,000 : 0 : 12,254,726,050 : 53%
2021-09-16 21:11:24 : 117,100,000 : 0 : 12,264,949,900 : 53%
2021-09-16 21:27:19 : 117,200,000 : 0 : 12,275,304,825 : 53%
2021-09-16 21:43:23 : 117,300,000 : 0 : 12,285,528,675 : 54%
2021-09-16 21:59:40 : 117,400,000 : 0 : 12,295,883,600 : 54%
2021-09-16 22:16:20 : 117,500,000 : 0 : 12,306,107,450 : 54%
2021-09-16 22:33:27 : 117,600,000 : 0 : 12,316,331,300 : 54%
2021-09-16 22:50:48 : 117,700,000 : 0 : 12,326,555,150 : 54%
2021-09-16 23:08:15 : 117,800,000 : 0 : 12,336,779,000 : 54%
2021-09-16 23:26:12 : 117,900,000 : 0 : 12,347,002,850 : 54%
2021-09-16 23:44:07 : 118,000,000 : 0 : 12,357,095,625 : 54%
2021-09-17 00:02:05 : 118,100,000 : 0 : 12,367,188,400 : 54%
2021-09-17 00:20:05 : 118,200,000 : 0 : 12,377,281,175 : 54%
2021-09-17 00:37:50 : 118,300,000 : 0 : 12,387,111,800 : 54%
2021-09-17 00:55:14 : 118,400,000 : 0 : 12,396,942,425 : 54%
2021-09-17 01:12:38 : 118,500,000 : 0 : 12,406,773,050 : 54%
2021-09-17 01:29:53 : 118,600,000 : 0 : 12,416,603,675 : 54%
2021-09-17 01:47:06 : 118,700,000 : 0 : 12,426,434,300 : 54%
2021-09-17 02:04:25 : 118,800,000 : 0 : 12,436,264,925 : 54%
2021-09-17 02:22:16 : 118,900,000 : 0 : 12,446,226,625 : 54%
2021-09-17 02:40:23 : 119,000,000 : 0 : 12,465,887,875 : 54%
2021-09-17 02:58:49 : 119,100,000 : 0 : 12,475,718,500 : 54%
2021-09-17 03:17:09 : 119,200,000 : 0 : 12,485,418,050 : 54%
2021-09-17 03:36:09 : 119,300,000 : 0 : 12,494,986,525 : 54%
2021-09-17 03:55:06 : 119,400,000 : 0 : 12,504,948,225 : 54%
2021-09-17 04:15:47 : 119,500,000 : 0 : 12,515,041,000 : 55%
2021-09-17 04:37:55 : 119,600,000 : 0 : 12,525,002,700 : 55%
2021-09-17 05:01:09 : 119,700,000 : 0 : 12,534,964,400 : 55%
2021-09-17 05:25:34 : 119,800,000 : 0 : 12,544,926,100 : 55%
2021-09-17 05:51:18 : 119,900,000 : 0 : 12,555,018,875 : 55%
2021-09-17 06:19:07 : 120,000,000 : 0 : 12,565,111,650 : 55%
2021-09-17 06:48:12 : 120,100,000 : 0 : 12,575,335,500 : 55%
2021-09-17 07:19:04 : 120,200,000 : 0 : 12,585,690,425 : 55%
2021-09-17 07:52:05 : 120,300,000 : 0 : 12,596,045,350 : 55%
2021-09-17 08:26:47 : 120,400,000 : 0 : 12,606,400,275 : 55%
2021-09-17 09:02:01 : 120,500,000 : 0 : 12,616,755,200 : 55%
2021-09-17 09:36:39 : 120,600,000 : 0 : 12,626,979,050 : 55%
2021-09-17 10:09:10 : 120,700,000 : 0 : 12,637,202,900 : 55%
2021-09-17 10:39:20 : 120,800,000 : 0 : 12,647,295,675 : 55%
2021-09-17 11:06:56 : 120,900,000 : 0 : 12,657,388,450 : 55%
2021-09-17 11:31:42 : 121,000,000 : 0 : 12,667,481,225 : 55%
2021-09-17 11:54:19 : 121,100,000 : 0 : 12,677,705,075 : 55%
2021-09-17 12:16:08 : 121,200,000 : 0 : 12,687,928,925 : 55%
2021-09-17 12:36:24 : 121,300,000 : 0 : 12,698,152,775 : 55%
2021-09-17 12:55:42 : 121,400,000 : 0 : 12,708,507,700 : 55%
2021-09-17 13:14:04 : 121,500,000 : 0 : 12,718,993,700 : 55%
2021-09-17 13:31:48 : 121,600,000 : 0 : 12,729,479,700 : 55%
2021-09-17 13:48:58 : 121,700,000 : 0 : 12,739,834,625 : 56%
2021-09-17 14:05:37 : 121,800,000 : 0 : 12,750,320,625 : 56%
2021-09-17 14:21:55 : 121,900,000 : 0 : 12,760,806,625 : 56%
2021-09-17 14:37:38 : 122,000,000 : 0 : 12,771,292,625 : 56%
2021-09-17 14:53:10 : 122,100,000 : 0 : 12,781,778,625 : 56%
2021-09-17 15:08:39 : 122,200,000 : 0 : 12,792,133,550 : 56%
2021-09-17 15:23:47 : 122,300,000 : 0 : 12,812,974,475 : 56%
2021-09-17 15:38:58 : 122,400,000 : 0 : 12,823,460,475 : 56%
2021-09-17 15:54:12 : 122,500,000 : 0 : 12,833,946,475 : 56%
2021-09-17 16:09:30 : 122,600,000 : 0 : 12,844,432,475 : 56%
2021-09-17 16:24:53 : 122,700,000 : 0 : 12,854,918,475 : 56%
2021-09-17 16:40:11 : 122,800,000 : 0 : 12,865,535,550 : 56%
2021-09-17 16:55:39 : 122,900,000 : 0 : 12,876,021,550 : 56%
2021-09-17 17:11:03 : 123,000,000 : 0 : 12,886,507,550 : 56%
2021-09-17 17:26:20 : 123,100,000 : 0 : 12,896,993,550 : 56%
2021-09-17 17:41:44 : 123,200,000 : 0 : 12,907,479,550 : 56%
2021-09-17 17:57:06 : 123,300,000 : 0 : 12,917,834,475 : 56%
2021-09-17 18:12:36 : 123,400,000 : 0 : 12,928,320,475 : 56%
2021-09-17 18:28:23 : 123,500,000 : 0 : 12,938,675,400 : 56%
2021-09-17 18:44:12 : 123,600,000 : 0 : 12,949,030,325 : 56%
2021-09-17 18:59:51 : 123,700,000 : 0 : 12,959,385,250 : 56%
2021-09-17 19:15:37 : 123,800,000 : 0 : 12,969,740,175 : 57%
2021-09-17 19:31:17 : 123,900,000 : 0 : 12,979,964,025 : 57%
2021-09-17 19:46:56 : 124,000,000 : 0 : 12,990,318,950 : 57%
2021-09-17 20:02:20 : 124,100,000 : 0 : 13,000,542,800 : 57%
2021-09-17 20:17:49 : 124,200,000 : 0 : 13,010,766,650 : 57%
2021-09-17 20:33:30 : 124,300,000 : 0 : 13,020,990,500 : 57%
2021-09-17 20:49:24 : 124,400,000 : 0 : 13,031,214,350 : 57%
2021-09-17 21:05:30 : 124,500,000 : 0 : 13,041,569,275 : 57%
2021-09-17 21:21:54 : 124,600,000 : 0 : 13,051,793,125 : 57%
2021-09-17 21:38:14 : 124,700,000 : 0 : 13,062,016,975 : 57%
2021-09-17 21:54:48 : 124,800,000 : 0 : 13,072,371,900 : 57%
2021-09-17 22:11:42 : 124,900,000 : 0 : 13,082,595,750 : 57%
2021-09-17 22:28:56 : 125,000,000 : 0 : 13,092,688,525 : 57%
2021-09-17 22:46:22 : 125,100,000 : 0 : 13,102,781,300 : 57%
2021-09-17 23:03:40 : 125,200,000 : 0 : 13,122,835,775 : 57%
2021-09-17 23:21:11 : 125,300,000 : 0 : 13,132,797,475 : 57%
2021-09-17 23:38:31 : 125,400,000 : 0 : 13,142,628,100 : 57%
2021-09-17 23:56:12 : 125,500,000 : 0 : 13,152,458,725 : 57%
2021-09-18 00:14:17 : 125,600,000 : 0 : 13,162,289,350 : 57%
2021-09-18 00:32:38 : 125,700,000 : 0 : 13,172,119,975 : 57%
2021-09-18 00:51:01 : 125,800,000 : 0 : 13,181,819,525 : 57%
2021-09-18 01:09:32 : 125,900,000 : 0 : 13,191,519,075 : 57%
2021-09-18 01:28:15 : 126,000,000 : 0 : 13,201,218,625 : 58%
2021-09-18 01:47:06 : 126,100,000 : 0 : 13,210,787,100 : 58%
2021-09-18 02:05:37 : 126,200,000 : 0 : 13,220,486,650 : 58%
2021-09-18 02:24:36 : 126,300,000 : 0 : 13,230,055,125 : 58%
2021-09-18 02:43:40 : 126,400,000 : 0 : 13,239,492,525 : 58%
2021-09-18 03:02:41 : 126,500,000 : 0 : 13,248,929,925 : 58%
2021-09-18 03:22:32 : 126,600,000 : 0 : 13,258,498,400 : 58%
2021-09-18 03:43:10 : 126,700,000 : 0 : 13,268,197,950 : 58%
2021-09-18 04:04:56 : 126,800,000 : 0 : 13,277,897,500 : 58%
2021-09-18 04:28:05 : 126,900,000 : 0 : 13,287,597,050 : 58%
2021-09-18 04:52:07 : 127,000,000 : 0 : 13,297,427,675 : 58%
2021-09-18 05:17:10 : 127,100,000 : 0 : 13,306,996,150 : 58%
2021-09-18 05:43:03 : 127,200,000 : 0 : 13,316,695,700 : 58%
2021-09-18 06:11:02 : 127,300,000 : 0 : 13,326,526,325 : 58%
2021-09-18 06:40:23 : 127,400,000 : 0 : 13,336,225,875 : 58%
2021-09-18 07:10:24 : 127,500,000 : 0 : 13,346,056,500 : 58%
2021-09-18 07:42:03 : 127,600,000 : 0 : 13,355,887,125 : 58%
2021-09-18 08:14:02 : 127,700,000 : 0 : 13,365,717,750 : 58%
2021-09-18 08:46:46 : 127,800,000 : 0 : 13,375,417,300 : 58%
2021-09-18 09:19:56 : 127,900,000 : 0 : 13,385,247,925 : 58%
2021-09-18 09:53:39 : 128,000,000 : 0 : 13,394,947,475 : 58%
2021-09-18 10:25:48 : 128,100,000 : 0 : 13,404,647,025 : 58%
2021-09-18 10:56:34 : 128,200,000 : 0 : 13,414,346,575 : 58%
2021-09-18 11:25:01 : 128,300,000 : 0 : 13,424,046,125 : 58%
2021-09-18 11:50:40 : 128,400,000 : 0 : 13,433,483,525 : 59%
2021-09-18 12:14:47 : 128,500,000 : 0 : 13,443,183,075 : 59%
2021-09-18 12:37:32 : 128,600,000 : 0 : 13,453,144,775 : 59%
2021-09-18 12:58:55 : 128,700,000 : 0 : 13,462,975,400 : 59%
2021-09-18 13:19:15 : 128,800,000 : 0 : 13,472,806,025 : 59%
2021-09-18 13:38:44 : 128,900,000 : 0 : 13,482,767,725 : 59%
2021-09-18 13:57:48 : 129,000,000 : 0 : 13,492,729,425 : 59%
2021-09-18 14:16:18 : 129,100,000 : 0 : 13,502,953,275 : 59%
2021-09-18 14:34:02 : 129,200,000 : 0 : 13,513,046,050 : 59%
2021-09-18 14:51:05 : 129,300,000 : 0 : 13,533,100,525 : 59%
2021-09-18 15:08:04 : 129,400,000 : 0 : 13,543,062,225 : 59%
2021-09-18 15:24:49 : 129,500,000 : 0 : 13,553,155,000 : 59%
2021-09-18 15:41:00 : 129,600,000 : 0 : 13,562,985,625 : 59%
2021-09-18 15:56:52 : 129,700,000 : 0 : 13,572,947,325 : 59%
2021-09-18 16:12:34 : 129,800,000 : 0 : 13,583,040,100 : 59%
2021-09-18 16:28:30 : 129,900,000 : 0 : 13,593,001,800 : 59%
2021-09-18 16:44:29 : 130,000,000 : 0 : 13,603,094,575 : 59%
2021-09-18 17:00:39 : 130,100,000 : 0 : 13,613,187,350 : 59%
2021-09-18 17:16:45 : 130,200,000 : 0 : 13,623,149,050 : 59%
2021-09-18 17:32:40 : 130,300,000 : 0 : 13,632,979,675 : 59%
2021-09-18 17:48:32 : 130,400,000 : 0 : 13,642,941,375 : 59%
2021-09-18 18:04:32 : 130,500,000 : 0 : 13,652,903,075 : 59%
2021-09-18 18:20:34 : 130,600,000 : 0 : 13,662,733,700 : 60%
2021-09-18 18:36:37 : 130,700,000 : 0 : 13,672,695,400 : 60%
2021-09-18 18:52:52 : 130,800,000 : 0 : 13,682,526,025 : 60%
2021-09-18 19:09:21 : 130,900,000 : 0 : 13,692,356,650 : 60%
2021-09-18 19:25:44 : 131,000,000 : 0 : 13,702,187,275 : 60%
2021-09-18 19:42:07 : 131,100,000 : 0 : 13,712,017,900 : 60%
2021-09-18 19:58:40 : 131,200,000 : 0 : 13,721,848,525 : 60%
2021-09-18 20:15:03 : 131,300,000 : 0 : 13,731,548,075 : 60%
2021-09-18 20:31:25 : 131,400,000 : 0 : 13,741,378,700 : 60%
2021-09-18 20:48:08 : 131,500,000 : 0 : 13,751,078,250 : 60%
2021-09-18 21:04:54 : 131,600,000 : 0 : 13,760,908,875 : 60%
2021-09-18 21:21:50 : 131,700,000 : 0 : 13,770,608,425 : 60%
2021-09-18 21:38:54 : 131,800,000 : 0 : 13,780,439,050 : 60%
2021-09-18 21:56:15 : 131,900,000 : 0 : 13,790,269,675 : 60%
2021-09-18 22:13:45 : 132,000,000 : 0 : 13,800,100,300 : 60%
2021-09-18 22:31:17 : 132,100,000 : 0 : 13,809,930,925 : 60%
2021-09-18 22:48:50 : 132,200,000 : 0 : 13,819,761,550 : 60%
2021-09-18 23:06:18 : 132,300,000 : 0 : 13,829,330,025 : 60%
2021-09-18 23:24:19 : 132,400,000 : 0 : 13,839,160,650 : 60%
2021-09-18 23:42:31 : 132,500,000 : 0 : 13,858,559,750 : 60%
2021-09-19 00:00:53 : 132,600,000 : 0 : 13,868,259,300 : 60%
2021-09-19 00:19:17 : 132,700,000 : 0 : 13,877,958,850 : 60%
2021-09-19 00:37:40 : 132,800,000 : 0 : 13,887,396,250 : 61%
2021-09-19 00:55:40 : 132,900,000 : 0 : 13,896,833,650 : 61%
2021-09-19 01:14:00 : 133,000,000 : 0 : 13,906,402,125 : 61%
2021-09-19 01:32:31 : 133,100,000 : 0 : 13,915,970,600 : 61%
2021-09-19 01:51:00 : 133,200,000 : 0 : 13,925,670,150 : 61%
2021-09-19 02:09:31 : 133,300,000 : 0 : 13,935,107,550 : 61%
2021-09-19 02:28:04 : 133,400,000 : 0 : 13,944,544,950 : 61%
2021-09-19 02:46:57 : 133,500,000 : 0 : 13,954,113,425 : 61%
2021-09-19 03:05:36 : 133,600,000 : 0 : 13,963,419,750 : 61%
2021-09-19 03:24:49 : 133,700,000 : 0 : 13,972,988,225 : 61%
2021-09-19 03:44:57 : 133,800,000 : 0 : 13,982,556,700 : 61%
2021-09-19 04:06:09 : 133,900,000 : 0 : 13,992,256,250 : 61%
2021-09-19 04:28:05 : 134,000,000 : 0 : 14,001,824,725 : 61%
2021-09-19 04:50:59 : 134,100,000 : 0 : 14,011,393,200 : 61%
2021-09-19 05:15:22 : 134,200,000 : 0 : 14,021,092,750 : 61%
2021-09-19 05:40:57 : 134,300,000 : 0 : 14,030,792,300 : 61%
2021-09-19 06:08:08 : 134,400,000 : 0 : 14,040,491,850 : 61%
2021-09-19 06:36:22 : 134,500,000 : 0 : 14,050,322,475 : 61%
2021-09-19 07:06:32 : 134,600,000 : 0 : 14,060,284,175 : 61%
2021-09-19 07:38:24 : 134,700,000 : 0 : 14,070,376,950 : 61%
2021-09-19 08:10:53 : 134,800,000 : 0 : 14,080,338,650 : 61%
2021-09-19 08:44:03 : 134,900,000 : 0 : 14,090,431,425 : 61%
2021-09-19 09:17:50 : 135,000,000 : 0 : 14,100,524,200 : 61%
2021-09-19 09:51:43 : 135,100,000 : 0 : 14,110,485,900 : 61%
2021-09-19 10:25:18 : 135,200,000 : 0 : 14,120,447,600 : 62%
2021-09-19 10:58:16 : 135,300,000 : 0 : 14,130,409,300 : 62%
2021-09-19 11:27:48 : 135,400,000 : 0 : 14,140,239,925 : 62%
2021-09-19 11:55:16 : 135,500,000 : 0 : 14,150,070,550 : 62%
2021-09-19 12:21:00 : 135,600,000 : 0 : 14,160,163,325 : 62%
2021-09-19 12:45:00 : 135,700,000 : 0 : 14,170,125,025 : 62%
2021-09-19 13:07:01 : 135,800,000 : 0 : 14,180,086,725 : 62%
2021-09-19 13:27:37 : 135,900,000 : 0 : 14,190,048,425 : 62%
2021-09-19 13:46:46 : 136,000,000 : 0 : 14,199,879,050 : 62%
2021-09-19 14:05:21 : 136,100,000 : 0 : 14,219,933,525 : 62%
2021-09-19 14:23:01 : 136,200,000 : 0 : 14,229,764,150 : 62%
2021-09-19 14:39:54 : 136,300,000 : 0 : 14,239,594,775 : 62%
2021-09-19 14:55:47 : 136,400,000 : 0 : 14,249,425,400 : 62%
2021-09-19 15:11:54 : 136,500,000 : 0 : 14,259,518,175 : 62%
2021-09-19 15:28:25 : 136,600,000 : 0 : 14,269,610,950 : 62%
2021-09-19 15:44:22 : 136,700,000 : 0 : 14,279,572,650 : 62%
2021-09-19 15:59:58 : 136,800,000 : 0 : 14,289,665,425 : 62%
2021-09-19 16:15:39 : 136,900,000 : 0 : 14,299,627,125 : 62%
2021-09-19 16:31:05 : 137,000,000 : 0 : 14,309,719,900 : 62%
2021-09-19 16:46:21 : 137,100,000 : 0 : 14,319,550,525 : 62%
2021-09-19 17:01:28 : 137,200,000 : 0 : 14,329,512,225 : 62%
2021-09-19 17:16:12 : 137,300,000 : 0 : 14,339,080,700 : 62%
2021-09-19 17:30:16 : 137,400,000 : 0 : 14,348,780,250 : 63%
2021-09-19 17:44:20 : 137,500,000 : 0 : 14,358,479,800 : 63%
2021-09-19 17:58:26 : 137,600,000 : 0 : 14,368,179,350 : 63%
2021-09-19 18:12:40 : 137,700,000 : 0 : 14,377,878,900 : 63%
2021-09-19 18:27:12 : 137,800,000 : 0 : 14,387,709,525 : 63%
2021-09-19 18:42:08 : 137,900,000 : 0 : 14,397,540,150 : 63%
2021-09-19 18:56:36 : 138,000,000 : 0 : 14,407,239,700 : 63%
2021-09-19 19:11:04 : 138,100,000 : 0 : 14,416,808,175 : 63%
2021-09-19 19:25:20 : 138,200,000 : 0 : 14,426,376,650 : 63%
2021-09-19 19:39:33 : 138,300,000 : 0 : 14,435,945,125 : 63%
2021-09-19 19:53:46 : 138,400,000 : 0 : 14,445,513,600 : 63%
2021-09-19 20:08:19 : 138,500,000 : 0 : 14,455,344,225 : 63%
2021-09-19 20:23:17 : 138,600,000 : 0 : 14,465,174,850 : 63%
2021-09-19 20:38:51 : 138,700,000 : 0 : 14,475,005,475 : 63%
2021-09-19 20:54:13 : 138,800,000 : 0 : 14,484,836,100 : 63%
2021-09-19 21:09:44 : 138,900,000 : 0 : 14,494,666,725 : 63%
2021-09-19 21:25:21 : 139,000,000 : 0 : 14,504,497,350 : 63%
2021-09-19 21:41:13 : 139,100,000 : 0 : 14,514,327,975 : 63%
2021-09-19 21:57:27 : 139,200,000 : 0 : 14,524,158,600 : 63%
2021-09-19 22:13:58 : 139,300,000 : 0 : 14,534,120,300 : 63%
2021-09-19 22:30:21 : 139,400,000 : 0 : 14,543,950,925 : 63%
2021-09-19 22:46:50 : 139,500,000 : 0 : 14,553,650,475 : 63%
2021-09-19 23:03:04 : 139,600,000 : 0 : 14,572,918,500 : 64%
2021-09-19 23:19:31 : 139,700,000 : 0 : 14,582,486,975 : 64%
2021-09-19 23:36:15 : 139,800,000 : 0 : 14,592,448,675 : 64%
2021-09-19 23:53:47 : 139,900,000 : 0 : 14,602,410,375 : 64%
2021-09-20 00:11:38 : 140,000,000 : 0 : 14,612,241,000 : 64%
2021-09-20 00:29:23 : 140,100,000 : 0 : 14,622,071,625 : 64%
2021-09-20 00:47:09 : 140,200,000 : 0 : 14,631,902,250 : 64%
2021-09-20 01:04:29 : 140,300,000 : 0 : 14,641,732,875 : 64%
2021-09-20 01:22:06 : 140,400,000 : 0 : 14,651,563,500 : 64%
2021-09-20 01:39:44 : 140,500,000 : 0 : 14,661,394,125 : 64%
2021-09-20 01:57:28 : 140,600,000 : 0 : 14,671,224,750 : 64%
2021-09-20 02:15:13 : 140,700,000 : 0 : 14,680,924,300 : 64%
2021-09-20 02:33:01 : 140,800,000 : 0 : 14,690,754,925 : 64%
2021-09-20 02:51:08 : 140,900,000 : 0 : 14,700,585,550 : 64%
2021-09-20 03:09:48 : 141,000,000 : 0 : 14,710,154,025 : 64%
2021-09-20 03:27:57 : 141,100,000 : 0 : 14,719,853,575 : 64%
2021-09-20 03:48:05 : 141,200,000 : 0 : 14,729,815,275 : 64%
2021-09-20 04:09:27 : 141,300,000 : 0 : 14,739,776,975 : 64%
2021-09-20 04:31:55 : 141,400,000 : 0 : 14,749,607,600 : 64%
2021-09-20 04:55:39 : 141,500,000 : 0 : 14,759,569,300 : 64%
2021-09-20 05:20:47 : 141,600,000 : 0 : 14,769,662,075 : 64%
2021-09-20 05:46:44 : 141,700,000 : 0 : 14,779,492,700 : 64%
2021-09-20 06:13:56 : 141,800,000 : 0 : 14,789,454,400 : 64%
2021-09-20 06:42:44 : 141,900,000 : 0 : 14,799,416,100 : 64%
2021-09-20 07:13:13 : 142,000,000 : 0 : 14,809,508,875 : 65%
2021-09-20 07:45:40 : 142,100,000 : 0 : 14,819,732,725 : 65%
2021-09-20 08:19:31 : 142,200,000 : 0 : 14,829,825,500 : 65%
2021-09-20 08:54:14 : 142,300,000 : 0 : 14,840,049,350 : 65%
2021-09-20 09:29:37 : 142,400,000 : 0 : 14,850,273,200 : 65%
2021-09-20 10:03:24 : 142,500,000 : 0 : 14,860,497,050 : 65%
2021-09-20 10:34:11 : 142,600,000 : 0 : 14,870,458,750 : 65%
2021-09-20 11:01:42 : 142,700,000 : 0 : 14,880,420,450 : 65%
2021-09-20 11:27:53 : 142,800,000 : 0 : 14,890,513,225 : 65%
2021-09-20 11:52:07 : 142,900,000 : 0 : 14,900,606,000 : 65%
2021-09-20 12:14:48 : 143,000,000 : 0 : 14,910,829,850 : 65%
2021-09-20 12:35:50 : 143,100,000 : 0 : 14,921,053,700 : 65%
2021-09-20 12:55:38 : 143,200,000 : 0 : 14,941,632,475 : 65%
2021-09-20 13:14:25 : 143,300,000 : 0 : 14,951,987,400 : 65%
2021-09-20 13:32:15 : 143,400,000 : 0 : 14,962,342,325 : 65%
2021-09-20 13:49:38 : 143,500,000 : 0 : 14,972,697,250 : 65%
2021-09-20 14:06:30 : 143,600,000 : 0 : 14,983,052,175 : 65%
2021-09-20 14:22:51 : 143,700,000 : 0 : 14,993,538,175 : 65%
2021-09-20 14:38:56 : 143,800,000 : 0 : 15,003,893,100 : 65%
2021-09-20 14:54:40 : 143,900,000 : 0 : 15,014,248,025 : 65%
2021-09-20 15:10:13 : 144,000,000 : 0 : 15,024,602,950 : 65%
2021-09-20 15:25:38 : 144,100,000 : 0 : 15,035,088,950 : 66%
2021-09-20 15:40:59 : 144,200,000 : 0 : 15,045,574,950 : 66%
2021-09-20 15:56:07 : 144,300,000 : 0 : 15,056,192,025 : 66%
2021-09-20 16:11:13 : 144,400,000 : 0 : 15,066,546,950 : 66%
2021-09-20 16:26:01 : 144,500,000 : 0 : 15,076,901,875 : 66%
2021-09-20 16:40:43 : 144,600,000 : 0 : 15,087,387,875 : 66%
2021-09-20 16:55:29 : 144,700,000 : 0 : 15,097,742,800 : 66%
2021-09-20 17:10:25 : 144,800,000 : 0 : 15,108,228,800 : 66%
2021-09-20 17:25:29 : 144,900,000 : 0 : 15,118,714,800 : 66%
2021-09-20 17:40:31 : 145,000,000 : 0 : 15,129,069,725 : 66%
2021-09-20 17:55:22 : 145,100,000 : 0 : 15,139,555,725 : 66%
2021-09-20 18:10:38 : 145,200,000 : 0 : 15,149,910,650 : 66%
2021-09-20 18:25:52 : 145,300,000 : 0 : 15,160,396,650 : 66%
2021-09-20 18:40:57 : 145,400,000 : 0 : 15,170,751,575 : 66%
2021-09-20 18:55:58 : 145,500,000 : 0 : 15,181,106,500 : 66%
2021-09-20 19:11:03 : 145,600,000 : 0 : 15,191,592,500 : 66%
2021-09-20 19:26:06 : 145,700,000 : 0 : 15,201,947,425 : 66%
2021-09-20 19:41:06 : 145,800,000 : 0 : 15,212,302,350 : 66%
2021-09-20 19:56:04 : 145,900,000 : 0 : 15,222,788,350 : 66%
2021-09-20 20:11:15 : 146,000,000 : 0 : 15,243,498,200 : 66%
2021-09-20 20:26:21 : 146,100,000 : 0 : 15,253,853,125 : 66%
2021-09-20 20:41:28 : 146,200,000 : 0 : 15,264,208,050 : 67%
2021-09-20 20:56:35 : 146,300,000 : 0 : 15,274,431,900 : 67%
2021-09-20 21:12:02 : 146,400,000 : 0 : 15,284,786,825 : 67%
2021-09-20 21:27:55 : 146,500,000 : 0 : 15,295,272,825 : 67%
2021-09-20 21:44:07 : 146,600,000 : 0 : 15,305,496,675 : 67%
2021-09-20 22:00:37 : 146,700,000 : 0 : 15,315,851,600 : 67%
2021-09-20 22:17:20 : 146,800,000 : 0 : 15,326,206,525 : 67%
2021-09-20 22:34:21 : 146,900,000 : 0 : 15,336,561,450 : 67%
2021-09-20 22:51:22 : 147,000,000 : 0 : 15,346,916,375 : 67%
2021-09-20 23:08:23 : 147,100,000 : 0 : 15,357,009,150 : 67%
2021-09-20 23:25:37 : 147,200,000 : 0 : 15,367,101,925 : 67%
2021-09-20 23:43:07 : 147,300,000 : 0 : 15,377,325,775 : 67%
2021-09-21 00:00:43 : 147,400,000 : 0 : 15,387,418,550 : 67%
2021-09-21 00:18:23 : 147,500,000 : 0 : 15,397,380,250 : 67%
2021-09-21 00:35:26 : 147,600,000 : 0 : 15,407,210,875 : 67%
2021-09-21 00:52:25 : 147,700,000 : 0 : 15,417,041,500 : 67%
2021-09-21 01:09:13 : 147,800,000 : 0 : 15,427,003,200 : 67%
2021-09-21 01:26:19 : 147,900,000 : 0 : 15,436,702,750 : 67%
2021-09-21 01:43:14 : 148,000,000 : 0 : 15,446,533,375 : 67%
2021-09-21 02:00:02 : 148,100,000 : 0 : 15,456,364,000 : 67%
2021-09-21 02:17:14 : 148,200,000 : 0 : 15,466,063,550 : 67%
2021-09-21 02:34:15 : 148,300,000 : 0 : 15,475,763,100 : 67%
2021-09-21 02:51:35 : 148,400,000 : 0 : 15,485,593,725 : 67%
2021-09-21 03:09:45 : 148,500,000 : 0 : 15,495,424,350 : 68%
2021-09-21 03:29:18 : 148,600,000 : 0 : 15,505,386,050 : 68%
2021-09-21 03:49:45 : 148,700,000 : 0 : 15,515,347,750 : 68%
2021-09-21 04:11:05 : 148,800,000 : 0 : 15,525,440,525 : 68%
2021-09-21 04:33:49 : 148,900,000 : 0 : 15,535,402,225 : 68%
2021-09-21 04:57:23 : 149,000,000 : 0 : 15,545,495,000 : 68%
2021-09-21 05:22:35 : 149,100,000 : 0 : 15,555,325,625 : 68%
2021-09-21 05:48:37 : 149,200,000 : 0 : 15,565,287,325 : 68%
2021-09-21 06:16:23 : 149,300,000 : 0 : 15,585,603,950 : 68%
2021-09-21 06:46:20 : 149,400,000 : 0 : 15,595,696,725 : 68%
2021-09-21 07:18:08 : 149,500,000 : 0 : 15,606,051,650 : 68%
2021-09-21 07:52:19 : 149,600,000 : 0 : 15,616,275,500 : 68%
2021-09-21 08:27:57 : 149,700,000 : 0 : 15,626,499,350 : 68%
2021-09-21 09:04:22 : 149,800,000 : 0 : 15,636,723,200 : 68%
2021-09-21 09:39:38 : 149,900,000 : 0 : 15,646,947,050 : 68%
2021-09-21 10:13:12 : 150,000,000 : 0 : 15,657,170,900 : 68%
2021-09-21 10:43:49 : 150,100,000 : 0 : 15,667,263,675 : 68%
2021-09-21 11:12:05 : 150,200,000 : 0 : 15,677,356,450 : 68%
2021-09-21 11:37:04 : 150,300,000 : 0 : 15,687,449,225 : 68%
2021-09-21 12:00:20 : 150,400,000 : 0 : 15,697,673,075 : 68%
2021-09-21 12:22:24 : 150,500,000 : 0 : 15,708,028,000 : 68%
2021-09-21 12:43:11 : 150,600,000 : 0 : 15,718,251,850 : 68%
2021-09-21 13:02:31 : 150,700,000 : 0 : 15,728,737,850 : 69%
2021-09-21 13:20:56 : 150,800,000 : 0 : 15,739,092,775 : 69%
2021-09-21 13:38:39 : 150,900,000 : 0 : 15,749,578,775 : 69%
2021-09-21 13:55:43 : 151,000,000 : 0 : 15,760,064,775 : 69%
2021-09-21 14:12:18 : 151,100,000 : 0 : 15,770,550,775 : 69%
2021-09-21 14:28:18 : 151,200,000 : 0 : 15,780,905,700 : 69%
2021-09-21 14:44:00 : 151,300,000 : 0 : 15,791,391,700 : 69%
2021-09-21 14:59:25 : 151,400,000 : 0 : 15,801,877,700 : 69%
2021-09-21 15:14:47 : 151,500,000 : 0 : 15,812,232,625 : 69%
2021-09-21 15:30:00 : 151,600,000 : 0 : 15,822,718,625 : 69%
2021-09-21 15:45:03 : 151,700,000 : 0 : 15,833,204,625 : 69%
2021-09-21 16:00:04 : 151,800,000 : 0 : 15,843,821,700 : 69%
2021-09-21 16:14:59 : 151,900,000 : 0 : 15,854,176,625 : 69%
2021-09-21 16:29:42 : 152,000,000 : 0 : 15,864,531,550 : 69%
2021-09-21 16:44:17 : 152,100,000 : 0 : 15,885,372,475 : 69%
2021-09-21 16:58:55 : 152,200,000 : 0 : 15,895,727,400 : 69%
2021-09-21 17:13:53 : 152,300,000 : 0 : 15,906,213,400 : 69%
2021-09-21 17:28:50 : 152,400,000 : 0 : 15,916,699,400 : 69%
2021-09-21 17:44:03 : 152,500,000 : 0 : 15,927,185,400 : 69%
2021-09-21 17:59:08 : 152,600,000 : 0 : 15,937,540,325 : 69%
2021-09-21 18:14:20 : 152,700,000 : 0 : 15,947,895,250 : 69%
2021-09-21 18:29:22 : 152,800,000 : 0 : 15,958,250,175 : 70%
2021-09-21 18:44:38 : 152,900,000 : 0 : 15,968,736,175 : 70%
2021-09-21 18:59:47 : 153,000,000 : 0 : 15,979,091,100 : 70%
2021-09-21 19:14:54 : 153,100,000 : 0 : 15,989,446,025 : 70%
2021-09-21 19:29:45 : 153,200,000 : 0 : 15,999,669,875 : 70%
2021-09-21 19:44:47 : 153,300,000 : 0 : 16,010,155,875 : 70%
2021-09-21 19:59:33 : 153,400,000 : 0 : 16,020,379,725 : 70%
2021-09-21 20:14:38 : 153,500,000 : 0 : 16,030,734,650 : 70%
2021-09-21 20:29:52 : 153,600,000 : 0 : 16,041,089,575 : 70%
2021-09-21 20:45:10 : 153,700,000 : 0 : 16,051,444,500 : 70%
2021-09-21 21:00:25 : 153,800,000 : 0 : 16,061,799,425 : 70%
2021-09-21 21:16:09 : 153,900,000 : 0 : 16,072,023,275 : 70%
2021-09-21 21:31:57 : 154,000,000 : 0 : 16,082,378,200 : 70%
2021-09-21 21:48:03 : 154,100,000 : 0 : 16,092,602,050 : 70%
2021-09-21 22:04:22 : 154,200,000 : 0 : 16,102,825,900 : 70%
2021-09-21 22:21:04 : 154,300,000 : 0 : 16,113,049,750 : 70%
2021-09-21 22:38:00 : 154,400,000 : 0 : 16,123,404,675 : 70%
2021-09-21 22:55:11 : 154,500,000 : 0 : 16,133,628,525 : 70%
2021-09-21 23:12:27 : 154,600,000 : 0 : 16,143,721,300 : 70%
2021-09-21 23:29:23 : 154,700,000 : 0 : 16,153,814,075 : 70%
2021-09-21 23:46:28 : 154,800,000 : 0 : 16,163,775,775 : 70%
2021-09-22 00:03:54 : 154,900,000 : 0 : 16,183,961,325 : 71%
2021-09-22 00:21:32 : 155,000,000 : 0 : 16,194,054,100 : 71%
2021-09-22 00:39:05 : 155,100,000 : 0 : 16,204,015,800 : 71%
2021-09-22 00:56:27 : 155,200,000 : 0 : 16,213,977,500 : 71%
2021-09-22 01:13:49 : 155,300,000 : 0 : 16,223,808,125 : 71%
2021-09-22 01:31:08 : 155,400,000 : 0 : 16,233,769,825 : 71%
2021-09-22 01:48:26 : 155,500,000 : 0 : 16,243,731,525 : 71%
2021-09-22 02:05:52 : 155,600,000 : 0 : 16,253,693,225 : 71%
2021-09-22 02:23:47 : 155,700,000 : 0 : 16,263,654,925 : 71%
2021-09-22 02:42:01 : 155,800,000 : 0 : 16,273,616,625 : 71%
2021-09-22 03:01:10 : 155,900,000 : 0 : 16,283,709,400 : 71%
2021-09-22 03:20:31 : 156,000,000 : 0 : 16,293,671,100 : 71%
2021-09-22 03:40:39 : 156,100,000 : 0 : 16,303,632,800 : 71%
2021-09-22 04:01:45 : 156,200,000 : 0 : 16,313,594,500 : 71%
2021-09-22 04:24:00 : 156,300,000 : 0 : 16,323,556,200 : 71%
2021-09-22 04:47:24 : 156,400,000 : 0 : 16,333,517,900 : 71%
2021-09-22 05:12:01 : 156,500,000 : 0 : 16,343,610,675 : 71%
2021-09-22 05:38:01 : 156,600,000 : 0 : 16,353,572,375 : 71%
2021-09-22 06:05:10 : 156,700,000 : 0 : 16,363,665,150 : 71%
2021-09-22 06:34:06 : 156,800,000 : 0 : 16,373,757,925 : 71%
2021-09-22 07:04:30 : 156,900,000 : 0 : 16,383,981,775 : 71%
2021-09-22 07:37:23 : 157,000,000 : 0 : 16,394,205,625 : 71%
2021-09-22 08:11:42 : 157,100,000 : 0 : 16,404,429,475 : 71%
2021-09-22 08:46:32 : 157,200,000 : 0 : 16,414,784,400 : 72%
2021-09-22 09:21:47 : 157,300,000 : 0 : 16,425,008,250 : 72%
2021-09-22 09:56:05 : 157,400,000 : 0 : 16,435,232,100 : 72%
2021-09-22 10:27:56 : 157,500,000 : 0 : 16,445,455,950 : 72%
2021-09-22 10:57:02 : 157,600,000 : 0 : 16,455,679,800 : 72%
2021-09-22 11:23:43 : 157,700,000 : 0 : 16,465,903,650 : 72%
2021-09-22 11:47:51 : 157,800,000 : 0 : 16,475,996,425 : 72%
2021-09-22 12:10:06 : 157,900,000 : 0 : 16,486,220,275 : 72%
2021-09-22 12:31:00 : 158,000,000 : 0 : 16,496,444,125 : 72%
2021-09-22 12:50:36 : 158,100,000 : 0 : 16,517,285,050 : 72%
2021-09-22 13:09:22 : 158,200,000 : 0 : 16,527,771,050 : 72%
2021-09-22 13:27:23 : 158,300,000 : 0 : 16,538,125,975 : 72%
2021-09-22 13:44:42 : 158,400,000 : 0 : 16,548,480,900 : 72%
2021-09-22 14:01:21 : 158,500,000 : 0 : 16,558,966,900 : 72%
2021-09-22 14:17:37 : 158,600,000 : 0 : 16,569,452,900 : 72%
2021-09-22 14:33:25 : 158,700,000 : 0 : 16,579,807,825 : 72%
2021-09-22 14:48:40 : 158,800,000 : 0 : 16,590,293,825 : 72%
2021-09-22 15:03:41 : 158,900,000 : 0 : 16,600,648,750 : 72%
2021-09-22 15:18:56 : 159,000,000 : 0 : 16,611,134,750 : 72%
2021-09-22 15:33:53 : 159,100,000 : 0 : 16,621,620,750 : 72%
2021-09-22 15:48:48 : 159,200,000 : 0 : 16,632,106,750 : 72%
2021-09-22 16:03:26 : 159,300,000 : 0 : 16,642,592,750 : 73%
2021-09-22 16:18:19 : 159,400,000 : 0 : 16,653,078,750 : 73%
2021-09-22 16:33:05 : 159,500,000 : 0 : 16,663,564,750 : 73%
2021-09-22 16:47:45 : 159,600,000 : 0 : 16,674,050,750 : 73%
2021-09-22 17:02:32 : 159,700,000 : 0 : 16,684,405,675 : 73%
2021-09-22 17:17:26 : 159,800,000 : 0 : 16,694,891,675 : 73%
2021-09-22 17:32:10 : 159,900,000 : 0 : 16,705,377,675 : 73%
2021-09-22 17:46:59 : 160,000,000 : 0 : 16,715,732,600 : 73%
2021-09-22 18:01:32 : 160,100,000 : 0 : 16,726,087,525 : 73%
2021-09-22 18:16:22 : 160,200,000 : 0 : 16,736,573,525 : 73%
2021-09-22 18:31:07 : 160,300,000 : 0 : 16,746,928,450 : 73%
2021-09-22 18:45:54 : 160,400,000 : 0 : 16,757,283,375 : 73%
2021-09-22 19:00:28 : 160,500,000 : 0 : 16,767,507,225 : 73%
2021-09-22 19:15:18 : 160,600,000 : 0 : 16,777,862,150 : 73%
2021-09-22 19:29:55 : 160,700,000 : 0 : 16,788,086,000 : 73%
2021-09-22 19:44:27 : 160,800,000 : 0 : 16,808,664,775 : 73%
2021-09-22 20:03:15 : 160,900,000 : 0 : 16,818,626,475 : 73%
2021-09-22 20:29:41 : 161,000,000 : 0 : 16,828,063,875 : 73%
2021-09-22 21:03:33 : 161,100,000 : 0 : 16,837,763,425 : 73%
2021-09-22 21:32:03 : 161,200,000 : 0 : 16,847,462,975 : 73%
2021-09-22 22:12:54 : 161,300,000 : 0 : 16,857,424,675 : 73%
2021-09-22 22:29:43 : 161,400,000 : 0 : 16,867,386,375 : 74%
2021-09-22 22:46:20 : 161,500,000 : 0 : 16,877,479,150 : 74%
2021-09-22 23:03:13 : 161,600,000 : 0 : 16,887,571,925 : 74%
2021-09-22 23:20:28 : 161,700,000 : 0 : 16,897,664,700 : 74%
2021-09-22 23:37:54 : 161,800,000 : 0 : 16,907,626,400 : 74%
2021-09-22 23:55:23 : 161,900,000 : 0 : 16,917,588,100 : 74%
2021-09-23 00:12:43 : 162,000,000 : 0 : 16,927,418,725 : 74%
2021-09-23 00:30:13 : 162,100,000 : 0 : 16,937,249,350 : 74%
2021-09-23 00:47:28 : 162,200,000 : 0 : 16,947,079,975 : 74%
2021-09-23 01:04:49 : 162,300,000 : 0 : 16,956,779,525 : 74%
2021-09-23 01:22:12 : 162,400,000 : 0 : 16,966,610,150 : 74%
2021-09-23 01:39:45 : 162,500,000 : 0 : 16,976,440,775 : 74%
2021-09-23 01:57:22 : 162,600,000 : 0 : 16,986,140,325 : 74%
2021-09-23 02:15:09 : 162,700,000 : 0 : 16,995,970,950 : 74%
2021-09-23 02:33:24 : 162,800,000 : 0 : 17,005,801,575 : 74%
2021-09-23 02:52:05 : 162,900,000 : 0 : 17,015,632,200 : 74%
2021-09-23 03:11:06 : 163,000,000 : 0 : 17,025,593,900 : 74%
2021-09-23 03:30:38 : 163,100,000 : 0 : 17,035,424,525 : 74%
2021-09-23 03:50:45 : 163,200,000 : 0 : 17,045,386,225 : 74%
2021-09-23 04:11:42 : 163,300,000 : 0 : 17,055,216,850 : 74%
2021-09-23 04:34:11 : 163,400,000 : 0 : 17,065,309,625 : 74%
2021-09-23 04:57:52 : 163,500,000 : 0 : 17,075,271,325 : 74%
2021-09-23 05:22:48 : 163,600,000 : 0 : 17,085,233,025 : 74%
2021-09-23 05:49:14 : 163,700,000 : 0 : 17,095,325,800 : 74%
2021-09-23 06:16:54 : 163,800,000 : 0 : 17,105,418,575 : 75%
2021-09-23 06:45:49 : 163,900,000 : 0 : 17,115,511,350 : 75%
2021-09-23 07:16:00 : 164,000,000 : 0 : 17,125,604,125 : 75%
2021-09-23 07:48:27 : 164,100,000 : 0 : 17,146,051,825 : 75%
2021-09-23 08:22:29 : 164,200,000 : 0 : 17,156,275,675 : 75%
2021-09-23 08:57:20 : 164,300,000 : 0 : 17,166,499,525 : 75%
2021-09-23 09:31:42 : 164,400,000 : 0 : 17,176,723,375 : 75%
2021-09-23 10:04:37 : 164,500,000 : 0 : 17,186,816,150 : 75%
2021-09-23 10:34:49 : 164,600,000 : 0 : 17,197,040,000 : 75%
2021-09-23 11:02:46 : 164,700,000 : 0 : 17,207,132,775 : 75%
2021-09-23 11:28:28 : 164,800,000 : 0 : 17,217,225,550 : 75%
2021-09-23 11:52:03 : 164,900,000 : 0 : 17,227,449,400 : 75%
2021-09-23 12:14:35 : 165,000,000 : 0 : 17,237,804,325 : 75%
2021-09-23 12:35:27 : 165,100,000 : 0 : 17,248,159,250 : 75%
2021-09-23 12:54:58 : 165,200,000 : 0 : 17,258,645,250 : 75%
2021-09-23 13:13:38 : 165,300,000 : 0 : 17,269,000,175 : 75%
2021-09-23 13:31:22 : 165,400,000 : 0 : 17,279,486,175 : 75%
2021-09-23 13:48:29 : 165,500,000 : 0 : 17,289,841,100 : 75%
2021-09-23 14:04:59 : 165,600,000 : 0 : 17,300,196,025 : 75%
2021-09-23 14:21:07 : 165,700,000 : 0 : 17,310,682,025 : 75%
2021-09-23 14:36:55 : 165,800,000 : 0 : 17,321,168,025 : 75%
2021-09-23 14:52:35 : 165,900,000 : 0 : 17,331,654,025 : 76%
2021-09-23 15:08:06 : 166,000,000 : 0 : 17,342,008,950 : 76%
2021-09-23 15:23:31 : 166,100,000 : 0 : 17,352,494,950 : 76%
2021-09-23 15:39:00 : 166,200,000 : 0 : 17,363,112,025 : 76%
2021-09-23 15:54:24 : 166,300,000 : 0 : 17,373,598,025 : 76%
2021-09-23 16:09:51 : 166,400,000 : 0 : 17,384,084,025 : 76%
2021-09-23 16:25:07 : 166,500,000 : 0 : 17,394,570,025 : 76%
2021-09-23 16:40:22 : 166,600,000 : 0 : 17,405,056,025 : 76%
2021-09-23 16:55:19 : 166,700,000 : 0 : 17,415,410,950 : 76%
2021-09-23 17:10:23 : 166,800,000 : 0 : 17,436,120,800 : 76%
2021-09-23 17:25:42 : 166,900,000 : 0 : 17,446,606,800 : 76%
2021-09-23 17:40:48 : 167,000,000 : 0 : 17,456,961,725 : 76%
2021-09-23 17:56:01 : 167,100,000 : 0 : 17,467,316,650 : 76%
2021-09-23 18:11:37 : 167,200,000 : 0 : 17,477,671,575 : 76%
2021-09-23 18:27:00 : 167,300,000 : 0 : 17,488,026,500 : 76%
2021-09-23 18:42:15 : 167,400,000 : 0 : 17,498,381,425 : 76%
2021-09-23 18:57:28 : 167,500,000 : 0 : 17,508,736,350 : 76%
2021-09-23 19:12:53 : 167,600,000 : 0 : 17,519,222,350 : 76%
2021-09-23 19:28:26 : 167,700,000 : 0 : 17,529,577,275 : 76%
2021-09-23 19:43:59 : 167,800,000 : 0 : 17,539,932,200 : 76%
2021-09-23 20:02:08 : 167,900,000 : 0 : 17,550,418,200 : 76%
2021-09-23 20:20:03 : 168,000,000 : 0 : 17,560,773,125 : 77%
2021-09-23 20:36:31 : 168,100,000 : 0 : 17,570,996,975 : 77%
2021-09-23 20:52:35 : 168,200,000 : 0 : 17,581,351,900 : 77%
2021-09-23 21:08:46 : 168,300,000 : 0 : 17,591,575,750 : 77%
2021-09-23 21:25:03 : 168,400,000 : 0 : 17,601,799,600 : 77%
2021-09-23 21:41:34 : 168,500,000 : 0 : 17,612,023,450 : 77%
2021-09-23 21:57:59 : 168,600,000 : 0 : 17,622,116,225 : 77%
2021-09-23 22:15:03 : 168,700,000 : 0 : 17,632,340,075 : 77%
2021-09-23 22:32:11 : 168,800,000 : 0 : 17,642,301,775 : 77%
2021-09-23 22:49:19 : 168,900,000 : 0 : 17,652,263,475 : 77%
2021-09-23 23:06:18 : 169,000,000 : 0 : 17,662,225,175 : 77%
2021-09-23 23:23:50 : 169,100,000 : 0 : 17,672,317,950 : 77%
2021-09-23 23:41:39 : 169,200,000 : 0 : 17,682,279,650 : 77%
2021-09-23 23:59:37 : 169,300,000 : 0 : 17,692,372,425 : 77%
2021-09-24 00:17:42 : 169,400,000 : 0 : 17,702,203,050 : 77%
2021-09-24 00:35:46 : 169,500,000 : 0 : 17,712,033,675 : 77%
2021-09-24 00:53:33 : 169,600,000 : 0 : 17,721,864,300 : 77%
2021-09-24 01:11:25 : 169,700,000 : 0 : 17,741,394,475 : 77%
2021-09-24 01:29:22 : 169,800,000 : 0 : 17,751,225,100 : 77%
2021-09-24 01:47:25 : 169,900,000 : 0 : 17,761,055,725 : 77%
2021-09-24 02:05:41 : 170,000,000 : 0 : 17,770,886,350 : 77%
2021-09-24 02:24:04 : 170,100,000 : 0 : 17,780,716,975 : 77%
2021-09-24 02:42:55 : 170,200,000 : 0 : 17,790,547,600 : 78%
2021-09-24 03:02:22 : 170,300,000 : 0 : 17,800,247,150 : 78%
2021-09-24 03:22:14 : 170,400,000 : 0 : 17,810,208,850 : 78%
2021-09-24 03:43:12 : 170,500,000 : 0 : 17,820,170,550 : 78%
2021-09-24 04:04:54 : 170,600,000 : 0 : 17,830,001,175 : 78%
2021-09-24 04:27:36 : 170,700,000 : 0 : 17,839,962,875 : 78%
2021-09-24 04:51:39 : 170,800,000 : 0 : 17,850,055,650 : 78%
2021-09-24 05:17:01 : 170,900,000 : 0 : 17,859,886,275 : 78%
2021-09-24 05:42:59 : 171,000,000 : 0 : 17,869,847,975 : 78%
2021-09-24 06:10:18 : 171,100,000 : 0 : 17,879,940,750 : 78%
2021-09-24 06:39:35 : 171,200,000 : 0 : 17,890,033,525 : 78%
2021-09-24 07:10:26 : 171,300,000 : 0 : 17,899,995,225 : 78%
2021-09-24 07:43:14 : 171,400,000 : 0 : 17,910,219,075 : 78%
2021-09-24 08:17:27 : 171,500,000 : 0 : 17,920,442,925 : 78%
2021-09-24 08:52:21 : 171,600,000 : 0 : 17,930,535,700 : 78%
2021-09-24 09:27:17 : 171,700,000 : 0 : 17,940,628,475 : 78%
2021-09-24 10:00:51 : 171,800,000 : 0 : 17,950,721,250 : 78%
2021-09-24 10:31:39 : 171,900,000 : 0 : 17,960,682,950 : 78%
2021-09-24 11:00:01 : 172,000,000 : 0 : 17,970,775,725 : 78%
2021-09-24 11:25:24 : 172,100,000 : 0 : 17,980,606,350 : 78%
2021-09-24 11:48:49 : 172,200,000 : 0 : 17,990,699,125 : 78%
2021-09-24 12:11:10 : 172,300,000 : 0 : 18,000,791,900 : 78%
2021-09-24 12:32:24 : 172,400,000 : 0 : 18,011,015,750 : 78%
2021-09-24 12:52:19 : 172,500,000 : 0 : 18,021,239,600 : 79%
2021-09-24 13:11:10 : 172,600,000 : 0 : 18,031,594,525 : 79%
2021-09-24 13:29:16 : 172,700,000 : 0 : 18,041,949,450 : 79%
2021-09-24 13:46:47 : 172,800,000 : 0 : 18,052,173,300 : 79%
2021-09-24 14:03:42 : 172,900,000 : 0 : 18,062,528,225 : 79%
2021-09-24 14:20:12 : 173,000,000 : 0 : 18,083,369,150 : 79%
2021-09-24 14:36:31 : 173,100,000 : 0 : 18,093,724,075 : 79%
2021-09-24 14:52:16 : 173,200,000 : 0 : 18,104,079,000 : 79%
2021-09-24 15:07:59 : 173,300,000 : 0 : 18,114,565,000 : 79%
2021-09-24 15:23:38 : 173,400,000 : 0 : 18,124,919,925 : 79%
2021-09-24 15:39:12 : 173,500,000 : 0 : 18,135,274,850 : 79%
2021-09-24 15:54:29 : 173,600,000 : 0 : 18,145,629,775 : 79%
2021-09-24 16:09:41 : 173,700,000 : 0 : 18,155,984,700 : 79%
2021-09-24 16:25:00 : 173,800,000 : 0 : 18,166,339,625 : 79%
2021-09-24 16:40:23 : 173,900,000 : 0 : 18,176,694,550 : 79%
2021-09-24 16:55:46 : 174,000,000 : 0 : 18,187,180,550 : 79%
2021-09-24 17:11:31 : 174,100,000 : 0 : 18,197,535,475 : 79%
2021-09-24 17:27:13 : 174,200,000 : 0 : 18,207,890,400 : 79%
2021-09-24 17:42:58 : 174,300,000 : 0 : 18,218,114,250 : 79%
2021-09-24 17:58:45 : 174,400,000 : 0 : 18,228,600,250 : 79%
2021-09-24 18:14:48 : 174,500,000 : 0 : 18,238,955,175 : 79%
2021-09-24 18:30:53 : 174,600,000 : 0 : 18,249,310,100 : 80%
2021-09-24 18:46:59 : 174,700,000 : 0 : 18,259,533,950 : 80%
2021-09-24 19:02:59 : 174,800,000 : 0 : 18,269,888,875 : 80%
2021-09-24 19:19:10 : 174,900,000 : 0 : 18,280,112,725 : 80%
2021-09-24 19:35:22 : 175,000,000 : 0 : 18,290,336,575 : 80%
2021-09-24 19:51:34 : 175,100,000 : 0 : 18,300,560,425 : 80%
2021-09-24 20:07:37 : 175,200,000 : 0 : 18,310,784,275 : 80%
2021-09-24 20:24:03 : 175,300,000 : 0 : 18,321,008,125 : 80%
2021-09-24 20:40:39 : 175,400,000 : 0 : 18,331,363,050 : 80%
2021-09-24 20:57:24 : 175,500,000 : 0 : 18,341,586,900 : 80%
2021-09-24 21:14:18 : 175,600,000 : 0 : 18,351,679,675 : 80%
2021-09-24 21:31:31 : 175,700,000 : 0 : 18,361,903,525 : 80%
2021-09-24 21:48:53 : 175,800,000 : 0 : 18,382,220,150 : 80%
2021-09-24 22:06:20 : 175,900,000 : 0 : 18,392,181,850 : 80%
2021-09-24 22:24:10 : 176,000,000 : 0 : 18,402,143,550 : 80%
2021-09-24 22:42:15 : 176,100,000 : 0 : 18,412,236,325 : 80%
2021-09-24 23:00:48 : 176,200,000 : 0 : 18,422,198,025 : 80%
2021-09-24 23:19:36 : 176,300,000 : 0 : 18,432,159,725 : 80%
2021-09-24 23:38:40 : 176,400,000 : 0 : 18,441,990,350 : 80%
2021-09-24 23:58:03 : 176,500,000 : 0 : 18,451,952,050 : 80%
2021-09-25 00:17:42 : 176,600,000 : 0 : 18,461,913,750 : 80%
2021-09-25 00:37:23 : 176,700,000 : 0 : 18,471,744,375 : 80%
2021-09-25 00:57:16 : 176,800,000 : 0 : 18,481,443,925 : 81%
2021-09-25 01:16:54 : 176,900,000 : 0 : 18,491,143,475 : 81%
2021-09-25 01:36:47 : 177,000,000 : 0 : 18,500,974,100 : 81%
2021-09-25 01:56:32 : 177,100,000 : 0 : 18,510,673,650 : 81%
2021-09-25 02:16:18 : 177,200,000 : 0 : 18,520,242,125 : 81%
2021-09-25 02:35:57 : 177,300,000 : 0 : 18,529,810,600 : 81%
2021-09-25 02:56:17 : 177,400,000 : 0 : 18,539,510,150 : 81%
2021-09-25 03:17:33 : 177,500,000 : 0 : 18,549,078,625 : 81%
2021-09-25 03:39:09 : 177,600,000 : 0 : 18,558,778,175 : 81%
2021-09-25 04:01:32 : 177,700,000 : 0 : 18,568,477,725 : 81%
2021-09-25 04:25:18 : 177,800,000 : 0 : 18,578,308,350 : 81%
2021-09-25 04:50:17 : 177,900,000 : 0 : 18,587,876,825 : 81%
2021-09-25 05:16:13 : 178,000,000 : 0 : 18,597,576,375 : 81%
2021-09-25 05:43:11 : 178,100,000 : 0 : 18,607,275,925 : 81%
2021-09-25 06:12:18 : 178,200,000 : 0 : 18,617,106,550 : 81%
2021-09-25 06:42:40 : 178,300,000 : 0 : 18,626,937,175 : 81%
2021-09-25 07:14:06 : 178,400,000 : 0 : 18,636,767,800 : 81%
2021-09-25 07:46:09 : 178,500,000 : 0 : 18,646,598,425 : 81%
2021-09-25 08:19:05 : 178,600,000 : 0 : 18,656,429,050 : 81%
2021-09-25 08:53:02 : 178,700,000 : 0 : 18,666,259,675 : 81%
2021-09-25 09:27:10 : 178,800,000 : 0 : 18,675,828,150 : 81%
2021-09-25 10:00:39 : 178,900,000 : 0 : 18,685,527,700 : 81%
2021-09-25 10:33:41 : 179,000,000 : 0 : 18,695,227,250 : 81%
2021-09-25 11:04:54 : 179,100,000 : 0 : 18,705,057,875 : 82%
2021-09-25 11:33:21 : 179,200,000 : 0 : 18,714,757,425 : 82%
2021-09-25 11:59:23 : 179,300,000 : 0 : 18,724,325,900 : 82%
2021-09-25 12:23:43 : 179,400,000 : 0 : 18,743,987,150 : 82%
2021-09-25 12:46:35 : 179,500,000 : 0 : 18,753,686,700 : 82%
2021-09-25 13:07:31 : 179,600,000 : 0 : 18,763,386,250 : 82%
2021-09-25 13:27:05 : 179,700,000 : 0 : 18,773,216,875 : 82%
2021-09-25 13:45:59 : 179,800,000 : 0 : 18,783,309,650 : 82%
2021-09-25 14:05:00 : 179,900,000 : 0 : 18,793,271,350 : 82%
2021-09-25 14:23:25 : 180,000,000 : 0 : 18,803,233,050 : 82%
2021-09-25 14:41:21 : 180,100,000 : 0 : 18,813,325,825 : 82%
2021-09-25 14:59:15 : 180,200,000 : 0 : 18,823,418,600 : 82%
2021-09-25 15:17:10 : 180,300,000 : 0 : 18,833,642,450 : 82%
2021-09-25 15:34:25 : 180,400,000 : 0 : 18,843,735,225 : 82%
2021-09-25 15:51:30 : 180,500,000 : 0 : 18,853,828,000 : 82%
2021-09-25 16:08:35 : 180,600,000 : 0 : 18,863,920,775 : 82%
2021-09-25 16:25:38 : 180,700,000 : 0 : 18,874,013,550 : 82%
2021-09-25 16:42:08 : 180,800,000 : 0 : 18,883,975,250 : 82%
2021-09-25 16:58:45 : 180,900,000 : 0 : 18,893,936,950 : 82%
2021-09-25 17:15:18 : 181,000,000 : 0 : 18,903,898,650 : 82%
2021-09-25 17:31:58 : 181,100,000 : 0 : 18,913,991,425 : 82%
2021-09-25 17:48:54 : 181,200,000 : 0 : 18,923,953,125 : 82%
2021-09-25 18:05:49 : 181,300,000 : 0 : 18,933,914,825 : 83%
2021-09-25 18:22:34 : 181,400,000 : 0 : 18,943,745,450 : 83%
2021-09-25 18:39:40 : 181,500,000 : 0 : 18,953,576,075 : 83%
2021-09-25 18:57:11 : 181,600,000 : 0 : 18,963,537,775 : 83%
2021-09-25 19:14:57 : 181,700,000 : 0 : 18,973,499,475 : 83%
2021-09-25 19:32:36 : 181,800,000 : 0 : 18,983,330,100 : 83%
2021-09-25 19:50:16 : 181,900,000 : 0 : 18,993,160,725 : 83%
2021-09-25 20:07:55 : 182,000,000 : 0 : 19,002,991,350 : 83%
2021-09-25 20:25:46 : 182,100,000 : 0 : 19,012,821,975 : 83%
2021-09-25 20:43:16 : 182,200,000 : 0 : 19,022,521,525 : 83%
2021-09-25 21:00:55 : 182,300,000 : 0 : 19,041,920,625 : 83%
2021-09-25 21:18:51 : 182,400,000 : 0 : 19,051,751,250 : 83%
2021-09-25 21:37:04 : 182,500,000 : 0 : 19,061,581,875 : 83%
2021-09-25 21:55:30 : 182,600,000 : 0 : 19,071,281,425 : 83%
2021-09-25 22:13:44 : 182,700,000 : 0 : 19,081,112,050 : 83%
2021-09-25 22:32:01 : 182,800,000 : 0 : 19,090,811,600 : 83%
2021-09-25 22:50:08 : 182,900,000 : 0 : 19,100,511,150 : 83%
2021-09-25 23:08:30 : 183,000,000 : 0 : 19,110,210,700 : 83%
2021-09-25 23:26:38 : 183,100,000 : 0 : 19,119,779,175 : 83%
2021-09-25 23:45:24 : 183,200,000 : 0 : 19,129,478,725 : 83%
2021-09-26 00:04:06 : 183,300,000 : 0 : 19,139,047,200 : 83%
2021-09-26 00:22:55 : 183,400,000 : 0 : 19,148,615,675 : 83%
2021-09-26 00:41:31 : 183,500,000 : 0 : 19,158,053,075 : 83%
2021-09-26 01:00:10 : 183,600,000 : 0 : 19,167,490,475 : 84%
2021-09-26 01:19:04 : 183,700,000 : 0 : 19,177,058,950 : 84%
2021-09-26 01:37:58 : 183,800,000 : 0 : 19,186,496,350 : 84%
2021-09-26 01:56:47 : 183,900,000 : 0 : 19,195,802,675 : 84%
2021-09-26 02:15:54 : 184,000,000 : 0 : 19,205,240,075 : 84%
2021-09-26 02:34:46 : 184,100,000 : 0 : 19,214,677,475 : 84%
2021-09-26 02:53:59 : 184,200,000 : 0 : 19,224,245,950 : 84%
2021-09-26 03:13:32 : 184,300,000 : 0 : 19,233,552,275 : 84%
2021-09-26 03:33:16 : 184,400,000 : 0 : 19,242,858,600 : 84%
2021-09-26 03:53:42 : 184,500,000 : 0 : 19,252,296,000 : 84%
2021-09-26 04:15:30 : 184,600,000 : 0 : 19,261,602,325 : 84%
2021-09-26 04:37:30 : 184,700,000 : 0 : 19,271,039,725 : 84%
2021-09-26 05:01:51 : 184,800,000 : 0 : 19,280,477,125 : 84%
2021-09-26 05:26:00 : 184,900,000 : 0 : 19,289,783,450 : 84%
2021-09-26 05:52:24 : 185,000,000 : 0 : 19,299,351,925 : 84%
2021-09-26 06:20:33 : 185,100,000 : 0 : 19,308,920,400 : 84%
2021-09-26 06:50:01 : 185,200,000 : 0 : 19,318,619,950 : 84%
2021-09-26 07:20:21 : 185,300,000 : 0 : 19,328,319,500 : 84%
2021-09-26 07:51:32 : 185,400,000 : 0 : 19,337,887,975 : 84%
2021-09-26 08:23:39 : 185,500,000 : 0 : 19,347,587,525 : 84%
2021-09-26 08:56:10 : 185,600,000 : 0 : 19,357,287,075 : 84%
2021-09-26 09:30:20 : 185,700,000 : 0 : 19,367,117,700 : 84%
2021-09-26 10:03:44 : 185,800,000 : 0 : 19,376,817,250 : 84%
2021-09-26 10:35:55 : 185,900,000 : 0 : 19,386,385,725 : 84%
2021-09-26 11:06:43 : 186,000,000 : 0 : 19,395,954,200 : 85%
2021-09-26 11:35:26 : 186,100,000 : 0 : 19,415,091,150 : 85%
2021-09-26 12:01:39 : 186,200,000 : 0 : 19,424,528,550 : 85%
2021-09-26 12:26:04 : 186,300,000 : 0 : 19,434,228,100 : 85%
2021-09-26 12:49:01 : 186,400,000 : 0 : 19,443,796,575 : 85%
2021-09-26 13:10:14 : 186,500,000 : 0 : 19,453,365,050 : 85%
2021-09-26 13:30:00 : 186,600,000 : 0 : 19,462,671,375 : 85%
2021-09-26 13:47:31 : 186,700,000 : 0 : 19,472,370,925 : 85%
2021-09-26 14:05:20 : 186,800,000 : 0 : 19,482,201,550 : 85%
2021-09-26 14:23:02 : 186,900,000 : 0 : 19,492,032,175 : 85%
2021-09-26 14:40:19 : 187,000,000 : 0 : 19,501,862,800 : 85%
2021-09-26 14:57:23 : 187,100,000 : 0 : 19,511,955,575 : 85%
2021-09-26 15:14:12 : 187,200,000 : 0 : 19,521,917,275 : 85%
2021-09-26 15:30:46 : 187,300,000 : 0 : 19,531,878,975 : 85%
2021-09-26 15:46:57 : 187,400,000 : 0 : 19,541,840,675 : 85%
2021-09-26 16:02:35 : 187,500,000 : 0 : 19,551,540,225 : 85%
2021-09-26 16:17:44 : 187,600,000 : 0 : 19,561,370,850 : 85%
2021-09-26 16:33:09 : 187,700,000 : 0 : 19,571,332,550 : 85%
2021-09-26 16:48:54 : 187,800,000 : 0 : 19,581,425,325 : 85%
2021-09-26 17:04:29 : 187,900,000 : 0 : 19,591,255,950 : 85%
2021-09-26 17:19:24 : 188,000,000 : 0 : 19,600,824,425 : 85%
2021-09-26 17:33:37 : 188,100,000 : 0 : 19,610,261,825 : 85%
2021-09-26 17:47:45 : 188,200,000 : 0 : 19,619,830,300 : 85%
2021-09-26 18:01:43 : 188,300,000 : 0 : 19,629,398,775 : 86%
2021-09-26 18:16:04 : 188,400,000 : 0 : 19,639,098,325 : 86%
2021-09-26 18:30:25 : 188,500,000 : 0 : 19,648,666,800 : 86%
2021-09-26 18:45:16 : 188,600,000 : 0 : 19,658,366,350 : 86%
2021-09-26 19:00:24 : 188,700,000 : 0 : 19,668,065,900 : 86%
2021-09-26 19:15:14 : 188,800,000 : 0 : 19,677,634,375 : 86%
2021-09-26 19:30:16 : 188,900,000 : 0 : 19,687,333,925 : 86%
2021-09-26 19:45:12 : 189,000,000 : 0 : 19,696,902,400 : 86%
2021-09-26 20:00:05 : 189,100,000 : 0 : 19,706,470,875 : 86%
2021-09-26 20:14:43 : 189,200,000 : 0 : 19,725,738,900 : 86%
2021-09-26 20:30:03 : 189,300,000 : 0 : 19,735,438,450 : 86%
2021-09-26 20:45:32 : 189,400,000 : 0 : 19,745,269,075 : 86%
2021-09-26 21:01:24 : 189,500,000 : 0 : 19,754,968,625 : 86%
2021-09-26 21:17:33 : 189,600,000 : 0 : 19,764,799,250 : 86%
2021-09-26 21:33:37 : 189,700,000 : 0 : 19,774,629,875 : 86%
2021-09-26 21:49:54 : 189,800,000 : 0 : 19,784,329,425 : 86%
2021-09-26 22:06:33 : 189,900,000 : 0 : 19,794,160,050 : 86%
2021-09-26 22:23:24 : 190,000,000 : 0 : 19,803,859,600 : 86%
2021-09-26 22:40:21 : 190,100,000 : 0 : 19,813,690,225 : 86%
2021-09-26 22:57:48 : 190,200,000 : 0 : 19,823,389,775 : 86%
2021-09-26 23:15:19 : 190,300,000 : 0 : 19,833,220,400 : 86%
2021-09-26 23:33:16 : 190,400,000 : 0 : 19,843,051,025 : 86%
2021-09-26 23:51:16 : 190,500,000 : 0 : 19,852,881,650 : 87%
2021-09-27 00:09:19 : 190,600,000 : 0 : 19,862,581,200 : 87%
2021-09-27 00:27:19 : 190,700,000 : 0 : 19,872,411,825 : 87%
2021-09-27 00:45:16 : 190,800,000 : 0 : 19,882,242,450 : 87%
2021-09-27 01:02:26 : 190,900,000 : 0 : 19,891,679,850 : 87%
2021-09-27 01:19:30 : 191,000,000 : 0 : 19,901,248,325 : 87%
2021-09-27 01:36:20 : 191,100,000 : 0 : 19,910,816,800 : 87%
2021-09-27 01:53:14 : 191,200,000 : 0 : 19,920,385,275 : 87%
2021-09-27 02:11:11 : 191,300,000 : 0 : 19,929,953,750 : 87%
2021-09-27 02:30:56 : 191,400,000 : 0 : 19,939,784,375 : 87%
2021-09-27 02:51:11 : 191,500,000 : 0 : 19,949,221,775 : 87%
2021-09-27 03:09:28 : 191,600,000 : 0 : 19,958,528,100 : 87%
2021-09-27 03:28:23 : 191,700,000 : 0 : 19,967,965,500 : 87%
2021-09-27 03:49:07 : 191,800,000 : 0 : 19,977,796,125 : 87%
2021-09-27 04:11:54 : 191,900,000 : 0 : 19,987,626,750 : 87%
2021-09-27 04:35:45 : 192,000,000 : 0 : 19,997,719,525 : 87%
2021-09-27 05:01:02 : 192,100,000 : 0 : 20,007,681,225 : 87%
2021-09-27 05:27:14 : 192,200,000 : 0 : 20,017,642,925 : 87%
2021-09-27 05:54:10 : 192,300,000 : 0 : 20,027,473,550 : 87%
2021-09-27 06:20:54 : 192,400,000 : 0 : 20,037,173,100 : 87%
2021-09-27 06:48:51 : 192,500,000 : 0 : 20,056,834,350 : 87%
2021-09-27 07:20:16 : 192,600,000 : 0 : 20,066,927,125 : 87%
2021-09-27 07:55:21 : 192,700,000 : 0 : 20,077,150,975 : 87%
2021-09-27 08:38:31 : 192,800,000 : 0 : 20,087,243,750 : 88%
2021-09-27 09:18:30 : 192,900,000 : 0 : 20,097,467,600 : 88%
2021-09-27 09:55:22 : 193,000,000 : 0 : 20,107,691,450 : 88%
2021-09-27 10:28:00 : 193,100,000 : 0 : 20,117,653,150 : 88%
2021-09-27 10:57:18 : 193,200,000 : 0 : 20,127,877,000 : 88%
2021-09-27 11:24:12 : 193,300,000 : 0 : 20,137,707,625 : 88%
2021-09-27 11:48:04 : 193,400,000 : 0 : 20,147,800,400 : 88%
2021-09-27 12:10:40 : 193,500,000 : 0 : 20,157,893,175 : 88%
2021-09-27 12:32:34 : 193,600,000 : 0 : 20,168,117,025 : 88%
2021-09-27 12:52:56 : 193,700,000 : 0 : 20,178,471,950 : 88%
2021-09-27 13:12:22 : 193,800,000 : 0 : 20,188,826,875 : 88%
2021-09-27 13:30:56 : 193,900,000 : 0 : 20,199,181,800 : 88%
2021-09-27 13:48:32 : 194,000,000 : 0 : 20,209,536,725 : 88%
2021-09-27 14:05:34 : 194,100,000 : 0 : 20,219,891,650 : 88%
2021-09-27 14:22:11 : 194,200,000 : 0 : 20,230,246,575 : 88%
2021-09-27 14:38:14 : 194,300,000 : 0 : 20,240,601,500 : 88%
2021-09-27 14:54:06 : 194,400,000 : 0 : 20,251,087,500 : 88%
2021-09-27 15:09:43 : 194,500,000 : 0 : 20,261,442,425 : 88%
2021-09-27 15:25:09 : 194,600,000 : 0 : 20,271,928,425 : 88%
2021-09-27 15:40:34 : 194,700,000 : 0 : 20,282,414,425 : 88%
2021-09-27 15:55:49 : 194,800,000 : 0 : 20,292,769,350 : 88%
2021-09-27 16:11:12 : 194,900,000 : 0 : 20,303,255,350 : 88%
2021-09-27 16:27:07 : 195,000,000 : 0 : 20,313,610,275 : 89%
2021-09-27 16:44:25 : 195,100,000 : 0 : 20,324,227,350 : 89%
2021-09-27 17:03:00 : 195,200,000 : 0 : 20,334,844,425 : 89%
2021-09-27 17:19:37 : 195,300,000 : 0 : 20,355,685,350 : 89%
2021-09-27 17:35:38 : 195,400,000 : 0 : 20,366,302,425 : 89%
2021-09-27 17:52:17 : 195,500,000 : 0 : 20,376,788,425 : 89%
2021-09-27 18:09:09 : 195,600,000 : 0 : 20,387,274,425 : 89%
2021-09-27 18:25:49 : 195,700,000 : 0 : 20,397,629,350 : 89%
2021-09-27 18:42:23 : 195,800,000 : 0 : 20,407,984,275 : 89%
2021-09-27 18:58:54 : 195,900,000 : 0 : 20,418,339,200 : 89%
2021-09-27 19:15:53 : 196,000,000 : 0 : 20,428,694,125 : 89%
2021-09-27 19:32:39 : 196,100,000 : 0 : 20,439,049,050 : 89%
2021-09-27 19:49:18 : 196,200,000 : 0 : 20,449,403,975 : 89%
2021-09-27 20:05:53 : 196,300,000 : 0 : 20,459,758,900 : 89%
2021-09-27 20:22:31 : 196,400,000 : 0 : 20,470,113,825 : 89%
2021-09-27 20:38:57 : 196,500,000 : 0 : 20,480,337,675 : 89%
2021-09-27 20:55:21 : 196,600,000 : 0 : 20,490,692,600 : 89%
2021-09-27 21:12:01 : 196,700,000 : 0 : 20,501,047,525 : 89%
2021-09-27 21:29:05 : 196,800,000 : 0 : 20,511,402,450 : 89%
2021-09-27 21:46:32 : 196,900,000 : 0 : 20,521,757,375 : 89%
2021-09-27 22:04:59 : 197,000,000 : 0 : 20,532,112,300 : 89%
2021-09-27 22:22:19 : 197,100,000 : 0 : 20,542,336,150 : 90%
2021-09-27 22:39:41 : 197,200,000 : 0 : 20,552,560,000 : 90%
2021-09-27 22:57:18 : 197,300,000 : 0 : 20,562,783,850 : 90%
2021-09-27 23:14:59 : 197,400,000 : 0 : 20,573,007,700 : 90%
2021-09-27 23:32:53 : 197,500,000 : 0 : 20,583,100,475 : 90%
2021-09-27 23:50:33 : 197,600,000 : 0 : 20,593,193,250 : 90%
2021-09-28 00:08:26 : 197,700,000 : 0 : 20,603,154,950 : 90%
2021-09-28 00:25:40 : 197,800,000 : 0 : 20,612,985,575 : 90%
2021-09-28 00:42:27 : 197,900,000 : 0 : 20,632,384,675 : 90%
2021-09-28 00:59:17 : 198,000,000 : 0 : 20,641,953,150 : 90%
2021-09-28 01:16:02 : 198,100,000 : 0 : 20,651,652,700 : 90%
2021-09-28 01:32:40 : 198,200,000 : 0 : 20,661,221,175 : 90%
2021-09-28 01:49:17 : 198,300,000 : 0 : 20,671,051,800 : 90%
2021-09-28 02:06:25 : 198,400,000 : 0 : 20,680,751,350 : 90%
2021-09-28 02:23:34 : 198,500,000 : 0 : 20,690,450,900 : 90%
2021-09-28 02:41:11 : 198,600,000 : 0 : 20,700,281,525 : 90%
2021-09-28 02:59:07 : 198,700,000 : 0 : 20,709,981,075 : 90%
2021-09-28 03:17:29 : 198,800,000 : 0 : 20,719,811,700 : 90%
2021-09-28 03:36:52 : 198,900,000 : 0 : 20,729,642,325 : 90%
2021-09-28 03:57:20 : 199,000,000 : 0 : 20,739,472,950 : 90%
2021-09-28 04:19:01 : 199,100,000 : 0 : 20,749,434,650 : 90%
2021-09-28 04:41:53 : 199,200,000 : 0 : 20,759,265,275 : 90%
2021-09-28 05:06:09 : 199,300,000 : 0 : 20,769,226,975 : 91%
2021-09-28 05:31:16 : 199,400,000 : 0 : 20,779,188,675 : 91%
2021-09-28 05:57:30 : 199,500,000 : 0 : 20,788,888,225 : 91%
2021-09-28 06:24:29 : 199,600,000 : 0 : 20,798,718,850 : 91%
2021-09-28 06:53:01 : 199,700,000 : 0 : 20,808,680,550 : 91%
2021-09-28 07:24:18 : 199,800,000 : 0 : 20,818,904,400 : 91%
2021-09-28 07:58:05 : 199,900,000 : 0 : 20,828,997,175 : 91%
2021-09-28 08:32:55 : 200,000,000 : 0 : 20,839,089,950 : 91%
2021-09-28 09:07:45 : 200,100,000 : 0 : 20,849,182,725 : 91%
2021-09-28 09:40:44 : 200,200,000 : 0 : 20,859,013,350 : 91%
2021-09-28 10:12:17 : 200,300,000 : 0 : 20,869,106,125 : 91%
2021-09-28 10:41:50 : 200,400,000 : 0 : 20,879,067,825 : 91%
2021-09-28 11:09:10 : 200,500,000 : 0 : 20,889,160,600 : 91%
2021-09-28 11:34:11 : 200,600,000 : 0 : 20,899,122,300 : 91%
2021-09-28 11:57:30 : 200,700,000 : 0 : 20,909,215,075 : 91%
2021-09-28 12:19:34 : 200,800,000 : 0 : 20,919,307,850 : 91%
2021-09-28 12:40:13 : 200,900,000 : 0 : 20,929,531,700 : 91%
2021-09-28 12:59:34 : 201,000,000 : 0 : 20,950,110,475 : 91%
2021-09-28 13:18:00 : 201,100,000 : 0 : 20,960,334,325 : 91%
2021-09-28 13:35:19 : 201,200,000 : 0 : 20,970,558,175 : 91%
2021-09-28 13:52:09 : 201,300,000 : 0 : 20,981,044,175 : 91%
2021-09-28 14:08:48 : 201,400,000 : 0 : 20,991,399,100 : 91%
2021-09-28 14:24:59 : 201,500,000 : 0 : 21,001,754,025 : 92%
2021-09-28 14:40:42 : 201,600,000 : 0 : 21,012,240,025 : 92%
2021-09-28 14:56:20 : 201,700,000 : 0 : 21,022,594,950 : 92%
2021-09-28 15:11:54 : 201,800,000 : 0 : 21,033,080,950 : 92%
2021-09-28 15:27:06 : 201,900,000 : 0 : 21,043,435,875 : 92%
2021-09-28 15:42:13 : 202,000,000 : 0 : 21,053,790,800 : 92%
2021-09-28 15:57:08 : 202,100,000 : 0 : 21,064,276,800 : 92%
2021-09-28 16:12:18 : 202,200,000 : 0 : 21,074,631,725 : 92%
2021-09-28 16:27:22 : 202,300,000 : 0 : 21,085,117,725 : 92%
2021-09-28 16:42:22 : 202,400,000 : 0 : 21,095,603,725 : 92%
2021-09-28 16:57:26 : 202,500,000 : 0 : 21,105,958,650 : 92%
2021-09-28 17:12:21 : 202,600,000 : 0 : 21,116,313,575 : 92%
2021-09-28 17:27:18 : 202,700,000 : 0 : 21,126,668,500 : 92%
2021-09-28 17:42:26 : 202,800,000 : 0 : 21,137,154,500 : 92%
2021-09-28 17:57:40 : 202,900,000 : 0 : 21,147,640,500 : 92%
2021-09-28 18:13:06 : 203,000,000 : 0 : 21,157,995,425 : 92%
2021-09-28 18:28:18 : 203,100,000 : 0 : 21,168,350,350 : 92%
2021-09-28 18:43:36 : 203,200,000 : 0 : 21,178,705,275 : 92%
2021-09-28 18:58:39 : 203,300,000 : 0 : 21,189,060,200 : 92%
2021-09-28 19:13:44 : 203,400,000 : 0 : 21,199,284,050 : 92%
2021-09-28 19:28:39 : 203,500,000 : 0 : 21,219,731,750 : 92%
2021-09-28 19:43:31 : 203,600,000 : 0 : 21,230,086,675 : 93%
2021-09-28 20:00:23 : 203,700,000 : 0 : 21,240,441,600 : 93%
2021-09-28 20:16:58 : 203,800,000 : 0 : 21,250,665,450 : 93%
2021-09-28 20:34:01 : 203,900,000 : 0 : 21,260,627,150 : 93%
2021-09-28 20:49:30 : 204,000,000 : 0 : 21,270,719,925 : 93%
2021-09-28 21:04:32 : 204,100,000 : 0 : 21,280,943,775 : 93%
2021-09-28 21:20:04 : 204,200,000 : 0 : 21,291,167,625 : 93%
2021-09-28 21:35:51 : 204,300,000 : 0 : 21,301,391,475 : 93%
2021-09-28 21:52:06 : 204,400,000 : 0 : 21,311,615,325 : 93%
2021-09-28 22:08:27 : 204,500,000 : 0 : 21,321,839,175 : 93%
2021-09-28 22:25:09 : 204,600,000 : 0 : 21,331,931,950 : 93%
2021-09-28 22:42:02 : 204,700,000 : 0 : 21,342,155,800 : 93%
2021-09-28 22:59:06 : 204,800,000 : 0 : 21,352,248,575 : 93%
2021-09-28 23:16:16 : 204,900,000 : 0 : 21,362,341,350 : 93%
2021-09-28 23:33:26 : 205,000,000 : 0 : 21,372,303,050 : 93%
2021-09-28 23:50:36 : 205,100,000 : 0 : 21,382,395,825 : 93%
2021-09-29 00:08:04 : 205,200,000 : 0 : 21,392,357,525 : 93%
2021-09-29 00:25:19 : 205,300,000 : 0 : 21,402,319,225 : 93%
2021-09-29 00:42:28 : 205,400,000 : 0 : 21,412,149,850 : 93%
2021-09-29 00:59:44 : 205,500,000 : 0 : 21,421,980,475 : 93%
2021-09-29 01:17:09 : 205,600,000 : 0 : 21,431,942,175 : 93%
2021-09-29 01:34:21 : 205,700,000 : 0 : 21,441,641,725 : 93%
2021-09-29 01:51:20 : 205,800,000 : 0 : 21,451,472,350 : 93%
2021-09-29 02:08:22 : 205,900,000 : 0 : 21,461,171,900 : 94%
2021-09-29 02:25:44 : 206,000,000 : 0 : 21,471,002,525 : 94%
2021-09-29 02:43:23 : 206,100,000 : 0 : 21,480,833,150 : 94%
2021-09-29 03:01:26 : 206,200,000 : 0 : 21,490,663,775 : 94%
2021-09-29 03:20:25 : 206,300,000 : 0 : 21,500,625,475 : 94%
2021-09-29 03:40:16 : 206,400,000 : 0 : 21,510,456,100 : 94%
2021-09-29 04:01:11 : 206,500,000 : 0 : 21,530,379,500 : 94%
2021-09-29 04:22:51 : 206,600,000 : 0 : 21,540,210,125 : 94%
2021-09-29 04:45:36 : 206,700,000 : 0 : 21,550,171,825 : 94%
2021-09-29 05:09:44 : 206,800,000 : 0 : 21,560,002,450 : 94%
2021-09-29 05:35:14 : 206,900,000 : 0 : 21,569,833,075 : 94%
2021-09-29 06:01:28 : 207,000,000 : 0 : 21,579,663,700 : 94%
2021-09-29 06:29:27 : 207,100,000 : 0 : 21,589,756,475 : 94%
2021-09-29 06:59:16 : 207,200,000 : 0 : 21,599,849,250 : 94%
2021-09-29 07:30:18 : 207,300,000 : 0 : 21,609,810,950 : 94%
2021-09-29 08:02:43 : 207,400,000 : 0 : 21,619,903,725 : 94%
2021-09-29 08:36:40 : 207,500,000 : 0 : 21,629,996,500 : 94%
2021-09-29 09:11:20 : 207,600,000 : 0 : 21,640,220,350 : 94%
2021-09-29 09:45:40 : 207,700,000 : 0 : 21,650,313,125 : 94%
2021-09-29 10:18:05 : 207,800,000 : 0 : 21,660,405,900 : 94%
2021-09-29 10:47:43 : 207,900,000 : 0 : 21,670,498,675 : 94%
2021-09-29 11:15:03 : 208,000,000 : 0 : 21,680,591,450 : 94%
2021-09-29 11:39:47 : 208,100,000 : 0 : 21,690,553,150 : 95%
2021-09-29 12:02:34 : 208,200,000 : 0 : 21,700,645,925 : 95%
2021-09-29 12:23:58 : 208,300,000 : 0 : 21,710,869,775 : 95%
2021-09-29 12:44:30 : 208,400,000 : 0 : 21,721,093,625 : 95%
2021-09-29 13:03:36 : 208,500,000 : 0 : 21,731,317,475 : 95%
2021-09-29 13:21:56 : 208,600,000 : 0 : 21,741,672,400 : 95%
2021-09-29 13:39:29 : 208,700,000 : 0 : 21,751,896,250 : 95%
2021-09-29 13:56:07 : 208,800,000 : 0 : 21,762,120,100 : 95%
2021-09-29 14:12:41 : 208,900,000 : 0 : 21,772,606,100 : 95%
2021-09-29 14:28:45 : 209,000,000 : 0 : 21,782,961,025 : 95%
2021-09-29 14:44:24 : 209,100,000 : 0 : 21,793,315,950 : 95%
2021-09-29 14:59:51 : 209,200,000 : 0 : 21,803,670,875 : 95%
2021-09-29 15:15:12 : 209,300,000 : 0 : 21,814,156,875 : 95%
2021-09-29 15:30:06 : 209,400,000 : 0 : 21,834,735,650 : 95%
2021-09-29 15:44:48 : 209,500,000 : 0 : 21,844,959,500 : 95%
2021-09-29 15:59:13 : 209,600,000 : 0 : 21,855,314,425 : 95%
2021-09-29 16:14:05 : 209,700,000 : 0 : 21,865,538,275 : 95%
2021-09-29 16:28:33 : 209,800,000 : 0 : 21,875,893,200 : 95%
2021-09-29 16:42:59 : 209,900,000 : 0 : 21,886,117,050 : 95%
2021-09-29 16:57:28 : 210,000,000 : 0 : 21,896,603,050 : 95%
2021-09-29 17:12:23 : 210,100,000 : 0 : 21,906,957,975 : 95%
2021-09-29 17:27:15 : 210,200,000 : 0 : 21,917,312,900 : 96%
2021-09-29 17:42:08 : 210,300,000 : 0 : 21,927,667,825 : 96%
2021-09-29 17:57:05 : 210,400,000 : 0 : 21,938,153,825 : 96%
2021-09-29 18:12:27 : 210,500,000 : 0 : 21,948,508,750 : 96%
2021-09-29 18:27:36 : 210,600,000 : 0 : 21,958,863,675 : 96%
2021-09-29 18:42:52 : 210,700,000 : 0 : 21,969,218,600 : 96%
2021-09-29 18:58:04 : 210,800,000 : 0 : 21,979,573,525 : 96%
2021-09-29 19:13:13 : 210,900,000 : 0 : 21,989,797,375 : 96%
2021-09-29 19:28:13 : 211,000,000 : 0 : 22,000,021,225 : 96%
2021-09-29 19:43:06 : 211,100,000 : 0 : 22,010,114,000 : 96%
2021-09-29 19:57:44 : 211,200,000 : 0 : 22,020,337,850 : 96%
2021-09-29 20:12:43 : 211,300,000 : 0 : 22,030,561,700 : 96%
2021-09-29 20:27:27 : 211,400,000 : 0 : 22,040,654,475 : 96%
2021-09-29 20:42:19 : 211,500,000 : 0 : 22,050,747,250 : 96%
2021-09-29 20:57:02 : 211,600,000 : 0 : 22,060,840,025 : 96%
2021-09-29 21:12:02 : 211,700,000 : 0 : 22,071,063,875 : 96%
2021-09-29 21:27:44 : 211,800,000 : 0 : 22,081,418,800 : 96%
2021-09-29 21:43:58 : 211,900,000 : 0 : 22,091,642,650 : 96%
2021-09-29 22:00:18 : 212,000,000 : 0 : 22,101,866,500 : 96%
2021-09-29 22:17:11 : 212,100,000 : 0 : 22,122,445,275 : 96%
2021-09-29 22:34:21 : 212,200,000 : 0 : 22,132,669,125 : 96%
2021-09-29 22:51:49 : 212,300,000 : 0 : 22,142,761,900 : 96%
2021-09-29 23:09:16 : 212,400,000 : 0 : 22,152,723,600 : 97%
2021-09-29 23:26:33 : 212,500,000 : 0 : 22,162,816,375 : 97%
2021-09-29 23:44:06 : 212,600,000 : 0 : 22,172,778,075 : 97%
2021-09-30 00:01:51 : 212,700,000 : 0 : 22,182,870,850 : 97%
2021-09-30 00:19:28 : 212,800,000 : 0 : 22,192,701,475 : 97%
2021-09-30 00:36:35 : 212,900,000 : 0 : 22,202,532,100 : 97%
2021-09-30 00:53:29 : 213,000,000 : 0 : 22,212,362,725 : 97%
2021-09-30 01:10:49 : 213,100,000 : 0 : 22,222,062,275 : 97%
2021-09-30 01:27:52 : 213,200,000 : 0 : 22,231,761,825 : 97%
2021-09-30 01:45:03 : 213,300,000 : 0 : 22,241,461,375 : 97%
2021-09-30 02:02:14 : 213,400,000 : 0 : 22,251,292,000 : 97%
2021-09-30 02:19:44 : 213,500,000 : 0 : 22,260,991,550 : 97%
2021-09-30 02:37:43 : 213,600,000 : 0 : 22,270,822,175 : 97%
2021-09-30 02:56:01 : 213,700,000 : 0 : 22,280,652,800 : 97%
2021-09-30 03:15:15 : 213,800,000 : 0 : 22,290,745,575 : 97%
2021-09-30 03:35:14 : 213,900,000 : 0 : 22,300,707,275 : 97%
2021-09-30 03:56:27 : 214,000,000 : 0 : 22,310,668,975 : 97%
2021-09-30 04:18:24 : 214,100,000 : 0 : 22,320,630,675 : 97%
2021-09-30 04:41:13 : 214,200,000 : 0 : 22,330,592,375 : 97%
2021-09-30 05:05:12 : 214,300,000 : 0 : 22,340,423,000 : 97%
2021-09-30 05:29:29 : 214,400,000 : 0 : 22,350,122,550 : 97%
2021-09-30 05:54:57 : 214,500,000 : 0 : 22,359,953,175 : 97%
2021-09-30 06:22:42 : 214,600,000 : 0 : 22,370,045,950 : 97%
2021-09-30 06:52:00 : 214,700,000 : 0 : 22,380,138,725 : 98%
2021-09-30 07:23:43 : 214,800,000 : 0 : 22,390,231,500 : 98%
2021-09-30 07:57:18 : 214,900,000 : 0 : 22,400,455,350 : 98%
2021-09-30 08:32:00 : 215,000,000 : 0 : 22,410,679,200 : 98%
2021-09-30 09:07:19 : 215,100,000 : 0 : 22,420,903,050 : 98%
2021-09-30 09:42:12 : 215,200,000 : 0 : 22,431,126,900 : 98%
2021-09-30 10:14:28 : 215,300,000 : 0 : 22,441,219,675 : 98%
2021-09-30 10:43:48 : 215,400,000 : 0 : 22,451,181,375 : 98%
2021-09-30 11:11:30 : 215,500,000 : 0 : 22,461,274,150 : 98%
2021-09-30 11:36:48 : 215,600,000 : 0 : 22,481,459,700 : 98%
2021-09-30 12:00:16 : 215,700,000 : 0 : 22,491,683,550 : 98%
2021-09-30 12:22:11 : 215,800,000 : 0 : 22,502,038,475 : 98%
2021-09-30 12:42:43 : 215,900,000 : 0 : 22,512,262,325 : 98%
2021-09-30 13:02:05 : 216,000,000 : 0 : 22,522,486,175 : 98%
2021-09-30 13:20:24 : 216,100,000 : 0 : 22,532,841,100 : 98%
2021-09-30 13:37:54 : 216,200,000 : 0 : 22,543,064,950 : 98%
2021-09-30 13:54:39 : 216,300,000 : 0 : 22,553,288,800 : 98%
2021-09-30 14:11:08 : 216,400,000 : 0 : 22,563,643,725 : 98%
2021-09-30 14:27:11 : 216,500,000 : 0 : 22,573,998,650 : 98%
2021-09-30 14:42:55 : 216,600,000 : 0 : 22,584,353,575 : 98%
2021-09-30 14:58:15 : 216,700,000 : 0 : 22,594,708,500 : 98%
2021-09-30 15:13:30 : 216,800,000 : 0 : 22,605,063,425 : 99%
2021-09-30 15:28:47 : 216,900,000 : 0 : 22,615,549,425 : 99%
2021-09-30 15:44:12 : 217,000,000 : 0 : 22,625,904,350 : 99%
2021-09-30 15:59:14 : 217,100,000 : 0 : 22,636,390,350 : 99%
2021-09-30 16:14:30 : 217,200,000 : 0 : 22,646,745,275 : 99%
2021-09-30 16:29:31 : 217,300,000 : 0 : 22,657,100,200 : 99%
2021-09-30 16:44:41 : 217,400,000 : 0 : 22,667,586,200 : 99%
2021-09-30 16:59:44 : 217,500,000 : 0 : 22,677,941,125 : 99%
2021-09-30 17:14:50 : 217,600,000 : 0 : 22,688,296,050 : 99%
2021-09-30 17:29:48 : 217,700,000 : 0 : 22,698,519,900 : 99%
2021-09-30 17:44:52 : 217,800,000 : 0 : 22,708,874,825 : 99%
2021-09-30 18:00:08 : 217,900,000 : 0 : 22,719,229,750 : 99%
2021-09-30 18:15:38 : 218,000,000 : 0 : 22,729,584,675 : 99%
2021-09-30 18:31:05 : 218,100,000 : 0 : 22,739,808,525 : 99%
2021-09-30 18:46:18 : 218,200,000 : 0 : 22,750,032,375 : 99%
2021-09-30 19:01:26 : 218,300,000 : 0 : 22,770,480,075 : 99%
2021-09-30 19:16:59 : 218,400,000 : 0 : 22,780,835,000 : 99%
2021-09-30 19:32:35 : 218,500,000 : 0 : 22,791,058,850 : 99%
2021-09-30 19:47:59 : 218,600,000 : 0 : 22,801,282,700 : 99%
2021-09-30 20:03:22 : 218,700,000 : 0 : 22,811,506,550 : 99%
2021-09-30 20:19:43 : 218,800,000 : 0 : 22,821,730,400 : 99%
2021-09-30 20:36:47 : 218,900,000 : 0 : 22,831,954,250 : 99%
2021-09-30 20:52:51 : 219,000,000 : 0 : 22,842,178,100 : 100%
2021-09-30 21:08:29 : 219,100,000 : 0 : 22,852,401,950 : 100%
2021-09-30 21:24:38 : 219,200,000 : 0 : 22,862,625,800 : 100%
2021-09-30 21:41:05 : 219,300,000 : 0 : 22,872,849,650 : 100%
2021-09-30 21:57:52 : 219,400,000 : 0 : 22,883,073,500 : 100%
2021-09-30 22:15:05 : 219,500,000 : 0 : 22,893,297,350 : 100%
2021-09-30 22:32:38 : 219,600,000 : 0 : 22,903,390,125 : 100%
2021-09-30 22:50:00 : 219,700,000 : 0 : 22,913,351,825 : 100%
2021-09-30 23:07:35 : 219,800,000 : 0 : 22,923,444,600 : 100%
2021-09-30 23:25:49 : 219,900,000 : 0 : 22,933,537,375 : 100%
2021-09-30 23:44:11 : 220,000,000 : 0 : 22,943,499,075 : 100%
