Requirement already satisfied: zstandard in /software/python-anaconda-2023.09-el8-x86_64/envs/rapids-24.12/lib/python3.12/site-packages (0.23.0)
Running scraper.py for YEAR=2022, months 4-6
2022-04-01 02:07:41 : 100,000 : 0 : 32,375,525 : 0%
2022-04-01 04:23:03 : 200,000 : 0 : 63,571,375 : 1%
2022-04-01 07:01:07 : 300,000 : 0 : 94,374,000 : 1%
Decoding error with 134,217,728 bytes, reading another chunk
2022-04-01 10:04:20 : 400,000 : 0 : 125,176,625 : 1%
2022-04-01 12:35:57 : 500,000 : 0 : 155,586,025 : 2%
2022-04-01 14:29:16 : 600,000 : 0 : 185,995,425 : 2%
2022-04-01 16:08:30 : 700,000 : 0 : 216,666,975 : 2%
2022-04-01 17:46:18 : 800,000 : 0 : 247,469,600 : 3%
2022-04-01 19:26:45 : 900,000 : 0 : 278,403,300 : 3%
2022-04-01 21:09:30 : 1,000,000 : 0 : 308,943,775 : 3%
2022-04-01 22:56:57 : 1,100,000 : 0 : 338,828,875 : 4%
2022-04-02 00:56:02 : 1,200,000 : 0 : 369,631,500 : 4%
2022-04-02 03:01:29 : 1,300,000 : 0 : 389,423,825 : 4%
2022-04-02 05:19:46 : 1,400,000 : 0 : 419,440,000 : 4%
2022-04-02 08:05:03 : 1,500,000 : 0 : 449,456,175 : 5%
2022-04-02 10:58:23 : 1,600,000 : 0 : 479,210,200 : 5%
2022-04-02 13:18:40 : 1,700,000 : 0 : 508,833,150 : 5%
2022-04-02 15:13:03 : 1,800,000 : 0 : 538,980,400 : 6%
2022-04-02 16:56:47 : 1,900,000 : 0 : 570,307,325 : 6%
2022-04-02 18:38:57 : 2,000,000 : 0 : 591,148,250 : 6%
2022-04-02 20:24:50 : 2,100,000 : 0 : 622,081,950 : 6%
2022-04-02 22:11:46 : 2,200,000 : 0 : 652,753,500 : 7%
2022-04-03 00:07:01 : 2,300,000 : 0 : 683,556,125 : 7%
2022-04-03 03:11:43 : 2,400,000 : 0 : 714,620,900 : 7%
2022-04-03 05:32:08 : 2,500,000 : 0 : 745,292,450 : 8%
2022-04-03 08:19:10 : 2,600,000 : 0 : 775,308,625 : 8%
2022-04-03 11:12:36 : 2,700,000 : 0 : 795,494,175 : 8%
2022-04-03 13:35:26 : 2,800,000 : 0 : 825,117,125 : 9%
2022-04-03 15:29:44 : 2,900,000 : 0 : 855,657,600 : 9%
2022-04-03 17:13:57 : 3,000,000 : 0 : 886,460,225 : 9%
2022-04-03 18:55:35 : 3,100,000 : 0 : 917,000,700 : 10%
2022-04-03 20:28:31 : 3,200,000 : 0 : 947,672,250 : 10%
2022-04-03 22:09:26 : 3,300,000 : 0 : 978,081,650 : 10%
2022-04-04 00:00:04 : 3,400,000 : 0 : 1,008,622,125 : 11%
2022-04-04 01:57:13 : 3,500,000 : 0 : 1,038,638,300 : 11%
2022-04-04 03:59:48 : 3,600,000 : 0 : 1,058,954,925 : 11%
2022-04-04 06:19:36 : 3,700,000 : 0 : 1,088,840,025 : 11%
2022-04-04 09:14:40 : 3,800,000 : 0 : 1,119,118,350 : 12%
2022-04-04 11:49:53 : 3,900,000 : 0 : 1,149,658,825 : 12%
2022-04-04 13:51:16 : 4,000,000 : 0 : 1,179,412,850 : 12%
2022-04-04 15:34:17 : 4,100,000 : 0 : 1,209,953,325 : 13%
2022-04-04 17:12:13 : 4,200,000 : 0 : 1,241,018,100 : 13%
2022-04-04 18:50:31 : 4,300,000 : 0 : 1,271,427,500 : 13%
2022-04-04 20:29:18 : 4,400,000 : 0 : 1,301,836,900 : 14%
2022-04-04 22:08:16 : 4,500,000 : 0 : 1,321,891,375 : 14%
2022-04-04 23:45:00 : 4,600,000 : 0 : 1,350,990,025 : 14%
2022-04-05 01:33:31 : 4,700,000 : 0 : 1,378,909,000 : 14%
2022-04-05 03:39:36 : 4,800,000 : 0 : 1,407,876,575 : 15%
2022-04-05 06:06:48 : 4,900,000 : 0 : 1,436,582,000 : 15%
2022-04-05 09:07:41 : 5,000,000 : 0 : 1,465,680,650 : 15%
2022-04-05 11:52:43 : 5,100,000 : 0 : 1,495,434,675 : 16%
2022-04-05 13:59:25 : 5,200,000 : 0 : 1,524,926,550 : 16%
2022-04-05 15:49:59 : 5,300,000 : 0 : 1,555,204,875 : 16%
2022-04-05 17:38:16 : 5,400,000 : 0 : 1,585,745,350 : 17%
2022-04-05 19:27:47 : 5,500,000 : 0 : 1,615,761,525 : 17%
2022-04-05 21:13:59 : 5,600,000 : 0 : 1,645,777,700 : 17%
2022-04-05 23:06:59 : 5,700,000 : 0 : 1,675,793,875 : 17%
2022-04-06 01:09:45 : 5,800,000 : 0 : 1,705,547,900 : 18%
2022-04-06 03:16:27 : 5,900,000 : 0 : 1,735,301,925 : 18%
2022-04-06 05:42:02 : 6,000,000 : 0 : 1,764,662,725 : 18%
2022-04-06 08:44:16 : 6,100,000 : 0 : 1,794,154,600 : 19%
2022-04-06 11:35:37 : 6,200,000 : 0 : 1,823,253,250 : 19%
2022-04-06 13:46:22 : 6,300,000 : 0 : 1,852,614,050 : 19%
2022-04-06 15:38:49 : 6,400,000 : 0 : 1,882,630,225 : 20%
2022-04-06 17:27:36 : 6,500,000 : 0 : 1,913,039,625 : 20%
2022-04-06 19:16:29 : 6,600,000 : 0 : 1,933,356,250 : 20%
2022-04-06 21:05:18 : 6,700,000 : 0 : 1,963,634,575 : 20%
2022-04-06 22:59:02 : 6,800,000 : 0 : 1,993,519,675 : 21%
2022-04-07 01:03:21 : 6,900,000 : 0 : 2,023,142,625 : 21%
2022-04-07 03:08:29 : 7,000,000 : 0 : 2,052,241,275 : 21%
2022-04-07 05:32:40 : 7,100,000 : 0 : 2,081,077,775 : 22%
2022-04-07 08:31:47 : 7,200,000 : 0 : 2,110,307,500 : 22%
2022-04-07 11:29:33 : 7,300,000 : 0 : 2,139,668,300 : 22%
Decoding error with 134,217,728 bytes, reading another chunk
2022-04-07 13:44:25 : 7,400,000 : 0 : 2,179,121,875 : 23%
2022-04-07 15:41:12 : 7,500,000 : 0 : 2,199,307,425 : 23%
2022-04-07 17:32:41 : 7,600,000 : 0 : 2,229,716,825 : 23%
2022-04-07 19:21:41 : 7,700,000 : 0 : 2,259,601,925 : 24%
2022-04-07 21:11:43 : 7,800,000 : 0 : 2,279,394,250 : 24%
2022-04-07 23:06:19 : 7,900,000 : 0 : 2,308,755,050 : 24%
2022-04-08 01:09:53 : 8,000,000 : 0 : 2,337,984,775 : 24%
2022-04-08 03:19:19 : 8,100,000 : 0 : 2,367,607,725 : 25%
2022-04-08 05:45:49 : 8,200,000 : 0 : 2,395,919,925 : 25%
2022-04-08 08:44:25 : 8,300,000 : 0 : 2,424,756,425 : 25%
2022-04-08 11:36:13 : 8,400,000 : 0 : 2,453,461,850 : 26%
2022-04-08 13:49:04 : 8,500,000 : 0 : 2,482,953,725 : 26%
2022-04-08 15:41:33 : 8,600,000 : 0 : 2,512,838,825 : 26%
2022-04-08 17:30:07 : 8,700,000 : 0 : 2,542,723,925 : 26%
2022-04-08 19:21:40 : 8,800,000 : 0 : 2,572,871,175 : 27%
2022-04-08 21:15:35 : 8,900,000 : 0 : 2,603,018,425 : 27%
2022-04-08 23:14:14 : 9,000,000 : 0 : 2,632,379,225 : 27%
2022-04-09 01:27:32 : 9,100,000 : 0 : 2,662,002,175 : 28%
2022-04-09 03:44:02 : 9,200,000 : 0 : 2,691,231,900 : 28%
2022-04-09 06:23:41 : 9,300,000 : 0 : 2,710,762,075 : 28%
2022-04-09 09:29:00 : 9,400,000 : 0 : 2,739,598,575 : 29%
2022-04-09 12:25:53 : 9,500,000 : 0 : 2,768,566,150 : 29%
2022-04-09 14:41:39 : 9,600,000 : 0 : 2,798,058,025 : 29%
2022-04-09 16:39:22 : 9,700,000 : 0 : 2,828,467,425 : 29%
2022-04-09 18:37:31 : 9,800,000 : 0 : 2,858,876,825 : 30%
2022-04-09 20:38:47 : 9,900,000 : 0 : 2,888,893,000 : 30%
2022-04-09 22:41:39 : 10,000,000 : 0 : 2,918,384,875 : 30%
2022-04-10 00:57:45 : 10,100,000 : 0 : 2,948,269,975 : 31%
2022-04-10 03:21:41 : 10,200,000 : 0 : 2,977,630,775 : 31%
2022-04-10 06:03:44 : 10,300,000 : 0 : 3,006,336,200 : 31%
2022-04-10 09:11:05 : 10,400,000 : 0 : 3,035,172,700 : 32%
2022-04-10 12:16:54 : 10,500,000 : 0 : 3,054,571,800 : 32%
2022-04-10 14:34:30 : 10,600,000 : 0 : 3,083,539,375 : 32%
2022-04-10 16:34:19 : 10,700,000 : 0 : 3,113,686,625 : 32%
2022-04-10 18:27:14 : 10,800,000 : 0 : 3,143,833,875 : 33%
2022-04-10 20:20:12 : 10,900,000 : 0 : 3,173,850,050 : 33%
2022-04-10 22:14:30 : 11,000,000 : 0 : 3,203,735,150 : 33%
2022-04-11 00:17:10 : 11,100,000 : 0 : 3,233,095,950 : 34%
2022-04-11 02:27:20 : 11,200,000 : 0 : 3,262,587,825 : 34%
2022-04-11 04:47:54 : 11,300,000 : 0 : 3,291,817,550 : 34%
2022-04-11 07:34:57 : 11,400,000 : 0 : 3,320,654,050 : 35%
2022-04-11 10:38:11 : 11,500,000 : 0 : 3,349,490,550 : 35%
2022-04-11 13:01:41 : 11,600,000 : 0 : 3,378,720,275 : 35%
2022-04-11 15:00:33 : 11,700,000 : 0 : 3,408,867,525 : 36%
2022-04-11 16:52:27 : 11,800,000 : 0 : 3,439,276,925 : 36%
2022-04-11 18:51:57 : 11,900,000 : 0 : 3,469,686,325 : 36%
2022-04-11 20:44:10 : 12,000,000 : 0 : 3,499,702,500 : 36%
2022-04-11 22:32:25 : 12,100,000 : 0 : 3,519,494,825 : 37%
2022-04-12 00:33:57 : 12,200,000 : 0 : 3,549,248,850 : 37%
2022-04-12 02:38:02 : 12,300,000 : 0 : 3,578,871,800 : 37%
2022-04-12 05:19:00 : 12,400,000 : 0 : 3,607,052,925 : 38%
2022-04-12 07:52:44 : 12,500,000 : 0 : 3,636,282,650 : 38%
2022-04-12 10:53:17 : 12,600,000 : 0 : 3,665,250,225 : 38%
2022-04-12 13:12:52 : 12,700,000 : 0 : 3,694,086,725 : 38%
2022-04-12 15:08:43 : 12,800,000 : 0 : 3,723,971,825 : 39%
2022-04-12 16:57:11 : 12,900,000 : 0 : 3,754,250,150 : 39%
2022-04-12 18:44:12 : 13,000,000 : 0 : 3,784,004,175 : 39%
2022-04-12 20:33:10 : 13,100,000 : 0 : 3,813,627,125 : 40%
2022-04-12 22:34:34 : 13,200,000 : 0 : 3,843,643,300 : 40%
2022-04-13 00:34:29 : 13,300,000 : 0 : 3,873,397,325 : 40%
2022-04-13 02:39:56 : 13,400,000 : 0 : 3,893,189,650 : 41%
2022-04-13 04:57:57 : 13,500,000 : 0 : 3,922,288,300 : 41%
2022-04-13 07:44:41 : 13,600,000 : 0 : 3,950,993,725 : 41%
2022-04-13 10:47:08 : 13,700,000 : 0 : 3,980,616,675 : 41%
2022-04-13 13:08:31 : 13,800,000 : 0 : 4,010,108,550 : 42%
2022-04-13 15:04:36 : 13,900,000 : 0 : 4,040,255,800 : 42%
2022-04-13 16:52:44 : 14,000,000 : 0 : 4,070,927,350 : 42%
2022-04-13 18:40:57 : 14,100,000 : 0 : 4,101,074,600 : 43%
2022-04-13 20:33:17 : 14,200,000 : 0 : 4,131,221,850 : 43%
2022-04-13 22:21:15 : 14,300,000 : 0 : 4,160,844,800 : 43%
2022-04-14 00:20:51 : 14,400,000 : 0 : 4,190,467,750 : 44%
2022-04-14 02:25:40 : 14,500,000 : 0 : 4,220,483,925 : 44%
2022-04-14 04:41:31 : 14,600,000 : 0 : 4,249,320,425 : 44%
2022-04-14 07:29:04 : 14,700,000 : 0 : 4,278,419,075 : 45%
2022-04-14 10:24:12 : 14,800,000 : 0 : 4,297,031,725 : 45%
2022-04-14 12:44:55 : 14,900,000 : 0 : 4,325,212,850 : 45%
2022-04-14 14:45:05 : 15,000,000 : 0 : 4,354,835,800 : 45%
2022-04-14 16:36:31 : 15,100,000 : 0 : 4,385,245,200 : 46%
2022-04-14 18:28:40 : 15,200,000 : 0 : 4,415,523,525 : 46%
2022-04-14 20:20:03 : 15,300,000 : 0 : 4,445,277,550 : 46%
2022-04-14 22:12:44 : 15,400,000 : 0 : 4,474,769,425 : 47%
2022-04-15 00:13:20 : 15,500,000 : 0 : 4,504,523,450 : 47%
2022-04-15 02:21:36 : 15,600,000 : 0 : 4,534,015,325 : 47%
2022-04-15 04:40:04 : 15,700,000 : 0 : 4,562,982,900 : 48%
2022-04-15 07:27:19 : 15,800,000 : 0 : 4,592,081,550 : 48%
2022-04-15 10:37:51 : 15,900,000 : 0 : 4,621,311,275 : 48%
2022-04-15 13:07:32 : 16,000,000 : 0 : 4,650,541,000 : 48%
2022-04-15 15:08:22 : 16,100,000 : 0 : 4,680,819,325 : 49%
2022-04-15 17:02:00 : 16,200,000 : 0 : 4,711,228,725 : 49%
2022-04-15 18:53:34 : 16,300,000 : 0 : 4,741,375,975 : 49%
2022-04-15 20:47:31 : 16,400,000 : 0 : 4,771,261,075 : 50%
2022-04-15 22:44:28 : 16,500,000 : 0 : 4,790,922,325 : 50%
2022-04-16 00:53:53 : 16,600,000 : 0 : 4,820,676,350 : 50%
2022-04-16 03:10:42 : 16,700,000 : 0 : 4,850,168,225 : 51%
2022-04-16 05:41:11 : 16,800,000 : 0 : 4,878,873,650 : 51%
Decoding error with 134,217,728 bytes, reading another chunk
2022-04-16 08:43:47 : 16,900,000 : 0 : 4,907,710,150 : 51%
2022-04-16 11:51:16 : 17,000,000 : 0 : 4,936,284,500 : 51%
2022-04-16 14:13:53 : 17,100,000 : 0 : 4,965,514,225 : 52%
2022-04-16 16:16:11 : 17,200,000 : 0 : 4,995,792,550 : 52%
2022-04-16 18:13:18 : 17,300,000 : 0 : 5,025,939,800 : 52%
2022-04-16 20:10:38 : 17,400,000 : 0 : 5,055,562,750 : 53%
2022-04-16 22:13:43 : 17,500,000 : 0 : 5,085,316,775 : 53%
2022-04-17 00:22:41 : 17,600,000 : 0 : 5,114,808,650 : 53%
2022-04-17 02:42:23 : 17,700,000 : 0 : 5,144,038,375 : 54%
2022-04-17 05:13:59 : 17,800,000 : 0 : 5,172,612,725 : 54%
2022-04-17 08:12:28 : 17,900,000 : 0 : 5,200,924,925 : 54%
2022-04-17 11:24:37 : 18,000,000 : 0 : 5,219,930,800 : 54%
2022-04-17 13:56:38 : 18,100,000 : 0 : 5,248,898,375 : 55%
2022-04-17 15:59:14 : 18,200,000 : 0 : 5,289,138,400 : 55%
2022-04-17 17:56:56 : 18,300,000 : 0 : 5,309,455,025 : 55%
2022-04-17 19:54:52 : 18,400,000 : 0 : 5,339,471,200 : 56%
2022-04-17 21:54:33 : 18,500,000 : 0 : 5,369,618,450 : 56%
2022-04-17 23:56:58 : 18,600,000 : 0 : 5,398,848,175 : 56%
2022-04-18 02:03:57 : 18,700,000 : 0 : 5,428,208,975 : 57%
2022-04-18 04:19:17 : 18,800,000 : 0 : 5,457,438,700 : 57%
2022-04-18 07:03:09 : 18,900,000 : 0 : 5,486,406,275 : 57%
Decoding error with 134,217,728 bytes, reading another chunk
2022-04-18 10:06:18 : 19,000,000 : 0 : 5,515,111,700 : 57%
2022-04-18 12:36:31 : 19,100,000 : 0 : 5,543,686,050 : 58%
2022-04-18 14:35:32 : 19,200,000 : 0 : 5,573,309,000 : 58%
2022-04-18 16:21:49 : 19,300,000 : 0 : 5,603,325,175 : 58%
2022-04-18 18:08:26 : 19,400,000 : 0 : 5,633,865,650 : 59%
2022-04-18 19:53:10 : 19,500,000 : 0 : 5,663,619,675 : 59%
2022-04-18 21:39:44 : 19,600,000 : 0 : 5,693,766,925 : 59%
2022-04-18 23:29:39 : 19,700,000 : 0 : 5,723,389,875 : 60%
2022-04-19 01:29:34 : 19,800,000 : 0 : 5,752,750,675 : 60%
2022-04-19 03:34:22 : 19,900,000 : 0 : 5,772,018,700 : 60%
2022-04-19 06:00:47 : 20,000,000 : 0 : 5,800,855,200 : 60%
2022-04-19 09:00:11 : 20,100,000 : 0 : 5,829,691,700 : 61%
2022-04-19 11:45:16 : 20,200,000 : 0 : 5,858,659,275 : 61%
2022-04-19 13:51:11 : 20,300,000 : 0 : 5,887,889,000 : 61%
2022-04-19 15:39:10 : 20,400,000 : 0 : 5,917,905,175 : 62%
2022-04-19 17:24:56 : 20,500,000 : 0 : 5,947,528,125 : 62%
2022-04-19 19:08:26 : 20,600,000 : 0 : 5,977,020,000 : 62%
2022-04-19 20:55:18 : 20,700,000 : 0 : 6,006,905,100 : 63%
2022-04-19 22:45:41 : 20,800,000 : 0 : 6,036,528,050 : 63%
2022-04-20 00:44:27 : 20,900,000 : 0 : 6,066,282,075 : 63%
2022-04-20 02:48:10 : 21,000,000 : 0 : 6,096,298,250 : 64%
2022-04-20 05:03:06 : 21,100,000 : 0 : 6,125,134,750 : 64%
2022-04-20 07:50:49 : 21,200,000 : 0 : 6,154,364,475 : 64%
2022-04-20 10:52:41 : 21,300,000 : 0 : 6,183,463,125 : 64%
2022-04-20 13:11:18 : 21,400,000 : 0 : 6,213,348,225 : 65%
2022-04-20 15:06:16 : 21,500,000 : 0 : 6,243,233,325 : 65%
2022-04-20 16:54:10 : 21,600,000 : 0 : 6,273,249,500 : 65%
2022-04-20 18:41:22 : 21,700,000 : 0 : 6,303,527,825 : 66%
2022-04-20 20:29:40 : 21,800,000 : 0 : 6,333,675,075 : 66%
2022-04-20 22:18:15 : 21,900,000 : 0 : 6,363,298,025 : 66%
2022-04-21 00:14:16 : 22,000,000 : 0 : 6,392,789,900 : 67%
2022-04-21 02:15:08 : 22,100,000 : 0 : 6,411,926,850 : 67%
2022-04-21 04:23:04 : 22,200,000 : 0 : 6,440,763,350 : 67%
2022-04-21 06:57:55 : 22,300,000 : 0 : 6,469,337,700 : 67%
2022-04-21 09:58:17 : 22,400,000 : 0 : 6,498,698,500 : 68%
2022-04-21 12:27:46 : 22,500,000 : 0 : 6,527,141,775 : 68%
2022-04-21 14:27:44 : 22,600,000 : 0 : 6,556,895,800 : 68%
2022-04-21 16:16:26 : 22,700,000 : 0 : 6,587,567,350 : 69%
2022-04-21 18:05:12 : 22,800,000 : 0 : 6,618,107,825 : 69%
2022-04-21 19:55:11 : 22,900,000 : 0 : 6,648,648,300 : 69%
2022-04-21 21:46:30 : 23,000,000 : 0 : 6,679,057,700 : 70%
2022-04-21 23:44:32 : 23,100,000 : 0 : 6,708,942,800 : 70%
2022-04-22 01:49:02 : 23,200,000 : 0 : 6,738,827,900 : 70%
2022-04-22 03:59:28 : 23,300,000 : 0 : 6,768,319,775 : 71%
2022-04-22 06:31:28 : 23,400,000 : 0 : 6,797,025,200 : 71%
2022-04-22 09:31:10 : 23,500,000 : 0 : 6,825,730,625 : 71%
2022-04-22 12:09:31 : 23,600,000 : 0 : 6,854,829,275 : 71%
2022-04-22 14:12:22 : 23,700,000 : 0 : 6,884,845,450 : 72%
2022-04-22 16:03:03 : 23,800,000 : 0 : 6,914,861,625 : 72%
2022-04-22 17:50:34 : 23,900,000 : 0 : 6,944,877,800 : 72%
2022-04-22 19:40:57 : 24,000,000 : 0 : 6,974,500,750 : 73%
2022-04-22 21:31:27 : 24,100,000 : 0 : 7,004,385,850 : 73%
2022-04-22 23:27:15 : 24,200,000 : 0 : 7,033,484,500 : 73%
2022-04-23 01:35:13 : 24,300,000 : 0 : 7,062,321,000 : 74%
2022-04-23 03:49:18 : 24,400,000 : 0 : 7,090,764,275 : 74%
2022-04-23 06:23:52 : 24,500,000 : 0 : 7,109,770,150 : 74%
2022-04-23 09:24:27 : 24,600,000 : 0 : 7,137,558,050 : 74%
2022-04-23 12:13:34 : 24,700,000 : 0 : 7,165,739,175 : 75%
2022-04-23 14:26:16 : 24,800,000 : 0 : 7,194,706,750 : 75%
2022-04-23 16:22:47 : 24,900,000 : 0 : 7,224,854,000 : 75%
2022-04-23 18:20:26 : 25,000,000 : 0 : 7,255,001,250 : 76%
2022-04-23 20:19:57 : 25,100,000 : 0 : 7,284,886,350 : 76%
2022-04-23 22:21:12 : 25,200,000 : 0 : 7,314,640,375 : 76%
2022-04-24 00:31:10 : 25,300,000 : 0 : 7,344,001,175 : 77%
2022-04-24 02:48:58 : 25,400,000 : 0 : 7,373,230,900 : 77%
2022-04-24 05:18:26 : 25,500,000 : 0 : 7,402,198,475 : 77%
2022-04-24 08:11:45 : 25,600,000 : 0 : 7,430,248,525 : 77%
2022-04-24 11:13:38 : 25,700,000 : 0 : 7,458,560,725 : 78%
2022-04-24 13:40:44 : 25,800,000 : 0 : 7,487,135,075 : 78%
2022-04-24 15:41:19 : 25,900,000 : 0 : 7,517,020,175 : 78%
2022-04-24 17:35:36 : 26,000,000 : 0 : 7,547,822,800 : 79%
2022-04-24 19:27:42 : 26,100,000 : 0 : 7,577,838,975 : 79%
2022-04-24 21:21:14 : 26,200,000 : 0 : 7,607,724,075 : 79%
2022-04-24 23:18:36 : 26,300,000 : 0 : 7,637,609,175 : 80%
2022-04-25 01:25:26 : 26,400,000 : 0 : 7,667,101,050 : 80%
2022-04-25 03:36:18 : 26,500,000 : 0 : 7,696,461,850 : 80%
2022-04-25 06:04:11 : 26,600,000 : 0 : 7,725,298,350 : 81%
2022-04-25 08:59:41 : 26,700,000 : 0 : 7,744,304,225 : 81%
2022-04-25 11:44:56 : 26,800,000 : 0 : 7,773,402,875 : 81%
2022-04-25 13:51:48 : 26,900,000 : 0 : 7,802,632,600 : 81%
2022-04-25 15:40:51 : 27,000,000 : 0 : 7,832,517,700 : 82%
2022-04-25 17:23:29 : 27,100,000 : 0 : 7,862,402,800 : 82%
2022-04-25 19:07:39 : 27,200,000 : 0 : 7,892,287,900 : 82%
2022-04-25 20:50:38 : 27,300,000 : 0 : 7,922,173,000 : 83%
2022-04-25 22:38:16 : 27,400,000 : 0 : 7,951,795,950 : 83%
2022-04-26 00:32:49 : 27,500,000 : 0 : 7,981,156,750 : 83%
2022-04-26 02:32:33 : 27,600,000 : 0 : 8,010,648,625 : 83%
2022-04-26 04:44:09 : 27,700,000 : 0 : 8,039,616,200 : 84%
2022-04-26 07:26:29 : 27,800,000 : 0 : 8,068,059,475 : 84%
2022-04-26 10:28:56 : 27,900,000 : 0 : 8,096,895,975 : 84%
2022-04-26 12:52:51 : 28,000,000 : 0 : 8,126,387,850 : 85%
2022-04-26 14:50:26 : 28,100,000 : 0 : 8,155,879,725 : 85%
2022-04-26 16:36:22 : 28,200,000 : 0 : 8,185,633,750 : 85%
2022-04-26 18:21:56 : 28,300,000 : 0 : 8,215,518,850 : 86%
2022-04-26 20:06:59 : 28,400,000 : 0 : 8,245,403,950 : 86%
2022-04-26 21:53:33 : 28,500,000 : 0 : 8,275,289,050 : 86%
2022-04-26 23:46:15 : 28,600,000 : 0 : 8,304,256,625 : 87%
2022-04-27 01:49:04 : 28,700,000 : 0 : 8,333,617,425 : 87%
2022-04-27 03:58:10 : 28,800,000 : 0 : 8,363,109,300 : 87%
2022-04-27 06:29:30 : 28,900,000 : 0 : 8,392,076,875 : 87%
2022-04-27 09:33:22 : 29,000,000 : 0 : 8,421,437,675 : 88%
2022-04-27 12:11:08 : 29,100,000 : 0 : 8,450,536,325 : 88%
2022-04-27 14:12:34 : 29,200,000 : 0 : 8,480,028,200 : 88%
2022-04-27 16:00:59 : 29,300,000 : 0 : 8,510,175,450 : 89%
2022-04-27 17:46:54 : 29,400,000 : 0 : 8,540,060,550 : 89%
2022-04-27 19:33:56 : 29,500,000 : 0 : 8,569,945,650 : 89%
2022-04-27 21:19:57 : 29,600,000 : 0 : 8,599,699,675 : 90%
2022-04-27 23:11:37 : 29,700,000 : 0 : 8,619,360,925 : 90%
2022-04-28 01:14:09 : 29,800,000 : 0 : 8,648,459,575 : 90%
2022-04-28 03:19:46 : 29,900,000 : 0 : 8,678,082,525 : 90%
2022-04-28 05:44:35 : 30,000,000 : 0 : 8,707,050,100 : 91%
2022-04-28 08:43:46 : 30,100,000 : 0 : 8,736,673,050 : 91%
2022-04-28 11:34:23 : 30,200,000 : 0 : 8,765,509,550 : 91%
2022-04-28 13:43:32 : 30,300,000 : 0 : 8,795,394,650 : 92%
2022-04-28 15:33:17 : 30,400,000 : 0 : 8,825,541,900 : 92%
2022-04-28 17:20:37 : 30,500,000 : 0 : 8,855,951,300 : 92%
2022-04-28 19:07:56 : 30,600,000 : 0 : 8,886,098,550 : 93%
2022-04-28 20:56:34 : 30,700,000 : 0 : 8,916,639,025 : 93%
2022-04-28 22:47:03 : 30,800,000 : 0 : 8,946,524,125 : 93%
2022-04-29 00:54:43 : 30,900,000 : 0 : 8,976,802,450 : 94%
2022-04-29 03:01:11 : 31,000,000 : 0 : 9,006,425,400 : 94%
2022-04-29 05:21:16 : 31,100,000 : 0 : 9,035,917,275 : 94%
2022-04-29 08:13:23 : 31,200,000 : 0 : 9,065,409,150 : 94%
2022-04-29 11:13:16 : 31,300,000 : 0 : 9,095,032,100 : 95%
2022-04-29 13:26:53 : 31,400,000 : 0 : 9,124,261,825 : 95%
2022-04-29 15:21:35 : 31,500,000 : 0 : 9,154,671,225 : 95%
2022-04-29 17:09:40 : 31,600,000 : 0 : 9,184,818,475 : 96%
2022-04-29 19:00:49 : 31,700,000 : 0 : 9,215,096,800 : 96%
2022-04-29 20:52:28 : 31,800,000 : 0 : 9,244,719,750 : 96%
2022-04-29 22:47:29 : 31,900,000 : 0 : 9,274,342,700 : 97%
2022-04-30 00:56:09 : 32,000,000 : 0 : 9,303,834,575 : 97%
2022-04-30 03:08:50 : 32,100,000 : 0 : 9,342,239,550 : 97%
2022-04-30 05:38:36 : 32,200,000 : 0 : 9,371,338,200 : 98%
2022-04-30 08:40:29 : 32,300,000 : 0 : 9,400,043,625 : 98%
2022-04-30 11:44:26 : 32,400,000 : 0 : 9,428,486,900 : 98%
2022-04-30 14:03:12 : 32,500,000 : 0 : 9,457,192,325 : 99%
2022-04-30 16:01:21 : 32,600,000 : 0 : 9,486,684,200 : 99%
2022-04-30 17:57:25 : 32,700,000 : 0 : 9,516,438,225 : 99%
2022-04-30 19:54:19 : 32,800,000 : 0 : 9,546,061,175 : 99%
2022-04-30 21:54:12 : 32,900,000 : 0 : 9,575,421,975 : 100%
2022-04-30 23:56:42 : 33,000,000 : 0 : 9,595,930,360 : 100%
2022-05-01 02:14:43 : 100,000 : 0 : 31,064,775 : 0%
2022-05-01 04:43:01 : 200,000 : 0 : 60,818,800 : 1%
2022-05-01 07:34:52 : 300,000 : 0 : 89,786,375 : 1%
2022-05-01 10:39:51 : 400,000 : 0 : 118,229,650 : 1%
2022-05-01 13:13:42 : 500,000 : 0 : 146,541,850 : 1%
2022-05-01 15:16:04 : 600,000 : 0 : 176,033,725 : 2%
2022-05-01 17:08:05 : 700,000 : 0 : 205,918,825 : 2%
2022-05-01 18:58:02 : 800,000 : 0 : 235,803,925 : 2%
2022-05-01 20:48:13 : 900,000 : 0 : 265,557,950 : 3%
2022-05-01 22:41:43 : 1,000,000 : 0 : 295,311,975 : 3%
2022-05-02 00:43:51 : 1,100,000 : 0 : 324,541,700 : 3%
2022-05-02 02:52:40 : 1,200,000 : 0 : 353,771,425 : 3%
2022-05-02 05:18:21 : 1,300,000 : 0 : 382,739,000 : 4%
2022-05-02 08:12:17 : 1,400,000 : 0 : 411,051,200 : 4%
2022-05-02 11:06:41 : 1,500,000 : 0 : 439,363,400 : 4%
2022-05-02 13:21:14 : 1,600,000 : 0 : 468,462,050 : 5%
2022-05-02 15:12:45 : 1,700,000 : 0 : 497,953,925 : 5%
2022-05-02 16:56:46 : 1,800,000 : 0 : 528,101,175 : 5%
2022-05-02 18:38:42 : 1,900,000 : 0 : 557,986,275 : 5%
2022-05-02 20:23:40 : 2,000,000 : 0 : 588,264,600 : 6%
2022-05-02 22:09:21 : 2,100,000 : 0 : 617,887,550 : 6%
2022-05-03 00:04:20 : 2,200,000 : 0 : 647,641,575 : 6%
2022-05-03 02:06:54 : 2,300,000 : 0 : 676,871,300 : 7%
2022-05-03 04:18:10 : 2,400,000 : 0 : 705,314,575 : 7%
2022-05-03 06:57:40 : 2,500,000 : 0 : 733,626,775 : 7%
2022-05-03 10:00:02 : 2,600,000 : 0 : 761,283,600 : 7%
2022-05-03 12:29:31 : 2,700,000 : 0 : 789,333,650 : 8%
2022-05-03 14:26:00 : 2,800,000 : 0 : 818,301,225 : 8%
2022-05-03 16:13:02 : 2,900,000 : 0 : 848,186,325 : 8%
2022-05-03 17:58:41 : 3,000,000 : 0 : 877,809,275 : 8%
2022-05-03 19:43:47 : 3,100,000 : 0 : 907,432,225 : 9%
2022-05-03 21:26:37 : 3,200,000 : 0 : 936,793,025 : 9%
2022-05-03 23:13:54 : 3,300,000 : 0 : 965,760,600 : 9%
2022-05-04 01:15:50 : 3,400,000 : 0 : 995,252,475 : 10%
2022-05-04 03:20:28 : 3,500,000 : 0 : 1,023,957,900 : 10%
2022-05-04 05:44:22 : 3,600,000 : 0 : 1,052,401,175 : 10%
2022-05-04 08:40:30 : 3,700,000 : 0 : 1,081,237,675 : 10%
2022-05-04 11:28:49 : 3,800,000 : 0 : 1,109,418,800 : 11%
2022-05-04 13:36:18 : 3,900,000 : 0 : 1,138,386,375 : 11%
2022-05-04 15:23:58 : 4,000,000 : 0 : 1,168,009,325 : 11%
2022-05-04 17:08:13 : 4,100,000 : 0 : 1,197,894,425 : 12%
2022-05-04 18:53:27 : 4,200,000 : 0 : 1,227,779,525 : 12%
2022-05-04 20:39:25 : 4,300,000 : 0 : 1,257,533,550 : 12%
2022-05-04 22:28:34 : 4,400,000 : 0 : 1,286,632,200 : 12%
2022-05-05 00:23:06 : 4,500,000 : 0 : 1,315,075,475 : 13%
2022-05-05 02:23:23 : 4,600,000 : 0 : 1,343,911,975 : 13%
2022-05-05 04:30:05 : 4,700,000 : 0 : 1,372,224,175 : 13%
2022-05-05 07:06:01 : 4,800,000 : 0 : 1,400,536,375 : 14%
2022-05-05 10:05:06 : 4,900,000 : 0 : 1,429,110,725 : 14%
2022-05-05 12:36:48 : 5,000,000 : 0 : 1,458,078,300 : 14%
2022-05-05 14:34:12 : 5,100,000 : 0 : 1,487,045,875 : 14%
2022-05-05 16:20:48 : 5,200,000 : 0 : 1,516,799,900 : 15%
2022-05-05 18:07:44 : 5,300,000 : 0 : 1,546,291,775 : 15%
2022-05-05 19:54:16 : 5,400,000 : 0 : 1,575,652,575 : 15%
2022-05-05 21:41:03 : 5,500,000 : 0 : 1,604,620,150 : 15%
2022-05-05 23:35:28 : 5,600,000 : 0 : 1,633,325,575 : 16%
2022-05-06 01:48:15 : 5,700,000 : 0 : 1,662,424,225 : 16%
2022-05-06 03:58:23 : 5,800,000 : 0 : 1,690,998,575 : 16%
2022-05-06 06:31:13 : 5,900,000 : 0 : 1,719,310,775 : 17%
2022-05-06 09:32:53 : 6,000,000 : 0 : 1,748,016,200 : 17%
Decoding error with 134,217,728 bytes, reading another chunk
2022-05-06 12:08:08 : 6,100,000 : 0 : 1,776,328,400 : 17%
2022-05-06 14:11:54 : 6,200,000 : 0 : 1,805,427,050 : 17%
2022-05-06 16:00:13 : 6,300,000 : 0 : 1,835,312,150 : 18%
2022-05-06 17:46:40 : 6,400,000 : 0 : 1,865,197,250 : 18%
2022-05-06 19:34:59 : 6,500,000 : 0 : 1,895,213,425 : 18%
2022-05-06 21:22:45 : 6,600,000 : 0 : 1,924,705,300 : 19%
2022-05-06 23:16:27 : 6,700,000 : 0 : 1,954,197,175 : 19%
2022-05-07 01:23:38 : 6,800,000 : 0 : 1,983,426,900 : 19%
2022-05-07 03:38:09 : 6,900,000 : 0 : 2,012,787,700 : 19%
2022-05-07 06:13:04 : 7,000,000 : 0 : 2,041,755,275 : 20%
2022-05-07 09:08:51 : 7,100,000 : 0 : 2,070,722,850 : 20%
2022-05-07 12:00:08 : 7,200,000 : 0 : 2,109,258,900 : 20%
2022-05-07 14:11:20 : 7,300,000 : 0 : 2,138,226,475 : 21%
2022-05-07 16:05:30 : 7,400,000 : 0 : 2,168,111,575 : 21%
2022-05-07 18:00:05 : 7,500,000 : 0 : 2,198,520,975 : 21%
2022-05-07 19:56:05 : 7,600,000 : 0 : 2,228,537,150 : 22%
2022-05-07 21:53:07 : 7,700,000 : 0 : 2,257,635,800 : 22%
2022-05-07 23:55:13 : 7,800,000 : 0 : 2,286,996,600 : 22%
2022-05-08 02:12:17 : 7,900,000 : 0 : 2,316,488,475 : 22%
2022-05-08 04:38:11 : 8,000,000 : 0 : 2,346,111,425 : 23%
2022-05-08 07:28:48 : 8,100,000 : 0 : 2,375,341,150 : 23%
2022-05-08 10:30:20 : 8,200,000 : 0 : 2,403,915,500 : 23%
2022-05-08 13:04:28 : 8,300,000 : 0 : 2,432,752,000 : 23%
2022-05-08 15:05:04 : 8,400,000 : 0 : 2,462,243,875 : 24%
2022-05-08 16:57:14 : 8,500,000 : 0 : 2,492,784,350 : 24%
2022-05-08 18:48:56 : 8,600,000 : 0 : 2,523,062,675 : 24%
2022-05-08 20:41:43 : 8,700,000 : 0 : 2,552,947,775 : 25%
2022-05-08 22:36:03 : 8,800,000 : 0 : 2,582,701,800 : 25%
2022-05-09 00:42:11 : 8,900,000 : 0 : 2,612,324,750 : 25%
2022-05-09 02:52:09 : 9,000,000 : 0 : 2,641,947,700 : 25%
2022-05-09 05:15:41 : 9,100,000 : 0 : 2,670,784,200 : 26%
2022-05-09 08:04:59 : 9,200,000 : 0 : 2,699,882,850 : 26%
2022-05-09 10:59:49 : 9,300,000 : 0 : 2,728,457,200 : 26%
2022-05-09 13:12:54 : 9,400,000 : 0 : 2,757,949,075 : 27%
2022-05-09 15:03:54 : 9,500,000 : 0 : 2,787,834,175 : 27%
2022-05-09 16:46:52 : 9,600,000 : 0 : 2,818,243,575 : 27%
2022-05-09 18:30:26 : 9,700,000 : 0 : 2,848,521,900 : 27%
2022-05-09 20:13:30 : 9,800,000 : 0 : 2,878,669,150 : 28%
2022-05-09 21:55:35 : 9,900,000 : 0 : 2,908,029,950 : 28%
2022-05-09 23:47:14 : 10,000,000 : 0 : 2,936,997,525 : 28%
2022-05-10 01:47:18 : 10,100,000 : 0 : 2,966,358,325 : 29%
2022-05-10 03:48:56 : 10,200,000 : 0 : 2,995,325,900 : 29%
2022-05-10 06:12:27 : 10,300,000 : 0 : 3,023,900,250 : 29%
2022-05-10 09:05:48 : 10,400,000 : 0 : 3,052,605,675 : 29%
2022-05-10 11:43:45 : 10,500,000 : 0 : 3,080,917,875 : 30%
2022-05-10 13:46:03 : 10,600,000 : 0 : 3,110,016,525 : 30%
2022-05-10 15:32:13 : 10,700,000 : 0 : 3,139,770,550 : 30%
2022-05-10 17:15:21 : 10,800,000 : 0 : 3,169,917,800 : 31%
2022-05-10 19:00:52 : 10,900,000 : 0 : 3,199,933,975 : 31%
2022-05-10 20:45:01 : 11,000,000 : 0 : 3,229,163,700 : 31%
2022-05-10 22:30:58 : 11,100,000 : 0 : 3,258,131,275 : 31%
2022-05-11 00:25:53 : 11,200,000 : 0 : 3,287,098,850 : 32%
2022-05-11 02:28:50 : 11,300,000 : 0 : 3,316,066,425 : 32%
2022-05-11 04:43:15 : 11,400,000 : 0 : 3,345,034,000 : 32%
2022-05-11 07:18:07 : 11,500,000 : 0 : 3,374,001,575 : 33%
2022-05-11 10:11:49 : 11,600,000 : 0 : 3,402,444,850 : 33%
2022-05-11 12:35:08 : 11,700,000 : 0 : 3,431,543,500 : 33%
2022-05-11 14:28:36 : 11,800,000 : 0 : 3,461,035,375 : 33%
2022-05-11 16:10:18 : 11,900,000 : 0 : 3,491,051,550 : 34%
2022-05-11 17:51:05 : 12,000,000 : 0 : 3,521,329,875 : 34%
2022-05-11 19:34:42 : 12,100,000 : 0 : 3,551,346,050 : 34%
2022-05-11 21:17:08 : 12,200,000 : 0 : 3,580,837,925 : 35%
2022-05-11 23:04:22 : 12,300,000 : 0 : 3,610,329,800 : 35%
2022-05-12 01:06:27 : 12,400,000 : 0 : 3,640,083,825 : 35%
2022-05-12 03:08:25 : 12,500,000 : 0 : 3,669,182,475 : 35%
2022-05-12 05:22:32 : 12,600,000 : 0 : 3,698,281,125 : 36%
2022-05-12 08:08:43 : 12,700,000 : 0 : 3,727,379,775 : 36%
2022-05-12 10:58:35 : 12,800,000 : 0 : 3,756,347,350 : 36%
2022-05-12 13:10:08 : 12,900,000 : 0 : 3,785,314,925 : 37%
2022-05-12 14:58:45 : 13,000,000 : 0 : 3,814,806,800 : 37%
2022-05-12 16:40:48 : 13,100,000 : 0 : 3,844,298,675 : 37%
2022-05-12 18:25:51 : 13,200,000 : 0 : 3,874,183,775 : 37%
2022-05-12 20:13:27 : 13,300,000 : 0 : 3,903,937,800 : 38%
2022-05-12 21:55:30 : 13,400,000 : 0 : 3,933,167,525 : 38%
2022-05-12 23:49:56 : 13,500,000 : 0 : 3,962,004,025 : 38%
2022-05-13 01:54:37 : 13,600,000 : 0 : 3,991,364,825 : 39%
2022-05-13 04:02:06 : 13,700,000 : 0 : 4,020,070,250 : 39%
2022-05-13 06:31:50 : 13,800,000 : 0 : 4,048,644,600 : 39%
2022-05-13 09:26:28 : 13,900,000 : 0 : 4,077,218,950 : 39%
2022-05-13 12:02:55 : 14,000,000 : 0 : 4,105,793,300 : 40%
2022-05-13 14:03:44 : 14,100,000 : 0 : 4,134,760,875 : 40%
2022-05-13 15:49:40 : 14,200,000 : 0 : 4,174,214,450 : 40%
2022-05-13 17:36:13 : 14,300,000 : 0 : 4,204,230,625 : 41%
2022-05-13 19:23:15 : 14,400,000 : 0 : 4,233,329,275 : 41%
2022-05-13 21:09:29 : 14,500,000 : 0 : 4,262,165,775 : 41%
2022-05-13 23:02:11 : 14,600,000 : 0 : 4,290,871,200 : 41%
2022-05-14 01:06:47 : 14,700,000 : 0 : 4,319,707,700 : 42%
2022-05-14 03:18:46 : 14,800,000 : 0 : 4,348,544,200 : 42%
2022-05-14 05:45:19 : 14,900,000 : 0 : 4,376,987,475 : 42%
2022-05-14 08:33:09 : 15,000,000 : 0 : 4,404,906,450 : 43%
2022-05-14 11:26:17 : 15,100,000 : 0 : 4,432,563,275 : 43%
2022-05-14 13:44:34 : 15,200,000 : 0 : 4,461,006,550 : 43%
2022-05-14 15:41:15 : 15,300,000 : 0 : 4,490,629,500 : 43%
2022-05-14 17:31:29 : 15,400,000 : 0 : 4,520,252,450 : 44%
2022-05-14 19:24:56 : 15,500,000 : 0 : 4,549,744,325 : 44%
2022-05-14 21:20:39 : 15,600,000 : 0 : 4,578,974,050 : 44%
2022-05-14 23:22:51 : 15,700,000 : 0 : 4,607,941,625 : 44%
2022-05-15 01:32:03 : 15,800,000 : 0 : 4,637,040,275 : 45%
2022-05-15 03:50:15 : 15,900,000 : 0 : 4,666,138,925 : 45%
2022-05-15 06:26:09 : 16,000,000 : 0 : 4,694,451,125 : 45%
2022-05-15 09:24:11 : 16,100,000 : 0 : 4,722,894,400 : 46%
2022-05-15 12:09:27 : 16,200,000 : 0 : 4,751,206,600 : 46%
2022-05-15 14:17:06 : 16,300,000 : 0 : 4,779,780,950 : 46%
2022-05-15 16:11:09 : 16,400,000 : 0 : 4,809,797,125 : 46%
2022-05-15 18:00:00 : 16,500,000 : 0 : 4,839,944,375 : 47%
2022-05-15 19:45:51 : 16,600,000 : 0 : 4,869,567,325 : 47%
2022-05-15 21:34:16 : 16,700,000 : 0 : 4,899,059,200 : 47%
2022-05-15 23:29:22 : 16,800,000 : 0 : 4,928,157,850 : 48%
2022-05-16 01:35:42 : 16,900,000 : 0 : 4,957,518,650 : 48%
2022-05-16 03:43:18 : 17,000,000 : 0 : 4,986,748,375 : 48%
2022-05-16 06:07:38 : 17,100,000 : 0 : 5,015,453,800 : 48%
2022-05-16 08:54:51 : 17,200,000 : 0 : 5,043,766,000 : 49%
2022-05-16 11:32:23 : 17,300,000 : 0 : 5,071,947,125 : 49%
2022-05-16 13:35:37 : 17,400,000 : 0 : 5,100,652,550 : 49%
2022-05-16 15:22:00 : 17,500,000 : 0 : 5,130,275,500 : 50%
2022-05-16 17:01:50 : 17,600,000 : 0 : 5,170,122,300 : 50%
2022-05-16 18:42:44 : 17,700,000 : 0 : 5,190,045,700 : 50%
2022-05-16 20:24:26 : 17,800,000 : 0 : 5,219,930,800 : 50%
2022-05-16 22:05:31 : 17,900,000 : 0 : 5,249,553,750 : 51%
2022-05-16 23:58:42 : 18,000,000 : 0 : 5,288,483,025 : 51%
2022-05-17 02:00:00 : 18,100,000 : 0 : 5,317,843,825 : 51%
2022-05-17 04:06:35 : 18,200,000 : 0 : 5,346,680,325 : 52%
2022-05-17 06:36:32 : 18,300,000 : 0 : 5,374,861,450 : 52%
2022-05-17 09:28:15 : 18,400,000 : 0 : 5,403,042,575 : 52%
2022-05-17 12:00:18 : 18,500,000 : 0 : 5,431,223,700 : 52%
2022-05-17 14:00:10 : 18,600,000 : 0 : 5,460,453,425 : 53%
2022-05-17 15:46:11 : 18,700,000 : 0 : 5,490,207,450 : 53%
2022-05-17 17:28:33 : 18,800,000 : 0 : 5,520,223,625 : 53%
2022-05-17 19:11:05 : 18,900,000 : 0 : 5,550,108,725 : 54%
2022-05-17 20:53:23 : 19,000,000 : 0 : 5,579,862,750 : 54%
2022-05-17 22:37:05 : 19,100,000 : 0 : 5,608,961,400 : 54%
2022-05-18 00:34:51 : 19,200,000 : 0 : 5,638,060,050 : 54%
2022-05-18 02:36:48 : 19,300,000 : 0 : 5,667,289,775 : 55%
2022-05-18 04:51:26 : 19,400,000 : 0 : 5,695,995,200 : 55%
2022-05-18 07:27:11 : 19,500,000 : 0 : 5,724,307,400 : 55%
2022-05-18 10:22:20 : 19,600,000 : 0 : 5,752,488,525 : 56%
2022-05-18 12:42:26 : 19,700,000 : 0 : 5,781,062,875 : 56%
2022-05-18 14:32:43 : 19,800,000 : 0 : 5,810,030,450 : 56%
2022-05-18 16:14:47 : 19,900,000 : 0 : 5,849,877,250 : 56%
2022-05-18 17:58:00 : 20,000,000 : 0 : 5,879,762,350 : 57%
2022-05-18 19:41:40 : 20,100,000 : 0 : 5,909,778,525 : 57%
2022-05-18 21:24:44 : 20,200,000 : 0 : 5,939,663,625 : 57%
2022-05-18 23:11:28 : 20,300,000 : 0 : 5,968,369,050 : 58%
2022-05-19 01:07:36 : 20,400,000 : 0 : 5,997,336,625 : 58%
2022-05-19 03:08:06 : 20,500,000 : 0 : 6,026,304,200 : 58%
2022-05-19 05:21:11 : 20,600,000 : 0 : 6,054,485,325 : 58%
2022-05-19 07:59:27 : 20,700,000 : 0 : 6,083,059,675 : 59%
2022-05-19 10:53:02 : 20,800,000 : 0 : 6,111,502,950 : 59%
2022-05-19 13:05:39 : 20,900,000 : 0 : 6,140,077,300 : 59%
2022-05-19 14:57:17 : 21,000,000 : 0 : 6,169,438,100 : 60%
2022-05-19 16:41:08 : 21,100,000 : 0 : 6,199,323,200 : 60%
2022-05-19 18:24:20 : 21,200,000 : 0 : 6,229,208,300 : 60%
2022-05-19 20:08:01 : 21,300,000 : 0 : 6,258,438,025 : 60%
2022-05-19 22:04:17 : 21,400,000 : 0 : 6,288,192,050 : 61%
2022-05-20 00:00:05 : 21,500,000 : 0 : 6,317,552,850 : 61%
2022-05-20 02:04:52 : 21,600,000 : 0 : 6,346,913,650 : 61%
2022-05-20 04:14:50 : 21,700,000 : 0 : 6,385,580,775 : 62%
2022-05-20 06:48:29 : 21,800,000 : 0 : 6,414,679,425 : 62%
2022-05-20 09:44:21 : 21,900,000 : 0 : 6,442,991,625 : 62%
2022-05-20 12:13:30 : 22,000,000 : 0 : 6,471,565,975 : 62%
2022-05-20 14:11:43 : 22,100,000 : 0 : 6,500,926,775 : 63%
2022-05-20 15:59:36 : 22,200,000 : 0 : 6,530,811,875 : 63%
2022-05-20 17:44:41 : 22,300,000 : 0 : 6,560,828,050 : 63%
2022-05-20 19:31:33 : 22,400,000 : 0 : 6,590,188,850 : 64%
2022-05-20 21:19:46 : 22,500,000 : 0 : 6,619,811,800 : 64%
Decoding error with 134,217,728 bytes, reading another chunk
2022-05-20 23:12:34 : 22,600,000 : 0 : 6,649,172,600 : 64%
2022-05-21 01:20:57 : 22,700,000 : 0 : 6,687,577,575 : 65%
2022-05-21 03:36:29 : 22,800,000 : 0 : 6,716,414,075 : 65%
2022-05-21 06:07:10 : 22,900,000 : 0 : 6,744,988,425 : 65%
2022-05-21 09:04:24 : 23,000,000 : 0 : 6,773,431,700 : 65%
2022-05-21 11:56:27 : 23,100,000 : 0 : 6,801,350,675 : 66%
2022-05-21 14:05:29 : 23,200,000 : 0 : 6,829,662,875 : 66%
2022-05-21 15:59:05 : 23,300,000 : 0 : 6,859,023,675 : 66%
2022-05-21 17:51:17 : 23,400,000 : 0 : 6,888,384,475 : 66%
2022-05-21 19:45:21 : 23,500,000 : 0 : 6,917,745,275 : 67%
2022-05-21 21:42:41 : 23,600,000 : 0 : 6,947,237,150 : 67%
2022-05-21 23:44:07 : 23,700,000 : 0 : 6,976,597,950 : 67%
2022-05-22 01:57:00 : 23,800,000 : 0 : 7,005,958,750 : 68%
2022-05-22 04:20:29 : 23,900,000 : 0 : 7,035,057,400 : 68%
2022-05-22 07:04:41 : 24,000,000 : 0 : 7,063,238,525 : 68%
2022-05-22 10:04:56 : 24,100,000 : 0 : 7,100,201,675 : 69%
2022-05-22 12:42:07 : 24,200,000 : 0 : 7,128,120,650 : 69%
2022-05-22 14:46:19 : 24,300,000 : 0 : 7,157,481,450 : 69%
2022-05-22 16:38:16 : 24,400,000 : 0 : 7,187,497,625 : 69%
2022-05-22 18:24:22 : 24,500,000 : 0 : 7,217,382,725 : 70%
2022-05-22 20:11:05 : 24,600,000 : 0 : 7,247,005,675 : 70%
2022-05-22 21:59:47 : 24,700,000 : 0 : 7,276,366,475 : 70%
2022-05-22 23:58:35 : 24,800,000 : 0 : 7,305,989,425 : 71%
2022-05-23 02:04:36 : 24,900,000 : 0 : 7,336,005,600 : 71%
2022-05-23 04:16:00 : 25,000,000 : 0 : 7,364,973,175 : 71%
2022-05-23 06:48:28 : 25,100,000 : 0 : 7,393,285,375 : 71%
2022-05-23 09:42:31 : 25,200,000 : 0 : 7,431,428,200 : 72%
2022-05-23 12:10:55 : 25,300,000 : 0 : 7,459,609,325 : 72%
2022-05-23 14:05:35 : 25,400,000 : 0 : 7,488,839,050 : 72%
2022-05-23 15:45:03 : 25,500,000 : 0 : 7,518,462,000 : 73%
2022-05-23 17:23:50 : 25,600,000 : 0 : 7,548,478,175 : 73%
2022-05-23 19:02:51 : 25,700,000 : 0 : 7,578,232,200 : 73%
2022-05-23 20:41:51 : 25,800,000 : 0 : 7,608,117,300 : 73%
2022-05-23 22:23:58 : 25,900,000 : 0 : 7,637,740,250 : 74%
2022-05-24 00:18:00 : 26,000,000 : 0 : 7,666,969,975 : 74%
2022-05-24 02:20:53 : 26,100,000 : 0 : 7,706,423,550 : 74%
2022-05-24 04:32:00 : 26,200,000 : 0 : 7,735,653,275 : 75%
2022-05-24 07:03:18 : 26,300,000 : 0 : 7,764,358,700 : 75%
2022-05-24 09:53:22 : 26,400,000 : 0 : 7,792,539,825 : 75%
2022-05-24 12:15:20 : 26,500,000 : 0 : 7,820,589,875 : 75%
2022-05-24 14:08:40 : 26,600,000 : 0 : 7,849,688,525 : 76%
2022-05-24 15:49:06 : 26,700,000 : 0 : 7,879,180,400 : 76%
2022-05-24 17:28:25 : 26,800,000 : 0 : 7,909,327,650 : 76%
2022-05-24 19:06:40 : 26,900,000 : 0 : 7,938,819,525 : 77%
2022-05-24 20:45:56 : 27,000,000 : 0 : 7,968,442,475 : 77%
2022-05-24 22:29:31 : 27,100,000 : 0 : 7,997,803,275 : 77%
2022-05-25 00:26:38 : 27,200,000 : 0 : 8,036,863,625 : 78%
2022-05-25 02:29:01 : 27,300,000 : 0 : 8,066,486,575 : 78%
2022-05-25 04:38:18 : 27,400,000 : 0 : 8,095,192,000 : 78%
2022-05-25 07:08:16 : 27,500,000 : 0 : 8,123,504,200 : 78%
2022-05-25 10:00:13 : 27,600,000 : 0 : 8,151,947,475 : 79%
2022-05-25 12:22:56 : 27,700,000 : 0 : 8,180,521,825 : 79%
2022-05-25 14:16:31 : 27,800,000 : 0 : 8,209,489,400 : 79%
2022-05-25 16:00:59 : 27,900,000 : 0 : 8,249,074,050 : 80%
2022-05-25 17:43:03 : 28,000,000 : 0 : 8,279,614,525 : 80%
2022-05-25 19:25:46 : 28,100,000 : 0 : 8,309,892,850 : 80%
2022-05-25 21:08:03 : 28,200,000 : 0 : 8,339,909,025 : 80%
2022-05-25 22:52:24 : 28,300,000 : 0 : 8,369,400,900 : 81%
2022-05-26 00:47:51 : 28,400,000 : 0 : 8,399,023,850 : 81%
2022-05-26 02:46:04 : 28,500,000 : 0 : 8,428,384,650 : 81%
2022-05-26 04:57:23 : 28,600,000 : 0 : 8,466,658,550 : 82%
2022-05-26 07:32:36 : 28,700,000 : 0 : 8,494,970,750 : 82%
2022-05-26 10:21:13 : 28,800,000 : 0 : 8,523,020,800 : 82%
2022-05-26 12:37:13 : 28,900,000 : 0 : 8,551,726,225 : 83%
2022-05-26 14:29:11 : 29,000,000 : 0 : 8,580,693,800 : 83%
2022-05-26 16:10:35 : 29,100,000 : 0 : 8,610,316,750 : 83%
2022-05-26 17:52:52 : 29,200,000 : 0 : 8,650,294,625 : 83%
2022-05-26 19:33:41 : 29,300,000 : 0 : 8,679,655,425 : 84%
2022-05-26 21:16:44 : 29,400,000 : 0 : 8,709,540,525 : 84%
2022-05-26 23:03:13 : 29,500,000 : 0 : 8,738,770,250 : 84%
2022-05-27 01:00:37 : 29,600,000 : 0 : 8,767,999,975 : 85%
2022-05-27 03:04:34 : 29,700,000 : 0 : 8,797,622,925 : 85%
2022-05-27 05:19:30 : 29,800,000 : 0 : 8,825,804,050 : 85%
2022-05-27 07:58:01 : 29,900,000 : 0 : 8,854,247,325 : 85%
2022-05-27 10:41:29 : 30,000,000 : 0 : 8,891,472,625 : 86%
2022-05-27 12:58:12 : 30,100,000 : 0 : 8,920,309,125 : 86%
2022-05-27 14:48:50 : 30,200,000 : 0 : 8,949,932,075 : 86%
2022-05-27 16:30:28 : 30,300,000 : 0 : 8,979,423,950 : 87%
2022-05-27 18:14:09 : 30,400,000 : 0 : 9,009,309,050 : 87%
2022-05-27 20:00:32 : 30,500,000 : 0 : 9,038,669,850 : 87%
2022-05-27 21:47:21 : 30,600,000 : 0 : 9,077,468,050 : 88%
2022-05-27 23:40:54 : 30,700,000 : 0 : 9,106,435,625 : 88%
2022-05-28 01:47:53 : 30,800,000 : 0 : 9,135,665,350 : 88%
2022-05-28 04:04:22 : 30,900,000 : 0 : 9,164,501,850 : 88%
2022-05-28 06:38:18 : 31,000,000 : 0 : 9,193,338,350 : 89%
2022-05-28 09:29:36 : 31,100,000 : 0 : 9,221,257,325 : 89%
2022-05-28 12:12:05 : 31,200,000 : 0 : 9,258,482,625 : 89%
2022-05-28 14:17:09 : 31,300,000 : 0 : 9,287,581,275 : 90%
2022-05-28 16:10:50 : 31,400,000 : 0 : 9,316,942,075 : 90%
2022-05-28 18:02:00 : 31,500,000 : 0 : 9,347,220,400 : 90%
2022-05-28 19:56:55 : 31,600,000 : 0 : 9,377,367,650 : 91%
2022-05-28 21:56:30 : 31,700,000 : 0 : 9,417,476,600 : 91%
2022-05-28 23:55:13 : 31,800,000 : 0 : 9,446,706,325 : 91%
2022-05-29 02:08:36 : 31,900,000 : 0 : 9,475,936,050 : 91%
2022-05-29 04:31:28 : 32,000,000 : 0 : 9,505,165,775 : 92%
2022-05-29 07:12:56 : 32,100,000 : 0 : 9,533,740,125 : 92%
2022-05-29 10:07:24 : 32,200,000 : 0 : 9,561,921,250 : 92%
2022-05-29 12:39:39 : 32,300,000 : 0 : 9,600,457,300 : 93%
2022-05-29 14:40:38 : 32,400,000 : 0 : 9,629,818,100 : 93%
2022-05-29 16:28:21 : 32,500,000 : 0 : 9,659,834,275 : 93%
2022-05-29 18:15:55 : 32,600,000 : 0 : 9,690,243,675 : 94%
2022-05-29 20:04:23 : 32,700,000 : 0 : 9,731,008,000 : 94%
2022-05-29 21:54:41 : 32,800,000 : 0 : 9,761,548,475 : 94%
2022-05-29 23:53:07 : 32,900,000 : 0 : 9,791,564,650 : 95%
2022-05-30 10:40:26 : 33,000,000 : 0 : 9,819,876,850 : 95%
2022-05-30 13:02:13 : 33,100,000 : 0 : 9,848,189,050 : 95%
2022-05-30 14:59:20 : 33,200,000 : 0 : 9,877,287,700 : 95%
2022-05-30 16:47:42 : 33,300,000 : 0 : 9,907,566,025 : 96%
2022-05-30 18:33:54 : 33,400,000 : 0 : 9,937,713,275 : 96%
2022-05-30 20:21:40 : 33,500,000 : 0 : 9,967,598,375 : 96%
2022-05-30 22:11:36 : 33,600,000 : 0 : 9,997,090,250 : 96%
2022-05-31 00:12:51 : 33,700,000 : 0 : 10,026,057,825 : 97%
2022-05-31 02:18:47 : 33,800,000 : 0 : 10,054,894,325 : 97%
2022-05-31 04:30:34 : 33,900,000 : 0 : 10,093,037,150 : 97%
2022-05-31 07:03:24 : 34,000,000 : 0 : 10,121,218,275 : 98%
2022-05-31 10:01:05 : 34,100,000 : 0 : 10,149,923,700 : 98%
2022-05-31 12:27:31 : 34,200,000 : 0 : 10,178,498,050 : 98%
2022-05-31 14:23:42 : 34,300,000 : 0 : 10,207,596,700 : 99%
2022-05-31 16:07:43 : 34,400,000 : 0 : 10,237,219,650 : 99%
2022-05-31 17:52:41 : 34,500,000 : 0 : 10,267,497,975 : 99%
2022-05-31 19:44:13 : 34,600,000 : 0 : 10,297,252,000 : 99%
2022-05-31 21:26:53 : 34,700,000 : 0 : 10,327,006,025 : 100%
2022-05-31 23:14:24 : 34,800,000 : 0 : 10,356,104,675 : 100%
2022-06-01 14:00:44 : 100,000 : 0 : 40,895,400 : 0%
2022-06-01 17:00:48 : 200,000 : 0 : 71,304,800 : 1%
2022-06-01 17:29:18 : 300,000 : 0 : 101,845,275 : 1%
2022-06-01 19:13:30 : 400,000 : 0 : 131,861,450 : 1%
2022-06-01 20:57:55 : 500,000 : 0 : 161,091,175 : 2%
2022-06-01 22:43:11 : 600,000 : 0 : 180,359,200 : 2%
2022-06-02 00:36:11 : 700,000 : 0 : 209,195,700 : 2%
2022-06-02 02:40:06 : 800,000 : 0 : 238,556,500 : 2%
2022-06-02 04:54:32 : 900,000 : 0 : 267,393,000 : 3%
2022-06-02 07:34:45 : 1,000,000 : 0 : 296,098,425 : 3%
2022-06-02 10:30:05 : 1,100,000 : 0 : 323,886,325 : 3%
2022-06-02 12:50:27 : 1,200,000 : 0 : 352,067,450 : 4%
Decoding error with 134,217,728 bytes, reading another chunk
2022-06-02 14:44:43 : 1,300,000 : 0 : 380,641,800 : 4%
Decoding error with 134,217,728 bytes, reading another chunk
2022-06-02 16:28:15 : 1,400,000 : 0 : 409,609,375 : 4%
2022-06-02 18:11:38 : 1,500,000 : 0 : 439,494,475 : 4%
2022-06-02 19:56:47 : 1,600,000 : 0 : 468,855,275 : 5%
2022-06-02 21:42:53 : 1,700,000 : 0 : 497,822,850 : 5%
2022-06-02 23:34:25 : 1,800,000 : 0 : 526,528,275 : 5%
2022-06-03 01:36:58 : 1,900,000 : 0 : 555,364,775 : 6%
2022-06-03 03:46:55 : 2,000,000 : 0 : 584,070,200 : 6%
2022-06-03 06:11:40 : 2,100,000 : 0 : 612,251,325 : 6%
2022-06-03 09:06:27 : 2,200,000 : 0 : 640,694,600 : 6%
2022-06-03 11:49:16 : 2,300,000 : 0 : 668,613,575 : 7%
2022-06-03 13:54:01 : 2,400,000 : 0 : 706,756,400 : 7%
2022-06-03 15:44:37 : 2,500,000 : 0 : 736,117,200 : 7%
2022-06-03 17:31:48 : 2,600,000 : 0 : 765,871,225 : 8%
2022-06-03 19:20:59 : 2,700,000 : 0 : 794,969,875 : 8%
2022-06-03 21:09:10 : 2,800,000 : 0 : 824,199,600 : 8%
2022-06-03 23:03:20 : 2,900,000 : 0 : 852,905,025 : 8%
2022-06-04 01:08:44 : 3,000,000 : 0 : 881,479,375 : 9%
2022-06-04 03:24:01 : 3,100,000 : 0 : 909,660,500 : 9%
2022-06-04 05:52:29 : 3,200,000 : 0 : 937,579,475 : 9%
2022-06-04 08:45:54 : 3,300,000 : 0 : 965,891,675 : 10%
2022-06-04 11:39:56 : 3,400,000 : 0 : 993,679,575 : 10%
2022-06-04 13:57:00 : 3,500,000 : 0 : 1,021,336,400 : 10%
2022-06-04 15:53:41 : 3,600,000 : 0 : 1,050,041,825 : 10%
2022-06-04 17:47:05 : 3,700,000 : 0 : 1,078,878,325 : 11%
2022-06-04 19:32:24 : 3,800,000 : 0 : 1,105,879,775 : 11%
2022-06-04 21:30:08 : 3,900,000 : 0 : 1,135,371,650 : 11%
2022-06-04 23:30:26 : 4,000,000 : 0 : 1,164,208,150 : 12%
2022-06-05 01:43:03 : 4,100,000 : 0 : 1,192,520,350 : 12%
2022-06-05 04:04:03 : 4,200,000 : 0 : 1,221,225,775 : 12%
2022-06-05 06:44:37 : 4,300,000 : 0 : 1,249,144,750 : 12%
2022-06-05 09:48:40 : 4,400,000 : 0 : 1,276,932,650 : 13%
2022-06-05 12:33:07 : 4,500,000 : 0 : 1,304,851,625 : 13%
2022-06-05 14:42:15 : 4,600,000 : 0 : 1,334,212,425 : 13%
2022-06-05 16:34:13 : 4,700,000 : 0 : 1,363,835,375 : 14%
2022-06-05 18:25:55 : 4,800,000 : 0 : 1,393,720,475 : 14%
2022-06-05 20:17:54 : 4,900,000 : 0 : 1,423,474,500 : 14%
2022-06-05 22:12:59 : 5,000,000 : 0 : 1,453,228,525 : 14%
2022-06-06 00:13:31 : 5,100,000 : 0 : 1,482,589,325 : 15%
2022-06-06 02:22:09 : 5,200,000 : 0 : 1,512,212,275 : 15%
2022-06-06 04:39:22 : 5,300,000 : 0 : 1,541,310,925 : 15%
2022-06-06 07:19:37 : 5,400,000 : 0 : 1,569,754,200 : 16%
2022-06-06 10:10:08 : 5,500,000 : 0 : 1,598,197,475 : 16%
2022-06-06 12:30:11 : 5,600,000 : 0 : 1,626,640,750 : 16%
2022-06-06 14:24:19 : 5,700,000 : 0 : 1,655,477,250 : 16%
2022-06-06 16:08:35 : 5,800,000 : 0 : 1,695,324,050 : 17%
2022-06-06 17:50:45 : 5,900,000 : 0 : 1,725,471,300 : 17%
2022-06-06 19:33:35 : 6,000,000 : 0 : 1,755,094,250 : 17%
2022-06-06 21:16:24 : 6,100,000 : 0 : 1,774,886,575 : 18%
2022-06-06 23:02:05 : 6,200,000 : 0 : 1,803,854,150 : 18%
2022-06-07 00:59:40 : 6,300,000 : 0 : 1,833,214,950 : 18%
2022-06-07 02:57:57 : 6,400,000 : 0 : 1,871,226,700 : 19%
2022-06-07 05:08:29 : 6,500,000 : 0 : 1,890,363,650 : 19%
2022-06-07 07:37:46 : 6,600,000 : 0 : 1,918,413,700 : 19%
2022-06-07 10:21:28 : 6,700,000 : 0 : 1,955,770,075 : 19%
2022-06-07 12:38:21 : 6,800,000 : 0 : 1,984,344,425 : 20%
2022-06-07 14:30:18 : 6,900,000 : 0 : 2,013,443,075 : 20%
2022-06-07 16:14:06 : 7,000,000 : 0 : 2,043,197,100 : 20%
2022-06-07 17:55:24 : 7,100,000 : 0 : 2,073,606,500 : 21%
2022-06-07 19:39:52 : 7,200,000 : 0 : 2,103,229,450 : 21%
2022-06-07 21:24:03 : 7,300,000 : 0 : 2,132,065,950 : 21%
2022-06-07 23:11:41 : 7,400,000 : 0 : 2,161,164,600 : 22%
2022-06-08 01:10:43 : 7,500,000 : 0 : 2,190,394,325 : 22%
2022-06-08 03:13:49 : 7,600,000 : 0 : 2,219,624,050 : 22%
2022-06-08 05:33:32 : 7,700,000 : 0 : 2,248,329,475 : 22%
2022-06-08 08:16:58 : 7,800,000 : 0 : 2,277,165,975 : 23%
2022-06-08 11:02:43 : 7,900,000 : 0 : 2,305,478,175 : 23%
2022-06-08 13:11:47 : 8,000,000 : 0 : 2,334,707,900 : 23%
2022-06-08 15:00:14 : 8,100,000 : 0 : 2,364,068,700 : 24%
2022-06-08 16:40:40 : 8,200,000 : 0 : 2,393,691,650 : 24%
2022-06-08 18:19:52 : 8,300,000 : 0 : 2,423,183,525 : 24%
2022-06-08 19:59:29 : 8,400,000 : 0 : 2,452,413,250 : 24%
2022-06-08 21:44:47 : 8,500,000 : 0 : 2,481,774,050 : 25%
2022-06-08 23:34:36 : 8,600,000 : 0 : 2,510,610,550 : 25%
2022-06-09 01:34:20 : 8,700,000 : 0 : 2,539,709,200 : 25%
2022-06-09 03:39:20 : 8,800,000 : 0 : 2,568,807,850 : 26%
2022-06-09 06:00:27 : 8,900,000 : 0 : 2,597,120,050 : 26%
2022-06-09 08:48:27 : 9,000,000 : 0 : 2,625,301,175 : 26%
2022-06-09 11:27:29 : 9,100,000 : 0 : 2,653,089,075 : 26%
2022-06-09 13:34:46 : 9,200,000 : 0 : 2,682,187,725 : 27%
2022-06-09 15:24:57 : 9,300,000 : 0 : 2,712,203,900 : 27%
2022-06-09 17:08:46 : 9,400,000 : 0 : 2,742,482,225 : 27%
2022-06-09 18:51:24 : 9,500,000 : 0 : 2,772,236,250 : 28%
2022-06-09 20:34:05 : 9,600,000 : 0 : 2,801,990,275 : 28%
2022-06-09 22:19:38 : 9,700,000 : 0 : 2,831,482,150 : 28%
2022-06-10 00:14:53 : 9,800,000 : 0 : 2,860,711,875 : 28%
2022-06-10 02:19:23 : 9,900,000 : 0 : 2,889,810,525 : 29%
2022-06-10 04:30:50 : 10,000,000 : 0 : 2,918,909,175 : 29%
2022-06-10 07:00:48 : 10,100,000 : 0 : 2,947,483,525 : 29%
2022-06-10 09:49:12 : 10,200,000 : 0 : 2,975,533,575 : 30%
2022-06-10 12:18:59 : 10,300,000 : 0 : 3,004,239,000 : 30%
2022-06-10 14:18:07 : 10,400,000 : 0 : 3,033,599,800 : 30%
2022-06-10 16:04:16 : 10,500,000 : 0 : 3,063,615,975 : 30%
2022-06-10 17:49:01 : 10,600,000 : 0 : 3,093,894,300 : 31%
2022-06-10 19:35:42 : 10,700,000 : 0 : 3,123,779,400 : 31%
2022-06-10 21:23:32 : 10,800,000 : 0 : 3,153,533,425 : 31%
2022-06-10 23:14:57 : 10,900,000 : 0 : 3,182,632,075 : 32%
2022-06-11 01:19:43 : 11,000,000 : 0 : 3,211,730,725 : 32%
2022-06-11 03:34:04 : 11,100,000 : 0 : 3,240,829,375 : 32%
2022-06-11 06:00:45 : 11,200,000 : 0 : 3,269,141,575 : 33%
2022-06-11 08:50:29 : 11,300,000 : 0 : 3,297,191,625 : 33%
2022-06-11 11:40:22 : 11,400,000 : 0 : 3,325,503,825 : 33%
2022-06-11 13:56:16 : 11,500,000 : 0 : 3,354,078,175 : 33%
2022-06-11 15:52:48 : 11,600,000 : 0 : 3,383,832,200 : 34%
2022-06-11 17:45:28 : 11,700,000 : 0 : 3,413,717,300 : 34%
2022-06-11 19:41:27 : 11,800,000 : 0 : 3,443,864,550 : 34%
2022-06-11 21:40:23 : 11,900,000 : 0 : 3,474,273,950 : 35%
2022-06-11 23:42:59 : 12,000,000 : 0 : 3,504,290,125 : 35%
2022-06-12 01:57:43 : 12,100,000 : 0 : 3,533,782,000 : 35%
2022-06-12 04:22:00 : 12,200,000 : 0 : 3,563,273,875 : 35%
2022-06-12 07:07:17 : 12,300,000 : 0 : 3,592,110,375 : 36%
2022-06-12 10:03:07 : 12,400,000 : 0 : 3,620,029,350 : 36%
2022-06-12 12:40:23 : 12,500,000 : 0 : 3,648,079,400 : 36%
2022-06-12 14:44:44 : 12,600,000 : 0 : 3,677,309,125 : 37%
2022-06-12 16:36:17 : 12,700,000 : 0 : 3,707,063,150 : 37%
2022-06-12 18:25:26 : 12,800,000 : 0 : 3,736,686,100 : 37%
2022-06-12 20:12:38 : 12,900,000 : 0 : 3,766,177,975 : 37%
2022-06-12 22:01:31 : 13,000,000 : 0 : 3,796,063,075 : 38%
2022-06-12 23:58:24 : 13,100,000 : 0 : 3,825,030,650 : 38%
2022-06-13 02:01:56 : 13,200,000 : 0 : 3,853,867,150 : 38%
2022-06-13 04:09:26 : 13,300,000 : 0 : 3,882,703,650 : 39%
2022-06-13 06:41:59 : 13,400,000 : 0 : 3,911,278,000 : 39%
2022-06-13 09:30:13 : 13,500,000 : 0 : 3,940,114,500 : 39%
2022-06-13 11:57:58 : 13,600,000 : 0 : 3,968,688,850 : 40%
2022-06-13 13:55:54 : 13,700,000 : 0 : 3,998,180,725 : 40%
2022-06-13 15:41:30 : 13,800,000 : 0 : 4,028,327,975 : 40%
2022-06-13 17:22:12 : 13,900,000 : 0 : 4,058,344,150 : 40%
2022-06-13 19:02:40 : 14,000,000 : 0 : 4,088,622,475 : 41%
2022-06-13 20:41:41 : 14,100,000 : 0 : 4,118,245,425 : 41%
2022-06-13 22:22:19 : 14,200,000 : 0 : 4,147,737,300 : 41%
2022-06-14 00:14:07 : 14,300,000 : 0 : 4,176,967,025 : 42%
2022-06-14 02:15:16 : 14,400,000 : 0 : 4,206,196,750 : 42%
2022-06-14 04:20:54 : 14,500,000 : 0 : 4,235,164,325 : 42%
2022-06-14 06:45:41 : 14,600,000 : 0 : 4,263,607,600 : 42%
2022-06-14 09:35:05 : 14,700,000 : 0 : 4,292,181,950 : 43%
2022-06-14 12:05:09 : 14,800,000 : 0 : 4,320,756,300 : 43%
2022-06-14 14:06:56 : 14,900,000 : 0 : 4,350,379,250 : 43%
2022-06-14 15:51:03 : 15,000,000 : 0 : 4,380,395,425 : 44%
2022-06-14 17:32:11 : 15,100,000 : 0 : 4,410,673,750 : 44%
2022-06-14 19:13:19 : 15,200,000 : 0 : 4,440,689,925 : 44%
2022-06-14 20:54:58 : 15,300,000 : 0 : 4,470,837,175 : 45%
2022-06-14 22:45:01 : 15,400,000 : 0 : 4,500,460,125 : 45%
2022-06-15 00:40:51 : 15,500,000 : 0 : 4,529,296,625 : 45%
2022-06-15 02:40:55 : 15,600,000 : 0 : 4,558,264,200 : 45%
2022-06-15 04:50:37 : 15,700,000 : 0 : 4,587,100,700 : 46%
2022-06-15 07:21:16 : 15,800,000 : 0 : 4,615,543,975 : 46%
2022-06-15 10:11:05 : 15,900,000 : 0 : 4,644,380,475 : 46%
2022-06-15 12:32:32 : 16,000,000 : 0 : 4,673,348,050 : 47%
2022-06-15 14:26:29 : 16,100,000 : 0 : 4,702,708,850 : 47%
2022-06-15 16:08:27 : 16,200,000 : 0 : 4,732,462,875 : 47%
2022-06-15 17:50:00 : 16,300,000 : 0 : 4,763,134,425 : 47%
2022-06-15 19:31:22 : 16,400,000 : 0 : 4,793,412,750 : 48%
2022-06-15 21:16:44 : 16,500,000 : 0 : 4,823,297,850 : 48%
2022-06-15 23:01:29 : 16,600,000 : 0 : 4,852,527,575 : 48%
2022-06-16 00:56:36 : 16,700,000 : 0 : 4,881,364,075 : 49%
2022-06-16 02:56:02 : 16,800,000 : 0 : 4,910,593,800 : 49%
2022-06-16 05:05:13 : 16,900,000 : 0 : 4,939,299,225 : 49%
2022-06-16 07:37:53 : 17,000,000 : 0 : 4,968,004,650 : 49%
2022-06-16 10:24:04 : 17,100,000 : 0 : 4,996,579,000 : 50%
2022-06-16 12:40:04 : 17,200,000 : 0 : 5,025,284,425 : 50%
2022-06-16 14:33:46 : 17,300,000 : 0 : 5,054,907,375 : 50%
2022-06-16 16:18:35 : 17,400,000 : 0 : 5,084,923,550 : 51%
2022-06-16 18:00:33 : 17,500,000 : 0 : 5,114,808,650 : 51%
2022-06-16 19:44:10 : 17,600,000 : 0 : 5,145,218,050 : 51%
2022-06-16 21:32:17 : 17,700,000 : 0 : 5,175,365,300 : 52%
2022-06-16 23:22:31 : 17,800,000 : 0 : 5,204,857,175 : 52%
2022-06-17 01:22:31 : 17,900,000 : 0 : 5,233,824,750 : 52%
2022-06-17 03:25:43 : 18,000,000 : 0 : 5,262,923,400 : 52%
2022-06-17 05:38:00 : 18,100,000 : 0 : 5,291,628,825 : 53%
2022-06-17 08:16:17 : 18,200,000 : 0 : 5,320,334,250 : 53%
2022-06-17 10:58:09 : 18,300,000 : 0 : 5,348,646,450 : 53%
2022-06-17 13:09:47 : 18,400,000 : 0 : 5,377,482,950 : 54%
2022-06-17 15:00:38 : 18,500,000 : 0 : 5,406,319,450 : 54%
2022-06-17 15:35:31 : 18,600,000 : 0 : 5,416,543,300 : 54%
2022-06-17 16:17:24 : 18,700,000 : 0 : 5,431,748,000 : 54%
2022-06-17 17:55:08 : 18,800,000 : 0 : 5,461,239,875 : 54%
2022-06-17 19:38:21 : 18,900,000 : 0 : 5,490,993,900 : 55%
2022-06-17 21:25:17 : 19,000,000 : 0 : 5,520,354,700 : 55%
2022-06-17 23:16:11 : 19,100,000 : 0 : 5,549,322,275 : 55%
2022-06-18 01:19:16 : 19,200,000 : 0 : 5,577,896,625 : 56%
2022-06-18 03:33:41 : 19,300,000 : 0 : 5,606,470,975 : 56%
2022-06-18 06:00:14 : 19,400,000 : 0 : 5,635,045,325 : 56%
2022-06-18 08:49:13 : 19,500,000 : 0 : 5,663,095,375 : 56%
2022-06-18 11:35:44 : 19,600,000 : 0 : 5,691,014,350 : 57%
2022-06-18 13:51:45 : 19,700,000 : 0 : 5,729,157,175 : 57%
2022-06-18 15:50:00 : 19,800,000 : 0 : 5,759,435,500 : 57%
2022-06-18 17:42:31 : 19,900,000 : 0 : 5,789,189,525 : 58%
2022-06-18 19:36:20 : 20,000,000 : 0 : 5,819,074,625 : 58%
2022-06-18 21:31:07 : 20,100,000 : 0 : 5,848,697,575 : 58%
2022-06-18 23:31:47 : 20,200,000 : 0 : 5,877,927,300 : 59%
2022-06-19 01:41:37 : 20,300,000 : 0 : 5,906,894,875 : 59%
2022-06-19 03:58:26 : 20,400,000 : 0 : 5,935,731,375 : 59%
2022-06-19 06:33:01 : 20,500,000 : 0 : 5,964,043,575 : 59%
2022-06-19 09:23:00 : 20,600,000 : 0 : 5,991,962,550 : 60%
2022-06-19 12:04:40 : 20,700,000 : 0 : 6,019,619,375 : 60%
2022-06-19 14:14:05 : 20,800,000 : 0 : 6,048,455,875 : 60%
2022-06-19 16:07:13 : 20,900,000 : 0 : 6,078,340,975 : 61%
2022-06-19 18:00:11 : 21,000,000 : 0 : 6,109,012,525 : 61%
2022-06-19 19:52:48 : 21,100,000 : 0 : 6,138,897,625 : 61%
2022-06-19 21:43:25 : 21,200,000 : 0 : 6,168,913,800 : 61%
2022-06-19 23:39:44 : 21,300,000 : 0 : 6,197,750,300 : 62%
2022-06-20 01:50:28 : 21,400,000 : 0 : 6,226,980,025 : 62%
2022-06-20 04:01:34 : 21,500,000 : 0 : 6,255,423,300 : 62%
2022-06-20 06:27:36 : 21,600,000 : 0 : 6,284,128,725 : 63%
2022-06-20 09:09:30 : 21,700,000 : 0 : 6,312,309,850 : 63%
2022-06-20 11:44:45 : 21,800,000 : 0 : 6,340,753,125 : 63%
Decoding error with 134,217,728 bytes, reading another chunk
2022-06-20 13:46:22 : 21,900,000 : 0 : 6,370,376,075 : 63%
2022-06-20 15:33:24 : 22,000,000 : 0 : 6,400,261,175 : 64%
2022-06-20 17:12:58 : 22,100,000 : 0 : 6,430,408,425 : 64%
2022-06-20 18:53:01 : 22,200,000 : 0 : 6,460,162,450 : 64%
2022-06-20 20:35:17 : 22,300,000 : 0 : 6,490,178,625 : 65%
2022-06-20 22:16:24 : 22,400,000 : 0 : 6,519,408,350 : 65%
2022-06-21 00:07:28 : 22,500,000 : 0 : 6,548,638,075 : 65%
2022-06-21 02:05:30 : 22,600,000 : 0 : 6,577,736,725 : 65%
2022-06-21 04:09:45 : 22,700,000 : 0 : 6,606,966,450 : 66%
2022-06-21 06:31:51 : 22,800,000 : 0 : 6,644,847,125 : 66%
2022-06-21 09:16:05 : 22,900,000 : 0 : 6,672,897,175 : 66%
2022-06-21 11:47:29 : 23,000,000 : 0 : 6,701,340,450 : 67%
2022-06-21 13:46:18 : 23,100,000 : 0 : 6,730,439,100 : 67%
2022-06-21 15:31:25 : 23,200,000 : 0 : 6,760,193,125 : 67%
2022-06-21 17:12:37 : 23,300,000 : 0 : 6,790,209,300 : 68%
Decoding error with 134,217,728 bytes, reading another chunk
2022-06-21 18:52:42 : 23,400,000 : 0 : 6,830,187,175 : 68%
2022-06-21 20:32:29 : 23,500,000 : 0 : 6,850,110,575 : 68%
2022-06-21 22:13:53 : 23,600,000 : 0 : 6,879,864,600 : 68%
2022-06-22 00:04:30 : 23,700,000 : 0 : 6,909,356,475 : 69%
2022-06-22 02:02:39 : 23,800,000 : 0 : 6,938,848,350 : 69%
2022-06-22 04:04:21 : 23,900,000 : 0 : 6,968,209,150 : 69%
2022-06-22 06:23:13 : 24,000,000 : 0 : 6,996,521,350 : 70%
2022-06-22 09:00:16 : 24,100,000 : 0 : 7,024,309,250 : 70%
2022-06-22 11:31:05 : 24,200,000 : 0 : 7,052,621,450 : 70%
2022-06-22 13:31:25 : 24,300,000 : 0 : 7,081,457,950 : 70%
2022-06-22 15:18:11 : 24,400,000 : 0 : 7,111,211,975 : 71%
2022-06-22 16:59:28 : 24,500,000 : 0 : 7,141,621,375 : 71%
2022-06-22 18:41:02 : 24,600,000 : 0 : 7,171,899,700 : 71%
2022-06-22 20:21:54 : 24,700,000 : 0 : 7,202,178,025 : 72%
2022-06-22 22:03:34 : 24,800,000 : 0 : 7,231,800,975 : 72%
2022-06-22 23:51:26 : 24,900,000 : 0 : 7,261,030,700 : 72%
2022-06-23 01:49:26 : 25,000,000 : 0 : 7,290,260,425 : 73%
2022-06-23 03:52:48 : 25,100,000 : 0 : 7,319,490,150 : 73%
2022-06-23 06:12:28 : 25,200,000 : 0 : 7,348,064,500 : 73%
2022-06-23 08:54:46 : 25,300,000 : 0 : 7,376,507,775 : 73%
2022-06-23 11:31:28 : 25,400,000 : 0 : 7,405,213,200 : 74%
2022-06-23 13:33:40 : 25,500,000 : 0 : 7,434,705,075 : 74%
2022-06-23 15:20:34 : 25,600,000 : 0 : 7,463,934,800 : 74%
2022-06-23 17:02:22 : 25,700,000 : 0 : 7,494,344,200 : 75%
2022-06-23 18:44:07 : 25,800,000 : 0 : 7,524,753,600 : 75%
2022-06-23 20:25:37 : 25,900,000 : 0 : 7,554,769,775 : 75%
2022-06-23 22:09:43 : 26,000,000 : 0 : 7,584,392,725 : 75%
2022-06-24 00:00:37 : 26,100,000 : 0 : 7,613,753,525 : 76%
2022-06-24 02:00:22 : 26,200,000 : 0 : 7,643,114,325 : 76%
2022-06-24 04:04:13 : 26,300,000 : 0 : 7,671,950,825 : 76%
2022-06-24 06:21:03 : 26,400,000 : 0 : 7,700,131,950 : 77%
2022-06-24 09:04:54 : 26,500,000 : 0 : 7,728,968,450 : 77%
2022-06-24 11:37:09 : 26,600,000 : 0 : 7,757,280,650 : 77%
2022-06-24 13:38:32 : 26,700,000 : 0 : 7,795,685,625 : 78%
2022-06-24 15:25:31 : 26,800,000 : 0 : 7,825,439,650 : 78%
2022-06-24 17:08:14 : 26,900,000 : 0 : 7,855,455,825 : 78%
2022-06-24 18:51:52 : 27,000,000 : 0 : 7,885,209,850 : 78%
2022-06-24 20:38:40 : 27,100,000 : 0 : 7,914,832,800 : 79%
2022-06-24 22:26:15 : 27,200,000 : 0 : 7,944,062,525 : 79%
2022-06-25 00:21:24 : 27,300,000 : 0 : 7,972,505,800 : 79%
2022-06-25 02:26:43 : 27,400,000 : 0 : 8,001,211,225 : 80%
2022-06-25 04:39:42 : 27,500,000 : 0 : 8,029,392,350 : 80%
2022-06-25 07:08:32 : 27,600,000 : 0 : 8,057,311,325 : 80%
2022-06-25 09:54:21 : 27,700,000 : 0 : 8,085,230,300 : 80%
2022-06-25 12:28:15 : 27,800,000 : 0 : 8,113,411,425 : 81%
2022-06-25 14:33:55 : 27,900,000 : 0 : 8,142,379,000 : 81%
2022-06-25 16:24:25 : 28,000,000 : 0 : 8,171,739,800 : 81%
2022-06-25 18:14:44 : 28,100,000 : 0 : 8,201,362,750 : 82%
2022-06-25 20:05:35 : 28,200,000 : 0 : 8,230,723,550 : 82%
2022-06-25 21:58:27 : 28,300,000 : 0 : 8,259,560,050 : 82%
2022-06-25 23:56:18 : 28,400,000 : 0 : 8,288,396,550 : 83%
2022-06-26 02:06:23 : 28,500,000 : 0 : 8,317,233,050 : 83%
2022-06-26 04:20:58 : 28,600,000 : 0 : 8,345,545,250 : 83%
2022-06-26 06:55:09 : 28,700,000 : 0 : 8,373,595,300 : 83%
2022-06-26 09:40:36 : 28,800,000 : 0 : 8,400,727,825 : 84%
2022-06-26 12:16:10 : 28,900,000 : 0 : 8,427,991,425 : 84%
2022-06-26 14:24:07 : 29,000,000 : 0 : 8,456,434,700 : 84%
2022-06-26 16:13:41 : 29,100,000 : 0 : 8,485,402,275 : 84%
2022-06-26 18:00:08 : 29,200,000 : 0 : 8,515,025,225 : 85%
2022-06-26 19:47:26 : 29,300,000 : 0 : 8,544,910,325 : 85%
2022-06-26 21:35:40 : 29,400,000 : 0 : 8,574,140,050 : 85%
2022-06-26 23:30:12 : 29,500,000 : 0 : 8,604,025,150 : 86%
2022-06-27 01:32:48 : 29,600,000 : 0 : 8,633,123,800 : 86%
2022-06-27 03:36:23 : 29,700,000 : 0 : 8,662,091,375 : 86%
2022-06-27 05:52:49 : 29,800,000 : 0 : 8,690,534,650 : 87%
Decoding error with 134,217,728 bytes, reading another chunk
2022-06-27 08:34:37 : 29,900,000 : 0 : 8,719,371,150 : 87%
2022-06-27 11:12:34 : 30,000,000 : 0 : 8,757,120,750 : 87%
2022-06-27 13:19:57 : 30,100,000 : 0 : 8,786,219,400 : 87%
2022-06-27 15:08:31 : 30,200,000 : 0 : 8,815,973,425 : 88%
2022-06-27 16:48:21 : 30,300,000 : 0 : 8,846,120,675 : 88%
2022-06-27 18:26:45 : 30,400,000 : 0 : 8,876,530,075 : 88%
2022-06-27 20:06:06 : 30,500,000 : 0 : 8,906,939,475 : 89%
2022-06-27 22:10:37 : 30,600,000 : 0 : 8,936,431,350 : 89%
2022-06-27 23:56:46 : 30,700,000 : 0 : 8,965,792,150 : 89%
2022-06-28 01:52:52 : 30,800,000 : 0 : 8,994,890,800 : 90%
2022-06-28 03:54:30 : 30,900,000 : 0 : 9,023,727,300 : 90%
2022-06-28 06:12:08 : 31,000,000 : 0 : 9,052,170,575 : 90%
2022-06-28 08:48:37 : 31,100,000 : 0 : 9,080,613,850 : 90%
2022-06-28 11:18:23 : 31,200,000 : 0 : 9,109,057,125 : 91%
2022-06-28 13:19:13 : 31,300,000 : 0 : 9,137,762,550 : 91%
2022-06-28 15:06:07 : 31,400,000 : 0 : 9,167,385,500 : 91%
2022-06-28 16:46:19 : 31,500,000 : 0 : 9,197,663,825 : 92%
2022-06-28 18:21:35 : 31,600,000 : 0 : 9,226,762,475 : 92%
2022-06-28 19:58:10 : 31,700,000 : 0 : 9,257,040,800 : 92%
2022-06-28 21:36:26 : 31,800,000 : 0 : 9,286,925,900 : 92%
2022-06-28 23:22:33 : 31,900,000 : 0 : 9,316,679,925 : 93%
2022-06-29 01:17:51 : 32,000,000 : 0 : 9,345,647,500 : 93%
2022-06-29 03:13:52 : 32,100,000 : 0 : 9,374,484,000 : 93%
2022-06-29 05:18:45 : 32,200,000 : 0 : 9,402,534,050 : 94%
2022-06-29 07:45:45 : 32,300,000 : 0 : 9,430,977,325 : 94%
2022-06-29 10:24:17 : 32,400,000 : 0 : 9,459,027,375 : 94%
2022-06-29 12:38:08 : 32,500,000 : 0 : 9,487,470,650 : 94%
2022-06-29 14:28:54 : 32,600,000 : 0 : 9,516,831,450 : 95%
2022-06-29 16:10:26 : 32,700,000 : 0 : 9,546,847,625 : 95%
2022-06-29 17:48:23 : 32,800,000 : 0 : 9,576,601,650 : 95%
2022-06-29 19:28:30 : 32,900,000 : 0 : 9,606,879,975 : 96%
2022-06-29 21:07:14 : 33,000,000 : 0 : 9,635,716,475 : 96%
2022-06-29 22:47:27 : 33,100,000 : 0 : 9,665,077,275 : 96%
2022-06-30 00:36:35 : 33,200,000 : 0 : 9,693,913,775 : 96%
2022-06-30 02:31:27 : 33,300,000 : 0 : 9,722,488,125 : 97%
2022-06-30 04:33:09 : 33,400,000 : 0 : 9,751,062,475 : 97%
2022-06-30 06:54:25 : 33,500,000 : 0 : 9,779,374,675 : 97%
2022-06-30 09:33:54 : 33,600,000 : 0 : 9,817,124,275 : 98%
2022-06-30 12:00:10 : 33,700,000 : 0 : 9,845,567,550 : 98%
2022-06-30 13:54:57 : 33,800,000 : 0 : 9,874,404,050 : 98%
2022-06-30 15:36:28 : 33,900,000 : 0 : 9,904,027,000 : 99%
2022-06-30 17:15:43 : 34,000,000 : 0 : 9,934,174,250 : 99%
2022-06-30 18:56:14 : 34,100,000 : 0 : 9,964,059,350 : 99%
2022-06-30 20:36:09 : 34,200,000 : 0 : 9,994,206,600 : 99%
2022-06-30 22:16:15 : 34,300,000 : 0 : 10,024,091,700 : 100%
2022-04-01 00:16:39 : 100,000 : 0 : 21,758,450 : 0%
2022-04-01 00:33:13 : 200,000 : 0 : 31,982,300 : 0%
2022-04-01 00:49:37 : 300,000 : 0 : 42,337,225 : 0%
2022-04-01 01:06:06 : 400,000 : 0 : 52,430,000 : 0%
2022-04-01 01:22:39 : 500,000 : 0 : 62,391,700 : 0%
2022-04-01 01:39:04 : 600,000 : 0 : 72,484,475 : 0%
2022-04-01 01:56:39 : 700,000 : 0 : 82,446,175 : 0%
2022-04-01 02:13:28 : 800,000 : 0 : 92,407,875 : 0%
2022-04-01 02:30:17 : 900,000 : 0 : 102,369,575 : 0%
2022-04-01 02:47:30 : 1,000,000 : 0 : 112,200,200 : 0%
2022-04-01 03:04:57 : 1,100,000 : 0 : 122,292,975 : 0%
2022-04-01 03:23:31 : 1,200,000 : 0 : 132,254,675 : 1%
2022-04-01 03:42:49 : 1,300,000 : 0 : 142,085,300 : 1%
2022-04-01 04:02:39 : 1,400,000 : 0 : 152,178,075 : 1%
2022-04-01 04:23:32 : 1,500,000 : 0 : 162,008,700 : 1%
2022-04-01 04:45:12 : 1,600,000 : 0 : 171,970,400 : 1%
2022-04-01 05:07:53 : 1,700,000 : 0 : 181,932,100 : 1%
2022-04-01 05:31:57 : 1,800,000 : 0 : 191,893,800 : 1%
2022-04-01 05:57:04 : 1,900,000 : 0 : 201,986,575 : 1%
2022-04-01 06:23:23 : 2,000,000 : 0 : 211,948,275 : 1%
2022-04-01 06:50:53 : 2,100,000 : 0 : 222,041,050 : 1%
2022-04-01 07:19:37 : 2,200,000 : 0 : 232,133,825 : 1%
2022-04-01 07:49:45 : 2,300,000 : 0 : 242,226,600 : 1%
2022-04-01 08:20:56 : 2,400,000 : 0 : 252,319,375 : 1%
2022-04-01 08:52:29 : 2,500,000 : 0 : 262,412,150 : 1%
2022-04-01 09:24:17 : 2,600,000 : 0 : 272,504,925 : 1%
2022-04-01 09:55:01 : 2,700,000 : 0 : 282,466,625 : 1%
2022-04-01 10:24:35 : 2,800,000 : 0 : 292,428,325 : 1%
2022-04-01 10:51:29 : 2,900,000 : 0 : 312,482,800 : 1%
2022-04-01 11:16:43 : 3,000,000 : 0 : 322,575,575 : 1%
2022-04-01 11:39:36 : 3,100,000 : 0 : 332,537,275 : 1%
2022-04-01 12:01:06 : 3,200,000 : 0 : 342,630,050 : 1%
2022-04-01 12:21:16 : 3,300,000 : 0 : 352,853,900 : 1%
2022-04-01 12:40:21 : 3,400,000 : 0 : 363,077,750 : 1%
2022-04-01 12:58:30 : 3,500,000 : 0 : 373,432,675 : 2%
2022-04-01 13:15:57 : 3,600,000 : 0 : 383,656,525 : 2%
2022-04-01 13:32:57 : 3,700,000 : 0 : 393,880,375 : 2%
2022-04-01 13:49:31 : 3,800,000 : 0 : 404,235,300 : 2%
2022-04-01 14:05:33 : 3,900,000 : 0 : 414,459,150 : 2%
2022-04-01 14:21:16 : 4,000,000 : 0 : 424,814,075 : 2%
2022-04-01 14:36:37 : 4,100,000 : 0 : 435,169,000 : 2%
2022-04-01 14:51:40 : 4,200,000 : 0 : 445,523,925 : 2%
2022-04-01 15:06:30 : 4,300,000 : 0 : 455,747,775 : 2%
2022-04-01 15:21:20 : 4,400,000 : 0 : 466,102,700 : 2%
2022-04-01 15:36:07 : 4,500,000 : 0 : 476,457,625 : 2%
2022-04-01 15:50:54 : 4,600,000 : 0 : 486,812,550 : 2%
2022-04-01 16:05:39 : 4,700,000 : 0 : 497,167,475 : 2%
2022-04-01 16:20:16 : 4,800,000 : 0 : 507,391,325 : 2%
2022-04-01 16:34:41 : 4,900,000 : 0 : 517,615,175 : 2%
2022-04-01 16:49:01 : 5,000,000 : 0 : 527,839,025 : 2%
2022-04-01 17:03:05 : 5,100,000 : 0 : 537,931,800 : 2%
2022-04-01 17:17:21 : 5,200,000 : 0 : 547,893,500 : 2%
2022-04-01 17:31:35 : 5,300,000 : 0 : 557,986,275 : 2%
2022-04-01 17:46:08 : 5,400,000 : 0 : 568,210,125 : 2%
2022-04-01 18:00:47 : 5,500,000 : 0 : 578,433,975 : 2%
2022-04-01 18:15:47 : 5,600,000 : 0 : 588,657,825 : 2%
2022-04-01 18:30:53 : 5,700,000 : 0 : 608,974,450 : 2%
2022-04-01 18:46:03 : 5,800,000 : 0 : 619,198,300 : 3%
2022-04-01 19:01:12 : 5,900,000 : 0 : 629,291,075 : 3%
2022-04-01 19:16:23 : 6,000,000 : 0 : 639,514,925 : 3%
2022-04-01 19:31:33 : 6,100,000 : 0 : 649,607,700 : 3%
2022-04-01 19:46:48 : 6,200,000 : 0 : 659,700,475 : 3%
2022-04-01 20:02:05 : 6,300,000 : 0 : 669,793,250 : 3%
2022-04-01 20:17:31 : 6,400,000 : 0 : 679,886,025 : 3%
2022-04-01 20:32:57 : 6,500,000 : 0 : 689,978,800 : 3%
2022-04-01 20:48:38 : 6,600,000 : 0 : 700,071,575 : 3%
2022-04-01 21:04:21 : 6,700,000 : 0 : 710,164,350 : 3%
2022-04-01 21:20:24 : 6,800,000 : 0 : 720,257,125 : 3%
2022-04-01 21:36:46 : 6,900,000 : 0 : 730,349,900 : 3%
2022-04-01 21:53:17 : 7,000,000 : 0 : 740,442,675 : 3%
2022-04-01 22:10:14 : 7,100,000 : 0 : 750,404,375 : 3%
2022-04-01 22:27:18 : 7,200,000 : 0 : 760,497,150 : 3%
2022-04-01 22:44:40 : 7,300,000 : 0 : 770,458,850 : 3%
2022-04-01 23:02:15 : 7,400,000 : 0 : 780,420,550 : 3%
2022-04-01 23:20:05 : 7,500,000 : 0 : 790,251,175 : 3%
2022-04-01 23:38:03 : 7,600,000 : 0 : 800,212,875 : 3%
2022-04-01 23:56:19 : 7,700,000 : 0 : 809,912,425 : 3%
2022-04-02 00:14:48 : 7,800,000 : 0 : 819,743,050 : 3%
2022-04-02 00:33:22 : 7,900,000 : 0 : 829,442,600 : 3%
2022-04-02 00:51:56 : 8,000,000 : 0 : 839,142,150 : 3%
2022-04-02 01:10:29 : 8,100,000 : 0 : 848,841,700 : 3%
2022-04-02 01:29:12 : 8,200,000 : 0 : 858,541,250 : 4%
2022-04-02 01:47:53 : 8,300,000 : 0 : 868,240,800 : 4%
2022-04-02 02:06:55 : 8,400,000 : 0 : 877,809,275 : 4%
2022-04-02 02:26:16 : 8,500,000 : 0 : 887,508,825 : 4%
2022-04-02 02:45:49 : 8,600,000 : 0 : 897,208,375 : 4%
2022-04-02 03:05:41 : 8,700,000 : 0 : 906,776,850 : 4%
2022-04-02 03:26:00 : 8,800,000 : 0 : 916,345,325 : 4%
2022-04-02 03:46:56 : 8,900,000 : 0 : 935,613,350 : 4%
2022-04-02 04:08:50 : 9,000,000 : 0 : 945,312,900 : 4%
2022-04-02 04:31:50 : 9,100,000 : 0 : 955,012,450 : 4%
2022-04-02 04:56:09 : 9,200,000 : 0 : 964,580,925 : 4%
2022-04-02 05:21:15 : 9,300,000 : 0 : 974,280,475 : 4%
2022-04-02 05:48:04 : 9,400,000 : 0 : 983,980,025 : 4%
2022-04-02 06:16:50 : 9,500,000 : 0 : 993,810,650 : 4%
2022-04-02 06:46:54 : 9,600,000 : 0 : 1,003,510,200 : 4%
2022-04-02 07:18:05 : 9,700,000 : 0 : 1,013,340,825 : 4%
2022-04-02 07:50:01 : 9,800,000 : 0 : 1,023,171,450 : 4%
2022-04-02 08:22:39 : 9,900,000 : 0 : 1,033,002,075 : 4%
2022-04-02 08:56:17 : 10,000,000 : 0 : 1,042,701,625 : 4%
2022-04-02 09:29:40 : 10,100,000 : 0 : 1,052,532,250 : 4%
2022-04-02 10:02:34 : 10,200,000 : 0 : 1,062,231,800 : 4%
2022-04-02 10:34:03 : 10,300,000 : 0 : 1,072,062,425 : 4%
2022-04-02 11:04:13 : 10,400,000 : 0 : 1,081,893,050 : 4%
2022-04-02 11:32:31 : 10,500,000 : 0 : 1,091,723,675 : 4%
2022-04-02 11:58:39 : 10,600,000 : 0 : 1,101,685,375 : 5%
2022-04-02 12:23:04 : 10,700,000 : 0 : 1,111,647,075 : 5%
2022-04-02 12:46:06 : 10,800,000 : 0 : 1,121,608,775 : 5%
2022-04-02 13:07:48 : 10,900,000 : 0 : 1,131,701,550 : 5%
2022-04-02 13:28:18 : 11,000,000 : 0 : 1,141,794,325 : 5%
2022-04-02 13:47:46 : 11,100,000 : 0 : 1,151,887,100 : 5%
2022-04-02 14:06:22 : 11,200,000 : 0 : 1,161,979,875 : 5%
2022-04-02 14:24:30 : 11,300,000 : 0 : 1,172,203,725 : 5%
2022-04-02 14:42:05 : 11,400,000 : 0 : 1,182,296,500 : 5%
2022-04-02 14:59:25 : 11,500,000 : 0 : 1,192,520,350 : 5%
2022-04-02 15:16:13 : 11,600,000 : 0 : 1,202,482,050 : 5%
2022-04-02 15:33:08 : 11,700,000 : 0 : 1,212,705,900 : 5%
2022-04-02 15:49:58 : 11,800,000 : 0 : 1,222,798,675 : 5%
2022-04-02 16:06:37 : 11,900,000 : 0 : 1,233,022,525 : 5%
2022-04-02 16:23:14 : 12,000,000 : 0 : 1,243,246,375 : 5%
2022-04-02 16:39:20 : 12,100,000 : 0 : 1,263,431,925 : 5%
2022-04-02 16:54:55 : 12,200,000 : 0 : 1,273,393,625 : 5%
2022-04-02 17:10:39 : 12,300,000 : 0 : 1,283,486,400 : 5%
2022-04-02 17:26:21 : 12,400,000 : 0 : 1,293,448,100 : 5%
2022-04-02 17:42:03 : 12,500,000 : 0 : 1,303,409,800 : 5%
2022-04-02 17:58:00 : 12,600,000 : 0 : 1,313,371,500 : 5%
2022-04-02 18:14:35 : 12,700,000 : 0 : 1,323,333,200 : 5%
2022-04-02 18:31:52 : 12,800,000 : 0 : 1,333,294,900 : 5%
2022-04-02 18:49:46 : 12,900,000 : 0 : 1,343,256,600 : 5%
2022-04-02 19:08:15 : 13,000,000 : 0 : 1,353,218,300 : 6%
2022-04-02 19:27:08 : 13,100,000 : 0 : 1,363,180,000 : 6%
2022-04-02 19:45:09 : 13,200,000 : 0 : 1,373,141,700 : 6%
2022-04-02 20:02:41 : 13,300,000 : 0 : 1,383,103,400 : 6%
2022-04-02 20:20:06 : 13,400,000 : 0 : 1,393,065,100 : 6%
2022-04-02 20:37:19 : 13,500,000 : 0 : 1,402,895,725 : 6%
2022-04-02 20:54:33 : 13,600,000 : 0 : 1,412,857,425 : 6%
2022-04-02 21:11:53 : 13,700,000 : 0 : 1,422,819,125 : 6%
2022-04-02 21:29:20 : 13,800,000 : 0 : 1,432,780,825 : 6%
2022-04-02 21:46:56 : 13,900,000 : 0 : 1,442,742,525 : 6%
2022-04-02 22:04:32 : 14,000,000 : 0 : 1,452,704,225 : 6%
2022-04-02 22:22:21 : 14,100,000 : 0 : 1,462,534,850 : 6%
2022-04-02 22:40:16 : 14,200,000 : 0 : 1,472,365,475 : 6%
2022-04-02 22:58:15 : 14,300,000 : 0 : 1,482,327,175 : 6%
2022-04-02 23:16:03 : 14,400,000 : 0 : 1,492,157,800 : 6%
2022-04-02 23:34:01 : 14,500,000 : 0 : 1,501,988,425 : 6%
2022-04-02 23:52:21 : 14,600,000 : 0 : 1,511,819,050 : 6%
2022-04-03 00:11:16 : 14,700,000 : 0 : 1,521,649,675 : 6%
2022-04-03 01:28:22 : 14,800,000 : 0 : 1,531,087,075 : 6%
2022-04-03 01:47:53 : 14,900,000 : 0 : 1,540,655,550 : 6%
2022-04-03 02:05:57 : 15,000,000 : 0 : 1,550,224,025 : 6%
2022-04-03 02:24:01 : 15,100,000 : 0 : 1,559,661,425 : 6%
2022-04-03 02:42:07 : 15,200,000 : 0 : 1,569,229,900 : 6%
2022-04-03 03:00:19 : 15,300,000 : 0 : 1,578,667,300 : 6%
2022-04-03 03:18:48 : 15,400,000 : 0 : 1,588,104,700 : 6%
2022-04-03 03:38:09 : 15,500,000 : 0 : 1,597,804,250 : 7%
2022-04-03 03:58:03 : 15,600,000 : 0 : 1,616,941,200 : 7%
2022-04-03 04:18:29 : 15,700,000 : 0 : 1,626,509,675 : 7%
2022-04-03 04:40:05 : 15,800,000 : 0 : 1,636,209,225 : 7%
2022-04-03 05:02:52 : 15,900,000 : 0 : 1,645,908,775 : 7%
2022-04-03 05:26:38 : 16,000,000 : 0 : 1,655,739,400 : 7%
2022-04-03 05:51:49 : 16,100,000 : 0 : 1,665,438,950 : 7%
2022-04-03 06:18:33 : 16,200,000 : 0 : 1,675,269,575 : 7%
2022-04-03 06:46:40 : 16,300,000 : 0 : 1,684,969,125 : 7%
2022-04-03 07:15:38 : 16,400,000 : 0 : 1,694,668,675 : 7%
2022-04-03 07:44:50 : 16,500,000 : 0 : 1,704,368,225 : 7%
2022-04-03 08:14:24 : 16,600,000 : 0 : 1,714,198,850 : 7%
2022-04-03 08:44:46 : 16,700,000 : 0 : 1,723,898,400 : 7%
2022-04-03 09:15:38 : 16,800,000 : 0 : 1,733,597,950 : 7%
2022-04-03 09:46:27 : 16,900,000 : 0 : 1,743,297,500 : 7%
2022-04-03 10:17:08 : 17,000,000 : 0 : 1,752,997,050 : 7%
2022-04-03 10:47:32 : 17,100,000 : 0 : 1,762,696,600 : 7%
2022-04-03 11:17:16 : 17,200,000 : 0 : 1,772,527,225 : 7%
2022-04-03 11:44:50 : 17,300,000 : 0 : 1,782,357,850 : 7%
2022-04-03 12:10:16 : 17,400,000 : 0 : 1,792,450,625 : 7%
2022-04-03 12:33:53 : 17,500,000 : 0 : 1,802,412,325 : 7%
2022-04-03 12:55:49 : 17,600,000 : 0 : 1,812,374,025 : 7%
2022-04-03 13:16:32 : 17,700,000 : 0 : 1,822,466,800 : 7%
2022-04-03 13:36:22 : 17,800,000 : 0 : 1,832,559,575 : 7%
2022-04-03 13:55:29 : 17,900,000 : 0 : 1,842,783,425 : 8%
2022-04-03 14:13:30 : 18,000,000 : 0 : 1,852,876,200 : 8%
2022-04-03 14:30:51 : 18,100,000 : 0 : 1,862,968,975 : 8%
2022-04-03 14:47:33 : 18,200,000 : 0 : 1,873,061,750 : 8%
2022-04-03 15:04:02 : 18,300,000 : 0 : 1,883,285,600 : 8%
2022-04-03 15:20:18 : 18,400,000 : 0 : 1,893,378,375 : 8%
2022-04-03 15:36:14 : 18,500,000 : 0 : 1,903,602,225 : 8%
2022-04-03 15:51:48 : 18,600,000 : 0 : 1,913,826,075 : 8%
2022-04-03 16:07:12 : 18,700,000 : 0 : 1,934,142,700 : 8%
2022-04-03 16:22:26 : 18,800,000 : 0 : 1,944,366,550 : 8%
2022-04-03 16:37:45 : 18,900,000 : 0 : 1,954,459,325 : 8%
2022-04-03 16:52:52 : 19,000,000 : 0 : 1,964,683,175 : 8%
2022-04-03 17:08:04 : 19,100,000 : 0 : 1,974,775,950 : 8%
2022-04-03 17:23:03 : 19,200,000 : 0 : 1,984,868,725 : 8%
2022-04-03 17:37:59 : 19,300,000 : 0 : 1,995,092,575 : 8%
2022-04-03 17:52:48 : 19,400,000 : 0 : 2,005,185,350 : 8%
2022-04-03 18:07:40 : 19,500,000 : 0 : 2,015,278,125 : 8%
2022-04-03 18:22:42 : 19,600,000 : 0 : 2,025,501,975 : 8%
2022-04-03 18:38:04 : 19,700,000 : 0 : 2,035,725,825 : 8%
2022-04-03 18:53:42 : 19,800,000 : 0 : 2,045,818,600 : 8%
2022-04-03 19:09:04 : 19,900,000 : 0 : 2,055,780,300 : 8%
2022-04-03 19:23:46 : 20,000,000 : 0 : 2,065,742,000 : 8%
2022-04-03 19:38:53 : 20,100,000 : 0 : 2,075,703,700 : 8%
2022-04-03 19:53:53 : 20,200,000 : 0 : 2,085,796,475 : 9%
2022-04-03 20:09:11 : 20,300,000 : 0 : 2,095,758,175 : 9%
2022-04-03 20:24:34 : 20,400,000 : 0 : 2,105,850,950 : 9%
2022-04-03 20:40:08 : 20,500,000 : 0 : 2,115,812,650 : 9%
2022-04-03 20:55:51 : 20,600,000 : 0 : 2,125,905,425 : 9%
2022-04-03 21:11:47 : 20,700,000 : 0 : 2,135,867,125 : 9%
2022-04-03 21:27:30 : 20,800,000 : 0 : 2,145,828,825 : 9%
2022-04-03 21:43:15 : 20,900,000 : 0 : 2,155,790,525 : 9%
2022-04-03 21:59:31 : 21,000,000 : 0 : 2,165,883,300 : 9%
2022-04-03 22:15:56 : 21,100,000 : 0 : 2,175,845,000 : 9%
2022-04-03 22:32:23 : 21,200,000 : 0 : 2,185,806,700 : 9%
2022-04-03 22:48:52 : 21,300,000 : 0 : 2,195,768,400 : 9%
2022-04-03 23:05:45 : 21,400,000 : 0 : 2,205,730,100 : 9%
2022-04-03 23:22:57 : 21,500,000 : 0 : 2,215,822,875 : 9%
2022-04-03 23:40:30 : 21,600,000 : 0 : 2,225,784,575 : 9%
2022-04-03 23:58:00 : 21,700,000 : 0 : 2,245,576,900 : 9%
2022-04-04 00:15:08 : 21,800,000 : 0 : 2,255,407,525 : 9%
2022-04-04 00:32:13 : 21,900,000 : 0 : 2,265,238,150 : 9%
2022-04-04 00:49:04 : 22,000,000 : 0 : 2,274,937,700 : 9%
2022-04-04 01:06:04 : 22,100,000 : 0 : 2,284,637,250 : 9%
2022-04-04 01:22:34 : 22,200,000 : 0 : 2,294,336,800 : 9%
2022-04-04 01:39:29 : 22,300,000 : 0 : 2,304,036,350 : 9%
2022-04-04 01:56:42 : 22,400,000 : 0 : 2,313,998,050 : 9%
2022-04-04 02:14:30 : 22,500,000 : 0 : 2,323,697,600 : 9%
2022-04-04 02:31:59 : 22,600,000 : 0 : 2,333,528,225 : 10%
2022-04-04 02:49:52 : 22,700,000 : 0 : 2,343,358,850 : 10%
2022-04-04 03:07:48 : 22,800,000 : 0 : 2,352,927,325 : 10%
2022-04-04 03:26:08 : 22,900,000 : 0 : 2,362,757,950 : 10%
2022-04-04 03:45:41 : 23,000,000 : 0 : 2,372,588,575 : 10%
2022-04-04 04:05:28 : 23,100,000 : 0 : 2,382,419,200 : 10%
2022-04-04 04:27:02 : 23,200,000 : 0 : 2,392,249,825 : 10%
2022-04-04 04:49:48 : 23,300,000 : 0 : 2,402,211,525 : 10%
2022-04-04 05:13:41 : 23,400,000 : 0 : 2,412,042,150 : 10%
2022-04-04 05:38:46 : 23,500,000 : 0 : 2,422,003,850 : 10%
2022-04-04 06:05:38 : 23,600,000 : 0 : 2,432,227,700 : 10%
2022-04-04 06:34:00 : 23,700,000 : 0 : 2,442,320,475 : 10%
2022-04-04 07:03:16 : 23,800,000 : 0 : 2,452,413,250 : 10%
2022-04-04 07:34:01 : 23,900,000 : 0 : 2,462,637,100 : 10%
2022-04-04 08:05:54 : 24,000,000 : 0 : 2,472,729,875 : 10%
2022-04-04 08:38:44 : 24,100,000 : 0 : 2,482,953,725 : 10%
2022-04-04 09:11:25 : 24,200,000 : 0 : 2,493,177,575 : 10%
2022-04-04 09:42:55 : 24,300,000 : 0 : 2,503,139,275 : 10%
2022-04-04 10:13:03 : 24,400,000 : 0 : 2,513,232,050 : 10%
2022-04-04 10:41:15 : 24,500,000 : 0 : 2,523,324,825 : 10%
2022-04-04 11:07:23 : 24,600,000 : 0 : 2,533,286,525 : 10%
2022-04-04 11:32:18 : 24,700,000 : 0 : 2,543,510,375 : 10%
2022-04-04 11:55:18 : 24,800,000 : 0 : 2,553,603,150 : 10%
2022-04-04 12:16:50 : 24,900,000 : 0 : 2,574,313,000 : 11%
2022-04-04 12:37:19 : 25,000,000 : 0 : 2,584,667,925 : 11%
2022-04-04 12:56:50 : 25,100,000 : 0 : 2,595,153,925 : 11%
2022-04-04 13:15:34 : 25,200,000 : 0 : 2,605,639,925 : 11%
2022-04-04 13:33:18 : 25,300,000 : 0 : 2,616,125,925 : 11%
2022-04-04 13:50:23 : 25,400,000 : 0 : 2,626,743,000 : 11%
2022-04-04 14:06:51 : 25,500,000 : 0 : 2,637,097,925 : 11%
2022-04-04 14:22:36 : 25,600,000 : 0 : 2,647,583,925 : 11%
2022-04-04 14:38:14 : 25,700,000 : 0 : 2,658,069,925 : 11%
2022-04-04 14:53:33 : 25,800,000 : 0 : 2,668,687,000 : 11%
2022-04-04 15:08:50 : 25,900,000 : 0 : 2,679,304,075 : 11%
2022-04-04 15:24:03 : 26,000,000 : 0 : 2,689,921,150 : 11%
2022-04-04 15:39:03 : 26,100,000 : 0 : 2,700,407,150 : 11%
2022-04-04 15:53:42 : 26,200,000 : 0 : 2,711,024,225 : 11%
2022-04-04 16:08:26 : 26,300,000 : 0 : 2,721,510,225 : 11%
2022-04-04 16:22:58 : 26,400,000 : 0 : 2,731,996,225 : 11%
2022-04-04 16:37:13 : 26,500,000 : 0 : 2,742,482,225 : 11%
2022-04-04 16:51:24 : 26,600,000 : 0 : 2,753,099,300 : 11%
2022-04-04 17:05:36 : 26,700,000 : 0 : 2,763,585,300 : 11%
2022-04-04 17:20:00 : 26,800,000 : 0 : 2,774,071,300 : 11%
2022-04-04 17:34:20 : 26,900,000 : 0 : 2,784,557,300 : 11%
2022-04-04 17:48:19 : 27,000,000 : 0 : 2,794,912,225 : 11%
2022-04-04 18:02:14 : 27,100,000 : 0 : 2,805,267,150 : 11%
2022-04-04 18:16:35 : 27,200,000 : 0 : 2,815,753,150 : 12%
2022-04-04 18:30:40 : 27,300,000 : 0 : 2,826,108,075 : 12%
2022-04-04 18:44:58 : 27,400,000 : 0 : 2,846,949,000 : 12%
2022-04-04 18:59:09 : 27,500,000 : 0 : 2,857,435,000 : 12%
2022-04-04 19:13:36 : 27,600,000 : 0 : 2,867,658,850 : 12%
2022-04-04 19:27:31 : 27,700,000 : 0 : 2,877,882,700 : 12%
2022-04-04 19:41:24 : 27,800,000 : 0 : 2,888,106,550 : 12%
2022-04-04 19:55:16 : 27,900,000 : 0 : 2,898,330,400 : 12%
2022-04-04 20:09:08 : 28,000,000 : 0 : 2,908,554,250 : 12%
2022-04-04 20:23:03 : 28,100,000 : 0 : 2,918,778,100 : 12%
2022-04-04 20:36:56 : 28,200,000 : 0 : 2,929,001,950 : 12%
2022-04-04 20:50:54 : 28,300,000 : 0 : 2,939,225,800 : 12%
2022-04-04 21:04:45 : 28,400,000 : 0 : 2,949,318,575 : 12%
2022-04-04 21:19:07 : 28,500,000 : 0 : 2,959,542,425 : 12%
2022-04-04 21:33:41 : 28,600,000 : 0 : 2,969,766,275 : 12%
2022-04-04 21:48:22 : 28,700,000 : 0 : 2,979,859,050 : 12%
2022-04-04 22:03:10 : 28,800,000 : 0 : 2,990,082,900 : 12%
2022-04-04 22:18:37 : 28,900,000 : 0 : 3,000,175,675 : 12%
2022-04-04 22:34:04 : 29,000,000 : 0 : 3,010,268,450 : 12%
2022-04-04 22:49:43 : 29,100,000 : 0 : 3,020,099,075 : 12%
2022-04-04 23:03:15 : 29,200,000 : 0 : 3,029,536,475 : 12%
2022-04-04 23:17:13 : 29,300,000 : 0 : 3,039,104,950 : 12%
2022-04-04 23:31:35 : 29,400,000 : 0 : 3,048,935,575 : 12%
2022-04-04 23:46:41 : 29,500,000 : 0 : 3,058,766,200 : 12%
2022-04-05 00:01:56 : 29,600,000 : 0 : 3,068,465,750 : 13%
2022-04-05 00:16:17 : 29,700,000 : 0 : 3,078,034,225 : 13%
2022-04-05 00:31:52 : 29,800,000 : 0 : 3,087,995,925 : 13%
2022-04-05 00:47:50 : 29,900,000 : 0 : 3,097,957,625 : 13%
2022-04-05 01:03:51 : 30,000,000 : 0 : 3,107,919,325 : 13%
2022-04-05 01:20:16 : 30,100,000 : 0 : 3,117,881,025 : 13%
2022-04-05 01:36:30 : 30,200,000 : 0 : 3,127,842,725 : 13%
2022-04-05 01:52:54 : 30,300,000 : 0 : 3,137,673,350 : 13%
2022-04-05 02:09:17 : 30,400,000 : 0 : 3,147,635,050 : 13%
2022-04-05 02:25:48 : 30,500,000 : 0 : 3,157,465,675 : 13%
2022-04-05 02:42:44 : 30,600,000 : 0 : 3,167,427,375 : 13%
2022-04-05 03:00:11 : 30,700,000 : 0 : 3,177,389,075 : 13%
2022-04-05 03:18:08 : 30,800,000 : 0 : 3,197,181,400 : 13%
2022-04-05 03:36:45 : 30,900,000 : 0 : 3,207,012,025 : 13%
2022-04-05 03:56:04 : 31,000,000 : 0 : 3,216,973,725 : 13%
2022-04-05 04:16:38 : 31,100,000 : 0 : 3,226,935,425 : 13%
2022-04-05 04:38:09 : 31,200,000 : 0 : 3,237,028,200 : 13%
2022-04-05 05:00:59 : 31,300,000 : 0 : 3,246,989,900 : 13%
2022-04-05 05:24:46 : 31,400,000 : 0 : 3,257,082,675 : 13%
2022-04-05 05:50:09 : 31,500,000 : 0 : 3,267,175,450 : 13%
2022-04-05 06:17:11 : 31,600,000 : 0 : 3,277,268,225 : 13%
2022-04-05 06:45:29 : 31,700,000 : 0 : 3,287,492,075 : 13%
2022-04-05 07:14:41 : 31,800,000 : 0 : 3,297,715,925 : 13%
2022-04-05 07:45:20 : 31,900,000 : 0 : 3,307,939,775 : 14%
2022-04-05 08:16:52 : 32,000,000 : 0 : 3,318,163,625 : 14%
2022-04-05 08:48:48 : 32,100,000 : 0 : 3,328,387,475 : 14%
2022-04-05 09:20:56 : 32,200,000 : 0 : 3,338,611,325 : 14%
2022-04-05 09:51:55 : 32,300,000 : 0 : 3,348,835,175 : 14%
2022-04-05 10:21:27 : 32,400,000 : 0 : 3,359,059,025 : 14%
2022-04-05 10:48:48 : 32,500,000 : 0 : 3,369,282,875 : 14%
2022-04-05 11:14:05 : 32,600,000 : 0 : 3,379,375,650 : 14%
2022-04-05 11:37:33 : 32,700,000 : 0 : 3,389,599,500 : 14%
2022-04-05 11:59:29 : 32,800,000 : 0 : 3,399,823,350 : 14%
2022-04-05 12:20:06 : 32,900,000 : 0 : 3,410,309,350 : 14%
2022-04-05 12:39:27 : 33,000,000 : 0 : 3,420,664,275 : 14%
2022-04-05 12:57:50 : 33,100,000 : 0 : 3,431,019,200 : 14%
2022-04-05 13:15:22 : 33,200,000 : 0 : 3,441,505,200 : 14%
2022-04-05 13:32:19 : 33,300,000 : 0 : 3,451,991,200 : 14%
2022-04-05 13:48:35 : 33,400,000 : 0 : 3,462,477,200 : 14%
2022-04-05 14:04:00 : 33,500,000 : 0 : 3,472,963,200 : 14%
2022-04-05 14:19:14 : 33,600,000 : 0 : 3,494,066,275 : 14%
2022-04-05 14:33:55 : 33,700,000 : 0 : 3,504,552,275 : 14%
2022-04-05 14:48:30 : 33,800,000 : 0 : 3,515,038,275 : 14%
2022-04-05 15:02:53 : 33,900,000 : 0 : 3,525,655,350 : 14%
2022-04-05 15:17:31 : 34,000,000 : 0 : 3,536,272,425 : 14%
2022-04-05 15:31:53 : 34,100,000 : 0 : 3,546,365,200 : 14%
2022-04-05 15:47:12 : 34,200,000 : 0 : 3,556,982,275 : 15%
2022-04-05 16:01:44 : 34,300,000 : 0 : 3,567,599,350 : 15%
2022-04-05 16:16:08 : 34,400,000 : 0 : 3,577,823,200 : 15%
2022-04-05 16:30:25 : 34,500,000 : 0 : 3,588,047,050 : 15%
2022-04-05 16:46:27 : 34,600,000 : 0 : 3,598,533,050 : 15%
2022-04-05 17:00:39 : 34,700,000 : 0 : 3,609,150,125 : 15%
2022-04-05 17:14:56 : 34,800,000 : 0 : 3,619,767,200 : 15%
2022-04-05 17:29:03 : 34,900,000 : 0 : 3,630,384,275 : 15%
2022-04-05 17:43:13 : 35,000,000 : 0 : 3,640,870,275 : 15%
2022-04-05 17:57:48 : 35,100,000 : 0 : 3,650,700,900 : 15%
2022-04-05 18:14:17 : 35,200,000 : 0 : 3,661,186,900 : 15%
2022-04-05 18:29:01 : 35,300,000 : 0 : 3,671,672,900 : 15%
2022-04-05 18:43:42 : 35,400,000 : 0 : 3,682,158,900 : 15%
2022-04-05 18:58:04 : 35,500,000 : 0 : 3,692,644,900 : 15%
2022-04-05 19:12:19 : 35,600,000 : 0 : 3,702,999,825 : 15%
2022-04-05 19:26:29 : 35,700,000 : 0 : 3,713,354,750 : 15%
2022-04-05 19:40:38 : 35,800,000 : 0 : 3,723,840,750 : 15%
2022-04-05 19:54:23 : 35,900,000 : 0 : 3,744,681,675 : 15%
2022-04-05 20:08:06 : 36,000,000 : 0 : 3,755,036,600 : 15%
2022-04-05 20:21:45 : 36,100,000 : 0 : 3,765,391,525 : 15%
2022-04-05 20:35:24 : 36,200,000 : 0 : 3,775,746,450 : 15%
2022-04-05 20:49:07 : 36,300,000 : 0 : 3,786,101,375 : 15%
2022-04-05 21:02:53 : 36,400,000 : 0 : 3,796,456,300 : 16%
2022-04-05 21:17:10 : 36,500,000 : 0 : 3,806,942,300 : 16%
2022-04-05 21:31:44 : 36,600,000 : 0 : 3,817,297,225 : 16%
2022-04-05 21:46:36 : 36,700,000 : 0 : 3,827,783,225 : 16%
2022-04-05 22:01:46 : 36,800,000 : 0 : 3,838,269,225 : 16%
2022-04-05 22:18:21 : 36,900,000 : 0 : 3,848,624,150 : 16%
2022-04-05 22:34:11 : 37,000,000 : 0 : 3,858,848,000 : 16%
2022-04-05 22:50:14 : 37,100,000 : 0 : 3,869,202,925 : 16%
2022-04-05 23:06:36 : 37,200,000 : 0 : 3,879,426,775 : 16%
2022-04-05 23:22:52 : 37,300,000 : 0 : 3,889,650,625 : 16%
2022-04-05 23:39:19 : 37,400,000 : 0 : 3,899,874,475 : 16%
2022-04-05 23:55:42 : 37,500,000 : 0 : 3,910,098,325 : 16%
2022-04-06 00:12:16 : 37,600,000 : 0 : 3,920,191,100 : 16%
2022-04-06 00:28:55 : 37,700,000 : 0 : 3,930,152,800 : 16%
2022-04-06 00:45:25 : 37,800,000 : 0 : 3,940,245,575 : 16%
2022-04-06 01:01:57 : 37,900,000 : 0 : 3,950,207,275 : 16%
2022-04-06 01:18:34 : 38,000,000 : 0 : 3,960,168,975 : 16%
2022-04-06 01:34:42 : 38,100,000 : 0 : 3,969,999,600 : 16%
2022-04-06 01:50:43 : 38,200,000 : 0 : 3,979,961,300 : 16%
2022-04-06 02:07:02 : 38,300,000 : 0 : 3,989,923,000 : 16%
2022-04-06 02:23:53 : 38,400,000 : 0 : 4,010,108,550 : 16%
2022-04-06 02:41:26 : 38,500,000 : 0 : 4,020,201,325 : 16%
2022-04-06 02:59:21 : 38,600,000 : 0 : 4,030,294,100 : 16%
2022-04-06 03:17:46 : 38,700,000 : 0 : 4,040,386,875 : 17%
2022-04-06 03:36:42 : 38,800,000 : 0 : 4,050,479,650 : 17%
2022-04-06 03:56:40 : 38,900,000 : 0 : 4,060,703,500 : 17%
2022-04-06 04:17:19 : 39,000,000 : 0 : 4,070,796,275 : 17%
2022-04-06 04:39:04 : 39,100,000 : 0 : 4,080,757,975 : 17%
2022-04-06 05:01:26 : 39,200,000 : 0 : 4,090,850,750 : 17%
2022-04-06 05:25:25 : 39,300,000 : 0 : 4,101,074,600 : 17%
2022-04-06 05:50:35 : 39,400,000 : 0 : 4,111,429,525 : 17%
2022-04-06 06:17:41 : 39,500,000 : 0 : 4,121,784,450 : 17%
2022-04-06 06:45:52 : 39,600,000 : 0 : 4,132,139,375 : 17%
2022-04-06 07:15:34 : 39,700,000 : 0 : 4,142,625,375 : 17%
2022-04-06 07:46:48 : 39,800,000 : 0 : 4,152,980,300 : 17%
2022-04-06 08:18:44 : 39,900,000 : 0 : 4,163,335,225 : 17%
2022-04-06 08:50:41 : 40,000,000 : 0 : 4,173,821,225 : 17%
2022-04-06 09:23:10 : 40,100,000 : 0 : 4,184,307,225 : 17%
2022-04-06 09:54:24 : 40,200,000 : 0 : 4,194,531,075 : 17%
2022-04-06 10:24:03 : 40,300,000 : 0 : 4,204,886,000 : 17%
2022-04-06 10:51:25 : 40,400,000 : 0 : 4,215,240,925 : 17%
2022-04-06 11:16:58 : 40,500,000 : 0 : 4,225,464,775 : 17%
2022-04-06 11:40:15 : 40,600,000 : 0 : 4,235,950,775 : 17%
2022-04-06 12:01:53 : 40,700,000 : 0 : 4,246,305,700 : 17%
2022-04-06 12:22:14 : 40,800,000 : 0 : 4,256,660,625 : 17%
2022-04-06 12:41:11 : 40,900,000 : 0 : 4,267,277,700 : 17%
2022-04-06 12:59:14 : 41,000,000 : 0 : 4,288,249,700 : 18%
2022-04-06 13:16:25 : 41,100,000 : 0 : 4,298,735,700 : 18%
2022-04-06 13:32:46 : 41,200,000 : 0 : 4,309,352,775 : 18%
2022-04-06 13:48:55 : 41,300,000 : 0 : 4,319,969,850 : 18%
2022-04-06 14:04:27 : 41,400,000 : 0 : 4,330,586,925 : 18%
Decoding error with 134,217,728 bytes, reading another chunk
2022-04-06 14:19:35 : 41,500,000 : 0 : 4,351,952,150 : 18%
2022-04-06 14:34:26 : 41,600,000 : 0 : 4,351,952,150 : 18%
2022-04-06 14:49:15 : 41,700,000 : 0 : 4,362,569,225 : 18%
2022-04-06 15:03:44 : 41,800,000 : 0 : 4,373,186,300 : 18%
2022-04-06 15:18:21 : 41,900,000 : 0 : 4,383,803,375 : 18%
2022-04-06 15:32:39 : 42,000,000 : 0 : 4,394,420,450 : 18%
2022-04-06 15:46:52 : 42,100,000 : 0 : 4,405,037,525 : 18%
2022-04-06 16:00:47 : 42,200,000 : 0 : 4,415,523,525 : 18%
2022-04-06 16:14:54 : 42,300,000 : 0 : 4,426,140,600 : 18%
2022-04-06 16:29:08 : 42,400,000 : 0 : 4,436,888,750 : 18%
2022-04-06 16:43:20 : 42,500,000 : 0 : 4,447,505,825 : 18%
2022-04-06 16:57:00 : 42,600,000 : 0 : 4,458,122,900 : 18%
2022-04-06 17:10:47 : 42,700,000 : 0 : 4,468,739,975 : 18%
2022-04-06 17:24:32 : 42,800,000 : 0 : 4,479,225,975 : 18%
2022-04-06 17:38:06 : 42,900,000 : 0 : 4,489,711,975 : 18%
2022-04-06 17:51:44 : 43,000,000 : 0 : 4,500,329,050 : 18%
2022-04-06 18:05:31 : 43,100,000 : 0 : 4,510,815,050 : 18%
2022-04-06 18:19:21 : 43,200,000 : 0 : 4,521,432,125 : 18%
2022-04-06 18:33:02 : 43,300,000 : 0 : 4,542,535,200 : 19%
2022-04-06 18:46:51 : 43,400,000 : 0 : 4,553,021,200 : 19%
2022-04-06 19:00:34 : 43,500,000 : 0 : 4,563,507,200 : 19%
2022-04-06 19:14:18 : 43,600,000 : 0 : 4,573,862,125 : 19%
2022-04-06 19:27:48 : 43,700,000 : 0 : 4,584,348,125 : 19%
2022-04-06 19:41:30 : 43,800,000 : 0 : 4,594,571,975 : 19%
2022-04-06 19:54:52 : 43,900,000 : 0 : 4,604,926,900 : 19%
2022-04-06 20:08:15 : 44,000,000 : 0 : 4,615,281,825 : 19%
2022-04-06 20:21:59 : 44,100,000 : 0 : 4,625,636,750 : 19%
2022-04-06 20:35:32 : 44,200,000 : 0 : 4,635,860,600 : 19%
2022-04-06 20:49:16 : 44,300,000 : 0 : 4,646,215,525 : 19%
2022-04-06 21:03:06 : 44,400,000 : 0 : 4,656,570,450 : 19%
2022-04-06 21:17:19 : 44,500,000 : 0 : 4,666,925,375 : 19%
2022-04-06 21:31:43 : 44,600,000 : 0 : 4,677,280,300 : 19%
2022-04-06 21:46:23 : 44,700,000 : 0 : 4,687,766,300 : 19%
2022-04-06 22:01:18 : 44,800,000 : 0 : 4,698,121,225 : 19%
2022-04-06 22:16:41 : 44,900,000 : 0 : 4,708,476,150 : 19%
2022-04-06 22:32:31 : 45,000,000 : 0 : 4,718,831,075 : 19%
2022-04-06 22:48:38 : 45,100,000 : 0 : 4,729,186,000 : 19%
2022-04-06 23:05:07 : 45,200,000 : 0 : 4,739,540,925 : 19%
2022-04-06 23:21:49 : 45,300,000 : 0 : 4,749,895,850 : 19%
2022-04-06 23:38:44 : 45,400,000 : 0 : 4,760,119,700 : 19%
2022-04-06 23:55:44 : 45,500,000 : 0 : 4,770,343,550 : 19%
2022-04-07 00:12:50 : 45,600,000 : 0 : 4,780,567,400 : 20%
2022-04-07 00:29:21 : 45,700,000 : 0 : 4,800,621,875 : 20%
2022-04-07 00:46:00 : 45,800,000 : 0 : 4,810,583,575 : 20%
2022-04-07 01:02:38 : 45,900,000 : 0 : 4,820,545,275 : 20%
2022-04-07 01:19:20 : 46,000,000 : 0 : 4,830,506,975 : 20%
2022-04-07 01:36:10 : 46,100,000 : 0 : 4,840,468,675 : 20%
2022-04-07 01:53:01 : 46,200,000 : 0 : 4,850,430,375 : 20%
2022-04-07 02:09:41 : 46,300,000 : 0 : 4,860,392,075 : 20%
2022-04-07 02:26:51 : 46,400,000 : 0 : 4,870,353,775 : 20%
2022-04-07 02:44:33 : 46,500,000 : 0 : 4,880,446,550 : 20%
2022-04-07 03:02:49 : 46,600,000 : 0 : 4,890,539,325 : 20%
2022-04-07 03:21:45 : 46,700,000 : 0 : 4,900,632,100 : 20%
2022-04-07 03:41:19 : 46,800,000 : 0 : 4,910,724,875 : 20%
2022-04-07 04:01:45 : 46,900,000 : 0 : 4,920,817,650 : 20%
2022-04-07 04:23:00 : 47,000,000 : 0 : 4,930,910,425 : 20%
2022-04-07 04:45:24 : 47,100,000 : 0 : 4,941,134,275 : 20%
2022-04-07 05:09:14 : 47,200,000 : 0 : 4,951,358,125 : 20%
2022-04-07 05:33:53 : 47,300,000 : 0 : 4,961,581,975 : 20%
2022-04-07 05:59:54 : 47,400,000 : 0 : 4,971,805,825 : 20%
2022-04-07 06:27:10 : 47,500,000 : 0 : 4,982,029,675 : 20%
2022-04-07 06:55:52 : 47,600,000 : 0 : 4,992,253,525 : 20%
2022-04-07 07:25:45 : 47,700,000 : 0 : 5,002,608,450 : 20%
2022-04-07 07:56:40 : 47,800,000 : 0 : 5,012,832,300 : 20%
2022-04-07 08:28:26 : 47,900,000 : 0 : 5,023,187,225 : 21%
2022-04-07 09:00:21 : 48,000,000 : 0 : 5,033,542,150 : 21%
2022-04-07 09:31:36 : 48,100,000 : 0 : 5,043,766,000 : 21%
2022-04-07 10:01:45 : 48,200,000 : 0 : 5,053,989,850 : 21%
2022-04-07 10:30:19 : 48,300,000 : 0 : 5,064,082,625 : 21%
2022-04-07 10:56:08 : 48,400,000 : 0 : 5,084,268,175 : 21%
2022-04-07 11:20:15 : 48,500,000 : 0 : 5,094,492,025 : 21%
2022-04-07 11:43:14 : 48,600,000 : 0 : 5,104,846,950 : 21%
2022-04-07 12:04:26 : 48,700,000 : 0 : 5,115,201,875 : 21%
2022-04-07 12:24:31 : 48,800,000 : 0 : 5,125,687,875 : 21%
2022-04-07 12:43:15 : 48,900,000 : 0 : 5,136,173,875 : 21%
2022-04-07 13:00:56 : 49,000,000 : 0 : 5,146,659,875 : 21%
2022-04-07 13:18:00 : 49,100,000 : 0 : 5,157,145,875 : 21%
2022-04-07 13:34:16 : 49,200,000 : 0 : 5,167,500,800 : 21%
2022-04-07 13:49:55 : 49,300,000 : 0 : 5,177,986,800 : 21%
2022-04-07 14:05:09 : 49,400,000 : 0 : 5,188,079,575 : 21%
2022-04-07 14:22:52 : 49,500,000 : 0 : 5,198,565,575 : 21%
2022-04-07 14:39:10 : 49,600,000 : 0 : 5,209,182,650 : 21%
2022-04-07 14:55:03 : 49,700,000 : 0 : 5,219,799,725 : 21%
2022-04-07 15:10:44 : 49,800,000 : 0 : 5,230,154,650 : 21%
2022-04-07 15:27:07 : 49,900,000 : 0 : 5,240,771,725 : 21%
2022-04-07 15:42:18 : 50,000,000 : 0 : 5,251,388,800 : 21%
2022-04-07 15:56:41 : 50,100,000 : 0 : 5,261,743,725 : 22%
2022-04-07 16:12:10 : 50,200,000 : 0 : 5,272,229,725 : 22%
2022-04-07 16:26:38 : 50,300,000 : 0 : 5,282,846,800 : 22%
2022-04-07 16:40:47 : 50,400,000 : 0 : 5,293,201,725 : 22%
2022-04-07 16:54:46 : 50,500,000 : 0 : 5,303,556,650 : 22%
2022-04-07 17:09:48 : 50,600,000 : 0 : 5,314,042,650 : 22%
2022-04-07 17:24:21 : 50,700,000 : 0 : 5,324,528,650 : 22%
2022-04-07 17:38:27 : 50,800,000 : 0 : 5,335,014,650 : 22%
2022-04-07 17:53:34 : 50,900,000 : 0 : 5,355,331,275 : 22%
2022-04-07 18:07:35 : 51,000,000 : 0 : 5,365,555,125 : 22%
2022-04-07 18:21:12 : 51,100,000 : 0 : 5,375,778,975 : 22%
2022-04-07 18:34:42 : 51,200,000 : 0 : 5,386,002,825 : 22%
2022-04-07 18:48:23 : 51,300,000 : 0 : 5,396,357,750 : 22%
2022-04-07 19:02:06 : 51,400,000 : 0 : 5,406,450,525 : 22%
2022-04-07 19:16:07 : 51,500,000 : 0 : 5,416,805,450 : 22%
2022-04-07 19:30:08 : 51,600,000 : 0 : 5,427,160,375 : 22%
2022-04-07 19:44:12 : 51,700,000 : 0 : 5,437,384,225 : 22%
2022-04-07 19:58:02 : 51,800,000 : 0 : 5,447,608,075 : 22%
2022-04-07 20:11:59 : 51,900,000 : 0 : 5,457,963,000 : 22%
2022-04-07 20:26:07 : 52,000,000 : 0 : 5,468,186,850 : 22%
2022-04-07 20:40:37 : 52,100,000 : 0 : 5,478,541,775 : 22%
2022-04-07 20:55:29 : 52,200,000 : 0 : 5,488,765,625 : 22%
2022-04-07 21:10:34 : 52,300,000 : 0 : 5,499,120,550 : 22%
2022-04-07 21:25:41 : 52,400,000 : 0 : 5,509,344,400 : 23%
2022-04-07 21:40:57 : 52,500,000 : 0 : 5,519,568,250 : 23%
2022-04-07 21:56:25 : 52,600,000 : 0 : 5,529,792,100 : 23%
2022-04-07 22:11:52 : 52,700,000 : 0 : 5,540,015,950 : 23%
2022-04-07 22:27:24 : 52,800,000 : 0 : 5,550,239,800 : 23%
2022-04-07 22:42:50 : 52,900,000 : 0 : 5,560,332,575 : 23%
2022-04-07 22:58:19 : 53,000,000 : 0 : 5,570,556,425 : 23%
2022-04-07 23:14:06 : 53,100,000 : 0 : 5,580,649,200 : 23%
2022-04-07 23:29:48 : 53,200,000 : 0 : 5,590,610,900 : 23%
2022-04-07 23:45:43 : 53,300,000 : 0 : 5,600,572,600 : 23%
2022-04-08 00:01:53 : 53,400,000 : 0 : 5,610,534,300 : 23%
2022-04-08 00:18:00 : 53,500,000 : 0 : 5,620,496,000 : 23%
2022-04-08 00:34:22 : 53,600,000 : 0 : 5,630,326,625 : 23%
2022-04-08 00:50:58 : 53,700,000 : 0 : 5,650,118,950 : 23%
2022-04-08 01:07:12 : 53,800,000 : 0 : 5,659,818,500 : 23%
2022-04-08 01:23:15 : 53,900,000 : 0 : 5,669,649,125 : 23%
2022-04-08 01:39:10 : 54,000,000 : 0 : 5,679,348,675 : 23%
2022-04-08 01:55:12 : 54,100,000 : 0 : 5,689,179,300 : 23%
2022-04-08 02:11:22 : 54,200,000 : 0 : 5,699,009,925 : 23%
2022-04-08 02:28:06 : 54,300,000 : 0 : 5,708,840,550 : 23%
2022-04-08 02:45:09 : 54,400,000 : 0 : 5,718,540,100 : 23%
2022-04-08 03:02:25 : 54,500,000 : 0 : 5,728,501,800 : 23%
2022-04-08 03:20:15 : 54,600,000 : 0 : 5,738,332,425 : 23%
2022-04-08 03:38:44 : 54,700,000 : 0 : 5,748,294,125 : 23%
2022-04-08 03:57:49 : 54,800,000 : 0 : 5,758,124,750 : 24%
2022-04-08 04:17:56 : 54,900,000 : 0 : 5,768,086,450 : 24%
2022-04-08 04:38:55 : 55,000,000 : 0 : 5,778,048,150 : 24%
2022-04-08 05:00:53 : 55,100,000 : 0 : 5,787,878,775 : 24%
2022-04-08 05:23:42 : 55,200,000 : 0 : 5,797,971,550 : 24%
2022-04-08 05:47:30 : 55,300,000 : 0 : 5,807,933,250 : 24%
2022-04-08 06:12:57 : 55,400,000 : 0 : 5,818,157,100 : 24%
2022-04-08 06:39:55 : 55,500,000 : 0 : 5,828,249,875 : 24%
2022-04-08 07:07:03 : 55,600,000 : 0 : 5,838,342,650 : 24%
2022-04-08 07:35:32 : 55,700,000 : 0 : 5,848,435,425 : 24%
2022-04-08 08:04:39 : 55,800,000 : 0 : 5,858,528,200 : 24%
2022-04-08 08:34:15 : 55,900,000 : 0 : 5,868,620,975 : 24%
2022-04-08 09:04:16 : 56,000,000 : 0 : 5,878,713,750 : 24%
2022-04-08 09:34:13 : 56,100,000 : 0 : 5,888,937,600 : 24%
2022-04-08 10:03:46 : 56,200,000 : 0 : 5,899,030,375 : 24%
2022-04-08 10:31:45 : 56,300,000 : 0 : 5,909,123,150 : 24%
2022-04-08 10:57:17 : 56,400,000 : 0 : 5,919,215,925 : 24%
2022-04-08 11:21:28 : 56,500,000 : 0 : 5,929,439,775 : 24%
2022-04-08 11:43:40 : 56,600,000 : 0 : 5,939,663,625 : 24%
2022-04-08 12:04:16 : 56,700,000 : 0 : 5,949,887,475 : 24%
2022-04-08 12:23:36 : 56,800,000 : 0 : 5,970,466,250 : 24%
2022-04-08 12:42:04 : 56,900,000 : 0 : 5,980,821,175 : 24%
2022-04-08 12:59:35 : 57,000,000 : 0 : 5,991,176,100 : 24%
2022-04-08 13:16:27 : 57,100,000 : 0 : 6,001,531,025 : 25%
2022-04-08 13:32:37 : 57,200,000 : 0 : 6,011,885,950 : 25%
2022-04-08 13:48:10 : 57,300,000 : 0 : 6,022,371,950 : 25%
2022-04-08 14:03:21 : 57,400,000 : 0 : 6,032,726,875 : 25%
2022-04-08 14:18:16 : 57,500,000 : 0 : 6,043,343,950 : 25%
2022-04-08 14:32:41 : 57,600,000 : 0 : 6,053,829,950 : 25%
2022-04-08 14:47:03 : 57,700,000 : 0 : 6,064,447,025 : 25%
2022-04-08 15:01:28 : 57,800,000 : 0 : 6,075,064,100 : 25%
2022-04-08 15:15:49 : 57,900,000 : 0 : 6,085,550,100 : 25%
2022-04-08 15:30:03 : 58,000,000 : 0 : 6,096,167,175 : 25%
2022-04-08 15:44:14 : 58,100,000 : 0 : 6,106,653,175 : 25%
2022-04-08 15:58:22 : 58,200,000 : 0 : 6,117,270,250 : 25%
2022-04-08 16:12:38 : 58,300,000 : 0 : 6,128,018,400 : 25%
2022-04-08 16:26:49 : 58,400,000 : 0 : 6,138,504,400 : 25%
2022-04-08 16:40:51 : 58,500,000 : 0 : 6,149,121,475 : 25%
2022-04-08 16:54:49 : 58,600,000 : 0 : 6,159,607,475 : 25%
2022-04-08 17:08:46 : 58,700,000 : 0 : 6,170,093,475 : 25%
2022-04-08 17:22:39 : 58,800,000 : 0 : 6,180,448,400 : 25%
2022-04-08 17:36:39 : 58,900,000 : 0 : 6,190,934,400 : 25%
2022-04-08 17:50:41 : 59,000,000 : 0 : 6,201,420,400 : 25%
2022-04-08 18:04:49 : 59,100,000 : 0 : 6,211,906,400 : 25%
2022-04-08 18:19:11 : 59,200,000 : 0 : 6,222,261,325 : 25%
2022-04-08 18:33:26 : 59,300,000 : 0 : 6,243,102,250 : 26%
2022-04-08 18:47:53 : 59,400,000 : 0 : 6,253,588,250 : 26%
2022-04-08 19:02:31 : 59,500,000 : 0 : 6,264,074,250 : 26%
2022-04-08 19:17:21 : 59,600,000 : 0 : 6,274,429,175 : 26%
2022-04-08 19:31:56 : 59,700,000 : 0 : 6,284,653,025 : 26%
2022-04-08 19:46:37 : 59,800,000 : 0 : 6,295,007,950 : 26%
2022-04-08 20:01:14 : 59,900,000 : 0 : 6,305,231,800 : 26%
2022-04-08 20:16:02 : 60,000,000 : 0 : 6,315,455,650 : 26%
2022-04-08 20:30:36 : 60,100,000 : 0 : 6,325,548,425 : 26%
2022-04-08 20:45:17 : 60,200,000 : 0 : 6,335,772,275 : 26%
2022-04-08 21:00:02 : 60,300,000 : 0 : 6,345,996,125 : 26%
2022-04-08 21:14:57 : 60,400,000 : 0 : 6,356,088,900 : 26%
2022-04-08 21:29:55 : 60,500,000 : 0 : 6,366,312,750 : 26%
2022-04-08 21:45:13 : 60,600,000 : 0 : 6,376,536,600 : 26%
2022-04-08 22:00:37 : 60,700,000 : 0 : 6,386,629,375 : 26%
2022-04-08 22:16:18 : 60,800,000 : 0 : 6,396,853,225 : 26%
2022-04-08 22:32:05 : 60,900,000 : 0 : 6,407,077,075 : 26%
2022-04-08 22:48:06 : 61,000,000 : 0 : 6,417,169,850 : 26%
2022-04-08 23:04:12 : 61,100,000 : 0 : 6,427,262,625 : 26%
2022-04-08 23:20:36 : 61,200,000 : 0 : 6,437,224,325 : 26%
2022-04-08 23:37:01 : 61,300,000 : 0 : 6,447,317,100 : 26%
2022-04-08 23:53:50 : 61,400,000 : 0 : 6,457,278,800 : 26%
2022-04-09 00:10:50 : 61,500,000 : 0 : 6,467,240,500 : 26%
2022-04-09 00:28:05 : 61,600,000 : 0 : 6,477,071,125 : 26%
2022-04-09 00:45:57 : 61,700,000 : 0 : 6,486,901,750 : 27%
2022-04-09 01:03:47 : 61,800,000 : 0 : 6,496,601,300 : 27%
2022-04-09 01:21:28 : 61,900,000 : 0 : 6,506,300,850 : 27%
2022-04-09 01:38:53 : 62,000,000 : 0 : 6,516,000,400 : 27%
2022-04-09 01:56:26 : 62,100,000 : 0 : 6,525,831,025 : 27%
2022-04-09 02:14:27 : 62,200,000 : 0 : 6,545,361,200 : 27%
2022-04-09 02:32:30 : 62,300,000 : 0 : 6,555,060,750 : 27%
2022-04-09 02:50:54 : 62,400,000 : 0 : 6,564,760,300 : 27%
2022-04-09 03:09:32 : 62,500,000 : 0 : 6,574,459,850 : 27%
2022-04-09 03:28:53 : 62,600,000 : 0 : 6,584,290,475 : 27%
2022-04-09 03:48:48 : 62,700,000 : 0 : 6,594,121,100 : 27%
2022-04-09 04:09:07 : 62,800,000 : 0 : 6,603,820,650 : 27%
2022-04-09 04:30:52 : 62,900,000 : 0 : 6,613,782,350 : 27%
2022-04-09 04:53:44 : 63,000,000 : 0 : 6,623,612,975 : 27%
2022-04-09 05:17:54 : 63,100,000 : 0 : 6,633,443,600 : 27%
2022-04-09 05:42:51 : 63,200,000 : 0 : 6,643,405,300 : 27%
2022-04-09 06:09:06 : 63,300,000 : 0 : 6,653,104,850 : 27%
2022-04-09 06:34:49 : 63,400,000 : 0 : 6,662,935,475 : 27%
2022-04-09 07:02:50 : 63,500,000 : 0 : 6,672,766,100 : 27%
2022-04-09 07:31:04 : 63,600,000 : 0 : 6,682,465,650 : 27%
2022-04-09 08:00:29 : 63,700,000 : 0 : 6,692,427,350 : 27%
2022-04-09 08:30:40 : 63,800,000 : 0 : 6,702,257,975 : 27%
2022-04-09 09:01:45 : 63,900,000 : 0 : 6,712,088,600 : 27%
2022-04-09 09:33:01 : 64,000,000 : 0 : 6,721,919,225 : 27%
2022-04-09 10:03:50 : 64,100,000 : 0 : 6,731,749,850 : 28%
2022-04-09 10:34:04 : 64,200,000 : 0 : 6,741,580,475 : 28%
2022-04-09 11:02:59 : 64,300,000 : 0 : 6,751,542,175 : 28%
2022-04-09 11:29:58 : 64,400,000 : 0 : 6,761,372,800 : 28%
2022-04-09 11:55:00 : 64,500,000 : 0 : 6,771,465,575 : 28%
2022-04-09 12:18:03 : 64,600,000 : 0 : 6,781,427,275 : 28%
2022-04-09 12:39:32 : 64,700,000 : 0 : 6,791,520,050 : 28%
2022-04-09 13:00:00 : 64,800,000 : 0 : 6,801,612,825 : 28%
2022-04-09 13:19:23 : 64,900,000 : 0 : 6,811,836,675 : 28%
2022-04-09 13:37:40 : 65,000,000 : 0 : 6,821,798,375 : 28%
2022-04-09 13:55:24 : 65,100,000 : 0 : 6,832,022,225 : 28%
2022-04-09 14:12:31 : 65,200,000 : 0 : 6,852,469,925 : 28%
2022-04-09 14:28:42 : 65,300,000 : 0 : 6,862,562,700 : 28%
2022-04-09 14:44:32 : 65,400,000 : 0 : 6,872,655,475 : 28%
2022-04-09 14:59:44 : 65,500,000 : 0 : 6,882,879,325 : 28%
2022-04-09 15:14:56 : 65,600,000 : 0 : 6,892,972,100 : 28%
2022-04-09 15:29:57 : 65,700,000 : 0 : 6,903,195,950 : 28%
2022-04-09 15:44:51 : 65,800,000 : 0 : 6,913,288,725 : 28%
2022-04-09 15:59:30 : 65,900,000 : 0 : 6,923,512,575 : 28%
2022-04-09 16:14:27 : 66,000,000 : 0 : 6,933,736,425 : 28%
2022-04-09 16:29:24 : 66,100,000 : 0 : 6,943,960,275 : 28%
2022-04-09 16:44:19 : 66,200,000 : 0 : 6,954,184,125 : 28%
2022-04-09 16:59:18 : 66,300,000 : 0 : 6,964,407,975 : 28%
2022-04-09 17:14:05 : 66,400,000 : 0 : 6,974,369,675 : 28%
2022-04-09 17:28:53 : 66,500,000 : 0 : 6,984,593,525 : 29%
2022-04-09 17:44:01 : 66,600,000 : 0 : 6,994,686,300 : 29%
2022-04-09 17:58:44 : 66,700,000 : 0 : 7,004,779,075 : 29%
2022-04-09 18:13:50 : 66,800,000 : 0 : 7,014,871,850 : 29%
2022-04-09 18:29:04 : 66,900,000 : 0 : 7,024,964,625 : 29%
2022-04-09 18:44:25 : 67,000,000 : 0 : 7,035,188,475 : 29%
2022-04-09 19:00:03 : 67,100,000 : 0 : 7,045,281,250 : 29%
2022-04-09 19:15:40 : 67,200,000 : 0 : 7,055,242,950 : 29%
2022-04-09 19:31:18 : 67,300,000 : 0 : 7,065,204,650 : 29%
2022-04-09 19:47:14 : 67,400,000 : 0 : 7,075,166,350 : 29%
2022-04-09 20:03:23 : 67,500,000 : 0 : 7,085,259,125 : 29%
2022-04-09 20:19:38 : 67,600,000 : 0 : 7,095,351,900 : 29%
2022-04-09 20:35:54 : 67,700,000 : 0 : 7,105,313,600 : 29%
2022-04-09 20:52:17 : 67,800,000 : 0 : 7,115,406,375 : 29%
2022-04-09 21:08:34 : 67,900,000 : 0 : 7,125,368,075 : 29%
2022-04-09 21:24:46 : 68,000,000 : 0 : 7,135,329,775 : 29%
2022-04-09 21:40:49 : 68,100,000 : 0 : 7,155,253,175 : 29%
2022-04-09 21:57:06 : 68,200,000 : 0 : 7,165,345,950 : 29%
2022-04-09 22:13:40 : 68,300,000 : 0 : 7,175,438,725 : 29%
2022-04-09 22:30:24 : 68,400,000 : 0 : 7,185,400,425 : 29%
2022-04-09 22:47:17 : 68,500,000 : 0 : 7,195,493,200 : 29%
2022-04-09 23:04:24 : 68,600,000 : 0 : 7,205,585,975 : 29%
2022-04-09 23:21:29 : 68,700,000 : 0 : 7,215,416,600 : 29%
2022-04-09 23:38:30 : 68,800,000 : 0 : 7,225,378,300 : 30%
2022-04-09 23:55:48 : 68,900,000 : 0 : 7,235,340,000 : 30%
2022-04-10 00:13:48 : 69,000,000 : 0 : 7,245,301,700 : 30%
2022-04-10 00:31:41 : 69,100,000 : 0 : 7,255,132,325 : 30%
2022-04-10 00:49:52 : 69,200,000 : 0 : 7,265,094,025 : 30%
2022-04-10 01:08:12 : 69,300,000 : 0 : 7,274,924,650 : 30%
2022-04-10 01:26:35 : 69,400,000 : 0 : 7,284,755,275 : 30%
2022-04-10 01:45:05 : 69,500,000 : 0 : 7,294,585,900 : 30%
2022-04-10 02:03:27 : 69,600,000 : 0 : 7,304,416,525 : 30%
2022-04-10 02:21:51 : 69,700,000 : 0 : 7,314,247,150 : 30%
2022-04-10 02:40:24 : 69,800,000 : 0 : 7,323,946,700 : 30%
2022-04-10 02:59:00 : 69,900,000 : 0 : 7,333,646,250 : 30%
2022-04-10 03:18:21 : 70,000,000 : 0 : 7,343,345,800 : 30%
2022-04-10 03:37:16 : 70,100,000 : 0 : 7,353,045,350 : 30%
2022-04-10 03:57:14 : 70,200,000 : 0 : 7,362,613,825 : 30%
2022-04-10 04:15:57 : 70,300,000 : 0 : 7,372,182,300 : 30%
2022-04-10 04:36:46 : 70,400,000 : 0 : 7,381,750,775 : 30%
2022-04-10 04:57:05 : 70,500,000 : 0 : 7,391,188,175 : 30%
2022-04-10 05:18:31 : 70,600,000 : 0 : 7,400,625,575 : 30%
2022-04-10 05:41:25 : 70,700,000 : 0 : 7,410,194,050 : 30%
2022-04-10 06:05:17 : 70,800,000 : 0 : 7,419,762,525 : 30%
2022-04-10 06:29:56 : 70,900,000 : 0 : 7,429,199,925 : 30%
2022-04-10 06:55:15 : 71,000,000 : 0 : 7,438,899,475 : 30%
2022-04-10 07:22:23 : 71,100,000 : 0 : 7,448,730,100 : 30%
2022-04-10 07:51:04 : 71,200,000 : 0 : 7,458,691,800 : 30%
2022-04-10 08:20:41 : 71,300,000 : 0 : 7,468,522,425 : 31%
2022-04-10 08:51:23 : 71,400,000 : 0 : 7,488,576,900 : 31%
2022-04-10 09:22:07 : 71,500,000 : 0 : 7,498,407,525 : 31%
2022-04-10 09:53:22 : 71,600,000 : 0 : 7,508,369,225 : 31%
2022-04-10 10:24:30 : 71,700,000 : 0 : 7,518,199,850 : 31%
2022-04-10 10:54:59 : 71,800,000 : 0 : 7,528,161,550 : 31%
2022-04-10 11:23:50 : 71,900,000 : 0 : 7,538,254,325 : 31%
2022-04-10 11:50:15 : 72,000,000 : 0 : 7,548,347,100 : 31%
2022-04-10 12:14:34 : 72,100,000 : 0 : 7,558,308,800 : 31%
2022-04-10 12:37:10 : 72,200,000 : 0 : 7,568,532,650 : 31%
2022-04-10 12:58:42 : 72,300,000 : 0 : 7,578,756,500 : 31%
2022-04-10 13:18:37 : 72,400,000 : 0 : 7,588,980,350 : 31%
2022-04-10 13:37:50 : 72,500,000 : 0 : 7,599,204,200 : 31%
2022-04-10 13:56:07 : 72,600,000 : 0 : 7,609,559,125 : 31%
2022-04-10 14:13:32 : 72,700,000 : 0 : 7,619,782,975 : 31%
2022-04-10 14:30:17 : 72,800,000 : 0 : 7,630,006,825 : 31%
2022-04-10 14:46:28 : 72,900,000 : 0 : 7,640,230,675 : 31%
2022-04-10 15:02:27 : 73,000,000 : 0 : 7,650,454,525 : 31%
2022-04-10 15:18:09 : 73,100,000 : 0 : 7,660,678,375 : 31%
2022-04-10 15:33:48 : 73,200,000 : 0 : 7,670,902,225 : 31%
2022-04-10 15:48:54 : 73,300,000 : 0 : 7,680,995,000 : 31%
2022-04-10 16:03:53 : 73,400,000 : 0 : 7,691,218,850 : 31%
2022-04-10 16:18:36 : 73,500,000 : 0 : 7,701,442,700 : 31%
2022-04-10 16:33:12 : 73,600,000 : 0 : 7,711,666,550 : 32%
2022-04-10 16:47:57 : 73,700,000 : 0 : 7,721,890,400 : 32%
2022-04-10 17:02:33 : 73,800,000 : 0 : 7,732,114,250 : 32%
2022-04-10 17:17:12 : 73,900,000 : 0 : 7,752,561,950 : 32%
2022-04-10 17:31:58 : 74,000,000 : 0 : 7,762,785,800 : 32%
2022-04-10 17:46:36 : 74,100,000 : 0 : 7,773,009,650 : 32%
2022-04-10 18:01:29 : 74,200,000 : 0 : 7,783,233,500 : 32%
2022-04-10 18:16:39 : 74,300,000 : 0 : 7,793,457,350 : 32%
2022-04-10 18:31:48 : 74,400,000 : 0 : 7,803,681,200 : 32%
2022-04-10 18:46:59 : 74,500,000 : 0 : 7,813,905,050 : 32%
2022-04-10 19:02:09 : 74,600,000 : 0 : 7,824,128,900 : 32%
2022-04-10 19:17:38 : 74,700,000 : 0 : 7,834,221,675 : 32%
2022-04-10 19:33:09 : 74,800,000 : 0 : 7,844,445,525 : 32%
2022-04-10 19:48:27 : 74,900,000 : 0 : 7,854,538,300 : 32%
2022-04-10 20:03:51 : 75,000,000 : 0 : 7,864,762,150 : 32%
2022-04-10 20:19:20 : 75,100,000 : 0 : 7,874,723,850 : 32%
2022-04-10 20:34:43 : 75,200,000 : 0 : 7,884,816,625 : 32%
2022-04-10 20:50:13 : 75,300,000 : 0 : 7,894,778,325 : 32%
2022-04-10 21:05:50 : 75,400,000 : 0 : 7,905,002,175 : 32%
2022-04-10 21:21:45 : 75,500,000 : 0 : 7,915,094,950 : 32%
2022-04-10 21:37:41 : 75,600,000 : 0 : 7,925,318,800 : 32%
2022-04-10 21:53:34 : 75,700,000 : 0 : 7,935,280,500 : 32%
2022-04-10 22:09:49 : 75,800,000 : 0 : 7,945,504,350 : 32%
2022-04-10 22:26:05 : 75,900,000 : 0 : 7,955,597,125 : 33%
2022-04-10 22:42:34 : 76,000,000 : 0 : 7,965,689,900 : 33%
2022-04-10 22:59:17 : 76,100,000 : 0 : 7,975,651,600 : 33%
2022-04-10 23:16:18 : 76,200,000 : 0 : 7,985,744,375 : 33%
2022-04-10 23:33:14 : 76,300,000 : 0 : 7,995,837,150 : 33%
2022-04-10 23:50:18 : 76,400,000 : 0 : 8,005,798,850 : 33%
2022-04-11 00:07:39 : 76,500,000 : 0 : 8,025,984,400 : 33%
2022-04-11 00:25:04 : 76,600,000 : 0 : 8,036,077,175 : 33%
2022-04-11 00:42:31 : 76,700,000 : 0 : 8,046,038,875 : 33%
2022-04-11 01:00:03 : 76,800,000 : 0 : 8,056,131,650 : 33%
2022-04-11 01:17:28 : 76,900,000 : 0 : 8,066,093,350 : 33%
2022-04-11 01:34:45 : 77,000,000 : 0 : 8,076,055,050 : 33%
2022-04-11 01:52:00 : 77,100,000 : 0 : 8,086,016,750 : 33%
2022-04-11 02:09:24 : 77,200,000 : 0 : 8,095,978,450 : 33%
2022-04-11 02:27:16 : 77,300,000 : 0 : 8,105,940,150 : 33%
2022-04-11 02:45:31 : 77,400,000 : 0 : 8,115,901,850 : 33%
2022-04-11 03:04:11 : 77,500,000 : 0 : 8,125,994,625 : 33%
2022-04-11 03:23:27 : 77,600,000 : 0 : 8,136,087,400 : 33%
2022-04-11 03:43:30 : 77,700,000 : 0 : 8,146,049,100 : 33%
2022-04-11 04:04:15 : 77,800,000 : 0 : 8,156,141,875 : 33%
2022-04-11 04:26:17 : 77,900,000 : 0 : 8,166,234,650 : 33%
2022-04-11 04:49:04 : 78,000,000 : 0 : 8,176,327,425 : 33%
2022-04-11 05:13:04 : 78,100,000 : 0 : 8,186,420,200 : 33%
2022-04-11 05:38:22 : 78,200,000 : 0 : 8,196,512,975 : 33%
2022-04-11 06:04:56 : 78,300,000 : 0 : 8,206,605,750 : 34%
2022-04-11 06:32:46 : 78,400,000 : 0 : 8,216,829,600 : 34%
2022-04-11 07:01:40 : 78,500,000 : 0 : 8,227,053,450 : 34%
2022-04-11 07:32:02 : 78,600,000 : 0 : 8,237,277,300 : 34%
2022-04-11 08:02:46 : 78,700,000 : 0 : 8,247,501,150 : 34%
2022-04-11 08:33:58 : 78,800,000 : 0 : 8,257,856,075 : 34%
2022-04-11 09:05:19 : 78,900,000 : 0 : 8,268,079,925 : 34%
2022-04-11 09:35:52 : 79,000,000 : 0 : 8,278,303,775 : 34%
2022-04-11 10:05:47 : 79,100,000 : 0 : 8,288,527,625 : 34%
2022-04-11 10:34:07 : 79,200,000 : 0 : 8,298,751,475 : 34%
2022-04-11 11:00:34 : 79,300,000 : 0 : 8,319,199,175 : 34%
2022-04-11 11:24:55 : 79,400,000 : 0 : 8,329,423,025 : 34%
2022-04-11 11:47:31 : 79,500,000 : 0 : 8,339,646,875 : 34%
2022-04-11 12:08:46 : 79,600,000 : 0 : 8,350,001,800 : 34%
2022-04-11 12:28:44 : 79,700,000 : 0 : 8,360,225,650 : 34%
2022-04-11 12:47:32 : 79,800,000 : 0 : 8,370,580,575 : 34%
2022-04-11 13:05:34 : 79,900,000 : 0 : 8,381,066,575 : 34%
2022-04-11 13:23:09 : 80,000,000 : 0 : 8,391,683,650 : 34%
2022-04-11 13:40:04 : 80,100,000 : 0 : 8,402,169,650 : 34%
2022-04-11 13:56:21 : 80,200,000 : 0 : 8,412,655,650 : 34%
2022-04-11 14:12:06 : 80,300,000 : 0 : 8,423,272,725 : 34%
2022-04-11 14:27:24 : 80,400,000 : 0 : 8,433,889,800 : 34%
2022-04-11 14:42:33 : 80,500,000 : 0 : 8,444,506,875 : 35%
2022-04-11 14:57:38 : 80,600,000 : 0 : 8,455,123,950 : 35%
2022-04-11 15:12:37 : 80,700,000 : 0 : 8,465,741,025 : 35%
2022-04-11 15:27:21 : 80,800,000 : 0 : 8,476,489,175 : 35%
2022-04-11 15:42:03 : 80,900,000 : 0 : 8,487,106,250 : 35%
2022-04-11 15:58:20 : 81,000,000 : 0 : 8,497,854,400 : 35%
2022-04-11 16:12:53 : 81,100,000 : 0 : 8,508,471,475 : 35%
2022-04-11 16:27:06 : 81,200,000 : 0 : 8,519,088,550 : 35%
2022-04-11 16:41:08 : 81,300,000 : 0 : 8,529,836,700 : 35%
2022-04-11 16:54:57 : 81,400,000 : 0 : 8,540,453,775 : 35%
2022-04-11 17:08:36 : 81,500,000 : 0 : 8,550,939,775 : 35%
2022-04-11 17:22:22 : 81,600,000 : 0 : 8,572,042,850 : 35%
2022-04-11 17:36:07 : 81,700,000 : 0 : 8,582,659,925 : 35%
2022-04-11 17:49:48 : 81,800,000 : 0 : 8,593,277,000 : 35%
2022-04-11 18:03:33 : 81,900,000 : 0 : 8,603,763,000 : 35%
2022-04-11 18:17:29 : 82,000,000 : 0 : 8,614,380,075 : 35%
2022-04-11 18:31:18 : 82,100,000 : 0 : 8,625,521,450 : 35%
2022-04-11 19:07:15 : 82,200,000 : 0 : 8,635,876,375 : 35%
2022-04-11 19:22:36 : 82,300,000 : 0 : 8,646,362,375 : 35%
2022-04-11 19:37:06 : 82,400,000 : 0 : 8,656,848,375 : 35%
2022-04-11 19:51:50 : 82,500,000 : 0 : 8,667,334,375 : 35%
2022-04-11 20:06:51 : 82,600,000 : 0 : 8,677,689,300 : 35%
2022-04-11 20:20:58 : 82,700,000 : 0 : 8,688,175,300 : 36%
2022-04-11 20:34:50 : 82,800,000 : 0 : 8,698,530,225 : 36%
2022-04-11 20:48:50 : 82,900,000 : 0 : 8,709,016,225 : 36%
2022-04-11 21:02:51 : 83,000,000 : 0 : 8,719,371,150 : 36%
2022-04-11 21:17:03 : 83,100,000 : 0 : 8,729,726,075 : 36%
2022-04-11 21:31:27 : 83,200,000 : 0 : 8,740,212,075 : 36%
2022-04-11 21:46:04 : 83,300,000 : 0 : 8,750,567,000 : 36%
2022-04-11 22:00:49 : 83,400,000 : 0 : 8,760,921,925 : 36%
2022-04-11 22:15:54 : 83,500,000 : 0 : 8,771,276,850 : 36%
2022-04-11 22:31:03 : 83,600,000 : 0 : 8,781,631,775 : 36%
2022-04-11 22:46:24 : 83,700,000 : 0 : 8,791,855,625 : 36%
2022-04-11 23:01:56 : 83,800,000 : 0 : 8,802,210,550 : 36%
2022-04-11 23:17:53 : 83,900,000 : 0 : 8,822,789,325 : 36%
2022-04-11 23:33:54 : 84,000,000 : 0 : 8,833,013,175 : 36%
2022-04-11 23:50:20 : 84,100,000 : 0 : 8,843,105,950 : 36%
2022-04-12 00:06:51 : 84,200,000 : 0 : 8,853,198,725 : 36%
2022-04-12 00:23:12 : 84,300,000 : 0 : 8,863,291,500 : 36%
2022-04-12 00:39:27 : 84,400,000 : 0 : 8,873,384,275 : 36%
2022-04-12 00:55:44 : 84,500,000 : 0 : 8,883,477,050 : 36%
Decoding error with 134,217,728 bytes, reading another chunk
2022-04-12 01:11:58 : 84,600,000 : 0 : 8,903,400,450 : 36%
2022-04-12 01:27:47 : 84,700,000 : 0 : 8,903,400,450 : 36%
2022-04-12 01:43:33 : 84,800,000 : 0 : 8,913,493,225 : 36%
2022-04-12 01:59:22 : 84,900,000 : 0 : 8,923,454,925 : 36%
2022-04-12 02:15:30 : 85,000,000 : 0 : 8,933,416,625 : 37%
2022-04-12 02:31:52 : 85,100,000 : 0 : 8,943,378,325 : 37%
2022-04-12 02:48:37 : 85,200,000 : 0 : 8,953,602,175 : 37%
2022-04-12 03:05:44 : 85,300,000 : 0 : 8,963,563,875 : 37%
2022-04-12 03:23:57 : 85,400,000 : 0 : 8,973,656,650 : 37%
2022-04-12 03:42:43 : 85,500,000 : 0 : 8,983,749,425 : 37%
2022-04-12 04:02:07 : 85,600,000 : 0 : 8,993,973,275 : 37%
2022-04-12 04:23:48 : 85,700,000 : 0 : 9,004,459,275 : 37%
2022-04-12 04:47:16 : 85,800,000 : 0 : 9,014,945,275 : 37%
2022-04-12 05:11:50 : 85,900,000 : 0 : 9,025,431,275 : 37%
2022-04-12 05:36:32 : 86,000,000 : 0 : 9,035,786,200 : 37%
2022-04-12 06:03:21 : 86,100,000 : 0 : 9,046,010,050 : 37%
2022-04-12 06:27:25 : 86,200,000 : 0 : 9,055,447,450 : 37%
2022-04-12 06:55:12 : 86,300,000 : 0 : 9,065,802,375 : 37%
2022-04-12 07:23:43 : 86,400,000 : 0 : 9,075,895,150 : 37%
2022-04-12 07:53:13 : 86,500,000 : 0 : 9,086,250,075 : 37%
2022-04-12 08:23:31 : 86,600,000 : 0 : 9,096,473,925 : 37%
2022-04-12 08:54:47 : 86,700,000 : 0 : 9,117,052,700 : 37%
2022-04-12 09:25:16 : 86,800,000 : 0 : 9,127,407,625 : 37%
2022-04-12 09:55:16 : 86,900,000 : 0 : 9,137,631,475 : 37%
2022-04-12 10:23:40 : 87,000,000 : 0 : 9,147,724,250 : 37%
2022-04-12 10:49:42 : 87,100,000 : 0 : 9,157,948,100 : 37%
2022-04-12 11:13:58 : 87,200,000 : 0 : 9,168,171,950 : 37%
2022-04-12 11:36:14 : 87,300,000 : 0 : 9,178,395,800 : 38%
2022-04-12 11:57:06 : 87,400,000 : 0 : 9,188,750,725 : 38%
2022-04-12 12:16:57 : 87,500,000 : 0 : 9,199,105,650 : 38%
2022-04-12 12:35:33 : 87,600,000 : 0 : 9,209,460,575 : 38%
2022-04-12 12:53:12 : 87,700,000 : 0 : 9,219,946,575 : 38%
2022-04-12 13:10:27 : 87,800,000 : 0 : 9,230,301,500 : 38%
2022-04-12 13:26:50 : 87,900,000 : 0 : 9,240,787,500 : 38%
2022-04-12 13:42:53 : 88,000,000 : 0 : 9,251,273,500 : 38%
2022-04-12 13:58:33 : 88,100,000 : 0 : 9,261,890,575 : 38%
2022-04-12 14:14:10 : 88,200,000 : 0 : 9,272,376,575 : 38%
2022-04-12 14:29:02 : 88,300,000 : 0 : 9,282,862,575 : 38%
2022-04-12 14:43:38 : 88,400,000 : 0 : 9,293,348,575 : 38%
2022-04-12 14:58:07 : 88,500,000 : 0 : 9,303,965,650 : 38%
2022-04-12 15:12:30 : 88,600,000 : 0 : 9,314,451,650 : 38%
2022-04-12 15:26:29 : 88,700,000 : 0 : 9,324,937,650 : 38%
2022-04-12 15:40:23 : 88,800,000 : 0 : 9,335,554,725 : 38%
2022-04-12 15:54:11 : 88,900,000 : 0 : 9,346,040,725 : 38%
2022-04-12 16:08:01 : 89,000,000 : 0 : 9,356,657,800 : 38%
2022-04-12 16:21:44 : 89,100,000 : 0 : 9,367,274,875 : 38%
2022-04-12 16:35:08 : 89,200,000 : 0 : 9,388,377,950 : 38%
2022-04-12 16:48:37 : 89,300,000 : 0 : 9,398,863,950 : 38%
2022-04-12 17:02:11 : 89,400,000 : 0 : 9,409,481,025 : 38%
2022-04-12 17:15:53 : 89,500,000 : 0 : 9,420,098,100 : 38%
2022-04-12 17:29:18 : 89,600,000 : 0 : 9,430,584,100 : 39%
2022-04-12 17:42:55 : 89,700,000 : 0 : 9,441,070,100 : 39%
2022-04-12 17:56:23 : 89,800,000 : 0 : 9,451,556,100 : 39%
2022-04-12 18:10:08 : 89,900,000 : 0 : 9,462,173,175 : 39%
2022-04-12 18:23:55 : 90,000,000 : 0 : 9,472,659,175 : 39%
2022-04-12 18:37:41 : 90,100,000 : 0 : 9,483,145,175 : 39%
2022-04-12 18:51:34 : 90,200,000 : 0 : 9,493,631,175 : 39%
2022-04-12 19:05:37 : 90,300,000 : 0 : 9,504,117,175 : 39%
2022-04-12 19:19:38 : 90,400,000 : 0 : 9,514,603,175 : 39%
2022-04-12 19:33:35 : 90,500,000 : 0 : 9,524,958,100 : 39%
2022-04-12 19:47:19 : 90,600,000 : 0 : 9,535,313,025 : 39%
2022-04-12 20:00:52 : 90,700,000 : 0 : 9,545,799,025 : 39%
2022-04-12 20:14:36 : 90,800,000 : 0 : 9,556,022,875 : 39%
2022-04-12 20:28:08 : 90,900,000 : 0 : 9,566,246,725 : 39%
2022-04-12 20:41:40 : 91,000,000 : 0 : 9,576,339,500 : 39%
2022-04-12 20:55:31 : 91,100,000 : 0 : 9,586,563,350 : 39%
2022-04-12 21:09:09 : 91,200,000 : 0 : 9,596,787,200 : 39%
2022-04-12 21:23:21 : 91,300,000 : 0 : 9,607,011,050 : 39%
2022-04-12 21:37:36 : 91,400,000 : 0 : 9,617,234,900 : 39%
2022-04-12 21:51:56 : 91,500,000 : 0 : 9,627,458,750 : 39%
2022-04-12 22:09:56 : 91,600,000 : 0 : 9,648,692,900 : 39%
2022-04-12 22:32:57 : 91,700,000 : 0 : 9,658,916,750 : 39%
2022-04-12 22:49:42 : 91,800,000 : 0 : 9,669,009,525 : 40%
2022-04-12 23:05:44 : 91,900,000 : 0 : 9,679,102,300 : 40%
2022-04-12 23:21:36 : 92,000,000 : 0 : 9,689,064,000 : 40%
2022-04-12 23:37:24 : 92,100,000 : 0 : 9,699,156,775 : 40%
2022-04-12 23:53:13 : 92,200,000 : 0 : 9,709,118,475 : 40%
2022-04-13 00:09:01 : 92,300,000 : 0 : 9,719,080,175 : 40%
2022-04-13 00:24:52 : 92,400,000 : 0 : 9,729,172,950 : 40%
2022-04-13 00:40:42 : 92,500,000 : 0 : 9,739,134,650 : 40%
2022-04-13 00:56:28 : 92,600,000 : 0 : 9,749,096,350 : 40%
2022-04-13 01:12:04 : 92,700,000 : 0 : 9,758,926,975 : 40%
2022-04-13 01:27:32 : 92,800,000 : 0 : 9,768,757,600 : 40%
2022-04-13 01:42:52 : 92,900,000 : 0 : 9,778,588,225 : 40%
2022-04-13 01:58:36 : 93,000,000 : 0 : 9,788,549,925 : 40%
2022-04-13 02:14:14 : 93,100,000 : 0 : 9,798,511,625 : 40%
2022-04-13 02:30:27 : 93,200,000 : 0 : 9,808,473,325 : 40%
2022-04-13 02:46:51 : 93,300,000 : 0 : 9,818,303,950 : 40%
2022-04-13 03:03:46 : 93,400,000 : 0 : 9,828,265,650 : 40%
2022-04-13 03:21:29 : 93,500,000 : 0 : 9,838,358,425 : 40%
2022-04-13 03:39:45 : 93,600,000 : 0 : 9,848,320,125 : 40%
2022-04-13 03:58:35 : 93,700,000 : 0 : 9,858,281,825 : 40%
2022-04-13 04:18:16 : 93,800,000 : 0 : 9,868,243,525 : 40%
2022-04-13 04:38:20 : 93,900,000 : 0 : 9,878,074,150 : 40%
2022-04-13 04:59:52 : 94,000,000 : 0 : 9,888,035,850 : 40%
2022-04-13 05:23:30 : 94,100,000 : 0 : 9,898,259,700 : 40%
2022-04-13 05:48:34 : 94,200,000 : 0 : 9,908,483,550 : 40%
2022-04-13 06:14:52 : 94,300,000 : 0 : 9,928,931,250 : 41%
2022-04-13 06:42:47 : 94,400,000 : 0 : 9,939,155,100 : 41%
2022-04-13 07:11:51 : 94,500,000 : 0 : 9,949,510,025 : 41%
2022-04-13 07:42:45 : 94,600,000 : 0 : 9,959,864,950 : 41%
2022-04-13 08:13:57 : 94,700,000 : 0 : 9,970,219,875 : 41%
2022-04-13 08:45:32 : 94,800,000 : 0 : 9,980,574,800 : 41%
2022-04-13 09:17:03 : 94,900,000 : 0 : 9,990,929,725 : 41%
2022-04-13 09:48:32 : 95,000,000 : 0 : 10,001,284,650 : 41%
2022-04-13 10:18:10 : 95,100,000 : 0 : 10,011,508,500 : 41%
2022-04-13 10:45:27 : 95,200,000 : 0 : 10,021,863,425 : 41%
2022-04-13 11:10:42 : 95,300,000 : 0 : 10,032,087,275 : 41%
2022-04-13 11:34:03 : 95,400,000 : 0 : 10,042,442,200 : 41%
2022-04-13 11:55:51 : 95,500,000 : 0 : 10,052,797,125 : 41%
2022-04-13 12:16:12 : 95,600,000 : 0 : 10,063,283,125 : 41%
2022-04-13 12:35:18 : 95,700,000 : 0 : 10,073,638,050 : 41%
2022-04-13 12:53:27 : 95,800,000 : 0 : 10,084,255,125 : 41%
2022-04-13 13:10:50 : 95,900,000 : 0 : 10,094,741,125 : 41%
2022-04-13 13:27:38 : 96,000,000 : 0 : 10,105,358,200 : 41%
2022-04-13 13:44:04 : 96,100,000 : 0 : 10,115,975,275 : 41%
2022-04-13 13:59:45 : 96,200,000 : 0 : 10,126,592,350 : 41%
2022-04-13 14:15:04 : 96,300,000 : 0 : 10,137,078,350 : 41%
2022-04-13 14:29:49 : 96,400,000 : 0 : 10,147,695,425 : 41%
2022-04-13 14:44:16 : 96,500,000 : 0 : 10,158,443,575 : 42%
2022-04-13 14:58:38 : 96,600,000 : 0 : 10,169,060,650 : 42%
2022-04-13 15:13:10 : 96,700,000 : 0 : 10,190,163,725 : 42%
2022-04-13 15:27:20 : 96,800,000 : 0 : 10,200,911,875 : 42%
2022-04-13 15:41:30 : 96,900,000 : 0 : 10,211,528,950 : 42%
2022-04-13 15:55:34 : 97,000,000 : 0 : 10,222,146,025 : 42%
2022-04-13 16:09:39 : 97,100,000 : 0 : 10,232,763,100 : 42%
2022-04-13 16:23:34 : 97,200,000 : 0 : 10,243,380,175 : 42%
2022-04-13 16:37:20 : 97,300,000 : 0 : 10,253,997,250 : 42%
2022-04-13 16:50:57 : 97,400,000 : 0 : 10,264,614,325 : 42%
2022-04-13 17:04:47 : 97,500,000 : 0 : 10,275,231,400 : 42%
2022-04-13 17:18:53 : 97,600,000 : 0 : 10,285,848,475 : 42%
2022-04-13 17:32:44 : 97,700,000 : 0 : 10,296,465,550 : 42%
2022-04-13 17:46:35 : 97,800,000 : 0 : 10,306,951,550 : 42%
2022-04-13 18:00:12 : 97,900,000 : 0 : 10,317,437,550 : 42%
2022-04-13 18:14:15 : 98,000,000 : 0 : 10,327,923,550 : 42%
2022-04-13 18:28:11 : 98,100,000 : 0 : 10,338,409,550 : 42%
2022-04-13 18:42:00 : 98,200,000 : 0 : 10,348,764,475 : 42%
2022-04-13 18:56:04 : 98,300,000 : 0 : 10,359,381,550 : 42%
2022-04-13 19:10:21 : 98,400,000 : 0 : 10,369,736,475 : 42%
2022-04-13 19:25:47 : 98,500,000 : 0 : 10,380,222,475 : 42%
2022-04-13 19:40:26 : 98,600,000 : 0 : 10,390,577,400 : 42%
2022-04-13 19:54:38 : 98,700,000 : 0 : 10,400,932,325 : 43%
2022-04-13 20:10:54 : 98,800,000 : 0 : 10,421,773,250 : 43%
2022-04-13 20:25:31 : 98,900,000 : 0 : 10,432,128,175 : 43%
2022-04-13 20:40:00 : 99,000,000 : 0 : 10,442,483,100 : 43%
2022-04-13 20:54:15 : 99,100,000 : 0 : 10,452,575,875 : 43%
2022-04-13 21:08:12 : 99,200,000 : 0 : 10,462,930,800 : 43%
2022-04-13 21:22:31 : 99,300,000 : 0 : 10,473,285,725 : 43%
2022-04-13 21:37:12 : 99,400,000 : 0 : 10,483,509,575 : 43%
2022-04-13 21:51:56 : 99,500,000 : 0 : 10,493,864,500 : 43%
2022-04-13 22:06:47 : 99,600,000 : 0 : 10,504,219,425 : 43%
2022-04-13 22:22:01 : 99,700,000 : 0 : 10,514,574,350 : 43%
2022-04-13 22:37:35 : 99,800,000 : 0 : 10,524,798,200 : 43%
2022-04-13 22:53:27 : 99,900,000 : 0 : 10,535,153,125 : 43%
2022-04-13 23:09:47 : 100,000,000 : 0 : 10,545,376,975 : 43%
2022-04-13 23:25:59 : 100,100,000 : 0 : 10,555,600,825 : 43%
2022-04-13 23:42:10 : 100,200,000 : 0 : 10,565,693,600 : 43%
2022-04-13 23:58:34 : 100,300,000 : 0 : 10,575,917,450 : 43%
2022-04-14 00:14:44 : 100,400,000 : 0 : 10,585,879,150 : 43%
2022-04-14 00:30:48 : 100,500,000 : 0 : 10,595,840,850 : 43%
2022-04-14 00:46:46 : 100,600,000 : 0 : 10,605,802,550 : 43%
2022-04-14 01:02:45 : 100,700,000 : 0 : 10,615,764,250 : 43%
2022-04-14 01:19:04 : 100,800,000 : 0 : 10,625,725,950 : 43%
2022-04-14 01:35:04 : 100,900,000 : 0 : 10,635,556,575 : 43%
2022-04-14 01:50:54 : 101,000,000 : 0 : 10,645,387,200 : 44%
2022-04-14 02:07:24 : 101,100,000 : 0 : 10,655,348,900 : 44%
2022-04-14 02:24:23 : 101,200,000 : 0 : 10,665,441,675 : 44%
2022-04-14 02:41:53 : 101,300,000 : 0 : 10,675,534,450 : 44%
2022-04-14 02:59:31 : 101,400,000 : 0 : 10,685,627,225 : 44%
2022-04-14 03:18:13 : 101,500,000 : 0 : 10,705,943,850 : 44%
2022-04-14 03:37:27 : 101,600,000 : 0 : 10,716,167,700 : 44%
2022-04-14 03:57:10 : 101,700,000 : 0 : 10,726,260,475 : 44%
2022-04-14 04:18:06 : 101,800,000 : 0 : 10,736,353,250 : 44%
2022-04-14 04:40:14 : 101,900,000 : 0 : 10,746,577,100 : 44%
2022-04-14 05:03:33 : 102,000,000 : 0 : 10,756,800,950 : 44%
2022-04-14 05:28:08 : 102,100,000 : 0 : 10,767,024,800 : 44%
2022-04-14 05:54:04 : 102,200,000 : 0 : 10,777,379,725 : 44%
2022-04-14 06:21:44 : 102,300,000 : 0 : 10,787,603,575 : 44%
2022-04-14 06:50:06 : 102,400,000 : 0 : 10,797,958,500 : 44%
2022-04-14 07:19:48 : 102,500,000 : 0 : 10,808,182,350 : 44%
2022-04-14 07:50:36 : 102,600,000 : 0 : 10,818,537,275 : 44%
2022-04-14 08:21:20 : 102,700,000 : 0 : 10,828,892,200 : 44%
2022-04-14 08:52:47 : 102,800,000 : 0 : 10,839,116,050 : 44%
2022-04-14 09:24:01 : 102,900,000 : 0 : 10,849,339,900 : 44%
2022-04-14 09:54:25 : 103,000,000 : 0 : 10,859,563,750 : 44%
2022-04-14 10:22:59 : 103,100,000 : 0 : 10,869,787,600 : 44%
2022-04-14 10:49:57 : 103,200,000 : 0 : 10,879,880,375 : 44%
2022-04-14 11:15:05 : 103,300,000 : 0 : 10,890,104,225 : 45%
2022-04-14 11:38:15 : 103,400,000 : 0 : 10,900,459,150 : 45%
2022-04-14 11:59:58 : 103,500,000 : 0 : 10,910,683,000 : 45%
2022-04-14 12:20:16 : 103,600,000 : 0 : 10,921,037,925 : 45%
2022-04-14 12:39:29 : 103,700,000 : 0 : 10,931,523,925 : 45%
2022-04-14 12:57:51 : 103,800,000 : 0 : 10,942,009,925 : 45%
2022-04-14 13:15:19 : 103,900,000 : 0 : 10,952,364,850 : 45%
2022-04-14 13:31:57 : 104,000,000 : 0 : 10,973,336,850 : 45%
2022-04-14 13:48:20 : 104,100,000 : 0 : 10,983,953,925 : 45%
2022-04-14 14:04:01 : 104,200,000 : 0 : 10,994,439,925 : 45%
2022-04-14 14:20:00 : 104,300,000 : 0 : 11,005,057,000 : 45%
2022-04-14 14:35:00 : 104,400,000 : 0 : 11,015,674,075 : 45%
2022-04-14 14:49:37 : 104,500,000 : 0 : 11,026,422,225 : 45%
2022-04-14 15:04:09 : 104,600,000 : 0 : 11,036,908,225 : 45%
2022-04-14 15:18:33 : 104,700,000 : 0 : 11,047,525,300 : 45%
2022-04-14 15:32:56 : 104,800,000 : 0 : 11,058,142,375 : 45%
2022-04-14 15:47:02 : 104,900,000 : 0 : 11,068,759,450 : 45%
2022-04-14 16:01:08 : 105,000,000 : 0 : 11,079,245,450 : 45%
2022-04-14 16:15:09 : 105,100,000 : 0 : 11,089,862,525 : 45%
2022-04-14 16:29:12 : 105,200,000 : 0 : 11,100,348,525 : 45%
2022-04-14 16:43:37 : 105,300,000 : 0 : 11,111,096,675 : 45%
2022-04-14 16:58:14 : 105,400,000 : 0 : 11,121,582,675 : 45%
2022-04-14 17:12:40 : 105,500,000 : 0 : 11,132,199,750 : 45%
2022-04-14 17:26:51 : 105,600,000 : 0 : 11,142,685,750 : 46%
2022-04-14 17:41:05 : 105,700,000 : 0 : 11,153,302,825 : 46%
2022-04-14 17:55:18 : 105,800,000 : 0 : 11,163,788,825 : 46%
2022-04-14 18:09:53 : 105,900,000 : 0 : 11,174,274,825 : 46%
2022-04-14 18:24:28 : 106,000,000 : 0 : 11,184,760,825 : 46%
2022-04-14 18:39:04 : 106,100,000 : 0 : 11,195,115,750 : 46%
2022-04-14 18:53:26 : 106,200,000 : 0 : 11,205,601,750 : 46%
2022-04-14 19:07:59 : 106,300,000 : 0 : 11,226,442,675 : 46%
Decoding error with 134,217,728 bytes, reading another chunk
2022-04-14 19:22:31 : 106,400,000 : 0 : 11,247,152,525 : 46%
2022-04-14 19:36:58 : 106,500,000 : 0 : 11,247,152,525 : 46%
2022-04-14 19:51:07 : 106,600,000 : 0 : 11,257,507,450 : 46%
2022-04-14 20:05:51 : 106,700,000 : 0 : 11,267,731,300 : 46%
2022-04-14 20:20:27 : 106,800,000 : 0 : 11,277,955,150 : 46%
2022-04-14 20:34:41 : 106,900,000 : 0 : 11,288,310,075 : 46%
2022-04-14 20:49:11 : 107,000,000 : 0 : 11,298,665,000 : 46%
2022-04-14 21:03:46 : 107,100,000 : 0 : 11,309,019,925 : 46%
2022-04-14 21:18:46 : 107,200,000 : 0 : 11,319,374,850 : 46%
2022-04-14 21:34:12 : 107,300,000 : 0 : 11,329,729,775 : 46%
2022-04-14 21:49:35 : 107,400,000 : 0 : 11,340,084,700 : 46%
2022-04-14 22:05:56 : 107,500,000 : 0 : 11,350,308,550 : 46%
2022-04-14 22:21:47 : 107,600,000 : 0 : 11,360,663,475 : 46%
2022-04-14 22:37:43 : 107,700,000 : 0 : 11,370,887,325 : 46%
2022-04-14 22:53:40 : 107,800,000 : 0 : 11,381,242,250 : 47%
2022-04-14 23:09:53 : 107,900,000 : 0 : 11,391,466,100 : 47%
2022-04-14 23:26:05 : 108,000,000 : 0 : 11,401,558,875 : 47%
2022-04-14 23:42:33 : 108,100,000 : 0 : 11,411,651,650 : 47%
2022-04-14 23:59:11 : 108,200,000 : 0 : 11,421,875,500 : 47%
2022-04-15 00:16:26 : 108,300,000 : 0 : 11,431,968,275 : 47%
2022-04-15 00:33:22 : 108,400,000 : 0 : 11,441,929,975 : 47%
2022-04-15 00:50:30 : 108,500,000 : 0 : 11,451,891,675 : 47%
2022-04-15 01:07:48 : 108,600,000 : 0 : 11,461,853,375 : 47%
2022-04-15 01:24:58 : 108,700,000 : 0 : 11,471,815,075 : 47%
2022-04-15 01:41:46 : 108,800,000 : 0 : 11,491,738,475 : 47%
2022-04-15 01:58:54 : 108,900,000 : 0 : 11,501,700,175 : 47%
2022-04-15 02:16:17 : 109,000,000 : 0 : 11,511,661,875 : 47%
2022-04-15 02:34:04 : 109,100,000 : 0 : 11,521,623,575 : 47%
2022-04-15 02:52:00 : 109,200,000 : 0 : 11,531,585,275 : 47%
2022-04-15 03:10:41 : 109,300,000 : 0 : 11,541,678,050 : 47%
2022-04-15 03:29:50 : 109,400,000 : 0 : 11,551,639,750 : 47%
2022-04-15 03:49:15 : 109,500,000 : 0 : 11,561,601,450 : 47%
2022-04-15 04:09:54 : 109,600,000 : 0 : 11,571,694,225 : 47%
2022-04-15 04:32:12 : 109,700,000 : 0 : 11,581,655,925 : 47%
2022-04-15 04:55:21 : 109,800,000 : 0 : 11,591,748,700 : 47%
2022-04-15 05:19:51 : 109,900,000 : 0 : 11,601,841,475 : 47%
2022-04-15 05:45:56 : 110,000,000 : 0 : 11,611,934,250 : 47%
2022-04-15 06:13:17 : 110,100,000 : 0 : 11,622,027,025 : 47%
2022-04-15 06:41:52 : 110,200,000 : 0 : 11,632,250,875 : 48%
2022-04-15 07:11:22 : 110,300,000 : 0 : 11,642,343,650 : 48%
2022-04-15 07:42:10 : 110,400,000 : 0 : 11,652,436,425 : 48%
2022-04-15 08:13:26 : 110,500,000 : 0 : 11,662,660,275 : 48%
2022-04-15 08:45:04 : 110,600,000 : 0 : 11,672,884,125 : 48%
2022-04-15 09:17:29 : 110,700,000 : 0 : 11,683,107,975 : 48%
2022-04-15 09:49:35 : 110,800,000 : 0 : 11,693,331,825 : 48%
2022-04-15 10:20:09 : 110,900,000 : 0 : 11,703,424,600 : 48%
2022-04-15 10:49:02 : 111,000,000 : 0 : 11,713,517,375 : 48%
2022-04-15 11:15:45 : 111,100,000 : 0 : 11,723,610,150 : 48%
2022-04-15 11:40:42 : 111,200,000 : 0 : 11,733,834,000 : 48%
2022-04-15 12:04:06 : 111,300,000 : 0 : 11,744,057,850 : 48%
2022-04-15 12:25:35 : 111,400,000 : 0 : 11,754,412,775 : 48%
2022-04-15 12:45:40 : 111,500,000 : 0 : 11,764,767,700 : 48%
2022-04-15 13:04:39 : 111,600,000 : 0 : 11,785,608,625 : 48%
2022-04-15 13:23:06 : 111,700,000 : 0 : 11,796,094,625 : 48%
2022-04-15 13:40:57 : 111,800,000 : 0 : 11,806,580,625 : 48%
2022-04-15 13:58:05 : 111,900,000 : 0 : 11,817,197,700 : 48%
2022-04-15 14:14:33 : 112,000,000 : 0 : 11,827,683,700 : 48%
2022-04-15 14:30:25 : 112,100,000 : 0 : 11,838,300,775 : 48%
2022-04-15 14:45:59 : 112,200,000 : 0 : 11,848,917,850 : 48%
2022-04-15 15:01:19 : 112,300,000 : 0 : 11,859,534,925 : 48%
2022-04-15 15:16:48 : 112,400,000 : 0 : 11,870,152,000 : 49%
2022-04-15 15:31:58 : 112,500,000 : 0 : 11,880,769,075 : 49%
2022-04-15 15:46:50 : 112,600,000 : 0 : 11,891,255,075 : 49%
2022-04-15 16:01:50 : 112,700,000 : 0 : 11,901,741,075 : 49%
2022-04-15 16:16:55 : 112,800,000 : 0 : 11,912,358,150 : 49%
2022-04-15 16:31:35 : 112,900,000 : 0 : 11,922,844,150 : 49%
2022-04-15 16:46:18 : 113,000,000 : 0 : 11,933,330,150 : 49%
2022-04-15 17:01:00 : 113,100,000 : 0 : 11,943,947,225 : 49%
2022-04-15 17:15:50 : 113,200,000 : 0 : 11,954,433,225 : 49%
2022-04-15 17:30:27 : 113,300,000 : 0 : 11,964,788,150 : 49%
2022-04-15 17:45:11 : 113,400,000 : 0 : 11,975,274,150 : 49%
2022-04-15 18:00:03 : 113,500,000 : 0 : 11,985,760,150 : 49%
2022-04-15 18:15:12 : 113,600,000 : 0 : 11,996,246,150 : 49%
2022-04-15 18:30:16 : 113,700,000 : 0 : 12,006,601,075 : 49%
2022-04-15 18:45:31 : 113,800,000 : 0 : 12,016,956,000 : 49%
2022-04-15 19:00:52 : 113,900,000 : 0 : 12,027,442,000 : 49%
2022-04-15 19:16:22 : 114,000,000 : 0 : 12,048,020,775 : 49%
2022-04-15 19:32:04 : 114,100,000 : 0 : 12,058,375,700 : 49%
2022-04-15 19:48:12 : 114,200,000 : 0 : 12,068,730,625 : 49%
2022-04-15 20:03:57 : 114,300,000 : 0 : 12,078,954,475 : 49%
2022-04-15 20:19:46 : 114,400,000 : 0 : 12,089,309,400 : 49%
2022-04-15 20:35:37 : 114,500,000 : 0 : 12,099,533,250 : 49%
2022-04-15 20:52:26 : 114,600,000 : 0 : 12,109,888,175 : 49%
2022-04-15 21:08:59 : 114,700,000 : 0 : 12,120,112,025 : 50%
2022-04-15 21:25:24 : 114,800,000 : 0 : 12,130,335,875 : 50%
2022-04-15 21:42:32 : 114,900,000 : 0 : 12,140,559,725 : 50%
2022-04-15 21:59:30 : 115,000,000 : 0 : 12,150,783,575 : 50%
2022-04-15 22:16:16 : 115,100,000 : 0 : 12,161,007,425 : 50%
2022-04-15 22:33:18 : 115,200,000 : 0 : 12,171,231,275 : 50%
2022-04-15 22:50:33 : 115,300,000 : 0 : 12,181,455,125 : 50%
2022-04-15 23:07:49 : 115,400,000 : 0 : 12,191,547,900 : 50%
2022-04-15 23:25:02 : 115,500,000 : 0 : 12,201,509,600 : 50%
2022-04-15 23:42:29 : 115,600,000 : 0 : 12,211,602,375 : 50%
2022-04-16 00:00:20 : 115,700,000 : 0 : 12,221,564,075 : 50%
2022-04-16 00:18:16 : 115,800,000 : 0 : 12,231,525,775 : 50%
2022-04-16 00:36:06 : 115,900,000 : 0 : 12,241,356,400 : 50%
2022-04-16 00:53:55 : 116,000,000 : 0 : 12,251,318,100 : 50%
2022-04-16 01:12:02 : 116,100,000 : 0 : 12,261,148,725 : 50%
2022-04-16 01:30:05 : 116,200,000 : 0 : 12,270,979,350 : 50%
2022-04-16 01:48:01 : 116,300,000 : 0 : 12,280,809,975 : 50%
2022-04-16 02:06:25 : 116,400,000 : 0 : 12,290,640,600 : 50%
2022-04-16 02:24:27 : 116,500,000 : 0 : 12,300,340,150 : 50%
2022-04-16 02:43:22 : 116,600,000 : 0 : 12,310,170,775 : 50%
2022-04-16 03:02:31 : 116,700,000 : 0 : 12,329,700,950 : 50%
2022-04-16 03:22:18 : 116,800,000 : 0 : 12,339,531,575 : 50%
2022-04-16 03:42:27 : 116,900,000 : 0 : 12,349,362,200 : 50%
2022-04-16 04:03:10 : 117,000,000 : 0 : 12,359,061,750 : 51%
2022-04-16 04:24:39 : 117,100,000 : 0 : 12,368,761,300 : 51%
2022-04-16 04:46:46 : 117,200,000 : 0 : 12,378,460,850 : 51%
2022-04-16 05:09:30 : 117,300,000 : 0 : 12,388,291,475 : 51%
2022-04-16 05:34:17 : 117,400,000 : 0 : 12,398,253,175 : 51%
2022-04-16 06:00:38 : 117,500,000 : 0 : 12,408,214,875 : 51%
2022-04-16 06:28:35 : 117,600,000 : 0 : 12,418,176,575 : 51%
2022-04-16 06:57:37 : 117,700,000 : 0 : 12,428,138,275 : 51%
2022-04-16 07:27:45 : 117,800,000 : 0 : 12,438,099,975 : 51%
2022-04-16 07:58:20 : 117,900,000 : 0 : 12,448,192,750 : 51%
2022-04-16 08:29:57 : 118,000,000 : 0 : 12,458,285,525 : 51%
2022-04-16 09:02:12 : 118,100,000 : 0 : 12,468,247,225 : 51%
2022-04-16 09:34:28 : 118,200,000 : 0 : 12,478,208,925 : 51%
2022-04-16 10:06:31 : 118,300,000 : 0 : 12,488,170,625 : 51%
2022-04-16 10:38:16 : 118,400,000 : 0 : 12,498,132,325 : 51%
2022-04-16 11:08:27 : 118,500,000 : 0 : 12,508,094,025 : 51%
2022-04-16 11:36:25 : 118,600,000 : 0 : 12,518,186,800 : 51%
2022-04-16 12:01:53 : 118,700,000 : 0 : 12,528,279,575 : 51%
2022-04-16 12:25:17 : 118,800,000 : 0 : 12,538,372,350 : 51%
2022-04-16 12:47:26 : 118,900,000 : 0 : 12,548,465,125 : 51%
2022-04-16 13:08:10 : 119,000,000 : 0 : 12,558,688,975 : 51%
2022-04-16 13:27:36 : 119,100,000 : 0 : 12,568,781,750 : 51%
2022-04-16 13:46:27 : 119,200,000 : 0 : 12,579,005,600 : 51%
2022-04-16 14:04:34 : 119,300,000 : 0 : 12,589,360,525 : 51%
2022-04-16 14:22:07 : 119,400,000 : 0 : 12,599,584,375 : 51%
2022-04-16 14:39:01 : 119,500,000 : 0 : 12,620,032,075 : 52%
2022-04-16 14:54:57 : 119,600,000 : 0 : 12,630,255,925 : 52%
2022-04-16 15:10:49 : 119,700,000 : 0 : 12,640,348,700 : 52%
2022-04-16 15:26:07 : 119,800,000 : 0 : 12,650,572,550 : 52%
2022-04-16 15:41:19 : 119,900,000 : 0 : 12,660,665,325 : 52%
2022-04-16 15:56:27 : 120,000,000 : 0 : 12,670,889,175 : 52%
2022-04-16 16:11:24 : 120,100,000 : 0 : 12,680,981,950 : 52%
2022-04-16 16:26:31 : 120,200,000 : 0 : 12,691,336,875 : 52%
2022-04-16 16:42:03 : 120,300,000 : 0 : 12,701,560,725 : 52%
2022-04-16 16:57:32 : 120,400,000 : 0 : 12,711,915,650 : 52%
2022-04-16 17:13:04 : 120,500,000 : 0 : 12,722,139,500 : 52%
2022-04-16 17:28:41 : 120,600,000 : 0 : 12,732,363,350 : 52%
2022-04-16 17:44:22 : 120,700,000 : 0 : 12,742,456,125 : 52%
2022-04-16 18:00:17 : 120,800,000 : 0 : 12,752,679,975 : 52%
2022-04-16 18:16:25 : 120,900,000 : 0 : 12,762,772,750 : 52%
2022-04-16 18:32:30 : 121,000,000 : 0 : 12,772,865,525 : 52%
2022-04-16 18:48:39 : 121,100,000 : 0 : 12,782,958,300 : 52%
Decoding error with 134,217,728 bytes, reading another chunk
2022-04-16 19:05:11 : 121,200,000 : 0 : 12,803,406,000 : 52%
2022-04-16 19:21:57 : 121,300,000 : 0 : 12,803,406,000 : 52%
2022-04-16 19:38:43 : 121,400,000 : 0 : 12,813,498,775 : 52%
2022-04-16 19:55:25 : 121,500,000 : 0 : 12,823,722,625 : 52%
2022-04-16 20:12:01 : 121,600,000 : 0 : 12,833,684,325 : 52%
2022-04-16 20:28:31 : 121,700,000 : 0 : 12,843,777,100 : 52%
2022-04-16 20:44:58 : 121,800,000 : 0 : 12,853,738,800 : 53%
2022-04-16 21:01:09 : 121,900,000 : 0 : 12,863,700,500 : 53%
2022-04-16 21:17:48 : 122,000,000 : 0 : 12,873,793,275 : 53%
2022-04-16 21:34:18 : 122,100,000 : 0 : 12,883,886,050 : 53%
2022-04-16 21:50:37 : 122,200,000 : 0 : 12,893,847,750 : 53%
2022-04-16 22:07:02 : 122,300,000 : 0 : 12,913,640,075 : 53%
2022-04-16 22:23:19 : 122,400,000 : 0 : 12,923,470,700 : 53%
2022-04-16 22:39:39 : 122,500,000 : 0 : 12,933,432,400 : 53%
2022-04-16 22:56:06 : 122,600,000 : 0 : 12,943,263,025 : 53%
2022-04-16 23:12:39 : 122,700,000 : 0 : 12,953,093,650 : 53%
2022-04-16 23:29:27 : 122,800,000 : 0 : 12,963,055,350 : 53%
2022-04-16 23:46:24 : 122,900,000 : 0 : 12,972,885,975 : 53%
2022-04-17 00:03:37 : 123,000,000 : 0 : 12,982,585,525 : 53%
2022-04-17 00:20:49 : 123,100,000 : 0 : 12,992,285,075 : 53%
2022-04-17 00:37:53 : 123,200,000 : 0 : 13,001,984,625 : 53%
2022-04-17 00:55:13 : 123,300,000 : 0 : 13,011,684,175 : 53%
2022-04-17 01:13:08 : 123,400,000 : 0 : 13,021,514,800 : 53%
2022-04-17 01:31:05 : 123,500,000 : 0 : 13,031,214,350 : 53%
2022-04-17 01:49:01 : 123,600,000 : 0 : 13,040,913,900 : 53%
2022-04-17 02:07:30 : 123,700,000 : 0 : 13,050,744,525 : 53%
2022-04-17 02:26:14 : 123,800,000 : 0 : 13,060,444,075 : 53%
2022-04-17 02:44:53 : 123,900,000 : 0 : 13,070,274,700 : 53%
2022-04-17 03:03:49 : 124,000,000 : 0 : 13,079,974,250 : 53%
2022-04-17 03:22:44 : 124,100,000 : 0 : 13,089,804,875 : 53%
2022-04-17 03:42:19 : 124,200,000 : 0 : 13,099,504,425 : 54%
2022-04-17 04:02:18 : 124,300,000 : 0 : 13,109,203,975 : 54%
2022-04-17 04:23:06 : 124,400,000 : 0 : 13,119,034,600 : 54%
2022-04-17 04:45:05 : 124,500,000 : 0 : 13,128,734,150 : 54%
2022-04-17 05:08:08 : 124,600,000 : 0 : 13,138,695,850 : 54%
2022-04-17 05:32:53 : 124,700,000 : 0 : 13,148,526,475 : 54%
2022-04-17 05:58:36 : 124,800,000 : 0 : 13,158,488,175 : 54%
2022-04-17 06:25:47 : 124,900,000 : 0 : 13,168,449,875 : 54%
2022-04-17 06:54:15 : 125,000,000 : 0 : 13,178,411,575 : 54%
2022-04-17 07:23:21 : 125,100,000 : 0 : 13,188,242,200 : 54%
2022-04-17 07:53:37 : 125,200,000 : 0 : 13,198,334,975 : 54%
2022-04-17 08:24:33 : 125,300,000 : 0 : 13,208,165,600 : 54%
2022-04-17 08:55:40 : 125,400,000 : 0 : 13,218,127,300 : 54%
2022-04-17 09:26:55 : 125,500,000 : 0 : 13,238,050,700 : 54%
2022-04-17 09:58:37 : 125,600,000 : 0 : 13,247,881,325 : 54%
2022-04-17 10:29:45 : 125,700,000 : 0 : 13,257,843,025 : 54%
2022-04-17 11:00:08 : 125,800,000 : 0 : 13,267,673,650 : 54%
2022-04-17 11:28:18 : 125,900,000 : 0 : 13,277,635,350 : 54%
2022-04-17 11:54:00 : 126,000,000 : 0 : 13,287,597,050 : 54%
2022-04-17 12:18:06 : 126,100,000 : 0 : 13,297,689,825 : 54%
2022-04-17 12:40:23 : 126,200,000 : 0 : 13,307,651,525 : 54%
2022-04-17 13:01:16 : 126,300,000 : 0 : 13,317,744,300 : 54%
2022-04-17 13:21:04 : 126,400,000 : 0 : 13,327,968,150 : 54%
2022-04-17 13:40:00 : 126,500,000 : 0 : 13,338,060,925 : 55%
2022-04-17 13:57:57 : 126,600,000 : 0 : 13,348,153,700 : 55%
2022-04-17 14:15:32 : 126,700,000 : 0 : 13,358,508,625 : 55%
2022-04-17 14:32:16 : 126,800,000 : 0 : 13,368,732,475 : 55%
2022-04-17 14:48:30 : 126,900,000 : 0 : 13,379,218,475 : 55%
2022-04-17 15:04:23 : 127,000,000 : 0 : 13,389,573,400 : 55%
2022-04-17 15:20:11 : 127,100,000 : 0 : 13,399,797,250 : 55%
2022-04-17 15:35:54 : 127,200,000 : 0 : 13,410,152,175 : 55%
2022-04-17 15:51:38 : 127,300,000 : 0 : 13,420,507,100 : 55%
2022-04-17 16:07:07 : 127,400,000 : 0 : 13,430,730,950 : 55%
2022-04-17 16:22:25 : 127,500,000 : 0 : 13,440,954,800 : 55%
2022-04-17 16:37:49 : 127,600,000 : 0 : 13,451,309,725 : 55%
2022-04-17 16:53:00 : 127,700,000 : 0 : 13,461,664,650 : 55%
2022-04-17 17:08:07 : 127,800,000 : 0 : 13,471,888,500 : 55%
2022-04-17 17:22:56 : 127,900,000 : 0 : 13,481,850,200 : 55%
2022-04-17 17:37:38 : 128,000,000 : 0 : 13,502,035,750 : 55%
2022-04-17 17:52:16 : 128,100,000 : 0 : 13,511,997,450 : 55%
2022-04-17 18:07:08 : 128,200,000 : 0 : 13,522,221,300 : 55%
2022-04-17 18:22:33 : 128,300,000 : 0 : 13,532,314,075 : 55%
2022-04-17 18:38:01 : 128,400,000 : 0 : 13,542,406,850 : 55%
2022-04-17 18:53:41 : 128,500,000 : 0 : 13,552,499,625 : 55%
2022-04-17 19:09:29 : 128,600,000 : 0 : 13,562,592,400 : 55%
2022-04-17 19:25:14 : 128,700,000 : 0 : 13,572,554,100 : 55%
2022-04-17 19:41:02 : 128,800,000 : 0 : 13,582,646,875 : 56%
2022-04-17 19:56:52 : 128,900,000 : 0 : 13,592,739,650 : 56%
2022-04-17 20:12:38 : 129,000,000 : 0 : 13,602,701,350 : 56%
2022-04-17 20:28:13 : 129,100,000 : 0 : 13,612,663,050 : 56%
2022-04-17 20:43:39 : 129,200,000 : 0 : 13,622,493,675 : 56%
2022-04-17 20:59:17 : 129,300,000 : 0 : 13,632,455,375 : 56%
2022-04-17 21:15:01 : 129,400,000 : 0 : 13,642,548,150 : 56%
2022-04-17 21:30:43 : 129,500,000 : 0 : 13,652,509,850 : 56%
2022-04-17 21:46:34 : 129,600,000 : 0 : 13,662,471,550 : 56%
2022-04-17 22:02:26 : 129,700,000 : 0 : 13,672,302,175 : 56%
2022-04-17 22:17:51 : 129,800,000 : 0 : 13,682,263,875 : 56%
2022-04-17 22:34:12 : 129,900,000 : 0 : 13,692,356,650 : 56%
2022-04-17 22:50:38 : 130,000,000 : 0 : 13,702,318,350 : 56%
2022-04-17 23:07:16 : 130,100,000 : 0 : 13,712,280,050 : 56%
2022-04-17 23:23:51 : 130,200,000 : 0 : 13,722,241,750 : 56%
2022-04-17 23:40:52 : 130,300,000 : 0 : 13,732,203,450 : 56%
2022-04-17 23:57:38 : 130,400,000 : 0 : 13,742,296,225 : 56%
2022-04-18 00:14:34 : 130,500,000 : 0 : 13,752,126,850 : 56%
2022-04-18 00:31:26 : 130,600,000 : 0 : 13,762,219,625 : 56%
2022-04-18 00:48:11 : 130,700,000 : 0 : 13,772,050,250 : 56%
2022-04-18 01:04:56 : 130,800,000 : 0 : 13,791,842,575 : 56%
2022-04-18 01:21:56 : 130,900,000 : 0 : 13,801,804,275 : 56%
2022-04-18 01:39:17 : 131,000,000 : 0 : 13,811,897,050 : 56%
2022-04-18 01:56:38 : 131,100,000 : 0 : 13,821,858,750 : 56%
2022-04-18 02:14:25 : 131,200,000 : 0 : 13,831,820,450 : 57%
2022-04-18 02:32:05 : 131,300,000 : 0 : 13,841,782,150 : 57%
2022-04-18 02:50:09 : 131,400,000 : 0 : 13,851,743,850 : 57%
2022-04-18 03:08:36 : 131,500,000 : 0 : 13,861,705,550 : 57%
2022-04-18 03:27:55 : 131,600,000 : 0 : 13,871,798,325 : 57%
2022-04-18 03:47:53 : 131,700,000 : 0 : 13,881,891,100 : 57%
2022-04-18 04:08:50 : 131,800,000 : 0 : 13,891,852,800 : 57%
2022-04-18 04:30:55 : 131,900,000 : 0 : 13,901,945,575 : 57%
2022-04-18 04:54:12 : 132,000,000 : 0 : 13,912,038,350 : 57%
2022-04-18 05:19:24 : 132,100,000 : 0 : 13,922,131,125 : 57%
2022-04-18 05:46:20 : 132,200,000 : 0 : 13,932,092,825 : 57%
2022-04-18 06:15:04 : 132,300,000 : 0 : 13,942,185,600 : 57%
2022-04-18 06:43:55 : 132,400,000 : 0 : 13,952,147,300 : 57%
2022-04-18 07:13:13 : 132,500,000 : 0 : 13,962,109,000 : 57%
2022-04-18 07:44:03 : 132,600,000 : 0 : 13,972,201,775 : 57%
2022-04-18 08:15:28 : 132,700,000 : 0 : 13,982,294,550 : 57%
2022-04-18 08:47:07 : 132,800,000 : 0 : 13,992,518,400 : 57%
2022-04-18 09:18:45 : 132,900,000 : 0 : 14,002,611,175 : 57%
2022-04-18 09:49:55 : 133,000,000 : 0 : 14,012,703,950 : 57%
2022-04-18 10:20:19 : 133,100,000 : 0 : 14,022,796,725 : 57%
2022-04-18 10:48:58 : 133,200,000 : 0 : 14,033,020,575 : 57%
2022-04-18 11:15:53 : 133,300,000 : 0 : 14,043,113,350 : 57%
2022-04-18 11:40:45 : 133,400,000 : 0 : 14,053,337,200 : 57%
2022-04-18 12:03:52 : 133,500,000 : 0 : 14,073,784,900 : 58%
2022-04-18 12:25:35 : 133,600,000 : 0 : 14,084,139,825 : 58%
2022-04-18 12:45:52 : 133,700,000 : 0 : 14,094,494,750 : 58%
2022-04-18 13:05:10 : 133,800,000 : 0 : 14,104,849,675 : 58%
2022-04-18 13:23:26 : 133,900,000 : 0 : 14,115,204,600 : 58%
2022-04-18 13:40:52 : 134,000,000 : 0 : 14,125,559,525 : 58%
2022-04-18 13:57:35 : 134,100,000 : 0 : 14,135,914,450 : 58%
2022-04-18 14:13:43 : 134,200,000 : 0 : 14,146,269,375 : 58%
2022-04-18 14:29:23 : 134,300,000 : 0 : 14,156,755,375 : 58%
2022-04-18 14:44:50 : 134,400,000 : 0 : 14,167,241,375 : 58%
2022-04-18 15:00:01 : 134,500,000 : 0 : 14,177,858,450 : 58%
2022-04-18 15:14:55 : 134,600,000 : 0 : 14,188,213,375 : 58%
2022-04-18 15:29:47 : 134,700,000 : 0 : 14,198,699,375 : 58%
2022-04-18 15:44:30 : 134,800,000 : 0 : 14,209,185,375 : 58%
2022-04-18 15:59:11 : 134,900,000 : 0 : 14,219,671,375 : 58%
2022-04-18 16:13:51 : 135,000,000 : 0 : 14,230,288,450 : 58%
2022-04-18 16:28:26 : 135,100,000 : 0 : 14,240,774,450 : 58%
2022-04-18 16:43:02 : 135,200,000 : 0 : 14,251,260,450 : 58%
2022-04-18 16:57:21 : 135,300,000 : 0 : 14,261,746,450 : 58%
2022-04-18 17:12:32 : 135,400,000 : 0 : 14,272,363,525 : 58%
2022-04-18 17:27:06 : 135,500,000 : 0 : 14,282,849,525 : 58%
2022-04-18 17:41:44 : 135,600,000 : 0 : 14,293,466,600 : 58%
2022-04-18 17:56:11 : 135,700,000 : 0 : 14,303,952,600 : 58%
2022-04-18 18:10:41 : 135,800,000 : 0 : 14,324,924,600 : 59%
2022-04-18 18:25:12 : 135,900,000 : 0 : 14,335,410,600 : 59%
2022-04-18 18:39:46 : 136,000,000 : 0 : 14,345,896,600 : 59%
2022-04-18 18:54:26 : 136,100,000 : 0 : 14,356,382,600 : 59%
2022-04-18 19:09:21 : 136,200,000 : 0 : 14,366,868,600 : 59%
2022-04-18 19:24:30 : 136,300,000 : 0 : 14,377,354,600 : 59%
2022-04-18 19:39:34 : 136,400,000 : 0 : 14,387,578,450 : 59%
2022-04-18 19:53:40 : 136,500,000 : 0 : 14,398,064,450 : 59%
2022-04-18 20:08:29 : 136,600,000 : 0 : 14,408,550,450 : 59%
2022-04-18 20:23:19 : 136,700,000 : 0 : 14,419,036,450 : 59%
2022-04-18 20:38:13 : 136,800,000 : 0 : 14,429,522,450 : 59%
2022-04-18 20:52:55 : 136,900,000 : 0 : 14,440,008,450 : 59%
2022-04-18 21:07:51 : 137,000,000 : 0 : 14,450,363,375 : 59%
2022-04-18 21:24:34 : 137,100,000 : 0 : 14,460,980,450 : 59%
2022-04-18 21:40:57 : 137,200,000 : 0 : 14,471,335,375 : 59%
2022-04-18 21:57:15 : 137,300,000 : 0 : 14,481,821,375 : 59%
2022-04-18 22:13:52 : 137,400,000 : 0 : 14,492,307,375 : 59%
2022-04-18 22:30:27 : 137,500,000 : 0 : 14,502,662,300 : 59%
2022-04-18 22:46:59 : 137,600,000 : 0 : 14,513,017,225 : 59%
2022-04-18 23:03:20 : 137,700,000 : 0 : 14,523,241,075 : 59%
2022-04-18 23:19:46 : 137,800,000 : 0 : 14,533,596,000 : 59%
2022-04-18 23:36:11 : 137,900,000 : 0 : 14,543,819,850 : 59%
2022-04-18 23:52:16 : 138,000,000 : 0 : 14,553,912,625 : 59%
2022-04-19 00:08:11 : 138,100,000 : 0 : 14,573,967,100 : 60%
2022-04-19 00:23:55 : 138,200,000 : 0 : 14,583,928,800 : 60%
2022-04-19 00:39:41 : 138,300,000 : 0 : 14,593,890,500 : 60%
2022-04-19 00:55:15 : 138,400,000 : 0 : 14,603,852,200 : 60%
2022-04-19 01:11:00 : 138,500,000 : 0 : 14,613,682,825 : 60%
2022-04-19 01:26:56 : 138,600,000 : 0 : 14,623,513,450 : 60%
2022-04-19 01:42:51 : 138,700,000 : 0 : 14,633,213,000 : 60%
2022-04-19 01:58:36 : 138,800,000 : 0 : 14,643,043,625 : 60%
2022-04-19 02:14:41 : 138,900,000 : 0 : 14,652,874,250 : 60%
2022-04-19 02:30:40 : 139,000,000 : 0 : 14,662,573,800 : 60%
2022-04-19 02:46:56 : 139,100,000 : 0 : 14,672,535,500 : 60%
2022-04-19 03:03:28 : 139,200,000 : 0 : 14,682,103,975 : 60%
2022-04-19 03:20:20 : 139,300,000 : 0 : 14,691,934,600 : 60%
2022-04-19 03:38:06 : 139,400,000 : 0 : 14,701,765,225 : 60%
2022-04-19 03:56:28 : 139,500,000 : 0 : 14,711,595,850 : 60%
2022-04-19 04:15:40 : 139,600,000 : 0 : 14,721,426,475 : 60%
2022-04-19 04:35:44 : 139,700,000 : 0 : 14,731,257,100 : 60%
2022-04-19 04:56:59 : 139,800,000 : 0 : 14,741,218,800 : 60%
2022-04-19 05:19:42 : 139,900,000 : 0 : 14,751,311,575 : 60%
2022-04-19 05:43:50 : 140,000,000 : 0 : 14,761,273,275 : 60%
2022-04-19 06:09:39 : 140,100,000 : 0 : 14,771,366,050 : 60%
2022-04-19 06:37:01 : 140,200,000 : 0 : 14,781,458,825 : 60%
2022-04-19 07:05:51 : 140,300,000 : 0 : 14,791,551,600 : 60%
2022-04-19 07:35:41 : 140,400,000 : 0 : 14,801,644,375 : 60%
2022-04-19 08:06:46 : 140,500,000 : 0 : 14,811,868,225 : 61%
2022-04-19 08:38:10 : 140,600,000 : 0 : 14,821,961,000 : 61%
2022-04-19 09:09:24 : 140,700,000 : 0 : 14,832,053,775 : 61%
2022-04-19 09:39:43 : 140,800,000 : 0 : 14,842,146,550 : 61%
2022-04-19 10:08:56 : 140,900,000 : 0 : 14,862,332,100 : 61%
2022-04-19 10:36:44 : 141,000,000 : 0 : 14,872,424,875 : 61%
2022-04-19 11:02:17 : 141,100,000 : 0 : 14,882,517,650 : 61%
2022-04-19 11:26:05 : 141,200,000 : 0 : 14,892,741,500 : 61%
2022-04-19 11:47:58 : 141,300,000 : 0 : 14,902,834,275 : 61%
2022-04-19 12:08:37 : 141,400,000 : 0 : 14,913,058,125 : 61%
2022-04-19 12:27:58 : 141,500,000 : 0 : 14,923,413,050 : 61%
2022-04-19 12:46:21 : 141,600,000 : 0 : 14,933,767,975 : 61%
2022-04-19 13:03:49 : 141,700,000 : 0 : 14,943,991,825 : 61%
2022-04-19 13:20:23 : 141,800,000 : 0 : 14,954,477,825 : 61%
2022-04-19 13:36:34 : 141,900,000 : 0 : 14,964,963,825 : 61%
2022-04-19 13:52:06 : 142,000,000 : 0 : 14,975,449,825 : 61%
2022-04-19 14:07:25 : 142,100,000 : 0 : 14,985,935,825 : 61%
2022-04-19 14:22:18 : 142,200,000 : 0 : 14,996,421,825 : 61%
2022-04-19 14:36:48 : 142,300,000 : 0 : 15,007,038,900 : 61%
2022-04-19 14:51:04 : 142,400,000 : 0 : 15,017,655,975 : 61%
2022-04-19 15:05:27 : 142,500,000 : 0 : 15,028,141,975 : 61%
2022-04-19 15:19:44 : 142,600,000 : 0 : 15,038,627,975 : 61%
2022-04-19 15:33:21 : 142,700,000 : 0 : 15,048,982,900 : 61%
2022-04-19 15:47:20 : 142,800,000 : 0 : 15,059,468,900 : 62%
2022-04-19 16:01:18 : 142,900,000 : 0 : 15,070,217,050 : 62%
2022-04-19 16:15:39 : 143,000,000 : 0 : 15,080,703,050 : 62%
2022-04-19 16:29:30 : 143,100,000 : 0 : 15,091,320,125 : 62%
2022-04-19 16:43:26 : 143,200,000 : 0 : 15,101,806,125 : 62%
2022-04-19 16:57:37 : 143,300,000 : 0 : 15,112,423,200 : 62%
2022-04-19 17:11:26 : 143,400,000 : 0 : 15,133,526,275 : 62%
2022-04-19 17:25:02 : 143,500,000 : 0 : 15,144,012,275 : 62%
2022-04-19 17:38:28 : 143,600,000 : 0 : 15,154,498,275 : 62%
2022-04-19 17:51:56 : 143,700,000 : 0 : 15,164,984,275 : 62%
2022-04-19 18:05:25 : 143,800,000 : 0 : 15,175,470,275 : 62%
2022-04-19 18:19:13 : 143,900,000 : 0 : 15,185,956,275 : 62%
2022-04-19 18:33:06 : 144,000,000 : 0 : 15,196,442,275 : 62%
2022-04-19 18:46:49 : 144,100,000 : 0 : 15,206,928,275 : 62%
2022-04-19 19:00:37 : 144,200,000 : 0 : 15,217,283,200 : 62%
2022-04-19 19:14:21 : 144,300,000 : 0 : 15,227,507,050 : 62%
2022-04-19 19:27:21 : 144,400,000 : 0 : 15,237,599,825 : 62%
2022-04-19 19:40:19 : 144,500,000 : 0 : 15,247,299,375 : 62%
2022-04-19 19:53:26 : 144,600,000 : 0 : 15,257,654,300 : 62%
2022-04-19 20:06:55 : 144,700,000 : 0 : 15,268,009,225 : 62%
2022-04-19 20:20:37 : 144,800,000 : 0 : 15,278,364,150 : 62%
2022-04-19 20:34:10 : 144,900,000 : 0 : 15,288,588,000 : 62%
2022-04-19 20:47:44 : 145,000,000 : 0 : 15,298,942,925 : 63%
2022-04-19 21:01:34 : 145,100,000 : 0 : 15,309,297,850 : 63%
2022-04-19 21:15:47 : 145,200,000 : 0 : 15,319,652,775 : 63%
2022-04-19 21:30:06 : 145,300,000 : 0 : 15,330,007,700 : 63%
2022-04-19 21:44:38 : 145,400,000 : 0 : 15,340,362,625 : 63%
2022-04-19 21:59:24 : 145,500,000 : 0 : 15,350,717,550 : 63%
2022-04-19 22:14:29 : 145,600,000 : 0 : 15,360,941,400 : 63%
2022-04-19 22:29:33 : 145,700,000 : 0 : 15,371,165,250 : 63%
2022-04-19 22:44:41 : 145,800,000 : 0 : 15,391,612,950 : 63%
2022-04-19 23:00:03 : 145,900,000 : 0 : 15,401,836,800 : 63%
2022-04-19 23:15:40 : 146,000,000 : 0 : 15,412,060,650 : 63%
2022-04-19 23:31:25 : 146,100,000 : 0 : 15,422,153,425 : 63%
2022-04-19 23:47:06 : 146,200,000 : 0 : 15,432,246,200 : 63%
2022-04-20 00:02:58 : 146,300,000 : 0 : 15,442,338,975 : 63%
2022-04-20 00:18:43 : 146,400,000 : 0 : 15,452,300,675 : 63%
2022-04-20 00:34:09 : 146,500,000 : 0 : 15,462,262,375 : 63%
2022-04-20 00:49:38 : 146,600,000 : 0 : 15,472,355,150 : 63%
2022-04-20 01:05:18 : 146,700,000 : 0 : 15,482,185,775 : 63%
2022-04-20 01:20:59 : 146,800,000 : 0 : 15,492,016,400 : 63%
2022-04-20 01:36:26 : 146,900,000 : 0 : 15,501,978,100 : 63%
2022-04-20 01:52:02 : 147,000,000 : 0 : 15,511,808,725 : 63%
2022-04-20 02:07:43 : 147,100,000 : 0 : 15,521,770,425 : 63%
2022-04-20 02:23:54 : 147,200,000 : 0 : 15,531,601,050 : 63%
2022-04-20 02:40:34 : 147,300,000 : 0 : 15,541,562,750 : 64%
2022-04-20 02:57:31 : 147,400,000 : 0 : 15,551,524,450 : 64%
2022-04-20 03:15:00 : 147,500,000 : 0 : 15,561,486,150 : 64%
2022-04-20 03:33:07 : 147,600,000 : 0 : 15,571,447,850 : 64%
2022-04-20 03:52:05 : 147,700,000 : 0 : 15,581,409,550 : 64%
2022-04-20 04:11:45 : 147,800,000 : 0 : 15,591,371,250 : 64%
2022-04-20 04:32:07 : 147,900,000 : 0 : 15,601,201,875 : 64%
2022-04-20 04:53:38 : 148,000,000 : 0 : 15,611,294,650 : 64%
2022-04-20 05:16:57 : 148,100,000 : 0 : 15,621,387,425 : 64%
2022-04-20 05:41:18 : 148,200,000 : 0 : 15,631,611,275 : 64%
2022-04-20 06:06:36 : 148,300,000 : 0 : 15,641,704,050 : 64%
2022-04-20 06:33:32 : 148,400,000 : 0 : 15,651,927,900 : 64%
2022-04-20 07:01:54 : 148,500,000 : 0 : 15,662,282,825 : 64%
2022-04-20 07:32:08 : 148,600,000 : 0 : 15,682,861,600 : 64%
2022-04-20 08:03:22 : 148,700,000 : 0 : 15,693,347,600 : 64%
2022-04-20 08:35:28 : 148,800,000 : 0 : 15,703,571,450 : 64%
2022-04-20 09:07:23 : 148,900,000 : 0 : 15,713,926,375 : 64%
2022-04-20 09:38:38 : 149,000,000 : 0 : 15,724,281,300 : 64%
2022-04-20 10:08:40 : 149,100,000 : 0 : 15,734,374,075 : 64%
2022-04-20 10:36:34 : 149,200,000 : 0 : 15,744,597,925 : 64%
2022-04-20 11:02:37 : 149,300,000 : 0 : 15,754,821,775 : 64%
2022-04-20 11:26:45 : 149,400,000 : 0 : 15,765,176,700 : 64%
2022-04-20 11:49:08 : 149,500,000 : 0 : 15,775,531,625 : 64%
2022-04-20 12:09:48 : 149,600,000 : 0 : 15,785,886,550 : 65%
2022-04-20 12:29:15 : 149,700,000 : 0 : 15,796,372,550 : 65%
2022-04-20 12:47:42 : 149,800,000 : 0 : 15,806,858,550 : 65%
2022-04-20 13:05:24 : 149,900,000 : 0 : 15,817,475,625 : 65%
2022-04-20 13:22:21 : 150,000,000 : 0 : 15,827,961,625 : 65%
2022-04-20 13:38:45 : 150,100,000 : 0 : 15,838,578,700 : 65%
2022-04-20 13:54:36 : 150,200,000 : 0 : 15,849,195,775 : 65%
2022-04-20 14:09:55 : 150,300,000 : 0 : 15,859,812,850 : 65%
2022-04-20 14:24:57 : 150,400,000 : 0 : 15,870,429,925 : 65%
2022-04-20 14:39:55 : 150,500,000 : 0 : 15,881,178,075 : 65%
2022-04-20 14:54:28 : 150,600,000 : 0 : 15,891,795,150 : 65%
2022-04-20 15:09:11 : 150,700,000 : 0 : 15,902,543,300 : 65%
2022-04-20 15:23:32 : 150,800,000 : 0 : 15,913,160,375 : 65%
2022-04-20 15:37:43 : 150,900,000 : 0 : 15,923,908,525 : 65%
Decoding error with 134,217,728 bytes, reading another chunk
2022-04-20 15:51:52 : 151,000,000 : 0 : 15,955,890,825 : 65%
2022-04-20 16:06:05 : 151,100,000 : 0 : 15,955,890,825 : 65%
2022-04-20 16:20:11 : 151,200,000 : 0 : 15,966,638,975 : 65%
2022-04-20 16:34:16 : 151,300,000 : 0 : 15,977,256,050 : 65%
2022-04-20 16:48:12 : 151,400,000 : 0 : 15,987,873,125 : 65%
2022-04-20 17:02:05 : 151,500,000 : 0 : 15,998,490,200 : 65%
2022-04-20 17:16:10 : 151,600,000 : 0 : 16,009,107,275 : 65%
2022-04-20 17:30:05 : 151,700,000 : 0 : 16,019,724,350 : 65%
2022-04-20 17:44:02 : 151,800,000 : 0 : 16,030,210,350 : 66%
2022-04-20 17:57:57 : 151,900,000 : 0 : 16,040,827,425 : 66%
2022-04-20 18:12:12 : 152,000,000 : 0 : 16,051,444,500 : 66%
2022-04-20 18:26:33 : 152,100,000 : 0 : 16,062,061,575 : 66%
2022-04-20 18:40:53 : 152,200,000 : 0 : 16,072,547,575 : 66%
2022-04-20 18:55:03 : 152,300,000 : 0 : 16,083,033,575 : 66%
2022-04-20 19:09:22 : 152,400,000 : 0 : 16,093,388,500 : 66%
2022-04-20 19:23:23 : 152,500,000 : 0 : 16,103,612,350 : 66%
2022-04-20 19:37:42 : 152,600,000 : 0 : 16,114,098,350 : 66%
2022-04-20 19:51:42 : 152,700,000 : 0 : 16,124,453,275 : 66%
2022-04-20 20:05:50 : 152,800,000 : 0 : 16,134,808,200 : 66%
2022-04-20 20:19:48 : 152,900,000 : 0 : 16,144,900,975 : 66%
2022-04-20 20:33:57 : 153,000,000 : 0 : 16,155,255,900 : 66%
2022-04-20 20:47:34 : 153,100,000 : 0 : 16,165,479,750 : 66%
2022-04-20 21:01:56 : 153,200,000 : 0 : 16,186,189,600 : 66%
2022-04-20 21:16:50 : 153,300,000 : 0 : 16,196,544,525 : 66%
2022-04-20 21:31:46 : 153,400,000 : 0 : 16,206,899,450 : 66%
2022-04-20 21:47:00 : 153,500,000 : 0 : 16,217,254,375 : 66%
2022-04-20 22:02:10 : 153,600,000 : 0 : 16,227,609,300 : 66%
2022-04-20 22:17:52 : 153,700,000 : 0 : 16,237,964,225 : 66%
2022-04-20 22:33:45 : 153,800,000 : 0 : 16,248,319,150 : 66%
2022-04-20 22:49:39 : 153,900,000 : 0 : 16,258,674,075 : 66%
2022-04-20 23:05:47 : 154,000,000 : 0 : 16,268,897,925 : 66%
2022-04-20 23:21:47 : 154,100,000 : 0 : 16,279,121,775 : 67%
2022-04-20 23:37:57 : 154,200,000 : 0 : 16,289,214,550 : 67%
2022-04-20 23:54:12 : 154,300,000 : 0 : 16,299,307,325 : 67%
2022-04-21 00:10:30 : 154,400,000 : 0 : 16,309,269,025 : 67%
2022-04-21 00:26:34 : 154,500,000 : 0 : 16,319,230,725 : 67%
2022-04-21 00:42:42 : 154,600,000 : 0 : 16,329,192,425 : 67%
2022-04-21 00:58:27 : 154,700,000 : 0 : 16,339,023,050 : 67%
2022-04-21 01:14:23 : 154,800,000 : 0 : 16,348,853,675 : 67%
2022-04-21 01:30:17 : 154,900,000 : 0 : 16,358,684,300 : 67%
2022-04-21 01:46:00 : 155,000,000 : 0 : 16,368,383,850 : 67%
2022-04-21 02:01:45 : 155,100,000 : 0 : 16,378,214,475 : 67%
2022-04-21 02:18:14 : 155,200,000 : 0 : 16,388,176,175 : 67%
2022-04-21 02:34:48 : 155,300,000 : 0 : 16,398,006,800 : 67%
2022-04-21 02:51:22 : 155,400,000 : 0 : 16,407,706,350 : 67%
2022-04-21 03:08:43 : 155,500,000 : 0 : 16,417,668,050 : 67%
2022-04-21 03:27:10 : 155,600,000 : 0 : 16,427,629,750 : 67%
2022-04-21 03:46:13 : 155,700,000 : 0 : 16,437,591,450 : 67%
2022-04-21 04:06:08 : 155,800,000 : 0 : 16,457,514,850 : 67%
2022-04-21 04:26:43 : 155,900,000 : 0 : 16,467,476,550 : 67%
2022-04-21 04:48:26 : 156,000,000 : 0 : 16,477,700,400 : 67%
2022-04-21 05:12:05 : 156,100,000 : 0 : 16,487,924,250 : 67%
2022-04-21 05:36:38 : 156,200,000 : 0 : 16,498,148,100 : 67%
2022-04-21 06:02:25 : 156,300,000 : 0 : 16,508,371,950 : 67%
2022-04-21 06:29:46 : 156,400,000 : 0 : 16,518,726,875 : 68%
2022-04-21 06:58:36 : 156,500,000 : 0 : 16,529,081,800 : 68%
2022-04-21 07:28:43 : 156,600,000 : 0 : 16,539,436,725 : 68%
2022-04-21 08:00:08 : 156,700,000 : 0 : 16,549,791,650 : 68%
2022-04-21 08:32:07 : 156,800,000 : 0 : 16,560,277,650 : 68%
2022-04-21 09:04:09 : 156,900,000 : 0 : 16,570,632,575 : 68%
2022-04-21 09:36:02 : 157,000,000 : 0 : 16,580,856,425 : 68%
2022-04-21 10:06:44 : 157,100,000 : 0 : 16,591,080,275 : 68%
2022-04-21 10:34:57 : 157,200,000 : 0 : 16,601,173,050 : 68%
2022-04-21 11:01:00 : 157,300,000 : 0 : 16,611,396,900 : 68%
2022-04-21 11:25:16 : 157,400,000 : 0 : 16,621,620,750 : 68%
2022-04-21 11:47:54 : 157,500,000 : 0 : 16,631,975,675 : 68%
2022-04-21 12:08:54 : 157,600,000 : 0 : 16,642,199,525 : 68%
2022-04-21 12:28:22 : 157,700,000 : 0 : 16,652,554,450 : 68%
2022-04-21 12:46:56 : 157,800,000 : 0 : 16,662,909,375 : 68%
2022-04-21 13:04:41 : 157,900,000 : 0 : 16,673,395,375 : 68%
2022-04-21 13:21:45 : 158,000,000 : 0 : 16,683,881,375 : 68%
2022-04-21 13:38:09 : 158,100,000 : 0 : 16,694,367,375 : 68%
2022-04-21 13:53:49 : 158,200,000 : 0 : 16,704,853,375 : 68%
2022-04-21 14:09:25 : 158,300,000 : 0 : 16,726,087,525 : 68%
2022-04-21 14:24:40 : 158,400,000 : 0 : 16,736,835,675 : 68%
2022-04-21 14:39:48 : 158,500,000 : 0 : 16,747,452,750 : 68%
2022-04-21 14:54:19 : 158,600,000 : 0 : 16,758,069,825 : 68%
2022-04-21 15:09:01 : 158,700,000 : 0 : 16,768,817,975 : 69%
2022-04-21 15:23:29 : 158,800,000 : 0 : 16,779,435,050 : 69%
2022-04-21 15:37:54 : 158,900,000 : 0 : 16,790,052,125 : 69%
2022-04-21 15:51:54 : 159,000,000 : 0 : 16,800,669,200 : 69%
2022-04-21 16:05:56 : 159,100,000 : 0 : 16,811,286,275 : 69%
2022-04-21 16:19:59 : 159,200,000 : 0 : 16,821,772,275 : 69%
2022-04-21 16:33:57 : 159,300,000 : 0 : 16,832,389,350 : 69%
2022-04-21 16:48:04 : 159,400,000 : 0 : 16,843,006,425 : 69%
2022-04-21 17:02:08 : 159,500,000 : 0 : 16,853,623,500 : 69%
2022-04-21 17:16:30 : 159,600,000 : 0 : 16,864,240,575 : 69%
2022-04-21 17:30:31 : 159,700,000 : 0 : 16,874,726,575 : 69%
2022-04-21 17:44:44 : 159,800,000 : 0 : 16,885,343,650 : 69%
2022-04-21 17:58:31 : 159,900,000 : 0 : 16,895,698,575 : 69%
2022-04-21 18:12:48 : 160,000,000 : 0 : 16,906,184,575 : 69%
2022-04-21 18:27:03 : 160,100,000 : 0 : 16,916,670,575 : 69%
2022-04-21 18:41:29 : 160,200,000 : 0 : 16,927,156,575 : 69%
2022-04-21 18:55:57 : 160,300,000 : 0 : 16,937,773,650 : 69%
2022-04-21 19:10:31 : 160,400,000 : 0 : 16,948,128,575 : 69%
2022-04-21 19:25:01 : 160,500,000 : 0 : 16,969,100,575 : 69%
2022-04-21 19:39:29 : 160,600,000 : 0 : 16,979,455,500 : 69%
2022-04-21 19:53:40 : 160,700,000 : 0 : 16,989,810,425 : 69%
2022-04-21 20:08:12 : 160,800,000 : 0 : 17,000,165,350 : 69%
2022-04-21 20:22:42 : 160,900,000 : 0 : 17,010,520,275 : 70%
2022-04-21 20:37:21 : 161,000,000 : 0 : 17,021,006,275 : 70%
2022-04-21 20:52:08 : 161,100,000 : 0 : 17,031,492,275 : 70%
2022-04-21 21:07:09 : 161,200,000 : 0 : 17,041,978,275 : 70%
2022-04-21 21:22:25 : 161,300,000 : 0 : 17,052,333,200 : 70%
2022-04-21 21:37:42 : 161,400,000 : 0 : 17,062,688,125 : 70%
2022-04-21 21:53:33 : 161,500,000 : 0 : 17,073,043,050 : 70%
2022-04-21 22:10:01 : 161,600,000 : 0 : 17,083,529,050 : 70%
2022-04-21 22:27:24 : 161,700,000 : 0 : 17,093,883,975 : 70%
2022-04-21 22:45:16 : 161,800,000 : 0 : 17,104,107,825 : 70%
2022-04-21 23:01:53 : 161,900,000 : 0 : 17,114,331,675 : 70%
2022-04-21 23:18:40 : 162,000,000 : 0 : 17,124,555,525 : 70%
2022-04-21 23:35:14 : 162,100,000 : 0 : 17,134,779,375 : 70%
2022-04-21 23:52:00 : 162,200,000 : 0 : 17,145,003,225 : 70%
2022-04-22 00:08:51 : 162,300,000 : 0 : 17,155,096,000 : 70%
2022-04-22 00:25:51 : 162,400,000 : 0 : 17,165,188,775 : 70%
2022-04-22 00:42:42 : 162,500,000 : 0 : 17,175,150,475 : 70%
2022-04-22 00:59:45 : 162,600,000 : 0 : 17,185,243,250 : 70%
2022-04-22 01:16:48 : 162,700,000 : 0 : 17,195,204,950 : 70%
2022-04-22 01:33:38 : 162,800,000 : 0 : 17,205,035,575 : 70%
2022-04-22 01:50:29 : 162,900,000 : 0 : 17,224,696,825 : 70%
2022-04-22 02:07:10 : 163,000,000 : 0 : 17,234,396,375 : 70%
2022-04-22 02:23:59 : 163,100,000 : 0 : 17,244,358,075 : 70%
2022-04-22 02:41:10 : 163,200,000 : 0 : 17,254,188,700 : 71%
2022-04-22 02:58:48 : 163,300,000 : 0 : 17,264,019,325 : 71%
2022-04-22 03:17:12 : 163,400,000 : 0 : 17,273,849,950 : 71%
2022-04-22 03:36:16 : 163,500,000 : 0 : 17,283,811,650 : 71%
2022-04-22 03:55:56 : 163,600,000 : 0 : 17,293,642,275 : 71%
2022-04-22 04:16:40 : 163,700,000 : 0 : 17,303,603,975 : 71%
2022-04-22 04:38:21 : 163,800,000 : 0 : 17,313,434,600 : 71%
2022-04-22 05:00:01 : 163,900,000 : 0 : 17,323,265,225 : 71%
2022-04-22 05:23:31 : 164,000,000 : 0 : 17,333,358,000 : 71%
2022-04-22 05:48:45 : 164,100,000 : 0 : 17,343,581,850 : 71%
2022-04-22 06:16:12 : 164,200,000 : 0 : 17,353,805,700 : 71%
2022-04-22 06:44:55 : 164,300,000 : 0 : 17,364,160,625 : 71%
2022-04-22 07:14:36 : 164,400,000 : 0 : 17,374,384,475 : 71%
2022-04-22 07:45:20 : 164,500,000 : 0 : 17,384,739,400 : 71%
2022-04-22 08:17:07 : 164,600,000 : 0 : 17,395,094,325 : 71%
2022-04-22 08:49:30 : 164,700,000 : 0 : 17,405,580,325 : 71%
2022-04-22 09:21:24 : 164,800,000 : 0 : 17,415,935,250 : 71%
2022-04-22 09:52:41 : 164,900,000 : 0 : 17,426,290,175 : 71%
2022-04-22 10:22:31 : 165,000,000 : 0 : 17,436,382,950 : 71%
2022-04-22 10:50:11 : 165,100,000 : 0 : 17,446,606,800 : 71%
2022-04-22 11:15:44 : 165,200,000 : 0 : 17,456,830,650 : 71%
2022-04-22 11:39:08 : 165,300,000 : 0 : 17,467,185,575 : 71%
2022-04-22 12:00:44 : 165,400,000 : 0 : 17,477,409,425 : 71%
2022-04-22 12:20:59 : 165,500,000 : 0 : 17,487,764,350 : 71%
2022-04-22 12:40:16 : 165,600,000 : 0 : 17,508,474,200 : 72%
2022-04-22 12:58:35 : 165,700,000 : 0 : 17,518,960,200 : 72%
2022-04-22 13:16:00 : 165,800,000 : 0 : 17,529,446,200 : 72%
2022-04-22 13:32:46 : 165,900,000 : 0 : 17,539,932,200 : 72%
2022-04-22 13:49:06 : 166,000,000 : 0 : 17,550,418,200 : 72%
2022-04-22 14:04:53 : 166,100,000 : 0 : 17,560,904,200 : 72%
2022-04-22 14:20:16 : 166,200,000 : 0 : 17,571,521,275 : 72%
2022-04-22 14:35:16 : 166,300,000 : 0 : 17,582,138,350 : 72%
2022-04-22 14:49:59 : 166,400,000 : 0 : 17,592,755,425 : 72%
2022-04-22 15:04:42 : 166,500,000 : 0 : 17,603,241,425 : 72%
2022-04-22 15:19:13 : 166,600,000 : 0 : 17,613,727,425 : 72%
2022-04-22 15:33:28 : 166,700,000 : 0 : 17,624,213,425 : 72%
2022-04-22 15:47:30 : 166,800,000 : 0 : 17,634,568,350 : 72%
2022-04-22 16:01:32 : 166,900,000 : 0 : 17,645,054,350 : 72%
2022-04-22 16:15:42 : 167,000,000 : 0 : 17,655,540,350 : 72%
2022-04-22 16:29:37 : 167,100,000 : 0 : 17,666,026,350 : 72%
2022-04-22 16:43:33 : 167,200,000 : 0 : 17,676,512,350 : 72%
2022-04-22 16:57:32 : 167,300,000 : 0 : 17,686,998,350 : 72%
2022-04-22 17:11:34 : 167,400,000 : 0 : 17,697,484,350 : 72%
2022-04-22 17:25:38 : 167,500,000 : 0 : 17,707,970,350 : 72%
2022-04-22 17:39:52 : 167,600,000 : 0 : 17,718,456,350 : 72%
2022-04-22 17:54:03 : 167,700,000 : 0 : 17,728,942,350 : 72%
2022-04-22 18:08:21 : 167,800,000 : 0 : 17,739,297,275 : 72%
2022-04-22 18:22:41 : 167,900,000 : 0 : 17,760,007,125 : 73%
2022-04-22 18:37:23 : 168,000,000 : 0 : 17,770,362,050 : 73%
2022-04-22 18:52:07 : 168,100,000 : 0 : 17,780,716,975 : 73%
2022-04-22 19:06:48 : 168,200,000 : 0 : 17,791,071,900 : 73%
2022-04-22 19:21:35 : 168,300,000 : 0 : 17,801,426,825 : 73%
2022-04-22 19:36:29 : 168,400,000 : 0 : 17,811,781,750 : 73%
2022-04-22 19:51:17 : 168,500,000 : 0 : 17,822,005,600 : 73%
2022-04-22 20:05:55 : 168,600,000 : 0 : 17,832,229,450 : 73%
2022-04-22 20:20:57 : 168,700,000 : 0 : 17,842,584,375 : 73%
2022-04-22 20:36:13 : 168,800,000 : 0 : 17,852,808,225 : 73%
2022-04-22 20:51:44 : 168,900,000 : 0 : 17,863,163,150 : 73%
2022-04-22 21:07:30 : 169,000,000 : 0 : 17,873,387,000 : 73%
2022-04-22 21:23:19 : 169,100,000 : 0 : 17,883,610,850 : 73%
2022-04-22 21:39:22 : 169,200,000 : 0 : 17,893,834,700 : 73%
2022-04-22 21:55:25 : 169,300,000 : 0 : 17,904,058,550 : 73%
2022-04-22 22:11:42 : 169,400,000 : 0 : 17,914,282,400 : 73%
2022-04-22 22:28:08 : 169,500,000 : 0 : 17,924,375,175 : 73%
2022-04-22 22:44:34 : 169,600,000 : 0 : 17,934,467,950 : 73%
2022-04-22 23:01:11 : 169,700,000 : 0 : 17,944,691,800 : 73%
2022-04-22 23:17:50 : 169,800,000 : 0 : 17,954,653,500 : 73%
2022-04-22 23:34:43 : 169,900,000 : 0 : 17,964,746,275 : 73%
2022-04-22 23:51:48 : 170,000,000 : 0 : 17,974,839,050 : 73%
2022-04-23 00:08:50 : 170,100,000 : 0 : 17,984,800,750 : 73%
2022-04-23 00:25:51 : 170,200,000 : 0 : 17,994,631,375 : 74%
2022-04-23 00:43:01 : 170,300,000 : 0 : 18,004,593,075 : 74%
2022-04-23 01:00:17 : 170,400,000 : 0 : 18,014,423,700 : 74%
2022-04-23 01:17:51 : 170,500,000 : 0 : 18,024,254,325 : 74%
2022-04-23 01:35:06 : 170,600,000 : 0 : 18,043,784,500 : 74%
2022-04-23 01:52:43 : 170,700,000 : 0 : 18,053,615,125 : 74%
2022-04-23 02:10:37 : 170,800,000 : 0 : 18,063,183,600 : 74%
2022-04-23 02:28:13 : 170,900,000 : 0 : 18,072,883,150 : 74%
2022-04-23 02:46:34 : 171,000,000 : 0 : 18,082,582,700 : 74%
2022-04-23 03:04:56 : 171,100,000 : 0 : 18,092,282,250 : 74%
2022-04-23 03:24:23 : 171,200,000 : 0 : 18,102,112,875 : 74%
2022-04-23 03:44:29 : 171,300,000 : 0 : 18,111,943,500 : 74%
2022-04-23 04:04:58 : 171,400,000 : 0 : 18,121,643,050 : 74%
2022-04-23 04:26:17 : 171,500,000 : 0 : 18,131,342,600 : 74%
2022-04-23 04:48:40 : 171,600,000 : 0 : 18,141,304,300 : 74%
2022-04-23 05:13:05 : 171,700,000 : 0 : 18,151,266,000 : 74%
2022-04-23 05:39:14 : 171,800,000 : 0 : 18,161,227,700 : 74%
2022-04-23 06:06:29 : 171,900,000 : 0 : 18,171,320,475 : 74%
2022-04-23 06:34:22 : 172,000,000 : 0 : 18,181,282,175 : 74%
2022-04-23 07:03:14 : 172,100,000 : 0 : 18,191,374,950 : 74%
2022-04-23 07:32:58 : 172,200,000 : 0 : 18,201,336,650 : 74%
2022-04-23 08:03:43 : 172,300,000 : 0 : 18,211,429,425 : 74%
2022-04-23 08:34:52 : 172,400,000 : 0 : 18,221,391,125 : 74%
2022-04-23 09:07:36 : 172,500,000 : 0 : 18,231,483,900 : 75%
2022-04-23 09:40:04 : 172,600,000 : 0 : 18,241,445,600 : 75%
2022-04-23 10:11:33 : 172,700,000 : 0 : 18,251,276,225 : 75%
2022-04-23 10:42:13 : 172,800,000 : 0 : 18,261,237,925 : 75%
2022-04-23 11:10:59 : 172,900,000 : 0 : 18,271,199,625 : 75%
2022-04-23 11:37:19 : 173,000,000 : 0 : 18,281,161,325 : 75%
2022-04-23 12:01:12 : 173,100,000 : 0 : 18,290,991,950 : 75%
2022-04-23 12:23:29 : 173,200,000 : 0 : 18,300,953,650 : 75%
2022-04-23 12:45:05 : 173,300,000 : 0 : 18,311,046,425 : 75%
2022-04-23 13:04:31 : 173,400,000 : 0 : 18,321,008,125 : 75%
2022-04-23 13:23:49 : 173,500,000 : 0 : 18,341,455,825 : 75%
2022-04-23 13:42:38 : 173,600,000 : 0 : 18,351,679,675 : 75%
2022-04-23 14:00:41 : 173,700,000 : 0 : 18,361,903,525 : 75%
2022-04-23 14:18:22 : 173,800,000 : 0 : 18,372,127,375 : 75%
2022-04-23 14:35:16 : 173,900,000 : 0 : 18,382,351,225 : 75%
2022-04-23 14:51:53 : 174,000,000 : 0 : 18,392,575,075 : 75%
2022-04-23 15:08:25 : 174,100,000 : 0 : 18,402,798,925 : 75%
2022-04-23 15:24:27 : 174,200,000 : 0 : 18,413,022,775 : 75%
2022-04-23 15:40:32 : 174,300,000 : 0 : 18,423,377,700 : 75%
2022-04-23 15:56:41 : 174,400,000 : 0 : 18,433,732,625 : 75%
2022-04-23 16:12:36 : 174,500,000 : 0 : 18,444,087,550 : 75%
2022-04-23 16:28:41 : 174,600,000 : 0 : 18,454,442,475 : 75%
2022-04-23 16:44:54 : 174,700,000 : 0 : 18,464,797,400 : 75%
2022-04-23 17:00:49 : 174,800,000 : 0 : 18,475,021,250 : 75%
2022-04-23 17:16:38 : 174,900,000 : 0 : 18,485,376,175 : 76%
2022-04-23 17:32:48 : 175,000,000 : 0 : 18,495,600,025 : 76%
2022-04-23 17:48:35 : 175,100,000 : 0 : 18,505,692,800 : 76%
2022-04-23 18:04:41 : 175,200,000 : 0 : 18,515,916,650 : 76%
2022-04-23 18:20:49 : 175,300,000 : 0 : 18,526,009,425 : 76%
2022-04-23 18:36:49 : 175,400,000 : 0 : 18,536,102,200 : 76%
2022-04-23 18:53:07 : 175,500,000 : 0 : 18,546,194,975 : 76%
2022-04-23 19:09:33 : 175,600,000 : 0 : 18,556,287,750 : 76%
2022-04-23 19:26:20 : 175,700,000 : 0 : 18,566,511,600 : 76%
2022-04-23 19:43:11 : 175,800,000 : 0 : 18,576,604,375 : 76%
2022-04-23 19:59:47 : 175,900,000 : 0 : 18,586,697,150 : 76%
2022-04-23 20:16:21 : 176,000,000 : 0 : 18,596,789,925 : 76%
2022-04-23 20:32:37 : 176,100,000 : 0 : 18,606,751,625 : 76%
2022-04-23 20:49:02 : 176,200,000 : 0 : 18,626,806,100 : 76%
2022-04-23 21:05:56 : 176,300,000 : 0 : 18,636,767,800 : 76%
2022-04-23 21:22:54 : 176,400,000 : 0 : 18,646,729,500 : 76%
2022-04-23 21:40:01 : 176,500,000 : 0 : 18,656,822,275 : 76%
2022-04-23 21:57:02 : 176,600,000 : 0 : 18,666,915,050 : 76%
2022-04-23 22:14:15 : 176,700,000 : 0 : 18,676,876,750 : 76%
2022-04-23 22:31:16 : 176,800,000 : 0 : 18,686,838,450 : 76%
2022-04-23 22:48:26 : 176,900,000 : 0 : 18,696,931,225 : 76%
2022-04-23 23:05:35 : 177,000,000 : 0 : 18,706,761,850 : 76%
2022-04-23 23:22:32 : 177,100,000 : 0 : 18,716,723,550 : 76%
2022-04-23 23:40:18 : 177,200,000 : 0 : 18,726,554,175 : 77%
2022-04-23 23:58:18 : 177,300,000 : 0 : 18,736,515,875 : 77%
2022-04-24 00:16:40 : 177,400,000 : 0 : 18,746,477,575 : 77%
2022-04-24 00:34:54 : 177,500,000 : 0 : 18,756,439,275 : 77%
2022-04-24 00:53:06 : 177,600,000 : 0 : 18,766,400,975 : 77%
2022-04-24 01:11:32 : 177,700,000 : 0 : 18,776,231,600 : 77%
2022-04-24 01:29:26 : 177,800,000 : 0 : 18,786,062,225 : 77%
2022-04-24 01:47:25 : 177,900,000 : 0 : 18,795,761,775 : 77%
2022-04-24 02:05:10 : 178,000,000 : 0 : 18,805,461,325 : 77%
2022-04-24 02:23:29 : 178,100,000 : 0 : 18,815,160,875 : 77%
2022-04-24 02:42:13 : 178,200,000 : 0 : 18,825,122,575 : 77%
2022-04-24 03:01:42 : 178,300,000 : 0 : 18,834,953,200 : 77%
2022-04-24 03:21:13 : 178,400,000 : 0 : 18,844,783,825 : 77%
2022-04-24 03:41:28 : 178,500,000 : 0 : 18,854,483,375 : 77%
2022-04-24 04:02:08 : 178,600,000 : 0 : 18,864,314,000 : 77%
2022-04-24 04:23:03 : 178,700,000 : 0 : 18,874,013,550 : 77%
2022-04-24 04:45:09 : 178,800,000 : 0 : 18,883,844,175 : 77%
2022-04-24 05:07:52 : 178,900,000 : 0 : 18,893,543,725 : 77%
2022-04-24 05:31:54 : 179,000,000 : 0 : 18,903,374,350 : 77%
2022-04-24 05:57:41 : 179,100,000 : 0 : 18,923,297,750 : 77%
2022-04-24 06:24:40 : 179,200,000 : 0 : 18,933,259,450 : 77%
2022-04-24 06:52:29 : 179,300,000 : 0 : 18,943,352,225 : 77%
2022-04-24 07:21:05 : 179,400,000 : 0 : 18,953,313,925 : 77%
2022-04-24 07:50:56 : 179,500,000 : 0 : 18,963,406,700 : 77%
2022-04-24 08:20:57 : 179,600,000 : 0 : 18,973,499,475 : 78%
2022-04-24 08:51:42 : 179,700,000 : 0 : 18,983,592,250 : 78%
2022-04-24 09:23:03 : 179,800,000 : 0 : 18,993,553,950 : 78%
2022-04-24 09:54:24 : 179,900,000 : 0 : 19,003,646,725 : 78%
2022-04-24 10:25:19 : 180,000,000 : 0 : 19,013,739,500 : 78%
2022-04-24 10:55:49 : 180,100,000 : 0 : 19,023,832,275 : 78%
2022-04-24 11:24:07 : 180,200,000 : 0 : 19,033,925,050 : 78%
2022-04-24 11:50:23 : 180,300,000 : 0 : 19,044,148,900 : 78%
2022-04-24 12:14:37 : 180,400,000 : 0 : 19,054,372,750 : 78%
2022-04-24 12:37:12 : 180,500,000 : 0 : 19,064,596,600 : 78%
2022-04-24 12:58:21 : 180,600,000 : 0 : 19,074,820,450 : 78%
2022-04-24 13:18:14 : 180,700,000 : 0 : 19,084,913,225 : 78%
2022-04-24 13:37:13 : 180,800,000 : 0 : 19,095,137,075 : 78%
2022-04-24 13:55:01 : 180,900,000 : 0 : 19,105,360,925 : 78%
2022-04-24 14:12:13 : 181,000,000 : 0 : 19,115,584,775 : 78%
2022-04-24 14:28:43 : 181,100,000 : 0 : 19,125,677,550 : 78%
2022-04-24 14:44:41 : 181,200,000 : 0 : 19,135,770,325 : 78%
2022-04-24 15:00:02 : 181,300,000 : 0 : 19,145,994,175 : 78%
2022-04-24 15:15:29 : 181,400,000 : 0 : 19,156,349,100 : 78%
2022-04-24 15:31:10 : 181,500,000 : 0 : 19,166,835,100 : 78%
2022-04-24 15:46:46 : 181,600,000 : 0 : 19,177,190,025 : 78%
2022-04-24 16:02:03 : 181,700,000 : 0 : 19,197,899,875 : 78%
2022-04-24 16:17:16 : 181,800,000 : 0 : 19,208,254,800 : 78%
2022-04-24 16:32:01 : 181,900,000 : 0 : 19,218,478,650 : 79%
2022-04-24 16:46:52 : 182,000,000 : 0 : 19,228,702,500 : 79%
2022-04-24 17:01:37 : 182,100,000 : 0 : 19,239,057,425 : 79%
2022-04-24 17:16:29 : 182,200,000 : 0 : 19,249,150,200 : 79%
2022-04-24 17:31:03 : 182,300,000 : 0 : 19,259,505,125 : 79%
2022-04-24 17:45:48 : 182,400,000 : 0 : 19,269,728,975 : 79%
2022-04-24 18:00:48 : 182,500,000 : 0 : 19,279,952,825 : 79%
2022-04-24 18:15:46 : 182,600,000 : 0 : 19,290,176,675 : 79%
2022-04-24 18:30:54 : 182,700,000 : 0 : 19,300,400,525 : 79%
2022-04-24 18:46:00 : 182,800,000 : 0 : 19,310,624,375 : 79%
2022-04-24 19:01:25 : 182,900,000 : 0 : 19,320,848,225 : 79%
2022-04-24 19:16:49 : 183,000,000 : 0 : 19,331,203,150 : 79%
2022-04-24 19:32:08 : 183,100,000 : 0 : 19,341,427,000 : 79%
2022-04-24 19:47:36 : 183,200,000 : 0 : 19,351,650,850 : 79%
2022-04-24 20:03:15 : 183,300,000 : 0 : 19,361,874,700 : 79%
2022-04-24 20:18:58 : 183,400,000 : 0 : 19,371,967,475 : 79%
2022-04-24 20:34:27 : 183,500,000 : 0 : 19,382,060,250 : 79%
2022-04-24 20:49:38 : 183,600,000 : 0 : 19,392,153,025 : 79%
2022-04-24 21:05:01 : 183,700,000 : 0 : 19,402,245,800 : 79%
2022-04-24 21:20:34 : 183,800,000 : 0 : 19,412,338,575 : 79%
2022-04-24 21:36:33 : 183,900,000 : 0 : 19,422,431,350 : 79%
2022-04-24 21:52:45 : 184,000,000 : 0 : 19,432,524,125 : 79%
2022-04-24 22:08:42 : 184,100,000 : 0 : 19,442,616,900 : 79%
2022-04-24 22:24:55 : 184,200,000 : 0 : 19,462,540,300 : 80%
2022-04-24 22:41:07 : 184,300,000 : 0 : 19,472,633,075 : 80%
2022-04-24 22:57:43 : 184,400,000 : 0 : 19,482,725,850 : 80%
2022-04-24 23:14:32 : 184,500,000 : 0 : 19,492,818,625 : 80%
2022-04-24 23:31:33 : 184,600,000 : 0 : 19,502,911,400 : 80%
2022-04-24 23:48:41 : 184,700,000 : 0 : 19,513,004,175 : 80%
2022-04-25 00:05:57 : 184,800,000 : 0 : 19,522,965,875 : 80%
2022-04-25 00:23:09 : 184,900,000 : 0 : 19,532,927,575 : 80%
2022-04-25 00:40:07 : 185,000,000 : 0 : 19,543,020,350 : 80%
2022-04-25 00:57:05 : 185,100,000 : 0 : 19,552,850,975 : 80%
2022-04-25 01:13:58 : 185,200,000 : 0 : 19,562,812,675 : 80%
2022-04-25 01:30:38 : 185,300,000 : 0 : 19,572,905,450 : 80%
2022-04-25 01:47:19 : 185,400,000 : 0 : 19,582,867,150 : 80%
2022-04-25 02:03:57 : 185,500,000 : 0 : 19,592,697,775 : 80%
2022-04-25 02:21:16 : 185,600,000 : 0 : 19,602,659,475 : 80%
2022-04-25 02:39:05 : 185,700,000 : 0 : 19,612,752,250 : 80%
2022-04-25 02:57:00 : 185,800,000 : 0 : 19,622,713,950 : 80%
2022-04-25 03:15:33 : 185,900,000 : 0 : 19,632,675,650 : 80%
2022-04-25 03:34:37 : 186,000,000 : 0 : 19,642,637,350 : 80%
2022-04-25 03:54:08 : 186,100,000 : 0 : 19,652,599,050 : 80%
2022-04-25 04:14:12 : 186,200,000 : 0 : 19,662,560,750 : 80%
2022-04-25 04:35:15 : 186,300,000 : 0 : 19,672,522,450 : 80%
2022-04-25 04:57:49 : 186,400,000 : 0 : 19,682,484,150 : 80%
2022-04-25 05:21:33 : 186,500,000 : 0 : 19,692,708,000 : 80%
2022-04-25 05:46:21 : 186,600,000 : 0 : 19,702,800,775 : 81%
2022-04-25 06:12:22 : 186,700,000 : 0 : 19,713,024,625 : 81%
2022-04-25 06:39:37 : 186,800,000 : 0 : 19,723,248,475 : 81%
2022-04-25 07:08:04 : 186,900,000 : 0 : 19,743,696,175 : 81%
2022-04-25 07:37:38 : 187,000,000 : 0 : 19,753,920,025 : 81%
2022-04-25 08:08:24 : 187,100,000 : 0 : 19,764,274,950 : 81%
2022-04-25 08:40:33 : 187,200,000 : 0 : 19,774,498,800 : 81%
2022-04-25 09:12:23 : 187,300,000 : 0 : 19,784,853,725 : 81%
2022-04-25 09:43:36 : 187,400,000 : 0 : 19,795,077,575 : 81%
2022-04-25 10:13:47 : 187,500,000 : 0 : 19,805,301,425 : 81%
2022-04-25 10:41:22 : 187,600,000 : 0 : 19,815,525,275 : 81%
2022-04-25 11:07:20 : 187,700,000 : 0 : 19,825,749,125 : 81%
2022-04-25 11:31:23 : 187,800,000 : 0 : 19,836,104,050 : 81%
2022-04-25 11:53:34 : 187,900,000 : 0 : 19,846,458,975 : 81%
2022-04-25 12:14:29 : 188,000,000 : 0 : 19,856,813,900 : 81%
2022-04-25 12:34:22 : 188,100,000 : 0 : 19,867,168,825 : 81%
2022-04-25 12:53:00 : 188,200,000 : 0 : 19,877,654,825 : 81%
2022-04-25 13:11:05 : 188,300,000 : 0 : 19,888,271,900 : 81%
2022-04-25 13:28:09 : 188,400,000 : 0 : 19,898,757,900 : 81%
2022-04-25 13:44:47 : 188,500,000 : 0 : 19,909,243,900 : 81%
2022-04-25 14:00:49 : 188,600,000 : 0 : 19,919,860,975 : 81%
2022-04-25 14:16:20 : 188,700,000 : 0 : 19,930,346,975 : 81%
2022-04-25 14:31:18 : 188,800,000 : 0 : 19,940,964,050 : 81%
2022-04-25 14:46:13 : 188,900,000 : 0 : 19,951,581,125 : 82%
2022-04-25 15:00:57 : 189,000,000 : 0 : 19,962,198,200 : 82%
2022-04-25 15:15:40 : 189,100,000 : 0 : 19,972,815,275 : 82%
2022-04-25 15:30:12 : 189,200,000 : 0 : 19,983,432,350 : 82%
2022-04-25 15:44:44 : 189,300,000 : 0 : 20,004,666,500 : 82%
2022-04-25 15:58:46 : 189,400,000 : 0 : 20,015,283,575 : 82%
2022-04-25 16:12:44 : 189,500,000 : 0 : 20,025,769,575 : 82%
2022-04-25 16:26:38 : 189,600,000 : 0 : 20,036,517,725 : 82%
2022-04-25 16:40:29 : 189,700,000 : 0 : 20,047,003,725 : 82%
2022-04-25 16:54:15 : 189,800,000 : 0 : 20,057,620,800 : 82%
2022-04-25 17:08:09 : 189,900,000 : 0 : 20,068,237,875 : 82%
2022-04-25 17:22:07 : 190,000,000 : 0 : 20,078,854,950 : 82%
2022-04-25 17:35:58 : 190,100,000 : 0 : 20,089,340,950 : 82%
2022-04-25 17:49:57 : 190,200,000 : 0 : 20,099,958,025 : 82%
2022-04-25 18:03:42 : 190,300,000 : 0 : 20,110,444,025 : 82%
2022-04-25 18:17:53 : 190,400,000 : 0 : 20,121,061,100 : 82%
2022-04-25 18:32:11 : 190,500,000 : 0 : 20,131,678,175 : 82%
2022-04-25 18:46:36 : 190,600,000 : 0 : 20,142,164,175 : 82%
2022-04-25 19:00:50 : 190,700,000 : 0 : 20,152,781,250 : 82%
2022-04-25 19:15:10 : 190,800,000 : 0 : 20,163,267,250 : 82%
2022-04-25 19:29:30 : 190,900,000 : 0 : 20,173,753,250 : 82%
2022-04-25 19:43:49 : 191,000,000 : 0 : 20,184,108,175 : 82%
2022-04-25 19:57:57 : 191,100,000 : 0 : 20,194,594,175 : 83%
2022-04-25 20:12:07 : 191,200,000 : 0 : 20,204,949,100 : 83%
2022-04-25 20:26:26 : 191,300,000 : 0 : 20,215,304,025 : 83%
2022-04-25 20:40:56 : 191,400,000 : 0 : 20,225,790,025 : 83%
2022-04-25 20:55:23 : 191,500,000 : 0 : 20,246,630,950 : 83%
2022-04-25 21:10:00 : 191,600,000 : 0 : 20,256,985,875 : 83%
2022-04-25 21:24:47 : 191,700,000 : 0 : 20,267,340,800 : 83%
2022-04-25 21:39:44 : 191,800,000 : 0 : 20,277,695,725 : 83%
2022-04-25 21:54:44 : 191,900,000 : 0 : 20,288,050,650 : 83%
2022-04-25 22:10:00 : 192,000,000 : 0 : 20,298,405,575 : 83%
2022-04-25 22:25:30 : 192,100,000 : 0 : 20,308,760,500 : 83%
2022-04-25 22:41:18 : 192,200,000 : 0 : 20,318,984,350 : 83%
2022-04-25 22:57:17 : 192,300,000 : 0 : 20,329,339,275 : 83%
2022-04-25 23:13:19 : 192,400,000 : 0 : 20,339,432,050 : 83%
2022-04-25 23:29:14 : 192,500,000 : 0 : 20,349,655,900 : 83%
2022-04-25 23:45:27 : 192,600,000 : 0 : 20,359,879,750 : 83%
2022-04-26 00:01:49 : 192,700,000 : 0 : 20,369,972,525 : 83%
2022-04-26 00:18:02 : 192,800,000 : 0 : 20,379,934,225 : 83%
2022-04-26 00:33:52 : 192,900,000 : 0 : 20,390,027,000 : 83%
2022-04-26 00:49:39 : 193,000,000 : 0 : 20,399,857,625 : 83%
2022-04-26 01:05:27 : 193,100,000 : 0 : 20,409,819,325 : 83%
2022-04-26 01:21:06 : 193,200,000 : 0 : 20,419,649,950 : 83%
2022-04-26 01:36:27 : 193,300,000 : 0 : 20,429,218,425 : 83%
2022-04-26 01:52:02 : 193,400,000 : 0 : 20,439,180,125 : 84%
2022-04-26 02:07:34 : 193,500,000 : 0 : 20,449,010,750 : 84%
2022-04-26 02:23:29 : 193,600,000 : 0 : 20,458,841,375 : 84%
2022-04-26 02:39:32 : 193,700,000 : 0 : 20,468,672,000 : 84%
2022-04-26 02:56:19 : 193,800,000 : 0 : 20,478,633,700 : 84%
2022-04-26 03:13:49 : 193,900,000 : 0 : 20,488,726,475 : 84%
2022-04-26 03:31:57 : 194,000,000 : 0 : 20,508,780,950 : 84%
2022-04-26 03:50:44 : 194,100,000 : 0 : 20,518,742,650 : 84%
2022-04-26 04:10:34 : 194,200,000 : 0 : 20,528,966,500 : 84%
2022-04-26 04:31:38 : 194,300,000 : 0 : 20,539,059,275 : 84%
2022-04-26 04:53:47 : 194,400,000 : 0 : 20,549,283,125 : 84%
2022-04-26 05:17:10 : 194,500,000 : 0 : 20,559,506,975 : 84%
2022-04-26 05:41:47 : 194,600,000 : 0 : 20,569,730,825 : 84%
2022-04-26 06:07:45 : 194,700,000 : 0 : 20,580,085,750 : 84%
2022-04-26 06:35:23 : 194,800,000 : 0 : 20,590,309,600 : 84%
2022-04-26 07:04:03 : 194,900,000 : 0 : 20,600,533,450 : 84%
2022-04-26 07:34:10 : 195,000,000 : 0 : 20,610,888,375 : 84%
2022-04-26 08:05:31 : 195,100,000 : 0 : 20,621,243,300 : 84%
2022-04-26 08:38:41 : 195,200,000 : 0 : 20,631,598,225 : 84%
2022-04-26 09:11:05 : 195,300,000 : 0 : 20,641,953,150 : 84%
2022-04-26 09:42:38 : 195,400,000 : 0 : 20,652,308,075 : 84%
2022-04-26 10:12:30 : 195,500,000 : 0 : 20,662,531,925 : 84%
2022-04-26 10:40:10 : 195,600,000 : 0 : 20,672,755,775 : 84%
2022-04-26 11:05:16 : 195,700,000 : 0 : 20,683,110,700 : 85%
2022-04-26 11:28:38 : 195,800,000 : 0 : 20,693,465,625 : 85%
2022-04-26 11:50:13 : 195,900,000 : 0 : 20,703,820,550 : 85%
2022-04-26 12:10:35 : 196,000,000 : 0 : 20,714,175,475 : 85%
2022-04-26 12:29:51 : 196,100,000 : 0 : 20,724,530,400 : 85%
2022-04-26 12:48:13 : 196,200,000 : 0 : 20,735,016,400 : 85%
2022-04-26 13:05:30 : 196,300,000 : 0 : 20,745,502,400 : 85%
2022-04-26 13:22:24 : 196,400,000 : 0 : 20,755,988,400 : 85%
2022-04-26 13:38:37 : 196,500,000 : 0 : 20,777,091,475 : 85%
2022-04-26 13:54:12 : 196,600,000 : 0 : 20,787,577,475 : 85%
2022-04-26 14:09:17 : 196,700,000 : 0 : 20,798,063,475 : 85%
2022-04-26 14:23:58 : 196,800,000 : 0 : 20,808,680,550 : 85%
2022-04-26 14:38:38 : 196,900,000 : 0 : 20,819,166,550 : 85%
2022-04-26 14:53:00 : 197,000,000 : 0 : 20,829,783,625 : 85%
2022-04-26 15:07:08 : 197,100,000 : 0 : 20,840,269,625 : 85%
2022-04-26 15:21:19 : 197,200,000 : 0 : 20,850,886,700 : 85%
2022-04-26 15:35:28 : 197,300,000 : 0 : 20,861,503,775 : 85%
2022-04-26 15:49:25 : 197,400,000 : 0 : 20,872,120,850 : 85%
2022-04-26 16:03:18 : 197,500,000 : 0 : 20,882,606,850 : 85%
2022-04-26 16:17:14 : 197,600,000 : 0 : 20,893,223,925 : 85%
2022-04-26 16:31:11 : 197,700,000 : 0 : 20,903,841,000 : 85%
2022-04-26 16:45:20 : 197,800,000 : 0 : 20,914,458,075 : 85%
2022-04-26 16:59:22 : 197,900,000 : 0 : 20,924,944,075 : 86%
2022-04-26 17:13:25 : 198,000,000 : 0 : 20,935,561,150 : 86%
2022-04-26 17:27:22 : 198,100,000 : 0 : 20,946,178,225 : 86%
2022-04-26 17:41:27 : 198,200,000 : 0 : 20,956,795,300 : 86%
2022-04-26 17:55:26 : 198,300,000 : 0 : 20,967,412,375 : 86%
2022-04-26 18:09:28 : 198,400,000 : 0 : 20,977,898,375 : 86%
2022-04-26 18:23:36 : 198,500,000 : 0 : 20,988,384,375 : 86%
2022-04-26 18:37:40 : 198,600,000 : 0 : 20,998,870,375 : 86%
2022-04-26 18:51:44 : 198,700,000 : 0 : 21,019,842,375 : 86%
2022-04-26 19:05:39 : 198,800,000 : 0 : 21,030,197,300 : 86%
2022-04-26 19:19:31 : 198,900,000 : 0 : 21,040,552,225 : 86%
2022-04-26 19:33:32 : 199,000,000 : 0 : 21,050,776,075 : 86%
2022-04-26 19:47:31 : 199,100,000 : 0 : 21,061,262,075 : 86%
2022-04-26 20:01:31 : 199,200,000 : 0 : 21,071,617,000 : 86%
2022-04-26 20:15:40 : 199,300,000 : 0 : 21,081,840,850 : 86%
2022-04-26 20:30:10 : 199,400,000 : 0 : 21,092,195,775 : 86%
2022-04-26 20:44:40 : 199,500,000 : 0 : 21,102,550,700 : 86%
2022-04-26 20:59:42 : 199,600,000 : 0 : 21,112,905,625 : 86%
2022-04-26 21:15:02 : 199,700,000 : 0 : 21,123,260,550 : 86%
2022-04-26 21:30:36 : 199,800,000 : 0 : 21,133,615,475 : 86%
2022-04-26 21:46:26 : 199,900,000 : 0 : 21,143,970,400 : 86%
2022-04-26 22:02:16 : 200,000,000 : 0 : 21,154,325,325 : 86%
2022-04-26 22:18:24 : 200,100,000 : 0 : 21,164,811,325 : 86%
2022-04-26 22:34:54 : 200,200,000 : 0 : 21,175,035,175 : 87%
2022-04-26 22:51:36 : 200,300,000 : 0 : 21,185,390,100 : 87%
2022-04-26 23:08:36 : 200,400,000 : 0 : 21,195,745,025 : 87%
2022-04-26 23:25:12 : 200,500,000 : 0 : 21,205,968,875 : 87%
2022-04-26 23:41:44 : 200,600,000 : 0 : 21,215,930,575 : 87%
2022-04-26 23:58:17 : 200,700,000 : 0 : 21,226,154,425 : 87%
2022-04-27 00:14:45 : 200,800,000 : 0 : 21,236,247,200 : 87%
2022-04-27 00:30:52 : 200,900,000 : 0 : 21,246,208,900 : 87%
2022-04-27 00:46:52 : 201,000,000 : 0 : 21,256,170,600 : 87%
2022-04-27 01:02:51 : 201,100,000 : 0 : 21,275,962,925 : 87%
2022-04-27 01:18:41 : 201,200,000 : 0 : 21,285,793,550 : 87%
2022-04-27 01:34:11 : 201,300,000 : 0 : 21,295,493,100 : 87%
2022-04-27 01:49:33 : 201,400,000 : 0 : 21,305,323,725 : 87%
2022-04-27 02:05:06 : 201,500,000 : 0 : 21,315,154,350 : 87%
2022-04-27 02:20:26 : 201,600,000 : 0 : 21,324,853,900 : 87%
2022-04-27 02:36:29 : 201,700,000 : 0 : 21,334,684,525 : 87%
2022-04-27 02:52:48 : 201,800,000 : 0 : 21,344,515,150 : 87%
2022-04-27 03:09:43 : 201,900,000 : 0 : 21,354,476,850 : 87%
2022-04-27 03:27:36 : 202,000,000 : 0 : 21,364,569,625 : 87%
2022-04-27 03:46:14 : 202,100,000 : 0 : 21,374,662,400 : 87%
2022-04-27 04:06:11 : 202,200,000 : 0 : 21,384,755,175 : 87%
2022-04-27 04:27:02 : 202,300,000 : 0 : 21,394,716,875 : 87%
2022-04-27 04:48:41 : 202,400,000 : 0 : 21,404,940,725 : 87%
2022-04-27 05:11:42 : 202,500,000 : 0 : 21,415,164,575 : 88%
2022-04-27 05:36:12 : 202,600,000 : 0 : 21,425,388,425 : 88%
2022-04-27 06:01:33 : 202,700,000 : 0 : 21,435,612,275 : 88%
2022-04-27 06:28:13 : 202,800,000 : 0 : 21,445,967,200 : 88%
2022-04-27 06:56:33 : 202,900,000 : 0 : 21,456,191,050 : 88%
2022-04-27 07:26:10 : 203,000,000 : 0 : 21,466,414,900 : 88%
2022-04-27 07:57:11 : 203,100,000 : 0 : 21,476,769,825 : 88%
2022-04-27 08:29:53 : 203,200,000 : 0 : 21,486,993,675 : 88%
2022-04-27 09:03:11 : 203,300,000 : 0 : 21,497,348,600 : 88%
2022-04-27 09:35:57 : 203,400,000 : 0 : 21,507,703,525 : 88%
2022-04-27 10:07:12 : 203,500,000 : 0 : 21,518,058,450 : 88%
2022-04-27 10:35:42 : 203,600,000 : 0 : 21,538,506,150 : 88%
2022-04-27 11:01:44 : 203,700,000 : 0 : 21,548,861,075 : 88%
2022-04-27 11:25:47 : 203,800,000 : 0 : 21,559,216,000 : 88%
2022-04-27 11:47:55 : 203,900,000 : 0 : 21,569,570,925 : 88%
2022-04-27 12:08:53 : 204,000,000 : 0 : 21,580,188,000 : 88%
2022-04-27 12:28:48 : 204,100,000 : 0 : 21,590,674,000 : 88%
2022-04-27 12:47:32 : 204,200,000 : 0 : 21,601,291,075 : 88%
2022-04-27 13:05:10 : 204,300,000 : 0 : 21,611,908,150 : 88%
2022-04-27 13:22:04 : 204,400,000 : 0 : 21,622,525,225 : 88%
2022-04-27 13:38:35 : 204,500,000 : 0 : 21,633,142,300 : 88%
2022-04-27 13:54:15 : 204,600,000 : 0 : 21,643,759,375 : 88%
2022-04-27 14:09:52 : 204,700,000 : 0 : 21,654,376,450 : 88%
2022-04-27 14:25:06 : 204,800,000 : 0 : 21,664,993,525 : 89%
2022-04-27 14:39:56 : 204,900,000 : 0 : 21,675,610,600 : 89%
2022-04-27 14:54:33 : 205,000,000 : 0 : 21,686,227,675 : 89%
2022-04-27 15:09:09 : 205,100,000 : 0 : 21,696,844,750 : 89%
2022-04-27 15:23:27 : 205,200,000 : 0 : 21,707,461,825 : 89%
2022-04-27 15:37:34 : 205,300,000 : 0 : 21,717,947,825 : 89%
2022-04-27 15:51:28 : 205,400,000 : 0 : 21,728,433,825 : 89%
2022-04-27 16:05:19 : 205,500,000 : 0 : 21,738,919,825 : 89%
2022-04-27 16:19:21 : 205,600,000 : 0 : 21,749,405,825 : 89%
2022-04-27 16:33:20 : 205,700,000 : 0 : 21,759,891,825 : 89%
2022-04-27 16:47:21 : 205,800,000 : 0 : 21,781,125,975 : 89%
2022-04-27 17:01:22 : 205,900,000 : 0 : 21,791,611,975 : 89%
2022-04-27 17:15:44 : 206,000,000 : 0 : 21,801,966,900 : 89%
2022-04-27 17:29:49 : 206,100,000 : 0 : 21,812,583,975 : 89%
2022-04-27 17:44:13 : 206,200,000 : 0 : 21,823,201,050 : 89%
2022-04-27 17:58:45 : 206,300,000 : 0 : 21,833,687,050 : 89%
2022-04-27 18:13:28 : 206,400,000 : 0 : 21,844,173,050 : 89%
2022-04-27 18:28:05 : 206,500,000 : 0 : 21,854,790,125 : 89%
2022-04-27 18:42:38 : 206,600,000 : 0 : 21,865,276,125 : 89%
2022-04-27 18:56:56 : 206,700,000 : 0 : 21,875,762,125 : 89%
2022-04-27 19:11:23 : 206,800,000 : 0 : 21,886,248,125 : 89%
2022-04-27 19:25:47 : 206,900,000 : 0 : 21,896,734,125 : 89%
2022-04-27 19:40:16 : 207,000,000 : 0 : 21,907,089,050 : 90%
2022-04-27 19:54:32 : 207,100,000 : 0 : 21,917,575,050 : 90%
2022-04-27 20:08:31 : 207,200,000 : 0 : 21,927,798,900 : 90%
2022-04-27 20:22:29 : 207,300,000 : 0 : 21,938,153,825 : 90%
2022-04-27 20:36:34 : 207,400,000 : 0 : 21,948,508,750 : 90%
2022-04-27 20:50:45 : 207,500,000 : 0 : 21,958,994,750 : 90%
2022-04-27 21:05:19 : 207,600,000 : 0 : 21,969,480,750 : 90%
2022-04-27 21:20:19 : 207,700,000 : 0 : 21,979,966,750 : 90%
2022-04-27 21:35:22 : 207,800,000 : 0 : 21,990,321,675 : 90%
2022-04-27 21:50:43 : 207,900,000 : 0 : 22,000,676,600 : 90%
2022-04-27 22:06:25 : 208,000,000 : 0 : 22,021,517,525 : 90%
2022-04-27 22:22:23 : 208,100,000 : 0 : 22,031,872,450 : 90%
2022-04-27 22:38:39 : 208,200,000 : 0 : 22,042,227,375 : 90%
2022-04-27 22:55:09 : 208,300,000 : 0 : 22,052,582,300 : 90%
2022-04-27 23:11:58 : 208,400,000 : 0 : 22,062,806,150 : 90%
2022-04-27 23:29:15 : 208,500,000 : 0 : 22,073,030,000 : 90%
2022-04-27 23:46:30 : 208,600,000 : 0 : 22,083,253,850 : 90%
2022-04-28 00:03:43 : 208,700,000 : 0 : 22,093,346,625 : 90%
2022-04-28 00:20:28 : 208,800,000 : 0 : 22,103,439,400 : 90%
2022-04-28 00:37:23 : 208,900,000 : 0 : 22,113,401,100 : 90%
2022-04-28 00:53:51 : 209,000,000 : 0 : 22,123,362,800 : 90%
2022-04-28 01:10:29 : 209,100,000 : 0 : 22,133,324,500 : 90%
2022-04-28 01:27:09 : 209,200,000 : 0 : 22,143,155,125 : 90%
2022-04-28 01:43:49 : 209,300,000 : 0 : 22,153,247,900 : 91%
2022-04-28 02:00:37 : 209,400,000 : 0 : 22,163,078,525 : 91%
2022-04-28 02:16:46 : 209,500,000 : 0 : 22,172,515,925 : 91%
2022-04-28 02:33:09 : 209,600,000 : 0 : 22,182,084,400 : 91%
2022-04-28 02:49:57 : 209,700,000 : 0 : 22,191,652,875 : 91%
2022-04-28 03:07:12 : 209,800,000 : 0 : 22,201,221,350 : 91%
2022-04-28 03:24:36 : 209,900,000 : 0 : 22,210,658,750 : 91%
2022-04-28 03:43:02 : 210,000,000 : 0 : 22,220,227,225 : 91%
2022-04-28 04:01:55 : 210,100,000 : 0 : 22,229,795,700 : 91%
2022-04-28 04:22:46 : 210,200,000 : 0 : 22,239,757,400 : 91%
2022-04-28 04:44:07 : 210,300,000 : 0 : 22,249,588,025 : 91%
2022-04-28 05:07:07 : 210,400,000 : 0 : 22,259,680,800 : 91%
2022-04-28 05:31:37 : 210,500,000 : 0 : 22,269,904,650 : 91%
2022-04-28 05:57:42 : 210,600,000 : 0 : 22,280,128,500 : 91%
2022-04-28 06:25:07 : 210,700,000 : 0 : 22,300,838,350 : 91%
2022-04-28 06:54:04 : 210,800,000 : 0 : 22,311,062,200 : 91%
2022-04-28 07:24:30 : 210,900,000 : 0 : 22,321,417,125 : 91%
2022-04-28 07:56:46 : 211,000,000 : 0 : 22,331,772,050 : 91%
2022-04-28 08:30:17 : 211,100,000 : 0 : 22,342,126,975 : 91%
2022-04-28 09:04:12 : 211,200,000 : 0 : 22,352,481,900 : 91%
2022-04-28 09:37:51 : 211,300,000 : 0 : 22,362,705,750 : 91%
2022-04-28 10:09:48 : 211,400,000 : 0 : 22,372,798,525 : 91%
2022-04-28 10:38:25 : 211,500,000 : 0 : 22,383,153,450 : 91%
2022-04-28 11:04:54 : 211,600,000 : 0 : 22,393,508,375 : 92%
2022-04-28 11:29:03 : 211,700,000 : 0 : 22,403,732,225 : 92%
2022-04-28 11:51:19 : 211,800,000 : 0 : 22,414,087,150 : 92%
2022-04-28 12:12:19 : 211,900,000 : 0 : 22,424,442,075 : 92%
2022-04-28 12:32:07 : 212,000,000 : 0 : 22,434,928,075 : 92%
2022-04-28 12:50:50 : 212,100,000 : 0 : 22,445,414,075 : 92%
2022-04-28 13:08:45 : 212,200,000 : 0 : 22,455,900,075 : 92%
2022-04-28 13:25:48 : 212,300,000 : 0 : 22,466,386,075 : 92%
2022-04-28 13:42:19 : 212,400,000 : 0 : 22,477,003,150 : 92%
2022-04-28 13:58:12 : 212,500,000 : 0 : 22,487,620,225 : 92%
2022-04-28 14:13:46 : 212,600,000 : 0 : 22,498,106,225 : 92%
2022-04-28 14:29:10 : 212,700,000 : 0 : 22,508,854,375 : 92%
2022-04-28 14:44:18 : 212,800,000 : 0 : 22,519,340,375 : 92%
2022-04-28 14:59:15 : 212,900,000 : 0 : 22,530,088,525 : 92%
2022-04-28 15:14:20 : 213,000,000 : 0 : 22,551,322,675 : 92%
2022-04-28 15:29:12 : 213,100,000 : 0 : 22,562,070,825 : 92%
2022-04-28 15:44:06 : 213,200,000 : 0 : 22,572,687,900 : 92%
2022-04-28 15:58:46 : 213,300,000 : 0 : 22,583,173,900 : 92%
2022-04-28 16:13:29 : 213,400,000 : 0 : 22,593,790,975 : 92%
2022-04-28 16:28:17 : 213,500,000 : 0 : 22,604,408,050 : 92%
2022-04-28 16:42:59 : 213,600,000 : 0 : 22,615,025,125 : 92%
2022-04-28 16:57:32 : 213,700,000 : 0 : 22,625,642,200 : 92%
2022-04-28 17:12:13 : 213,800,000 : 0 : 22,636,128,200 : 92%
2022-04-28 17:26:43 : 213,900,000 : 0 : 22,646,745,275 : 93%
2022-04-28 17:41:19 : 214,000,000 : 0 : 22,657,231,275 : 93%
2022-04-28 17:55:40 : 214,100,000 : 0 : 22,667,848,350 : 93%
2022-04-28 18:10:15 : 214,200,000 : 0 : 22,678,334,350 : 93%
2022-04-28 18:24:53 : 214,300,000 : 0 : 22,688,820,350 : 93%
2022-04-28 18:39:36 : 214,400,000 : 0 : 22,699,437,425 : 93%
2022-04-28 18:54:18 : 214,500,000 : 0 : 22,709,923,425 : 93%
2022-04-28 19:08:52 : 214,600,000 : 0 : 22,720,409,425 : 93%
2022-04-28 19:23:20 : 214,700,000 : 0 : 22,730,764,350 : 93%
2022-04-28 19:37:28 : 214,800,000 : 0 : 22,741,119,275 : 93%
2022-04-28 19:51:29 : 214,900,000 : 0 : 22,751,474,200 : 93%
2022-04-28 20:05:28 : 215,000,000 : 0 : 22,761,698,050 : 93%
2022-04-28 20:19:25 : 215,100,000 : 0 : 22,771,921,900 : 93%
2022-04-28 20:33:27 : 215,200,000 : 0 : 22,782,145,750 : 93%
2022-04-28 20:47:50 : 215,300,000 : 0 : 22,802,724,525 : 93%
2022-04-28 21:02:18 : 215,400,000 : 0 : 22,813,079,450 : 93%
2022-04-28 21:17:17 : 215,500,000 : 0 : 22,823,434,375 : 93%
2022-04-28 21:32:17 : 215,600,000 : 0 : 22,833,789,300 : 93%
2022-04-28 21:47:35 : 215,700,000 : 0 : 22,844,013,150 : 93%
2022-04-28 22:03:17 : 215,800,000 : 0 : 22,854,368,075 : 93%
2022-04-28 22:19:30 : 215,900,000 : 0 : 22,864,591,925 : 93%
2022-04-28 22:35:55 : 216,000,000 : 0 : 22,874,815,775 : 93%
2022-04-28 22:52:35 : 216,100,000 : 0 : 22,885,170,700 : 94%
2022-04-28 23:09:30 : 216,200,000 : 0 : 22,895,263,475 : 94%
2022-04-28 23:26:39 : 216,300,000 : 0 : 22,905,356,250 : 94%
2022-04-28 23:43:59 : 216,400,000 : 0 : 22,915,317,950 : 94%
2022-04-29 00:01:00 : 216,500,000 : 0 : 22,925,279,650 : 94%
2022-04-29 00:18:08 : 216,600,000 : 0 : 22,934,979,200 : 94%
2022-04-29 00:34:40 : 216,700,000 : 0 : 22,944,678,750 : 94%
2022-04-29 00:50:55 : 216,800,000 : 0 : 22,954,378,300 : 94%
2022-04-29 01:06:59 : 216,900,000 : 0 : 22,963,815,700 : 94%
2022-04-29 01:22:48 : 217,000,000 : 0 : 22,973,384,175 : 94%
2022-04-29 01:37:59 : 217,100,000 : 0 : 22,982,952,650 : 94%
2022-04-29 01:53:42 : 217,200,000 : 0 : 22,992,521,125 : 94%
2022-04-29 02:09:07 : 217,300,000 : 0 : 23,002,089,600 : 94%
2022-04-29 02:25:09 : 217,400,000 : 0 : 23,011,658,075 : 94%
2022-04-29 02:41:28 : 217,500,000 : 0 : 23,021,357,625 : 94%
2022-04-29 02:58:26 : 217,600,000 : 0 : 23,031,057,175 : 94%
2022-04-29 03:16:20 : 217,700,000 : 0 : 23,040,887,800 : 94%
2022-04-29 03:34:42 : 217,800,000 : 0 : 23,050,718,425 : 94%
2022-04-29 03:53:47 : 217,900,000 : 0 : 23,060,549,050 : 94%
2022-04-29 04:14:13 : 218,000,000 : 0 : 23,070,641,825 : 94%
2022-04-29 04:34:51 : 218,100,000 : 0 : 23,080,472,450 : 94%
2022-04-29 04:57:30 : 218,200,000 : 0 : 23,100,658,000 : 94%
2022-04-29 05:21:07 : 218,300,000 : 0 : 23,110,750,775 : 94%
2022-04-29 05:46:18 : 218,400,000 : 0 : 23,120,974,625 : 94%
2022-04-29 06:13:06 : 218,500,000 : 0 : 23,131,198,475 : 95%
2022-04-29 06:40:58 : 218,600,000 : 0 : 23,141,553,400 : 95%
2022-04-29 07:10:15 : 218,700,000 : 0 : 23,151,777,250 : 95%
2022-04-29 07:41:34 : 218,800,000 : 0 : 23,162,132,175 : 95%
2022-04-29 08:13:32 : 218,900,000 : 0 : 23,172,487,100 : 95%
2022-04-29 08:46:01 : 219,000,000 : 0 : 23,182,710,950 : 95%
2022-04-29 09:18:20 : 219,100,000 : 0 : 23,192,934,800 : 95%
2022-04-29 09:49:43 : 219,200,000 : 0 : 23,203,158,650 : 95%
2022-04-29 10:19:24 : 219,300,000 : 0 : 23,213,382,500 : 95%
2022-04-29 10:46:55 : 219,400,000 : 0 : 23,223,606,350 : 95%
2022-04-29 11:12:20 : 219,500,000 : 0 : 23,233,830,200 : 95%
2022-04-29 11:35:40 : 219,600,000 : 0 : 23,244,185,125 : 95%
2022-04-29 11:57:25 : 219,700,000 : 0 : 23,254,408,975 : 95%
2022-04-29 12:17:56 : 219,800,000 : 0 : 23,264,763,900 : 95%
2022-04-29 12:37:17 : 219,900,000 : 0 : 23,275,249,900 : 95%
2022-04-29 12:55:55 : 220,000,000 : 0 : 23,285,735,900 : 95%
2022-04-29 13:13:35 : 220,100,000 : 0 : 23,296,221,900 : 95%
2022-04-29 13:30:26 : 220,200,000 : 0 : 23,306,707,900 : 95%
2022-04-29 13:46:46 : 220,300,000 : 0 : 23,317,193,900 : 95%
2022-04-29 14:02:44 : 220,400,000 : 0 : 23,327,810,975 : 95%
2022-04-29 14:18:29 : 220,500,000 : 0 : 23,338,428,050 : 95%
2022-04-29 14:33:52 : 220,600,000 : 0 : 23,349,176,200 : 95%
2022-04-29 14:48:59 : 220,700,000 : 0 : 23,370,541,425 : 96%
2022-04-29 15:04:03 : 220,800,000 : 0 : 23,381,158,500 : 96%
2022-04-29 15:18:56 : 220,900,000 : 0 : 23,391,906,650 : 96%
2022-04-29 15:33:42 : 221,000,000 : 0 : 23,402,523,725 : 96%
2022-04-29 15:48:25 : 221,100,000 : 0 : 23,413,140,800 : 96%
2022-04-29 16:03:01 : 221,200,000 : 0 : 23,423,757,875 : 96%
2022-04-29 16:17:51 : 221,300,000 : 0 : 23,434,506,025 : 96%
2022-04-29 16:32:30 : 221,400,000 : 0 : 23,445,123,100 : 96%
2022-04-29 16:47:06 : 221,500,000 : 0 : 23,455,740,175 : 96%
2022-04-29 17:01:39 : 221,600,000 : 0 : 23,466,226,175 : 96%
2022-04-29 17:16:23 : 221,700,000 : 0 : 23,476,712,175 : 96%
2022-04-29 17:31:03 : 221,800,000 : 0 : 23,487,329,250 : 96%
2022-04-29 17:46:05 : 221,900,000 : 0 : 23,497,946,325 : 96%
2022-04-29 18:01:07 : 222,000,000 : 0 : 23,508,432,325 : 96%
2022-04-29 18:16:35 : 222,100,000 : 0 : 23,519,049,400 : 96%
2022-04-29 18:32:03 : 222,200,000 : 0 : 23,529,666,475 : 96%
2022-04-29 18:47:37 : 222,300,000 : 0 : 23,540,152,475 : 96%
2022-04-29 19:03:13 : 222,400,000 : 0 : 23,550,769,550 : 96%
2022-04-29 19:18:47 : 222,500,000 : 0 : 23,561,124,475 : 96%
2022-04-29 19:34:19 : 222,600,000 : 0 : 23,571,741,550 : 96%
2022-04-29 19:50:04 : 222,700,000 : 0 : 23,582,227,550 : 96%
2022-04-29 20:05:45 : 222,800,000 : 0 : 23,592,582,475 : 96%
2022-04-29 20:21:39 : 222,900,000 : 0 : 23,613,423,400 : 96%
2022-04-29 20:37:33 : 223,000,000 : 0 : 23,623,778,325 : 97%
2022-04-29 20:53:37 : 223,100,000 : 0 : 23,634,002,175 : 97%
2022-04-29 21:10:02 : 223,200,000 : 0 : 23,644,357,100 : 97%
2022-04-29 21:26:33 : 223,300,000 : 0 : 23,654,712,025 : 97%
2022-04-29 21:43:15 : 223,400,000 : 0 : 23,665,066,950 : 97%
2022-04-29 22:00:01 : 223,500,000 : 0 : 23,675,421,875 : 97%
2022-04-29 22:16:56 : 223,600,000 : 0 : 23,685,645,725 : 97%
2022-04-29 22:34:01 : 223,700,000 : 0 : 23,695,869,575 : 97%
2022-04-29 22:51:17 : 223,800,000 : 0 : 23,706,093,425 : 97%
2022-04-29 23:08:45 : 223,900,000 : 0 : 23,716,186,200 : 97%
2022-04-29 23:25:53 : 224,000,000 : 0 : 23,726,147,900 : 97%
2022-04-29 23:43:03 : 224,100,000 : 0 : 23,736,240,675 : 97%
2022-04-30 00:00:28 : 224,200,000 : 0 : 23,746,071,300 : 97%
2022-04-30 00:17:48 : 224,300,000 : 0 : 23,755,901,925 : 97%
2022-04-30 00:35:09 : 224,400,000 : 0 : 23,765,732,550 : 97%
2022-04-30 00:52:31 : 224,500,000 : 0 : 23,775,432,100 : 97%
2022-04-30 01:09:46 : 224,600,000 : 0 : 23,785,131,650 : 97%
2022-04-30 01:27:21 : 224,700,000 : 0 : 23,794,831,200 : 97%
2022-04-30 01:44:48 : 224,800,000 : 0 : 23,804,530,750 : 97%
2022-04-30 02:02:34 : 224,900,000 : 0 : 23,814,099,225 : 97%
2022-04-30 02:20:31 : 225,000,000 : 0 : 23,823,929,850 : 97%
2022-04-30 02:38:39 : 225,100,000 : 0 : 23,833,498,325 : 97%
2022-04-30 02:57:27 : 225,200,000 : 0 : 23,843,197,875 : 97%
2022-04-30 03:17:04 : 225,300,000 : 0 : 23,853,028,500 : 97%
2022-04-30 03:37:14 : 225,400,000 : 0 : 23,862,728,050 : 98%
2022-04-30 03:57:59 : 225,500,000 : 0 : 23,872,427,600 : 98%
2022-04-30 04:20:01 : 225,600,000 : 0 : 23,892,351,000 : 98%
2022-04-30 04:43:32 : 225,700,000 : 0 : 23,902,312,700 : 98%
2022-04-30 05:08:12 : 225,800,000 : 0 : 23,912,143,325 : 98%
2022-04-30 05:34:23 : 225,900,000 : 0 : 23,922,236,100 : 98%
2022-04-30 06:02:03 : 226,000,000 : 0 : 23,932,197,800 : 98%
2022-04-30 06:31:14 : 226,100,000 : 0 : 23,942,290,575 : 98%
2022-04-30 07:01:38 : 226,200,000 : 0 : 23,952,383,350 : 98%
2022-04-30 07:33:11 : 226,300,000 : 0 : 23,962,607,200 : 98%
2022-04-30 08:05:54 : 226,400,000 : 0 : 23,972,699,975 : 98%
2022-04-30 08:39:26 : 226,500,000 : 0 : 23,982,792,750 : 98%
2022-04-30 09:12:58 : 226,600,000 : 0 : 23,992,754,450 : 98%
2022-04-30 09:46:15 : 226,700,000 : 0 : 24,002,716,150 : 98%
2022-04-30 10:18:42 : 226,800,000 : 0 : 24,012,808,925 : 98%
2022-04-30 10:49:58 : 226,900,000 : 0 : 24,022,901,700 : 98%
2022-04-30 11:19:25 : 227,000,000 : 0 : 24,032,994,475 : 98%
2022-04-30 11:46:19 : 227,100,000 : 0 : 24,043,087,250 : 98%
2022-04-30 12:10:56 : 227,200,000 : 0 : 24,053,180,025 : 98%
2022-04-30 12:34:12 : 227,300,000 : 0 : 24,063,403,875 : 98%
2022-04-30 12:56:10 : 227,400,000 : 0 : 24,073,627,725 : 98%
2022-04-30 13:16:51 : 227,500,000 : 0 : 24,083,720,500 : 98%
2022-04-30 13:36:30 : 227,600,000 : 0 : 24,094,075,425 : 98%
2022-04-30 13:55:25 : 227,700,000 : 0 : 24,104,299,275 : 98%
2022-04-30 14:13:56 : 227,800,000 : 0 : 24,114,654,200 : 99%
2022-04-30 14:31:44 : 227,900,000 : 0 : 24,125,009,125 : 99%
2022-04-30 14:49:02 : 228,000,000 : 0 : 24,135,364,050 : 99%
2022-04-30 15:06:06 : 228,100,000 : 0 : 24,145,718,975 : 99%
2022-04-30 15:23:08 : 228,200,000 : 0 : 24,156,073,900 : 99%
2022-04-30 15:39:47 : 228,300,000 : 0 : 24,176,652,675 : 99%
2022-04-30 15:56:17 : 228,400,000 : 0 : 24,187,007,600 : 99%
2022-04-30 16:12:44 : 228,500,000 : 0 : 24,197,362,525 : 99%
2022-04-30 16:29:13 : 228,600,000 : 0 : 24,207,717,450 : 99%
2022-04-30 16:45:27 : 228,700,000 : 0 : 24,217,941,300 : 99%
2022-04-30 17:01:43 : 228,800,000 : 0 : 24,228,296,225 : 99%
2022-04-30 17:18:10 : 228,900,000 : 0 : 24,238,651,150 : 99%
2022-04-30 17:34:26 : 229,000,000 : 0 : 24,248,875,000 : 99%
2022-04-30 17:50:55 : 229,100,000 : 0 : 24,259,098,850 : 99%
2022-04-30 18:07:38 : 229,200,000 : 0 : 24,269,322,700 : 99%
2022-04-30 18:24:17 : 229,300,000 : 0 : 24,279,546,550 : 99%
2022-04-30 18:41:01 : 229,400,000 : 0 : 24,289,639,325 : 99%
2022-04-30 18:58:01 : 229,500,000 : 0 : 24,299,863,175 : 99%
2022-04-30 19:15:14 : 229,600,000 : 0 : 24,309,955,950 : 99%
2022-04-30 19:32:35 : 229,700,000 : 0 : 24,320,179,800 : 99%
2022-04-30 19:50:20 : 229,800,000 : 0 : 24,330,403,650 : 99%
2022-04-30 20:08:07 : 229,900,000 : 0 : 24,340,496,425 : 99%
2022-04-30 20:25:49 : 230,000,000 : 0 : 24,350,720,275 : 100%
2022-04-30 20:43:28 : 230,100,000 : 0 : 24,360,813,050 : 100%
2022-04-30 21:01:06 : 230,200,000 : 0 : 24,370,905,825 : 100%
2022-04-30 21:18:54 : 230,300,000 : 0 : 24,381,129,675 : 100%
2022-04-30 21:36:46 : 230,400,000 : 0 : 24,391,222,450 : 100%
2022-04-30 21:54:29 : 230,500,000 : 0 : 24,401,315,225 : 100%
2022-04-30 22:12:16 : 230,600,000 : 0 : 24,411,408,000 : 100%
2022-04-30 22:30:12 : 230,700,000 : 0 : 24,421,500,775 : 100%
2022-04-30 22:48:15 : 230,800,000 : 0 : 24,431,462,475 : 100%
2022-04-30 23:06:22 : 230,900,000 : 0 : 24,451,648,025 : 100%
2022-04-30 23:24:52 : 231,000,000 : 0 : 24,461,609,725 : 100%
2022-04-30 23:43:21 : 231,100,000 : 0 : 24,471,592,196 : 100%
2022-05-01 00:18:53 : 100,000 : 0 : 21,627,375 : 0%
2022-05-01 00:38:06 : 200,000 : 0 : 32,113,375 : 0%
2022-05-01 00:57:35 : 300,000 : 0 : 42,337,225 : 0%
2022-05-01 01:17:04 : 400,000 : 0 : 52,561,075 : 0%
2022-05-01 01:36:46 : 500,000 : 0 : 62,653,850 : 0%
2022-05-01 01:56:36 : 600,000 : 0 : 72,746,625 : 0%
2022-05-01 02:16:33 : 700,000 : 0 : 82,839,400 : 0%
2022-05-01 02:36:25 : 800,000 : 0 : 92,801,100 : 0%
2022-05-01 02:57:11 : 900,000 : 0 : 102,893,875 : 0%
2022-05-01 03:18:41 : 1,000,000 : 0 : 112,986,650 : 0%
2022-05-01 03:41:15 : 1,100,000 : 0 : 122,948,350 : 0%
2022-05-01 04:04:02 : 1,200,000 : 0 : 132,910,050 : 1%
2022-05-01 04:27:37 : 1,300,000 : 0 : 142,740,675 : 1%
2022-05-01 04:52:18 : 1,400,000 : 0 : 152,702,375 : 1%
2022-05-01 05:18:26 : 1,500,000 : 0 : 162,664,075 : 1%
2022-05-01 05:45:34 : 1,600,000 : 0 : 172,625,775 : 1%
2022-05-01 06:13:54 : 1,700,000 : 0 : 182,587,475 : 1%
2022-05-01 06:43:03 : 1,800,000 : 0 : 192,680,250 : 1%
2022-05-01 07:13:19 : 1,900,000 : 0 : 202,641,950 : 1%
2022-05-01 07:44:19 : 2,000,000 : 0 : 212,603,650 : 1%
2022-05-01 08:15:35 : 2,100,000 : 0 : 222,565,350 : 1%
2022-05-01 08:47:37 : 2,200,000 : 0 : 232,658,125 : 1%
2022-05-01 09:20:31 : 2,300,000 : 0 : 242,750,900 : 1%
2022-05-01 09:53:35 : 2,400,000 : 0 : 252,843,675 : 1%
2022-05-01 10:26:43 : 2,500,000 : 0 : 262,936,450 : 1%
2022-05-01 10:58:38 : 2,600,000 : 0 : 273,029,225 : 1%
2022-05-01 11:27:59 : 2,700,000 : 0 : 283,122,000 : 1%
2022-05-01 11:55:02 : 2,800,000 : 0 : 303,569,700 : 1%
2022-05-01 12:20:03 : 2,900,000 : 0 : 313,793,550 : 1%
2022-05-01 12:43:28 : 3,000,000 : 0 : 324,017,400 : 1%
2022-05-01 13:05:17 : 3,100,000 : 0 : 334,110,175 : 1%
2022-05-01 13:25:52 : 3,200,000 : 0 : 344,334,025 : 1%
2022-05-01 13:45:33 : 3,300,000 : 0 : 354,557,875 : 1%
2022-05-01 14:04:20 : 3,400,000 : 0 : 364,912,800 : 1%
2022-05-01 14:22:21 : 3,500,000 : 0 : 375,136,650 : 2%
2022-05-01 14:39:51 : 3,600,000 : 0 : 385,360,500 : 2%
2022-05-01 14:56:37 : 3,700,000 : 0 : 395,715,425 : 2%
2022-05-01 15:12:51 : 3,800,000 : 0 : 405,939,275 : 2%
2022-05-01 15:29:16 : 3,900,000 : 0 : 416,294,200 : 2%
2022-05-01 15:45:29 : 4,000,000 : 0 : 426,649,125 : 2%
2022-05-01 16:01:30 : 4,100,000 : 0 : 437,004,050 : 2%
2022-05-01 16:17:19 : 4,200,000 : 0 : 447,227,900 : 2%
2022-05-01 16:32:57 : 4,300,000 : 0 : 457,582,825 : 2%
2022-05-01 16:48:29 : 4,400,000 : 0 : 467,937,750 : 2%
2022-05-01 17:04:15 : 4,500,000 : 0 : 478,161,600 : 2%
2022-05-01 17:20:02 : 4,600,000 : 0 : 488,385,450 : 2%
2022-05-01 17:35:25 : 4,700,000 : 0 : 498,609,300 : 2%
2022-05-01 17:50:55 : 4,800,000 : 0 : 508,833,150 : 2%
2022-05-01 18:06:27 : 4,900,000 : 0 : 519,057,000 : 2%
2022-05-01 18:22:09 : 5,000,000 : 0 : 529,149,775 : 2%
2022-05-01 18:38:10 : 5,100,000 : 0 : 539,373,625 : 2%
2022-05-01 18:53:35 : 5,200,000 : 0 : 549,466,400 : 2%
2022-05-01 19:09:16 : 5,300,000 : 0 : 569,520,875 : 2%
2022-05-01 19:24:40 : 5,400,000 : 0 : 579,613,650 : 2%
2022-05-01 19:40:22 : 5,500,000 : 0 : 589,575,350 : 2%
2022-05-01 19:56:04 : 5,600,000 : 0 : 599,668,125 : 2%
2022-05-01 20:11:43 : 5,700,000 : 0 : 609,760,900 : 2%
2022-05-01 20:27:47 : 5,800,000 : 0 : 619,722,600 : 3%
2022-05-01 20:43:43 : 5,900,000 : 0 : 629,815,375 : 3%
2022-05-01 20:59:51 : 6,000,000 : 0 : 639,777,075 : 3%
2022-05-01 21:15:35 : 6,100,000 : 0 : 649,738,775 : 3%
2022-05-01 21:31:49 : 6,200,000 : 0 : 659,700,475 : 3%
2022-05-01 21:48:17 : 6,300,000 : 0 : 669,793,250 : 3%
2022-05-01 22:04:49 : 6,400,000 : 0 : 679,754,950 : 3%
2022-05-01 22:21:30 : 6,500,000 : 0 : 689,847,725 : 3%
2022-05-01 22:37:46 : 6,600,000 : 0 : 699,678,350 : 3%
2022-05-01 22:54:45 : 6,700,000 : 0 : 709,771,125 : 3%
2022-05-01 23:12:13 : 6,800,000 : 0 : 719,994,975 : 3%
2022-05-01 23:29:54 : 6,900,000 : 0 : 730,087,750 : 3%
2022-05-01 23:47:51 : 7,000,000 : 0 : 740,311,600 : 3%
2022-05-02 00:06:00 : 7,100,000 : 0 : 750,404,375 : 3%
2022-05-02 00:24:12 : 7,200,000 : 0 : 760,497,150 : 3%
2022-05-02 00:42:43 : 7,300,000 : 0 : 770,721,000 : 3%
2022-05-02 01:00:59 : 7,400,000 : 0 : 780,813,775 : 3%
2022-05-02 01:19:26 : 7,500,000 : 0 : 790,906,550 : 3%
2022-05-02 01:37:52 : 7,600,000 : 0 : 800,868,250 : 3%
2022-05-02 01:56:40 : 7,700,000 : 0 : 810,961,025 : 3%
2022-05-02 02:15:30 : 7,800,000 : 0 : 831,015,500 : 3%
2022-05-02 02:34:39 : 7,900,000 : 0 : 841,108,275 : 3%
2022-05-02 02:54:07 : 8,000,000 : 0 : 851,201,050 : 3%
2022-05-02 03:14:28 : 8,100,000 : 0 : 861,293,825 : 3%
2022-05-02 03:35:28 : 8,200,000 : 0 : 871,517,675 : 4%
2022-05-02 03:57:15 : 8,300,000 : 0 : 881,610,450 : 4%
2022-05-02 04:19:57 : 8,400,000 : 0 : 891,703,225 : 4%
2022-05-02 04:43:12 : 8,500,000 : 0 : 901,796,000 : 4%
2022-05-02 05:07:57 : 8,600,000 : 0 : 911,888,775 : 4%
2022-05-02 05:34:20 : 8,700,000 : 0 : 922,112,625 : 4%
2022-05-02 06:01:34 : 8,800,000 : 0 : 932,336,475 : 4%
2022-05-02 06:30:38 : 8,900,000 : 0 : 942,560,325 : 4%
2022-05-02 07:00:33 : 9,000,000 : 0 : 952,784,175 : 4%
2022-05-02 07:31:25 : 9,100,000 : 0 : 963,008,025 : 4%
2022-05-02 08:03:02 : 9,200,000 : 0 : 973,231,875 : 4%
2022-05-02 08:35:49 : 9,300,000 : 0 : 983,586,800 : 4%
2022-05-02 09:08:11 : 9,400,000 : 0 : 993,810,650 : 4%
2022-05-02 09:40:14 : 9,500,000 : 0 : 1,004,165,575 : 4%
2022-05-02 10:11:19 : 9,600,000 : 0 : 1,014,389,425 : 4%
2022-05-02 10:40:28 : 9,700,000 : 0 : 1,024,613,275 : 4%
2022-05-02 11:07:04 : 9,800,000 : 0 : 1,034,706,050 : 4%
2022-05-02 11:31:53 : 9,900,000 : 0 : 1,045,060,975 : 4%
2022-05-02 11:54:41 : 10,000,000 : 0 : 1,055,284,825 : 4%
2022-05-02 12:16:32 : 10,100,000 : 0 : 1,065,639,750 : 4%
2022-05-02 12:37:13 : 10,200,000 : 0 : 1,075,994,675 : 4%
2022-05-02 12:56:46 : 10,300,000 : 0 : 1,096,835,600 : 4%
2022-05-02 13:15:20 : 10,400,000 : 0 : 1,107,452,675 : 4%
2022-05-02 13:33:17 : 10,500,000 : 0 : 1,117,938,675 : 5%
2022-05-02 13:50:35 : 10,600,000 : 0 : 1,128,555,750 : 5%
2022-05-02 14:07:09 : 10,700,000 : 0 : 1,139,041,750 : 5%
2022-05-02 14:23:18 : 10,800,000 : 0 : 1,149,658,825 : 5%
2022-05-02 14:39:10 : 10,900,000 : 0 : 1,160,275,900 : 5%
2022-05-02 14:54:56 : 11,000,000 : 0 : 1,171,024,050 : 5%
2022-05-02 15:10:23 : 11,100,000 : 0 : 1,181,510,050 : 5%
2022-05-02 15:25:33 : 11,200,000 : 0 : 1,192,127,125 : 5%
2022-05-02 15:40:37 : 11,300,000 : 0 : 1,202,744,200 : 5%
2022-05-02 15:55:32 : 11,400,000 : 0 : 1,213,361,275 : 5%
2022-05-02 16:10:33 : 11,500,000 : 0 : 1,224,109,425 : 5%
2022-05-02 16:25:08 : 11,600,000 : 0 : 1,234,726,500 : 5%
2022-05-02 16:39:49 : 11,700,000 : 0 : 1,245,343,575 : 5%
2022-05-02 16:54:12 : 11,800,000 : 0 : 1,255,960,650 : 5%
2022-05-02 17:08:23 : 11,900,000 : 0 : 1,266,446,650 : 5%
2022-05-02 17:22:38 : 12,000,000 : 0 : 1,276,932,650 : 5%
2022-05-02 17:37:07 : 12,100,000 : 0 : 1,287,549,725 : 5%
2022-05-02 17:51:35 : 12,200,000 : 0 : 1,298,035,725 : 5%
2022-05-02 18:06:00 : 12,300,000 : 0 : 1,308,652,800 : 5%
2022-05-02 18:20:33 : 12,400,000 : 0 : 1,329,755,875 : 5%
2022-05-02 18:35:09 : 12,500,000 : 0 : 1,340,241,875 : 5%
2022-05-02 18:49:50 : 12,600,000 : 0 : 1,350,858,950 : 5%
2022-05-02 19:04:30 : 12,700,000 : 0 : 1,361,344,950 : 6%
2022-05-02 19:19:15 : 12,800,000 : 0 : 1,371,962,025 : 6%
2022-05-02 19:33:57 : 12,900,000 : 0 : 1,382,448,025 : 6%
2022-05-02 19:48:31 : 13,000,000 : 0 : 1,392,934,025 : 6%
2022-05-02 20:03:06 : 13,100,000 : 0 : 1,403,420,025 : 6%
2022-05-02 20:17:57 : 13,200,000 : 0 : 1,413,906,025 : 6%
2022-05-02 20:32:46 : 13,300,000 : 0 : 1,424,260,950 : 6%
2022-05-02 20:47:40 : 13,400,000 : 0 : 1,434,746,950 : 6%
2022-05-02 21:02:38 : 13,500,000 : 0 : 1,445,232,950 : 6%
2022-05-02 21:18:04 : 13,600,000 : 0 : 1,455,718,950 : 6%
2022-05-02 21:33:45 : 13,700,000 : 0 : 1,466,204,950 : 6%
2022-05-02 21:49:37 : 13,800,000 : 0 : 1,476,559,875 : 6%
2022-05-02 22:05:27 : 13,900,000 : 0 : 1,487,045,875 : 6%
2022-05-02 22:21:42 : 14,000,000 : 0 : 1,497,400,800 : 6%
2022-05-02 22:38:13 : 14,100,000 : 0 : 1,507,755,725 : 6%
2022-05-02 22:54:44 : 14,200,000 : 0 : 1,518,110,650 : 6%
2022-05-02 23:11:24 : 14,300,000 : 0 : 1,528,334,500 : 6%
2022-05-02 23:27:59 : 14,400,000 : 0 : 1,538,689,425 : 6%
2022-05-02 23:44:16 : 14,500,000 : 0 : 1,548,782,200 : 6%
2022-05-03 00:00:33 : 14,600,000 : 0 : 1,558,743,900 : 6%
2022-05-03 00:16:56 : 14,700,000 : 0 : 1,578,667,300 : 6%
2022-05-03 00:33:30 : 14,800,000 : 0 : 1,588,629,000 : 6%
2022-05-03 00:49:47 : 14,900,000 : 0 : 1,598,459,625 : 6%
2022-05-03 01:06:11 : 15,000,000 : 0 : 1,608,290,250 : 7%
2022-05-03 01:22:36 : 15,100,000 : 0 : 1,617,989,800 : 7%
2022-05-03 01:38:46 : 15,200,000 : 0 : 1,627,689,350 : 7%
2022-05-03 01:54:33 : 15,300,000 : 0 : 1,637,388,900 : 7%
2022-05-03 02:10:25 : 15,400,000 : 0 : 1,647,088,450 : 7%
2022-05-03 02:26:36 : 15,500,000 : 0 : 1,657,050,150 : 7%
2022-05-03 02:43:15 : 15,600,000 : 0 : 1,666,880,775 : 7%
2022-05-03 03:00:22 : 15,700,000 : 0 : 1,676,711,400 : 7%
2022-05-03 03:18:04 : 15,800,000 : 0 : 1,686,542,025 : 7%
2022-05-03 03:36:34 : 15,900,000 : 0 : 1,696,503,725 : 7%
2022-05-03 03:55:31 : 16,000,000 : 0 : 1,706,334,350 : 7%
2022-05-03 04:14:47 : 16,100,000 : 0 : 1,716,164,975 : 7%
2022-05-03 04:34:57 : 16,200,000 : 0 : 1,725,995,600 : 7%
2022-05-03 04:56:35 : 16,300,000 : 0 : 1,735,957,300 : 7%
2022-05-03 05:20:33 : 16,400,000 : 0 : 1,746,181,150 : 7%
2022-05-03 05:45:34 : 16,500,000 : 0 : 1,756,273,925 : 7%
2022-05-03 06:11:50 : 16,600,000 : 0 : 1,766,497,775 : 7%
2022-05-03 06:40:07 : 16,700,000 : 0 : 1,776,721,625 : 7%
2022-05-03 07:10:21 : 16,800,000 : 0 : 1,787,076,550 : 7%
2022-05-03 07:41:09 : 16,900,000 : 0 : 1,797,300,400 : 7%
2022-05-03 08:12:49 : 17,000,000 : 0 : 1,807,524,250 : 7%
2022-05-03 08:45:29 : 17,100,000 : 0 : 1,817,879,175 : 7%
2022-05-03 09:17:51 : 17,200,000 : 0 : 1,838,326,875 : 7%
2022-05-03 09:49:01 : 17,300,000 : 0 : 1,848,681,800 : 7%
2022-05-03 10:19:09 : 17,400,000 : 0 : 1,858,905,650 : 8%
2022-05-03 10:47:00 : 17,500,000 : 0 : 1,869,129,500 : 8%
2022-05-03 11:12:27 : 17,600,000 : 0 : 1,879,353,350 : 8%
2022-05-03 11:35:52 : 17,700,000 : 0 : 1,889,708,275 : 8%
2022-05-03 11:57:29 : 17,800,000 : 0 : 1,899,932,125 : 8%
2022-05-03 12:17:59 : 17,900,000 : 0 : 1,910,418,125 : 8%
2022-05-03 12:37:15 : 18,000,000 : 0 : 1,920,773,050 : 8%
2022-05-03 12:55:31 : 18,100,000 : 0 : 1,931,259,050 : 8%
2022-05-03 13:13:01 : 18,200,000 : 0 : 1,941,745,050 : 8%
2022-05-03 13:29:54 : 18,300,000 : 0 : 1,952,231,050 : 8%
2022-05-03 13:46:09 : 18,400,000 : 0 : 1,962,848,125 : 8%
2022-05-03 14:01:54 : 18,500,000 : 0 : 1,973,465,200 : 8%
2022-05-03 14:17:16 : 18,600,000 : 0 : 1,984,082,275 : 8%
2022-05-03 14:32:16 : 18,700,000 : 0 : 1,994,699,350 : 8%
2022-05-03 14:47:00 : 18,800,000 : 0 : 2,005,185,350 : 8%
2022-05-03 15:01:29 : 18,900,000 : 0 : 2,015,933,500 : 8%
2022-05-03 15:16:07 : 19,000,000 : 0 : 2,026,550,575 : 8%
2022-05-03 15:30:18 : 19,100,000 : 0 : 2,037,167,650 : 8%
2022-05-03 15:44:31 : 19,200,000 : 0 : 2,047,784,725 : 8%
2022-05-03 15:58:36 : 19,300,000 : 0 : 2,058,401,800 : 8%
2022-05-03 16:12:43 : 19,400,000 : 0 : 2,079,635,950 : 8%
2022-05-03 16:26:40 : 19,500,000 : 0 : 2,090,384,100 : 8%
2022-05-03 16:40:42 : 19,600,000 : 0 : 2,101,001,175 : 8%
2022-05-03 16:54:45 : 19,700,000 : 0 : 2,111,618,250 : 9%
2022-05-03 17:08:56 : 19,800,000 : 0 : 2,122,235,325 : 9%
2022-05-03 17:23:13 : 19,900,000 : 0 : 2,132,721,325 : 9%
2022-05-03 17:37:37 : 20,000,000 : 0 : 2,143,338,400 : 9%
2022-05-03 17:52:16 : 20,100,000 : 0 : 2,153,955,475 : 9%
2022-05-03 18:07:15 : 20,200,000 : 0 : 2,164,441,475 : 9%
2022-05-03 18:22:32 : 20,300,000 : 0 : 2,174,927,475 : 9%
2022-05-03 18:37:45 : 20,400,000 : 0 : 2,185,282,400 : 9%
2022-05-03 18:53:37 : 20,500,000 : 0 : 2,195,768,400 : 9%
2022-05-03 19:09:05 : 20,600,000 : 0 : 2,206,254,400 : 9%
2022-05-03 19:24:31 : 20,700,000 : 0 : 2,216,609,325 : 9%
2022-05-03 19:39:46 : 20,800,000 : 0 : 2,226,833,175 : 9%
2022-05-03 19:54:23 : 20,900,000 : 0 : 2,237,188,100 : 9%
2022-05-03 20:09:36 : 21,000,000 : 0 : 2,247,411,950 : 9%
2022-05-03 20:24:35 : 21,100,000 : 0 : 2,257,504,725 : 9%
2022-05-03 20:39:16 : 21,200,000 : 0 : 2,267,466,425 : 9%
2022-05-03 20:53:45 : 21,300,000 : 0 : 2,277,559,200 : 9%
2022-05-03 21:08:34 : 21,400,000 : 0 : 2,287,783,050 : 9%
2022-05-03 21:23:57 : 21,500,000 : 0 : 2,298,137,975 : 9%
2022-05-03 21:39:47 : 21,600,000 : 0 : 2,318,847,825 : 9%
2022-05-03 21:55:43 : 21,700,000 : 0 : 2,329,202,750 : 9%
2022-05-03 22:12:00 : 21,800,000 : 0 : 2,339,557,675 : 9%
2022-05-03 22:28:03 : 21,900,000 : 0 : 2,349,781,525 : 9%
2022-05-03 22:44:15 : 22,000,000 : 0 : 2,360,005,375 : 10%
2022-05-03 23:00:31 : 22,100,000 : 0 : 2,370,229,225 : 10%
2022-05-03 23:16:56 : 22,200,000 : 0 : 2,380,453,075 : 10%
2022-05-03 23:33:05 : 22,300,000 : 0 : 2,390,676,925 : 10%
2022-05-03 23:50:43 : 22,400,000 : 0 : 2,400,769,700 : 10%
2022-05-04 00:08:56 : 22,500,000 : 0 : 2,410,731,400 : 10%
2022-05-04 00:26:01 : 22,600,000 : 0 : 2,420,562,025 : 10%
2022-05-04 00:42:28 : 22,700,000 : 0 : 2,430,523,725 : 10%
2022-05-04 00:58:43 : 22,800,000 : 0 : 2,440,485,425 : 10%
2022-05-04 01:14:58 : 22,900,000 : 0 : 2,450,316,050 : 10%
2022-05-04 01:31:09 : 23,000,000 : 0 : 2,460,146,675 : 10%
2022-05-04 01:47:11 : 23,100,000 : 0 : 2,469,846,225 : 10%
2022-05-04 02:02:53 : 23,200,000 : 0 : 2,479,676,850 : 10%
2022-05-04 02:18:59 : 23,300,000 : 0 : 2,489,507,475 : 10%
2022-05-04 02:35:19 : 23,400,000 : 0 : 2,499,207,025 : 10%
2022-05-04 02:52:11 : 23,500,000 : 0 : 2,509,168,725 : 10%
2022-05-04 03:09:43 : 23,600,000 : 0 : 2,518,999,350 : 10%
2022-05-04 03:27:26 : 23,700,000 : 0 : 2,528,829,975 : 10%
2022-05-04 03:46:00 : 23,800,000 : 0 : 2,538,660,600 : 10%
2022-05-04 04:04:49 : 23,900,000 : 0 : 2,548,491,225 : 10%
2022-05-04 04:24:19 : 24,000,000 : 0 : 2,568,152,475 : 10%
2022-05-04 04:45:40 : 24,100,000 : 0 : 2,578,245,250 : 10%
2022-05-04 05:08:25 : 24,200,000 : 0 : 2,588,338,025 : 10%
2022-05-04 05:32:30 : 24,300,000 : 0 : 2,598,430,800 : 11%
2022-05-04 05:57:45 : 24,400,000 : 0 : 2,608,654,650 : 11%
2022-05-04 06:24:29 : 24,500,000 : 0 : 2,619,009,575 : 11%
2022-05-04 06:52:37 : 24,600,000 : 0 : 2,629,233,425 : 11%
2022-05-04 07:22:14 : 24,700,000 : 0 : 2,639,588,350 : 11%
2022-05-04 07:53:15 : 24,800,000 : 0 : 2,649,943,275 : 11%
2022-05-04 08:25:04 : 24,900,000 : 0 : 2,660,167,125 : 11%
2022-05-04 08:57:12 : 25,000,000 : 0 : 2,670,390,975 : 11%
2022-05-04 09:30:18 : 25,100,000 : 0 : 2,680,745,900 : 11%
2022-05-04 10:01:41 : 25,200,000 : 0 : 2,691,100,825 : 11%
2022-05-04 10:31:23 : 25,300,000 : 0 : 2,701,324,675 : 11%
2022-05-04 10:58:29 : 25,400,000 : 0 : 2,711,679,600 : 11%
2022-05-04 11:22:55 : 25,500,000 : 0 : 2,722,034,525 : 11%
2022-05-04 11:45:28 : 25,600,000 : 0 : 2,732,520,525 : 11%
2022-05-04 12:06:44 : 25,700,000 : 0 : 2,742,875,450 : 11%
2022-05-04 12:26:57 : 25,800,000 : 0 : 2,753,492,525 : 11%
2022-05-04 12:45:54 : 25,900,000 : 0 : 2,763,847,450 : 11%
2022-05-04 13:03:47 : 26,000,000 : 0 : 2,774,333,450 : 11%
2022-05-04 13:21:10 : 26,100,000 : 0 : 2,784,819,450 : 11%
2022-05-04 13:37:59 : 26,200,000 : 0 : 2,795,436,525 : 11%
2022-05-04 13:54:14 : 26,300,000 : 0 : 2,806,184,675 : 11%
2022-05-04 14:10:00 : 26,400,000 : 0 : 2,827,549,900 : 11%
2022-05-04 14:25:15 : 26,500,000 : 0 : 2,838,166,975 : 11%
2022-05-04 14:40:16 : 26,600,000 : 0 : 2,848,784,050 : 12%
2022-05-04 14:54:48 : 26,700,000 : 0 : 2,859,401,125 : 12%
2022-05-04 15:09:18 : 26,800,000 : 0 : 2,870,018,200 : 12%
2022-05-04 15:23:44 : 26,900,000 : 0 : 2,880,635,275 : 12%
2022-05-04 15:38:18 : 27,000,000 : 0 : 2,891,514,500 : 12%
2022-05-04 15:53:35 : 27,100,000 : 0 : 2,902,131,575 : 12%
2022-05-04 16:09:07 : 27,200,000 : 0 : 2,912,879,725 : 12%
2022-05-04 16:24:04 : 27,300,000 : 0 : 2,923,496,800 : 12%
2022-05-04 16:38:24 : 27,400,000 : 0 : 2,934,113,875 : 12%
2022-05-04 16:52:34 : 27,500,000 : 0 : 2,944,862,025 : 12%
2022-05-04 17:06:41 : 27,600,000 : 0 : 2,955,479,100 : 12%
2022-05-04 17:20:44 : 27,700,000 : 0 : 2,966,096,175 : 12%
2022-05-04 17:34:52 : 27,800,000 : 0 : 2,976,713,250 : 12%
2022-05-04 17:48:53 : 27,900,000 : 0 : 2,987,330,325 : 12%
2022-05-04 18:02:59 : 28,000,000 : 0 : 2,997,947,400 : 12%
2022-05-04 18:17:11 : 28,100,000 : 0 : 3,008,433,400 : 12%
2022-05-04 18:31:24 : 28,200,000 : 0 : 3,018,919,400 : 12%
2022-05-04 18:45:39 : 28,300,000 : 0 : 3,029,405,400 : 12%
2022-05-04 18:59:50 : 28,400,000 : 0 : 3,039,891,400 : 12%
2022-05-04 19:14:11 : 28,500,000 : 0 : 3,060,732,325 : 12%
2022-05-04 19:28:23 : 28,600,000 : 0 : 3,071,087,250 : 12%
2022-05-04 19:42:24 : 28,700,000 : 0 : 3,081,442,175 : 12%
2022-05-04 19:56:32 : 28,800,000 : 0 : 3,091,797,100 : 12%
2022-05-04 20:10:43 : 28,900,000 : 0 : 3,102,283,100 : 13%
2022-05-04 20:25:04 : 29,000,000 : 0 : 3,112,638,025 : 13%
2022-05-04 20:39:25 : 29,100,000 : 0 : 3,122,992,950 : 13%
2022-05-04 20:53:18 : 29,200,000 : 0 : 3,132,954,650 : 13%
2022-05-04 21:07:17 : 29,300,000 : 0 : 3,143,178,500 : 13%
2022-05-04 21:21:46 : 29,400,000 : 0 : 3,153,271,275 : 13%
2022-05-04 21:36:24 : 29,500,000 : 0 : 3,163,364,050 : 13%
2022-05-04 21:50:16 : 29,600,000 : 0 : 3,173,587,900 : 13%
2022-05-04 22:04:43 : 29,700,000 : 0 : 3,183,680,675 : 13%
2022-05-04 22:19:41 : 29,800,000 : 0 : 3,193,773,450 : 13%
2022-05-04 22:35:02 : 29,900,000 : 0 : 3,204,128,375 : 13%
2022-05-04 22:50:44 : 30,000,000 : 0 : 3,214,352,225 : 13%
2022-05-04 23:06:55 : 30,100,000 : 0 : 3,224,576,075 : 13%
2022-05-04 23:23:37 : 30,200,000 : 0 : 3,234,799,925 : 13%
2022-05-04 23:40:05 : 30,300,000 : 0 : 3,244,761,625 : 13%
2022-05-04 23:56:25 : 30,400,000 : 0 : 3,254,854,400 : 13%
2022-05-05 00:12:40 : 30,500,000 : 0 : 3,264,947,175 : 13%
2022-05-05 00:28:40 : 30,600,000 : 0 : 3,274,777,800 : 13%
2022-05-05 00:44:54 : 30,700,000 : 0 : 3,284,739,500 : 13%
2022-05-05 01:00:45 : 30,800,000 : 0 : 3,304,400,750 : 13%
2022-05-05 01:16:54 : 30,900,000 : 0 : 3,314,362,450 : 13%
2022-05-05 01:33:12 : 31,000,000 : 0 : 3,324,062,000 : 13%
2022-05-05 01:49:31 : 31,100,000 : 0 : 3,333,892,625 : 13%
2022-05-05 02:05:56 : 31,200,000 : 0 : 3,343,723,250 : 14%
2022-05-05 02:22:51 : 31,300,000 : 0 : 3,353,684,950 : 14%
2022-05-05 02:40:03 : 31,400,000 : 0 : 3,363,384,500 : 14%
2022-05-05 02:57:08 : 31,500,000 : 0 : 3,373,346,200 : 14%
2022-05-05 03:15:20 : 31,600,000 : 0 : 3,383,307,900 : 14%
2022-05-05 03:34:10 : 31,700,000 : 0 : 3,393,269,600 : 14%
2022-05-05 03:53:15 : 31,800,000 : 0 : 3,402,969,150 : 14%
2022-05-05 04:12:54 : 31,900,000 : 0 : 3,412,799,775 : 14%
2022-05-05 04:33:41 : 32,000,000 : 0 : 3,422,761,475 : 14%
2022-05-05 04:56:20 : 32,100,000 : 0 : 3,432,854,250 : 14%
2022-05-05 05:20:24 : 32,200,000 : 0 : 3,443,078,100 : 14%
2022-05-05 05:45:43 : 32,300,000 : 0 : 3,453,301,950 : 14%
2022-05-05 06:12:13 : 32,400,000 : 0 : 3,463,525,800 : 14%
2022-05-05 06:40:10 : 32,500,000 : 0 : 3,473,880,725 : 14%
2022-05-05 07:09:24 : 32,600,000 : 0 : 3,484,104,575 : 14%
2022-05-05 07:40:28 : 32,700,000 : 0 : 3,494,459,500 : 14%
2022-05-05 08:13:01 : 32,800,000 : 0 : 3,504,945,500 : 14%
2022-05-05 08:46:03 : 32,900,000 : 0 : 3,515,300,425 : 14%
2022-05-05 09:18:29 : 33,000,000 : 0 : 3,525,524,275 : 14%
2022-05-05 09:50:08 : 33,100,000 : 0 : 3,535,748,125 : 14%
2022-05-05 10:20:09 : 33,200,000 : 0 : 3,545,971,975 : 14%
2022-05-05 10:47:46 : 33,300,000 : 0 : 3,566,550,750 : 14%
2022-05-05 11:13:10 : 33,400,000 : 0 : 3,576,905,675 : 14%
2022-05-05 11:36:48 : 33,500,000 : 0 : 3,587,260,600 : 14%
2022-05-05 11:58:45 : 33,600,000 : 0 : 3,597,746,600 : 15%
Decoding error with 134,217,728 bytes, reading another chunk
2022-05-05 12:19:32 : 33,700,000 : 0 : 3,618,718,600 : 15%
2022-05-05 12:38:59 : 33,800,000 : 0 : 3,618,718,600 : 15%
2022-05-05 12:57:14 : 33,900,000 : 0 : 3,629,335,675 : 15%
2022-05-05 13:15:01 : 34,000,000 : 0 : 3,640,083,825 : 15%
2022-05-05 13:31:51 : 34,100,000 : 0 : 3,650,700,900 : 15%
2022-05-05 13:48:20 : 34,200,000 : 0 : 3,661,317,975 : 15%
2022-05-05 14:04:09 : 34,300,000 : 0 : 3,671,935,050 : 15%
2022-05-05 14:19:34 : 34,400,000 : 0 : 3,682,421,050 : 15%
2022-05-05 14:34:29 : 34,500,000 : 0 : 3,693,038,125 : 15%
2022-05-05 14:49:20 : 34,600,000 : 0 : 3,703,655,200 : 15%
2022-05-05 15:03:51 : 34,700,000 : 0 : 3,714,272,275 : 15%
2022-05-05 15:18:31 : 34,800,000 : 0 : 3,724,758,275 : 15%
2022-05-05 15:32:50 : 34,900,000 : 0 : 3,735,375,350 : 15%
2022-05-05 15:47:12 : 35,000,000 : 0 : 3,745,992,425 : 15%
2022-05-05 16:01:17 : 35,100,000 : 0 : 3,756,609,500 : 15%
2022-05-05 16:15:31 : 35,200,000 : 0 : 3,767,226,575 : 15%
2022-05-05 16:29:54 : 35,300,000 : 0 : 3,777,843,650 : 15%
2022-05-05 16:48:45 : 35,400,000 : 0 : 3,788,722,875 : 15%
2022-05-05 17:03:51 : 35,500,000 : 0 : 3,809,957,025 : 15%
2022-05-05 17:18:16 : 35,600,000 : 0 : 3,820,443,025 : 15%
2022-05-05 17:32:40 : 35,700,000 : 0 : 3,831,060,100 : 15%
2022-05-05 17:47:02 : 35,800,000 : 0 : 3,841,677,175 : 16%
2022-05-05 18:01:20 : 35,900,000 : 0 : 3,852,163,175 : 16%
2022-05-05 18:16:14 : 36,000,000 : 0 : 3,862,780,250 : 16%
2022-05-05 18:31:00 : 36,100,000 : 0 : 3,873,266,250 : 16%
2022-05-05 18:45:46 : 36,200,000 : 0 : 3,883,752,250 : 16%
2022-05-05 19:00:18 : 36,300,000 : 0 : 3,894,238,250 : 16%
2022-05-05 19:14:55 : 36,400,000 : 0 : 3,904,593,175 : 16%
2022-05-05 19:29:14 : 36,500,000 : 0 : 3,914,948,100 : 16%
2022-05-05 19:43:41 : 36,600,000 : 0 : 3,925,434,100 : 16%
2022-05-05 19:58:08 : 36,700,000 : 0 : 3,935,789,025 : 16%
2022-05-05 20:12:44 : 36,800,000 : 0 : 3,946,143,950 : 16%
2022-05-05 20:27:24 : 36,900,000 : 0 : 3,956,498,875 : 16%
2022-05-05 20:42:01 : 37,000,000 : 0 : 3,966,722,725 : 16%
2022-05-05 20:56:39 : 37,100,000 : 0 : 3,977,077,650 : 16%
2022-05-05 21:11:30 : 37,200,000 : 0 : 3,987,563,650 : 16%
2022-05-05 21:26:53 : 37,300,000 : 0 : 3,997,918,575 : 16%
2022-05-05 21:42:30 : 37,400,000 : 0 : 4,008,273,500 : 16%
2022-05-05 21:58:12 : 37,500,000 : 0 : 4,018,759,500 : 16%
2022-05-05 22:14:05 : 37,600,000 : 0 : 4,028,983,350 : 16%
2022-05-05 22:30:24 : 37,700,000 : 0 : 4,039,338,275 : 16%
2022-05-05 22:46:49 : 37,800,000 : 0 : 4,060,048,125 : 16%
2022-05-05 23:03:22 : 37,900,000 : 0 : 4,070,271,975 : 16%
2022-05-05 23:20:19 : 38,000,000 : 0 : 4,080,495,825 : 16%
2022-05-05 23:37:11 : 38,100,000 : 0 : 4,090,719,675 : 17%
2022-05-05 23:54:26 : 38,200,000 : 0 : 4,100,943,525 : 17%
2022-05-06 00:11:44 : 38,300,000 : 0 : 4,110,249,850 : 17%
2022-05-06 00:30:08 : 38,400,000 : 0 : 4,119,162,950 : 17%
2022-05-06 00:51:55 : 38,500,000 : 0 : 4,128,993,575 : 17%
2022-05-06 01:10:26 : 38,600,000 : 0 : 4,138,955,275 : 17%
2022-05-06 01:28:19 : 38,700,000 : 0 : 4,148,916,975 : 17%
2022-05-06 01:46:06 : 38,800,000 : 0 : 4,159,009,750 : 17%
2022-05-06 02:03:37 : 38,900,000 : 0 : 4,168,971,450 : 17%
2022-05-06 02:21:15 : 39,000,000 : 0 : 4,178,933,150 : 17%
2022-05-06 02:39:34 : 39,100,000 : 0 : 4,189,025,925 : 17%
2022-05-06 02:58:11 : 39,200,000 : 0 : 4,198,987,625 : 17%
2022-05-06 03:17:33 : 39,300,000 : 0 : 4,208,949,325 : 17%
2022-05-06 03:37:30 : 39,400,000 : 0 : 4,219,042,100 : 17%
2022-05-06 03:58:19 : 39,500,000 : 0 : 4,229,003,800 : 17%
2022-05-06 04:19:36 : 39,600,000 : 0 : 4,239,096,575 : 17%
2022-05-06 04:41:49 : 39,700,000 : 0 : 4,249,058,275 : 17%
2022-05-06 05:05:09 : 39,800,000 : 0 : 4,259,151,050 : 17%
2022-05-06 05:29:58 : 39,900,000 : 0 : 4,269,243,825 : 17%
2022-05-06 05:56:18 : 40,000,000 : 0 : 4,279,467,675 : 17%
2022-05-06 06:23:43 : 40,100,000 : 0 : 4,289,691,525 : 17%
2022-05-06 06:52:35 : 40,200,000 : 0 : 4,300,046,450 : 17%
2022-05-06 07:22:34 : 40,300,000 : 0 : 4,310,270,300 : 17%
2022-05-06 07:54:17 : 40,400,000 : 0 : 4,331,111,225 : 18%
2022-05-06 08:26:38 : 40,500,000 : 0 : 4,341,466,150 : 18%
2022-05-06 08:59:13 : 40,600,000 : 0 : 4,351,690,000 : 18%
2022-05-06 09:31:38 : 40,700,000 : 0 : 4,362,044,925 : 18%
2022-05-06 10:02:35 : 40,800,000 : 0 : 4,372,137,700 : 18%
2022-05-06 10:31:39 : 40,900,000 : 0 : 4,382,492,625 : 18%
2022-05-06 10:58:16 : 41,000,000 : 0 : 4,392,716,475 : 18%
2022-05-06 11:22:44 : 41,100,000 : 0 : 4,403,071,400 : 18%
2022-05-06 11:45:27 : 41,200,000 : 0 : 4,413,295,250 : 18%
2022-05-06 12:06:39 : 41,300,000 : 0 : 4,423,781,250 : 18%
2022-05-06 12:26:55 : 41,400,000 : 0 : 4,434,267,250 : 18%
2022-05-06 12:45:56 : 41,500,000 : 0 : 4,444,753,250 : 18%
2022-05-06 13:04:01 : 41,600,000 : 0 : 4,455,370,325 : 18%
2022-05-06 13:21:20 : 41,700,000 : 0 : 4,465,856,325 : 18%
2022-05-06 13:38:09 : 41,800,000 : 0 : 4,476,473,400 : 18%
2022-05-06 13:54:21 : 41,900,000 : 0 : 4,487,090,475 : 18%
2022-05-06 14:10:03 : 42,000,000 : 0 : 4,497,707,550 : 18%
2022-05-06 14:25:33 : 42,100,000 : 0 : 4,508,193,550 : 18%
2022-05-06 14:40:38 : 42,200,000 : 0 : 4,518,810,625 : 18%
2022-05-06 14:55:25 : 42,300,000 : 0 : 4,529,558,775 : 18%
2022-05-06 15:10:10 : 42,400,000 : 0 : 4,540,175,850 : 18%
2022-05-06 15:24:45 : 42,500,000 : 0 : 4,550,661,850 : 18%
2022-05-06 15:39:26 : 42,600,000 : 0 : 4,561,410,000 : 18%
2022-05-06 15:53:37 : 42,700,000 : 0 : 4,582,513,075 : 19%
2022-05-06 16:08:04 : 42,800,000 : 0 : 4,593,130,150 : 19%
2022-05-06 16:22:30 : 42,900,000 : 0 : 4,603,747,225 : 19%
2022-05-06 16:36:49 : 43,000,000 : 0 : 4,614,364,300 : 19%
2022-05-06 16:51:20 : 43,100,000 : 0 : 4,624,981,375 : 19%
2022-05-06 17:06:13 : 43,200,000 : 0 : 4,635,729,525 : 19%
2022-05-06 17:21:24 : 43,300,000 : 0 : 4,646,346,600 : 19%
2022-05-06 17:36:41 : 43,400,000 : 0 : 4,656,832,600 : 19%
2022-05-06 17:52:13 : 43,500,000 : 0 : 4,667,318,600 : 19%
2022-05-06 18:08:00 : 43,600,000 : 0 : 4,677,935,675 : 19%
2022-05-06 18:24:02 : 43,700,000 : 0 : 4,688,421,675 : 19%
2022-05-06 18:40:18 : 43,800,000 : 0 : 4,698,907,675 : 19%
2022-05-06 18:56:45 : 43,900,000 : 0 : 4,709,393,675 : 19%
2022-05-06 19:13:21 : 44,000,000 : 0 : 4,719,748,600 : 19%
2022-05-06 19:29:59 : 44,100,000 : 0 : 4,730,103,525 : 19%
2022-05-06 19:46:43 : 44,200,000 : 0 : 4,740,458,450 : 19%
2022-05-06 20:03:36 : 44,300,000 : 0 : 4,750,944,450 : 19%
2022-05-06 20:20:36 : 44,400,000 : 0 : 4,761,299,375 : 19%
2022-05-06 20:37:20 : 44,500,000 : 0 : 4,771,654,300 : 19%
2022-05-06 20:54:16 : 44,600,000 : 0 : 4,782,009,225 : 19%
2022-05-06 21:11:05 : 44,700,000 : 0 : 4,792,364,150 : 19%
2022-05-06 21:28:06 : 44,800,000 : 0 : 4,802,719,075 : 19%
2022-05-06 21:44:54 : 44,900,000 : 0 : 4,823,428,925 : 19%
2022-05-06 22:01:31 : 45,000,000 : 0 : 4,833,783,850 : 20%
2022-05-06 22:18:36 : 45,100,000 : 0 : 4,844,007,700 : 20%
2022-05-06 22:35:37 : 45,200,000 : 0 : 4,854,231,550 : 20%
2022-05-06 22:52:57 : 45,300,000 : 0 : 4,864,455,400 : 20%
2022-05-06 23:10:19 : 45,400,000 : 0 : 4,874,679,250 : 20%
2022-05-06 23:28:00 : 45,500,000 : 0 : 4,884,772,025 : 20%
2022-05-06 23:45:50 : 45,600,000 : 0 : 4,894,864,800 : 20%
2022-05-07 00:03:40 : 45,700,000 : 0 : 4,904,957,575 : 20%
2022-05-07 00:21:38 : 45,800,000 : 0 : 4,914,919,275 : 20%
2022-05-07 00:40:06 : 45,900,000 : 0 : 4,924,880,975 : 20%
2022-05-07 00:57:57 : 46,000,000 : 0 : 4,934,711,600 : 20%
2022-05-07 01:15:59 : 46,100,000 : 0 : 4,944,411,150 : 20%
2022-05-07 01:34:00 : 46,200,000 : 0 : 4,954,241,775 : 20%
2022-05-07 01:52:02 : 46,300,000 : 0 : 4,963,941,325 : 20%
2022-05-07 02:10:19 : 46,400,000 : 0 : 4,973,771,950 : 20%
2022-05-07 02:29:08 : 46,500,000 : 0 : 4,983,471,500 : 20%
2022-05-07 02:48:06 : 46,600,000 : 0 : 4,993,302,125 : 20%
2022-05-07 03:07:28 : 46,700,000 : 0 : 5,003,001,675 : 20%
2022-05-07 03:27:36 : 46,800,000 : 0 : 5,012,832,300 : 20%
2022-05-07 03:47:52 : 46,900,000 : 0 : 5,022,531,850 : 20%
2022-05-07 04:09:06 : 47,000,000 : 0 : 5,032,231,400 : 20%
2022-05-07 04:31:43 : 47,100,000 : 0 : 5,042,062,025 : 20%
2022-05-07 04:55:15 : 47,200,000 : 0 : 5,051,761,575 : 20%
2022-05-07 05:19:44 : 47,300,000 : 0 : 5,061,592,200 : 20%
2022-05-07 05:45:25 : 47,400,000 : 0 : 5,071,422,825 : 20%
2022-05-07 06:12:46 : 47,500,000 : 0 : 5,081,384,525 : 21%
2022-05-07 06:41:16 : 47,600,000 : 0 : 5,101,307,925 : 21%
2022-05-07 07:11:22 : 47,700,000 : 0 : 5,111,400,700 : 21%
2022-05-07 07:42:37 : 47,800,000 : 0 : 5,121,493,475 : 21%
2022-05-07 08:14:22 : 47,900,000 : 0 : 5,131,586,250 : 21%
2022-05-07 08:47:00 : 48,000,000 : 0 : 5,141,679,025 : 21%
2022-05-07 09:20:36 : 48,100,000 : 0 : 5,151,771,800 : 21%
2022-05-07 09:53:58 : 48,200,000 : 0 : 5,161,602,425 : 21%
2022-05-07 10:25:56 : 48,300,000 : 0 : 5,171,433,050 : 21%
2022-05-07 10:55:22 : 48,400,000 : 0 : 5,181,263,675 : 21%
2022-05-07 11:22:53 : 48,500,000 : 0 : 5,191,225,375 : 21%
2022-05-07 11:48:30 : 48,600,000 : 0 : 5,201,187,075 : 21%
2022-05-07 12:12:22 : 48,700,000 : 0 : 5,211,148,775 : 21%
2022-05-07 12:34:45 : 48,800,000 : 0 : 5,221,241,550 : 21%
2022-05-07 12:55:45 : 48,900,000 : 0 : 5,231,334,325 : 21%
2022-05-07 13:15:45 : 49,000,000 : 0 : 5,241,427,100 : 21%
2022-05-07 13:34:55 : 49,100,000 : 0 : 5,251,519,875 : 21%
2022-05-07 13:53:25 : 49,200,000 : 0 : 5,261,743,725 : 21%
2022-05-07 14:11:25 : 49,300,000 : 0 : 5,271,967,575 : 21%
2022-05-07 14:29:07 : 49,400,000 : 0 : 5,282,322,500 : 21%
2022-05-07 14:46:01 : 49,500,000 : 0 : 5,292,546,350 : 21%
2022-05-07 15:02:44 : 49,600,000 : 0 : 5,302,901,275 : 21%
2022-05-07 15:19:13 : 49,700,000 : 0 : 5,313,256,200 : 21%
2022-05-07 15:35:35 : 49,800,000 : 0 : 5,323,611,125 : 22%
2022-05-07 15:51:54 : 49,900,000 : 0 : 5,333,834,975 : 22%
2022-05-07 16:08:02 : 50,000,000 : 0 : 5,344,189,900 : 22%
2022-05-07 16:24:16 : 50,100,000 : 0 : 5,354,413,750 : 22%
2022-05-07 16:40:32 : 50,200,000 : 0 : 5,364,768,675 : 22%
2022-05-07 16:56:34 : 50,300,000 : 0 : 5,385,216,375 : 22%
2022-05-07 17:12:24 : 50,400,000 : 0 : 5,395,440,225 : 22%
2022-05-07 17:28:30 : 50,500,000 : 0 : 5,405,664,075 : 22%
2022-05-07 17:44:37 : 50,600,000 : 0 : 5,415,756,850 : 22%
2022-05-07 18:00:20 : 50,700,000 : 0 : 5,425,980,700 : 22%
2022-05-07 18:16:24 : 50,800,000 : 0 : 5,436,204,550 : 22%
2022-05-07 18:32:43 : 50,900,000 : 0 : 5,446,428,400 : 22%
2022-05-07 18:49:11 : 51,000,000 : 0 : 5,456,390,100 : 22%
2022-05-07 19:05:46 : 51,100,000 : 0 : 5,466,613,950 : 22%
2022-05-07 19:22:31 : 51,200,000 : 0 : 5,476,575,650 : 22%
2022-05-07 19:39:06 : 51,300,000 : 0 : 5,486,668,425 : 22%
2022-05-07 19:55:47 : 51,400,000 : 0 : 5,496,630,125 : 22%
2022-05-07 20:12:15 : 51,500,000 : 0 : 5,506,591,825 : 22%
2022-05-07 20:28:39 : 51,600,000 : 0 : 5,516,422,450 : 22%
2022-05-07 20:44:52 : 51,700,000 : 0 : 5,526,253,075 : 22%
2022-05-07 21:01:04 : 51,800,000 : 0 : 5,536,083,700 : 22%
2022-05-07 21:17:35 : 51,900,000 : 0 : 5,546,045,400 : 22%
2022-05-07 21:34:21 : 52,000,000 : 0 : 5,556,138,175 : 22%
2022-05-07 21:51:51 : 52,100,000 : 0 : 5,566,230,950 : 22%
2022-05-07 22:09:02 : 52,200,000 : 0 : 5,576,192,650 : 23%
2022-05-07 22:26:08 : 52,300,000 : 0 : 5,586,285,425 : 23%
2022-05-07 22:43:46 : 52,400,000 : 0 : 5,596,378,200 : 23%
2022-05-07 23:01:40 : 52,500,000 : 0 : 5,606,470,975 : 23%
2022-05-07 23:19:58 : 52,600,000 : 0 : 5,616,563,750 : 23%
2022-05-07 23:38:11 : 52,700,000 : 0 : 5,626,525,450 : 23%
2022-05-07 23:56:52 : 52,800,000 : 0 : 5,646,579,925 : 23%
2022-05-08 00:15:54 : 52,900,000 : 0 : 5,656,541,625 : 23%
2022-05-08 00:35:05 : 53,000,000 : 0 : 5,666,503,325 : 23%
2022-05-08 00:54:00 : 53,100,000 : 0 : 5,676,333,950 : 23%
2022-05-08 01:13:03 : 53,200,000 : 0 : 5,686,164,575 : 23%
2022-05-08 01:32:06 : 53,300,000 : 0 : 5,695,995,200 : 23%
2022-05-08 01:51:09 : 53,400,000 : 0 : 5,705,825,825 : 23%
2022-05-08 02:10:41 : 53,500,000 : 0 : 5,715,656,450 : 23%
2022-05-08 02:30:09 : 53,600,000 : 0 : 5,725,487,075 : 23%
2022-05-08 02:49:44 : 53,700,000 : 0 : 5,735,317,700 : 23%
2022-05-08 03:09:31 : 53,800,000 : 0 : 5,745,017,250 : 23%
2022-05-08 03:29:26 : 53,900,000 : 0 : 5,754,585,725 : 23%
2022-05-08 03:48:57 : 54,000,000 : 0 : 5,764,285,275 : 23%
2022-05-08 04:09:37 : 54,100,000 : 0 : 5,773,853,750 : 23%
2022-05-08 04:30:26 : 54,200,000 : 0 : 5,783,291,150 : 23%
2022-05-08 04:51:01 : 54,300,000 : 0 : 5,792,990,700 : 23%
2022-05-08 05:13:37 : 54,400,000 : 0 : 5,802,690,250 : 23%
2022-05-08 05:38:28 : 54,500,000 : 0 : 5,812,651,950 : 23%
2022-05-08 06:05:00 : 54,600,000 : 0 : 5,822,744,725 : 24%
2022-05-08 06:33:27 : 54,700,000 : 0 : 5,832,837,500 : 24%
2022-05-08 07:02:31 : 54,800,000 : 0 : 5,842,799,200 : 24%
2022-05-08 07:32:29 : 54,900,000 : 0 : 5,852,891,975 : 24%
2022-05-08 08:03:02 : 55,000,000 : 0 : 5,862,853,675 : 24%
2022-05-08 08:34:57 : 55,100,000 : 0 : 5,872,946,450 : 24%
2022-05-08 09:06:49 : 55,200,000 : 0 : 5,883,170,300 : 24%
2022-05-08 09:40:06 : 55,300,000 : 0 : 5,893,394,150 : 24%
2022-05-08 10:12:30 : 55,400,000 : 0 : 5,903,486,925 : 24%
2022-05-08 10:43:53 : 55,500,000 : 0 : 5,913,448,625 : 24%
2022-05-08 11:13:45 : 55,600,000 : 0 : 5,933,634,175 : 24%
2022-05-08 11:41:21 : 55,700,000 : 0 : 5,943,595,875 : 24%
2022-05-08 12:06:44 : 55,800,000 : 0 : 5,953,819,725 : 24%
2022-05-08 12:30:24 : 55,900,000 : 0 : 5,964,043,575 : 24%
2022-05-08 12:52:37 : 56,000,000 : 0 : 5,974,267,425 : 24%
2022-05-08 13:13:07 : 56,100,000 : 0 : 5,984,491,275 : 24%
2022-05-08 13:32:26 : 56,200,000 : 0 : 5,994,584,050 : 24%
2022-05-08 13:51:02 : 56,300,000 : 0 : 6,004,938,975 : 24%
2022-05-08 14:09:07 : 56,400,000 : 0 : 6,015,293,900 : 24%
2022-05-08 14:26:50 : 56,500,000 : 0 : 6,025,517,750 : 24%
2022-05-08 14:43:41 : 56,600,000 : 0 : 6,035,872,675 : 24%
2022-05-08 15:00:18 : 56,700,000 : 0 : 6,046,358,675 : 24%
2022-05-08 15:16:38 : 56,800,000 : 0 : 6,056,713,600 : 24%
2022-05-08 15:32:43 : 56,900,000 : 0 : 6,067,068,525 : 25%
2022-05-08 15:48:42 : 57,000,000 : 0 : 6,077,423,450 : 25%
2022-05-08 16:04:35 : 57,100,000 : 0 : 6,087,778,375 : 25%
2022-05-08 16:20:27 : 57,200,000 : 0 : 6,098,002,225 : 25%
2022-05-08 16:36:16 : 57,300,000 : 0 : 6,108,357,150 : 25%
2022-05-08 16:52:01 : 57,400,000 : 0 : 6,118,712,075 : 25%
2022-05-08 17:07:31 : 57,500,000 : 0 : 6,129,067,000 : 25%
2022-05-08 17:23:05 : 57,600,000 : 0 : 6,139,290,850 : 25%
2022-05-08 17:38:39 : 57,700,000 : 0 : 6,149,645,775 : 25%
2022-05-08 17:54:23 : 57,800,000 : 0 : 6,160,000,700 : 25%
2022-05-08 18:10:30 : 57,900,000 : 0 : 6,180,579,475 : 25%
2022-05-08 18:26:21 : 58,000,000 : 0 : 6,190,803,325 : 25%
2022-05-08 18:42:29 : 58,100,000 : 0 : 6,201,027,175 : 25%
2022-05-08 18:58:33 : 58,200,000 : 0 : 6,211,119,950 : 25%
2022-05-08 19:14:23 : 58,300,000 : 0 : 6,221,343,800 : 25%
2022-05-08 19:30:12 : 58,400,000 : 0 : 6,231,436,575 : 25%
2022-05-08 19:46:17 : 58,500,000 : 0 : 6,241,660,425 : 25%
2022-05-08 20:02:25 : 58,600,000 : 0 : 6,251,622,125 : 25%
2022-05-08 20:18:38 : 58,700,000 : 0 : 6,261,583,825 : 25%
2022-05-08 20:34:35 : 58,800,000 : 0 : 6,271,414,450 : 25%
2022-05-08 20:50:23 : 58,900,000 : 0 : 6,281,376,150 : 25%
2022-05-08 21:06:49 : 59,000,000 : 0 : 6,291,337,850 : 25%
2022-05-08 21:22:16 : 59,100,000 : 0 : 6,301,037,400 : 25%
2022-05-08 21:37:55 : 59,200,000 : 0 : 6,310,999,100 : 26%
2022-05-08 21:53:51 : 59,300,000 : 0 : 6,320,960,800 : 26%
2022-05-08 22:10:05 : 59,400,000 : 0 : 6,330,922,500 : 26%
2022-05-08 22:27:00 : 59,500,000 : 0 : 6,341,015,275 : 26%
2022-05-08 22:44:23 : 59,600,000 : 0 : 6,350,976,975 : 26%
2022-05-08 23:02:10 : 59,700,000 : 0 : 6,361,069,750 : 26%
2022-05-08 23:19:51 : 59,800,000 : 0 : 6,371,031,450 : 26%
2022-05-08 23:37:32 : 59,900,000 : 0 : 6,381,124,225 : 26%
2022-05-08 23:56:01 : 60,000,000 : 0 : 6,391,348,075 : 26%
2022-05-09 00:14:19 : 60,100,000 : 0 : 6,401,309,775 : 26%
2022-05-09 00:32:12 : 60,200,000 : 0 : 6,411,271,475 : 26%
2022-05-09 00:50:16 : 60,300,000 : 0 : 6,431,194,875 : 26%
2022-05-09 01:08:13 : 60,400,000 : 0 : 6,441,287,650 : 26%
2022-05-09 01:26:22 : 60,500,000 : 0 : 6,451,249,350 : 26%
2022-05-09 01:44:18 : 60,600,000 : 0 : 6,461,211,050 : 26%
2022-05-09 02:02:04 : 60,700,000 : 0 : 6,471,172,750 : 26%
2022-05-09 02:20:16 : 60,800,000 : 0 : 6,481,134,450 : 26%
2022-05-09 02:38:38 : 60,900,000 : 0 : 6,491,227,225 : 26%
2022-05-09 02:57:36 : 61,000,000 : 0 : 6,501,451,075 : 26%
2022-05-09 03:17:44 : 61,100,000 : 0 : 6,511,543,850 : 26%
2022-05-09 03:38:28 : 61,200,000 : 0 : 6,521,636,625 : 26%
2022-05-09 04:00:09 : 61,300,000 : 0 : 6,531,860,475 : 26%
2022-05-09 04:22:37 : 61,400,000 : 0 : 6,542,084,325 : 26%
2022-05-09 04:46:01 : 61,500,000 : 0 : 6,552,177,100 : 26%
2022-05-09 05:10:31 : 61,600,000 : 0 : 6,562,269,875 : 27%
2022-05-09 05:36:05 : 61,700,000 : 0 : 6,572,493,725 : 27%
2022-05-09 06:03:52 : 61,800,000 : 0 : 6,582,848,650 : 27%
2022-05-09 06:32:49 : 61,900,000 : 0 : 6,593,203,575 : 27%
2022-05-09 07:02:30 : 62,000,000 : 0 : 6,603,427,425 : 27%
2022-05-09 07:33:53 : 62,100,000 : 0 : 6,613,913,425 : 27%
2022-05-09 08:06:51 : 62,200,000 : 0 : 6,624,268,350 : 27%
2022-05-09 08:40:40 : 62,300,000 : 0 : 6,634,623,275 : 27%
2022-05-09 09:14:27 : 62,400,000 : 0 : 6,644,978,200 : 27%
2022-05-09 09:47:15 : 62,500,000 : 0 : 6,655,333,125 : 27%
2022-05-09 10:18:51 : 62,600,000 : 0 : 6,665,819,125 : 27%
2022-05-09 10:48:06 : 62,700,000 : 0 : 6,686,397,900 : 27%
2022-05-09 11:14:41 : 62,800,000 : 0 : 6,696,752,825 : 27%
2022-05-09 11:39:19 : 62,900,000 : 0 : 6,707,107,750 : 27%
2022-05-09 12:01:59 : 63,000,000 : 0 : 6,717,593,750 : 27%
2022-05-09 12:23:30 : 63,100,000 : 0 : 6,728,079,750 : 27%
2022-05-09 12:43:39 : 63,200,000 : 0 : 6,738,565,750 : 27%
2022-05-09 13:02:28 : 63,300,000 : 0 : 6,749,051,750 : 27%
2022-05-09 13:20:30 : 63,400,000 : 0 : 6,759,537,750 : 27%
2022-05-09 13:37:47 : 63,500,000 : 0 : 6,770,154,825 : 27%
2022-05-09 13:54:21 : 63,600,000 : 0 : 6,780,771,900 : 27%
2022-05-09 14:10:34 : 63,700,000 : 0 : 6,791,257,900 : 27%
2022-05-09 14:26:03 : 63,800,000 : 0 : 6,801,743,900 : 27%
2022-05-09 14:41:21 : 63,900,000 : 0 : 6,812,360,975 : 28%
2022-05-09 14:56:26 : 64,000,000 : 0 : 6,822,978,050 : 28%
2022-05-09 15:11:15 : 64,100,000 : 0 : 6,833,726,200 : 28%
2022-05-09 15:26:01 : 64,200,000 : 0 : 6,844,212,200 : 28%
2022-05-09 15:40:43 : 64,300,000 : 0 : 6,854,829,275 : 28%
2022-05-09 15:55:05 : 64,400,000 : 0 : 6,865,577,425 : 28%
2022-05-09 16:09:36 : 64,500,000 : 0 : 6,876,194,500 : 28%
2022-05-09 16:23:56 : 64,600,000 : 0 : 6,886,811,575 : 28%
2022-05-09 16:38:30 : 64,700,000 : 0 : 6,897,428,650 : 28%
2022-05-09 16:52:56 : 64,800,000 : 0 : 6,918,793,875 : 28%
2022-05-09 17:07:22 : 64,900,000 : 0 : 6,929,542,025 : 28%
2022-05-09 17:21:49 : 65,000,000 : 0 : 6,940,028,025 : 28%
2022-05-09 17:36:20 : 65,100,000 : 0 : 6,950,776,175 : 28%
2022-05-09 17:50:59 : 65,200,000 : 0 : 6,961,393,250 : 28%
2022-05-09 18:05:40 : 65,300,000 : 0 : 6,972,010,325 : 28%
2022-05-09 18:20:43 : 65,400,000 : 0 : 6,982,627,400 : 28%
2022-05-09 18:35:32 : 65,500,000 : 0 : 6,993,244,475 : 28%
2022-05-09 18:50:17 : 65,600,000 : 0 : 7,003,730,475 : 28%
2022-05-09 19:05:05 : 65,700,000 : 0 : 7,014,347,550 : 28%
2022-05-09 19:19:59 : 65,800,000 : 0 : 7,024,964,625 : 28%
2022-05-09 19:34:47 : 65,900,000 : 0 : 7,035,450,625 : 28%
2022-05-09 19:49:26 : 66,000,000 : 0 : 7,045,936,625 : 28%
2022-05-09 20:04:12 : 66,100,000 : 0 : 7,056,422,625 : 29%
2022-05-09 20:19:16 : 66,200,000 : 0 : 7,066,908,625 : 29%
2022-05-09 20:34:06 : 66,300,000 : 0 : 7,077,525,700 : 29%
2022-05-09 20:49:04 : 66,400,000 : 0 : 7,088,011,700 : 29%
2022-05-09 21:04:19 : 66,500,000 : 0 : 7,098,497,700 : 29%
2022-05-09 21:19:53 : 66,600,000 : 0 : 7,109,114,775 : 29%
2022-05-09 21:35:31 : 66,700,000 : 0 : 7,119,600,775 : 29%
2022-05-09 21:50:58 : 66,800,000 : 0 : 7,140,572,775 : 29%
2022-05-09 22:06:50 : 66,900,000 : 0 : 7,150,927,700 : 29%
Decoding error with 134,217,728 bytes, reading another chunk
2022-05-09 22:22:52 : 67,000,000 : 0 : 7,171,768,625 : 29%
2022-05-09 22:39:13 : 67,100,000 : 0 : 7,171,768,625 : 29%
2022-05-09 22:55:43 : 67,200,000 : 0 : 7,182,123,550 : 29%
2022-05-09 23:12:26 : 67,300,000 : 0 : 7,192,478,475 : 29%
2022-05-09 23:29:15 : 67,400,000 : 0 : 7,202,571,250 : 29%
2022-05-09 23:45:46 : 67,500,000 : 0 : 7,212,664,025 : 29%
2022-05-10 00:02:26 : 67,600,000 : 0 : 7,222,756,800 : 29%
2022-05-10 00:19:02 : 67,700,000 : 0 : 7,232,849,575 : 29%
2022-05-10 00:35:18 : 67,800,000 : 0 : 7,242,811,275 : 29%
2022-05-10 00:51:35 : 67,900,000 : 0 : 7,252,772,975 : 29%
2022-05-10 01:08:13 : 68,000,000 : 0 : 7,262,734,675 : 29%
2022-05-10 01:24:22 : 68,100,000 : 0 : 7,272,696,375 : 29%
2022-05-10 01:40:23 : 68,200,000 : 0 : 7,282,527,000 : 29%
2022-05-10 01:56:23 : 68,300,000 : 0 : 7,292,226,550 : 29%
2022-05-10 02:12:33 : 68,400,000 : 0 : 7,302,188,250 : 30%
2022-05-10 02:29:20 : 68,500,000 : 0 : 7,312,149,950 : 30%
2022-05-10 02:46:49 : 68,600,000 : 0 : 7,322,242,725 : 30%
2022-05-10 03:04:28 : 68,700,000 : 0 : 7,332,204,425 : 30%
2022-05-10 03:22:43 : 68,800,000 : 0 : 7,342,166,125 : 30%
2022-05-10 03:41:21 : 68,900,000 : 0 : 7,352,127,825 : 30%
2022-05-10 04:00:25 : 69,000,000 : 0 : 7,361,958,450 : 30%
2022-05-10 04:20:16 : 69,100,000 : 0 : 7,371,658,000 : 30%
2022-05-10 04:40:24 : 69,200,000 : 0 : 7,381,357,550 : 30%
2022-05-10 05:02:24 : 69,300,000 : 0 : 7,401,412,025 : 30%
2022-05-10 05:26:17 : 69,400,000 : 0 : 7,411,635,875 : 30%
2022-05-10 05:51:10 : 69,500,000 : 0 : 7,421,859,725 : 30%
2022-05-10 06:17:44 : 69,600,000 : 0 : 7,432,214,650 : 30%
2022-05-10 06:45:24 : 69,700,000 : 0 : 7,442,438,500 : 30%
2022-05-10 07:14:27 : 69,800,000 : 0 : 7,452,662,350 : 30%
2022-05-10 07:45:47 : 69,900,000 : 0 : 7,463,017,275 : 30%
2022-05-10 08:17:53 : 70,000,000 : 0 : 7,473,372,200 : 30%
2022-05-10 08:50:16 : 70,100,000 : 0 : 7,483,727,125 : 30%
2022-05-10 09:22:34 : 70,200,000 : 0 : 7,494,082,050 : 30%
2022-05-10 09:54:30 : 70,300,000 : 0 : 7,504,305,900 : 30%
2022-05-10 10:23:47 : 70,400,000 : 0 : 7,514,529,750 : 30%
2022-05-10 10:51:17 : 70,500,000 : 0 : 7,524,753,600 : 30%
2022-05-10 11:16:42 : 70,600,000 : 0 : 7,535,108,525 : 30%
2022-05-10 11:39:57 : 70,700,000 : 0 : 7,545,463,450 : 30%
2022-05-10 12:01:42 : 70,800,000 : 0 : 7,555,818,375 : 31%
2022-05-10 12:22:28 : 70,900,000 : 0 : 7,566,304,375 : 31%
2022-05-10 12:42:01 : 71,000,000 : 0 : 7,576,790,375 : 31%
2022-05-10 13:00:30 : 71,100,000 : 0 : 7,587,276,375 : 31%
2022-05-10 13:18:03 : 71,200,000 : 0 : 7,597,893,450 : 31%
2022-05-10 13:35:09 : 71,300,000 : 0 : 7,608,510,525 : 31%
2022-05-10 13:51:31 : 71,400,000 : 0 : 7,619,127,600 : 31%
2022-05-10 14:07:35 : 71,500,000 : 0 : 7,640,492,825 : 31%
2022-05-10 14:23:11 : 71,600,000 : 0 : 7,651,240,975 : 31%
2022-05-10 14:38:19 : 71,700,000 : 0 : 7,661,858,050 : 31%
2022-05-10 14:52:57 : 71,800,000 : 0 : 7,672,606,200 : 31%
2022-05-10 15:07:31 : 71,900,000 : 0 : 7,682,961,125 : 31%
2022-05-10 15:21:34 : 72,000,000 : 0 : 7,693,578,200 : 31%
2022-05-10 15:36:00 : 72,100,000 : 0 : 7,704,195,275 : 31%
2022-05-10 15:50:17 : 72,200,000 : 0 : 7,714,943,425 : 31%
2022-05-10 16:04:27 : 72,300,000 : 0 : 7,725,560,500 : 31%
2022-05-10 16:18:48 : 72,400,000 : 0 : 7,736,177,575 : 31%
2022-05-10 16:32:52 : 72,500,000 : 0 : 7,746,794,650 : 31%
2022-05-10 16:46:59 : 72,600,000 : 0 : 7,757,542,800 : 31%
2022-05-10 17:01:17 : 72,700,000 : 0 : 7,768,290,950 : 31%
2022-05-10 17:16:18 : 72,800,000 : 0 : 7,779,039,100 : 31%
2022-05-10 17:31:12 : 72,900,000 : 0 : 7,789,656,175 : 31%
2022-05-10 17:46:04 : 73,000,000 : 0 : 7,800,273,250 : 32%
2022-05-10 18:00:39 : 73,100,000 : 0 : 7,810,890,325 : 32%
2022-05-10 18:15:13 : 73,200,000 : 0 : 7,821,507,400 : 32%
2022-05-10 18:30:11 : 73,300,000 : 0 : 7,831,993,400 : 32%
2022-05-10 18:44:56 : 73,400,000 : 0 : 7,842,610,475 : 32%
2022-05-10 18:59:34 : 73,500,000 : 0 : 7,853,227,550 : 32%
2022-05-10 19:14:09 : 73,600,000 : 0 : 7,874,199,550 : 32%
2022-05-10 19:28:34 : 73,700,000 : 0 : 7,884,554,475 : 32%
2022-05-10 19:42:54 : 73,800,000 : 0 : 7,894,909,400 : 32%
2022-05-10 19:57:04 : 73,900,000 : 0 : 7,905,264,325 : 32%
2022-05-10 20:11:19 : 74,000,000 : 0 : 7,915,750,325 : 32%
2022-05-10 20:25:31 : 74,100,000 : 0 : 7,926,105,250 : 32%
2022-05-10 20:40:02 : 74,200,000 : 0 : 7,936,460,175 : 32%
2022-05-10 20:54:32 : 74,300,000 : 0 : 7,946,815,100 : 32%
2022-05-10 21:09:19 : 74,400,000 : 0 : 7,957,170,025 : 32%
2022-05-10 21:24:03 : 74,500,000 : 0 : 7,967,656,025 : 32%
2022-05-10 21:39:14 : 74,600,000 : 0 : 7,978,010,950 : 32%
2022-05-10 21:54:33 : 74,700,000 : 0 : 7,988,496,950 : 32%
2022-05-10 22:10:14 : 74,800,000 : 0 : 7,998,851,875 : 32%
2022-05-10 22:26:08 : 74,900,000 : 0 : 8,009,206,800 : 32%
2022-05-10 22:42:02 : 75,000,000 : 0 : 8,019,561,725 : 32%
2022-05-10 22:57:55 : 75,100,000 : 0 : 8,029,785,575 : 32%
2022-05-10 23:14:17 : 75,200,000 : 0 : 8,040,140,500 : 32%
2022-05-10 23:30:39 : 75,300,000 : 0 : 8,050,364,350 : 33%
2022-05-10 23:47:00 : 75,400,000 : 0 : 8,060,457,125 : 33%
2022-05-11 00:03:13 : 75,500,000 : 0 : 8,070,549,900 : 33%
2022-05-11 00:19:38 : 75,600,000 : 0 : 8,080,642,675 : 33%
2022-05-11 00:35:59 : 75,700,000 : 0 : 8,090,604,375 : 33%
2022-05-11 00:52:30 : 75,800,000 : 0 : 8,100,697,150 : 33%
2022-05-11 01:09:07 : 75,900,000 : 0 : 8,120,620,550 : 33%
2022-05-11 01:25:34 : 76,000,000 : 0 : 8,130,582,250 : 33%
2022-05-11 01:42:04 : 76,100,000 : 0 : 8,140,543,950 : 33%
2022-05-11 01:58:31 : 76,200,000 : 0 : 8,150,374,575 : 33%
2022-05-11 02:15:06 : 76,300,000 : 0 : 8,160,336,275 : 33%
2022-05-11 02:31:35 : 76,400,000 : 0 : 8,170,297,975 : 33%
2022-05-11 02:48:32 : 76,500,000 : 0 : 8,180,128,600 : 33%
2022-05-11 03:05:43 : 76,600,000 : 0 : 8,190,221,375 : 33%
2022-05-11 03:24:06 : 76,700,000 : 0 : 8,200,314,150 : 33%
2022-05-11 03:42:34 : 76,800,000 : 0 : 8,210,144,775 : 33%
2022-05-11 04:01:39 : 76,900,000 : 0 : 8,220,106,475 : 33%
2022-05-11 04:21:30 : 77,000,000 : 0 : 8,230,199,250 : 33%
2022-05-11 04:42:47 : 77,100,000 : 0 : 8,240,160,950 : 33%
2022-05-11 05:05:11 : 77,200,000 : 0 : 8,250,384,800 : 33%
2022-05-11 05:28:57 : 77,300,000 : 0 : 8,260,477,575 : 33%
2022-05-11 05:54:03 : 77,400,000 : 0 : 8,270,832,500 : 33%
2022-05-11 06:20:09 : 77,500,000 : 0 : 8,281,056,350 : 33%
2022-05-11 06:47:33 : 77,600,000 : 0 : 8,291,411,275 : 34%
2022-05-11 07:16:29 : 77,700,000 : 0 : 8,301,766,200 : 34%
2022-05-11 07:46:52 : 77,800,000 : 0 : 8,312,121,125 : 34%
2022-05-11 08:18:46 : 77,900,000 : 0 : 8,322,476,050 : 34%
2022-05-11 08:50:25 : 78,000,000 : 0 : 8,332,830,975 : 34%
2022-05-11 09:21:42 : 78,100,000 : 0 : 8,343,316,975 : 34%
2022-05-11 09:52:54 : 78,200,000 : 0 : 8,353,671,900 : 34%
2022-05-11 10:21:55 : 78,300,000 : 0 : 8,374,250,675 : 34%
2022-05-11 10:48:47 : 78,400,000 : 0 : 8,384,605,600 : 34%
2022-05-11 11:13:32 : 78,500,000 : 0 : 8,394,960,525 : 34%
2022-05-11 11:36:05 : 78,600,000 : 0 : 8,405,315,450 : 34%
2022-05-11 11:57:12 : 78,700,000 : 0 : 8,415,670,375 : 34%
2022-05-11 12:17:12 : 78,800,000 : 0 : 8,426,156,375 : 34%
2022-05-11 12:35:47 : 78,900,000 : 0 : 8,436,511,300 : 34%
2022-05-11 12:53:24 : 79,000,000 : 0 : 8,447,128,375 : 34%
2022-05-11 13:10:21 : 79,100,000 : 0 : 8,457,614,375 : 34%
2022-05-11 13:26:46 : 79,200,000 : 0 : 8,468,231,450 : 34%
2022-05-11 13:42:55 : 79,300,000 : 0 : 8,478,848,525 : 34%
2022-05-11 13:58:23 : 79,400,000 : 0 : 8,489,465,600 : 34%
2022-05-11 14:13:39 : 79,500,000 : 0 : 8,500,082,675 : 34%
2022-05-11 14:28:26 : 79,600,000 : 0 : 8,510,699,750 : 34%
2022-05-11 14:42:59 : 79,700,000 : 0 : 8,521,316,825 : 34%
2022-05-11 14:57:31 : 79,800,000 : 0 : 8,532,064,975 : 34%
2022-05-11 15:11:56 : 79,900,000 : 0 : 8,542,682,050 : 35%
2022-05-11 15:26:06 : 80,000,000 : 0 : 8,553,299,125 : 35%
2022-05-11 15:40:16 : 80,100,000 : 0 : 8,564,047,275 : 35%
2022-05-11 15:54:19 : 80,200,000 : 0 : 8,574,664,350 : 35%
2022-05-11 16:08:25 : 80,300,000 : 0 : 8,585,412,500 : 35%
2022-05-11 16:22:30 : 80,400,000 : 0 : 8,606,777,725 : 35%
2022-05-11 16:36:22 : 80,500,000 : 0 : 8,617,525,875 : 35%
2022-05-11 16:50:21 : 80,600,000 : 0 : 8,628,142,950 : 35%
2022-05-11 17:04:20 : 80,700,000 : 0 : 8,638,760,025 : 35%
2022-05-11 17:18:23 : 80,800,000 : 0 : 8,649,377,100 : 35%
2022-05-11 17:32:24 : 80,900,000 : 0 : 8,659,863,100 : 35%
2022-05-11 17:46:25 : 81,000,000 : 0 : 8,670,480,175 : 35%
2022-05-11 18:00:37 : 81,100,000 : 0 : 8,681,097,250 : 35%
2022-05-11 18:15:11 : 81,200,000 : 0 : 8,691,714,325 : 35%
2022-05-11 18:29:33 : 81,300,000 : 0 : 8,702,331,400 : 35%
2022-05-11 18:44:00 : 81,400,000 : 0 : 8,712,817,400 : 35%
2022-05-11 18:58:23 : 81,500,000 : 0 : 8,723,303,400 : 35%
2022-05-11 19:12:40 : 81,600,000 : 0 : 8,733,789,400 : 35%
2022-05-11 19:26:47 : 81,700,000 : 0 : 8,744,144,325 : 35%
2022-05-11 19:40:45 : 81,800,000 : 0 : 8,754,499,250 : 35%
2022-05-11 19:54:40 : 81,900,000 : 0 : 8,764,985,250 : 35%
2022-05-11 20:08:47 : 82,000,000 : 0 : 8,775,340,175 : 35%
2022-05-11 20:23:08 : 82,100,000 : 0 : 8,785,695,100 : 36%
2022-05-11 20:37:28 : 82,200,000 : 0 : 8,796,181,100 : 36%
2022-05-11 20:51:54 : 82,300,000 : 0 : 8,806,536,025 : 36%
2022-05-11 21:06:18 : 82,400,000 : 0 : 8,817,022,025 : 36%
2022-05-11 21:20:43 : 82,500,000 : 0 : 8,837,862,950 : 36%
2022-05-11 21:35:32 : 82,600,000 : 0 : 8,848,217,875 : 36%
2022-05-11 21:50:46 : 82,700,000 : 0 : 8,858,703,875 : 36%
2022-05-11 22:06:05 : 82,800,000 : 0 : 8,869,058,800 : 36%
2022-05-11 22:21:55 : 82,900,000 : 0 : 8,879,413,725 : 36%
2022-05-11 22:37:49 : 83,000,000 : 0 : 8,889,768,650 : 36%
2022-05-11 22:54:02 : 83,100,000 : 0 : 8,899,992,500 : 36%
2022-05-11 23:10:31 : 83,200,000 : 0 : 8,910,216,350 : 36%
2022-05-11 23:27:58 : 83,300,000 : 0 : 8,920,571,275 : 36%
2022-05-11 23:44:47 : 83,400,000 : 0 : 8,930,664,050 : 36%
2022-05-12 00:01:48 : 83,500,000 : 0 : 8,940,887,900 : 36%
2022-05-12 00:18:47 : 83,600,000 : 0 : 8,950,849,600 : 36%
2022-05-12 00:35:25 : 83,700,000 : 0 : 8,960,811,300 : 36%
2022-05-12 00:51:45 : 83,800,000 : 0 : 8,970,641,925 : 36%
2022-05-12 01:08:06 : 83,900,000 : 0 : 8,980,603,625 : 36%
2022-05-12 01:24:23 : 84,000,000 : 0 : 8,990,434,250 : 36%
2022-05-12 01:40:05 : 84,100,000 : 0 : 9,000,002,725 : 36%
2022-05-12 01:55:44 : 84,200,000 : 0 : 9,009,833,350 : 36%
2022-05-12 02:12:12 : 84,300,000 : 0 : 9,019,795,050 : 36%
2022-05-12 02:29:06 : 84,400,000 : 0 : 9,029,756,750 : 36%
2022-05-12 02:46:21 : 84,500,000 : 0 : 9,039,587,375 : 37%
2022-05-12 03:04:13 : 84,600,000 : 0 : 9,049,680,150 : 37%
2022-05-12 03:22:19 : 84,700,000 : 0 : 9,059,641,850 : 37%
2022-05-12 03:41:06 : 84,800,000 : 0 : 9,069,603,550 : 37%
2022-05-12 04:00:56 : 84,900,000 : 0 : 9,079,696,325 : 37%
2022-05-12 04:21:25 : 85,000,000 : 0 : 9,089,658,025 : 37%
2022-05-12 04:43:29 : 85,100,000 : 0 : 9,109,843,575 : 37%
2022-05-12 05:06:40 : 85,200,000 : 0 : 9,119,936,350 : 37%
2022-05-12 05:30:43 : 85,300,000 : 0 : 9,130,160,200 : 37%
2022-05-12 05:56:15 : 85,400,000 : 0 : 9,140,515,125 : 37%
2022-05-12 06:22:44 : 85,500,000 : 0 : 9,150,738,975 : 37%
2022-05-12 06:50:40 : 85,600,000 : 0 : 9,161,093,900 : 37%
2022-05-12 07:19:38 : 85,700,000 : 0 : 9,171,317,750 : 37%
2022-05-12 07:50:04 : 85,800,000 : 0 : 9,181,672,675 : 37%
2022-05-12 08:22:02 : 85,900,000 : 0 : 9,192,027,600 : 37%
2022-05-12 08:54:29 : 86,000,000 : 0 : 9,202,251,450 : 37%
2022-05-12 09:26:40 : 86,100,000 : 0 : 9,212,606,375 : 37%
2022-05-12 09:57:43 : 86,200,000 : 0 : 9,222,961,300 : 37%
2022-05-12 10:27:14 : 86,300,000 : 0 : 9,233,185,150 : 37%
2022-05-12 10:54:17 : 86,400,000 : 0 : 9,243,409,000 : 37%
2022-05-12 11:18:55 : 86,500,000 : 0 : 9,253,763,925 : 37%
2022-05-12 11:41:28 : 86,600,000 : 0 : 9,264,118,850 : 37%
2022-05-12 12:02:50 : 86,700,000 : 0 : 9,274,473,775 : 37%
2022-05-12 12:22:47 : 86,800,000 : 0 : 9,284,828,700 : 38%
2022-05-12 12:41:35 : 86,900,000 : 0 : 9,295,314,700 : 38%
2022-05-12 12:59:29 : 87,000,000 : 0 : 9,305,800,700 : 38%
2022-05-12 13:16:42 : 87,100,000 : 0 : 9,316,417,775 : 38%
2022-05-12 13:33:31 : 87,200,000 : 0 : 9,326,903,775 : 38%
2022-05-12 13:49:25 : 87,300,000 : 0 : 9,337,520,850 : 38%
2022-05-12 14:04:56 : 87,400,000 : 0 : 9,358,623,925 : 38%
2022-05-12 14:19:59 : 87,500,000 : 0 : 9,368,978,850 : 38%
2022-05-12 14:34:11 : 87,600,000 : 0 : 9,379,464,850 : 38%
2022-05-12 14:48:30 : 87,700,000 : 0 : 9,390,081,925 : 38%
2022-05-12 15:02:48 : 87,800,000 : 0 : 9,400,699,000 : 38%
2022-05-12 15:17:08 : 87,900,000 : 0 : 9,411,185,000 : 38%
2022-05-12 15:31:25 : 88,000,000 : 0 : 9,421,933,150 : 38%
2022-05-12 15:45:40 : 88,100,000 : 0 : 9,432,550,225 : 38%
2022-05-12 15:59:47 : 88,200,000 : 0 : 9,443,167,300 : 38%
2022-05-12 16:13:53 : 88,300,000 : 0 : 9,453,784,375 : 38%
2022-05-12 16:27:53 : 88,400,000 : 0 : 9,464,401,450 : 38%
2022-05-12 16:42:04 : 88,500,000 : 0 : 9,475,149,600 : 38%
2022-05-12 16:56:12 : 88,600,000 : 0 : 9,485,766,675 : 38%
2022-05-12 17:10:27 : 88,700,000 : 0 : 9,496,514,825 : 38%
2022-05-12 17:24:55 : 88,800,000 : 0 : 9,507,131,900 : 38%
2022-05-12 17:39:30 : 88,900,000 : 0 : 9,517,880,050 : 38%
2022-05-12 17:53:56 : 89,000,000 : 0 : 9,528,366,050 : 39%
2022-05-12 18:08:26 : 89,100,000 : 0 : 9,538,852,050 : 39%
2022-05-12 18:22:59 : 89,200,000 : 0 : 9,549,469,125 : 39%
2022-05-12 18:37:35 : 89,300,000 : 0 : 9,559,955,125 : 39%
2022-05-12 18:52:04 : 89,400,000 : 0 : 9,581,058,200 : 39%
2022-05-12 19:06:33 : 89,500,000 : 0 : 9,591,282,050 : 39%
2022-05-12 19:20:32 : 89,600,000 : 0 : 9,601,505,900 : 39%
2022-05-12 19:34:13 : 89,700,000 : 0 : 9,611,860,825 : 39%
2022-05-12 19:47:59 : 89,800,000 : 0 : 9,622,084,675 : 39%
2022-05-12 20:01:40 : 89,900,000 : 0 : 9,632,439,600 : 39%
2022-05-12 20:15:58 : 90,000,000 : 0 : 9,642,794,525 : 39%
2022-05-12 20:30:04 : 90,100,000 : 0 : 9,653,018,375 : 39%
2022-05-12 20:44:30 : 90,200,000 : 0 : 9,663,373,300 : 39%
2022-05-12 20:59:10 : 90,300,000 : 0 : 9,673,859,300 : 39%
2022-05-12 21:14:02 : 90,400,000 : 0 : 9,684,083,150 : 39%
2022-05-12 21:28:56 : 90,500,000 : 0 : 9,694,438,075 : 39%
2022-05-12 21:44:01 : 90,600,000 : 0 : 9,704,661,925 : 39%
2022-05-12 21:59:18 : 90,700,000 : 0 : 9,715,016,850 : 39%
2022-05-12 22:15:00 : 90,800,000 : 0 : 9,725,371,775 : 39%
2022-05-12 22:31:06 : 90,900,000 : 0 : 9,735,595,625 : 39%
2022-05-12 22:47:25 : 91,000,000 : 0 : 9,745,950,550 : 39%
2022-05-12 23:03:49 : 91,100,000 : 0 : 9,756,174,400 : 39%
2022-05-12 23:20:13 : 91,200,000 : 0 : 9,766,267,175 : 39%
2022-05-12 23:36:31 : 91,300,000 : 0 : 9,776,359,950 : 40%
2022-05-12 23:53:20 : 91,400,000 : 0 : 9,786,321,650 : 40%
2022-05-13 00:10:35 : 91,500,000 : 0 : 9,796,414,425 : 40%
2022-05-13 00:27:12 : 91,600,000 : 0 : 9,816,337,825 : 40%
2022-05-13 00:43:55 : 91,700,000 : 0 : 9,826,168,450 : 40%
2022-05-13 01:00:40 : 91,800,000 : 0 : 9,836,130,150 : 40%
2022-05-13 01:17:26 : 91,900,000 : 0 : 9,845,829,700 : 40%
2022-05-13 01:33:52 : 92,000,000 : 0 : 9,855,660,325 : 40%
2022-05-13 01:50:39 : 92,100,000 : 0 : 9,865,622,025 : 40%
2022-05-13 02:07:37 : 92,200,000 : 0 : 9,875,452,650 : 40%
2022-05-13 02:24:47 : 92,300,000 : 0 : 9,885,283,275 : 40%
2022-05-13 02:42:08 : 92,400,000 : 0 : 9,895,244,975 : 40%
2022-05-13 02:59:48 : 92,500,000 : 0 : 9,904,944,525 : 40%
2022-05-13 03:17:15 : 92,600,000 : 0 : 9,914,644,075 : 40%
2022-05-13 03:35:16 : 92,700,000 : 0 : 9,924,474,700 : 40%
2022-05-13 03:54:20 : 92,800,000 : 0 : 9,934,305,325 : 40%
2022-05-13 04:13:43 : 92,900,000 : 0 : 9,944,004,875 : 40%
2022-05-13 04:34:13 : 93,000,000 : 0 : 9,953,966,575 : 40%
2022-05-13 04:55:53 : 93,100,000 : 0 : 9,963,797,200 : 40%
2022-05-13 05:18:28 : 93,200,000 : 0 : 9,973,758,900 : 40%
2022-05-13 05:42:25 : 93,300,000 : 0 : 9,983,720,600 : 40%
2022-05-13 06:07:57 : 93,400,000 : 0 : 9,993,944,450 : 40%
2022-05-13 06:34:57 : 93,500,000 : 0 : 10,004,168,300 : 40%
2022-05-13 07:03:10 : 93,600,000 : 0 : 10,014,392,150 : 40%
2022-05-13 07:33:13 : 93,700,000 : 0 : 10,024,747,075 : 41%
2022-05-13 08:03:55 : 93,800,000 : 0 : 10,034,970,925 : 41%
2022-05-13 08:35:20 : 93,900,000 : 0 : 10,045,325,850 : 41%
2022-05-13 09:07:11 : 94,000,000 : 0 : 10,055,549,700 : 41%
2022-05-13 09:39:00 : 94,100,000 : 0 : 10,065,904,625 : 41%
2022-05-13 10:09:49 : 94,200,000 : 0 : 10,076,128,475 : 41%
2022-05-13 10:38:25 : 94,300,000 : 0 : 10,096,707,250 : 41%
2022-05-13 11:04:26 : 94,400,000 : 0 : 10,106,931,100 : 41%
2022-05-13 11:28:17 : 94,500,000 : 0 : 10,117,154,950 : 41%
2022-05-13 11:50:12 : 94,600,000 : 0 : 10,127,509,875 : 41%
2022-05-13 12:10:59 : 94,700,000 : 0 : 10,137,864,800 : 41%
2022-05-13 12:30:33 : 94,800,000 : 0 : 10,148,350,800 : 41%
2022-05-13 12:49:02 : 94,900,000 : 0 : 10,158,836,800 : 41%
2022-05-13 13:06:46 : 95,000,000 : 0 : 10,169,322,800 : 41%
2022-05-13 13:23:48 : 95,100,000 : 0 : 10,179,939,875 : 41%
2022-05-13 13:40:22 : 95,200,000 : 0 : 10,190,425,875 : 41%
2022-05-13 13:56:21 : 95,300,000 : 0 : 10,201,174,025 : 41%
2022-05-13 14:12:02 : 95,400,000 : 0 : 10,211,791,100 : 41%
2022-05-13 14:27:13 : 95,500,000 : 0 : 10,222,277,100 : 41%
2022-05-13 14:42:01 : 95,600,000 : 0 : 10,232,894,175 : 41%
2022-05-13 14:56:51 : 95,700,000 : 0 : 10,243,511,250 : 41%
2022-05-13 15:11:35 : 95,800,000 : 0 : 10,254,128,325 : 41%
2022-05-13 15:26:11 : 95,900,000 : 0 : 10,264,745,400 : 41%
2022-05-13 15:40:44 : 96,000,000 : 0 : 10,275,362,475 : 42%
2022-05-13 15:55:05 : 96,100,000 : 0 : 10,285,848,475 : 42%
2022-05-13 16:09:29 : 96,200,000 : 0 : 10,296,465,550 : 42%
2022-05-13 16:23:51 : 96,300,000 : 0 : 10,307,082,625 : 42%
2022-05-13 16:38:06 : 96,400,000 : 0 : 10,317,568,625 : 42%
2022-05-13 16:52:07 : 96,500,000 : 0 : 10,338,802,775 : 42%
2022-05-13 17:06:29 : 96,600,000 : 0 : 10,349,288,775 : 42%
2022-05-13 17:20:43 : 96,700,000 : 0 : 10,359,774,775 : 42%
2022-05-13 17:35:03 : 96,800,000 : 0 : 10,370,260,775 : 42%
2022-05-13 17:49:45 : 96,900,000 : 0 : 10,380,746,775 : 42%
2022-05-13 18:04:31 : 97,000,000 : 0 : 10,391,232,775 : 42%
2022-05-13 18:19:30 : 97,100,000 : 0 : 10,401,718,775 : 42%
2022-05-13 18:34:30 : 97,200,000 : 0 : 10,412,204,775 : 42%
2022-05-13 18:49:31 : 97,300,000 : 0 : 10,422,559,700 : 42%
2022-05-13 19:04:43 : 97,400,000 : 0 : 10,433,045,700 : 42%
2022-05-13 19:20:02 : 97,500,000 : 0 : 10,443,400,625 : 42%
2022-05-13 19:35:07 : 97,600,000 : 0 : 10,453,755,550 : 42%
2022-05-13 19:50:25 : 97,700,000 : 0 : 10,464,110,475 : 42%
2022-05-13 20:05:47 : 97,800,000 : 0 : 10,474,596,475 : 42%
2022-05-13 20:21:35 : 97,900,000 : 0 : 10,484,951,400 : 42%
2022-05-13 20:37:18 : 98,000,000 : 0 : 10,495,437,400 : 42%
2022-05-13 20:53:13 : 98,100,000 : 0 : 10,505,792,325 : 42%
2022-05-13 21:09:16 : 98,200,000 : 0 : 10,516,278,325 : 43%
2022-05-13 21:25:36 : 98,300,000 : 0 : 10,526,633,250 : 43%
2022-05-13 21:41:55 : 98,400,000 : 0 : 10,536,857,100 : 43%
2022-05-13 21:58:26 : 98,500,000 : 0 : 10,547,212,025 : 43%
2022-05-13 22:14:56 : 98,600,000 : 0 : 10,557,304,800 : 43%
2022-05-13 22:31:46 : 98,700,000 : 0 : 10,567,659,725 : 43%
2022-05-13 22:48:53 : 98,800,000 : 0 : 10,587,976,350 : 43%
2022-05-13 23:06:07 : 98,900,000 : 0 : 10,598,200,200 : 43%
2022-05-13 23:23:44 : 99,000,000 : 0 : 10,608,292,975 : 43%
2022-05-13 23:41:23 : 99,100,000 : 0 : 10,618,385,750 : 43%
2022-05-13 23:59:26 : 99,200,000 : 0 : 10,628,347,450 : 43%
2022-05-14 00:17:21 : 99,300,000 : 0 : 10,638,178,075 : 43%
2022-05-14 00:35:11 : 99,400,000 : 0 : 10,648,139,775 : 43%
2022-05-14 00:53:08 : 99,500,000 : 0 : 10,657,970,400 : 43%
2022-05-14 01:11:15 : 99,600,000 : 0 : 10,667,801,025 : 43%
2022-05-14 01:29:28 : 99,700,000 : 0 : 10,677,631,650 : 43%
2022-05-14 01:47:25 : 99,800,000 : 0 : 10,687,331,200 : 43%
2022-05-14 02:05:16 : 99,900,000 : 0 : 10,697,161,825 : 43%
2022-05-14 02:23:35 : 100,000,000 : 0 : 10,706,992,450 : 43%
2022-05-14 02:42:23 : 100,100,000 : 0 : 10,716,692,000 : 43%
2022-05-14 03:01:44 : 100,200,000 : 0 : 10,726,522,625 : 43%
2022-05-14 03:21:04 : 100,300,000 : 0 : 10,736,222,175 : 43%
2022-05-14 03:41:28 : 100,400,000 : 0 : 10,746,183,875 : 43%
2022-05-14 04:02:36 : 100,500,000 : 0 : 10,756,014,500 : 43%
2022-05-14 04:24:20 : 100,600,000 : 0 : 10,765,714,050 : 44%
2022-05-14 04:46:18 : 100,700,000 : 0 : 10,775,413,600 : 44%
2022-05-14 05:10:34 : 100,800,000 : 0 : 10,785,375,300 : 44%
2022-05-14 05:36:07 : 100,900,000 : 0 : 10,795,337,000 : 44%
2022-05-14 06:02:47 : 101,000,000 : 0 : 10,805,298,700 : 44%
2022-05-14 06:30:41 : 101,100,000 : 0 : 10,815,260,400 : 44%
2022-05-14 07:00:05 : 101,200,000 : 0 : 10,825,353,175 : 44%
2022-05-14 07:30:28 : 101,300,000 : 0 : 10,835,445,950 : 44%
2022-05-14 08:02:00 : 101,400,000 : 0 : 10,855,500,425 : 44%
2022-05-14 08:34:08 : 101,500,000 : 0 : 10,865,593,200 : 44%
2022-05-14 09:06:55 : 101,600,000 : 0 : 10,875,554,900 : 44%
2022-05-14 09:40:05 : 101,700,000 : 0 : 10,885,385,525 : 44%
2022-05-14 10:12:16 : 101,800,000 : 0 : 10,895,478,300 : 44%
2022-05-14 10:43:10 : 101,900,000 : 0 : 10,905,308,925 : 44%
2022-05-14 11:12:11 : 102,000,000 : 0 : 10,915,401,700 : 44%
2022-05-14 11:39:01 : 102,100,000 : 0 : 10,925,625,550 : 44%
2022-05-14 12:04:09 : 102,200,000 : 0 : 10,935,718,325 : 44%
2022-05-14 12:27:42 : 102,300,000 : 0 : 10,945,942,175 : 44%
2022-05-14 12:49:54 : 102,400,000 : 0 : 10,956,166,025 : 44%
2022-05-14 13:11:05 : 102,500,000 : 0 : 10,966,520,950 : 44%
2022-05-14 13:30:59 : 102,600,000 : 0 : 10,976,744,800 : 44%
2022-05-14 13:50:01 : 102,700,000 : 0 : 10,987,099,725 : 44%
2022-05-14 14:08:20 : 102,800,000 : 0 : 10,997,323,575 : 44%
2022-05-14 14:26:19 : 102,900,000 : 0 : 11,007,678,500 : 44%
2022-05-14 14:43:50 : 103,000,000 : 0 : 11,018,033,425 : 45%
2022-05-14 15:01:11 : 103,100,000 : 0 : 11,028,388,350 : 45%
2022-05-14 15:18:16 : 103,200,000 : 0 : 11,038,874,350 : 45%
2022-05-14 15:34:59 : 103,300,000 : 0 : 11,049,229,275 : 45%
2022-05-14 15:51:27 : 103,400,000 : 0 : 11,059,584,200 : 45%
2022-05-14 16:07:51 : 103,500,000 : 0 : 11,069,939,125 : 45%
2022-05-14 16:23:55 : 103,600,000 : 0 : 11,080,294,050 : 45%
2022-05-14 16:40:02 : 103,700,000 : 0 : 11,090,648,975 : 45%
2022-05-14 16:56:17 : 103,800,000 : 0 : 11,101,003,900 : 45%
2022-05-14 17:12:52 : 103,900,000 : 0 : 11,121,713,750 : 45%
2022-05-14 17:29:24 : 104,000,000 : 0 : 11,131,937,600 : 45%
2022-05-14 17:45:56 : 104,100,000 : 0 : 11,142,030,375 : 45%
2022-05-14 18:02:19 : 104,200,000 : 0 : 11,152,123,150 : 45%
2022-05-14 18:18:40 : 104,300,000 : 0 : 11,162,215,925 : 45%
2022-05-14 18:35:24 : 104,400,000 : 0 : 11,172,308,700 : 45%
2022-05-14 18:51:53 : 104,500,000 : 0 : 11,182,532,550 : 45%
2022-05-14 19:08:43 : 104,600,000 : 0 : 11,192,625,325 : 45%
2022-05-14 19:25:47 : 104,700,000 : 0 : 11,202,718,100 : 45%
2022-05-14 19:42:47 : 104,800,000 : 0 : 11,212,810,875 : 45%
2022-05-14 19:59:49 : 104,900,000 : 0 : 11,222,772,575 : 45%
2022-05-14 20:16:31 : 105,000,000 : 0 : 11,232,734,275 : 45%
2022-05-14 20:33:18 : 105,100,000 : 0 : 11,242,695,975 : 45%
2022-05-14 20:50:01 : 105,200,000 : 0 : 11,252,657,675 : 45%
2022-05-14 21:06:38 : 105,300,000 : 0 : 11,262,619,375 : 46%
2022-05-14 21:23:30 : 105,400,000 : 0 : 11,272,581,075 : 46%
2022-05-14 21:40:11 : 105,500,000 : 0 : 11,282,542,775 : 46%
2022-05-14 21:57:10 : 105,600,000 : 0 : 11,292,504,475 : 46%
2022-05-14 22:14:03 : 105,700,000 : 0 : 11,302,204,025 : 46%
2022-05-14 22:31:08 : 105,800,000 : 0 : 11,312,034,650 : 46%
2022-05-14 22:48:07 : 105,900,000 : 0 : 11,321,734,200 : 46%
2022-05-14 23:04:49 : 106,000,000 : 0 : 11,331,433,750 : 46%
2022-05-14 23:21:43 : 106,100,000 : 0 : 11,341,264,375 : 46%
2022-05-14 23:39:02 : 106,200,000 : 0 : 11,351,226,075 : 46%
2022-05-14 23:56:51 : 106,300,000 : 0 : 11,361,187,775 : 46%
2022-05-15 00:15:13 : 106,400,000 : 0 : 11,371,149,475 : 46%
2022-05-15 00:33:37 : 106,500,000 : 0 : 11,390,941,800 : 46%
2022-05-15 00:51:47 : 106,600,000 : 0 : 11,400,903,500 : 46%
2022-05-15 01:10:43 : 106,700,000 : 0 : 11,410,734,125 : 46%
2022-05-15 01:29:46 : 106,800,000 : 0 : 11,420,564,750 : 46%
2022-05-15 01:49:00 : 106,900,000 : 0 : 11,430,395,375 : 46%
2022-05-15 02:07:15 : 107,000,000 : 0 : 11,440,226,000 : 46%
2022-05-15 02:26:25 : 107,100,000 : 0 : 11,450,187,700 : 46%
2022-05-15 02:45:54 : 107,200,000 : 0 : 11,460,149,400 : 46%
2022-05-15 03:05:55 : 107,300,000 : 0 : 11,469,980,025 : 46%
2022-05-15 03:26:38 : 107,400,000 : 0 : 11,479,941,725 : 46%
2022-05-15 03:47:45 : 107,500,000 : 0 : 11,489,772,350 : 46%
2022-05-15 04:09:27 : 107,600,000 : 0 : 11,499,602,975 : 46%
2022-05-15 04:32:04 : 107,700,000 : 0 : 11,509,433,600 : 47%
2022-05-15 04:55:00 : 107,800,000 : 0 : 11,519,264,225 : 47%
2022-05-15 05:20:00 : 107,900,000 : 0 : 11,529,357,000 : 47%
2022-05-15 05:46:18 : 108,000,000 : 0 : 11,539,318,700 : 47%
2022-05-15 06:14:12 : 108,100,000 : 0 : 11,549,280,400 : 47%
2022-05-15 06:42:59 : 108,200,000 : 0 : 11,559,373,175 : 47%
2022-05-15 07:12:33 : 108,300,000 : 0 : 11,569,334,875 : 47%
2022-05-15 07:43:14 : 108,400,000 : 0 : 11,579,296,575 : 47%
2022-05-15 08:14:12 : 108,500,000 : 0 : 11,589,389,350 : 47%
2022-05-15 08:45:22 : 108,600,000 : 0 : 11,599,482,125 : 47%
2022-05-15 09:16:42 : 108,700,000 : 0 : 11,609,443,825 : 47%
2022-05-15 09:48:30 : 108,800,000 : 0 : 11,619,536,600 : 47%
2022-05-15 10:19:55 : 108,900,000 : 0 : 11,629,498,300 : 47%
2022-05-15 10:50:12 : 109,000,000 : 0 : 11,639,591,075 : 47%
2022-05-15 11:19:10 : 109,100,000 : 0 : 11,649,683,850 : 47%
2022-05-15 11:45:34 : 109,200,000 : 0 : 11,669,738,325 : 47%
2022-05-15 12:09:28 : 109,300,000 : 0 : 11,679,831,100 : 47%
2022-05-15 12:32:25 : 109,400,000 : 0 : 11,690,054,950 : 47%
2022-05-15 12:53:50 : 109,500,000 : 0 : 11,700,409,875 : 47%
2022-05-15 13:14:11 : 109,600,000 : 0 : 11,710,764,800 : 47%
2022-05-15 13:33:49 : 109,700,000 : 0 : 11,720,988,650 : 47%
2022-05-15 13:52:20 : 109,800,000 : 0 : 11,731,343,575 : 47%
2022-05-15 14:10:03 : 109,900,000 : 0 : 11,741,567,425 : 47%
2022-05-15 14:27:20 : 110,000,000 : 0 : 11,751,922,350 : 47%
2022-05-15 14:44:07 : 110,100,000 : 0 : 11,762,146,200 : 48%
2022-05-15 15:00:40 : 110,200,000 : 0 : 11,772,501,125 : 48%
2022-05-15 15:17:12 : 110,300,000 : 0 : 11,782,987,125 : 48%
2022-05-15 15:33:44 : 110,400,000 : 0 : 11,793,342,050 : 48%
2022-05-15 15:49:48 : 110,500,000 : 0 : 11,803,828,050 : 48%
2022-05-15 16:05:35 : 110,600,000 : 0 : 11,814,314,050 : 48%
2022-05-15 16:21:13 : 110,700,000 : 0 : 11,824,668,975 : 48%
2022-05-15 16:36:40 : 110,800,000 : 0 : 11,835,154,975 : 48%
2022-05-15 16:52:25 : 110,900,000 : 0 : 11,845,509,900 : 48%
2022-05-15 17:08:05 : 111,000,000 : 0 : 11,855,995,900 : 48%
2022-05-15 17:23:50 : 111,100,000 : 0 : 11,866,350,825 : 48%
2022-05-15 17:39:25 : 111,200,000 : 0 : 11,876,705,750 : 48%
2022-05-15 17:55:17 : 111,300,000 : 0 : 11,887,060,675 : 48%
2022-05-15 18:11:03 : 111,400,000 : 0 : 11,897,415,600 : 48%
2022-05-15 18:26:57 : 111,500,000 : 0 : 11,918,125,450 : 48%
2022-05-15 18:43:10 : 111,600,000 : 0 : 11,928,480,375 : 48%
2022-05-15 18:59:13 : 111,700,000 : 0 : 11,938,835,300 : 48%
2022-05-15 19:15:25 : 111,800,000 : 0 : 11,949,190,225 : 48%
2022-05-15 19:31:42 : 111,900,000 : 0 : 11,959,414,075 : 48%
2022-05-15 19:47:48 : 112,000,000 : 0 : 11,969,637,925 : 48%
2022-05-15 20:03:49 : 112,100,000 : 0 : 11,979,730,700 : 48%
2022-05-15 20:19:51 : 112,200,000 : 0 : 11,989,823,475 : 48%
2022-05-15 20:35:42 : 112,300,000 : 0 : 11,999,916,250 : 48%
2022-05-15 20:51:10 : 112,400,000 : 0 : 12,010,009,025 : 49%
2022-05-15 21:06:52 : 112,500,000 : 0 : 12,020,101,800 : 49%
2022-05-15 21:22:53 : 112,600,000 : 0 : 12,030,063,500 : 49%
2022-05-15 21:38:37 : 112,700,000 : 0 : 12,040,025,200 : 49%
2022-05-15 21:54:26 : 112,800,000 : 0 : 12,050,117,975 : 49%
2022-05-15 22:10:24 : 112,900,000 : 0 : 12,060,079,675 : 49%
2022-05-15 22:27:00 : 113,000,000 : 0 : 12,070,303,525 : 49%
2022-05-15 22:44:03 : 113,100,000 : 0 : 12,080,527,375 : 49%
2022-05-15 23:01:35 : 113,200,000 : 0 : 12,090,620,150 : 49%
2022-05-15 23:19:22 : 113,300,000 : 0 : 12,100,844,000 : 49%
2022-05-15 23:37:12 : 113,400,000 : 0 : 12,110,936,775 : 49%
2022-05-15 23:55:17 : 113,500,000 : 0 : 12,121,160,625 : 49%
2022-05-16 00:13:25 : 113,600,000 : 0 : 12,131,122,325 : 49%
2022-05-16 00:31:22 : 113,700,000 : 0 : 12,141,215,100 : 49%
2022-05-16 00:48:33 : 113,800,000 : 0 : 12,150,914,650 : 49%
2022-05-16 01:04:56 : 113,900,000 : 0 : 12,170,444,825 : 49%
2022-05-16 01:21:47 : 114,000,000 : 0 : 12,180,013,300 : 49%
2022-05-16 01:38:12 : 114,100,000 : 0 : 12,189,581,775 : 49%
2022-05-16 01:54:49 : 114,200,000 : 0 : 12,199,281,325 : 49%
2022-05-16 02:11:33 : 114,300,000 : 0 : 12,208,849,800 : 49%
2022-05-16 02:28:26 : 114,400,000 : 0 : 12,218,811,500 : 49%
2022-05-16 02:46:36 : 114,500,000 : 0 : 12,228,904,275 : 49%
2022-05-16 03:05:28 : 114,600,000 : 0 : 12,238,734,900 : 49%
2022-05-16 03:25:25 : 114,700,000 : 0 : 12,248,827,675 : 50%
2022-05-16 03:46:22 : 114,800,000 : 0 : 12,258,920,450 : 50%
2022-05-16 04:08:10 : 114,900,000 : 0 : 12,268,882,150 : 50%
2022-05-16 04:30:37 : 115,000,000 : 0 : 12,278,974,925 : 50%
2022-05-16 04:53:40 : 115,100,000 : 0 : 12,288,936,625 : 50%
2022-05-16 05:17:12 : 115,200,000 : 0 : 12,298,898,325 : 50%
2022-05-16 05:42:37 : 115,300,000 : 0 : 12,309,122,175 : 50%
2022-05-16 06:09:32 : 115,400,000 : 0 : 12,319,214,950 : 50%
2022-05-16 06:38:04 : 115,500,000 : 0 : 12,329,569,875 : 50%
2022-05-16 07:07:13 : 115,600,000 : 0 : 12,339,662,650 : 50%
2022-05-16 07:38:14 : 115,700,000 : 0 : 12,349,886,500 : 50%
2022-05-16 08:10:08 : 115,800,000 : 0 : 12,360,241,425 : 50%
2022-05-16 08:43:21 : 115,900,000 : 0 : 12,370,596,350 : 50%
2022-05-16 09:16:39 : 116,000,000 : 0 : 12,380,951,275 : 50%
2022-05-16 09:49:49 : 116,100,000 : 0 : 12,391,306,200 : 50%
2022-05-16 10:20:54 : 116,200,000 : 0 : 12,401,661,125 : 50%
2022-05-16 10:49:54 : 116,300,000 : 0 : 12,412,016,050 : 50%
2022-05-16 11:16:05 : 116,400,000 : 0 : 12,432,594,825 : 50%
2022-05-16 11:40:07 : 116,500,000 : 0 : 12,443,080,825 : 50%
2022-05-16 12:02:42 : 116,600,000 : 0 : 12,453,435,750 : 50%
2022-05-16 12:24:23 : 116,700,000 : 0 : 12,464,052,825 : 50%
2022-05-16 12:44:36 : 116,800,000 : 0 : 12,474,538,825 : 50%
2022-05-16 13:03:35 : 116,900,000 : 0 : 12,485,024,825 : 50%
2022-05-16 13:22:02 : 117,000,000 : 0 : 12,495,641,900 : 51%
2022-05-16 13:39:50 : 117,100,000 : 0 : 12,506,127,900 : 51%
2022-05-16 13:56:47 : 117,200,000 : 0 : 12,516,876,050 : 51%
2022-05-16 14:13:17 : 117,300,000 : 0 : 12,527,493,125 : 51%
2022-05-16 14:29:13 : 117,400,000 : 0 : 12,538,110,200 : 51%
2022-05-16 14:44:48 : 117,500,000 : 0 : 12,548,858,350 : 51%
2022-05-16 15:00:09 : 117,600,000 : 0 : 12,559,475,425 : 51%
2022-05-16 15:15:19 : 117,700,000 : 0 : 12,570,092,500 : 51%
2022-05-16 15:30:26 : 117,800,000 : 0 : 12,580,840,650 : 51%
2022-05-16 15:45:20 : 117,900,000 : 0 : 12,591,457,725 : 51%
2022-05-16 16:00:03 : 118,000,000 : 0 : 12,602,205,875 : 51%
2022-05-16 16:14:45 : 118,100,000 : 0 : 12,612,822,950 : 51%
2022-05-16 16:29:20 : 118,200,000 : 0 : 12,623,440,025 : 51%
2022-05-16 16:43:42 : 118,300,000 : 0 : 12,634,188,175 : 51%
2022-05-16 16:57:58 : 118,400,000 : 0 : 12,644,805,250 : 51%
2022-05-16 17:12:21 : 118,500,000 : 0 : 12,666,170,475 : 51%
2022-05-16 17:26:52 : 118,600,000 : 0 : 12,676,787,550 : 51%
2022-05-16 17:41:16 : 118,700,000 : 0 : 12,687,404,625 : 51%
2022-05-16 17:55:29 : 118,800,000 : 0 : 12,698,021,700 : 51%
2022-05-16 18:09:42 : 118,900,000 : 0 : 12,708,638,775 : 51%
2022-05-16 18:24:09 : 119,000,000 : 0 : 12,719,255,850 : 51%
2022-05-16 18:38:47 : 119,100,000 : 0 : 12,729,872,925 : 51%
2022-05-16 18:53:33 : 119,200,000 : 0 : 12,740,490,000 : 51%
2022-05-16 19:08:24 : 119,300,000 : 0 : 12,750,976,000 : 52%
2022-05-16 19:23:21 : 119,400,000 : 0 : 12,761,593,075 : 52%
2022-05-16 19:38:16 : 119,500,000 : 0 : 12,772,079,075 : 52%
2022-05-16 19:52:55 : 119,600,000 : 0 : 12,782,565,075 : 52%
2022-05-16 20:07:47 : 119,700,000 : 0 : 12,792,920,000 : 52%
2022-05-16 20:22:36 : 119,800,000 : 0 : 12,803,537,075 : 52%
2022-05-16 20:37:35 : 119,900,000 : 0 : 12,814,154,150 : 52%
2022-05-16 20:52:17 : 120,000,000 : 0 : 12,824,771,225 : 52%
2022-05-16 21:06:59 : 120,100,000 : 0 : 12,835,257,225 : 52%
2022-05-16 21:22:22 : 120,200,000 : 0 : 12,845,874,300 : 52%
2022-05-16 21:37:57 : 120,300,000 : 0 : 12,856,622,450 : 52%
2022-05-16 21:53:43 : 120,400,000 : 0 : 12,867,239,525 : 52%
2022-05-16 22:09:43 : 120,500,000 : 0 : 12,877,856,600 : 52%
2022-05-16 22:25:55 : 120,600,000 : 0 : 12,888,473,675 : 52%
2022-05-16 22:42:30 : 120,700,000 : 0 : 12,898,828,600 : 52%
2022-05-16 22:59:30 : 120,800,000 : 0 : 12,909,314,600 : 52%
2022-05-16 23:16:45 : 120,900,000 : 0 : 12,919,669,525 : 52%
2022-05-16 23:34:22 : 121,000,000 : 0 : 12,930,155,525 : 52%
2022-05-16 23:52:16 : 121,100,000 : 0 : 12,950,865,375 : 52%
2022-05-17 00:10:25 : 121,200,000 : 0 : 12,961,220,300 : 52%
2022-05-17 00:28:42 : 121,300,000 : 0 : 12,971,444,150 : 52%
2022-05-17 00:46:50 : 121,400,000 : 0 : 12,981,799,075 : 52%
2022-05-17 01:04:54 : 121,500,000 : 0 : 12,991,891,850 : 53%
2022-05-17 01:23:04 : 121,600,000 : 0 : 13,002,115,700 : 53%
2022-05-17 01:41:23 : 121,700,000 : 0 : 13,012,339,550 : 53%
2022-05-17 01:59:38 : 121,800,000 : 0 : 13,022,432,325 : 53%
2022-05-17 02:17:49 : 121,900,000 : 0 : 13,032,656,175 : 53%
2022-05-17 02:36:17 : 122,000,000 : 0 : 13,042,748,950 : 53%
2022-05-17 02:55:28 : 122,100,000 : 0 : 13,052,972,800 : 53%
2022-05-17 03:15:07 : 122,200,000 : 0 : 13,063,196,650 : 53%
2022-05-17 03:35:35 : 122,300,000 : 0 : 13,073,289,425 : 53%
2022-05-17 03:57:08 : 122,400,000 : 0 : 13,083,513,275 : 53%
2022-05-17 04:19:49 : 122,500,000 : 0 : 13,093,737,125 : 53%
2022-05-17 04:43:34 : 122,600,000 : 0 : 13,103,960,975 : 53%
2022-05-17 05:07:53 : 122,700,000 : 0 : 13,114,315,900 : 53%
2022-05-17 05:33:51 : 122,800,000 : 0 : 13,124,539,750 : 53%
2022-05-17 06:01:00 : 122,900,000 : 0 : 13,134,894,675 : 53%
2022-05-17 06:29:44 : 123,000,000 : 0 : 13,145,249,600 : 53%
2022-05-17 07:00:15 : 123,100,000 : 0 : 13,155,604,525 : 53%
2022-05-17 07:31:50 : 123,200,000 : 0 : 13,166,090,525 : 53%
2022-05-17 08:04:41 : 123,300,000 : 0 : 13,176,576,525 : 53%
2022-05-17 08:38:40 : 123,400,000 : 0 : 13,197,417,450 : 53%
2022-05-17 09:11:58 : 123,500,000 : 0 : 13,207,903,450 : 53%
2022-05-17 09:45:02 : 123,600,000 : 0 : 13,218,258,375 : 53%
2022-05-17 10:16:04 : 123,700,000 : 0 : 13,228,613,300 : 53%
2022-05-17 10:45:09 : 123,800,000 : 0 : 13,238,968,225 : 54%
2022-05-17 11:11:30 : 123,900,000 : 0 : 13,249,454,225 : 54%
2022-05-17 11:35:51 : 124,000,000 : 0 : 13,259,940,225 : 54%
2022-05-17 11:58:45 : 124,100,000 : 0 : 13,270,295,150 : 54%
2022-05-17 12:20:00 : 124,200,000 : 0 : 13,280,781,150 : 54%
2022-05-17 12:40:08 : 124,300,000 : 0 : 13,291,398,225 : 54%
2022-05-17 12:59:10 : 124,400,000 : 0 : 13,302,015,300 : 54%
2022-05-17 13:17:27 : 124,500,000 : 0 : 13,312,632,375 : 54%
2022-05-17 13:35:06 : 124,600,000 : 0 : 13,323,380,525 : 54%
2022-05-17 13:51:59 : 124,700,000 : 0 : 13,333,997,600 : 54%
2022-05-17 14:08:25 : 124,800,000 : 0 : 13,344,745,750 : 54%
2022-05-17 14:24:04 : 124,900,000 : 0 : 13,355,362,825 : 54%
2022-05-17 14:39:44 : 125,000,000 : 0 : 13,366,110,975 : 54%
2022-05-17 14:54:53 : 125,100,000 : 0 : 13,376,859,125 : 54%
2022-05-17 15:10:07 : 125,200,000 : 0 : 13,387,607,275 : 54%
2022-05-17 15:25:22 : 125,300,000 : 0 : 13,398,355,425 : 54%
2022-05-17 15:40:25 : 125,400,000 : 0 : 13,409,103,575 : 54%
2022-05-17 15:55:18 : 125,500,000 : 0 : 13,419,851,725 : 54%
2022-05-17 16:10:28 : 125,600,000 : 0 : 13,441,216,950 : 54%
2022-05-17 16:25:19 : 125,700,000 : 0 : 13,451,834,025 : 54%
2022-05-17 16:39:49 : 125,800,000 : 0 : 13,462,451,100 : 54%
2022-05-17 16:54:23 : 125,900,000 : 0 : 13,473,068,175 : 54%
2022-05-17 17:08:55 : 126,000,000 : 0 : 13,483,685,250 : 54%
2022-05-17 17:23:31 : 126,100,000 : 0 : 13,494,171,250 : 55%
2022-05-17 17:38:05 : 126,200,000 : 0 : 13,504,657,250 : 55%
2022-05-17 17:52:19 : 126,300,000 : 0 : 13,515,274,325 : 55%
2022-05-17 18:07:02 : 126,400,000 : 0 : 13,525,891,400 : 55%
2022-05-17 18:21:55 : 126,500,000 : 0 : 13,536,377,400 : 55%
2022-05-17 18:36:41 : 126,600,000 : 0 : 13,546,994,475 : 55%
2022-05-17 18:51:28 : 126,700,000 : 0 : 13,557,480,475 : 55%
2022-05-17 19:06:16 : 126,800,000 : 0 : 13,567,966,475 : 55%
2022-05-17 19:21:01 : 126,900,000 : 0 : 13,578,452,475 : 55%
2022-05-17 19:35:58 : 127,000,000 : 0 : 13,588,938,475 : 55%
2022-05-17 19:50:52 : 127,100,000 : 0 : 13,599,424,475 : 55%
2022-05-17 20:05:51 : 127,200,000 : 0 : 13,609,910,475 : 55%
2022-05-17 20:20:53 : 127,300,000 : 0 : 13,620,396,475 : 55%
2022-05-17 20:36:06 : 127,400,000 : 0 : 13,630,882,475 : 55%
2022-05-17 20:51:06 : 127,500,000 : 0 : 13,641,368,475 : 55%
2022-05-17 21:06:13 : 127,600,000 : 0 : 13,651,854,475 : 55%
2022-05-17 21:21:37 : 127,700,000 : 0 : 13,672,826,475 : 55%
2022-05-17 21:37:13 : 127,800,000 : 0 : 13,683,312,475 : 55%
2022-05-17 21:53:03 : 127,900,000 : 0 : 13,693,798,475 : 55%
2022-05-17 22:09:11 : 128,000,000 : 0 : 13,704,153,400 : 55%
2022-05-17 22:25:44 : 128,100,000 : 0 : 13,714,508,325 : 55%
2022-05-17 22:42:27 : 128,200,000 : 0 : 13,724,863,250 : 55%
2022-05-17 22:59:28 : 128,300,000 : 0 : 13,735,218,175 : 56%
2022-05-17 23:16:39 : 128,400,000 : 0 : 13,745,442,025 : 56%
2022-05-17 23:33:53 : 128,500,000 : 0 : 13,755,665,875 : 56%
2022-05-17 23:51:27 : 128,600,000 : 0 : 13,765,889,725 : 56%
2022-05-18 00:09:06 : 128,700,000 : 0 : 13,776,113,575 : 56%
2022-05-18 00:26:19 : 128,800,000 : 0 : 13,786,206,350 : 56%
2022-05-18 00:43:30 : 128,900,000 : 0 : 13,796,299,125 : 56%
2022-05-18 01:00:42 : 129,000,000 : 0 : 13,806,260,825 : 56%
2022-05-18 01:17:56 : 129,100,000 : 0 : 13,816,222,525 : 56%
2022-05-18 01:34:49 : 129,200,000 : 0 : 13,826,184,225 : 56%
2022-05-18 01:51:43 : 129,300,000 : 0 : 13,836,145,925 : 56%
2022-05-18 02:09:02 : 129,400,000 : 0 : 13,846,107,625 : 56%
2022-05-18 02:26:12 : 129,500,000 : 0 : 13,855,938,250 : 56%
2022-05-18 02:43:50 : 129,600,000 : 0 : 13,865,899,950 : 56%
2022-05-18 03:02:06 : 129,700,000 : 0 : 13,875,861,650 : 56%
2022-05-18 03:20:42 : 129,800,000 : 0 : 13,885,823,350 : 56%
2022-05-18 03:40:29 : 129,900,000 : 0 : 13,895,916,125 : 56%
2022-05-18 04:01:10 : 130,000,000 : 0 : 13,906,008,900 : 56%
2022-05-18 04:22:48 : 130,100,000 : 0 : 13,926,063,375 : 56%
2022-05-18 04:45:53 : 130,200,000 : 0 : 13,936,287,225 : 56%
2022-05-18 05:10:26 : 130,300,000 : 0 : 13,946,511,075 : 56%
2022-05-18 05:36:30 : 130,400,000 : 0 : 13,956,734,925 : 56%
2022-05-18 06:03:50 : 130,500,000 : 0 : 13,967,089,850 : 56%
2022-05-18 06:32:37 : 130,600,000 : 0 : 13,977,444,775 : 56%
2022-05-18 07:02:36 : 130,700,000 : 0 : 13,987,799,700 : 57%
2022-05-18 07:34:20 : 130,800,000 : 0 : 13,998,154,625 : 57%
2022-05-18 08:07:30 : 130,900,000 : 0 : 14,008,509,550 : 57%
2022-05-18 08:41:30 : 131,000,000 : 0 : 14,018,995,550 : 57%
2022-05-18 09:15:40 : 131,100,000 : 0 : 14,029,350,475 : 57%
2022-05-18 09:48:45 : 131,200,000 : 0 : 14,039,705,400 : 57%
2022-05-18 10:20:03 : 131,300,000 : 0 : 14,049,929,250 : 57%
2022-05-18 10:48:51 : 131,400,000 : 0 : 14,060,415,250 : 57%
2022-05-18 11:14:50 : 131,500,000 : 0 : 14,070,770,175 : 57%
2022-05-18 11:39:07 : 131,600,000 : 0 : 14,081,256,175 : 57%
2022-05-18 12:01:34 : 131,700,000 : 0 : 14,091,611,100 : 57%
2022-05-18 12:22:45 : 131,800,000 : 0 : 14,102,228,175 : 57%
2022-05-18 12:42:36 : 131,900,000 : 0 : 14,112,714,175 : 57%
2022-05-18 13:01:26 : 132,000,000 : 0 : 14,123,331,250 : 57%
2022-05-18 13:19:29 : 132,100,000 : 0 : 14,133,817,250 : 57%
2022-05-18 13:36:51 : 132,200,000 : 0 : 14,144,565,400 : 57%
2022-05-18 13:53:44 : 132,300,000 : 0 : 14,155,313,550 : 57%
2022-05-18 14:10:11 : 132,400,000 : 0 : 14,176,678,775 : 57%
2022-05-18 14:26:16 : 132,500,000 : 0 : 14,187,295,850 : 57%
2022-05-18 14:41:48 : 132,600,000 : 0 : 14,198,044,000 : 57%
2022-05-18 14:57:00 : 132,700,000 : 0 : 14,208,661,075 : 57%
2022-05-18 15:12:04 : 132,800,000 : 0 : 14,219,409,225 : 57%
2022-05-18 15:26:54 : 132,900,000 : 0 : 14,230,026,300 : 58%
2022-05-18 15:41:44 : 133,000,000 : 0 : 14,240,774,450 : 58%
2022-05-18 15:56:32 : 133,100,000 : 0 : 14,251,522,600 : 58%
2022-05-18 16:11:24 : 133,200,000 : 0 : 14,262,270,750 : 58%
2022-05-18 16:26:07 : 133,300,000 : 0 : 14,273,018,900 : 58%
2022-05-18 16:40:42 : 133,400,000 : 0 : 14,283,635,975 : 58%
2022-05-18 16:55:03 : 133,500,000 : 0 : 14,294,384,125 : 58%
2022-05-18 17:09:31 : 133,600,000 : 0 : 14,305,001,200 : 58%
2022-05-18 17:24:09 : 133,700,000 : 0 : 14,315,749,350 : 58%
2022-05-18 17:38:55 : 133,800,000 : 0 : 14,326,497,500 : 58%
2022-05-18 17:53:17 : 133,900,000 : 0 : 14,336,983,500 : 58%
2022-05-18 18:07:48 : 134,000,000 : 0 : 14,347,600,575 : 58%
2022-05-18 18:22:40 : 134,100,000 : 0 : 14,358,086,575 : 58%
2022-05-18 18:37:38 : 134,200,000 : 0 : 14,368,703,650 : 58%
2022-05-18 18:52:39 : 134,300,000 : 0 : 14,379,320,725 : 58%
2022-05-18 19:07:36 : 134,400,000 : 0 : 14,400,423,800 : 58%
2022-05-18 19:22:38 : 134,500,000 : 0 : 14,411,040,875 : 58%
2022-05-18 19:37:34 : 134,600,000 : 0 : 14,421,526,875 : 58%
2022-05-18 19:52:17 : 134,700,000 : 0 : 14,432,143,950 : 58%
2022-05-18 20:07:12 : 134,800,000 : 0 : 14,442,629,950 : 58%
2022-05-18 20:22:15 : 134,900,000 : 0 : 14,453,115,950 : 58%
2022-05-18 20:37:05 : 135,000,000 : 0 : 14,463,601,950 : 58%
2022-05-18 20:52:05 : 135,100,000 : 0 : 14,474,087,950 : 58%
2022-05-18 21:07:16 : 135,200,000 : 0 : 14,484,573,950 : 59%
2022-05-18 21:22:50 : 135,300,000 : 0 : 14,495,059,950 : 59%
2022-05-18 21:38:37 : 135,400,000 : 0 : 14,505,414,875 : 59%
2022-05-18 21:54:11 : 135,500,000 : 0 : 14,515,769,800 : 59%
2022-05-18 22:09:45 : 135,600,000 : 0 : 14,526,124,725 : 59%
2022-05-18 22:25:56 : 135,700,000 : 0 : 14,536,479,650 : 59%
2022-05-18 22:42:28 : 135,800,000 : 0 : 14,546,834,575 : 59%
2022-05-18 22:59:18 : 135,900,000 : 0 : 14,557,189,500 : 59%
2022-05-18 23:16:21 : 136,000,000 : 0 : 14,567,544,425 : 59%
2022-05-18 23:33:27 : 136,100,000 : 0 : 14,577,768,275 : 59%
2022-05-18 23:50:48 : 136,200,000 : 0 : 14,587,992,125 : 59%
2022-05-19 00:08:17 : 136,300,000 : 0 : 14,598,084,900 : 59%
2022-05-19 00:25:32 : 136,400,000 : 0 : 14,608,308,750 : 59%
2022-05-19 00:42:35 : 136,500,000 : 0 : 14,628,363,225 : 59%
2022-05-19 00:59:38 : 136,600,000 : 0 : 14,638,324,925 : 59%
2022-05-19 01:16:41 : 136,700,000 : 0 : 14,648,024,475 : 59%
2022-05-19 01:33:26 : 136,800,000 : 0 : 14,657,855,100 : 59%
2022-05-19 01:50:07 : 136,900,000 : 0 : 14,667,685,725 : 59%
2022-05-19 02:06:44 : 137,000,000 : 0 : 14,677,647,425 : 59%
2022-05-19 02:24:17 : 137,100,000 : 0 : 14,687,478,050 : 59%
2022-05-19 02:42:01 : 137,200,000 : 0 : 14,697,439,750 : 59%
2022-05-19 03:00:13 : 137,300,000 : 0 : 14,707,270,375 : 59%
2022-05-19 03:18:50 : 137,400,000 : 0 : 14,717,232,075 : 59%
2022-05-19 03:37:57 : 137,500,000 : 0 : 14,727,193,775 : 60%
2022-05-19 03:58:21 : 137,600,000 : 0 : 14,737,155,475 : 60%
2022-05-19 04:19:46 : 137,700,000 : 0 : 14,747,248,250 : 60%
2022-05-19 04:42:38 : 137,800,000 : 0 : 14,757,341,025 : 60%
2022-05-19 05:06:48 : 137,900,000 : 0 : 14,767,564,875 : 60%
2022-05-19 05:32:11 : 138,000,000 : 0 : 14,777,657,650 : 60%
2022-05-19 05:58:32 : 138,100,000 : 0 : 14,787,881,500 : 60%
2022-05-19 06:26:43 : 138,200,000 : 0 : 14,798,105,350 : 60%
2022-05-19 06:55:59 : 138,300,000 : 0 : 14,808,329,200 : 60%
2022-05-19 07:26:27 : 138,400,000 : 0 : 14,818,684,125 : 60%
2022-05-19 07:58:45 : 138,500,000 : 0 : 14,829,039,050 : 60%
2022-05-19 08:31:44 : 138,600,000 : 0 : 14,839,393,975 : 60%
2022-05-19 09:04:57 : 138,700,000 : 0 : 14,849,748,900 : 60%
2022-05-19 09:38:07 : 138,800,000 : 0 : 14,860,103,825 : 60%
2022-05-19 10:09:20 : 138,900,000 : 0 : 14,870,327,675 : 60%
2022-05-19 10:38:44 : 139,000,000 : 0 : 14,890,906,450 : 60%
2022-05-19 11:05:09 : 139,100,000 : 0 : 14,901,261,375 : 60%
2022-05-19 11:29:42 : 139,200,000 : 0 : 14,911,616,300 : 60%
2022-05-19 11:52:19 : 139,300,000 : 0 : 14,922,102,300 : 60%
2022-05-19 12:13:45 : 139,400,000 : 0 : 14,932,719,375 : 60%
2022-05-19 12:34:14 : 139,500,000 : 0 : 14,943,336,450 : 60%
2022-05-19 12:53:40 : 139,600,000 : 0 : 14,953,822,450 : 60%
2022-05-19 13:11:54 : 139,700,000 : 0 : 14,964,439,525 : 60%
2022-05-19 13:29:18 : 139,800,000 : 0 : 14,975,056,600 : 61%
2022-05-19 13:46:21 : 139,900,000 : 0 : 14,985,673,675 : 61%
2022-05-19 14:02:41 : 140,000,000 : 0 : 14,996,290,750 : 61%
2022-05-19 14:18:38 : 140,100,000 : 0 : 15,007,038,900 : 61%
2022-05-19 14:34:17 : 140,200,000 : 0 : 15,017,787,050 : 61%
2022-05-19 14:49:38 : 140,300,000 : 0 : 15,028,666,275 : 61%
2022-05-19 15:04:45 : 140,400,000 : 0 : 15,039,283,350 : 61%
2022-05-19 15:19:55 : 140,500,000 : 0 : 15,050,031,500 : 61%
2022-05-19 15:34:46 : 140,600,000 : 0 : 15,060,779,650 : 61%
2022-05-19 15:49:22 : 140,700,000 : 0 : 15,071,396,725 : 61%
2022-05-19 16:03:57 : 140,800,000 : 0 : 15,082,144,875 : 61%
2022-05-19 16:18:40 : 140,900,000 : 0 : 15,092,761,950 : 61%
2022-05-19 16:33:08 : 141,000,000 : 0 : 15,103,379,025 : 61%
2022-05-19 16:47:38 : 141,100,000 : 0 : 15,124,875,325 : 61%
2022-05-19 17:02:05 : 141,200,000 : 0 : 15,135,492,400 : 61%
2022-05-19 17:16:45 : 141,300,000 : 0 : 15,146,109,475 : 61%
2022-05-19 17:31:13 : 141,400,000 : 0 : 15,156,595,475 : 61%
2022-05-19 17:45:40 : 141,500,000 : 0 : 15,167,212,550 : 61%
2022-05-19 18:00:17 : 141,600,000 : 0 : 15,177,829,625 : 61%
2022-05-19 18:15:09 : 141,700,000 : 0 : 15,188,446,700 : 61%
2022-05-19 18:30:03 : 141,800,000 : 0 : 15,198,932,700 : 61%
2022-05-19 18:44:55 : 141,900,000 : 0 : 15,209,549,775 : 61%
2022-05-19 18:59:34 : 142,000,000 : 0 : 15,220,035,775 : 62%
2022-05-19 19:14:22 : 142,100,000 : 0 : 15,230,390,700 : 62%
2022-05-19 19:28:58 : 142,200,000 : 0 : 15,240,876,700 : 62%
2022-05-19 19:44:01 : 142,300,000 : 0 : 15,251,493,775 : 62%
2022-05-19 19:58:53 : 142,400,000 : 0 : 15,261,848,700 : 62%
2022-05-19 20:13:48 : 142,500,000 : 0 : 15,272,334,700 : 62%
2022-05-19 20:38:26 : 142,600,000 : 0 : 15,282,951,775 : 62%
2022-05-19 20:55:23 : 142,700,000 : 0 : 15,293,175,625 : 62%
2022-05-19 21:11:57 : 142,800,000 : 0 : 15,303,530,550 : 62%
2022-05-19 21:28:28 : 142,900,000 : 0 : 15,314,016,550 : 62%
2022-05-19 21:45:02 : 143,000,000 : 0 : 15,324,371,475 : 62%
2022-05-19 22:01:30 : 143,100,000 : 0 : 15,345,212,400 : 62%
2022-05-19 22:18:25 : 143,200,000 : 0 : 15,355,567,325 : 62%
2022-05-19 22:35:43 : 143,300,000 : 0 : 15,365,922,250 : 62%
2022-05-19 22:53:17 : 143,400,000 : 0 : 15,376,277,175 : 62%
2022-05-19 23:11:27 : 143,500,000 : 0 : 15,386,501,025 : 62%
2022-05-19 23:29:51 : 143,600,000 : 0 : 15,396,855,950 : 62%
2022-05-19 23:48:12 : 143,700,000 : 0 : 15,407,079,800 : 62%
2022-05-20 00:06:48 : 143,800,000 : 0 : 15,417,303,650 : 62%
2022-05-20 00:25:22 : 143,900,000 : 0 : 15,427,527,500 : 62%
2022-05-20 00:43:45 : 144,000,000 : 0 : 15,437,751,350 : 62%
2022-05-20 01:01:53 : 144,100,000 : 0 : 15,447,713,050 : 62%
2022-05-20 01:19:42 : 144,200,000 : 0 : 15,457,805,825 : 62%
2022-05-20 01:37:12 : 144,300,000 : 0 : 15,467,767,525 : 63%
2022-05-20 01:54:44 : 144,400,000 : 0 : 15,477,729,225 : 63%
2022-05-20 02:12:42 : 144,500,000 : 0 : 15,487,690,925 : 63%
2022-05-20 02:30:40 : 144,600,000 : 0 : 15,497,652,625 : 63%
2022-05-20 02:48:48 : 144,700,000 : 0 : 15,507,614,325 : 63%
2022-05-20 03:07:32 : 144,800,000 : 0 : 15,517,707,100 : 63%
2022-05-20 03:27:14 : 144,900,000 : 0 : 15,527,799,875 : 63%
2022-05-20 03:47:33 : 145,000,000 : 0 : 15,537,761,575 : 63%
2022-05-20 04:08:58 : 145,100,000 : 0 : 15,547,854,350 : 63%
2022-05-20 04:31:23 : 145,200,000 : 0 : 15,558,078,200 : 63%
2022-05-20 04:54:50 : 145,300,000 : 0 : 15,568,170,975 : 63%
2022-05-20 05:19:51 : 145,400,000 : 0 : 15,588,618,675 : 63%
2022-05-20 05:45:55 : 145,500,000 : 0 : 15,598,973,600 : 63%
2022-05-20 06:13:06 : 145,600,000 : 0 : 15,609,328,525 : 63%
2022-05-20 06:41:22 : 145,700,000 : 0 : 15,619,683,450 : 63%
2022-05-20 07:11:08 : 145,800,000 : 0 : 15,630,038,375 : 63%
2022-05-20 07:42:53 : 145,900,000 : 0 : 15,640,393,300 : 63%
2022-05-20 08:15:38 : 146,000,000 : 0 : 15,650,748,225 : 63%
2022-05-20 08:48:37 : 146,100,000 : 0 : 15,661,103,150 : 63%
2022-05-20 09:20:44 : 146,200,000 : 0 : 15,671,458,075 : 63%
2022-05-20 09:52:38 : 146,300,000 : 0 : 15,681,681,925 : 63%
2022-05-20 10:22:26 : 146,400,000 : 0 : 15,691,905,775 : 63%
2022-05-20 10:50:11 : 146,500,000 : 0 : 15,702,260,700 : 63%
2022-05-20 11:15:23 : 146,600,000 : 0 : 15,712,615,625 : 64%
2022-05-20 11:38:56 : 146,700,000 : 0 : 15,722,839,475 : 64%
2022-05-20 12:00:42 : 146,800,000 : 0 : 15,733,194,400 : 64%
2022-05-20 12:21:24 : 146,900,000 : 0 : 15,743,549,325 : 64%
2022-05-20 12:41:03 : 147,000,000 : 0 : 15,754,166,400 : 64%
2022-05-20 13:00:03 : 147,100,000 : 0 : 15,764,652,400 : 64%
2022-05-20 13:17:55 : 147,200,000 : 0 : 15,775,138,400 : 64%
2022-05-20 13:35:06 : 147,300,000 : 0 : 15,785,755,475 : 64%
2022-05-20 13:51:54 : 147,400,000 : 0 : 15,796,372,550 : 64%
2022-05-20 14:08:17 : 147,500,000 : 0 : 15,806,989,625 : 64%
2022-05-20 14:24:09 : 147,600,000 : 0 : 15,828,223,775 : 64%
2022-05-20 14:39:48 : 147,700,000 : 0 : 15,838,840,850 : 64%
2022-05-20 14:55:08 : 147,800,000 : 0 : 15,849,589,000 : 64%
2022-05-20 15:10:35 : 147,900,000 : 0 : 15,860,206,075 : 64%
2022-05-20 15:25:54 : 148,000,000 : 0 : 15,870,954,225 : 64%
2022-05-20 15:41:05 : 148,100,000 : 0 : 15,881,571,300 : 64%
2022-05-20 15:56:12 : 148,200,000 : 0 : 15,892,188,375 : 64%
2022-05-20 16:11:12 : 148,300,000 : 0 : 15,902,805,450 : 64%
2022-05-20 16:26:17 : 148,400,000 : 0 : 15,913,422,525 : 64%
2022-05-20 16:41:11 : 148,500,000 : 0 : 15,923,908,525 : 64%
2022-05-20 16:56:15 : 148,600,000 : 0 : 15,934,525,600 : 64%
2022-05-20 17:11:37 : 148,700,000 : 0 : 15,945,142,675 : 64%
2022-05-20 17:27:14 : 148,800,000 : 0 : 15,955,759,750 : 64%
2022-05-20 17:42:56 : 148,900,000 : 0 : 15,966,376,825 : 65%
2022-05-20 17:59:01 : 149,000,000 : 0 : 15,976,862,825 : 65%
2022-05-20 18:15:31 : 149,100,000 : 0 : 15,987,348,825 : 65%
2022-05-20 18:32:23 : 149,200,000 : 0 : 15,997,965,900 : 65%
2022-05-20 18:49:24 : 149,300,000 : 0 : 16,008,451,900 : 65%
2022-05-20 19:06:32 : 149,400,000 : 0 : 16,018,806,825 : 65%
2022-05-20 19:23:25 : 149,500,000 : 0 : 16,029,292,825 : 65%
2022-05-20 19:39:47 : 149,600,000 : 0 : 16,039,778,825 : 65%
2022-05-20 19:55:48 : 149,700,000 : 0 : 16,060,619,750 : 65%
2022-05-20 20:12:00 : 149,800,000 : 0 : 16,071,105,750 : 65%
2022-05-20 20:28:26 : 149,900,000 : 0 : 16,081,591,750 : 65%
2022-05-20 20:44:51 : 150,000,000 : 0 : 16,092,077,750 : 65%
2022-05-20 21:01:21 : 150,100,000 : 0 : 16,102,432,675 : 65%
2022-05-20 21:18:12 : 150,200,000 : 0 : 16,112,918,675 : 65%
2022-05-20 21:35:02 : 150,300,000 : 0 : 16,123,273,600 : 65%
2022-05-20 21:51:48 : 150,400,000 : 0 : 16,133,628,525 : 65%
2022-05-20 22:08:48 : 150,500,000 : 0 : 16,143,852,375 : 65%
2022-05-20 22:26:19 : 150,600,000 : 0 : 16,154,207,300 : 65%
2022-05-20 22:44:00 : 150,700,000 : 0 : 16,164,562,225 : 65%
2022-05-20 23:01:55 : 150,800,000 : 0 : 16,174,786,075 : 65%
2022-05-20 23:20:10 : 150,900,000 : 0 : 16,185,009,925 : 65%
2022-05-20 23:38:39 : 151,000,000 : 0 : 16,195,102,700 : 65%
2022-05-20 23:57:24 : 151,100,000 : 0 : 16,205,326,550 : 65%
2022-05-21 00:16:31 : 151,200,000 : 0 : 16,215,419,325 : 66%
2022-05-21 00:35:58 : 151,300,000 : 0 : 16,225,512,100 : 66%
2022-05-21 00:55:21 : 151,400,000 : 0 : 16,235,604,875 : 66%
2022-05-21 01:15:02 : 151,500,000 : 0 : 16,245,566,575 : 66%
2022-05-21 01:34:13 : 151,600,000 : 0 : 16,255,397,200 : 66%
2022-05-21 01:52:32 : 151,700,000 : 0 : 16,265,096,750 : 66%
2022-05-21 02:11:27 : 151,800,000 : 0 : 16,274,796,300 : 66%
2022-05-21 02:31:07 : 151,900,000 : 0 : 16,284,758,000 : 66%
2022-05-21 02:50:47 : 152,000,000 : 0 : 16,294,457,550 : 66%
2022-05-21 03:10:20 : 152,100,000 : 0 : 16,313,856,650 : 66%
2022-05-21 03:30:37 : 152,200,000 : 0 : 16,323,556,200 : 66%
2022-05-21 03:51:24 : 152,300,000 : 0 : 16,333,386,825 : 66%
2022-05-21 04:13:43 : 152,400,000 : 0 : 16,343,217,450 : 66%
2022-05-21 04:37:17 : 152,500,000 : 0 : 16,353,048,075 : 66%
2022-05-21 05:02:24 : 152,600,000 : 0 : 16,362,878,700 : 66%
2022-05-21 05:27:56 : 152,700,000 : 0 : 16,372,709,325 : 66%
2022-05-21 05:55:20 : 152,800,000 : 0 : 16,382,802,100 : 66%
2022-05-21 06:24:52 : 152,900,000 : 0 : 16,392,894,875 : 66%
2022-05-21 06:55:43 : 153,000,000 : 0 : 16,402,987,650 : 66%
2022-05-21 07:26:52 : 153,100,000 : 0 : 16,412,949,350 : 66%
2022-05-21 07:59:36 : 153,200,000 : 0 : 16,423,042,125 : 66%
2022-05-21 08:32:45 : 153,300,000 : 0 : 16,433,134,900 : 66%
2022-05-21 09:06:28 : 153,400,000 : 0 : 16,443,227,675 : 66%
2022-05-21 09:40:54 : 153,500,000 : 0 : 16,453,320,450 : 66%
2022-05-21 10:14:17 : 153,600,000 : 0 : 16,463,413,225 : 67%
2022-05-21 10:46:23 : 153,700,000 : 0 : 16,473,506,000 : 67%
2022-05-21 11:15:57 : 153,800,000 : 0 : 16,483,467,700 : 67%
2022-05-21 11:43:15 : 153,900,000 : 0 : 16,493,560,475 : 67%
2022-05-21 12:08:23 : 154,000,000 : 0 : 16,503,653,250 : 67%
2022-05-21 12:32:05 : 154,100,000 : 0 : 16,513,746,025 : 67%
2022-05-21 12:54:07 : 154,200,000 : 0 : 16,523,969,875 : 67%
2022-05-21 13:15:01 : 154,300,000 : 0 : 16,534,193,725 : 67%
2022-05-21 13:35:06 : 154,400,000 : 0 : 16,544,548,650 : 67%
2022-05-21 13:54:34 : 154,500,000 : 0 : 16,554,772,500 : 67%
2022-05-21 14:13:17 : 154,600,000 : 0 : 16,575,351,275 : 67%
2022-05-21 14:30:58 : 154,700,000 : 0 : 16,585,575,125 : 67%
2022-05-21 14:48:14 : 154,800,000 : 0 : 16,595,798,975 : 67%
2022-05-21 15:05:07 : 154,900,000 : 0 : 16,606,022,825 : 67%
2022-05-21 15:21:52 : 155,000,000 : 0 : 16,616,377,750 : 67%
2022-05-21 15:38:47 : 155,100,000 : 0 : 16,626,601,600 : 67%
2022-05-21 15:55:24 : 155,200,000 : 0 : 16,636,956,525 : 67%
2022-05-21 16:11:58 : 155,300,000 : 0 : 16,647,311,450 : 67%
2022-05-21 16:28:36 : 155,400,000 : 0 : 16,657,666,375 : 67%
2022-05-21 16:45:10 : 155,500,000 : 0 : 16,667,890,225 : 67%
2022-05-21 17:01:37 : 155,600,000 : 0 : 16,678,114,075 : 67%
2022-05-21 17:18:06 : 155,700,000 : 0 : 16,688,337,925 : 67%
2022-05-21 17:34:29 : 155,800,000 : 0 : 16,698,561,775 : 67%
2022-05-21 17:51:03 : 155,900,000 : 0 : 16,708,785,625 : 68%
2022-05-21 18:07:51 : 156,000,000 : 0 : 16,719,009,475 : 68%
2022-05-21 18:25:02 : 156,100,000 : 0 : 16,729,233,325 : 68%
2022-05-21 18:42:32 : 156,200,000 : 0 : 16,739,457,175 : 68%
2022-05-21 19:00:09 : 156,300,000 : 0 : 16,749,681,025 : 68%
2022-05-21 19:17:39 : 156,400,000 : 0 : 16,759,904,875 : 68%
2022-05-21 19:35:22 : 156,500,000 : 0 : 16,770,128,725 : 68%
2022-05-21 19:53:07 : 156,600,000 : 0 : 16,780,221,500 : 68%
2022-05-21 20:11:09 : 156,700,000 : 0 : 16,790,445,350 : 68%
2022-05-21 20:29:12 : 156,800,000 : 0 : 16,800,669,200 : 68%
2022-05-21 20:47:13 : 156,900,000 : 0 : 16,820,854,750 : 68%
2022-05-21 21:05:05 : 157,000,000 : 0 : 16,830,947,525 : 68%
2022-05-21 21:23:37 : 157,100,000 : 0 : 16,841,171,375 : 68%
2022-05-21 21:42:26 : 157,200,000 : 0 : 16,851,395,225 : 68%
2022-05-21 22:01:10 : 157,300,000 : 0 : 16,861,488,000 : 68%
2022-05-21 22:19:58 : 157,400,000 : 0 : 16,871,580,775 : 68%
2022-05-21 22:38:43 : 157,500,000 : 0 : 16,881,673,550 : 68%
2022-05-21 22:57:38 : 157,600,000 : 0 : 16,891,766,325 : 68%
2022-05-21 23:16:58 : 157,700,000 : 0 : 16,901,859,100 : 68%
2022-05-21 23:36:26 : 157,800,000 : 0 : 16,911,951,875 : 68%
2022-05-21 23:56:30 : 157,900,000 : 0 : 16,922,044,650 : 68%
2022-05-22 00:16:26 : 158,000,000 : 0 : 16,932,006,350 : 68%
2022-05-22 00:36:14 : 158,100,000 : 0 : 16,941,968,050 : 68%
2022-05-22 00:55:56 : 158,200,000 : 0 : 16,951,798,675 : 69%
2022-05-22 01:15:18 : 158,300,000 : 0 : 16,961,629,300 : 69%
2022-05-22 01:34:43 : 158,400,000 : 0 : 16,971,459,925 : 69%
2022-05-22 01:54:18 : 158,500,000 : 0 : 16,981,290,550 : 69%
2022-05-22 02:13:53 : 158,600,000 : 0 : 16,990,990,100 : 69%
2022-05-22 02:34:08 : 158,700,000 : 0 : 17,000,820,725 : 69%
2022-05-22 02:54:06 : 158,800,000 : 0 : 17,010,520,275 : 69%
2022-05-22 03:14:01 : 158,900,000 : 0 : 17,020,219,825 : 69%
2022-05-22 03:35:22 : 159,000,000 : 0 : 17,030,050,450 : 69%
2022-05-22 03:58:16 : 159,100,000 : 0 : 17,040,012,150 : 69%
2022-05-22 04:22:18 : 159,200,000 : 0 : 17,049,973,850 : 69%
2022-05-22 04:47:11 : 159,300,000 : 0 : 17,059,935,550 : 69%
2022-05-22 05:13:25 : 159,400,000 : 0 : 17,069,897,250 : 69%
2022-05-22 05:41:11 : 159,500,000 : 0 : 17,090,082,800 : 69%
2022-05-22 06:10:28 : 159,600,000 : 0 : 17,100,175,575 : 69%
2022-05-22 06:40:31 : 159,700,000 : 0 : 17,110,268,350 : 69%
2022-05-22 07:12:02 : 159,800,000 : 0 : 17,120,230,050 : 69%
2022-05-22 07:43:41 : 159,900,000 : 0 : 17,130,453,900 : 69%
2022-05-22 08:16:41 : 160,000,000 : 0 : 17,140,546,675 : 69%
2022-05-22 08:49:59 : 160,100,000 : 0 : 17,150,770,525 : 69%
2022-05-22 09:23:50 : 160,200,000 : 0 : 17,160,863,300 : 69%
2022-05-22 09:57:17 : 160,300,000 : 0 : 17,170,956,075 : 69%
2022-05-22 10:29:29 : 160,400,000 : 0 : 17,180,917,775 : 69%
2022-05-22 11:00:26 : 160,500,000 : 0 : 17,191,010,550 : 69%
2022-05-22 11:29:37 : 160,600,000 : 0 : 17,201,103,325 : 70%
2022-05-22 11:56:32 : 160,700,000 : 0 : 17,211,327,175 : 70%
2022-05-22 12:21:31 : 160,800,000 : 0 : 17,221,551,025 : 70%
2022-05-22 12:44:43 : 160,900,000 : 0 : 17,231,774,875 : 70%
2022-05-22 13:06:15 : 161,000,000 : 0 : 17,241,867,650 : 70%
2022-05-22 13:26:18 : 161,100,000 : 0 : 17,251,829,350 : 70%
2022-05-22 13:45:21 : 161,200,000 : 0 : 17,261,791,050 : 70%
2022-05-22 14:03:48 : 161,300,000 : 0 : 17,271,883,825 : 70%
2022-05-22 14:21:34 : 161,400,000 : 0 : 17,281,976,600 : 70%
2022-05-22 14:38:43 : 161,500,000 : 0 : 17,292,069,375 : 70%
2022-05-22 14:55:22 : 161,600,000 : 0 : 17,302,424,300 : 70%
2022-05-22 15:11:49 : 161,700,000 : 0 : 17,322,872,000 : 70%
2022-05-22 15:28:08 : 161,800,000 : 0 : 17,333,095,850 : 70%
2022-05-22 15:44:08 : 161,900,000 : 0 : 17,343,450,775 : 70%
2022-05-22 15:59:54 : 162,000,000 : 0 : 17,353,805,700 : 70%
2022-05-22 16:15:43 : 162,100,000 : 0 : 17,364,029,550 : 70%
2022-05-22 16:31:07 : 162,200,000 : 0 : 17,373,991,250 : 70%
2022-05-22 16:45:51 : 162,300,000 : 0 : 17,384,084,025 : 70%
2022-05-22 17:00:55 : 162,400,000 : 0 : 17,394,176,800 : 70%
2022-05-22 17:16:01 : 162,500,000 : 0 : 17,404,531,725 : 70%
2022-05-22 17:31:27 : 162,600,000 : 0 : 17,414,886,650 : 70%
2022-05-22 17:47:02 : 162,700,000 : 0 : 17,425,110,500 : 70%
2022-05-22 18:02:49 : 162,800,000 : 0 : 17,435,465,425 : 70%
2022-05-22 18:18:43 : 162,900,000 : 0 : 17,445,820,350 : 71%
2022-05-22 18:35:04 : 163,000,000 : 0 : 17,456,044,200 : 71%
2022-05-22 18:51:30 : 163,100,000 : 0 : 17,466,399,125 : 71%
2022-05-22 19:07:44 : 163,200,000 : 0 : 17,476,622,975 : 71%
2022-05-22 19:24:11 : 163,300,000 : 0 : 17,486,846,825 : 71%
2022-05-22 19:40:53 : 163,400,000 : 0 : 17,497,070,675 : 71%
2022-05-22 19:57:33 : 163,500,000 : 0 : 17,507,294,525 : 71%
2022-05-22 20:14:06 : 163,600,000 : 0 : 17,517,518,375 : 71%
2022-05-22 20:30:51 : 163,700,000 : 0 : 17,527,742,225 : 71%
2022-05-22 20:47:26 : 163,800,000 : 0 : 17,537,835,000 : 71%
2022-05-22 21:03:57 : 163,900,000 : 0 : 17,548,058,850 : 71%
2022-05-22 21:20:48 : 164,000,000 : 0 : 17,568,506,550 : 71%
2022-05-22 21:38:03 : 164,100,000 : 0 : 17,578,599,325 : 71%
2022-05-22 21:55:21 : 164,200,000 : 0 : 17,588,823,175 : 71%
2022-05-22 22:12:48 : 164,300,000 : 0 : 17,598,915,950 : 71%
2022-05-22 22:30:41 : 164,400,000 : 0 : 17,609,139,800 : 71%
2022-05-22 22:49:03 : 164,500,000 : 0 : 17,619,363,650 : 71%
2022-05-22 23:07:37 : 164,600,000 : 0 : 17,629,587,500 : 71%
2022-05-22 23:26:39 : 164,700,000 : 0 : 17,639,811,350 : 71%
2022-05-22 23:45:35 : 164,800,000 : 0 : 17,650,035,200 : 71%
2022-05-23 00:04:50 : 164,900,000 : 0 : 17,659,996,900 : 71%
2022-05-23 00:23:58 : 165,000,000 : 0 : 17,670,089,675 : 71%
2022-05-23 00:43:15 : 165,100,000 : 0 : 17,680,182,450 : 71%
2022-05-23 01:02:13 : 165,200,000 : 0 : 17,690,144,150 : 71%
2022-05-23 01:20:59 : 165,300,000 : 0 : 17,700,105,850 : 72%
2022-05-23 01:39:08 : 165,400,000 : 0 : 17,709,805,400 : 72%
2022-05-23 01:57:29 : 165,500,000 : 0 : 17,719,767,100 : 72%
2022-05-23 02:16:10 : 165,600,000 : 0 : 17,729,597,725 : 72%
2022-05-23 02:35:09 : 165,700,000 : 0 : 17,739,428,350 : 72%
2022-05-23 02:54:15 : 165,800,000 : 0 : 17,749,390,050 : 72%
2022-05-23 03:14:06 : 165,900,000 : 0 : 17,759,351,750 : 72%
2022-05-23 03:34:01 : 166,000,000 : 0 : 17,769,182,375 : 72%
2022-05-23 03:55:13 : 166,100,000 : 0 : 17,779,144,075 : 72%
2022-05-23 04:17:57 : 166,200,000 : 0 : 17,789,367,925 : 72%
2022-05-23 04:41:33 : 166,300,000 : 0 : 17,809,553,475 : 72%
2022-05-23 05:06:24 : 166,400,000 : 0 : 17,819,646,250 : 72%
2022-05-23 05:32:34 : 166,500,000 : 0 : 17,829,739,025 : 72%
2022-05-23 05:59:49 : 166,600,000 : 0 : 17,839,962,875 : 72%
2022-05-23 06:28:33 : 166,700,000 : 0 : 17,850,317,800 : 72%
2022-05-23 06:58:35 : 166,800,000 : 0 : 17,860,541,650 : 72%
2022-05-23 07:29:36 : 166,900,000 : 0 : 17,870,896,575 : 72%
2022-05-23 08:03:05 : 167,000,000 : 0 : 17,881,251,500 : 72%
2022-05-23 08:37:25 : 167,100,000 : 0 : 17,891,475,350 : 72%
2022-05-23 09:11:04 : 167,200,000 : 0 : 17,901,961,350 : 72%
2022-05-23 09:45:00 : 167,300,000 : 0 : 17,912,316,275 : 72%
2022-05-23 10:16:28 : 167,400,000 : 0 : 17,922,671,200 : 72%
2022-05-23 10:46:22 : 167,500,000 : 0 : 17,933,157,200 : 72%
2022-05-23 11:13:29 : 167,600,000 : 0 : 17,943,512,125 : 73%
2022-05-23 11:38:37 : 167,700,000 : 0 : 17,953,867,050 : 73%
2022-05-23 12:02:08 : 167,800,000 : 0 : 17,964,353,050 : 73%
2022-05-23 12:24:26 : 167,900,000 : 0 : 17,974,970,125 : 73%
2022-05-23 12:45:18 : 168,000,000 : 0 : 17,985,456,125 : 73%
2022-05-23 13:04:49 : 168,100,000 : 0 : 17,995,942,125 : 73%
2022-05-23 13:23:28 : 168,200,000 : 0 : 18,006,559,200 : 73%
2022-05-23 13:41:34 : 168,300,000 : 0 : 18,017,045,200 : 73%
2022-05-23 13:59:08 : 168,400,000 : 0 : 18,027,662,275 : 73%
2022-05-23 14:16:04 : 168,500,000 : 0 : 18,048,896,425 : 73%
2022-05-23 14:32:32 : 168,600,000 : 0 : 18,059,644,575 : 73%
2022-05-23 14:48:38 : 168,700,000 : 0 : 18,070,392,725 : 73%
2022-05-23 15:04:35 : 168,800,000 : 0 : 18,081,140,875 : 73%
2022-05-23 15:20:31 : 168,900,000 : 0 : 18,091,757,950 : 73%
2022-05-23 15:35:55 : 169,000,000 : 0 : 18,102,506,100 : 73%
2022-05-23 15:51:14 : 169,100,000 : 0 : 18,113,254,250 : 73%
2022-05-23 16:06:30 : 169,200,000 : 0 : 18,124,002,400 : 73%
2022-05-23 16:21:42 : 169,300,000 : 0 : 18,134,619,475 : 73%
2022-05-23 16:36:47 : 169,400,000 : 0 : 18,145,236,550 : 73%
2022-05-23 16:51:46 : 169,500,000 : 0 : 18,155,984,700 : 73%
2022-05-23 17:06:55 : 169,600,000 : 0 : 18,166,732,850 : 73%
2022-05-23 17:22:13 : 169,700,000 : 0 : 18,177,481,000 : 73%
2022-05-23 17:37:31 : 169,800,000 : 0 : 18,188,098,075 : 74%
2022-05-23 17:52:44 : 169,900,000 : 0 : 18,198,846,225 : 74%
2022-05-23 18:08:05 : 170,000,000 : 0 : 18,209,463,300 : 74%
2022-05-23 18:23:35 : 170,100,000 : 0 : 18,220,080,375 : 74%
2022-05-23 18:39:14 : 170,200,000 : 0 : 18,230,697,450 : 74%
2022-05-23 18:54:55 : 170,300,000 : 0 : 18,241,314,525 : 74%
2022-05-23 19:10:32 : 170,400,000 : 0 : 18,251,931,600 : 74%
2022-05-23 19:25:58 : 170,500,000 : 0 : 18,273,034,675 : 74%
2022-05-23 19:41:25 : 170,600,000 : 0 : 18,283,520,675 : 74%
2022-05-23 19:56:52 : 170,700,000 : 0 : 18,294,006,675 : 74%
2022-05-23 20:12:29 : 170,800,000 : 0 : 18,304,492,675 : 74%
2022-05-23 20:28:11 : 170,900,000 : 0 : 18,315,109,750 : 74%
2022-05-23 20:44:02 : 171,000,000 : 0 : 18,325,595,750 : 74%
2022-05-23 20:59:52 : 171,100,000 : 0 : 18,336,081,750 : 74%
2022-05-23 21:16:10 : 171,200,000 : 0 : 18,346,698,825 : 74%
2022-05-23 21:32:33 : 171,300,000 : 0 : 18,357,184,825 : 74%
2022-05-23 21:49:15 : 171,400,000 : 0 : 18,367,670,825 : 74%
2022-05-23 22:06:07 : 171,500,000 : 0 : 18,378,156,825 : 74%
2022-05-23 22:23:19 : 171,600,000 : 0 : 18,388,642,825 : 74%
2022-05-23 22:40:40 : 171,700,000 : 0 : 18,398,997,750 : 74%
2022-05-23 22:58:11 : 171,800,000 : 0 : 18,409,352,675 : 74%
2022-05-23 23:15:59 : 171,900,000 : 0 : 18,419,707,600 : 74%
2022-05-23 23:33:49 : 172,000,000 : 0 : 18,430,062,525 : 74%
2022-05-23 23:51:46 : 172,100,000 : 0 : 18,440,286,375 : 75%
2022-05-24 00:09:47 : 172,200,000 : 0 : 18,450,510,225 : 75%
2022-05-24 00:28:07 : 172,300,000 : 0 : 18,460,603,000 : 75%
2022-05-24 00:45:45 : 172,400,000 : 0 : 18,470,695,775 : 75%
2022-05-24 01:03:03 : 172,500,000 : 0 : 18,480,657,475 : 75%
2022-05-24 01:20:39 : 172,600,000 : 0 : 18,500,449,800 : 75%
2022-05-24 01:38:07 : 172,700,000 : 0 : 18,510,411,500 : 75%
2022-05-24 01:55:24 : 172,800,000 : 0 : 18,520,242,125 : 75%
2022-05-24 02:12:30 : 172,900,000 : 0 : 18,530,072,750 : 75%
2022-05-24 02:30:08 : 173,000,000 : 0 : 18,539,903,375 : 75%
2022-05-24 02:48:29 : 173,100,000 : 0 : 18,549,865,075 : 75%
2022-05-24 03:06:49 : 173,200,000 : 0 : 18,559,826,775 : 75%
2022-05-24 03:26:16 : 173,300,000 : 0 : 18,569,919,550 : 75%
2022-05-24 03:47:07 : 173,400,000 : 0 : 18,579,881,250 : 75%
2022-05-24 04:08:41 : 173,500,000 : 0 : 18,589,974,025 : 75%
2022-05-24 04:31:12 : 173,600,000 : 0 : 18,600,066,800 : 75%
2022-05-24 04:55:22 : 173,700,000 : 0 : 18,610,159,575 : 75%
2022-05-24 05:20:45 : 173,800,000 : 0 : 18,620,383,425 : 75%
2022-05-24 05:47:41 : 173,900,000 : 0 : 18,630,607,275 : 75%
2022-05-24 06:16:06 : 174,000,000 : 0 : 18,640,962,200 : 75%
2022-05-24 06:45:33 : 174,100,000 : 0 : 18,651,317,125 : 75%
2022-05-24 07:16:31 : 174,200,000 : 0 : 18,661,540,975 : 75%
2022-05-24 07:49:04 : 174,300,000 : 0 : 18,671,895,900 : 75%
2022-05-24 08:22:25 : 174,400,000 : 0 : 18,682,250,825 : 76%
2022-05-24 08:56:57 : 174,500,000 : 0 : 18,692,736,825 : 76%
2022-05-24 09:30:40 : 174,600,000 : 0 : 18,703,091,750 : 76%
2022-05-24 10:03:37 : 174,700,000 : 0 : 18,713,315,600 : 76%
2022-05-24 10:33:37 : 174,800,000 : 0 : 18,723,670,525 : 76%
2022-05-24 11:01:34 : 174,900,000 : 0 : 18,733,894,375 : 76%
2022-05-24 11:27:00 : 175,000,000 : 0 : 18,754,735,300 : 76%
2022-05-24 11:50:38 : 175,100,000 : 0 : 18,765,221,300 : 76%
2022-05-24 12:12:58 : 175,200,000 : 0 : 18,775,707,300 : 76%
2022-05-24 12:33:56 : 175,300,000 : 0 : 18,786,324,375 : 76%
2022-05-24 12:53:51 : 175,400,000 : 0 : 18,796,810,375 : 76%
2022-05-24 13:12:41 : 175,500,000 : 0 : 18,807,427,450 : 76%
2022-05-24 13:30:33 : 175,600,000 : 0 : 18,818,175,600 : 76%
2022-05-24 13:48:04 : 175,700,000 : 0 : 18,828,923,750 : 76%
2022-05-24 14:04:56 : 175,800,000 : 0 : 18,839,540,825 : 76%
2022-05-24 14:21:13 : 175,900,000 : 0 : 18,850,157,900 : 76%
2022-05-24 14:37:00 : 176,000,000 : 0 : 18,860,774,975 : 76%
2022-05-24 14:52:33 : 176,100,000 : 0 : 18,871,523,125 : 76%
2022-05-24 15:07:50 : 176,200,000 : 0 : 18,882,140,200 : 76%
2022-05-24 15:23:01 : 176,300,000 : 0 : 18,892,757,275 : 76%
2022-05-24 15:38:14 : 176,400,000 : 0 : 18,903,374,350 : 76%
2022-05-24 15:53:16 : 176,500,000 : 0 : 18,914,122,500 : 76%
2022-05-24 16:08:06 : 176,600,000 : 0 : 18,924,870,650 : 76%
2022-05-24 16:22:55 : 176,700,000 : 0 : 18,935,487,725 : 77%
2022-05-24 16:37:29 : 176,800,000 : 0 : 18,946,235,875 : 77%
2022-05-24 16:52:15 : 176,900,000 : 0 : 18,956,984,025 : 77%
2022-05-24 17:07:01 : 177,000,000 : 0 : 18,978,218,175 : 77%
2022-05-24 17:21:55 : 177,100,000 : 0 : 18,988,966,325 : 77%
2022-05-24 17:36:51 : 177,200,000 : 0 : 18,999,583,400 : 77%
2022-05-24 17:51:46 : 177,300,000 : 0 : 19,010,200,475 : 77%
2022-05-24 18:06:42 : 177,400,000 : 0 : 19,020,817,550 : 77%
2022-05-24 18:21:55 : 177,500,000 : 0 : 19,031,434,625 : 77%
2022-05-24 18:37:08 : 177,600,000 : 0 : 19,042,051,700 : 77%
2022-05-24 18:52:26 : 177,700,000 : 0 : 19,052,537,700 : 77%
2022-05-24 19:07:42 : 177,800,000 : 0 : 19,063,023,700 : 77%
2022-05-24 19:22:56 : 177,900,000 : 0 : 19,073,509,700 : 77%
2022-05-24 19:38:12 : 178,000,000 : 0 : 19,084,126,775 : 77%
2022-05-24 19:53:22 : 178,100,000 : 0 : 19,094,612,775 : 77%
2022-05-24 20:08:34 : 178,200,000 : 0 : 19,105,229,850 : 77%
2022-05-24 20:23:56 : 178,300,000 : 0 : 19,115,584,775 : 77%
2022-05-24 20:39:10 : 178,400,000 : 0 : 19,126,070,775 : 77%
2022-05-24 20:54:33 : 178,500,000 : 0 : 19,136,556,775 : 77%
2022-05-24 21:10:04 : 178,600,000 : 0 : 19,147,042,775 : 77%
2022-05-24 21:25:46 : 178,700,000 : 0 : 19,157,397,700 : 77%
2022-05-24 21:41:41 : 178,800,000 : 0 : 19,167,883,700 : 77%
2022-05-24 21:57:31 : 178,900,000 : 0 : 19,178,238,625 : 78%
2022-05-24 22:13:28 : 179,000,000 : 0 : 19,188,593,550 : 78%
2022-05-24 22:29:41 : 179,100,000 : 0 : 19,209,303,400 : 78%
2022-05-24 22:46:16 : 179,200,000 : 0 : 19,219,789,400 : 78%
2022-05-24 23:03:04 : 179,300,000 : 0 : 19,230,013,250 : 78%
2022-05-24 23:20:08 : 179,400,000 : 0 : 19,240,368,175 : 78%
2022-05-24 23:37:03 : 179,500,000 : 0 : 19,250,592,025 : 78%
2022-05-24 23:54:13 : 179,600,000 : 0 : 19,260,815,875 : 78%
2022-05-25 00:11:39 : 179,700,000 : 0 : 19,271,039,725 : 78%
2022-05-25 00:29:07 : 179,800,000 : 0 : 19,281,263,575 : 78%
2022-05-25 00:46:20 : 179,900,000 : 0 : 19,291,356,350 : 78%
2022-05-25 01:03:28 : 180,000,000 : 0 : 19,301,449,125 : 78%
2022-05-25 01:20:43 : 180,100,000 : 0 : 19,311,541,900 : 78%
2022-05-25 01:37:53 : 180,200,000 : 0 : 19,321,503,600 : 78%
2022-05-25 01:54:47 : 180,300,000 : 0 : 19,331,465,300 : 78%
2022-05-25 02:11:47 : 180,400,000 : 0 : 19,341,558,075 : 78%
2022-05-25 02:28:54 : 180,500,000 : 0 : 19,351,519,775 : 78%
2022-05-25 02:46:12 : 180,600,000 : 0 : 19,361,481,475 : 78%
2022-05-25 03:04:00 : 180,700,000 : 0 : 19,371,574,250 : 78%
2022-05-25 03:22:16 : 180,800,000 : 0 : 19,381,535,950 : 78%
2022-05-25 03:40:46 : 180,900,000 : 0 : 19,391,628,725 : 78%
2022-05-25 04:00:46 : 181,000,000 : 0 : 19,401,721,500 : 78%
2022-05-25 04:21:09 : 181,100,000 : 0 : 19,411,814,275 : 78%
2022-05-25 04:43:08 : 181,200,000 : 0 : 19,422,038,125 : 78%
2022-05-25 05:06:12 : 181,300,000 : 0 : 19,432,261,975 : 79%
2022-05-25 05:30:27 : 181,400,000 : 0 : 19,452,840,750 : 79%
2022-05-25 05:55:38 : 181,500,000 : 0 : 19,463,195,675 : 79%
2022-05-25 06:22:47 : 181,600,000 : 0 : 19,473,681,675 : 79%
2022-05-25 06:51:06 : 181,700,000 : 0 : 19,484,036,600 : 79%
2022-05-25 07:20:51 : 181,800,000 : 0 : 19,494,522,600 : 79%
2022-05-25 07:52:28 : 181,900,000 : 0 : 19,505,008,600 : 79%
2022-05-25 08:25:04 : 182,000,000 : 0 : 19,515,494,600 : 79%
2022-05-25 08:58:33 : 182,100,000 : 0 : 19,525,849,525 : 79%
2022-05-25 09:31:14 : 182,200,000 : 0 : 19,536,335,525 : 79%
2022-05-25 10:02:43 : 182,300,000 : 0 : 19,546,821,525 : 79%
2022-05-25 10:32:15 : 182,400,000 : 0 : 19,557,176,450 : 79%
2022-05-25 10:59:35 : 182,500,000 : 0 : 19,567,662,450 : 79%
2022-05-25 11:24:08 : 182,600,000 : 0 : 19,578,017,375 : 79%
2022-05-25 11:46:58 : 182,700,000 : 0 : 19,588,503,375 : 79%
2022-05-25 12:08:15 : 182,800,000 : 0 : 19,598,989,375 : 79%
2022-05-25 12:28:37 : 182,900,000 : 0 : 19,609,606,450 : 79%
2022-05-25 12:47:58 : 183,000,000 : 0 : 19,620,223,525 : 79%
2022-05-25 13:06:08 : 183,100,000 : 0 : 19,630,840,600 : 79%
2022-05-25 13:23:35 : 183,200,000 : 0 : 19,641,326,600 : 79%
2022-05-25 13:40:40 : 183,300,000 : 0 : 19,651,943,675 : 79%
2022-05-25 13:57:08 : 183,400,000 : 0 : 19,662,691,825 : 79%
2022-05-25 14:13:04 : 183,500,000 : 0 : 19,683,925,975 : 80%
2022-05-25 14:28:24 : 183,600,000 : 0 : 19,694,543,050 : 80%
2022-05-25 14:43:32 : 183,700,000 : 0 : 19,705,291,200 : 80%
2022-05-25 14:58:17 : 183,800,000 : 0 : 19,715,908,275 : 80%
2022-05-25 15:13:04 : 183,900,000 : 0 : 19,726,656,425 : 80%
2022-05-25 15:27:39 : 184,000,000 : 0 : 19,737,273,500 : 80%
2022-05-25 15:42:00 : 184,100,000 : 0 : 19,747,890,575 : 80%
2022-05-25 15:56:15 : 184,200,000 : 0 : 19,758,507,650 : 80%
2022-05-25 16:10:22 : 184,300,000 : 0 : 19,769,255,800 : 80%
2022-05-25 16:24:29 : 184,400,000 : 0 : 19,779,741,800 : 80%
2022-05-25 16:38:34 : 184,500,000 : 0 : 19,790,489,950 : 80%
2022-05-25 16:52:33 : 184,600,000 : 0 : 19,801,107,025 : 80%
2022-05-25 17:06:33 : 184,700,000 : 0 : 19,811,724,100 : 80%
2022-05-25 17:20:42 : 184,800,000 : 0 : 19,822,210,100 : 80%
2022-05-25 17:34:43 : 184,900,000 : 0 : 19,832,827,175 : 80%
2022-05-25 17:48:50 : 185,000,000 : 0 : 19,843,444,250 : 80%
2022-05-25 18:02:59 : 185,100,000 : 0 : 19,853,930,250 : 80%
2022-05-25 18:17:20 : 185,200,000 : 0 : 19,864,416,250 : 80%
2022-05-25 18:31:28 : 185,300,000 : 0 : 19,874,771,175 : 80%
2022-05-25 18:45:39 : 185,400,000 : 0 : 19,885,126,100 : 80%
2022-05-25 19:00:02 : 185,500,000 : 0 : 19,905,967,025 : 80%
2022-05-25 19:14:36 : 185,600,000 : 0 : 19,916,453,025 : 80%
2022-05-25 19:29:13 : 185,700,000 : 0 : 19,927,070,100 : 81%
2022-05-25 19:43:47 : 185,800,000 : 0 : 19,937,425,025 : 81%
2022-05-25 19:58:17 : 185,900,000 : 0 : 19,947,911,025 : 81%
2022-05-25 20:12:53 : 186,000,000 : 0 : 19,958,265,950 : 81%
2022-05-25 20:27:31 : 186,100,000 : 0 : 19,968,751,950 : 81%
2022-05-25 20:42:18 : 186,200,000 : 0 : 19,979,237,950 : 81%
2022-05-25 20:57:27 : 186,300,000 : 0 : 19,989,723,950 : 81%
2022-05-25 21:12:36 : 186,400,000 : 0 : 20,000,209,950 : 81%
2022-05-25 21:28:06 : 186,500,000 : 0 : 20,010,564,875 : 81%
2022-05-25 21:43:43 : 186,600,000 : 0 : 20,020,919,800 : 81%
2022-05-25 21:59:25 : 186,700,000 : 0 : 20,031,274,725 : 81%
2022-05-25 22:15:29 : 186,800,000 : 0 : 20,041,760,725 : 81%
2022-05-25 22:31:45 : 186,900,000 : 0 : 20,051,984,575 : 81%
2022-05-25 22:48:17 : 187,000,000 : 0 : 20,062,339,500 : 81%
2022-05-25 23:05:04 : 187,100,000 : 0 : 20,072,694,425 : 81%
2022-05-25 23:22:04 : 187,200,000 : 0 : 20,083,049,350 : 81%
2022-05-25 23:39:24 : 187,300,000 : 0 : 20,093,404,275 : 81%
2022-05-25 23:56:38 : 187,400,000 : 0 : 20,103,759,200 : 81%
2022-05-26 00:13:37 : 187,500,000 : 0 : 20,124,075,825 : 81%
2022-05-26 00:30:41 : 187,600,000 : 0 : 20,134,037,525 : 81%
2022-05-26 00:47:46 : 187,700,000 : 0 : 20,144,130,300 : 81%
2022-05-26 01:04:31 : 187,800,000 : 0 : 20,153,960,925 : 81%
2022-05-26 01:21:08 : 187,900,000 : 0 : 20,163,922,625 : 81%
2022-05-26 01:37:41 : 188,000,000 : 0 : 20,173,753,250 : 82%
2022-05-26 01:54:38 : 188,100,000 : 0 : 20,183,583,875 : 82%
2022-05-26 02:11:33 : 188,200,000 : 0 : 20,193,414,500 : 82%
2022-05-26 02:28:38 : 188,300,000 : 0 : 20,202,982,975 : 82%
2022-05-26 02:45:36 : 188,400,000 : 0 : 20,212,682,525 : 82%
2022-05-26 03:03:16 : 188,500,000 : 0 : 20,222,382,075 : 82%
2022-05-26 03:21:53 : 188,600,000 : 0 : 20,232,474,850 : 82%
2022-05-26 03:41:51 : 188,700,000 : 0 : 20,242,698,700 : 82%
2022-05-26 04:03:07 : 188,800,000 : 0 : 20,252,922,550 : 82%
2022-05-26 04:25:24 : 188,900,000 : 0 : 20,263,015,325 : 82%
2022-05-26 04:48:58 : 189,000,000 : 0 : 20,273,108,100 : 82%
2022-05-26 05:13:58 : 189,100,000 : 0 : 20,283,331,950 : 82%
2022-05-26 05:39:48 : 189,200,000 : 0 : 20,293,555,800 : 82%
2022-05-26 06:07:22 : 189,300,000 : 0 : 20,303,779,650 : 82%
2022-05-26 06:36:02 : 189,400,000 : 0 : 20,314,003,500 : 82%
2022-05-26 07:05:33 : 189,500,000 : 0 : 20,324,358,425 : 82%
2022-05-26 07:36:39 : 189,600,000 : 0 : 20,334,713,350 : 82%
2022-05-26 08:08:49 : 189,700,000 : 0 : 20,344,937,200 : 82%
2022-05-26 08:41:35 : 189,800,000 : 0 : 20,355,292,125 : 82%
2022-05-26 09:14:18 : 189,900,000 : 0 : 20,376,001,975 : 82%
2022-05-26 09:46:17 : 190,000,000 : 0 : 20,386,356,900 : 82%
2022-05-26 10:16:55 : 190,100,000 : 0 : 20,396,711,825 : 82%
2022-05-26 10:45:05 : 190,200,000 : 0 : 20,407,066,750 : 82%
2022-05-26 11:11:10 : 190,300,000 : 0 : 20,417,421,675 : 83%
2022-05-26 11:35:14 : 190,400,000 : 0 : 20,427,776,600 : 83%
2022-05-26 11:57:50 : 190,500,000 : 0 : 20,438,393,675 : 83%
2022-05-26 12:19:11 : 190,600,000 : 0 : 20,448,879,675 : 83%
2022-05-26 12:38:59 : 190,700,000 : 0 : 20,459,627,825 : 83%
2022-05-26 12:57:56 : 190,800,000 : 0 : 20,470,113,825 : 83%
2022-05-26 13:15:43 : 190,900,000 : 0 : 20,480,861,975 : 83%
2022-05-26 13:32:53 : 191,000,000 : 0 : 20,491,347,975 : 83%
2022-05-26 13:49:09 : 191,100,000 : 0 : 20,501,965,050 : 83%
2022-05-26 14:04:52 : 191,200,000 : 0 : 20,512,582,125 : 83%
2022-05-26 14:20:22 : 191,300,000 : 0 : 20,523,199,200 : 83%
2022-05-26 14:35:34 : 191,400,000 : 0 : 20,533,816,275 : 83%
2022-05-26 14:50:32 : 191,500,000 : 0 : 20,544,564,425 : 83%
2022-05-26 15:05:26 : 191,600,000 : 0 : 20,555,181,500 : 83%
2022-05-26 15:20:13 : 191,700,000 : 0 : 20,565,929,650 : 83%
2022-05-26 15:34:52 : 191,800,000 : 0 : 20,576,546,725 : 83%
2022-05-26 15:49:25 : 191,900,000 : 0 : 20,587,163,800 : 83%
2022-05-26 16:03:46 : 192,000,000 : 0 : 20,608,529,025 : 83%
2022-05-26 16:18:05 : 192,100,000 : 0 : 20,619,146,100 : 83%
2022-05-26 16:32:13 : 192,200,000 : 0 : 20,629,894,250 : 83%
2022-05-26 16:46:22 : 192,300,000 : 0 : 20,640,642,400 : 83%
2022-05-26 17:00:32 : 192,400,000 : 0 : 20,651,259,475 : 83%
2022-05-26 17:14:56 : 192,500,000 : 0 : 20,661,876,550 : 84%
2022-05-26 17:29:19 : 192,600,000 : 0 : 20,672,624,700 : 84%
2022-05-26 17:43:50 : 192,700,000 : 0 : 20,683,241,775 : 84%
2022-05-26 17:58:26 : 192,800,000 : 0 : 20,693,858,850 : 84%
2022-05-26 18:13:13 : 192,900,000 : 0 : 20,704,607,000 : 84%
2022-05-26 18:27:56 : 193,000,000 : 0 : 20,715,224,075 : 84%
2022-05-26 18:42:48 : 193,100,000 : 0 : 20,725,841,150 : 84%
2022-05-26 18:57:37 : 193,200,000 : 0 : 20,736,458,225 : 84%
2022-05-26 19:12:35 : 193,300,000 : 0 : 20,747,075,300 : 84%
2022-05-26 19:27:33 : 193,400,000 : 0 : 20,757,561,300 : 84%
2022-05-26 19:42:36 : 193,500,000 : 0 : 20,768,178,375 : 84%
2022-05-26 19:57:36 : 193,600,000 : 0 : 20,778,795,450 : 84%
2022-05-26 20:12:49 : 193,700,000 : 0 : 20,789,281,450 : 84%
2022-05-26 20:28:10 : 193,800,000 : 0 : 20,799,767,450 : 84%
2022-05-26 20:43:25 : 193,900,000 : 0 : 20,810,253,450 : 84%
2022-05-26 20:58:50 : 194,000,000 : 0 : 20,831,356,525 : 84%
2022-05-26 21:14:32 : 194,100,000 : 0 : 20,841,711,450 : 84%
2022-05-26 21:30:25 : 194,200,000 : 0 : 20,852,328,525 : 84%
2022-05-26 21:46:24 : 194,300,000 : 0 : 20,862,683,450 : 84%
2022-05-26 22:02:14 : 194,400,000 : 0 : 20,873,169,450 : 84%
2022-05-26 22:18:36 : 194,500,000 : 0 : 20,883,655,450 : 84%
2022-05-26 22:35:16 : 194,600,000 : 0 : 20,894,010,375 : 84%
2022-05-26 22:52:14 : 194,700,000 : 0 : 20,904,496,375 : 84%
2022-05-26 23:09:30 : 194,800,000 : 0 : 20,914,851,300 : 85%
2022-05-26 23:26:49 : 194,900,000 : 0 : 20,925,206,225 : 85%
2022-05-26 23:44:07 : 195,000,000 : 0 : 20,935,430,075 : 85%
2022-05-27 00:01:56 : 195,100,000 : 0 : 20,945,785,000 : 85%
2022-05-27 00:19:44 : 195,200,000 : 0 : 20,955,877,775 : 85%
2022-05-27 00:37:17 : 195,300,000 : 0 : 20,966,101,625 : 85%
2022-05-27 00:55:05 : 195,400,000 : 0 : 20,976,194,400 : 85%
2022-05-27 01:12:58 : 195,500,000 : 0 : 20,986,287,175 : 85%
2022-05-27 01:30:40 : 195,600,000 : 0 : 20,996,248,875 : 85%
2022-05-27 01:48:11 : 195,700,000 : 0 : 21,006,210,575 : 85%
2022-05-27 02:05:35 : 195,800,000 : 0 : 21,016,172,275 : 85%
2022-05-27 02:23:16 : 195,900,000 : 0 : 21,026,265,050 : 85%
2022-05-27 02:41:21 : 196,000,000 : 0 : 21,036,226,750 : 85%
2022-05-27 02:59:38 : 196,100,000 : 0 : 21,046,188,450 : 85%
2022-05-27 03:18:09 : 196,200,000 : 0 : 21,065,849,700 : 85%
2022-05-27 03:36:56 : 196,300,000 : 0 : 21,075,811,400 : 85%
2022-05-27 03:57:03 : 196,400,000 : 0 : 21,085,904,175 : 85%
2022-05-27 04:17:57 : 196,500,000 : 0 : 21,095,865,875 : 85%
2022-05-27 04:40:04 : 196,600,000 : 0 : 21,105,827,575 : 85%
2022-05-27 05:03:07 : 196,700,000 : 0 : 21,116,051,425 : 85%
2022-05-27 05:27:58 : 196,800,000 : 0 : 21,126,275,275 : 85%
2022-05-27 05:53:32 : 196,900,000 : 0 : 21,136,499,125 : 85%
2022-05-27 06:20:16 : 197,000,000 : 0 : 21,146,722,975 : 85%
2022-05-27 06:48:22 : 197,100,000 : 0 : 21,156,946,825 : 86%
2022-05-27 07:18:31 : 197,200,000 : 0 : 21,167,301,750 : 86%
2022-05-27 07:50:33 : 197,300,000 : 0 : 21,177,656,675 : 86%
2022-05-27 08:22:49 : 197,400,000 : 0 : 21,188,011,600 : 86%
2022-05-27 08:55:30 : 197,500,000 : 0 : 21,198,235,450 : 86%
2022-05-27 09:28:31 : 197,600,000 : 0 : 21,208,590,375 : 86%
2022-05-27 10:00:40 : 197,700,000 : 0 : 21,218,814,225 : 86%
2022-05-27 10:30:38 : 197,800,000 : 0 : 21,229,038,075 : 86%
2022-05-27 10:57:54 : 197,900,000 : 0 : 21,239,393,000 : 86%
2022-05-27 11:23:17 : 198,000,000 : 0 : 21,249,747,925 : 86%
2022-05-27 11:47:07 : 198,100,000 : 0 : 21,259,971,775 : 86%
2022-05-27 12:09:11 : 198,200,000 : 0 : 21,270,457,775 : 86%
2022-05-27 12:30:07 : 198,300,000 : 0 : 21,280,943,775 : 86%
2022-05-27 12:49:49 : 198,400,000 : 0 : 21,291,298,700 : 86%
2022-05-27 13:08:19 : 198,500,000 : 0 : 21,312,270,700 : 86%
2022-05-27 13:25:53 : 198,600,000 : 0 : 21,322,887,775 : 86%
2022-05-27 13:43:13 : 198,700,000 : 0 : 21,333,504,850 : 86%
2022-05-27 14:00:00 : 198,800,000 : 0 : 21,343,990,850 : 86%
2022-05-27 14:16:17 : 198,900,000 : 0 : 21,354,607,925 : 86%
2022-05-27 14:31:57 : 199,000,000 : 0 : 21,365,225,000 : 86%
2022-05-27 14:47:20 : 199,100,000 : 0 : 21,375,842,075 : 86%
2022-05-27 15:02:26 : 199,200,000 : 0 : 21,386,328,075 : 86%
2022-05-27 15:17:33 : 199,300,000 : 0 : 21,396,814,075 : 86%
2022-05-27 15:32:17 : 199,400,000 : 0 : 21,407,431,150 : 87%
2022-05-27 15:47:08 : 199,500,000 : 0 : 21,418,048,225 : 87%
2022-05-27 16:01:56 : 199,600,000 : 0 : 21,428,665,300 : 87%
2022-05-27 16:16:42 : 199,700,000 : 0 : 21,439,282,375 : 87%
2022-05-27 16:31:21 : 199,800,000 : 0 : 21,449,768,375 : 87%
2022-05-27 16:46:10 : 199,900,000 : 0 : 21,460,385,450 : 87%
2022-05-27 17:00:56 : 200,000,000 : 0 : 21,470,871,450 : 87%
2022-05-27 17:15:53 : 200,100,000 : 0 : 21,481,488,525 : 87%
2022-05-27 17:31:00 : 200,200,000 : 0 : 21,492,105,600 : 87%
2022-05-27 17:46:12 : 200,300,000 : 0 : 21,502,591,600 : 87%
2022-05-27 18:01:39 : 200,400,000 : 0 : 21,513,208,675 : 87%
2022-05-27 18:17:32 : 200,500,000 : 0 : 21,534,311,750 : 87%
2022-05-27 18:33:18 : 200,600,000 : 0 : 21,544,928,825 : 87%
2022-05-27 18:49:03 : 200,700,000 : 0 : 21,555,414,825 : 87%
2022-05-27 19:05:05 : 200,800,000 : 0 : 21,565,900,825 : 87%
2022-05-27 19:21:13 : 200,900,000 : 0 : 21,576,255,750 : 87%
2022-05-27 19:37:26 : 201,000,000 : 0 : 21,586,741,750 : 87%
2022-05-27 19:53:44 : 201,100,000 : 0 : 21,597,358,825 : 87%
2022-05-27 20:10:05 : 201,200,000 : 0 : 21,607,713,750 : 87%
2022-05-27 20:26:38 : 201,300,000 : 0 : 21,618,199,750 : 87%
2022-05-27 20:43:15 : 201,400,000 : 0 : 21,628,685,750 : 87%
2022-05-27 21:00:15 : 201,500,000 : 0 : 21,639,171,750 : 87%
2022-05-27 21:17:29 : 201,600,000 : 0 : 21,649,526,675 : 87%
2022-05-27 21:34:49 : 201,700,000 : 0 : 21,660,012,675 : 88%
2022-05-27 21:52:14 : 201,800,000 : 0 : 21,670,498,675 : 88%
2022-05-27 22:09:43 : 201,900,000 : 0 : 21,680,853,600 : 88%
2022-05-27 22:27:24 : 202,000,000 : 0 : 21,691,208,525 : 88%
2022-05-27 22:45:17 : 202,100,000 : 0 : 21,701,432,375 : 88%
2022-05-27 23:03:17 : 202,200,000 : 0 : 21,711,787,300 : 88%
2022-05-27 23:21:39 : 202,300,000 : 0 : 21,722,011,150 : 88%
2022-05-27 23:40:11 : 202,400,000 : 0 : 21,732,235,000 : 88%
2022-05-27 23:58:54 : 202,500,000 : 0 : 21,742,327,775 : 88%
2022-05-28 00:17:47 : 202,600,000 : 0 : 21,762,513,325 : 88%
2022-05-28 00:37:00 : 202,700,000 : 0 : 21,772,606,100 : 88%
2022-05-28 00:56:22 : 202,800,000 : 0 : 21,782,567,800 : 88%
2022-05-28 01:15:33 : 202,900,000 : 0 : 21,792,529,500 : 88%
2022-05-28 01:34:44 : 203,000,000 : 0 : 21,802,229,050 : 88%
2022-05-28 01:53:42 : 203,100,000 : 0 : 21,812,190,750 : 88%
2022-05-28 02:13:10 : 203,200,000 : 0 : 21,821,890,300 : 88%
2022-05-28 02:32:08 : 203,300,000 : 0 : 21,831,589,850 : 88%
2022-05-28 02:50:49 : 203,400,000 : 0 : 21,841,289,400 : 88%
2022-05-28 03:10:32 : 203,500,000 : 0 : 21,850,857,875 : 88%
2022-05-28 03:29:55 : 203,600,000 : 0 : 21,860,688,500 : 88%
2022-05-28 03:50:47 : 203,700,000 : 0 : 21,870,519,125 : 88%
2022-05-28 04:13:25 : 203,800,000 : 0 : 21,880,480,825 : 88%
2022-05-28 04:37:24 : 203,900,000 : 0 : 21,890,573,600 : 88%
2022-05-28 05:02:43 : 204,000,000 : 0 : 21,900,666,375 : 89%
2022-05-28 05:29:24 : 204,100,000 : 0 : 21,910,759,150 : 89%
2022-05-28 05:57:05 : 204,200,000 : 0 : 21,920,720,850 : 89%
2022-05-28 06:26:08 : 204,300,000 : 0 : 21,930,944,700 : 89%
2022-05-28 06:56:42 : 204,400,000 : 0 : 21,941,037,475 : 89%
2022-05-28 07:28:19 : 204,500,000 : 0 : 21,951,130,250 : 89%
2022-05-28 08:01:04 : 204,600,000 : 0 : 21,961,354,100 : 89%
2022-05-28 08:34:39 : 204,700,000 : 0 : 21,971,577,950 : 89%
2022-05-28 09:07:47 : 204,800,000 : 0 : 21,981,539,650 : 89%
2022-05-28 09:41:31 : 204,900,000 : 0 : 21,991,632,425 : 89%
2022-05-28 10:14:55 : 205,000,000 : 0 : 22,011,817,975 : 89%
2022-05-28 10:46:23 : 205,100,000 : 0 : 22,022,041,825 : 89%
2022-05-28 11:16:29 : 205,200,000 : 0 : 22,032,003,525 : 89%
2022-05-28 11:42:59 : 205,300,000 : 0 : 22,042,096,300 : 89%
2022-05-28 12:07:52 : 205,400,000 : 0 : 22,052,189,075 : 89%
2022-05-28 12:31:38 : 205,500,000 : 0 : 22,062,281,850 : 89%
2022-05-28 12:53:31 : 205,600,000 : 0 : 22,072,505,700 : 89%
2022-05-28 13:14:38 : 205,700,000 : 0 : 22,082,729,550 : 89%
2022-05-28 13:35:15 : 205,800,000 : 0 : 22,093,084,475 : 89%
2022-05-28 13:54:52 : 205,900,000 : 0 : 22,103,439,400 : 89%
2022-05-28 14:13:44 : 206,000,000 : 0 : 22,113,532,175 : 89%
2022-05-28 14:31:37 : 206,100,000 : 0 : 22,123,887,100 : 89%
2022-05-28 14:49:15 : 206,200,000 : 0 : 22,134,242,025 : 89%
2022-05-28 15:06:38 : 206,300,000 : 0 : 22,144,465,875 : 89%
2022-05-28 15:23:26 : 206,400,000 : 0 : 22,154,820,800 : 90%
2022-05-28 15:40:25 : 206,500,000 : 0 : 22,165,306,800 : 90%
2022-05-28 15:57:20 : 206,600,000 : 0 : 22,175,661,725 : 90%
2022-05-28 16:14:19 : 206,700,000 : 0 : 22,186,016,650 : 90%
2022-05-28 16:31:23 : 206,800,000 : 0 : 22,196,502,650 : 90%
2022-05-28 16:48:21 : 206,900,000 : 0 : 22,206,857,575 : 90%
2022-05-28 17:05:05 : 207,000,000 : 0 : 22,217,212,500 : 90%
2022-05-28 17:22:02 : 207,100,000 : 0 : 22,227,567,425 : 90%
2022-05-28 17:39:17 : 207,200,000 : 0 : 22,237,922,350 : 90%
2022-05-28 17:56:39 : 207,300,000 : 0 : 22,248,408,350 : 90%
2022-05-28 18:14:11 : 207,400,000 : 0 : 22,269,249,275 : 90%
2022-05-28 18:31:47 : 207,500,000 : 0 : 22,279,604,200 : 90%
2022-05-28 18:49:28 : 207,600,000 : 0 : 22,289,828,050 : 90%
2022-05-28 19:06:52 : 207,700,000 : 0 : 22,299,920,825 : 90%
2022-05-28 19:23:56 : 207,800,000 : 0 : 22,310,013,600 : 90%
2022-05-28 19:40:51 : 207,900,000 : 0 : 22,320,106,375 : 90%
2022-05-28 19:58:43 : 208,000,000 : 0 : 22,330,199,150 : 90%
2022-05-28 20:16:40 : 208,100,000 : 0 : 22,340,160,850 : 90%
2022-05-28 20:33:19 : 208,200,000 : 0 : 22,350,122,550 : 90%
2022-05-28 20:50:17 : 208,300,000 : 0 : 22,360,084,250 : 90%
2022-05-28 21:07:38 : 208,400,000 : 0 : 22,370,045,950 : 90%
2022-05-28 21:25:12 : 208,500,000 : 0 : 22,379,876,575 : 90%
2022-05-28 21:41:35 : 208,600,000 : 0 : 22,389,576,125 : 90%
2022-05-28 21:58:15 : 208,700,000 : 0 : 22,399,537,825 : 91%
2022-05-28 22:15:39 : 208,800,000 : 0 : 22,409,499,525 : 91%
2022-05-28 22:33:26 : 208,900,000 : 0 : 22,419,592,300 : 91%
2022-05-28 22:51:38 : 209,000,000 : 0 : 22,429,685,075 : 91%
2022-05-28 23:10:12 : 209,100,000 : 0 : 22,439,777,850 : 91%
2022-05-28 23:29:22 : 209,200,000 : 0 : 22,449,870,625 : 91%
2022-05-28 23:48:42 : 209,300,000 : 0 : 22,459,832,325 : 91%
2022-05-29 00:08:30 : 209,400,000 : 0 : 22,469,925,100 : 91%
2022-05-29 00:28:21 : 209,500,000 : 0 : 22,479,886,800 : 91%
2022-05-29 00:48:38 : 209,600,000 : 0 : 22,489,848,500 : 91%
2022-05-29 01:08:56 : 209,700,000 : 0 : 22,509,771,900 : 91%
2022-05-29 01:29:15 : 209,800,000 : 0 : 22,519,733,600 : 91%
2022-05-29 01:49:44 : 209,900,000 : 0 : 22,529,695,300 : 91%
2022-05-29 02:10:38 : 210,000,000 : 0 : 22,539,657,000 : 91%
2022-05-29 02:31:37 : 210,100,000 : 0 : 22,549,618,700 : 91%
2022-05-29 02:52:52 : 210,200,000 : 0 : 22,559,580,400 : 91%
2022-05-29 03:14:31 : 210,300,000 : 0 : 22,569,411,025 : 91%
2022-05-29 03:37:05 : 210,400,000 : 0 : 22,579,503,800 : 91%
2022-05-29 04:00:14 : 210,500,000 : 0 : 22,589,334,425 : 91%
2022-05-29 04:23:57 : 210,600,000 : 0 : 22,599,165,050 : 91%
2022-05-29 04:48:19 : 210,700,000 : 0 : 22,609,126,750 : 91%
2022-05-29 05:13:40 : 210,800,000 : 0 : 22,618,957,375 : 91%
2022-05-29 05:40:46 : 210,900,000 : 0 : 22,628,919,075 : 91%
2022-05-29 06:08:42 : 211,000,000 : 0 : 22,638,880,775 : 91%
2022-05-29 06:38:30 : 211,100,000 : 0 : 22,648,842,475 : 92%
2022-05-29 07:08:59 : 211,200,000 : 0 : 22,658,935,250 : 92%
2022-05-29 07:40:54 : 211,300,000 : 0 : 22,668,896,950 : 92%
2022-05-29 08:12:55 : 211,400,000 : 0 : 22,679,120,800 : 92%
2022-05-29 08:45:40 : 211,500,000 : 0 : 22,689,213,575 : 92%
2022-05-29 09:18:32 : 211,600,000 : 0 : 22,699,306,350 : 92%
2022-05-29 09:51:34 : 211,700,000 : 0 : 22,709,530,200 : 92%
2022-05-29 10:23:48 : 211,800,000 : 0 : 22,719,491,900 : 92%
2022-05-29 10:55:39 : 211,900,000 : 0 : 22,729,715,750 : 92%
2022-05-29 11:25:18 : 212,000,000 : 0 : 22,739,939,600 : 92%
2022-05-29 11:52:13 : 212,100,000 : 0 : 22,760,256,225 : 92%
2022-05-29 12:17:35 : 212,200,000 : 0 : 22,770,611,150 : 92%
2022-05-29 12:40:45 : 212,300,000 : 0 : 22,780,703,925 : 92%
2022-05-29 13:02:23 : 212,400,000 : 0 : 22,790,665,625 : 92%
2022-05-29 13:21:42 : 212,500,000 : 0 : 22,800,758,400 : 92%
2022-05-29 13:40:38 : 212,600,000 : 0 : 22,810,851,175 : 92%
2022-05-29 13:58:54 : 212,700,000 : 0 : 22,820,812,875 : 92%
2022-05-29 14:16:33 : 212,800,000 : 0 : 22,831,167,800 : 92%
2022-05-29 14:34:37 : 212,900,000 : 0 : 22,841,391,650 : 92%
2022-05-29 14:51:16 : 213,000,000 : 0 : 22,851,484,425 : 92%
2022-05-29 15:07:33 : 213,100,000 : 0 : 22,861,577,200 : 92%
2022-05-29 15:23:48 : 213,200,000 : 0 : 22,871,801,050 : 92%
2022-05-29 15:40:16 : 213,300,000 : 0 : 22,882,024,900 : 92%
2022-05-29 15:56:29 : 213,400,000 : 0 : 22,892,248,750 : 93%
2022-05-29 16:12:12 : 213,500,000 : 0 : 22,902,341,525 : 93%
2022-05-29 16:28:02 : 213,600,000 : 0 : 22,912,565,375 : 93%
2022-05-29 16:44:15 : 213,700,000 : 0 : 22,922,920,300 : 93%
2022-05-29 17:00:38 : 213,800,000 : 0 : 22,933,275,225 : 93%
2022-05-29 17:16:58 : 213,900,000 : 0 : 22,943,761,225 : 93%
2022-05-29 17:33:28 : 214,000,000 : 0 : 22,954,116,150 : 93%
2022-05-29 17:50:05 : 214,100,000 : 0 : 22,964,471,075 : 93%
2022-05-29 18:06:43 : 214,200,000 : 0 : 22,985,180,925 : 93%
2022-05-29 18:23:33 : 214,300,000 : 0 : 22,995,404,775 : 93%
2022-05-29 18:40:32 : 214,400,000 : 0 : 23,005,759,700 : 93%
2022-05-29 18:57:29 : 214,500,000 : 0 : 23,015,983,550 : 93%
2022-05-29 19:14:20 : 214,600,000 : 0 : 23,026,207,400 : 93%
2022-05-29 19:31:16 : 214,700,000 : 0 : 23,036,431,250 : 93%
2022-05-29 19:48:09 : 214,800,000 : 0 : 23,046,655,100 : 93%
2022-05-29 20:05:13 : 214,900,000 : 0 : 23,057,010,025 : 93%
2022-05-29 20:22:33 : 215,000,000 : 0 : 23,067,233,875 : 93%
2022-05-29 20:40:18 : 215,100,000 : 0 : 23,077,588,800 : 93%
2022-05-29 20:57:59 : 215,200,000 : 0 : 23,087,812,650 : 93%
2022-05-29 21:15:40 : 215,300,000 : 0 : 23,098,036,500 : 93%
2022-05-29 21:33:42 : 215,400,000 : 0 : 23,108,260,350 : 93%
2022-05-29 21:51:27 : 215,500,000 : 0 : 23,118,615,275 : 93%
2022-05-29 22:09:37 : 215,600,000 : 0 : 23,128,839,125 : 93%
2022-05-29 22:27:58 : 215,700,000 : 0 : 23,138,931,900 : 94%
2022-05-29 22:46:34 : 215,800,000 : 0 : 23,149,155,750 : 94%
2022-05-29 23:05:21 : 215,900,000 : 0 : 23,159,379,600 : 94%
2022-05-29 23:24:24 : 216,000,000 : 0 : 23,169,472,375 : 94%
2022-05-29 23:43:26 : 216,100,000 : 0 : 23,179,565,150 : 94%
2022-05-30 00:02:40 : 216,200,000 : 0 : 23,189,657,925 : 94%
2022-05-30 00:21:44 : 216,300,000 : 0 : 23,199,619,625 : 94%
2022-05-30 00:41:06 : 216,400,000 : 0 : 23,209,712,400 : 94%
2022-05-30 01:00:06 : 216,500,000 : 0 : 23,229,504,725 : 94%
2022-05-30 01:18:48 : 216,600,000 : 0 : 23,239,204,275 : 94%
2022-05-30 01:37:27 : 216,700,000 : 0 : 23,248,903,825 : 94%
2022-05-30 01:55:33 : 216,800,000 : 0 : 23,258,734,450 : 94%
2022-05-30 02:14:21 : 216,900,000 : 0 : 23,268,434,000 : 94%
2022-05-30 02:32:51 : 217,000,000 : 0 : 23,278,133,550 : 94%
2022-05-30 02:51:08 : 217,100,000 : 0 : 23,287,833,100 : 94%
2022-05-30 03:09:48 : 217,200,000 : 0 : 23,297,270,500 : 94%
2022-05-30 03:27:38 : 217,300,000 : 0 : 23,306,970,050 : 94%
2022-05-30 03:46:48 : 217,400,000 : 0 : 23,316,800,675 : 94%
2022-05-30 04:07:17 : 217,500,000 : 0 : 23,326,762,375 : 94%
2022-05-30 04:29:32 : 217,600,000 : 0 : 23,336,724,075 : 94%
2022-05-30 04:52:18 : 217,700,000 : 0 : 23,346,947,925 : 94%
2022-05-30 05:16:32 : 217,800,000 : 0 : 23,356,909,625 : 94%
2022-05-30 05:41:43 : 217,900,000 : 0 : 23,367,133,475 : 94%
2022-05-30 06:08:37 : 218,000,000 : 0 : 23,377,357,325 : 94%
2022-05-30 06:37:09 : 218,100,000 : 0 : 23,387,581,175 : 95%
2022-05-30 07:06:41 : 218,200,000 : 0 : 23,397,805,025 : 95%
2022-05-30 07:37:32 : 218,300,000 : 0 : 23,408,159,950 : 95%
2022-05-30 08:09:31 : 218,400,000 : 0 : 23,418,514,875 : 95%
2022-05-30 08:42:27 : 218,500,000 : 0 : 23,429,000,875 : 95%
2022-05-30 09:15:31 : 218,600,000 : 0 : 23,439,355,800 : 95%
2022-05-30 09:48:42 : 218,700,000 : 0 : 23,449,710,725 : 95%
2022-05-30 10:20:56 : 218,800,000 : 0 : 23,459,934,575 : 95%
2022-05-30 10:51:55 : 218,900,000 : 0 : 23,480,644,425 : 95%
2022-05-30 11:20:27 : 219,000,000 : 0 : 23,490,999,350 : 95%
2022-05-30 11:47:05 : 219,100,000 : 0 : 23,501,485,350 : 95%
2022-05-30 12:11:31 : 219,200,000 : 0 : 23,511,971,350 : 95%
2022-05-30 12:34:33 : 219,300,000 : 0 : 23,522,326,275 : 95%
2022-05-30 12:56:08 : 219,400,000 : 0 : 23,532,812,275 : 95%
2022-05-30 13:16:31 : 219,500,000 : 0 : 23,543,429,350 : 95%
2022-05-30 13:36:08 : 219,600,000 : 0 : 23,554,046,425 : 95%
2022-05-30 13:54:58 : 219,700,000 : 0 : 23,564,663,500 : 95%
2022-05-30 14:13:06 : 219,800,000 : 0 : 23,575,149,500 : 95%
2022-05-30 14:30:38 : 219,900,000 : 0 : 23,585,897,650 : 95%
2022-05-30 14:47:46 : 220,000,000 : 0 : 23,596,514,725 : 95%
2022-05-30 15:04:38 : 220,100,000 : 0 : 23,607,131,800 : 95%
2022-05-30 15:21:17 : 220,200,000 : 0 : 23,617,748,875 : 95%
2022-05-30 15:37:43 : 220,300,000 : 0 : 23,628,497,025 : 95%
2022-05-30 15:53:57 : 220,400,000 : 0 : 23,639,245,175 : 96%
2022-05-30 16:10:00 : 220,500,000 : 0 : 23,649,862,250 : 96%
2022-05-30 16:25:51 : 220,600,000 : 0 : 23,660,479,325 : 96%
2022-05-30 16:41:41 : 220,700,000 : 0 : 23,671,096,400 : 96%
2022-05-30 16:57:38 : 220,800,000 : 0 : 23,681,844,550 : 96%
2022-05-30 17:13:35 : 220,900,000 : 0 : 23,692,330,550 : 96%
2022-05-30 17:29:33 : 221,000,000 : 0 : 23,713,433,625 : 96%
2022-05-30 17:45:38 : 221,100,000 : 0 : 23,724,050,700 : 96%
2022-05-30 18:01:59 : 221,200,000 : 0 : 23,734,536,700 : 96%
2022-05-30 18:18:22 : 221,300,000 : 0 : 23,745,022,700 : 96%
2022-05-30 18:34:38 : 221,400,000 : 0 : 23,755,508,700 : 96%
2022-05-30 18:51:18 : 221,500,000 : 0 : 23,766,125,775 : 96%
2022-05-30 19:08:12 : 221,600,000 : 0 : 23,776,611,775 : 96%
2022-05-30 19:25:14 : 221,700,000 : 0 : 23,787,097,775 : 96%
2022-05-30 19:42:15 : 221,800,000 : 0 : 23,797,583,775 : 96%
2022-05-30 19:59:16 : 221,900,000 : 0 : 23,808,069,775 : 96%
2022-05-30 20:16:37 : 222,000,000 : 0 : 23,818,424,700 : 96%
2022-05-30 20:33:45 : 222,100,000 : 0 : 23,828,910,700 : 96%
2022-05-30 20:50:47 : 222,200,000 : 0 : 23,839,396,700 : 96%
2022-05-30 21:08:02 : 222,300,000 : 0 : 23,849,751,625 : 96%
2022-05-30 21:25:38 : 222,400,000 : 0 : 23,860,237,625 : 96%
2022-05-30 21:43:29 : 222,500,000 : 0 : 23,870,723,625 : 96%
2022-05-30 22:01:34 : 222,600,000 : 0 : 23,881,078,550 : 97%
2022-05-30 22:19:31 : 222,700,000 : 0 : 23,891,433,475 : 97%
2022-05-30 22:37:34 : 222,800,000 : 0 : 23,901,788,400 : 97%
2022-05-30 22:56:01 : 222,900,000 : 0 : 23,912,143,325 : 97%
2022-05-30 23:14:31 : 223,000,000 : 0 : 23,922,367,175 : 97%
2022-05-30 23:33:18 : 223,100,000 : 0 : 23,942,814,875 : 97%
2022-05-30 23:52:12 : 223,200,000 : 0 : 23,953,169,800 : 97%
2022-05-31 00:11:08 : 223,300,000 : 0 : 23,963,262,575 : 97%
2022-05-31 00:29:45 : 223,400,000 : 0 : 23,973,355,350 : 97%
2022-05-31 00:48:02 : 223,500,000 : 0 : 23,983,448,125 : 97%
2022-05-31 01:06:26 : 223,600,000 : 0 : 23,993,409,825 : 97%
2022-05-31 01:24:58 : 223,700,000 : 0 : 24,003,502,600 : 97%
2022-05-31 01:43:22 : 223,800,000 : 0 : 24,013,595,375 : 97%
2022-05-31 02:01:56 : 223,900,000 : 0 : 24,023,688,150 : 97%
2022-05-31 02:20:40 : 224,000,000 : 0 : 24,033,649,850 : 97%
2022-05-31 02:39:31 : 224,100,000 : 0 : 24,043,611,550 : 97%
2022-05-31 02:58:52 : 224,200,000 : 0 : 24,053,573,250 : 97%
2022-05-31 03:19:12 : 224,300,000 : 0 : 24,063,797,100 : 97%
2022-05-31 03:40:32 : 224,400,000 : 0 : 24,074,020,950 : 97%
2022-05-31 04:02:55 : 224,500,000 : 0 : 24,084,244,800 : 97%
2022-05-31 04:26:14 : 224,600,000 : 0 : 24,094,468,650 : 97%
2022-05-31 04:50:25 : 224,700,000 : 0 : 24,104,692,500 : 97%
2022-05-31 05:15:26 : 224,800,000 : 0 : 24,114,916,350 : 97%
2022-05-31 05:41:36 : 224,900,000 : 0 : 24,125,140,200 : 98%
2022-05-31 06:09:15 : 225,000,000 : 0 : 24,135,495,125 : 98%
2022-05-31 06:38:47 : 225,100,000 : 0 : 24,145,850,050 : 98%
2022-05-31 07:09:10 : 225,200,000 : 0 : 24,156,204,975 : 98%
2022-05-31 07:41:06 : 225,300,000 : 0 : 24,166,559,900 : 98%
2022-05-31 08:14:07 : 225,400,000 : 0 : 24,177,045,900 : 98%
2022-05-31 08:47:09 : 225,500,000 : 0 : 24,197,886,825 : 98%
2022-05-31 09:20:32 : 225,600,000 : 0 : 24,208,241,750 : 98%
2022-05-31 09:53:05 : 225,700,000 : 0 : 24,218,596,675 : 98%
2022-05-31 10:24:00 : 225,800,000 : 0 : 24,228,820,525 : 98%
2022-05-31 10:52:29 : 225,900,000 : 0 : 24,239,306,525 : 98%
2022-05-31 11:18:59 : 226,000,000 : 0 : 24,249,661,450 : 98%
2022-05-31 11:43:19 : 226,100,000 : 0 : 24,260,147,450 : 98%
2022-05-31 12:06:09 : 226,200,000 : 0 : 24,270,502,375 : 98%
2022-05-31 12:27:46 : 226,300,000 : 0 : 24,281,119,450 : 98%
2022-05-31 12:48:13 : 226,400,000 : 0 : 24,291,736,525 : 98%
2022-05-31 13:07:42 : 226,500,000 : 0 : 24,302,222,525 : 98%
2022-05-31 13:26:23 : 226,600,000 : 0 : 24,312,970,675 : 98%
2022-05-31 13:44:22 : 226,700,000 : 0 : 24,323,587,750 : 98%
2022-05-31 14:01:42 : 226,800,000 : 0 : 24,334,204,825 : 98%
2022-05-31 14:18:43 : 226,900,000 : 0 : 24,344,821,900 : 98%
2022-05-31 14:35:12 : 227,000,000 : 0 : 24,355,570,050 : 98%
2022-05-31 14:51:18 : 227,100,000 : 0 : 24,366,449,275 : 98%
2022-05-31 15:07:06 : 227,200,000 : 0 : 24,377,197,425 : 99%
2022-05-31 15:22:50 : 227,300,000 : 0 : 24,387,945,575 : 99%
2022-05-31 15:38:24 : 227,400,000 : 0 : 24,398,693,725 : 99%
2022-05-31 15:53:45 : 227,500,000 : 0 : 24,420,190,025 : 99%
2022-05-31 16:09:13 : 227,600,000 : 0 : 24,431,069,250 : 99%
2022-05-31 16:24:36 : 227,700,000 : 0 : 24,441,817,400 : 99%
2022-05-31 16:39:56 : 227,800,000 : 0 : 24,452,565,550 : 99%
2022-05-31 16:55:04 : 227,900,000 : 0 : 24,463,313,700 : 99%
2022-05-31 17:10:11 : 228,000,000 : 0 : 24,474,061,850 : 99%
2022-05-31 17:25:19 : 228,100,000 : 0 : 24,484,810,000 : 99%
2022-05-31 17:40:27 : 228,200,000 : 0 : 24,495,558,150 : 99%
2022-05-31 17:55:35 : 228,300,000 : 0 : 24,506,175,225 : 99%
2022-05-31 18:10:44 : 228,400,000 : 0 : 24,516,792,300 : 99%
2022-05-31 18:26:05 : 228,500,000 : 0 : 24,527,540,450 : 99%
2022-05-31 18:41:23 : 228,600,000 : 0 : 24,538,157,525 : 99%
2022-05-31 18:56:37 : 228,700,000 : 0 : 24,548,774,600 : 99%
2022-05-31 19:20:04 : 228,800,000 : 0 : 24,559,784,900 : 99%
2022-05-31 19:38:54 : 228,900,000 : 0 : 24,570,139,825 : 99%
2022-05-31 19:54:46 : 229,000,000 : 0 : 24,580,756,900 : 99%
2022-05-31 20:10:15 : 229,100,000 : 0 : 24,591,242,900 : 99%
2022-05-31 20:25:39 : 229,200,000 : 0 : 24,601,859,975 : 99%
2022-05-31 20:41:23 : 229,300,000 : 0 : 24,612,477,050 : 99%
2022-05-31 20:57:06 : 229,400,000 : 0 : 24,633,580,125 : 100%
2022-05-31 21:13:01 : 229,500,000 : 0 : 24,644,066,125 : 100%
2022-05-31 21:29:04 : 229,600,000 : 0 : 24,654,683,200 : 100%
2022-05-31 21:45:25 : 229,700,000 : 0 : 24,665,169,200 : 100%
2022-05-31 22:01:49 : 229,800,000 : 0 : 24,675,655,200 : 100%
2022-05-31 22:18:18 : 229,900,000 : 0 : 24,686,141,200 : 100%
2022-05-31 22:34:57 : 230,000,000 : 0 : 24,696,627,200 : 100%
2022-05-31 22:52:01 : 230,100,000 : 0 : 24,707,113,200 : 100%
2022-05-31 23:09:16 : 230,200,000 : 0 : 24,717,337,050 : 100%
2022-05-31 23:26:23 : 230,300,000 : 0 : 24,727,691,975 : 100%
2022-05-31 23:43:44 : 230,400,000 : 0 : 24,738,046,900 : 100%
2022-06-01 00:17:40 : 100,000 : 0 : 22,151,675 : 0%
2022-06-01 00:35:15 : 200,000 : 0 : 32,637,675 : 0%
2022-06-01 00:52:39 : 300,000 : 0 : 42,861,525 : 0%
2022-06-01 01:09:18 : 400,000 : 0 : 53,085,375 : 0%
2022-06-01 01:26:22 : 500,000 : 0 : 63,178,150 : 0%
2022-06-01 01:43:19 : 600,000 : 0 : 73,270,925 : 0%
2022-06-01 02:00:40 : 700,000 : 0 : 83,363,700 : 0%
2022-06-01 02:18:19 : 800,000 : 0 : 93,456,475 : 0%
2022-06-01 02:36:06 : 900,000 : 0 : 103,418,175 : 0%
2022-06-01 02:54:03 : 1,000,000 : 0 : 113,510,950 : 0%
2022-06-01 03:12:40 : 1,100,000 : 0 : 123,603,725 : 1%
2022-06-01 03:32:07 : 1,200,000 : 0 : 133,696,500 : 1%
2022-06-01 03:52:33 : 1,300,000 : 0 : 143,920,350 : 1%
2022-06-01 04:14:06 : 1,400,000 : 0 : 154,013,125 : 1%
2022-06-01 04:36:39 : 1,500,000 : 0 : 164,236,975 : 1%
2022-06-01 05:00:28 : 1,600,000 : 0 : 174,329,750 : 1%
2022-06-01 05:25:27 : 1,700,000 : 0 : 184,422,525 : 1%
2022-06-01 05:51:30 : 1,800,000 : 0 : 194,777,450 : 1%
2022-06-01 06:18:59 : 1,900,000 : 0 : 204,870,225 : 1%
2022-06-01 06:47:56 : 2,000,000 : 0 : 215,225,150 : 1%
2022-06-01 07:18:34 : 2,100,000 : 0 : 225,449,000 : 1%
2022-06-01 07:50:06 : 2,200,000 : 0 : 235,803,925 : 1%
2022-06-01 08:22:29 : 2,300,000 : 0 : 246,158,850 : 1%
2022-06-01 08:55:29 : 2,400,000 : 0 : 266,868,700 : 1%
2022-06-01 09:28:37 : 2,500,000 : 0 : 277,223,625 : 1%
2022-06-01 10:00:31 : 2,600,000 : 0 : 287,447,475 : 1%
2022-06-01 10:30:15 : 2,700,000 : 0 : 297,671,325 : 1%
2022-06-01 10:57:50 : 2,800,000 : 0 : 308,026,250 : 1%
2022-06-01 11:23:32 : 2,900,000 : 0 : 318,381,175 : 1%
2022-06-01 11:47:21 : 3,000,000 : 0 : 328,736,100 : 1%
2022-06-01 12:09:36 : 3,100,000 : 0 : 339,091,025 : 1%
2022-06-01 12:30:57 : 3,200,000 : 0 : 349,708,100 : 1%
2022-06-01 12:50:59 : 3,300,000 : 0 : 360,194,100 : 2%
2022-06-01 13:10:11 : 3,400,000 : 0 : 370,811,175 : 2%
2022-06-01 13:28:16 : 3,500,000 : 0 : 381,428,250 : 2%
2022-06-01 13:45:48 : 3,600,000 : 0 : 392,045,325 : 2%
2022-06-01 14:02:43 : 3,700,000 : 0 : 402,662,400 : 2%
2022-06-01 14:19:16 : 3,800,000 : 0 : 413,148,400 : 2%
2022-06-01 14:35:26 : 3,900,000 : 0 : 423,896,550 : 2%
2022-06-01 14:51:20 : 4,000,000 : 0 : 434,513,625 : 2%
2022-06-01 15:07:17 : 4,100,000 : 0 : 445,130,700 : 2%
2022-06-01 15:22:54 : 4,200,000 : 0 : 455,747,775 : 2%
2022-06-01 15:38:34 : 4,300,000 : 0 : 466,364,850 : 2%
2022-06-01 15:53:58 : 4,400,000 : 0 : 477,113,000 : 2%
2022-06-01 16:09:14 : 4,500,000 : 0 : 498,347,150 : 2%
2022-06-01 16:24:26 : 4,600,000 : 0 : 508,964,225 : 2%
2022-06-01 16:39:35 : 4,700,000 : 0 : 519,581,300 : 2%
2022-06-01 16:54:30 : 4,800,000 : 0 : 530,198,375 : 2%
2022-06-01 17:09:34 : 4,900,000 : 0 : 540,815,450 : 2%
2022-06-01 17:24:36 : 5,000,000 : 0 : 551,432,525 : 2%
2022-06-01 17:39:33 : 5,100,000 : 0 : 561,918,525 : 2%
2022-06-01 17:54:32 : 5,200,000 : 0 : 572,535,600 : 2%
2022-06-01 18:09:34 : 5,300,000 : 0 : 583,021,600 : 2%
2022-06-01 18:25:07 : 5,400,000 : 0 : 593,507,600 : 3%
2022-06-01 18:40:10 : 5,500,000 : 0 : 603,862,525 : 3%
2022-06-01 18:55:04 : 5,600,000 : 0 : 614,348,525 : 3%
2022-06-01 19:10:01 : 5,700,000 : 0 : 624,572,375 : 3%
2022-06-01 19:24:43 : 5,800,000 : 0 : 634,796,225 : 3%
2022-06-01 19:39:39 : 5,900,000 : 0 : 645,020,075 : 3%
2022-06-01 19:54:24 : 6,000,000 : 0 : 655,243,925 : 3%
2022-06-01 20:09:14 : 6,100,000 : 0 : 665,205,625 : 3%
2022-06-01 20:24:14 : 6,200,000 : 0 : 675,429,475 : 3%
2022-06-01 20:39:18 : 6,300,000 : 0 : 685,653,325 : 3%
2022-06-01 20:54:20 : 6,400,000 : 0 : 696,008,250 : 3%
2022-06-01 21:09:46 : 6,500,000 : 0 : 706,363,175 : 3%
2022-06-01 21:25:33 : 6,600,000 : 0 : 727,073,025 : 3%
2022-06-01 21:41:31 : 6,700,000 : 0 : 737,427,950 : 3%
2022-06-01 21:57:30 : 6,800,000 : 0 : 747,520,725 : 3%
2022-06-01 22:13:26 : 6,900,000 : 0 : 757,744,575 : 3%
2022-06-01 22:29:51 : 7,000,000 : 0 : 767,968,425 : 3%
2022-06-01 22:46:43 : 7,100,000 : 0 : 778,323,350 : 3%
2022-06-01 23:03:38 : 7,200,000 : 0 : 788,416,125 : 3%
2022-06-01 23:20:52 : 7,300,000 : 0 : 798,508,900 : 3%
2022-06-01 23:38:22 : 7,400,000 : 0 : 808,601,675 : 3%
2022-06-01 23:55:57 : 7,500,000 : 0 : 818,694,450 : 3%
2022-06-02 00:13:02 : 7,600,000 : 0 : 828,656,150 : 4%
2022-06-02 00:29:51 : 7,700,000 : 0 : 838,617,850 : 4%
2022-06-02 00:46:39 : 7,800,000 : 0 : 848,579,550 : 4%
2022-06-02 01:03:47 : 7,900,000 : 0 : 858,541,250 : 4%
2022-06-02 01:21:18 : 8,000,000 : 0 : 868,502,950 : 4%
2022-06-02 01:38:41 : 8,100,000 : 0 : 878,464,650 : 4%
2022-06-02 01:56:12 : 8,200,000 : 0 : 888,426,350 : 4%
2022-06-02 02:13:49 : 8,300,000 : 0 : 898,519,125 : 4%
2022-06-02 02:31:52 : 8,400,000 : 0 : 908,480,825 : 4%
2022-06-02 02:50:20 : 8,500,000 : 0 : 918,573,600 : 4%
2022-06-02 03:09:26 : 8,600,000 : 0 : 928,666,375 : 4%
2022-06-02 03:29:15 : 8,700,000 : 0 : 938,759,150 : 4%
2022-06-02 03:49:40 : 8,800,000 : 0 : 948,851,925 : 4%
2022-06-02 04:10:59 : 8,900,000 : 0 : 958,813,625 : 4%
2022-06-02 04:33:34 : 9,000,000 : 0 : 979,261,325 : 4%
2022-06-02 04:57:25 : 9,100,000 : 0 : 989,354,100 : 4%
2022-06-02 05:22:06 : 9,200,000 : 0 : 999,577,950 : 4%
2022-06-02 05:47:57 : 9,300,000 : 0 : 1,009,408,575 : 4%
2022-06-02 06:14:59 : 9,400,000 : 0 : 1,019,632,425 : 4%
2022-06-02 06:44:30 : 9,500,000 : 0 : 1,029,856,275 : 4%
2022-06-02 07:15:01 : 9,600,000 : 0 : 1,040,211,200 : 4%
2022-06-02 07:46:32 : 9,700,000 : 0 : 1,050,435,050 : 4%
2022-06-02 08:19:27 : 9,800,000 : 0 : 1,060,789,975 : 4%
2022-06-02 08:52:54 : 9,900,000 : 0 : 1,071,144,900 : 5%
2022-06-02 09:26:05 : 10,000,000 : 0 : 1,081,368,750 : 5%
2022-06-02 09:58:31 : 10,100,000 : 0 : 1,091,592,600 : 5%
2022-06-02 10:28:16 : 10,200,000 : 0 : 1,101,816,450 : 5%
2022-06-02 10:55:47 : 10,300,000 : 0 : 1,112,040,300 : 5%
2022-06-02 11:21:19 : 10,400,000 : 0 : 1,122,395,225 : 5%
2022-06-02 11:45:05 : 10,500,000 : 0 : 1,132,619,075 : 5%
2022-06-02 12:07:40 : 10,600,000 : 0 : 1,142,974,000 : 5%
2022-06-02 12:29:07 : 10,700,000 : 0 : 1,153,460,000 : 5%
2022-06-02 12:49:10 : 10,800,000 : 0 : 1,163,814,925 : 5%
2022-06-02 13:08:07 : 10,900,000 : 0 : 1,174,300,925 : 5%
2022-06-02 13:26:25 : 11,000,000 : 0 : 1,184,918,000 : 5%
Decoding error with 134,217,728 bytes, reading another chunk
2022-06-02 13:44:06 : 11,100,000 : 0 : 1,206,021,075 : 5%
2022-06-02 14:01:23 : 11,200,000 : 0 : 1,206,021,075 : 5%
2022-06-02 14:18:14 : 11,300,000 : 0 : 1,216,638,150 : 5%
2022-06-02 14:34:44 : 11,400,000 : 0 : 1,238,003,375 : 5%
2022-06-02 14:50:58 : 11,500,000 : 0 : 1,248,751,525 : 5%
2022-06-02 15:07:00 : 11,600,000 : 0 : 1,259,237,525 : 5%
2022-06-02 15:22:32 : 11,700,000 : 0 : 1,269,854,600 : 5%
2022-06-02 15:38:15 : 11,800,000 : 0 : 1,280,602,750 : 5%
2022-06-02 15:53:44 : 11,900,000 : 0 : 1,291,219,825 : 5%
2022-06-02 16:09:20 : 12,000,000 : 0 : 1,301,967,975 : 6%
2022-06-02 16:24:45 : 12,100,000 : 0 : 1,312,585,050 : 6%
2022-06-02 16:40:11 : 12,200,000 : 0 : 1,323,333,200 : 6%
2022-06-02 16:55:25 : 12,300,000 : 0 : 1,333,950,275 : 6%
2022-06-02 17:10:47 : 12,400,000 : 0 : 1,344,567,350 : 6%
2022-06-02 17:26:04 : 12,500,000 : 0 : 1,355,184,425 : 6%
2022-06-02 17:41:16 : 12,600,000 : 0 : 1,365,801,500 : 6%
2022-06-02 17:56:36 : 12,700,000 : 0 : 1,376,418,575 : 6%
2022-06-02 18:12:18 : 12,800,000 : 0 : 1,387,035,650 : 6%
2022-06-02 18:27:58 : 12,900,000 : 0 : 1,397,652,725 : 6%
2022-06-02 18:43:28 : 13,000,000 : 0 : 1,408,138,725 : 6%
2022-06-02 18:59:18 : 13,100,000 : 0 : 1,418,755,800 : 6%
2022-06-02 19:15:13 : 13,200,000 : 0 : 1,429,241,800 : 6%
2022-06-02 19:31:09 : 13,300,000 : 0 : 1,439,858,875 : 6%
2022-06-02 19:47:04 : 13,400,000 : 0 : 1,460,830,875 : 6%
2022-06-02 20:02:48 : 13,500,000 : 0 : 1,471,447,950 : 6%
2022-06-02 20:18:59 : 13,600,000 : 0 : 1,481,933,950 : 6%
2022-06-02 20:35:02 : 13,700,000 : 0 : 1,492,419,950 : 6%
2022-06-02 20:51:12 : 13,800,000 : 0 : 1,502,905,950 : 6%
2022-06-02 21:07:41 : 13,900,000 : 0 : 1,513,391,950 : 6%
2022-06-02 21:24:18 : 14,000,000 : 0 : 1,523,746,875 : 6%
2022-06-02 21:40:44 : 14,100,000 : 0 : 1,534,101,800 : 6%
2022-06-02 21:57:20 : 14,200,000 : 0 : 1,544,456,725 : 7%
2022-06-02 22:14:06 : 14,300,000 : 0 : 1,554,549,500 : 7%
2022-06-02 22:30:41 : 14,400,000 : 0 : 1,564,642,275 : 7%
2022-06-02 22:47:14 : 14,500,000 : 0 : 1,574,735,050 : 7%
2022-06-02 23:04:24 : 14,600,000 : 0 : 1,584,958,900 : 7%
2022-06-02 23:22:03 : 14,700,000 : 0 : 1,595,313,825 : 7%
2022-06-02 23:40:10 : 14,800,000 : 0 : 1,605,406,600 : 7%
2022-06-02 23:58:12 : 14,900,000 : 0 : 1,615,630,450 : 7%
2022-06-03 00:16:18 : 15,000,000 : 0 : 1,625,723,225 : 7%
2022-06-03 00:34:28 : 15,100,000 : 0 : 1,635,684,925 : 7%
2022-06-03 00:52:17 : 15,200,000 : 0 : 1,645,777,700 : 7%
2022-06-03 01:09:57 : 15,300,000 : 0 : 1,655,608,325 : 7%
2022-06-03 01:27:32 : 15,400,000 : 0 : 1,665,438,950 : 7%
2022-06-03 01:44:20 : 15,500,000 : 0 : 1,675,007,425 : 7%
2022-06-03 02:01:31 : 15,600,000 : 0 : 1,684,706,975 : 7%
2022-06-03 02:18:49 : 15,700,000 : 0 : 1,704,237,150 : 7%
2022-06-03 02:36:26 : 15,800,000 : 0 : 1,713,936,700 : 7%
2022-06-03 02:54:03 : 15,900,000 : 0 : 1,723,767,325 : 7%
2022-06-03 03:11:58 : 16,000,000 : 0 : 1,733,335,800 : 7%
2022-06-03 03:29:43 : 16,100,000 : 0 : 1,743,166,425 : 7%
2022-06-03 03:48:46 : 16,200,000 : 0 : 1,753,128,125 : 7%
2022-06-03 04:09:37 : 16,300,000 : 0 : 1,763,220,900 : 7%
2022-06-03 04:31:38 : 16,400,000 : 0 : 1,773,313,675 : 7%
2022-06-03 04:54:39 : 16,500,000 : 0 : 1,783,406,450 : 8%
2022-06-03 05:18:54 : 16,600,000 : 0 : 1,793,499,225 : 8%
2022-06-03 05:44:27 : 16,700,000 : 0 : 1,803,592,000 : 8%
2022-06-03 06:11:45 : 16,800,000 : 0 : 1,813,815,850 : 8%
2022-06-03 06:40:52 : 16,900,000 : 0 : 1,824,039,700 : 8%
2022-06-03 07:11:37 : 17,000,000 : 0 : 1,834,263,550 : 8%
2022-06-03 07:43:46 : 17,100,000 : 0 : 1,844,618,475 : 8%
2022-06-03 08:17:26 : 17,200,000 : 0 : 1,854,842,325 : 8%
2022-06-03 08:51:17 : 17,300,000 : 0 : 1,865,066,175 : 8%
2022-06-03 09:25:07 : 17,400,000 : 0 : 1,875,421,100 : 8%
2022-06-03 09:58:22 : 17,500,000 : 0 : 1,885,644,950 : 8%
2022-06-03 10:28:44 : 17,600,000 : 0 : 1,895,868,800 : 8%
2022-06-03 10:57:28 : 17,700,000 : 0 : 1,906,223,725 : 8%
2022-06-03 11:23:53 : 17,800,000 : 0 : 1,916,447,575 : 8%
2022-06-03 11:48:18 : 17,900,000 : 0 : 1,926,671,425 : 8%
2022-06-03 12:10:57 : 18,000,000 : 0 : 1,937,026,350 : 8%
2022-06-03 12:32:35 : 18,100,000 : 0 : 1,957,998,350 : 8%
2022-06-03 12:52:39 : 18,200,000 : 0 : 1,968,484,350 : 8%
2022-06-03 13:11:54 : 18,300,000 : 0 : 1,978,970,350 : 8%
2022-06-03 13:29:50 : 18,400,000 : 0 : 1,989,456,350 : 8%
2022-06-03 13:47:14 : 18,500,000 : 0 : 2,000,073,425 : 8%
2022-06-03 14:04:20 : 18,600,000 : 0 : 2,010,690,500 : 9%
2022-06-03 14:21:05 : 18,700,000 : 0 : 2,021,307,575 : 9%
2022-06-03 14:37:19 : 18,800,000 : 0 : 2,031,924,650 : 9%
2022-06-03 14:53:20 : 18,900,000 : 0 : 2,042,672,800 : 9%
2022-06-03 15:09:15 : 19,000,000 : 0 : 2,053,289,875 : 9%
2022-06-03 15:24:53 : 19,100,000 : 0 : 2,063,906,950 : 9%
2022-06-03 15:40:30 : 19,200,000 : 0 : 2,074,392,950 : 9%
2022-06-03 15:55:42 : 19,300,000 : 0 : 2,085,010,025 : 9%
2022-06-03 16:11:11 : 19,400,000 : 0 : 2,095,627,100 : 9%
2022-06-03 16:26:10 : 19,500,000 : 0 : 2,106,244,175 : 9%
2022-06-03 16:41:27 : 19,600,000 : 0 : 2,116,861,250 : 9%
2022-06-03 16:56:57 : 19,700,000 : 0 : 2,127,478,325 : 9%
2022-06-03 17:12:27 : 19,800,000 : 0 : 2,137,964,325 : 9%
2022-06-03 17:28:21 : 19,900,000 : 0 : 2,148,581,400 : 9%
2022-06-03 17:44:33 : 20,000,000 : 0 : 2,159,329,550 : 9%
2022-06-03 18:00:59 : 20,100,000 : 0 : 2,169,946,625 : 9%
2022-06-03 18:17:49 : 20,200,000 : 0 : 2,191,180,775 : 9%
2022-06-03 18:34:36 : 20,300,000 : 0 : 2,201,666,775 : 9%
2022-06-03 18:51:33 : 20,400,000 : 0 : 2,212,152,775 : 9%
2022-06-03 19:08:45 : 20,500,000 : 0 : 2,222,638,775 : 9%
2022-06-03 19:26:01 : 20,600,000 : 0 : 2,232,862,625 : 9%
2022-06-03 19:43:01 : 20,700,000 : 0 : 2,243,217,550 : 9%
2022-06-03 20:00:24 : 20,800,000 : 0 : 2,253,572,475 : 10%
2022-06-03 20:18:06 : 20,900,000 : 0 : 2,263,927,400 : 10%
2022-06-03 20:35:48 : 21,000,000 : 0 : 2,274,282,325 : 10%
2022-06-03 20:53:46 : 21,100,000 : 0 : 2,284,637,250 : 10%
2022-06-03 21:12:14 : 21,200,000 : 0 : 2,294,861,100 : 10%
2022-06-03 21:30:48 : 21,300,000 : 0 : 2,305,084,950 : 10%
2022-06-03 21:49:38 : 21,400,000 : 0 : 2,315,308,800 : 10%
2022-06-03 22:08:51 : 21,500,000 : 0 : 2,325,532,650 : 10%
2022-06-03 22:28:27 : 21,600,000 : 0 : 2,335,756,500 : 10%
2022-06-03 22:48:15 : 21,700,000 : 0 : 2,345,980,350 : 10%
2022-06-03 23:08:12 : 21,800,000 : 0 : 2,355,942,050 : 10%
2022-06-03 23:28:35 : 21,900,000 : 0 : 2,366,034,825 : 10%
2022-06-03 23:49:25 : 22,000,000 : 0 : 2,375,996,525 : 10%
2022-06-04 00:10:40 : 22,100,000 : 0 : 2,386,089,300 : 10%
2022-06-04 00:31:41 : 22,200,000 : 0 : 2,395,919,925 : 10%
2022-06-04 00:52:34 : 22,300,000 : 0 : 2,405,750,550 : 10%
2022-06-04 01:13:18 : 22,400,000 : 0 : 2,425,149,650 : 10%
2022-06-04 01:34:27 : 22,500,000 : 0 : 2,434,980,275 : 10%
2022-06-04 01:55:43 : 22,600,000 : 0 : 2,444,810,900 : 10%
2022-06-04 02:17:31 : 22,700,000 : 0 : 2,454,510,450 : 10%
2022-06-04 02:39:15 : 22,800,000 : 0 : 2,464,078,925 : 10%
2022-06-04 03:01:08 : 22,900,000 : 0 : 2,473,909,550 : 10%
2022-06-04 03:24:34 : 23,000,000 : 0 : 2,483,740,175 : 11%
2022-06-04 03:48:32 : 23,100,000 : 0 : 2,493,570,800 : 11%
2022-06-04 04:13:38 : 23,200,000 : 0 : 2,503,270,350 : 11%
2022-06-04 04:39:59 : 23,300,000 : 0 : 2,512,969,900 : 11%
2022-06-04 05:07:33 : 23,400,000 : 0 : 2,522,800,525 : 11%
2022-06-04 05:37:13 : 23,500,000 : 0 : 2,532,500,075 : 11%
2022-06-04 06:07:52 : 23,600,000 : 0 : 2,542,330,700 : 11%
2022-06-04 06:40:49 : 23,700,000 : 0 : 2,552,292,400 : 11%
2022-06-04 07:15:12 : 23,800,000 : 0 : 2,561,991,950 : 11%
2022-06-04 07:51:09 : 23,900,000 : 0 : 2,571,822,575 : 11%
2022-06-04 08:28:30 : 24,000,000 : 0 : 2,581,784,275 : 11%
2022-06-04 09:06:32 : 24,100,000 : 0 : 2,591,745,975 : 11%
2022-06-04 09:44:35 : 24,200,000 : 0 : 2,601,445,525 : 11%
2022-06-04 10:21:24 : 24,300,000 : 0 : 2,611,276,150 : 11%
2022-06-04 10:55:52 : 24,400,000 : 0 : 2,620,975,700 : 11%
2022-06-04 11:28:26 : 24,500,000 : 0 : 2,630,937,400 : 11%
2022-06-04 11:58:32 : 24,600,000 : 0 : 2,640,899,100 : 11%
2022-06-04 12:26:34 : 24,700,000 : 0 : 2,650,991,875 : 11%
2022-06-04 12:53:02 : 24,800,000 : 0 : 2,661,215,725 : 11%
2022-06-04 13:17:37 : 24,900,000 : 0 : 2,671,308,500 : 11%
2022-06-04 13:40:53 : 25,000,000 : 0 : 2,691,625,125 : 11%
2022-06-04 14:03:09 : 25,100,000 : 0 : 2,701,717,900 : 11%
2022-06-04 14:24:31 : 25,200,000 : 0 : 2,711,810,675 : 11%
2022-06-04 14:45:21 : 25,300,000 : 0 : 2,722,165,600 : 12%
2022-06-04 15:05:41 : 25,400,000 : 0 : 2,732,389,450 : 12%
2022-06-04 15:25:54 : 25,500,000 : 0 : 2,742,613,300 : 12%
2022-06-04 15:45:32 : 25,600,000 : 0 : 2,752,837,150 : 12%
2022-06-04 16:04:39 : 25,700,000 : 0 : 2,762,929,925 : 12%
2022-06-04 16:23:31 : 25,800,000 : 0 : 2,773,022,700 : 12%
2022-06-04 16:42:36 : 25,900,000 : 0 : 2,783,246,550 : 12%
2022-06-04 17:01:38 : 26,000,000 : 0 : 2,793,339,325 : 12%
2022-06-04 17:20:34 : 26,100,000 : 0 : 2,803,432,100 : 12%
2022-06-04 17:39:28 : 26,200,000 : 0 : 2,813,524,875 : 12%
2022-06-04 17:58:38 : 26,300,000 : 0 : 2,823,617,650 : 12%
2022-06-04 18:17:48 : 26,400,000 : 0 : 2,833,710,425 : 12%
2022-06-04 18:37:30 : 26,500,000 : 0 : 2,843,803,200 : 12%
2022-06-04 18:57:06 : 26,600,000 : 0 : 2,853,895,975 : 12%
2022-06-04 19:17:05 : 26,700,000 : 0 : 2,863,988,750 : 12%
2022-06-04 19:37:14 : 26,800,000 : 0 : 2,874,081,525 : 12%
2022-06-04 19:57:18 : 26,900,000 : 0 : 2,884,043,225 : 12%
2022-06-04 20:17:02 : 27,000,000 : 0 : 2,894,136,000 : 12%
2022-06-04 20:36:15 : 27,100,000 : 0 : 2,904,097,700 : 12%
2022-06-04 20:55:14 : 27,200,000 : 0 : 2,914,190,475 : 12%
2022-06-04 21:14:14 : 27,300,000 : 0 : 2,924,283,250 : 12%
2022-06-04 21:33:05 : 27,400,000 : 0 : 2,944,468,800 : 12%
2022-06-04 21:52:12 : 27,500,000 : 0 : 2,954,430,500 : 12%
2022-06-04 22:11:16 : 27,600,000 : 0 : 2,964,523,275 : 13%
2022-06-04 22:30:48 : 27,700,000 : 0 : 2,974,616,050 : 13%
2022-06-04 22:50:21 : 27,800,000 : 0 : 2,984,446,675 : 13%
2022-06-04 23:09:58 : 27,900,000 : 0 : 2,994,408,375 : 13%
2022-06-04 23:29:43 : 28,000,000 : 0 : 3,004,501,150 : 13%
2022-06-04 23:49:50 : 28,100,000 : 0 : 3,014,462,850 : 13%
2022-06-05 00:10:01 : 28,200,000 : 0 : 3,024,293,475 : 13%
2022-06-05 00:29:57 : 28,300,000 : 0 : 3,034,124,100 : 13%
2022-06-05 00:49:55 : 28,400,000 : 0 : 3,043,954,725 : 13%
2022-06-05 01:10:06 : 28,500,000 : 0 : 3,053,785,350 : 13%
2022-06-05 01:30:35 : 28,600,000 : 0 : 3,063,615,975 : 13%
2022-06-05 01:51:06 : 28,700,000 : 0 : 3,073,446,600 : 13%
2022-06-05 02:12:00 : 28,800,000 : 0 : 3,083,146,150 : 13%
2022-06-05 02:32:59 : 28,900,000 : 0 : 3,092,976,775 : 13%
2022-06-05 02:54:09 : 29,000,000 : 0 : 3,102,807,400 : 13%
2022-06-05 03:15:39 : 29,100,000 : 0 : 3,112,506,950 : 13%
2022-06-05 03:38:03 : 29,200,000 : 0 : 3,122,337,575 : 13%
2022-06-05 04:01:05 : 29,300,000 : 0 : 3,132,168,200 : 13%
2022-06-05 04:25:01 : 29,400,000 : 0 : 3,141,998,825 : 13%
2022-06-05 04:49:54 : 29,500,000 : 0 : 3,151,829,450 : 13%
2022-06-05 05:16:03 : 29,600,000 : 0 : 3,161,660,075 : 13%
2022-06-05 05:42:47 : 29,700,000 : 0 : 3,171,490,700 : 13%
2022-06-05 06:11:30 : 29,800,000 : 0 : 3,181,452,400 : 13%
2022-06-05 06:42:02 : 29,900,000 : 0 : 3,191,414,100 : 13%
2022-06-05 07:14:01 : 30,000,000 : 0 : 3,211,468,575 : 14%
2022-06-05 07:46:49 : 30,100,000 : 0 : 3,221,561,350 : 14%
2022-06-05 08:20:16 : 30,200,000 : 0 : 3,231,654,125 : 14%
2022-06-05 08:54:36 : 30,300,000 : 0 : 3,241,746,900 : 14%
2022-06-05 09:28:33 : 30,400,000 : 0 : 3,251,839,675 : 14%
2022-06-05 10:02:15 : 30,500,000 : 0 : 3,261,801,375 : 14%
2022-06-05 10:35:37 : 30,600,000 : 0 : 3,271,894,150 : 14%
2022-06-05 11:07:14 : 30,700,000 : 0 : 3,281,855,850 : 14%
2022-06-05 11:36:30 : 30,800,000 : 0 : 3,291,948,625 : 14%
2022-06-05 12:03:43 : 30,900,000 : 0 : 3,302,172,475 : 14%
2022-06-05 12:29:22 : 31,000,000 : 0 : 3,312,396,325 : 14%
2022-06-05 12:53:16 : 31,100,000 : 0 : 3,322,489,100 : 14%
2022-06-05 13:15:47 : 31,200,000 : 0 : 3,332,844,025 : 14%
2022-06-05 13:37:20 : 31,300,000 : 0 : 3,343,067,875 : 14%
2022-06-05 13:57:37 : 31,400,000 : 0 : 3,353,422,800 : 14%
2022-06-05 14:17:30 : 31,500,000 : 0 : 3,363,777,725 : 14%
2022-06-05 14:36:35 : 31,600,000 : 0 : 3,374,263,725 : 14%
2022-06-05 14:55:10 : 31,700,000 : 0 : 3,384,749,725 : 14%
2022-06-05 15:13:23 : 31,800,000 : 0 : 3,395,104,650 : 14%
2022-06-05 15:31:17 : 31,900,000 : 0 : 3,405,459,575 : 14%
2022-06-05 15:48:53 : 32,000,000 : 0 : 3,415,814,500 : 14%
2022-06-05 16:06:06 : 32,100,000 : 0 : 3,436,655,425 : 15%
2022-06-05 16:23:22 : 32,200,000 : 0 : 3,447,010,350 : 15%
2022-06-05 16:40:42 : 32,300,000 : 0 : 3,457,496,350 : 15%
2022-06-05 16:58:04 : 32,400,000 : 0 : 3,467,851,275 : 15%
2022-06-05 17:15:13 : 32,500,000 : 0 : 3,478,206,200 : 15%
2022-06-05 17:32:15 : 32,600,000 : 0 : 3,488,561,125 : 15%
2022-06-05 17:49:20 : 32,700,000 : 0 : 3,498,916,050 : 15%
2022-06-05 18:06:16 : 32,800,000 : 0 : 3,509,139,900 : 15%
2022-06-05 18:23:29 : 32,900,000 : 0 : 3,519,363,750 : 15%
2022-06-05 18:40:43 : 33,000,000 : 0 : 3,529,587,600 : 15%
2022-06-05 18:58:16 : 33,100,000 : 0 : 3,539,942,525 : 15%
2022-06-05 19:15:49 : 33,200,000 : 0 : 3,550,297,450 : 15%
2022-06-05 19:33:18 : 33,300,000 : 0 : 3,560,390,225 : 15%
2022-06-05 19:50:38 : 33,400,000 : 0 : 3,570,614,075 : 15%
2022-06-05 20:08:12 : 33,500,000 : 0 : 3,580,837,925 : 15%
2022-06-05 20:25:44 : 33,600,000 : 0 : 3,591,061,775 : 15%
2022-06-05 20:43:09 : 33,700,000 : 0 : 3,601,154,550 : 15%
2022-06-05 21:00:34 : 33,800,000 : 0 : 3,611,247,325 : 15%
2022-06-05 21:17:59 : 33,900,000 : 0 : 3,621,471,175 : 15%
2022-06-05 21:35:32 : 34,000,000 : 0 : 3,631,432,875 : 15%
2022-06-05 21:53:08 : 34,100,000 : 0 : 3,641,656,725 : 15%
2022-06-05 22:11:11 : 34,200,000 : 0 : 3,661,973,350 : 15%
2022-06-05 22:29:34 : 34,300,000 : 0 : 3,672,197,200 : 16%
2022-06-05 22:47:59 : 34,400,000 : 0 : 3,682,289,975 : 16%
2022-06-05 23:06:23 : 34,500,000 : 0 : 3,692,513,825 : 16%
2022-06-05 23:25:21 : 34,600,000 : 0 : 3,702,606,600 : 16%
2022-06-05 23:44:36 : 34,700,000 : 0 : 3,712,699,375 : 16%
2022-06-06 00:03:45 : 34,800,000 : 0 : 3,722,792,150 : 16%
2022-06-06 00:22:21 : 34,900,000 : 0 : 3,732,622,775 : 16%
2022-06-06 00:40:41 : 35,000,000 : 0 : 3,742,584,475 : 16%
2022-06-06 00:58:58 : 35,100,000 : 0 : 3,752,415,100 : 16%
2022-06-06 01:17:32 : 35,200,000 : 0 : 3,762,376,800 : 16%
2022-06-06 01:36:10 : 35,300,000 : 0 : 3,772,338,500 : 16%
2022-06-06 01:55:04 : 35,400,000 : 0 : 3,782,169,125 : 16%
2022-06-06 02:13:32 : 35,500,000 : 0 : 3,791,999,750 : 16%
2022-06-06 02:32:46 : 35,600,000 : 0 : 3,801,830,375 : 16%
2022-06-06 02:51:51 : 35,700,000 : 0 : 3,811,792,075 : 16%
2022-06-06 03:12:15 : 35,800,000 : 0 : 3,821,884,850 : 16%
2022-06-06 03:33:56 : 35,900,000 : 0 : 3,831,977,625 : 16%
2022-06-06 03:56:36 : 36,000,000 : 0 : 3,842,070,400 : 16%
2022-06-06 04:20:37 : 36,100,000 : 0 : 3,852,294,250 : 16%
2022-06-06 04:45:50 : 36,200,000 : 0 : 3,862,387,025 : 16%
2022-06-06 05:12:41 : 36,300,000 : 0 : 3,872,610,875 : 16%
2022-06-06 05:40:52 : 36,400,000 : 0 : 3,882,834,725 : 16%
2022-06-06 06:10:32 : 36,500,000 : 0 : 3,903,151,350 : 17%
2022-06-06 06:42:12 : 36,600,000 : 0 : 3,913,506,275 : 17%
2022-06-06 07:15:43 : 36,700,000 : 0 : 3,923,730,125 : 17%
2022-06-06 07:50:02 : 36,800,000 : 0 : 3,934,085,050 : 17%
2022-06-06 08:25:10 : 36,900,000 : 0 : 3,944,308,900 : 17%
2022-06-06 09:01:07 : 37,000,000 : 0 : 3,954,532,750 : 17%
2022-06-06 09:35:06 : 37,100,000 : 0 : 3,964,625,525 : 17%
2022-06-06 10:07:38 : 37,200,000 : 0 : 3,974,849,375 : 17%
2022-06-06 10:39:10 : 37,300,000 : 0 : 3,985,204,300 : 17%
2022-06-06 11:08:07 : 37,400,000 : 0 : 3,995,559,225 : 17%
2022-06-06 11:35:22 : 37,500,000 : 0 : 4,005,914,150 : 17%
2022-06-06 12:00:14 : 37,600,000 : 0 : 4,016,400,150 : 17%
2022-06-06 12:23:38 : 37,700,000 : 0 : 4,026,886,150 : 17%
2022-06-06 12:45:42 : 37,800,000 : 0 : 4,037,372,150 : 17%
2022-06-06 13:06:34 : 37,900,000 : 0 : 4,047,989,225 : 17%
2022-06-06 13:26:23 : 38,000,000 : 0 : 4,058,606,300 : 17%
2022-06-06 13:45:21 : 38,100,000 : 0 : 4,068,961,225 : 17%
2022-06-06 14:03:25 : 38,200,000 : 0 : 4,079,316,150 : 17%
2022-06-06 14:21:07 : 38,300,000 : 0 : 4,089,933,225 : 17%
2022-06-06 14:38:33 : 38,400,000 : 0 : 4,100,681,375 : 17%
2022-06-06 14:55:29 : 38,500,000 : 0 : 4,122,308,750 : 17%
2022-06-06 15:12:14 : 38,600,000 : 0 : 4,132,925,825 : 17%
2022-06-06 15:28:22 : 38,700,000 : 0 : 4,143,542,900 : 18%
2022-06-06 15:44:13 : 38,800,000 : 0 : 4,154,159,975 : 18%
2022-06-06 16:00:06 : 38,900,000 : 0 : 4,164,908,125 : 18%
2022-06-06 16:15:48 : 39,000,000 : 0 : 4,175,525,200 : 18%
2022-06-06 16:31:17 : 39,100,000 : 0 : 4,186,142,275 : 18%
2022-06-06 16:46:47 : 39,200,000 : 0 : 4,196,759,350 : 18%
2022-06-06 17:02:09 : 39,300,000 : 0 : 4,207,507,500 : 18%
2022-06-06 17:17:42 : 39,400,000 : 0 : 4,218,124,575 : 18%
2022-06-06 17:33:13 : 39,500,000 : 0 : 4,228,741,650 : 18%
2022-06-06 17:48:45 : 39,600,000 : 0 : 4,239,489,800 : 18%
2022-06-06 18:04:17 : 39,700,000 : 0 : 4,249,975,800 : 18%
2022-06-06 18:19:55 : 39,800,000 : 0 : 4,260,592,875 : 18%
2022-06-06 18:35:27 : 39,900,000 : 0 : 4,271,209,950 : 18%
2022-06-06 18:51:10 : 40,000,000 : 0 : 4,281,827,025 : 18%
2022-06-06 19:06:54 : 40,100,000 : 0 : 4,292,444,100 : 18%
2022-06-06 19:22:22 : 40,200,000 : 0 : 4,302,930,100 : 18%
2022-06-06 19:37:58 : 40,300,000 : 0 : 4,313,547,175 : 18%
2022-06-06 19:53:42 : 40,400,000 : 0 : 4,324,164,250 : 18%
2022-06-06 20:09:49 : 40,500,000 : 0 : 4,345,398,400 : 18%
2022-06-06 20:25:39 : 40,600,000 : 0 : 4,355,884,400 : 18%
2022-06-06 20:41:24 : 40,700,000 : 0 : 4,366,370,400 : 18%
2022-06-06 20:57:13 : 40,800,000 : 0 : 4,376,856,400 : 19%
2022-06-06 21:13:06 : 40,900,000 : 0 : 4,387,342,400 : 19%
2022-06-06 21:29:20 : 41,000,000 : 0 : 4,397,828,400 : 19%
2022-06-06 21:45:59 : 41,100,000 : 0 : 4,408,314,400 : 19%
2022-06-06 22:02:50 : 41,200,000 : 0 : 4,418,669,325 : 19%
2022-06-06 22:20:04 : 41,300,000 : 0 : 4,429,155,325 : 19%
2022-06-06 22:37:19 : 41,400,000 : 0 : 4,439,510,250 : 19%
2022-06-06 22:55:06 : 41,500,000 : 0 : 4,449,996,250 : 19%
2022-06-06 23:12:54 : 41,600,000 : 0 : 4,460,482,250 : 19%
2022-06-06 23:31:10 : 41,700,000 : 0 : 4,470,837,175 : 19%
2022-06-06 23:49:40 : 41,800,000 : 0 : 4,481,323,175 : 19%
2022-06-07 00:08:04 : 41,900,000 : 0 : 4,491,547,025 : 19%
2022-06-07 00:26:12 : 42,000,000 : 0 : 4,501,770,875 : 19%
2022-06-07 00:44:33 : 42,100,000 : 0 : 4,511,863,650 : 19%
2022-06-07 01:02:49 : 42,200,000 : 0 : 4,522,087,500 : 19%
2022-06-07 01:21:03 : 42,300,000 : 0 : 4,532,180,275 : 19%
2022-06-07 01:39:33 : 42,400,000 : 0 : 4,542,273,050 : 19%
2022-06-07 01:58:01 : 42,500,000 : 0 : 4,552,365,825 : 19%
2022-06-07 02:16:22 : 42,600,000 : 0 : 4,572,289,225 : 19%
2022-06-07 02:35:06 : 42,700,000 : 0 : 4,582,250,925 : 19%
2022-06-07 02:53:53 : 42,800,000 : 0 : 4,592,212,625 : 19%
2022-06-07 03:13:18 : 42,900,000 : 0 : 4,602,174,325 : 19%
2022-06-07 03:33:07 : 43,000,000 : 0 : 4,612,136,025 : 20%
2022-06-07 03:54:12 : 43,100,000 : 0 : 4,622,359,875 : 20%
2022-06-07 04:16:30 : 43,200,000 : 0 : 4,632,321,575 : 20%
2022-06-07 04:39:53 : 43,300,000 : 0 : 4,642,545,425 : 20%
2022-06-07 05:04:30 : 43,400,000 : 0 : 4,652,638,200 : 20%
2022-06-07 05:30:08 : 43,500,000 : 0 : 4,662,862,050 : 20%
2022-06-07 05:57:29 : 43,600,000 : 0 : 4,672,954,825 : 20%
2022-06-07 06:26:03 : 43,700,000 : 0 : 4,683,178,675 : 20%
2022-06-07 06:56:23 : 43,800,000 : 0 : 4,693,402,525 : 20%
2022-06-07 07:28:35 : 43,900,000 : 0 : 4,703,626,375 : 20%
2022-06-07 08:02:33 : 44,000,000 : 0 : 4,713,981,300 : 20%
2022-06-07 08:36:41 : 44,100,000 : 0 : 4,724,205,150 : 20%
2022-06-07 09:11:37 : 44,200,000 : 0 : 4,734,429,000 : 20%
2022-06-07 09:46:01 : 44,300,000 : 0 : 4,744,783,925 : 20%
2022-06-07 10:18:43 : 44,400,000 : 0 : 4,755,138,850 : 20%
2022-06-07 10:48:52 : 44,500,000 : 0 : 4,765,493,775 : 20%
2022-06-07 11:16:37 : 44,600,000 : 0 : 4,775,848,700 : 20%
2022-06-07 11:42:14 : 44,700,000 : 0 : 4,786,334,700 : 20%
2022-06-07 12:06:01 : 44,800,000 : 0 : 4,796,820,700 : 20%
2022-06-07 12:28:26 : 44,900,000 : 0 : 4,817,923,775 : 20%
2022-06-07 12:49:12 : 45,000,000 : 0 : 4,828,671,925 : 20%
2022-06-07 13:09:14 : 45,100,000 : 0 : 4,839,289,000 : 20%
2022-06-07 13:28:10 : 45,200,000 : 0 : 4,850,037,150 : 21%
2022-06-07 13:46:37 : 45,300,000 : 0 : 4,860,785,300 : 21%
2022-06-07 14:04:19 : 45,400,000 : 0 : 4,871,533,450 : 21%
2022-06-07 14:21:26 : 45,500,000 : 0 : 4,882,281,600 : 21%
2022-06-07 14:38:06 : 45,600,000 : 0 : 4,893,029,750 : 21%
2022-06-07 14:54:17 : 45,700,000 : 0 : 4,903,777,900 : 21%
2022-06-07 15:10:26 : 45,800,000 : 0 : 4,914,657,125 : 21%
2022-06-07 15:26:23 : 45,900,000 : 0 : 4,925,405,275 : 21%
2022-06-07 15:42:15 : 46,000,000 : 0 : 4,936,153,425 : 21%
2022-06-07 15:58:04 : 46,100,000 : 0 : 4,947,032,650 : 21%
2022-06-07 16:13:40 : 46,200,000 : 0 : 4,957,780,800 : 21%
2022-06-07 16:29:04 : 46,300,000 : 0 : 4,968,528,950 : 21%
2022-06-07 16:44:18 : 46,400,000 : 0 : 4,979,277,100 : 21%
2022-06-07 16:59:34 : 46,500,000 : 0 : 4,990,156,325 : 21%
2022-06-07 17:14:51 : 46,600,000 : 0 : 5,000,904,475 : 21%
2022-06-07 17:29:53 : 46,700,000 : 0 : 5,011,652,625 : 21%
2022-06-07 17:45:09 : 46,800,000 : 0 : 5,033,148,925 : 21%
2022-06-07 18:00:36 : 46,900,000 : 0 : 5,043,897,075 : 21%
2022-06-07 18:16:17 : 47,000,000 : 0 : 5,054,514,150 : 21%
2022-06-07 18:31:35 : 47,100,000 : 0 : 5,065,131,225 : 21%
2022-06-07 18:47:14 : 47,200,000 : 0 : 5,075,879,375 : 21%
2022-06-07 19:02:59 : 47,300,000 : 0 : 5,086,496,450 : 22%
2022-06-07 19:18:43 : 47,400,000 : 0 : 5,097,113,525 : 22%
2022-06-07 19:34:16 : 47,500,000 : 0 : 5,107,730,600 : 22%
2022-06-07 19:49:56 : 47,600,000 : 0 : 5,118,347,675 : 22%
2022-06-07 20:05:32 : 47,700,000 : 0 : 5,128,833,675 : 22%
2022-06-07 20:21:35 : 47,800,000 : 0 : 5,139,319,675 : 22%
2022-06-07 20:37:52 : 47,900,000 : 0 : 5,149,805,675 : 22%
2022-06-07 20:54:22 : 48,000,000 : 0 : 5,160,422,750 : 22%
2022-06-07 21:11:30 : 48,100,000 : 0 : 5,170,908,750 : 22%
2022-06-07 21:29:13 : 48,200,000 : 0 : 5,181,394,750 : 22%
2022-06-07 21:47:11 : 48,300,000 : 0 : 5,191,880,750 : 22%
2022-06-07 22:05:01 : 48,400,000 : 0 : 5,202,366,750 : 22%
2022-06-07 22:22:53 : 48,500,000 : 0 : 5,212,590,600 : 22%
2022-06-07 22:41:04 : 48,600,000 : 0 : 5,223,076,600 : 22%
2022-06-07 22:59:23 : 48,700,000 : 0 : 5,243,786,450 : 22%
2022-06-07 23:17:50 : 48,800,000 : 0 : 5,254,272,450 : 22%
2022-06-07 23:36:07 : 48,900,000 : 0 : 5,264,627,375 : 22%
2022-06-07 23:54:39 : 49,000,000 : 0 : 5,274,982,300 : 22%
2022-06-08 00:13:17 : 49,100,000 : 0 : 5,285,075,075 : 22%
2022-06-08 00:31:39 : 49,200,000 : 0 : 5,295,167,850 : 22%
2022-06-08 00:50:02 : 49,300,000 : 0 : 5,305,260,625 : 22%
2022-06-08 01:08:37 : 49,400,000 : 0 : 5,315,484,475 : 22%
2022-06-08 01:27:32 : 49,500,000 : 0 : 5,325,577,250 : 23%
2022-06-08 01:46:02 : 49,600,000 : 0 : 5,335,670,025 : 23%
2022-06-08 02:04:23 : 49,700,000 : 0 : 5,345,500,650 : 23%
2022-06-08 02:22:33 : 49,800,000 : 0 : 5,355,331,275 : 23%
2022-06-08 02:41:04 : 49,900,000 : 0 : 5,365,161,900 : 23%
2022-06-08 03:00:08 : 50,000,000 : 0 : 5,374,992,525 : 23%
2022-06-08 03:20:27 : 50,100,000 : 0 : 5,385,216,375 : 23%
2022-06-08 03:41:43 : 50,200,000 : 0 : 5,395,440,225 : 23%
2022-06-08 04:03:48 : 50,300,000 : 0 : 5,405,664,075 : 23%
2022-06-08 04:27:03 : 50,400,000 : 0 : 5,415,887,925 : 23%
2022-06-08 04:51:26 : 50,500,000 : 0 : 5,426,242,850 : 23%
2022-06-08 05:16:27 : 50,600,000 : 0 : 5,436,335,625 : 23%
2022-06-08 05:42:27 : 50,700,000 : 0 : 5,446,559,475 : 23%
2022-06-08 06:09:38 : 50,800,000 : 0 : 5,456,652,250 : 23%
2022-06-08 06:38:26 : 50,900,000 : 0 : 5,477,231,025 : 23%
2022-06-08 07:08:47 : 51,000,000 : 0 : 5,487,454,875 : 23%
2022-06-08 07:40:23 : 51,100,000 : 0 : 5,497,678,725 : 23%
2022-06-08 08:13:13 : 51,200,000 : 0 : 5,508,033,650 : 23%
2022-06-08 08:46:24 : 51,300,000 : 0 : 5,518,257,500 : 23%
2022-06-08 09:19:06 : 51,400,000 : 0 : 5,528,481,350 : 23%
2022-06-08 09:51:39 : 51,500,000 : 0 : 5,538,836,275 : 23%
2022-06-08 10:22:24 : 51,600,000 : 0 : 5,548,929,050 : 23%
2022-06-08 10:50:52 : 51,700,000 : 0 : 5,559,152,900 : 24%
2022-06-08 11:16:47 : 51,800,000 : 0 : 5,569,376,750 : 24%
2022-06-08 11:40:41 : 51,900,000 : 0 : 5,579,600,600 : 24%
2022-06-08 12:03:13 : 52,000,000 : 0 : 5,589,955,525 : 24%
2022-06-08 12:24:22 : 52,100,000 : 0 : 5,600,310,450 : 24%
2022-06-08 12:44:42 : 52,200,000 : 0 : 5,610,927,525 : 24%
2022-06-08 13:04:09 : 52,300,000 : 0 : 5,621,413,525 : 24%
2022-06-08 13:22:43 : 52,400,000 : 0 : 5,632,030,600 : 24%
2022-06-08 13:40:30 : 52,500,000 : 0 : 5,642,647,675 : 24%
2022-06-08 13:57:37 : 52,600,000 : 0 : 5,653,395,825 : 24%
2022-06-08 14:14:33 : 52,700,000 : 0 : 5,664,275,050 : 24%
2022-06-08 14:30:55 : 52,800,000 : 0 : 5,675,023,200 : 24%
2022-06-08 14:47:04 : 52,900,000 : 0 : 5,685,771,350 : 24%
2022-06-08 15:02:49 : 53,000,000 : 0 : 5,696,519,500 : 24%
2022-06-08 15:18:37 : 53,100,000 : 0 : 5,718,146,875 : 24%
2022-06-08 15:34:08 : 53,200,000 : 0 : 5,728,895,025 : 24%
2022-06-08 15:49:26 : 53,300,000 : 0 : 5,739,643,175 : 24%
2022-06-08 16:04:41 : 53,400,000 : 0 : 5,750,391,325 : 24%
2022-06-08 16:20:00 : 53,500,000 : 0 : 5,760,877,325 : 24%
2022-06-08 16:34:57 : 53,600,000 : 0 : 5,771,494,400 : 24%
2022-06-08 16:50:03 : 53,700,000 : 0 : 5,782,242,550 : 24%
2022-06-08 17:05:09 : 53,800,000 : 0 : 5,792,990,700 : 24%
2022-06-08 17:20:28 : 53,900,000 : 0 : 5,803,607,775 : 25%
2022-06-08 17:35:38 : 54,000,000 : 0 : 5,813,962,700 : 25%
2022-06-08 17:50:42 : 54,100,000 : 0 : 5,824,317,625 : 25%
2022-06-08 18:05:49 : 54,200,000 : 0 : 5,834,803,625 : 25%
2022-06-08 18:21:10 : 54,300,000 : 0 : 5,845,289,625 : 25%
2022-06-08 18:36:30 : 54,400,000 : 0 : 5,855,906,700 : 25%
2022-06-08 18:51:51 : 54,500,000 : 0 : 5,866,523,775 : 25%
2022-06-08 19:07:23 : 54,600,000 : 0 : 5,877,140,850 : 25%
2022-06-08 19:23:09 : 54,700,000 : 0 : 5,887,757,925 : 25%
2022-06-08 19:38:52 : 54,800,000 : 0 : 5,898,375,000 : 25%
2022-06-08 19:54:28 : 54,900,000 : 0 : 5,908,992,075 : 25%
2022-06-08 20:10:06 : 55,000,000 : 0 : 5,930,095,150 : 25%
2022-06-08 20:25:37 : 55,100,000 : 0 : 5,940,581,150 : 25%
2022-06-08 20:40:56 : 55,200,000 : 0 : 5,951,067,150 : 25%
2022-06-08 20:56:31 : 55,300,000 : 0 : 5,961,553,150 : 25%
2022-06-08 21:12:11 : 55,400,000 : 0 : 5,972,039,150 : 25%
2022-06-08 21:28:13 : 55,500,000 : 0 : 5,982,656,225 : 25%
2022-06-08 21:46:54 : 55,600,000 : 0 : 5,993,273,300 : 25%
2022-06-08 22:03:55 : 55,700,000 : 0 : 6,003,628,225 : 25%
2022-06-08 22:20:31 : 55,800,000 : 0 : 6,013,983,150 : 25%
2022-06-08 22:37:20 : 55,900,000 : 0 : 6,024,469,150 : 25%
2022-06-08 22:54:40 : 56,000,000 : 0 : 6,034,955,150 : 26%
2022-06-08 23:12:30 : 56,100,000 : 0 : 6,045,310,075 : 26%
2022-06-08 23:30:24 : 56,200,000 : 0 : 6,055,665,000 : 26%
2022-06-08 23:48:42 : 56,300,000 : 0 : 6,066,019,925 : 26%
2022-06-09 00:07:07 : 56,400,000 : 0 : 6,076,374,850 : 26%
2022-06-09 00:25:20 : 56,500,000 : 0 : 6,086,467,625 : 26%
2022-06-09 00:43:27 : 56,600,000 : 0 : 6,096,691,475 : 26%
2022-06-09 01:01:39 : 56,700,000 : 0 : 6,106,653,175 : 26%
2022-06-09 01:19:54 : 56,800,000 : 0 : 6,116,614,875 : 26%
2022-06-09 01:37:34 : 56,900,000 : 0 : 6,126,576,575 : 26%
2022-06-09 01:55:21 : 57,000,000 : 0 : 6,136,407,200 : 26%
2022-06-09 02:13:12 : 57,100,000 : 0 : 6,146,368,900 : 26%
2022-06-09 02:31:52 : 57,200,000 : 0 : 6,166,292,300 : 26%
2022-06-09 02:50:11 : 57,300,000 : 0 : 6,176,254,000 : 26%
2022-06-09 03:09:01 : 57,400,000 : 0 : 6,186,084,625 : 26%
2022-06-09 03:28:22 : 57,500,000 : 0 : 6,195,915,250 : 26%
2022-06-09 03:47:59 : 57,600,000 : 0 : 6,206,139,100 : 26%
2022-06-09 04:09:37 : 57,700,000 : 0 : 6,216,231,875 : 26%
2022-06-09 04:32:29 : 57,800,000 : 0 : 6,226,455,725 : 26%
2022-06-09 04:56:20 : 57,900,000 : 0 : 6,236,679,575 : 26%
2022-06-09 05:21:40 : 58,000,000 : 0 : 6,246,903,425 : 26%
2022-06-09 05:48:11 : 58,100,000 : 0 : 6,257,127,275 : 26%
2022-06-09 06:15:57 : 58,200,000 : 0 : 6,267,482,200 : 27%
2022-06-09 06:45:26 : 58,300,000 : 0 : 6,277,837,125 : 27%
2022-06-09 07:16:15 : 58,400,000 : 0 : 6,288,323,125 : 27%
2022-06-09 07:49:03 : 58,500,000 : 0 : 6,298,809,125 : 27%
2022-06-09 08:23:34 : 58,600,000 : 0 : 6,309,295,125 : 27%
2022-06-09 08:58:10 : 58,700,000 : 0 : 6,319,650,050 : 27%
2022-06-09 09:32:19 : 58,800,000 : 0 : 6,330,136,050 : 27%
2022-06-09 10:04:52 : 58,900,000 : 0 : 6,340,490,975 : 27%
2022-06-09 10:35:54 : 59,000,000 : 0 : 6,350,976,975 : 27%
2022-06-09 11:04:15 : 59,100,000 : 0 : 6,361,331,900 : 27%
2022-06-09 11:30:10 : 59,200,000 : 0 : 6,371,686,825 : 27%
2022-06-09 11:54:16 : 59,300,000 : 0 : 6,392,789,900 : 27%
2022-06-09 12:17:05 : 59,400,000 : 0 : 6,403,406,975 : 27%
2022-06-09 12:38:21 : 59,500,000 : 0 : 6,414,024,050 : 27%
2022-06-09 12:58:28 : 59,600,000 : 0 : 6,424,641,125 : 27%
2022-06-09 13:17:50 : 59,700,000 : 0 : 6,435,389,275 : 27%
2022-06-09 13:35:57 : 59,800,000 : 0 : 6,446,268,500 : 27%
2022-06-09 13:53:36 : 59,900,000 : 0 : 6,457,016,650 : 27%
2022-06-09 14:10:47 : 60,000,000 : 0 : 6,467,764,800 : 27%
2022-06-09 14:27:15 : 60,100,000 : 0 : 6,478,512,950 : 27%
2022-06-09 14:43:22 : 60,200,000 : 0 : 6,489,392,175 : 27%
2022-06-09 14:59:02 : 60,300,000 : 0 : 6,500,140,325 : 27%
2022-06-09 15:14:40 : 60,400,000 : 0 : 6,510,888,475 : 28%
2022-06-09 15:30:00 : 60,500,000 : 0 : 6,521,767,700 : 28%
2022-06-09 15:45:16 : 60,600,000 : 0 : 6,532,515,850 : 28%
2022-06-09 16:00:23 : 60,700,000 : 0 : 6,543,264,000 : 28%
2022-06-09 16:15:44 : 60,800,000 : 0 : 6,554,012,150 : 28%
2022-06-09 16:30:54 : 60,900,000 : 0 : 6,564,629,225 : 28%
2022-06-09 16:45:57 : 61,000,000 : 0 : 6,575,377,375 : 28%
2022-06-09 17:00:57 : 61,100,000 : 0 : 6,586,125,525 : 28%
2022-06-09 17:16:18 : 61,200,000 : 0 : 6,596,873,675 : 28%
2022-06-09 17:31:28 : 61,300,000 : 0 : 6,618,238,900 : 28%
2022-06-09 17:46:35 : 61,400,000 : 0 : 6,628,855,975 : 28%
2022-06-09 18:01:48 : 61,500,000 : 0 : 6,639,604,125 : 28%
2022-06-09 18:17:24 : 61,600,000 : 0 : 6,650,221,200 : 28%
2022-06-09 18:32:57 : 61,700,000 : 0 : 6,660,838,275 : 28%
2022-06-09 18:48:27 : 61,800,000 : 0 : 6,671,455,350 : 28%
2022-06-09 19:04:04 : 61,900,000 : 0 : 6,682,072,425 : 28%
2022-06-09 19:19:51 : 62,000,000 : 0 : 6,692,558,425 : 28%
2022-06-09 19:35:30 : 62,100,000 : 0 : 6,703,044,425 : 28%
2022-06-09 19:51:04 : 62,200,000 : 0 : 6,713,661,500 : 28%
2022-06-09 20:06:30 : 62,300,000 : 0 : 6,724,147,500 : 28%
2022-06-09 20:21:58 : 62,400,000 : 0 : 6,734,633,500 : 28%
2022-06-09 20:37:31 : 62,500,000 : 0 : 6,745,119,500 : 29%
2022-06-09 20:53:09 : 62,600,000 : 0 : 6,755,605,500 : 29%
2022-06-09 21:09:05 : 62,700,000 : 0 : 6,766,091,500 : 29%
2022-06-09 21:25:06 : 62,800,000 : 0 : 6,776,577,500 : 29%
2022-06-09 21:41:26 : 62,900,000 : 0 : 6,787,063,500 : 29%
2022-06-09 21:57:48 : 63,000,000 : 0 : 6,797,680,575 : 29%
2022-06-09 22:14:33 : 63,100,000 : 0 : 6,808,035,500 : 29%
2022-06-09 22:31:30 : 63,200,000 : 0 : 6,818,521,500 : 29%
2022-06-09 22:48:48 : 63,300,000 : 0 : 6,839,231,350 : 29%
2022-06-09 23:06:21 : 63,400,000 : 0 : 6,849,586,275 : 29%
2022-06-09 23:24:18 : 63,500,000 : 0 : 6,859,941,200 : 29%
2022-06-09 23:42:24 : 63,600,000 : 0 : 6,870,165,050 : 29%
2022-06-10 00:00:44 : 63,700,000 : 0 : 6,880,257,825 : 29%
2022-06-10 00:18:54 : 63,800,000 : 0 : 6,890,350,600 : 29%
2022-06-10 00:37:12 : 63,900,000 : 0 : 6,900,181,225 : 29%
2022-06-10 00:55:21 : 64,000,000 : 0 : 6,910,142,925 : 29%
2022-06-10 01:13:37 : 64,100,000 : 0 : 6,920,104,625 : 29%
2022-06-10 01:31:54 : 64,200,000 : 0 : 6,930,066,325 : 29%
2022-06-10 01:50:10 : 64,300,000 : 0 : 6,940,028,025 : 29%
2022-06-10 02:08:39 : 64,400,000 : 0 : 6,950,120,800 : 29%
2022-06-10 02:27:15 : 64,500,000 : 0 : 6,960,082,500 : 29%
2022-06-10 02:45:55 : 64,600,000 : 0 : 6,970,044,200 : 29%
2022-06-10 03:05:02 : 64,700,000 : 0 : 6,980,005,900 : 30%
2022-06-10 03:25:01 : 64,800,000 : 0 : 6,990,098,675 : 30%
2022-06-10 03:45:55 : 64,900,000 : 0 : 7,000,191,450 : 30%
2022-06-10 04:07:48 : 65,000,000 : 0 : 7,010,284,225 : 30%
2022-06-10 04:30:17 : 65,100,000 : 0 : 7,020,377,000 : 30%
2022-06-10 04:53:53 : 65,200,000 : 0 : 7,030,600,850 : 30%
2022-06-10 05:18:32 : 65,300,000 : 0 : 7,040,562,550 : 30%
2022-06-10 05:43:56 : 65,400,000 : 0 : 7,050,655,325 : 30%
2022-06-10 06:10:27 : 65,500,000 : 0 : 7,060,879,175 : 30%
2022-06-10 06:38:37 : 65,600,000 : 0 : 7,081,457,950 : 30%
2022-06-10 07:07:52 : 65,700,000 : 0 : 7,091,681,800 : 30%
2022-06-10 07:38:30 : 65,800,000 : 0 : 7,102,036,725 : 30%
2022-06-10 08:10:52 : 65,900,000 : 0 : 7,112,260,575 : 30%
2022-06-10 08:43:57 : 66,000,000 : 0 : 7,122,615,500 : 30%
2022-06-10 09:17:26 : 66,100,000 : 0 : 7,132,970,425 : 30%
2022-06-10 09:49:45 : 66,200,000 : 0 : 7,143,194,275 : 30%
2022-06-10 10:20:28 : 66,300,000 : 0 : 7,153,549,200 : 30%
2022-06-10 10:48:54 : 66,400,000 : 0 : 7,163,773,050 : 30%
2022-06-10 11:15:22 : 66,500,000 : 0 : 7,174,127,975 : 30%
2022-06-10 11:40:02 : 66,600,000 : 0 : 7,184,482,900 : 30%
2022-06-10 12:02:58 : 66,700,000 : 0 : 7,194,968,900 : 30%
2022-06-10 12:24:45 : 66,800,000 : 0 : 7,205,454,900 : 30%
2022-06-10 12:45:07 : 66,900,000 : 0 : 7,215,940,900 : 31%
2022-06-10 13:04:25 : 67,000,000 : 0 : 7,226,557,975 : 31%
2022-06-10 13:22:45 : 67,100,000 : 0 : 7,237,175,050 : 31%
2022-06-10 13:40:33 : 67,200,000 : 0 : 7,247,661,050 : 31%
2022-06-10 13:57:36 : 67,300,000 : 0 : 7,258,278,125 : 31%
2022-06-10 14:14:02 : 67,400,000 : 0 : 7,268,895,200 : 31%
2022-06-10 14:29:58 : 67,500,000 : 0 : 7,279,512,275 : 31%
2022-06-10 14:45:29 : 67,600,000 : 0 : 7,290,129,350 : 31%
2022-06-10 15:00:56 : 67,700,000 : 0 : 7,300,877,500 : 31%
2022-06-10 15:16:24 : 67,800,000 : 0 : 7,322,111,650 : 31%
2022-06-10 15:31:36 : 67,900,000 : 0 : 7,332,728,725 : 31%
2022-06-10 15:46:48 : 68,000,000 : 0 : 7,343,476,875 : 31%
2022-06-10 16:01:57 : 68,100,000 : 0 : 7,354,093,950 : 31%
2022-06-10 16:17:18 : 68,200,000 : 0 : 7,364,711,025 : 31%
2022-06-10 16:32:12 : 68,300,000 : 0 : 7,375,328,100 : 31%
2022-06-10 16:47:05 : 68,400,000 : 0 : 7,386,076,250 : 31%
2022-06-10 17:02:08 : 68,500,000 : 0 : 7,396,562,250 : 31%
2022-06-10 17:17:31 : 68,600,000 : 0 : 7,407,179,325 : 31%
2022-06-10 17:32:50 : 68,700,000 : 0 : 7,417,796,400 : 31%
2022-06-10 17:48:11 : 68,800,000 : 0 : 7,428,413,475 : 31%
2022-06-10 18:03:49 : 68,900,000 : 0 : 7,439,030,550 : 31%
2022-06-10 18:19:46 : 69,000,000 : 0 : 7,449,516,550 : 32%
2022-06-10 18:35:34 : 69,100,000 : 0 : 7,460,133,625 : 32%
2022-06-10 18:51:29 : 69,200,000 : 0 : 7,470,750,700 : 32%
2022-06-10 19:07:27 : 69,300,000 : 0 : 7,481,236,700 : 32%
2022-06-10 19:23:31 : 69,400,000 : 0 : 7,491,722,700 : 32%
2022-06-10 19:39:30 : 69,500,000 : 0 : 7,502,208,700 : 32%
2022-06-10 19:55:31 : 69,600,000 : 0 : 7,512,694,700 : 32%
2022-06-10 20:11:36 : 69,700,000 : 0 : 7,523,049,625 : 32%
2022-06-10 20:27:55 : 69,800,000 : 0 : 7,543,890,550 : 32%
2022-06-10 20:44:22 : 69,900,000 : 0 : 7,554,245,475 : 32%
2022-06-10 21:00:45 : 70,000,000 : 0 : 7,564,731,475 : 32%
2022-06-10 21:17:41 : 70,100,000 : 0 : 7,575,217,475 : 32%
2022-06-10 21:34:47 : 70,200,000 : 0 : 7,585,572,400 : 32%
2022-06-10 21:51:58 : 70,300,000 : 0 : 7,595,796,250 : 32%
2022-06-10 22:09:21 : 70,400,000 : 0 : 7,606,020,100 : 32%
2022-06-10 22:27:00 : 70,500,000 : 0 : 7,616,112,875 : 32%
2022-06-10 22:44:49 : 70,600,000 : 0 : 7,626,467,800 : 32%
2022-06-10 23:02:54 : 70,700,000 : 0 : 7,636,691,650 : 32%
2022-06-10 23:21:23 : 70,800,000 : 0 : 7,646,915,500 : 32%
2022-06-10 23:40:15 : 70,900,000 : 0 : 7,657,139,350 : 32%
2022-06-10 23:59:32 : 71,000,000 : 0 : 7,667,363,200 : 32%
2022-06-11 00:19:01 : 71,100,000 : 0 : 7,677,455,975 : 32%
2022-06-11 00:38:36 : 71,200,000 : 0 : 7,687,548,750 : 33%
2022-06-11 00:58:08 : 71,300,000 : 0 : 7,697,510,450 : 33%
2022-06-11 01:17:33 : 71,400,000 : 0 : 7,707,472,150 : 33%
2022-06-11 01:36:29 : 71,500,000 : 0 : 7,717,171,700 : 33%
2022-06-11 01:55:25 : 71,600,000 : 0 : 7,726,871,250 : 33%
2022-06-11 02:14:29 : 71,700,000 : 0 : 7,736,701,875 : 33%
2022-06-11 02:33:51 : 71,800,000 : 0 : 7,746,401,425 : 33%
2022-06-11 02:52:51 : 71,900,000 : 0 : 7,755,969,900 : 33%
2022-06-11 03:12:09 : 72,000,000 : 0 : 7,765,538,375 : 33%
2022-06-11 03:31:12 : 72,100,000 : 0 : 7,774,975,775 : 33%
2022-06-11 03:51:48 : 72,200,000 : 0 : 7,784,806,400 : 33%
2022-06-11 04:14:30 : 72,300,000 : 0 : 7,804,598,725 : 33%
2022-06-11 04:38:40 : 72,400,000 : 0 : 7,814,560,425 : 33%
2022-06-11 05:04:02 : 72,500,000 : 0 : 7,824,653,200 : 33%
2022-06-11 05:31:01 : 72,600,000 : 0 : 7,834,614,900 : 33%
2022-06-11 05:59:03 : 72,700,000 : 0 : 7,844,576,600 : 33%
2022-06-11 06:28:14 : 72,800,000 : 0 : 7,854,669,375 : 33%
2022-06-11 06:59:11 : 72,900,000 : 0 : 7,864,631,075 : 33%
2022-06-11 07:30:51 : 73,000,000 : 0 : 7,874,723,850 : 33%
2022-06-11 08:03:30 : 73,100,000 : 0 : 7,884,816,625 : 33%
2022-06-11 08:37:16 : 73,200,000 : 0 : 7,894,909,400 : 33%
2022-06-11 09:11:55 : 73,300,000 : 0 : 7,905,133,250 : 33%
2022-06-11 09:46:40 : 73,400,000 : 0 : 7,915,226,025 : 33%
2022-06-11 10:20:26 : 73,500,000 : 0 : 7,925,318,800 : 34%
2022-06-11 10:52:52 : 73,600,000 : 0 : 7,935,411,575 : 34%
2022-06-11 11:23:14 : 73,700,000 : 0 : 7,945,635,425 : 34%
2022-06-11 11:51:19 : 73,800,000 : 0 : 7,955,859,275 : 34%
2022-06-11 12:17:21 : 73,900,000 : 0 : 7,966,214,200 : 34%
2022-06-11 12:41:36 : 74,000,000 : 0 : 7,976,569,125 : 34%
2022-06-11 13:04:16 : 74,100,000 : 0 : 7,986,792,975 : 34%
2022-06-11 13:25:18 : 74,200,000 : 0 : 7,996,885,750 : 34%
2022-06-11 13:45:55 : 74,300,000 : 0 : 8,007,240,675 : 34%
2022-06-11 14:05:41 : 74,400,000 : 0 : 8,017,595,600 : 34%
2022-06-11 14:24:27 : 74,500,000 : 0 : 8,027,950,525 : 34%
2022-06-11 14:42:20 : 74,600,000 : 0 : 8,048,529,300 : 34%
2022-06-11 14:59:45 : 74,700,000 : 0 : 8,058,884,225 : 34%
2022-06-11 15:17:01 : 74,800,000 : 0 : 8,069,108,075 : 34%
2022-06-11 15:33:35 : 74,900,000 : 0 : 8,079,331,925 : 34%
2022-06-11 15:50:14 : 75,000,000 : 0 : 8,089,817,925 : 34%
2022-06-11 16:07:07 : 75,100,000 : 0 : 8,100,172,850 : 34%
2022-06-11 16:23:54 : 75,200,000 : 0 : 8,110,527,775 : 34%
2022-06-11 16:40:25 : 75,300,000 : 0 : 8,121,013,775 : 34%
2022-06-11 16:57:21 : 75,400,000 : 0 : 8,131,499,775 : 34%
2022-06-11 17:14:30 : 75,500,000 : 0 : 8,141,854,700 : 34%
2022-06-11 17:31:27 : 75,600,000 : 0 : 8,152,209,625 : 34%
2022-06-11 17:48:39 : 75,700,000 : 0 : 8,162,564,550 : 35%
2022-06-11 18:05:57 : 75,800,000 : 0 : 8,173,050,550 : 35%
2022-06-11 18:23:14 : 75,900,000 : 0 : 8,183,274,400 : 35%
2022-06-11 18:40:36 : 76,000,000 : 0 : 8,193,629,325 : 35%
2022-06-11 18:58:28 : 76,100,000 : 0 : 8,203,984,250 : 35%
2022-06-11 19:16:02 : 76,200,000 : 0 : 8,214,077,025 : 35%
2022-06-11 19:33:35 : 76,300,000 : 0 : 8,224,300,875 : 35%
2022-06-11 19:50:56 : 76,400,000 : 0 : 8,234,393,650 : 35%
2022-06-11 20:08:46 : 76,500,000 : 0 : 8,244,617,500 : 35%
2022-06-11 20:26:51 : 76,600,000 : 0 : 8,254,841,350 : 35%
2022-06-11 20:44:54 : 76,700,000 : 0 : 8,264,934,125 : 35%
2022-06-11 21:03:25 : 76,800,000 : 0 : 8,275,289,050 : 35%
2022-06-11 21:21:43 : 76,900,000 : 0 : 8,295,736,750 : 35%
2022-06-11 21:40:09 : 77,000,000 : 0 : 8,305,960,600 : 35%
2022-06-11 21:58:49 : 77,100,000 : 0 : 8,316,184,450 : 35%
2022-06-11 22:17:38 : 77,200,000 : 0 : 8,326,408,300 : 35%
2022-06-11 22:36:20 : 77,300,000 : 0 : 8,336,501,075 : 35%
2022-06-11 22:55:06 : 77,400,000 : 0 : 8,346,724,925 : 35%
2022-06-11 23:14:29 : 77,500,000 : 0 : 8,356,817,700 : 35%
2022-06-11 23:33:52 : 77,600,000 : 0 : 8,366,779,400 : 35%
2022-06-11 23:53:08 : 77,700,000 : 0 : 8,376,872,175 : 35%
2022-06-12 00:12:41 : 77,800,000 : 0 : 8,386,833,875 : 35%
2022-06-12 00:32:37 : 77,900,000 : 0 : 8,396,926,650 : 36%
2022-06-12 00:52:18 : 78,000,000 : 0 : 8,406,757,275 : 36%
2022-06-12 01:12:09 : 78,100,000 : 0 : 8,416,587,900 : 36%
2022-06-12 01:31:59 : 78,200,000 : 0 : 8,426,418,525 : 36%
2022-06-12 01:51:46 : 78,300,000 : 0 : 8,436,380,225 : 36%
2022-06-12 02:12:01 : 78,400,000 : 0 : 8,446,210,850 : 36%
2022-06-12 02:31:50 : 78,500,000 : 0 : 8,455,779,325 : 36%
2022-06-12 02:51:19 : 78,600,000 : 0 : 8,465,478,875 : 36%
2022-06-12 03:11:48 : 78,700,000 : 0 : 8,475,309,500 : 36%
2022-06-12 03:32:46 : 78,800,000 : 0 : 8,485,009,050 : 36%
2022-06-12 03:54:38 : 78,900,000 : 0 : 8,494,839,675 : 36%
2022-06-12 04:16:53 : 79,000,000 : 0 : 8,504,539,225 : 36%
2022-06-12 04:39:01 : 79,100,000 : 0 : 8,514,238,775 : 36%
2022-06-12 05:02:54 : 79,200,000 : 0 : 8,523,938,325 : 36%
2022-06-12 05:26:53 : 79,300,000 : 0 : 8,533,637,875 : 36%
2022-06-12 05:53:23 : 79,400,000 : 0 : 8,543,468,500 : 36%
2022-06-12 06:22:24 : 79,500,000 : 0 : 8,553,561,275 : 36%
2022-06-12 06:52:39 : 79,600,000 : 0 : 8,573,746,825 : 36%
2022-06-12 07:23:30 : 79,700,000 : 0 : 8,583,839,600 : 36%
2022-06-12 07:55:34 : 79,800,000 : 0 : 8,593,932,375 : 36%
2022-06-12 08:28:37 : 79,900,000 : 0 : 8,604,156,225 : 36%
2022-06-12 09:02:05 : 80,000,000 : 0 : 8,614,249,000 : 36%
2022-06-12 09:35:44 : 80,100,000 : 0 : 8,624,341,775 : 36%
2022-06-12 10:08:49 : 80,200,000 : 0 : 8,634,434,550 : 37%
2022-06-12 10:41:28 : 80,300,000 : 0 : 8,644,527,325 : 37%
2022-06-12 11:12:22 : 80,400,000 : 0 : 8,654,357,950 : 37%
2022-06-12 11:39:46 : 80,500,000 : 0 : 8,664,188,575 : 37%
2022-06-12 12:04:35 : 80,600,000 : 0 : 8,674,019,200 : 37%
2022-06-12 12:28:33 : 80,700,000 : 0 : 8,683,980,900 : 37%
2022-06-12 12:50:44 : 80,800,000 : 0 : 8,693,942,600 : 37%
2022-06-12 13:12:15 : 80,900,000 : 0 : 8,704,166,450 : 37%
2022-06-12 13:33:01 : 81,000,000 : 0 : 8,714,521,375 : 37%
2022-06-12 13:53:08 : 81,100,000 : 0 : 8,724,876,300 : 37%
2022-06-12 14:12:25 : 81,200,000 : 0 : 8,735,362,300 : 37%
2022-06-12 14:31:09 : 81,300,000 : 0 : 8,745,848,300 : 37%
2022-06-12 14:49:13 : 81,400,000 : 0 : 8,756,334,300 : 37%
2022-06-12 15:06:57 : 81,500,000 : 0 : 8,766,820,300 : 37%
2022-06-12 15:24:17 : 81,600,000 : 0 : 8,777,306,300 : 37%
2022-06-12 15:41:22 : 81,700,000 : 0 : 8,798,278,300 : 37%
2022-06-12 15:58:13 : 81,800,000 : 0 : 8,808,764,300 : 37%
2022-06-12 16:15:02 : 81,900,000 : 0 : 8,819,250,300 : 37%
2022-06-12 16:31:40 : 82,000,000 : 0 : 8,829,736,300 : 37%
2022-06-12 16:48:12 : 82,100,000 : 0 : 8,840,222,300 : 37%
2022-06-12 17:04:55 : 82,200,000 : 0 : 8,850,577,225 : 37%
2022-06-12 17:21:44 : 82,300,000 : 0 : 8,860,932,150 : 37%
2022-06-12 17:38:31 : 82,400,000 : 0 : 8,871,287,075 : 38%
2022-06-12 17:55:08 : 82,500,000 : 0 : 8,881,642,000 : 38%
2022-06-12 18:11:57 : 82,600,000 : 0 : 8,891,996,925 : 38%
2022-06-12 18:28:42 : 82,700,000 : 0 : 8,902,220,775 : 38%
2022-06-12 18:45:02 : 82,800,000 : 0 : 8,912,444,625 : 38%
2022-06-12 19:01:25 : 82,900,000 : 0 : 8,922,668,475 : 38%
2022-06-12 19:18:04 : 83,000,000 : 0 : 8,933,023,400 : 38%
2022-06-12 19:34:43 : 83,100,000 : 0 : 8,943,378,325 : 38%
2022-06-12 19:51:43 : 83,200,000 : 0 : 8,953,602,175 : 38%
2022-06-12 20:08:33 : 83,300,000 : 0 : 8,963,957,100 : 38%
2022-06-12 20:25:23 : 83,400,000 : 0 : 8,974,180,950 : 38%
2022-06-12 20:42:18 : 83,500,000 : 0 : 8,984,404,800 : 38%
2022-06-12 20:59:25 : 83,600,000 : 0 : 9,004,983,575 : 38%
2022-06-12 21:16:43 : 83,700,000 : 0 : 9,015,207,425 : 38%
2022-06-12 21:34:01 : 83,800,000 : 0 : 9,025,562,350 : 38%
2022-06-12 21:51:27 : 83,900,000 : 0 : 9,035,917,275 : 38%
2022-06-12 22:09:03 : 84,000,000 : 0 : 9,046,141,125 : 38%
2022-06-12 22:26:48 : 84,100,000 : 0 : 9,056,233,900 : 38%
2022-06-12 22:44:40 : 84,200,000 : 0 : 9,066,588,825 : 38%
2022-06-12 23:02:55 : 84,300,000 : 0 : 9,076,681,600 : 38%
2022-06-12 23:21:11 : 84,400,000 : 0 : 9,087,036,525 : 38%
2022-06-12 23:40:09 : 84,500,000 : 0 : 9,097,129,300 : 38%
2022-06-12 23:59:28 : 84,600,000 : 0 : 9,107,353,150 : 39%
2022-06-13 00:18:52 : 84,700,000 : 0 : 9,117,445,925 : 39%
2022-06-13 00:38:13 : 84,800,000 : 0 : 9,127,538,700 : 39%
2022-06-13 00:57:46 : 84,900,000 : 0 : 9,137,762,550 : 39%
2022-06-13 01:17:16 : 85,000,000 : 0 : 9,147,986,400 : 39%
2022-06-13 01:36:51 : 85,100,000 : 0 : 9,158,079,175 : 39%
2022-06-13 01:56:31 : 85,200,000 : 0 : 9,168,303,025 : 39%
2022-06-13 02:16:17 : 85,300,000 : 0 : 9,178,395,800 : 39%
2022-06-13 02:35:50 : 85,400,000 : 0 : 9,188,488,575 : 39%
2022-06-13 02:55:55 : 85,500,000 : 0 : 9,198,712,425 : 39%
2022-06-13 03:16:26 : 85,600,000 : 0 : 9,208,674,125 : 39%
2022-06-13 03:37:32 : 85,700,000 : 0 : 9,218,897,975 : 39%
2022-06-13 03:59:38 : 85,800,000 : 0 : 9,228,990,750 : 39%
2022-06-13 04:22:40 : 85,900,000 : 0 : 9,249,438,450 : 39%
2022-06-13 04:46:48 : 86,000,000 : 0 : 9,259,531,225 : 39%
2022-06-13 05:12:07 : 86,100,000 : 0 : 9,269,624,000 : 39%
2022-06-13 05:38:17 : 86,200,000 : 0 : 9,279,847,850 : 39%
Decoding error with 134,217,728 bytes, reading another chunk
2022-06-13 06:10:52 : 86,300,000 : 0 : 9,300,295,550 : 39%
2022-06-13 06:41:14 : 86,400,000 : 0 : 9,300,295,550 : 39%
2022-06-13 07:11:53 : 86,500,000 : 0 : 9,310,519,400 : 39%
2022-06-13 07:43:17 : 86,600,000 : 0 : 9,320,874,325 : 39%
2022-06-13 08:16:17 : 86,700,000 : 0 : 9,331,098,175 : 39%
2022-06-13 08:49:35 : 86,800,000 : 0 : 9,341,453,100 : 40%
2022-06-13 09:22:47 : 86,900,000 : 0 : 9,351,808,025 : 40%
2022-06-13 09:55:21 : 87,000,000 : 0 : 9,362,162,950 : 40%
2022-06-13 10:26:29 : 87,100,000 : 0 : 9,372,386,800 : 40%
2022-06-13 10:55:26 : 87,200,000 : 0 : 9,382,741,725 : 40%
2022-06-13 11:22:09 : 87,300,000 : 0 : 9,392,965,575 : 40%
2022-06-13 11:47:06 : 87,400,000 : 0 : 9,403,451,575 : 40%
2022-06-13 12:10:20 : 87,500,000 : 0 : 9,413,806,500 : 40%
2022-06-13 12:32:01 : 87,600,000 : 0 : 9,424,292,500 : 40%
2022-06-13 12:52:20 : 87,700,000 : 0 : 9,434,778,500 : 40%
2022-06-13 13:11:06 : 87,800,000 : 0 : 9,445,002,350 : 40%
2022-06-13 13:29:31 : 87,900,000 : 0 : 9,455,619,425 : 40%
2022-06-13 13:47:44 : 88,000,000 : 0 : 9,476,853,575 : 40%
2022-06-13 14:05:16 : 88,100,000 : 0 : 9,487,601,725 : 40%
2022-06-13 14:22:06 : 88,200,000 : 0 : 9,498,218,800 : 40%
2022-06-13 14:38:35 : 88,300,000 : 0 : 9,508,966,950 : 40%
2022-06-13 14:54:31 : 88,400,000 : 0 : 9,519,584,025 : 40%
2022-06-13 15:10:20 : 88,500,000 : 0 : 9,530,332,175 : 40%
2022-06-13 15:26:14 : 88,600,000 : 0 : 9,541,080,325 : 40%
2022-06-13 15:42:04 : 88,700,000 : 0 : 9,551,697,400 : 40%
2022-06-13 15:57:32 : 88,800,000 : 0 : 9,562,314,475 : 40%
2022-06-13 16:12:46 : 88,900,000 : 0 : 9,572,931,550 : 40%
2022-06-13 16:27:56 : 89,000,000 : 0 : 9,583,417,550 : 41%
2022-06-13 16:44:01 : 89,100,000 : 0 : 9,594,034,625 : 41%
2022-06-13 17:00:09 : 89,200,000 : 0 : 9,604,651,700 : 41%
2022-06-13 17:15:59 : 89,300,000 : 0 : 9,615,268,775 : 41%
2022-06-13 17:31:25 : 89,400,000 : 0 : 9,625,885,850 : 41%
2022-06-13 17:46:49 : 89,500,000 : 0 : 9,636,502,925 : 41%
2022-06-13 18:02:16 : 89,600,000 : 0 : 9,647,120,000 : 41%
2022-06-13 18:17:57 : 89,700,000 : 0 : 9,657,737,075 : 41%
2022-06-13 18:33:35 : 89,800,000 : 0 : 9,668,354,150 : 41%
2022-06-13 18:48:59 : 89,900,000 : 0 : 9,678,971,225 : 41%
2022-06-13 19:04:17 : 90,000,000 : 0 : 9,700,074,300 : 41%
2022-06-13 19:19:45 : 90,100,000 : 0 : 9,710,560,300 : 41%
2022-06-13 19:35:02 : 90,200,000 : 0 : 9,721,046,300 : 41%
2022-06-13 19:50:22 : 90,300,000 : 0 : 9,731,663,375 : 41%
2022-06-13 20:05:46 : 90,400,000 : 0 : 9,742,149,375 : 41%
2022-06-13 20:21:07 : 90,500,000 : 0 : 9,752,635,375 : 41%
2022-06-13 20:36:20 : 90,600,000 : 0 : 9,763,121,375 : 41%
2022-06-13 20:51:24 : 90,700,000 : 0 : 9,773,476,300 : 41%
2022-06-13 21:06:23 : 90,800,000 : 0 : 9,783,962,300 : 41%
2022-06-13 21:21:48 : 90,900,000 : 0 : 9,794,448,300 : 41%
2022-06-13 21:37:33 : 91,000,000 : 0 : 9,804,934,300 : 41%
2022-06-13 21:53:24 : 91,100,000 : 0 : 9,815,420,300 : 42%
2022-06-13 22:09:31 : 91,200,000 : 0 : 9,825,775,225 : 42%
2022-06-13 22:25:37 : 91,300,000 : 0 : 9,835,999,075 : 42%
2022-06-13 22:42:20 : 91,400,000 : 0 : 9,846,485,075 : 42%
2022-06-13 22:59:12 : 91,500,000 : 0 : 9,856,840,000 : 42%
2022-06-13 23:16:10 : 91,600,000 : 0 : 9,867,194,925 : 42%
2022-06-13 23:33:21 : 91,700,000 : 0 : 9,877,418,775 : 42%
2022-06-13 23:50:45 : 91,800,000 : 0 : 9,887,642,625 : 42%
2022-06-14 00:07:59 : 91,900,000 : 0 : 9,897,866,475 : 42%
2022-06-14 00:26:02 : 92,000,000 : 0 : 9,907,959,250 : 42%
2022-06-14 00:43:57 : 92,100,000 : 0 : 9,928,406,950 : 42%
2022-06-14 01:01:56 : 92,200,000 : 0 : 9,938,368,650 : 42%
2022-06-14 01:19:34 : 92,300,000 : 0 : 9,948,330,350 : 42%
2022-06-14 01:36:44 : 92,400,000 : 0 : 9,958,160,975 : 42%
2022-06-14 01:53:46 : 92,500,000 : 0 : 9,967,991,600 : 42%
2022-06-14 02:11:02 : 92,600,000 : 0 : 9,977,953,300 : 42%
2022-06-14 02:28:17 : 92,700,000 : 0 : 9,987,783,925 : 42%
2022-06-14 02:45:32 : 92,800,000 : 0 : 9,997,483,475 : 42%
2022-06-14 03:03:26 : 92,900,000 : 0 : 10,007,183,025 : 42%
2022-06-14 03:20:54 : 93,000,000 : 0 : 10,016,882,575 : 42%
2022-06-14 03:38:20 : 93,100,000 : 0 : 10,026,713,200 : 42%
2022-06-14 03:57:52 : 93,200,000 : 0 : 10,036,674,900 : 42%
2022-06-14 04:19:06 : 93,300,000 : 0 : 10,046,636,600 : 42%
2022-06-14 04:41:45 : 93,400,000 : 0 : 10,056,729,375 : 43%
2022-06-14 05:05:40 : 93,500,000 : 0 : 10,066,822,150 : 43%
2022-06-14 05:30:40 : 93,600,000 : 0 : 10,077,046,000 : 43%
2022-06-14 05:57:01 : 93,700,000 : 0 : 10,087,138,775 : 43%
2022-06-14 06:24:30 : 93,800,000 : 0 : 10,097,362,625 : 43%
2022-06-14 06:53:32 : 93,900,000 : 0 : 10,107,717,550 : 43%
2022-06-14 07:24:03 : 94,000,000 : 0 : 10,118,072,475 : 43%
2022-06-14 07:56:19 : 94,100,000 : 0 : 10,128,427,400 : 43%
2022-06-14 08:28:52 : 94,200,000 : 0 : 10,138,651,250 : 43%
2022-06-14 09:02:28 : 94,300,000 : 0 : 10,149,137,250 : 43%
2022-06-14 09:35:16 : 94,400,000 : 0 : 10,169,716,025 : 43%
2022-06-14 10:06:59 : 94,500,000 : 0 : 10,180,070,950 : 43%
2022-06-14 10:36:47 : 94,600,000 : 0 : 10,190,425,875 : 43%
2022-06-14 11:04:25 : 94,700,000 : 0 : 10,200,780,800 : 43%
2022-06-14 11:30:01 : 94,800,000 : 0 : 10,211,266,800 : 43%
2022-06-14 11:53:49 : 94,900,000 : 0 : 10,221,752,800 : 43%
2022-06-14 12:16:21 : 95,000,000 : 0 : 10,232,369,875 : 43%
2022-06-14 12:37:16 : 95,100,000 : 0 : 10,242,986,950 : 43%
2022-06-14 12:57:08 : 95,200,000 : 0 : 10,253,604,025 : 43%
2022-06-14 13:16:04 : 95,300,000 : 0 : 10,264,352,175 : 43%
2022-06-14 13:34:05 : 95,400,000 : 0 : 10,275,100,325 : 43%
2022-06-14 13:51:36 : 95,500,000 : 0 : 10,285,848,475 : 44%
2022-06-14 14:08:34 : 95,600,000 : 0 : 10,296,465,550 : 44%
2022-06-14 14:24:59 : 95,700,000 : 0 : 10,307,213,700 : 44%
2022-06-14 14:40:46 : 95,800,000 : 0 : 10,317,961,850 : 44%
2022-06-14 14:56:11 : 95,900,000 : 0 : 10,328,710,000 : 44%
2022-06-14 15:11:30 : 96,000,000 : 0 : 10,339,458,150 : 44%
2022-06-14 15:26:47 : 96,100,000 : 0 : 10,350,075,225 : 44%
2022-06-14 15:41:58 : 96,200,000 : 0 : 10,360,823,375 : 44%
2022-06-14 15:56:51 : 96,300,000 : 0 : 10,371,571,525 : 44%
2022-06-14 16:11:37 : 96,400,000 : 0 : 10,393,067,825 : 44%
2022-06-14 16:26:14 : 96,500,000 : 0 : 10,403,815,975 : 44%
2022-06-14 16:40:46 : 96,600,000 : 0 : 10,414,564,125 : 44%
2022-06-14 16:55:14 : 96,700,000 : 0 : 10,425,312,275 : 44%
2022-06-14 17:09:55 : 96,800,000 : 0 : 10,435,929,350 : 44%
2022-06-14 17:24:36 : 96,900,000 : 0 : 10,446,677,500 : 44%
2022-06-14 17:39:15 : 97,000,000 : 0 : 10,457,294,575 : 44%
2022-06-14 17:53:53 : 97,100,000 : 0 : 10,468,042,725 : 44%
2022-06-14 18:08:41 : 97,200,000 : 0 : 10,478,659,800 : 44%
2022-06-14 18:23:41 : 97,300,000 : 0 : 10,489,276,875 : 44%
2022-06-14 18:38:39 : 97,400,000 : 0 : 10,499,893,950 : 44%
2022-06-14 18:53:36 : 97,500,000 : 0 : 10,510,511,025 : 44%
2022-06-14 19:08:34 : 97,600,000 : 0 : 10,520,997,025 : 44%
2022-06-14 19:23:30 : 97,700,000 : 0 : 10,531,614,100 : 45%
2022-06-14 19:38:28 : 97,800,000 : 0 : 10,542,231,175 : 45%
2022-06-14 19:53:26 : 97,900,000 : 0 : 10,552,717,175 : 45%
2022-06-14 20:08:33 : 98,000,000 : 0 : 10,563,334,250 : 45%
2022-06-14 20:23:39 : 98,100,000 : 0 : 10,573,689,175 : 45%
2022-06-14 20:38:31 : 98,200,000 : 0 : 10,584,175,175 : 45%
2022-06-14 20:53:33 : 98,300,000 : 0 : 10,594,661,175 : 45%
2022-06-14 21:09:01 : 98,400,000 : 0 : 10,615,764,250 : 45%
2022-06-14 21:25:18 : 98,500,000 : 0 : 10,626,250,250 : 45%
2022-06-14 21:41:45 : 98,600,000 : 0 : 10,636,736,250 : 45%
2022-06-14 21:58:29 : 98,700,000 : 0 : 10,647,091,175 : 45%
2022-06-14 22:15:37 : 98,800,000 : 0 : 10,657,446,100 : 45%
2022-06-14 22:33:05 : 98,900,000 : 0 : 10,667,801,025 : 45%
2022-06-14 22:50:41 : 99,000,000 : 0 : 10,678,155,950 : 45%
2022-06-14 23:08:31 : 99,100,000 : 0 : 10,688,379,800 : 45%
2022-06-14 23:26:37 : 99,200,000 : 0 : 10,698,603,650 : 45%
2022-06-14 23:44:24 : 99,300,000 : 0 : 10,708,827,500 : 45%
2022-06-15 00:02:03 : 99,400,000 : 0 : 10,719,051,350 : 45%
2022-06-15 00:19:55 : 99,500,000 : 0 : 10,729,275,200 : 45%
2022-06-15 00:37:44 : 99,600,000 : 0 : 10,739,499,050 : 45%
2022-06-15 00:55:44 : 99,700,000 : 0 : 10,749,591,825 : 45%
2022-06-15 01:13:51 : 99,800,000 : 0 : 10,759,815,675 : 46%
2022-06-15 01:31:55 : 99,900,000 : 0 : 10,769,908,450 : 46%
2022-06-15 01:49:59 : 100,000,000 : 0 : 10,780,001,225 : 46%
2022-06-15 02:08:07 : 100,100,000 : 0 : 10,790,094,000 : 46%
2022-06-15 02:26:25 : 100,200,000 : 0 : 10,800,186,775 : 46%
2022-06-15 02:44:34 : 100,300,000 : 0 : 10,810,279,550 : 46%
2022-06-15 03:03:14 : 100,400,000 : 0 : 10,820,372,325 : 46%
2022-06-15 03:22:16 : 100,500,000 : 0 : 10,840,557,875 : 46%
2022-06-15 03:41:55 : 100,600,000 : 0 : 10,850,519,575 : 46%
2022-06-15 04:02:29 : 100,700,000 : 0 : 10,860,743,425 : 46%
2022-06-15 04:24:15 : 100,800,000 : 0 : 10,870,836,200 : 46%
2022-06-15 04:47:15 : 100,900,000 : 0 : 10,881,060,050 : 46%
2022-06-15 05:11:06 : 101,000,000 : 0 : 10,891,152,825 : 46%
2022-06-15 05:36:21 : 101,100,000 : 0 : 10,901,376,675 : 46%
2022-06-15 06:02:53 : 101,200,000 : 0 : 10,911,731,600 : 46%
2022-06-15 06:30:52 : 101,300,000 : 0 : 10,922,086,525 : 46%
2022-06-15 06:59:59 : 101,400,000 : 0 : 10,932,310,375 : 46%
2022-06-15 07:30:10 : 101,500,000 : 0 : 10,942,665,300 : 46%
2022-06-15 08:00:40 : 101,600,000 : 0 : 10,953,020,225 : 46%
2022-06-15 08:32:25 : 101,700,000 : 0 : 10,963,375,150 : 46%
2022-06-15 09:05:09 : 101,800,000 : 0 : 10,973,861,150 : 46%
2022-06-15 09:37:47 : 101,900,000 : 0 : 10,984,216,075 : 46%
2022-06-15 10:09:28 : 102,000,000 : 0 : 10,994,571,000 : 46%
2022-06-15 10:38:38 : 102,100,000 : 0 : 11,004,794,850 : 47%
2022-06-15 11:04:56 : 102,200,000 : 0 : 11,015,149,775 : 47%
2022-06-15 11:29:39 : 102,300,000 : 0 : 11,025,504,700 : 47%
2022-06-15 11:52:54 : 102,400,000 : 0 : 11,035,990,700 : 47%
2022-06-15 12:14:48 : 102,500,000 : 0 : 11,046,607,775 : 47%
2022-06-15 12:35:17 : 102,600,000 : 0 : 11,057,093,775 : 47%
2022-06-15 12:54:27 : 102,700,000 : 0 : 11,078,196,850 : 47%
2022-06-15 13:12:33 : 102,800,000 : 0 : 11,088,813,925 : 47%
2022-06-15 13:30:05 : 102,900,000 : 0 : 11,099,431,000 : 47%
2022-06-15 13:47:17 : 103,000,000 : 0 : 11,110,179,150 : 47%
2022-06-15 14:03:45 : 103,100,000 : 0 : 11,120,796,225 : 47%
2022-06-15 14:19:48 : 103,200,000 : 0 : 11,131,413,300 : 47%
2022-06-15 14:35:30 : 103,300,000 : 0 : 11,142,161,450 : 47%
2022-06-15 14:50:48 : 103,400,000 : 0 : 11,152,909,600 : 47%
2022-06-15 15:05:55 : 103,500,000 : 0 : 11,163,526,675 : 47%
2022-06-15 15:20:51 : 103,600,000 : 0 : 11,174,274,825 : 47%
2022-06-15 15:35:48 : 103,700,000 : 0 : 11,185,022,975 : 47%
2022-06-15 15:50:40 : 103,800,000 : 0 : 11,195,640,050 : 47%
2022-06-15 16:05:19 : 103,900,000 : 0 : 11,206,257,125 : 47%
2022-06-15 16:20:11 : 104,000,000 : 0 : 11,217,005,275 : 47%
2022-06-15 16:34:53 : 104,100,000 : 0 : 11,227,753,425 : 47%
2022-06-15 16:49:29 : 104,200,000 : 0 : 11,238,501,575 : 48%
2022-06-15 17:04:13 : 104,300,000 : 0 : 11,249,118,650 : 48%
2022-06-15 17:19:08 : 104,400,000 : 0 : 11,259,735,725 : 48%
2022-06-15 17:33:52 : 104,500,000 : 0 : 11,270,352,800 : 48%
2022-06-15 17:48:37 : 104,600,000 : 0 : 11,291,586,950 : 48%
2022-06-15 18:03:17 : 104,700,000 : 0 : 11,302,072,950 : 48%
2022-06-15 18:17:59 : 104,800,000 : 0 : 11,312,427,875 : 48%
2022-06-15 18:32:36 : 104,900,000 : 0 : 11,322,913,875 : 48%
2022-06-15 18:47:16 : 105,000,000 : 0 : 11,333,399,875 : 48%
2022-06-15 19:02:02 : 105,100,000 : 0 : 11,343,885,875 : 48%
2022-06-15 19:17:05 : 105,200,000 : 0 : 11,354,371,875 : 48%
2022-06-15 19:32:08 : 105,300,000 : 0 : 11,364,333,575 : 48%
2022-06-15 19:48:01 : 105,400,000 : 0 : 11,374,688,500 : 48%
2022-06-15 20:03:55 : 105,500,000 : 0 : 11,385,043,425 : 48%
2022-06-15 20:19:10 : 105,600,000 : 0 : 11,395,398,350 : 48%
2022-06-15 20:34:18 : 105,700,000 : 0 : 11,405,753,275 : 48%
2022-06-15 20:49:34 : 105,800,000 : 0 : 11,416,239,275 : 48%
2022-06-15 21:04:46 : 105,900,000 : 0 : 11,426,594,200 : 48%
2022-06-15 21:20:17 : 106,000,000 : 0 : 11,437,080,200 : 48%
2022-06-15 21:35:55 : 106,100,000 : 0 : 11,447,566,200 : 48%
2022-06-15 21:51:34 : 106,200,000 : 0 : 11,457,921,125 : 48%
2022-06-15 22:07:25 : 106,300,000 : 0 : 11,468,407,125 : 49%
2022-06-15 22:23:29 : 106,400,000 : 0 : 11,478,630,975 : 49%
2022-06-15 22:39:47 : 106,500,000 : 0 : 11,488,985,900 : 49%
2022-06-15 22:56:19 : 106,600,000 : 0 : 11,499,340,825 : 49%
2022-06-15 23:13:01 : 106,700,000 : 0 : 11,519,657,450 : 49%
2022-06-15 23:29:58 : 106,800,000 : 0 : 11,529,881,300 : 49%
2022-06-15 23:47:13 : 106,900,000 : 0 : 11,540,105,150 : 49%
2022-06-16 00:04:37 : 107,000,000 : 0 : 11,550,066,850 : 49%
2022-06-16 00:21:44 : 107,100,000 : 0 : 11,559,897,475 : 49%
2022-06-16 00:38:50 : 107,200,000 : 0 : 11,569,859,175 : 49%
2022-06-16 00:55:56 : 107,300,000 : 0 : 11,579,689,800 : 49%
2022-06-16 01:12:57 : 107,400,000 : 0 : 11,589,651,500 : 49%
2022-06-16 01:30:14 : 107,500,000 : 0 : 11,599,613,200 : 49%
2022-06-16 01:47:30 : 107,600,000 : 0 : 11,609,443,825 : 49%
2022-06-16 02:04:44 : 107,700,000 : 0 : 11,619,274,450 : 49%
2022-06-16 02:22:09 : 107,800,000 : 0 : 11,629,236,150 : 49%
2022-06-16 02:40:08 : 107,900,000 : 0 : 11,639,197,850 : 49%
2022-06-16 02:58:38 : 108,000,000 : 0 : 11,649,290,625 : 49%
2022-06-16 03:17:35 : 108,100,000 : 0 : 11,659,383,400 : 49%
2022-06-16 03:37:36 : 108,200,000 : 0 : 11,669,476,175 : 49%
2022-06-16 03:58:25 : 108,300,000 : 0 : 11,679,568,950 : 49%
2022-06-16 04:20:07 : 108,400,000 : 0 : 11,689,661,725 : 49%
2022-06-16 04:42:58 : 108,500,000 : 0 : 11,699,885,575 : 49%
2022-06-16 05:06:56 : 108,600,000 : 0 : 11,710,109,425 : 50%
2022-06-16 05:32:25 : 108,700,000 : 0 : 11,720,202,200 : 50%
2022-06-16 05:59:11 : 108,800,000 : 0 : 11,730,426,050 : 50%
2022-06-16 06:27:07 : 108,900,000 : 0 : 11,740,780,975 : 50%
2022-06-16 06:56:33 : 109,000,000 : 0 : 11,761,228,675 : 50%
2022-06-16 07:26:55 : 109,100,000 : 0 : 11,771,583,600 : 50%
2022-06-16 07:58:48 : 109,200,000 : 0 : 11,781,938,525 : 50%
2022-06-16 08:31:23 : 109,300,000 : 0 : 11,792,293,450 : 50%
2022-06-16 09:04:39 : 109,400,000 : 0 : 11,802,517,300 : 50%
2022-06-16 09:36:53 : 109,500,000 : 0 : 11,812,872,225 : 50%
2022-06-16 10:08:01 : 109,600,000 : 0 : 11,822,965,000 : 50%
2022-06-16 10:37:17 : 109,700,000 : 0 : 11,833,188,850 : 50%
2022-06-16 11:04:26 : 109,800,000 : 0 : 11,843,412,700 : 50%
2022-06-16 11:29:20 : 109,900,000 : 0 : 11,853,636,550 : 50%
2022-06-16 11:52:39 : 110,000,000 : 0 : 11,864,122,550 : 50%
2022-06-16 12:14:39 : 110,100,000 : 0 : 11,874,477,475 : 50%
2022-06-16 12:35:29 : 110,200,000 : 0 : 11,884,963,475 : 50%
2022-06-16 12:55:10 : 110,300,000 : 0 : 11,895,580,550 : 50%
2022-06-16 13:13:56 : 110,400,000 : 0 : 11,906,197,625 : 50%
2022-06-16 13:31:48 : 110,500,000 : 0 : 11,916,814,700 : 50%
2022-06-16 13:49:04 : 110,600,000 : 0 : 11,927,431,775 : 50%
2022-06-16 14:05:57 : 110,700,000 : 0 : 11,938,179,925 : 50%
2022-06-16 14:22:24 : 110,800,000 : 0 : 11,948,797,000 : 51%
2022-06-16 14:38:19 : 110,900,000 : 0 : 11,959,545,150 : 51%
2022-06-16 14:54:03 : 111,000,000 : 0 : 11,970,162,225 : 51%
2022-06-16 15:09:41 : 111,100,000 : 0 : 11,991,527,450 : 51%
2022-06-16 15:25:05 : 111,200,000 : 0 : 12,002,144,525 : 51%
2022-06-16 15:40:28 : 111,300,000 : 0 : 12,012,892,675 : 51%
2022-06-16 15:55:42 : 111,400,000 : 0 : 12,023,509,750 : 51%
2022-06-16 16:10:59 : 111,500,000 : 0 : 12,034,126,825 : 51%
2022-06-16 16:25:47 : 111,600,000 : 0 : 12,044,743,900 : 51%
2022-06-16 16:40:44 : 111,700,000 : 0 : 12,055,492,050 : 51%
2022-06-16 16:55:41 : 111,800,000 : 0 : 12,066,109,125 : 51%
2022-06-16 17:10:26 : 111,900,000 : 0 : 12,076,726,200 : 51%
2022-06-16 17:25:08 : 112,000,000 : 0 : 12,087,212,200 : 51%
2022-06-16 17:39:47 : 112,100,000 : 0 : 12,097,829,275 : 51%
2022-06-16 17:54:36 : 112,200,000 : 0 : 12,108,315,275 : 51%
2022-06-16 18:09:27 : 112,300,000 : 0 : 12,118,932,350 : 51%
2022-06-16 18:24:27 : 112,400,000 : 0 : 12,129,549,425 : 51%
2022-06-16 18:39:23 : 112,500,000 : 0 : 12,140,035,425 : 51%
2022-06-16 18:54:11 : 112,600,000 : 0 : 12,150,521,425 : 51%
2022-06-16 19:09:00 : 112,700,000 : 0 : 12,161,138,500 : 51%
2022-06-16 19:23:56 : 112,800,000 : 0 : 12,171,624,500 : 51%
2022-06-16 19:39:14 : 112,900,000 : 0 : 12,181,979,425 : 52%
2022-06-16 19:55:28 : 113,000,000 : 0 : 12,202,820,350 : 52%
2022-06-16 20:15:54 : 113,100,000 : 0 : 12,213,175,275 : 52%
2022-06-16 20:31:32 : 113,200,000 : 0 : 12,223,530,200 : 52%
2022-06-16 20:46:42 : 113,300,000 : 0 : 12,233,885,125 : 52%
2022-06-16 21:02:05 : 113,400,000 : 0 : 12,244,371,125 : 52%
2022-06-16 21:17:37 : 113,500,000 : 0 : 12,254,726,050 : 52%
2022-06-16 21:33:12 : 113,600,000 : 0 : 12,265,080,975 : 52%
2022-06-16 21:48:46 : 113,700,000 : 0 : 12,275,304,825 : 52%
2022-06-16 22:04:33 : 113,800,000 : 0 : 12,285,659,750 : 52%
2022-06-16 22:20:40 : 113,900,000 : 0 : 12,295,883,600 : 52%
2022-06-16 22:36:43 : 114,000,000 : 0 : 12,306,238,525 : 52%
2022-06-16 22:53:13 : 114,100,000 : 0 : 12,316,593,450 : 52%
2022-06-16 23:10:10 : 114,200,000 : 0 : 12,326,686,225 : 52%
2022-06-16 23:27:32 : 114,300,000 : 0 : 12,336,910,075 : 52%
2022-06-16 23:45:18 : 114,400,000 : 0 : 12,347,133,925 : 52%
2022-06-17 00:03:21 : 114,500,000 : 0 : 12,357,357,775 : 52%
2022-06-17 00:21:43 : 114,600,000 : 0 : 12,367,581,625 : 52%
2022-06-17 00:40:13 : 114,700,000 : 0 : 12,377,674,400 : 52%
2022-06-17 00:58:37 : 114,800,000 : 0 : 12,387,767,175 : 52%
2022-06-17 01:16:44 : 114,900,000 : 0 : 12,397,728,875 : 52%
2022-06-17 01:34:28 : 115,000,000 : 0 : 12,407,690,575 : 52%
2022-06-17 01:50:48 : 115,100,000 : 0 : 12,427,089,675 : 53%
2022-06-17 02:07:28 : 115,200,000 : 0 : 12,436,920,300 : 53%
2022-06-17 02:24:34 : 115,300,000 : 0 : 12,446,619,850 : 53%
2022-06-17 02:41:27 : 115,400,000 : 0 : 12,456,319,400 : 53%
2022-06-17 02:58:35 : 115,500,000 : 0 : 12,466,018,950 : 53%
2022-06-17 03:16:21 : 115,600,000 : 0 : 12,475,587,425 : 53%
2022-06-17 03:33:27 : 115,700,000 : 0 : 12,485,286,975 : 53%
2022-06-17 03:51:41 : 115,800,000 : 0 : 12,495,248,675 : 53%
2022-06-17 04:11:38 : 115,900,000 : 0 : 12,505,079,300 : 53%
2022-06-17 04:32:17 : 116,000,000 : 0 : 12,515,172,075 : 53%
2022-06-17 04:54:11 : 116,100,000 : 0 : 12,525,133,775 : 53%
2022-06-17 05:17:01 : 116,200,000 : 0 : 12,535,357,625 : 53%
2022-06-17 05:41:04 : 116,300,000 : 0 : 12,545,450,400 : 53%
2022-06-17 06:06:22 : 116,400,000 : 0 : 12,555,674,250 : 53%
2022-06-17 06:33:15 : 116,500,000 : 0 : 12,565,898,100 : 53%
2022-06-17 07:01:40 : 116,600,000 : 0 : 12,576,121,950 : 53%
2022-06-17 07:31:17 : 116,700,000 : 0 : 12,586,476,875 : 53%
2022-06-17 08:01:58 : 116,800,000 : 0 : 12,596,700,725 : 53%
2022-06-17 08:33:25 : 116,900,000 : 0 : 12,607,055,650 : 53%
2022-06-17 09:05:46 : 117,000,000 : 0 : 12,617,410,575 : 53%
2022-06-17 09:37:53 : 117,100,000 : 0 : 12,627,634,425 : 53%
2022-06-17 10:08:25 : 117,200,000 : 0 : 12,637,858,275 : 53%
2022-06-17 10:37:20 : 117,300,000 : 0 : 12,648,213,200 : 53%
2022-06-17 11:04:24 : 117,400,000 : 0 : 12,658,568,125 : 54%
2022-06-17 11:29:10 : 117,500,000 : 0 : 12,679,277,975 : 54%
2022-06-17 11:52:18 : 117,600,000 : 0 : 12,689,632,900 : 54%
2022-06-17 12:14:12 : 117,700,000 : 0 : 12,700,118,900 : 54%
2022-06-17 12:34:31 : 117,800,000 : 0 : 12,710,604,900 : 54%
2022-06-17 12:54:01 : 117,900,000 : 0 : 12,721,090,900 : 54%
2022-06-17 13:12:36 : 118,000,000 : 0 : 12,731,576,900 : 54%
2022-06-17 13:30:20 : 118,100,000 : 0 : 12,742,193,975 : 54%
2022-06-17 13:47:21 : 118,200,000 : 0 : 12,752,679,975 : 54%
2022-06-17 14:03:46 : 118,300,000 : 0 : 12,763,297,050 : 54%
2022-06-17 14:19:49 : 118,400,000 : 0 : 12,774,045,200 : 54%
2022-06-17 14:35:27 : 118,500,000 : 0 : 12,784,531,200 : 54%
2022-06-17 14:50:55 : 118,600,000 : 0 : 12,795,279,350 : 54%
2022-06-17 15:05:10 : 118,700,000 : 0 : 12,803,668,150 : 54%
2022-06-17 15:12:46 : 118,800,000 : 0 : 12,810,221,900 : 54%
2022-06-17 15:20:58 : 118,900,000 : 0 : 12,816,906,725 : 54%
2022-06-17 15:29:50 : 119,000,000 : 0 : 12,823,591,550 : 54%
2022-06-17 15:39:11 : 119,100,000 : 0 : 12,830,407,450 : 54%
2022-06-17 15:48:57 : 119,200,000 : 0 : 12,837,223,350 : 54%
2022-06-17 15:59:33 : 119,300,000 : 0 : 12,844,956,775 : 54%
2022-06-17 16:11:45 : 119,400,000 : 0 : 12,853,607,725 : 54%
2022-06-17 16:26:12 : 119,500,000 : 0 : 12,863,569,425 : 54%
2022-06-17 16:42:18 : 119,600,000 : 0 : 12,873,924,350 : 54%
2022-06-17 16:58:16 : 119,700,000 : 0 : 12,884,410,350 : 54%
2022-06-17 17:14:07 : 119,800,000 : 0 : 12,894,896,350 : 55%
2022-06-17 17:29:51 : 119,900,000 : 0 : 12,905,513,425 : 55%
2022-06-17 17:45:34 : 120,000,000 : 0 : 12,916,130,500 : 55%
2022-06-17 18:01:14 : 120,100,000 : 0 : 12,926,616,500 : 55%
2022-06-17 18:16:57 : 120,200,000 : 0 : 12,937,233,575 : 55%
2022-06-17 18:32:42 : 120,300,000 : 0 : 12,947,588,500 : 55%
2022-06-17 18:48:35 : 120,400,000 : 0 : 12,968,691,575 : 55%
2022-06-17 19:04:27 : 120,500,000 : 0 : 12,979,177,575 : 55%
2022-06-17 19:20:28 : 120,600,000 : 0 : 12,989,663,575 : 55%
2022-06-17 19:36:24 : 120,700,000 : 0 : 13,000,018,500 : 55%
2022-06-17 19:52:23 : 120,800,000 : 0 : 13,010,504,500 : 55%
2022-06-17 20:08:18 : 120,900,000 : 0 : 13,020,859,425 : 55%
2022-06-17 20:24:24 : 121,000,000 : 0 : 13,031,214,350 : 55%
2022-06-17 20:40:41 : 121,100,000 : 0 : 13,041,569,275 : 55%
2022-06-17 20:56:52 : 121,200,000 : 0 : 13,051,793,125 : 55%
2022-06-17 21:13:19 : 121,300,000 : 0 : 13,062,279,125 : 55%
2022-06-17 21:30:15 : 121,400,000 : 0 : 13,072,502,975 : 55%
2022-06-17 21:47:02 : 121,500,000 : 0 : 13,082,857,900 : 55%
2022-06-17 22:04:00 : 121,600,000 : 0 : 13,093,081,750 : 55%
2022-06-17 22:21:10 : 121,700,000 : 0 : 13,103,305,600 : 55%
2022-06-17 22:38:36 : 121,800,000 : 0 : 13,113,529,450 : 55%
2022-06-17 22:56:09 : 121,900,000 : 0 : 13,123,753,300 : 56%
2022-06-17 23:14:00 : 122,000,000 : 0 : 13,133,846,075 : 56%
2022-06-17 23:32:20 : 122,100,000 : 0 : 13,144,069,925 : 56%
2022-06-17 23:50:52 : 122,200,000 : 0 : 13,154,162,700 : 56%
2022-06-18 00:09:20 : 122,300,000 : 0 : 13,164,124,400 : 56%
2022-06-18 00:28:12 : 122,400,000 : 0 : 13,174,217,175 : 56%
2022-06-18 00:47:10 : 122,500,000 : 0 : 13,194,140,575 : 56%
2022-06-18 01:06:16 : 122,600,000 : 0 : 13,204,102,275 : 56%
2022-06-18 01:25:42 : 122,700,000 : 0 : 13,214,063,975 : 56%
2022-06-18 01:45:15 : 122,800,000 : 0 : 13,224,025,675 : 56%
2022-06-18 02:05:08 : 122,900,000 : 0 : 13,233,856,300 : 56%
2022-06-18 02:25:02 : 123,000,000 : 0 : 13,243,686,925 : 56%
2022-06-18 02:45:17 : 123,100,000 : 0 : 13,253,779,700 : 56%
2022-06-18 03:06:19 : 123,200,000 : 0 : 13,263,610,325 : 56%
2022-06-18 03:27:47 : 123,300,000 : 0 : 13,273,572,025 : 56%
2022-06-18 03:50:09 : 123,400,000 : 0 : 13,283,533,725 : 56%
2022-06-18 04:13:00 : 123,500,000 : 0 : 13,293,495,425 : 56%
2022-06-18 04:36:57 : 123,600,000 : 0 : 13,303,457,125 : 56%
2022-06-18 05:02:20 : 123,700,000 : 0 : 13,313,418,825 : 56%
2022-06-18 05:28:16 : 123,800,000 : 0 : 13,323,249,450 : 56%
2022-06-18 05:55:54 : 123,900,000 : 0 : 13,333,211,150 : 56%
2022-06-18 06:24:45 : 124,000,000 : 0 : 13,343,303,925 : 56%
2022-06-18 06:55:04 : 124,100,000 : 0 : 13,353,396,700 : 56%
2022-06-18 07:26:04 : 124,200,000 : 0 : 13,363,489,475 : 57%
2022-06-18 07:58:14 : 124,300,000 : 0 : 13,373,451,175 : 57%
2022-06-18 08:30:35 : 124,400,000 : 0 : 13,383,543,950 : 57%
2022-06-18 09:04:10 : 124,500,000 : 0 : 13,393,505,650 : 57%
2022-06-18 09:37:33 : 124,600,000 : 0 : 13,403,467,350 : 57%
2022-06-18 10:10:52 : 124,700,000 : 0 : 13,413,560,125 : 57%
2022-06-18 10:42:56 : 124,800,000 : 0 : 13,423,652,900 : 57%
2022-06-18 11:12:44 : 124,900,000 : 0 : 13,443,969,525 : 57%
2022-06-18 11:40:54 : 125,000,000 : 0 : 13,454,193,375 : 57%
2022-06-18 12:06:51 : 125,100,000 : 0 : 13,464,417,225 : 57%
2022-06-18 12:31:05 : 125,200,000 : 0 : 13,474,903,225 : 57%
2022-06-18 12:53:56 : 125,300,000 : 0 : 13,485,258,150 : 57%
2022-06-18 13:15:39 : 125,400,000 : 0 : 13,495,613,075 : 57%
2022-06-18 13:36:32 : 125,500,000 : 0 : 13,506,099,075 : 57%
2022-06-18 13:56:38 : 125,600,000 : 0 : 13,516,454,000 : 57%
2022-06-18 14:15:43 : 125,700,000 : 0 : 13,526,940,000 : 57%
2022-06-18 14:34:20 : 125,800,000 : 0 : 13,537,294,925 : 57%
2022-06-18 14:52:31 : 125,900,000 : 0 : 13,547,780,925 : 57%
2022-06-18 15:10:13 : 126,000,000 : 0 : 13,558,135,850 : 57%
2022-06-18 15:27:56 : 126,100,000 : 0 : 13,568,621,850 : 57%
2022-06-18 15:45:21 : 126,200,000 : 0 : 13,579,107,850 : 57%
2022-06-18 16:02:33 : 126,300,000 : 0 : 13,589,462,775 : 57%
2022-06-18 16:19:37 : 126,400,000 : 0 : 13,599,817,700 : 58%
2022-06-18 16:36:36 : 126,500,000 : 0 : 13,610,303,700 : 58%
2022-06-18 16:53:39 : 126,600,000 : 0 : 13,620,789,700 : 58%
2022-06-18 17:10:52 : 126,700,000 : 0 : 13,631,144,625 : 58%
2022-06-18 17:27:55 : 126,800,000 : 0 : 13,641,499,550 : 58%
2022-06-18 17:45:05 : 126,900,000 : 0 : 13,651,854,475 : 58%
2022-06-18 18:02:13 : 127,000,000 : 0 : 13,662,209,400 : 58%
2022-06-18 18:19:18 : 127,100,000 : 0 : 13,682,788,175 : 58%
2022-06-18 18:36:45 : 127,200,000 : 0 : 13,693,143,100 : 58%
2022-06-18 18:54:13 : 127,300,000 : 0 : 13,703,366,950 : 58%
2022-06-18 19:11:50 : 127,400,000 : 0 : 13,713,590,800 : 58%
2022-06-18 19:29:43 : 127,500,000 : 0 : 13,723,814,650 : 58%
2022-06-18 19:47:21 : 127,600,000 : 0 : 13,734,038,500 : 58%
2022-06-18 20:04:52 : 127,700,000 : 0 : 13,744,000,200 : 58%
2022-06-18 20:22:17 : 127,800,000 : 0 : 13,753,961,900 : 58%
2022-06-18 20:39:11 : 127,900,000 : 0 : 13,763,923,600 : 58%
2022-06-18 20:56:08 : 128,000,000 : 0 : 13,773,754,225 : 58%
2022-06-18 21:13:28 : 128,100,000 : 0 : 13,783,715,925 : 58%
2022-06-18 21:31:01 : 128,200,000 : 0 : 13,793,808,700 : 58%
2022-06-18 21:48:47 : 128,300,000 : 0 : 13,803,901,475 : 58%
2022-06-18 22:06:36 : 128,400,000 : 0 : 13,813,994,250 : 58%
2022-06-18 22:24:41 : 128,500,000 : 0 : 13,824,087,025 : 58%
2022-06-18 22:43:05 : 128,600,000 : 0 : 13,834,179,800 : 59%
2022-06-18 23:01:45 : 128,700,000 : 0 : 13,844,272,575 : 59%
2022-06-18 23:20:36 : 128,800,000 : 0 : 13,854,365,350 : 59%
2022-06-18 23:39:32 : 128,900,000 : 0 : 13,864,327,050 : 59%
2022-06-18 23:58:34 : 129,000,000 : 0 : 13,874,419,825 : 59%
2022-06-19 00:18:15 : 129,100,000 : 0 : 13,884,381,525 : 59%
2022-06-19 00:37:50 : 129,200,000 : 0 : 13,894,343,225 : 59%
2022-06-19 00:57:36 : 129,300,000 : 0 : 13,904,304,925 : 59%
2022-06-19 01:17:40 : 129,400,000 : 0 : 13,924,097,250 : 59%
2022-06-19 01:37:52 : 129,500,000 : 0 : 13,933,927,875 : 59%
2022-06-19 01:58:17 : 129,600,000 : 0 : 13,943,758,500 : 59%
2022-06-19 02:18:27 : 129,700,000 : 0 : 13,953,720,200 : 59%
2022-06-19 02:39:05 : 129,800,000 : 0 : 13,963,550,825 : 59%
2022-06-19 03:00:14 : 129,900,000 : 0 : 13,973,512,525 : 59%
2022-06-19 03:22:05 : 130,000,000 : 0 : 13,983,474,225 : 59%
2022-06-19 03:44:47 : 130,100,000 : 0 : 13,993,567,000 : 59%
2022-06-19 04:08:27 : 130,200,000 : 0 : 14,003,528,700 : 59%
2022-06-19 04:33:04 : 130,300,000 : 0 : 14,013,490,400 : 59%
2022-06-19 04:58:38 : 130,400,000 : 0 : 14,023,583,175 : 59%
2022-06-19 05:25:17 : 130,500,000 : 0 : 14,033,544,875 : 59%
2022-06-19 05:53:04 : 130,600,000 : 0 : 14,043,506,575 : 59%
2022-06-19 06:21:44 : 130,700,000 : 0 : 14,053,599,350 : 59%
2022-06-19 06:51:55 : 130,800,000 : 0 : 14,063,692,125 : 59%
2022-06-19 07:23:16 : 130,900,000 : 0 : 14,073,784,900 : 60%
2022-06-19 07:55:02 : 131,000,000 : 0 : 14,084,008,750 : 60%
2022-06-19 08:27:36 : 131,100,000 : 0 : 14,094,101,525 : 60%
2022-06-19 09:00:22 : 131,200,000 : 0 : 14,104,325,375 : 60%
2022-06-19 09:33:39 : 131,300,000 : 0 : 14,114,549,225 : 60%
2022-06-19 10:07:06 : 131,400,000 : 0 : 14,124,642,000 : 60%
2022-06-19 10:39:39 : 131,500,000 : 0 : 14,134,734,775 : 60%
2022-06-19 11:10:12 : 131,600,000 : 0 : 14,155,051,400 : 60%
2022-06-19 11:39:11 : 131,700,000 : 0 : 14,165,144,175 : 60%
2022-06-19 12:05:46 : 131,800,000 : 0 : 14,175,368,025 : 60%
2022-06-19 12:30:49 : 131,900,000 : 0 : 14,185,722,950 : 60%
2022-06-19 12:54:07 : 132,000,000 : 0 : 14,195,946,800 : 60%
2022-06-19 13:16:07 : 132,100,000 : 0 : 14,206,170,650 : 60%
2022-06-19 13:37:00 : 132,200,000 : 0 : 14,216,525,575 : 60%
2022-06-19 13:56:57 : 132,300,000 : 0 : 14,226,880,500 : 60%
2022-06-19 14:16:06 : 132,400,000 : 0 : 14,237,235,425 : 60%
2022-06-19 14:34:17 : 132,500,000 : 0 : 14,247,590,350 : 60%
2022-06-19 14:52:27 : 132,600,000 : 0 : 14,257,945,275 : 60%
2022-06-19 15:10:01 : 132,700,000 : 0 : 14,268,431,275 : 60%
2022-06-19 15:27:30 : 132,800,000 : 0 : 14,278,786,200 : 60%
2022-06-19 15:44:35 : 132,900,000 : 0 : 14,289,272,200 : 60%
2022-06-19 16:01:33 : 133,000,000 : 0 : 14,299,627,125 : 60%
2022-06-19 16:18:20 : 133,100,000 : 0 : 14,310,113,125 : 61%
2022-06-19 16:34:59 : 133,200,000 : 0 : 14,320,468,050 : 61%
2022-06-19 16:51:34 : 133,300,000 : 0 : 14,330,822,975 : 61%
2022-06-19 17:08:21 : 133,400,000 : 0 : 14,341,308,975 : 61%
2022-06-19 17:25:13 : 133,500,000 : 0 : 14,362,018,825 : 61%
2022-06-19 17:42:00 : 133,600,000 : 0 : 14,372,504,825 : 61%
2022-06-19 17:58:38 : 133,700,000 : 0 : 14,382,728,675 : 61%
2022-06-19 18:15:28 : 133,800,000 : 0 : 14,392,952,525 : 61%
2022-06-19 18:32:10 : 133,900,000 : 0 : 14,403,045,300 : 61%
2022-06-19 18:48:46 : 134,000,000 : 0 : 14,413,269,150 : 61%
2022-06-19 19:05:11 : 134,100,000 : 0 : 14,423,361,925 : 61%
2022-06-19 19:21:46 : 134,200,000 : 0 : 14,433,454,700 : 61%
2022-06-19 19:38:36 : 134,300,000 : 0 : 14,443,547,475 : 61%
2022-06-19 19:54:53 : 134,400,000 : 0 : 14,453,771,325 : 61%
2022-06-19 20:11:26 : 134,500,000 : 0 : 14,463,995,175 : 61%
2022-06-19 20:28:11 : 134,600,000 : 0 : 14,474,219,025 : 61%
2022-06-19 20:44:56 : 134,700,000 : 0 : 14,484,311,800 : 61%
2022-06-19 21:02:00 : 134,800,000 : 0 : 14,494,404,575 : 61%
2022-06-19 21:19:26 : 134,900,000 : 0 : 14,504,759,500 : 61%
2022-06-19 21:36:47 : 135,000,000 : 0 : 14,514,983,350 : 61%
2022-06-19 21:54:08 : 135,100,000 : 0 : 14,525,338,275 : 61%
2022-06-19 22:11:51 : 135,200,000 : 0 : 14,535,562,125 : 61%
2022-06-19 22:30:00 : 135,300,000 : 0 : 14,545,917,050 : 62%
2022-06-19 22:48:23 : 135,400,000 : 0 : 14,556,140,900 : 62%
2022-06-19 23:06:51 : 135,500,000 : 0 : 14,566,233,675 : 62%
2022-06-19 23:25:40 : 135,600,000 : 0 : 14,586,681,375 : 62%
2022-06-19 23:44:53 : 135,700,000 : 0 : 14,596,774,150 : 62%
2022-06-20 00:04:15 : 135,800,000 : 0 : 14,606,998,000 : 62%
2022-06-20 00:23:49 : 135,900,000 : 0 : 14,617,090,775 : 62%
2022-06-20 00:43:31 : 136,000,000 : 0 : 14,627,183,550 : 62%
2022-06-20 01:03:21 : 136,100,000 : 0 : 14,637,407,400 : 62%
2022-06-20 01:23:05 : 136,200,000 : 0 : 14,647,500,175 : 62%
2022-06-20 01:43:18 : 136,300,000 : 0 : 14,657,724,025 : 62%
2022-06-20 02:03:13 : 136,400,000 : 0 : 14,667,816,800 : 62%
2022-06-20 02:23:12 : 136,500,000 : 0 : 14,677,909,575 : 62%
2022-06-20 02:43:32 : 136,600,000 : 0 : 14,688,133,425 : 62%
2022-06-20 03:03:53 : 136,700,000 : 0 : 14,698,226,200 : 62%
2022-06-20 03:25:02 : 136,800,000 : 0 : 14,708,450,050 : 62%
2022-06-20 03:46:45 : 136,900,000 : 0 : 14,718,673,900 : 62%
2022-06-20 04:09:26 : 137,000,000 : 0 : 14,728,766,675 : 62%
2022-06-20 04:33:15 : 137,100,000 : 0 : 14,738,990,525 : 62%
2022-06-20 04:58:22 : 137,200,000 : 0 : 14,749,214,375 : 62%
2022-06-20 05:24:14 : 137,300,000 : 0 : 14,759,438,225 : 62%
2022-06-20 05:51:00 : 137,400,000 : 0 : 14,769,662,075 : 62%
2022-06-20 06:19:17 : 137,500,000 : 0 : 14,780,017,000 : 63%
2022-06-20 06:48:40 : 137,600,000 : 0 : 14,790,240,850 : 63%
2022-06-20 07:19:01 : 137,700,000 : 0 : 14,811,081,775 : 63%
2022-06-20 07:51:02 : 137,800,000 : 0 : 14,821,436,700 : 63%
2022-06-20 08:23:50 : 137,900,000 : 0 : 14,831,791,625 : 63%
2022-06-20 08:57:48 : 138,000,000 : 0 : 14,842,146,550 : 63%
2022-06-20 09:31:14 : 138,100,000 : 0 : 14,852,632,550 : 63%
2022-06-20 10:03:52 : 138,200,000 : 0 : 14,862,987,475 : 63%
2022-06-20 10:35:04 : 138,300,000 : 0 : 14,873,473,475 : 63%
2022-06-20 11:04:11 : 138,400,000 : 0 : 14,883,828,400 : 63%
2022-06-20 11:31:04 : 138,500,000 : 0 : 14,894,183,325 : 63%
2022-06-20 11:55:54 : 138,600,000 : 0 : 14,904,669,325 : 63%
2022-06-20 12:19:08 : 138,700,000 : 0 : 14,915,155,325 : 63%
2022-06-20 12:40:51 : 138,800,000 : 0 : 14,925,772,400 : 63%
2022-06-20 13:01:51 : 138,900,000 : 0 : 14,936,389,475 : 63%
2022-06-20 13:21:40 : 139,000,000 : 0 : 14,947,137,625 : 63%
2022-06-20 13:40:40 : 139,100,000 : 0 : 14,957,754,700 : 63%
2022-06-20 13:58:56 : 139,200,000 : 0 : 14,968,502,850 : 63%
2022-06-20 14:16:30 : 139,300,000 : 0 : 14,979,251,000 : 63%
2022-06-20 14:33:27 : 139,400,000 : 0 : 14,989,999,150 : 63%
2022-06-20 14:50:06 : 139,500,000 : 0 : 15,000,747,300 : 63%
2022-06-20 15:06:14 : 139,600,000 : 0 : 15,011,495,450 : 63%
2022-06-20 15:22:20 : 139,700,000 : 0 : 15,032,991,750 : 64%
2022-06-20 15:38:10 : 139,800,000 : 0 : 15,043,739,900 : 64%
2022-06-20 15:53:51 : 139,900,000 : 0 : 15,054,488,050 : 64%
2022-06-20 16:09:27 : 140,000,000 : 0 : 15,065,236,200 : 64%
2022-06-20 16:24:48 : 140,100,000 : 0 : 15,075,853,275 : 64%
2022-06-20 16:40:11 : 140,200,000 : 0 : 15,086,601,425 : 64%
2022-06-20 16:55:31 : 140,300,000 : 0 : 15,097,218,500 : 64%
2022-06-20 17:10:54 : 140,400,000 : 0 : 15,107,966,650 : 64%
2022-06-20 17:26:32 : 140,500,000 : 0 : 15,118,714,800 : 64%
2022-06-20 17:42:05 : 140,600,000 : 0 : 15,129,462,950 : 64%
2022-06-20 17:57:39 : 140,700,000 : 0 : 15,140,080,025 : 64%
2022-06-20 18:13:17 : 140,800,000 : 0 : 15,150,828,175 : 64%
2022-06-20 18:28:59 : 140,900,000 : 0 : 15,161,445,250 : 64%
2022-06-20 18:44:32 : 141,000,000 : 0 : 15,172,193,400 : 64%
2022-06-20 19:00:12 : 141,100,000 : 0 : 15,182,679,400 : 64%
2022-06-20 19:16:07 : 141,200,000 : 0 : 15,193,296,475 : 64%
2022-06-20 19:32:01 : 141,300,000 : 0 : 15,203,913,550 : 64%
2022-06-20 19:47:52 : 141,400,000 : 0 : 15,214,530,625 : 64%
2022-06-20 20:03:49 : 141,500,000 : 0 : 15,235,764,775 : 64%
2022-06-20 20:19:27 : 141,600,000 : 0 : 15,246,119,700 : 64%
2022-06-20 20:35:00 : 141,700,000 : 0 : 15,256,605,700 : 65%
2022-06-20 20:50:43 : 141,800,000 : 0 : 15,267,091,700 : 65%
2022-06-20 21:06:28 : 141,900,000 : 0 : 15,277,577,700 : 65%
2022-06-20 21:22:25 : 142,000,000 : 0 : 15,288,194,775 : 65%
2022-06-20 21:38:26 : 142,100,000 : 0 : 15,298,549,700 : 65%
2022-06-20 21:54:44 : 142,200,000 : 0 : 15,309,035,700 : 65%
2022-06-20 22:11:15 : 142,300,000 : 0 : 15,319,521,700 : 65%
2022-06-20 22:28:06 : 142,400,000 : 0 : 15,330,007,700 : 65%
2022-06-20 22:45:05 : 142,500,000 : 0 : 15,340,362,625 : 65%
2022-06-20 23:02:23 : 142,600,000 : 0 : 15,350,717,550 : 65%
2022-06-20 23:19:58 : 142,700,000 : 0 : 15,361,203,550 : 65%
Decoding error with 134,217,728 bytes, reading another chunk
2022-06-20 23:37:43 : 142,800,000 : 0 : 15,381,782,325 : 65%
2022-06-20 23:55:43 : 142,900,000 : 0 : 15,381,782,325 : 65%
2022-06-21 00:13:44 : 143,000,000 : 0 : 15,392,006,175 : 65%
2022-06-21 00:31:28 : 143,100,000 : 0 : 15,402,098,950 : 65%
2022-06-21 00:49:00 : 143,200,000 : 0 : 15,412,060,650 : 65%
2022-06-21 01:06:38 : 143,300,000 : 0 : 15,422,153,425 : 65%
2022-06-21 01:24:36 : 143,400,000 : 0 : 15,432,246,200 : 65%
2022-06-21 01:42:26 : 143,500,000 : 0 : 15,442,207,900 : 65%
2022-06-21 02:00:05 : 143,600,000 : 0 : 15,462,131,300 : 65%
2022-06-21 02:17:56 : 143,700,000 : 0 : 15,472,224,075 : 65%
2022-06-21 02:36:07 : 143,800,000 : 0 : 15,482,316,850 : 65%
2022-06-21 02:54:59 : 143,900,000 : 0 : 15,492,278,550 : 66%
2022-06-21 03:14:04 : 144,000,000 : 0 : 15,502,502,400 : 66%
2022-06-21 03:34:07 : 144,100,000 : 0 : 15,512,595,175 : 66%
2022-06-21 03:55:17 : 144,200,000 : 0 : 15,522,819,025 : 66%
2022-06-21 04:17:23 : 144,300,000 : 0 : 15,533,042,875 : 66%
2022-06-21 04:40:43 : 144,400,000 : 0 : 15,543,397,800 : 66%
2022-06-21 05:05:05 : 144,500,000 : 0 : 15,553,621,650 : 66%
2022-06-21 05:30:30 : 144,600,000 : 0 : 15,563,845,500 : 66%
2022-06-21 05:56:51 : 144,700,000 : 0 : 15,574,069,350 : 66%
2022-06-21 06:24:26 : 144,800,000 : 0 : 15,584,424,275 : 66%
2022-06-21 06:52:17 : 144,900,000 : 0 : 15,594,779,200 : 66%
2022-06-21 07:20:44 : 145,000,000 : 0 : 15,605,134,125 : 66%
2022-06-21 07:51:35 : 145,100,000 : 0 : 15,615,489,050 : 66%
2022-06-21 08:23:56 : 145,200,000 : 0 : 15,625,843,975 : 66%
2022-06-21 08:56:38 : 145,300,000 : 0 : 15,636,198,900 : 66%
2022-06-21 09:29:28 : 145,400,000 : 0 : 15,646,684,900 : 66%
2022-06-21 10:01:11 : 145,500,000 : 0 : 15,657,039,825 : 66%
2022-06-21 10:31:38 : 145,600,000 : 0 : 15,667,394,750 : 66%
2022-06-21 10:59:54 : 145,700,000 : 0 : 15,688,235,675 : 66%
2022-06-21 11:26:18 : 145,800,000 : 0 : 15,698,721,675 : 66%
2022-06-21 11:50:41 : 145,900,000 : 0 : 15,709,338,750 : 66%
2022-06-21 12:13:26 : 146,000,000 : 0 : 15,719,955,825 : 66%
2022-06-21 12:34:40 : 146,100,000 : 0 : 15,730,572,900 : 67%
2022-06-21 12:54:47 : 146,200,000 : 0 : 15,741,189,975 : 67%
2022-06-21 13:14:09 : 146,300,000 : 0 : 15,751,938,125 : 67%
2022-06-21 13:32:24 : 146,400,000 : 0 : 15,762,555,200 : 67%
2022-06-21 13:49:51 : 146,500,000 : 0 : 15,773,303,350 : 67%
2022-06-21 14:06:47 : 146,600,000 : 0 : 15,784,051,500 : 67%
2022-06-21 14:23:16 : 146,700,000 : 0 : 15,794,799,650 : 67%
2022-06-21 14:39:20 : 146,800,000 : 0 : 15,805,547,800 : 67%
2022-06-21 14:54:54 : 146,900,000 : 0 : 15,816,427,025 : 67%
2022-06-21 15:10:33 : 147,000,000 : 0 : 15,827,306,250 : 67%
2022-06-21 15:25:53 : 147,100,000 : 0 : 15,838,054,400 : 67%
2022-06-21 15:41:19 : 147,200,000 : 0 : 15,848,933,625 : 67%
2022-06-21 15:56:38 : 147,300,000 : 0 : 15,859,681,775 : 67%
2022-06-21 16:12:02 : 147,400,000 : 0 : 15,870,561,000 : 67%
2022-06-21 16:27:21 : 147,500,000 : 0 : 15,881,309,150 : 67%
2022-06-21 16:42:54 : 147,600,000 : 0 : 15,902,805,450 : 67%
2022-06-21 16:58:47 : 147,700,000 : 0 : 15,913,553,600 : 67%
2022-06-21 17:14:53 : 147,800,000 : 0 : 15,924,170,675 : 67%
2022-06-21 17:31:00 : 147,900,000 : 0 : 15,934,787,750 : 67%
2022-06-21 17:47:13 : 148,000,000 : 0 : 15,945,535,900 : 67%
2022-06-21 18:03:40 : 148,100,000 : 0 : 15,956,152,975 : 67%
2022-06-21 18:20:16 : 148,200,000 : 0 : 15,966,638,975 : 68%
2022-06-21 18:36:43 : 148,300,000 : 0 : 15,977,256,050 : 68%
2022-06-21 18:53:31 : 148,400,000 : 0 : 15,987,873,125 : 68%
2022-06-21 19:10:27 : 148,500,000 : 0 : 15,998,359,125 : 68%
2022-06-21 19:27:29 : 148,600,000 : 0 : 16,008,976,200 : 68%
2022-06-21 19:44:32 : 148,700,000 : 0 : 16,019,593,275 : 68%
2022-06-21 20:01:37 : 148,800,000 : 0 : 16,030,210,350 : 68%
2022-06-21 20:18:26 : 148,900,000 : 0 : 16,040,696,350 : 68%
2022-06-21 20:34:58 : 149,000,000 : 0 : 16,051,313,425 : 68%
2022-06-21 20:51:09 : 149,100,000 : 0 : 16,061,799,425 : 68%
2022-06-21 21:07:20 : 149,200,000 : 0 : 16,072,416,500 : 68%
2022-06-21 21:23:47 : 149,300,000 : 0 : 16,083,033,575 : 68%
2022-06-21 21:40:02 : 149,400,000 : 0 : 16,104,267,725 : 68%
2022-06-21 21:56:25 : 149,500,000 : 0 : 16,114,884,800 : 68%
2022-06-21 22:12:54 : 149,600,000 : 0 : 16,125,370,800 : 68%
2022-06-21 22:29:34 : 149,700,000 : 0 : 16,135,856,800 : 68%
2022-06-21 22:46:27 : 149,800,000 : 0 : 16,146,342,800 : 68%
2022-06-21 23:03:35 : 149,900,000 : 0 : 16,156,697,725 : 68%
2022-06-21 23:20:53 : 150,000,000 : 0 : 16,167,052,650 : 68%
2022-06-21 23:38:09 : 150,100,000 : 0 : 16,177,407,575 : 68%
2022-06-21 23:55:34 : 150,200,000 : 0 : 16,187,631,425 : 68%
2022-06-22 00:13:12 : 150,300,000 : 0 : 16,197,855,275 : 69%
2022-06-22 00:31:06 : 150,400,000 : 0 : 16,208,079,125 : 69%
2022-06-22 00:48:59 : 150,500,000 : 0 : 16,218,302,975 : 69%
2022-06-22 01:06:57 : 150,600,000 : 0 : 16,228,395,750 : 69%
2022-06-22 01:25:07 : 150,700,000 : 0 : 16,238,750,675 : 69%
2022-06-22 01:43:15 : 150,800,000 : 0 : 16,248,843,450 : 69%
2022-06-22 02:01:31 : 150,900,000 : 0 : 16,259,067,300 : 69%
2022-06-22 02:19:52 : 151,000,000 : 0 : 16,269,160,075 : 69%
2022-06-22 02:38:01 : 151,100,000 : 0 : 16,279,252,850 : 69%
2022-06-22 02:56:33 : 151,200,000 : 0 : 16,289,345,625 : 69%
2022-06-22 03:15:50 : 151,300,000 : 0 : 16,299,569,475 : 69%
2022-06-22 03:35:25 : 151,400,000 : 0 : 16,309,662,250 : 69%
2022-06-22 03:56:08 : 151,500,000 : 0 : 16,329,847,800 : 69%
2022-06-22 04:17:32 : 151,600,000 : 0 : 16,339,940,575 : 69%
2022-06-22 04:40:04 : 151,700,000 : 0 : 16,350,164,425 : 69%
2022-06-22 05:03:56 : 151,800,000 : 0 : 16,360,388,275 : 69%
2022-06-22 05:28:51 : 151,900,000 : 0 : 16,370,612,125 : 69%
2022-06-22 05:54:41 : 152,000,000 : 0 : 16,380,835,975 : 69%
2022-06-22 06:21:53 : 152,100,000 : 0 : 16,391,190,900 : 69%
2022-06-22 06:50:14 : 152,200,000 : 0 : 16,401,545,825 : 69%
2022-06-22 07:19:41 : 152,300,000 : 0 : 16,411,900,750 : 69%
2022-06-22 07:49:59 : 152,400,000 : 0 : 16,422,255,675 : 69%
2022-06-22 08:20:37 : 152,500,000 : 0 : 16,432,610,600 : 69%
2022-06-22 08:51:59 : 152,600,000 : 0 : 16,442,965,525 : 70%
2022-06-22 09:23:31 : 152,700,000 : 0 : 16,453,320,450 : 70%
2022-06-22 09:54:28 : 152,800,000 : 0 : 16,463,806,450 : 70%
2022-06-22 10:24:28 : 152,900,000 : 0 : 16,474,161,375 : 70%
2022-06-22 10:52:36 : 153,000,000 : 0 : 16,484,647,375 : 70%
2022-06-22 11:18:42 : 153,100,000 : 0 : 16,495,002,300 : 70%
2022-06-22 11:42:45 : 153,200,000 : 0 : 16,505,619,375 : 70%
2022-06-22 12:05:32 : 153,300,000 : 0 : 16,516,105,375 : 70%
2022-06-22 12:27:03 : 153,400,000 : 0 : 16,526,853,525 : 70%
2022-06-22 12:47:16 : 153,500,000 : 0 : 16,548,087,675 : 70%
2022-06-22 13:06:25 : 153,600,000 : 0 : 16,558,704,750 : 70%
2022-06-22 13:24:42 : 153,700,000 : 0 : 16,569,452,900 : 70%
2022-06-22 13:42:08 : 153,800,000 : 0 : 16,580,201,050 : 70%
2022-06-22 13:58:54 : 153,900,000 : 0 : 16,590,949,200 : 70%
2022-06-22 14:15:13 : 154,000,000 : 0 : 16,601,697,350 : 70%
2022-06-22 14:30:57 : 154,100,000 : 0 : 16,612,445,500 : 70%
2022-06-22 14:46:28 : 154,200,000 : 0 : 16,623,324,725 : 70%
2022-06-22 15:01:41 : 154,300,000 : 0 : 16,634,072,875 : 70%
2022-06-22 15:16:57 : 154,400,000 : 0 : 16,644,952,100 : 70%
2022-06-22 15:32:02 : 154,500,000 : 0 : 16,655,831,325 : 70%
2022-06-22 15:47:01 : 154,600,000 : 0 : 16,666,579,475 : 70%
2022-06-22 16:01:48 : 154,700,000 : 0 : 16,677,458,700 : 71%
2022-06-22 16:16:34 : 154,800,000 : 0 : 16,688,206,850 : 71%
2022-06-22 16:31:12 : 154,900,000 : 0 : 16,699,086,075 : 71%
2022-06-22 16:46:00 : 155,000,000 : 0 : 16,709,834,225 : 71%
2022-06-22 17:00:50 : 155,100,000 : 0 : 16,720,582,375 : 71%
2022-06-22 17:16:01 : 155,200,000 : 0 : 16,731,330,525 : 71%
2022-06-22 17:31:26 : 155,300,000 : 0 : 16,742,078,675 : 71%
2022-06-22 17:47:09 : 155,400,000 : 0 : 16,763,574,975 : 71%
2022-06-22 18:02:58 : 155,500,000 : 0 : 16,774,192,050 : 71%
2022-06-22 18:19:01 : 155,600,000 : 0 : 16,784,940,200 : 71%
2022-06-22 18:35:07 : 155,700,000 : 0 : 16,795,557,275 : 71%
2022-06-22 18:51:14 : 155,800,000 : 0 : 16,806,305,425 : 71%
2022-06-22 19:07:36 : 155,900,000 : 0 : 16,816,922,500 : 71%
2022-06-22 19:23:39 : 156,000,000 : 0 : 16,827,539,575 : 71%
2022-06-22 19:39:24 : 156,100,000 : 0 : 16,838,156,650 : 71%
2022-06-22 19:55:02 : 156,200,000 : 0 : 16,848,773,725 : 71%
2022-06-22 20:10:34 : 156,300,000 : 0 : 16,859,390,800 : 71%
2022-06-22 20:25:50 : 156,400,000 : 0 : 16,869,876,800 : 71%
2022-06-22 20:41:14 : 156,500,000 : 0 : 16,880,493,875 : 71%
2022-06-22 20:56:36 : 156,600,000 : 0 : 16,891,110,950 : 71%
2022-06-22 21:11:57 : 156,700,000 : 0 : 16,901,596,950 : 71%
2022-06-22 21:27:28 : 156,800,000 : 0 : 16,912,082,950 : 72%
2022-06-22 21:43:11 : 156,900,000 : 0 : 16,922,700,025 : 72%
2022-06-22 21:58:55 : 157,000,000 : 0 : 16,933,186,025 : 72%
2022-06-22 22:14:58 : 157,100,000 : 0 : 16,943,672,025 : 72%
2022-06-22 22:31:14 : 157,200,000 : 0 : 16,954,158,025 : 72%
2022-06-22 22:47:58 : 157,300,000 : 0 : 16,964,644,025 : 72%
2022-06-22 23:04:45 : 157,400,000 : 0 : 16,985,484,950 : 72%
2022-06-22 23:21:52 : 157,500,000 : 0 : 16,995,839,875 : 72%
2022-06-22 23:39:11 : 157,600,000 : 0 : 17,006,194,800 : 72%
2022-06-22 23:56:24 : 157,700,000 : 0 : 17,016,418,650 : 72%
2022-06-23 00:13:55 : 157,800,000 : 0 : 17,026,511,425 : 72%
2022-06-23 00:31:25 : 157,900,000 : 0 : 17,036,604,200 : 72%
2022-06-23 00:48:52 : 158,000,000 : 0 : 17,046,696,975 : 72%
2022-06-23 01:06:08 : 158,100,000 : 0 : 17,056,789,750 : 72%
2022-06-23 01:23:30 : 158,200,000 : 0 : 17,066,751,450 : 72%
2022-06-23 01:40:46 : 158,300,000 : 0 : 17,076,713,150 : 72%
2022-06-23 01:58:06 : 158,400,000 : 0 : 17,086,805,925 : 72%
2022-06-23 02:15:26 : 158,500,000 : 0 : 17,096,767,625 : 72%
2022-06-23 02:33:09 : 158,600,000 : 0 : 17,106,860,400 : 72%
2022-06-23 02:51:13 : 158,700,000 : 0 : 17,117,084,250 : 72%
2022-06-23 03:09:47 : 158,800,000 : 0 : 17,127,177,025 : 72%
2022-06-23 03:28:47 : 158,900,000 : 0 : 17,137,138,725 : 72%
2022-06-23 03:48:27 : 159,000,000 : 0 : 17,147,100,425 : 73%
2022-06-23 04:09:11 : 159,100,000 : 0 : 17,157,324,275 : 73%
2022-06-23 04:31:05 : 159,200,000 : 0 : 17,167,548,125 : 73%
2022-06-23 04:53:55 : 159,300,000 : 0 : 17,177,640,900 : 73%
2022-06-23 05:17:44 : 159,400,000 : 0 : 17,187,864,750 : 73%
2022-06-23 05:42:48 : 159,500,000 : 0 : 17,198,219,675 : 73%
2022-06-23 06:09:06 : 159,600,000 : 0 : 17,218,798,450 : 73%
2022-06-23 06:36:50 : 159,700,000 : 0 : 17,229,284,450 : 73%
2022-06-23 07:05:38 : 159,800,000 : 0 : 17,239,639,375 : 73%
2022-06-23 07:35:38 : 159,900,000 : 0 : 17,250,125,375 : 73%
2022-06-23 08:07:02 : 160,000,000 : 0 : 17,260,480,300 : 73%
2022-06-23 08:39:05 : 160,100,000 : 0 : 17,270,966,300 : 73%
2022-06-23 09:11:21 : 160,200,000 : 0 : 17,281,321,225 : 73%
2022-06-23 09:43:05 : 160,300,000 : 0 : 17,291,676,150 : 73%
2022-06-23 10:13:48 : 160,400,000 : 0 : 17,302,031,075 : 73%
2022-06-23 10:42:16 : 160,500,000 : 0 : 17,312,386,000 : 73%
2022-06-23 11:08:35 : 160,600,000 : 0 : 17,322,740,925 : 73%
2022-06-23 11:33:07 : 160,700,000 : 0 : 17,333,226,925 : 73%
2022-06-23 11:56:01 : 160,800,000 : 0 : 17,343,712,925 : 73%
2022-06-23 12:17:25 : 160,900,000 : 0 : 17,354,198,925 : 73%
2022-06-23 12:37:39 : 161,000,000 : 0 : 17,364,816,000 : 73%
2022-06-23 12:56:50 : 161,100,000 : 0 : 17,375,433,075 : 73%
2022-06-23 13:15:14 : 161,200,000 : 0 : 17,386,050,150 : 74%
2022-06-23 13:32:46 : 161,300,000 : 0 : 17,396,667,225 : 74%
2022-06-23 13:49:51 : 161,400,000 : 0 : 17,407,415,375 : 74%
2022-06-23 14:06:13 : 161,500,000 : 0 : 17,418,032,450 : 74%
2022-06-23 14:22:15 : 161,600,000 : 0 : 17,439,528,750 : 74%
2022-06-23 14:37:53 : 161,700,000 : 0 : 17,450,276,900 : 74%
2022-06-23 14:53:00 : 161,800,000 : 0 : 17,461,025,050 : 74%
2022-06-23 15:08:04 : 161,900,000 : 0 : 17,471,773,200 : 74%
2022-06-23 15:22:54 : 162,000,000 : 0 : 17,482,521,350 : 74%
2022-06-23 15:37:33 : 162,100,000 : 0 : 17,493,269,500 : 74%
2022-06-23 15:52:06 : 162,200,000 : 0 : 17,504,148,725 : 74%
2022-06-23 16:06:36 : 162,300,000 : 0 : 17,514,896,875 : 74%
2022-06-23 16:20:58 : 162,400,000 : 0 : 17,525,645,025 : 74%
2022-06-23 16:35:06 : 162,500,000 : 0 : 17,536,524,250 : 74%
2022-06-23 16:49:25 : 162,600,000 : 0 : 17,547,272,400 : 74%
2022-06-23 17:03:41 : 162,700,000 : 0 : 17,558,020,550 : 74%
2022-06-23 17:18:11 : 162,800,000 : 0 : 17,568,768,700 : 74%
2022-06-23 17:32:42 : 162,900,000 : 0 : 17,579,516,850 : 74%
2022-06-23 17:47:22 : 163,000,000 : 0 : 17,590,265,000 : 74%
2022-06-23 18:01:55 : 163,100,000 : 0 : 17,601,013,150 : 74%
2022-06-23 18:16:52 : 163,200,000 : 0 : 17,611,761,300 : 74%
2022-06-23 18:31:28 : 163,300,000 : 0 : 17,622,509,450 : 75%
2022-06-23 18:46:18 : 163,400,000 : 0 : 17,633,126,525 : 75%
2022-06-23 19:01:06 : 163,500,000 : 0 : 17,654,491,750 : 75%
2022-06-23 19:15:58 : 163,600,000 : 0 : 17,664,977,750 : 75%
2022-06-23 19:30:46 : 163,700,000 : 0 : 17,675,594,825 : 75%
2022-06-23 19:45:45 : 163,800,000 : 0 : 17,686,211,900 : 75%
2022-06-23 20:00:42 : 163,900,000 : 0 : 17,696,697,900 : 75%
2022-06-23 20:15:26 : 164,000,000 : 0 : 17,707,052,825 : 75%
2022-06-23 20:29:36 : 164,100,000 : 0 : 17,717,407,750 : 75%
2022-06-23 20:44:35 : 164,200,000 : 0 : 17,727,893,750 : 75%
2022-06-23 20:59:38 : 164,300,000 : 0 : 17,738,510,825 : 75%
2022-06-23 21:14:55 : 164,400,000 : 0 : 17,748,865,750 : 75%
2022-06-23 21:30:26 : 164,500,000 : 0 : 17,759,351,750 : 75%
2022-06-23 21:46:10 : 164,600,000 : 0 : 17,769,837,750 : 75%
2022-06-23 22:01:57 : 164,700,000 : 0 : 17,780,323,750 : 75%
2022-06-23 22:17:57 : 164,800,000 : 0 : 17,790,678,675 : 75%
2022-06-23 22:33:54 : 164,900,000 : 0 : 17,801,033,600 : 75%
2022-06-23 22:50:17 : 165,000,000 : 0 : 17,811,519,600 : 75%
2022-06-23 23:07:01 : 165,100,000 : 0 : 17,821,874,525 : 75%
2022-06-23 23:24:02 : 165,200,000 : 0 : 17,832,360,525 : 75%
2022-06-23 23:41:05 : 165,300,000 : 0 : 17,842,584,375 : 75%
2022-06-23 23:58:24 : 165,400,000 : 0 : 17,852,939,300 : 76%
2022-06-24 00:15:42 : 165,500,000 : 0 : 17,863,032,075 : 76%
2022-06-24 00:32:49 : 165,600,000 : 0 : 17,883,086,550 : 76%
2022-06-24 00:50:06 : 165,700,000 : 0 : 17,893,179,325 : 76%
2022-06-24 01:07:28 : 165,800,000 : 0 : 17,903,141,025 : 76%
2022-06-24 01:24:56 : 165,900,000 : 0 : 17,913,102,725 : 76%
2022-06-24 01:42:28 : 166,000,000 : 0 : 17,923,195,500 : 76%
2022-06-24 02:00:06 : 166,100,000 : 0 : 17,933,157,200 : 76%
2022-06-24 02:17:49 : 166,200,000 : 0 : 17,943,118,900 : 76%
2022-06-24 02:35:39 : 166,300,000 : 0 : 17,953,080,600 : 76%
2022-06-24 02:53:44 : 166,400,000 : 0 : 17,963,042,300 : 76%
2022-06-24 03:12:10 : 166,500,000 : 0 : 17,973,004,000 : 76%
2022-06-24 03:31:23 : 166,600,000 : 0 : 17,983,096,775 : 76%
2022-06-24 03:51:47 : 166,700,000 : 0 : 17,993,189,550 : 76%
2022-06-24 04:12:54 : 166,800,000 : 0 : 18,003,413,400 : 76%
2022-06-24 04:35:05 : 166,900,000 : 0 : 18,013,637,250 : 76%
2022-06-24 04:58:28 : 167,000,000 : 0 : 18,023,730,025 : 76%
2022-06-24 05:22:34 : 167,100,000 : 0 : 18,033,953,875 : 76%
2022-06-24 05:48:06 : 167,200,000 : 0 : 18,044,308,800 : 76%
2022-06-24 06:15:20 : 167,300,000 : 0 : 18,054,663,725 : 76%
2022-06-24 06:43:29 : 167,400,000 : 0 : 18,065,149,725 : 76%
2022-06-24 07:12:16 : 167,500,000 : 0 : 18,075,504,650 : 76%
2022-06-24 07:42:38 : 167,600,000 : 0 : 18,085,859,575 : 76%
2022-06-24 08:14:13 : 167,700,000 : 0 : 18,096,345,575 : 77%
2022-06-24 08:46:28 : 167,800,000 : 0 : 18,106,831,575 : 77%
2022-06-24 09:18:38 : 167,900,000 : 0 : 18,127,672,500 : 77%
2022-06-24 09:50:41 : 168,000,000 : 0 : 18,137,896,350 : 77%
2022-06-24 10:21:28 : 168,100,000 : 0 : 18,148,251,275 : 77%
2022-06-24 10:50:13 : 168,200,000 : 0 : 18,158,606,200 : 77%
2022-06-24 11:17:05 : 168,300,000 : 0 : 18,169,092,200 : 77%
2022-06-24 11:41:36 : 168,400,000 : 0 : 18,179,447,125 : 77%
2022-06-24 12:04:21 : 168,500,000 : 0 : 18,190,064,200 : 77%
2022-06-24 12:25:56 : 168,600,000 : 0 : 18,200,550,200 : 77%
2022-06-24 12:46:05 : 168,700,000 : 0 : 18,211,167,275 : 77%
2022-06-24 13:04:53 : 168,800,000 : 0 : 18,221,784,350 : 77%
2022-06-24 13:22:53 : 168,900,000 : 0 : 18,232,401,425 : 77%
2022-06-24 13:40:22 : 169,000,000 : 0 : 18,243,018,500 : 77%
2022-06-24 13:57:09 : 169,100,000 : 0 : 18,253,635,575 : 77%
2022-06-24 14:13:28 : 169,200,000 : 0 : 18,264,383,725 : 77%
2022-06-24 14:28:57 : 169,300,000 : 0 : 18,274,869,725 : 77%
2022-06-24 14:43:29 : 169,400,000 : 0 : 18,285,224,650 : 77%
2022-06-24 14:57:26 : 169,500,000 : 0 : 18,295,579,575 : 77%
2022-06-24 15:11:22 : 169,600,000 : 0 : 18,306,065,575 : 77%
2022-06-24 15:25:01 : 169,700,000 : 0 : 18,316,420,500 : 77%
2022-06-24 15:38:33 : 169,800,000 : 0 : 18,326,906,500 : 78%
2022-06-24 15:52:12 : 169,900,000 : 0 : 18,347,878,500 : 78%
2022-06-24 16:05:45 : 170,000,000 : 0 : 18,358,233,425 : 78%
2022-06-24 16:19:19 : 170,100,000 : 0 : 18,368,719,425 : 78%
2022-06-24 16:32:41 : 170,200,000 : 0 : 18,379,205,425 : 78%
2022-06-24 16:46:00 : 170,300,000 : 0 : 18,389,560,350 : 78%
2022-06-24 16:59:25 : 170,400,000 : 0 : 18,400,046,350 : 78%
2022-06-24 17:13:02 : 170,500,000 : 0 : 18,410,532,350 : 78%
2022-06-24 17:26:38 : 170,600,000 : 0 : 18,420,887,275 : 78%
2022-06-24 17:40:24 : 170,700,000 : 0 : 18,431,373,275 : 78%
2022-06-24 17:54:21 : 170,800,000 : 0 : 18,441,859,275 : 78%
2022-06-24 18:08:13 : 170,900,000 : 0 : 18,452,345,275 : 78%
2022-06-24 18:22:29 : 171,000,000 : 0 : 18,462,831,275 : 78%
2022-06-24 18:36:48 : 171,100,000 : 0 : 18,473,317,275 : 78%
2022-06-24 18:50:59 : 171,200,000 : 0 : 18,483,672,200 : 78%
2022-06-24 19:05:16 : 171,300,000 : 0 : 18,494,158,200 : 78%
2022-06-24 19:19:44 : 171,400,000 : 0 : 18,504,644,200 : 78%
2022-06-24 19:34:08 : 171,500,000 : 0 : 18,514,999,125 : 78%
2022-06-24 19:48:37 : 171,600,000 : 0 : 18,525,485,125 : 78%
2022-06-24 20:03:05 : 171,700,000 : 0 : 18,535,840,050 : 78%
2022-06-24 20:17:35 : 171,800,000 : 0 : 18,546,194,975 : 78%
2022-06-24 20:32:08 : 171,900,000 : 0 : 18,556,549,900 : 78%
2022-06-24 20:46:50 : 172,000,000 : 0 : 18,577,259,750 : 79%
2022-06-24 21:01:33 : 172,100,000 : 0 : 18,587,483,600 : 79%
2022-06-24 21:16:39 : 172,200,000 : 0 : 18,597,838,525 : 79%
2022-06-24 21:31:51 : 172,300,000 : 0 : 18,608,062,375 : 79%
2022-06-24 21:47:16 : 172,400,000 : 0 : 18,618,417,300 : 79%
2022-06-24 22:02:46 : 172,500,000 : 0 : 18,628,641,150 : 79%
2022-06-24 22:18:33 : 172,600,000 : 0 : 18,638,865,000 : 79%
2022-06-24 22:34:23 : 172,700,000 : 0 : 18,649,088,850 : 79%
2022-06-24 22:50:26 : 172,800,000 : 0 : 18,659,312,700 : 79%
2022-06-24 23:06:47 : 172,900,000 : 0 : 18,669,536,550 : 79%
2022-06-24 23:23:26 : 173,000,000 : 0 : 18,679,760,400 : 79%
2022-06-24 23:40:26 : 173,100,000 : 0 : 18,689,853,175 : 79%
2022-06-24 23:57:43 : 173,200,000 : 0 : 18,699,945,950 : 79%
2022-06-25 00:15:03 : 173,300,000 : 0 : 18,710,038,725 : 79%
2022-06-25 00:32:32 : 173,400,000 : 0 : 18,720,000,425 : 79%
2022-06-25 00:49:57 : 173,500,000 : 0 : 18,729,962,125 : 79%
2022-06-25 01:07:13 : 173,600,000 : 0 : 18,739,792,750 : 79%
2022-06-25 01:24:55 : 173,700,000 : 0 : 18,749,754,450 : 79%
2022-06-25 01:42:33 : 173,800,000 : 0 : 18,759,585,075 : 79%
2022-06-25 02:00:23 : 173,900,000 : 0 : 18,769,546,775 : 79%
2022-06-25 02:18:12 : 174,000,000 : 0 : 18,779,377,400 : 79%
2022-06-25 02:36:16 : 174,100,000 : 0 : 18,789,339,100 : 79%
2022-06-25 02:54:34 : 174,200,000 : 0 : 18,809,000,350 : 80%
2022-06-25 03:13:22 : 174,300,000 : 0 : 18,818,830,975 : 80%
2022-06-25 03:32:43 : 174,400,000 : 0 : 18,828,792,675 : 80%
2022-06-25 03:52:35 : 174,500,000 : 0 : 18,838,754,375 : 80%
2022-06-25 04:13:13 : 174,600,000 : 0 : 18,848,716,075 : 80%
2022-06-25 04:34:45 : 174,700,000 : 0 : 18,858,546,700 : 80%
2022-06-25 04:57:18 : 174,800,000 : 0 : 18,868,639,475 : 80%
2022-06-25 05:21:01 : 174,900,000 : 0 : 18,878,601,175 : 80%
2022-06-25 05:45:40 : 175,000,000 : 0 : 18,888,562,875 : 80%
2022-06-25 06:11:23 : 175,100,000 : 0 : 18,898,524,575 : 80%
2022-06-25 06:38:35 : 175,200,000 : 0 : 18,908,617,350 : 80%
2022-06-25 07:07:10 : 175,300,000 : 0 : 18,918,579,050 : 80%
2022-06-25 07:36:37 : 175,400,000 : 0 : 18,928,802,900 : 80%
2022-06-25 08:07:03 : 175,500,000 : 0 : 18,938,895,675 : 80%
2022-06-25 08:38:38 : 175,600,000 : 0 : 18,949,119,525 : 80%
2022-06-25 09:10:28 : 175,700,000 : 0 : 18,959,212,300 : 80%
2022-06-25 09:42:42 : 175,800,000 : 0 : 18,969,174,000 : 80%
2022-06-25 10:14:25 : 175,900,000 : 0 : 18,979,266,775 : 80%
2022-06-25 10:45:18 : 176,000,000 : 0 : 18,989,359,550 : 80%
2022-06-25 11:14:22 : 176,100,000 : 0 : 18,999,583,400 : 80%
2022-06-25 11:41:06 : 176,200,000 : 0 : 19,009,676,175 : 80%
2022-06-25 12:06:11 : 176,300,000 : 0 : 19,019,900,025 : 80%
2022-06-25 12:29:50 : 176,400,000 : 0 : 19,030,254,950 : 80%
2022-06-25 12:51:53 : 176,500,000 : 0 : 19,040,609,875 : 81%
Decoding error with 134,217,728 bytes, reading another chunk
2022-06-25 13:12:56 : 176,600,000 : 0 : 19,071,674,650 : 81%
2022-06-25 13:32:45 : 176,700,000 : 0 : 19,071,674,650 : 81%
2022-06-25 13:51:43 : 176,800,000 : 0 : 19,082,029,575 : 81%
2022-06-25 14:09:53 : 176,900,000 : 0 : 19,092,384,500 : 81%
2022-06-25 14:27:37 : 177,000,000 : 0 : 19,102,870,500 : 81%
2022-06-25 14:44:50 : 177,100,000 : 0 : 19,113,225,425 : 81%
2022-06-25 15:01:27 : 177,200,000 : 0 : 19,123,580,350 : 81%
2022-06-25 15:18:03 : 177,300,000 : 0 : 19,134,066,350 : 81%
2022-06-25 15:34:22 : 177,400,000 : 0 : 19,144,552,350 : 81%
2022-06-25 15:50:21 : 177,500,000 : 0 : 19,155,038,350 : 81%
2022-06-25 16:06:11 : 177,600,000 : 0 : 19,165,524,350 : 81%
2022-06-25 16:22:00 : 177,700,000 : 0 : 19,175,879,275 : 81%
2022-06-25 16:37:43 : 177,800,000 : 0 : 19,186,365,275 : 81%
2022-06-25 16:53:30 : 177,900,000 : 0 : 19,196,851,275 : 81%
2022-06-25 17:09:30 : 178,000,000 : 0 : 19,207,337,275 : 81%
2022-06-25 17:25:37 : 178,100,000 : 0 : 19,217,692,200 : 81%
2022-06-25 17:41:45 : 178,200,000 : 0 : 19,228,047,125 : 81%
2022-06-25 17:58:03 : 178,300,000 : 0 : 19,238,533,125 : 81%
2022-06-25 18:14:34 : 178,400,000 : 0 : 19,248,888,050 : 81%
2022-06-25 18:31:15 : 178,500,000 : 0 : 19,259,242,975 : 81%
2022-06-25 18:47:57 : 178,600,000 : 0 : 19,269,597,900 : 81%
2022-06-25 19:04:32 : 178,700,000 : 0 : 19,290,307,750 : 82%
2022-06-25 19:21:16 : 178,800,000 : 0 : 19,300,531,600 : 82%
2022-06-25 19:37:53 : 178,900,000 : 0 : 19,310,886,525 : 82%
2022-06-25 19:54:40 : 179,000,000 : 0 : 19,321,110,375 : 82%
2022-06-25 20:11:36 : 179,100,000 : 0 : 19,331,334,225 : 82%
2022-06-25 20:28:22 : 179,200,000 : 0 : 19,341,558,075 : 82%
2022-06-25 20:45:05 : 179,300,000 : 0 : 19,351,781,925 : 82%
2022-06-25 21:01:57 : 179,400,000 : 0 : 19,362,005,775 : 82%
2022-06-25 21:19:00 : 179,500,000 : 0 : 19,372,229,625 : 82%
2022-06-25 21:36:06 : 179,600,000 : 0 : 19,382,453,475 : 82%
2022-06-25 21:53:24 : 179,700,000 : 0 : 19,392,677,325 : 82%
2022-06-25 22:10:52 : 179,800,000 : 0 : 19,402,901,175 : 82%
2022-06-25 22:28:14 : 179,900,000 : 0 : 19,413,125,025 : 82%
2022-06-25 22:45:52 : 180,000,000 : 0 : 19,423,348,875 : 82%
2022-06-25 23:03:29 : 180,100,000 : 0 : 19,433,441,650 : 82%
2022-06-25 23:21:06 : 180,200,000 : 0 : 19,443,534,425 : 82%
2022-06-25 23:39:02 : 180,300,000 : 0 : 19,453,758,275 : 82%
2022-06-25 23:57:15 : 180,400,000 : 0 : 19,463,719,975 : 82%
2022-06-26 00:15:48 : 180,500,000 : 0 : 19,473,812,750 : 82%
2022-06-26 00:34:44 : 180,600,000 : 0 : 19,483,905,525 : 82%
2022-06-26 00:53:54 : 180,700,000 : 0 : 19,493,998,300 : 82%
2022-06-26 01:12:50 : 180,800,000 : 0 : 19,503,960,000 : 82%
2022-06-26 01:32:08 : 180,900,000 : 0 : 19,513,921,700 : 83%
2022-06-26 01:51:15 : 181,000,000 : 0 : 19,533,976,175 : 83%
2022-06-26 02:10:34 : 181,100,000 : 0 : 19,543,937,875 : 83%
2022-06-26 02:30:06 : 181,200,000 : 0 : 19,553,768,500 : 83%
2022-06-26 02:49:42 : 181,300,000 : 0 : 19,563,730,200 : 83%
2022-06-26 03:09:59 : 181,400,000 : 0 : 19,573,560,825 : 83%
2022-06-26 03:30:11 : 181,500,000 : 0 : 19,583,522,525 : 83%
2022-06-26 03:51:11 : 181,600,000 : 0 : 19,593,353,150 : 83%
2022-06-26 04:12:15 : 181,700,000 : 0 : 19,603,314,850 : 83%
2022-06-26 04:34:15 : 181,800,000 : 0 : 19,613,276,550 : 83%
2022-06-26 04:57:19 : 181,900,000 : 0 : 19,623,238,250 : 83%
2022-06-26 05:20:39 : 182,000,000 : 0 : 19,633,068,875 : 83%
2022-06-26 05:45:33 : 182,100,000 : 0 : 19,643,161,650 : 83%
2022-06-26 06:11:27 : 182,200,000 : 0 : 19,652,992,275 : 83%
2022-06-26 06:38:25 : 182,300,000 : 0 : 19,662,953,975 : 83%
2022-06-26 07:06:29 : 182,400,000 : 0 : 19,672,915,675 : 83%
2022-06-26 07:35:48 : 182,500,000 : 0 : 19,682,877,375 : 83%
2022-06-26 08:05:55 : 182,600,000 : 0 : 19,692,970,150 : 83%
2022-06-26 08:36:35 : 182,700,000 : 0 : 19,703,062,925 : 83%
2022-06-26 09:08:02 : 182,800,000 : 0 : 19,713,286,775 : 83%
2022-06-26 09:40:23 : 182,900,000 : 0 : 19,723,379,550 : 83%
2022-06-26 10:12:07 : 183,000,000 : 0 : 19,733,472,325 : 83%
2022-06-26 10:42:09 : 183,100,000 : 0 : 19,743,434,025 : 83%
2022-06-26 11:10:42 : 183,200,000 : 0 : 19,753,526,800 : 84%
2022-06-26 11:37:21 : 183,300,000 : 0 : 19,763,488,500 : 84%
2022-06-26 12:02:34 : 183,400,000 : 0 : 19,783,936,200 : 84%
2022-06-26 12:26:21 : 183,500,000 : 0 : 19,794,291,125 : 84%
2022-06-26 12:48:49 : 183,600,000 : 0 : 19,804,646,050 : 84%
2022-06-26 13:09:50 : 183,700,000 : 0 : 19,814,869,900 : 84%
2022-06-26 13:29:40 : 183,800,000 : 0 : 19,825,224,825 : 84%
2022-06-26 13:48:38 : 183,900,000 : 0 : 19,835,710,825 : 84%
2022-06-26 14:07:05 : 184,000,000 : 0 : 19,846,196,825 : 84%
2022-06-26 14:24:42 : 184,100,000 : 0 : 19,856,682,825 : 84%
2022-06-26 14:41:55 : 184,200,000 : 0 : 19,867,168,825 : 84%
2022-06-26 14:58:28 : 184,300,000 : 0 : 19,877,654,825 : 84%
2022-06-26 15:14:44 : 184,400,000 : 0 : 19,888,140,825 : 84%
2022-06-26 15:30:55 : 184,500,000 : 0 : 19,898,757,900 : 84%
2022-06-26 15:46:46 : 184,600,000 : 0 : 19,909,112,825 : 84%
2022-06-26 16:02:16 : 184,700,000 : 0 : 19,919,598,825 : 84%
2022-06-26 16:17:51 : 184,800,000 : 0 : 19,929,953,750 : 84%
2022-06-26 16:33:16 : 184,900,000 : 0 : 19,940,439,750 : 84%
2022-06-26 16:48:38 : 185,000,000 : 0 : 19,950,925,750 : 84%
2022-06-26 17:04:07 : 185,100,000 : 0 : 19,961,280,675 : 84%
2022-06-26 17:19:55 : 185,200,000 : 0 : 19,971,766,675 : 84%
2022-06-26 17:35:34 : 185,300,000 : 0 : 19,982,252,675 : 85%
2022-06-26 17:51:12 : 185,400,000 : 0 : 20,003,093,600 : 85%
2022-06-26 18:06:53 : 185,500,000 : 0 : 20,013,448,525 : 85%
2022-06-26 18:22:52 : 185,600,000 : 0 : 20,023,803,450 : 85%
2022-06-26 18:38:44 : 185,700,000 : 0 : 20,034,158,375 : 85%
2022-06-26 18:54:28 : 185,800,000 : 0 : 20,044,513,300 : 85%
2022-06-26 19:10:16 : 185,900,000 : 0 : 20,054,868,225 : 85%
2022-06-26 19:26:08 : 186,000,000 : 0 : 20,065,223,150 : 85%
2022-06-26 19:42:04 : 186,100,000 : 0 : 20,075,447,000 : 85%
2022-06-26 19:58:11 : 186,200,000 : 0 : 20,085,801,925 : 85%
2022-06-26 20:14:15 : 186,300,000 : 0 : 20,096,025,775 : 85%
2022-06-26 20:30:19 : 186,400,000 : 0 : 20,106,380,700 : 85%
2022-06-26 20:46:13 : 186,500,000 : 0 : 20,116,604,550 : 85%
2022-06-26 21:02:02 : 186,600,000 : 0 : 20,126,828,400 : 85%
2022-06-26 21:18:10 : 186,700,000 : 0 : 20,137,052,250 : 85%
2022-06-26 21:34:11 : 186,800,000 : 0 : 20,147,276,100 : 85%
2022-06-26 21:50:21 : 186,900,000 : 0 : 20,157,499,950 : 85%
2022-06-26 22:06:55 : 187,000,000 : 0 : 20,167,723,800 : 85%
2022-06-26 22:23:34 : 187,100,000 : 0 : 20,178,078,725 : 85%
2022-06-26 22:40:24 : 187,200,000 : 0 : 20,188,302,575 : 85%
2022-06-26 22:57:31 : 187,300,000 : 0 : 20,198,526,425 : 85%
2022-06-26 23:14:52 : 187,400,000 : 0 : 20,208,750,275 : 85%
2022-06-26 23:32:28 : 187,500,000 : 0 : 20,229,197,975 : 86%
2022-06-26 23:50:05 : 187,600,000 : 0 : 20,239,290,750 : 86%
2022-06-27 00:07:52 : 187,700,000 : 0 : 20,249,383,525 : 86%
2022-06-27 00:25:32 : 187,800,000 : 0 : 20,259,345,225 : 86%
2022-06-27 00:43:14 : 187,900,000 : 0 : 20,269,306,925 : 86%
2022-06-27 01:00:51 : 188,000,000 : 0 : 20,279,399,700 : 86%
2022-06-27 01:18:44 : 188,100,000 : 0 : 20,289,361,400 : 86%
2022-06-27 01:36:27 : 188,200,000 : 0 : 20,299,192,025 : 86%
2022-06-27 01:53:35 : 188,300,000 : 0 : 20,309,153,725 : 86%
2022-06-27 02:11:16 : 188,400,000 : 0 : 20,319,115,425 : 86%
2022-06-27 02:29:18 : 188,500,000 : 0 : 20,329,077,125 : 86%
2022-06-27 02:47:17 : 188,600,000 : 0 : 20,338,907,750 : 86%
2022-06-27 03:05:07 : 188,700,000 : 0 : 20,348,738,375 : 86%
2022-06-27 03:23:44 : 188,800,000 : 0 : 20,358,831,150 : 86%
2022-06-27 03:43:15 : 188,900,000 : 0 : 20,368,792,850 : 86%
2022-06-27 04:03:44 : 189,000,000 : 0 : 20,378,885,625 : 86%
2022-06-27 04:25:41 : 189,100,000 : 0 : 20,388,978,400 : 86%
2022-06-27 04:48:22 : 189,200,000 : 0 : 20,399,202,250 : 86%
2022-06-27 05:12:03 : 189,300,000 : 0 : 20,409,295,025 : 86%
2022-06-27 05:36:49 : 189,400,000 : 0 : 20,419,387,800 : 86%
2022-06-27 06:03:02 : 189,500,000 : 0 : 20,429,611,650 : 86%
2022-06-27 06:30:37 : 189,600,000 : 0 : 20,439,835,500 : 86%
2022-06-27 06:59:18 : 189,700,000 : 0 : 20,450,059,350 : 86%
2022-06-27 07:29:18 : 189,800,000 : 0 : 20,470,769,200 : 87%
2022-06-27 08:00:04 : 189,900,000 : 0 : 20,481,124,125 : 87%
2022-06-27 08:31:15 : 190,000,000 : 0 : 20,491,479,050 : 87%
2022-06-27 09:03:15 : 190,100,000 : 0 : 20,501,833,975 : 87%
2022-06-27 09:35:22 : 190,200,000 : 0 : 20,512,319,975 : 87%
2022-06-27 10:06:32 : 190,300,000 : 0 : 20,522,674,900 : 87%
2022-06-27 10:35:51 : 190,400,000 : 0 : 20,533,029,825 : 87%
2022-06-27 11:03:39 : 190,500,000 : 0 : 20,543,515,825 : 87%
2022-06-27 11:29:30 : 190,600,000 : 0 : 20,553,870,750 : 87%
2022-06-27 11:53:28 : 190,700,000 : 0 : 20,564,487,825 : 87%
2022-06-27 12:16:04 : 190,800,000 : 0 : 20,574,973,825 : 87%
2022-06-27 12:37:20 : 190,900,000 : 0 : 20,585,590,900 : 87%
2022-06-27 12:57:08 : 191,000,000 : 0 : 20,596,076,900 : 87%
2022-06-27 13:15:45 : 191,100,000 : 0 : 20,606,693,975 : 87%
2022-06-27 13:33:31 : 191,200,000 : 0 : 20,617,311,050 : 87%
2022-06-27 13:50:28 : 191,300,000 : 0 : 20,627,928,125 : 87%
2022-06-27 14:06:52 : 191,400,000 : 0 : 20,638,676,275 : 87%
2022-06-27 14:22:50 : 191,500,000 : 0 : 20,649,424,425 : 87%
2022-06-27 14:38:17 : 191,600,000 : 0 : 20,660,172,575 : 87%
2022-06-27 14:53:36 : 191,700,000 : 0 : 20,670,789,650 : 87%
2022-06-27 15:08:51 : 191,800,000 : 0 : 20,692,285,950 : 88%
2022-06-27 15:24:00 : 191,900,000 : 0 : 20,703,034,100 : 88%
2022-06-27 15:38:49 : 192,000,000 : 0 : 20,713,782,250 : 88%
2022-06-27 15:53:38 : 192,100,000 : 0 : 20,724,530,400 : 88%
2022-06-27 16:08:26 : 192,200,000 : 0 : 20,735,278,550 : 88%
2022-06-27 16:22:51 : 192,300,000 : 0 : 20,745,895,625 : 88%
2022-06-27 16:37:00 : 192,400,000 : 0 : 20,756,643,775 : 88%
2022-06-27 16:51:06 : 192,500,000 : 0 : 20,767,260,850 : 88%
2022-06-27 17:05:22 : 192,600,000 : 0 : 20,778,009,000 : 88%
2022-06-27 17:19:42 : 192,700,000 : 0 : 20,788,626,075 : 88%
2022-06-27 17:33:47 : 192,800,000 : 0 : 20,799,243,150 : 88%
2022-06-27 17:48:04 : 192,900,000 : 0 : 20,809,991,300 : 88%
2022-06-27 18:02:26 : 193,000,000 : 0 : 20,820,739,450 : 88%
2022-06-27 18:17:05 : 193,100,000 : 0 : 20,831,356,525 : 88%
2022-06-27 18:31:57 : 193,200,000 : 0 : 20,842,104,675 : 88%
2022-06-27 18:46:51 : 193,300,000 : 0 : 20,852,721,750 : 88%
2022-06-27 19:02:02 : 193,400,000 : 0 : 20,863,338,825 : 88%
2022-06-27 19:17:01 : 193,500,000 : 0 : 20,874,086,975 : 88%
2022-06-27 19:32:23 : 193,600,000 : 0 : 20,895,321,125 : 88%
2022-06-27 19:47:18 : 193,700,000 : 0 : 20,905,938,200 : 88%
2022-06-27 20:02:16 : 193,800,000 : 0 : 20,916,555,275 : 88%
2022-06-27 20:17:24 : 193,900,000 : 0 : 20,927,172,350 : 89%
2022-06-27 20:32:08 : 194,000,000 : 0 : 20,937,789,425 : 89%
2022-06-27 20:46:52 : 194,100,000 : 0 : 20,948,406,500 : 89%
2022-06-27 21:01:41 : 194,200,000 : 0 : 20,959,023,575 : 89%
2022-06-27 21:47:35 : 194,300,000 : 0 : 20,969,378,500 : 89%
2022-06-27 22:04:25 : 194,400,000 : 0 : 20,979,733,425 : 89%
2022-06-27 22:20:36 : 194,500,000 : 0 : 20,990,088,350 : 89%
2022-06-27 22:36:37 : 194,600,000 : 0 : 21,000,574,350 : 89%
2022-06-27 22:52:18 : 194,700,000 : 0 : 21,010,798,200 : 89%
2022-06-27 23:08:33 : 194,800,000 : 0 : 21,021,153,125 : 89%
2022-06-27 23:25:03 : 194,900,000 : 0 : 21,031,508,050 : 89%
2022-06-27 23:41:51 : 195,000,000 : 0 : 21,041,862,975 : 89%
2022-06-27 23:58:41 : 195,100,000 : 0 : 21,052,217,900 : 89%
2022-06-28 00:15:37 : 195,200,000 : 0 : 21,062,441,750 : 89%
2022-06-28 00:32:45 : 195,300,000 : 0 : 21,072,796,675 : 89%
2022-06-28 00:50:02 : 195,400,000 : 0 : 21,083,020,525 : 89%
2022-06-28 01:07:29 : 195,500,000 : 0 : 21,103,468,225 : 89%
2022-06-28 01:24:47 : 195,600,000 : 0 : 21,113,692,075 : 89%
2022-06-28 01:42:07 : 195,700,000 : 0 : 21,123,915,925 : 89%
2022-06-28 01:59:18 : 195,800,000 : 0 : 21,134,008,700 : 89%
2022-06-28 02:16:40 : 195,900,000 : 0 : 21,144,232,550 : 89%
2022-06-28 02:34:34 : 196,000,000 : 0 : 21,154,456,400 : 89%
2022-06-28 02:52:47 : 196,100,000 : 0 : 21,164,549,175 : 90%
2022-06-28 03:11:34 : 196,200,000 : 0 : 21,174,773,025 : 90%
2022-06-28 03:30:43 : 196,300,000 : 0 : 21,184,996,875 : 90%
2022-06-28 03:50:43 : 196,400,000 : 0 : 21,195,220,725 : 90%
2022-06-28 04:11:41 : 196,500,000 : 0 : 21,205,444,575 : 90%
2022-06-28 04:33:26 : 196,600,000 : 0 : 21,215,537,350 : 90%
2022-06-28 04:56:04 : 196,700,000 : 0 : 21,225,761,200 : 90%
2022-06-28 05:19:40 : 196,800,000 : 0 : 21,235,853,975 : 90%
2022-06-28 05:44:30 : 196,900,000 : 0 : 21,246,077,825 : 90%
2022-06-28 06:10:11 : 197,000,000 : 0 : 21,256,301,675 : 90%
2022-06-28 06:37:25 : 197,100,000 : 0 : 21,266,525,525 : 90%
2022-06-28 07:05:44 : 197,200,000 : 0 : 21,276,880,450 : 90%
2022-06-28 07:35:19 : 197,300,000 : 0 : 21,287,235,375 : 90%
2022-06-28 08:05:50 : 197,400,000 : 0 : 21,297,590,300 : 90%
2022-06-28 08:37:20 : 197,500,000 : 0 : 21,308,076,300 : 90%
2022-06-28 09:08:39 : 197,600,000 : 0 : 21,318,431,225 : 90%
2022-06-28 09:40:15 : 197,700,000 : 0 : 21,328,786,150 : 90%
2022-06-28 10:10:26 : 197,800,000 : 0 : 21,349,496,000 : 90%
2022-06-28 10:38:51 : 197,900,000 : 0 : 21,359,850,925 : 90%
2022-06-28 11:05:01 : 198,000,000 : 0 : 21,370,205,850 : 90%
2022-06-28 11:29:33 : 198,100,000 : 0 : 21,380,691,850 : 90%
2022-06-28 11:52:12 : 198,200,000 : 0 : 21,391,177,850 : 90%
2022-06-28 12:13:38 : 198,300,000 : 0 : 21,401,663,850 : 91%
2022-06-28 12:33:54 : 198,400,000 : 0 : 21,412,149,850 : 91%
2022-06-28 12:52:51 : 198,500,000 : 0 : 21,422,766,925 : 91%
2022-06-28 13:11:12 : 198,600,000 : 0 : 21,433,252,925 : 91%
2022-06-28 13:28:49 : 198,700,000 : 0 : 21,443,870,000 : 91%
2022-06-28 13:45:48 : 198,800,000 : 0 : 21,454,487,075 : 91%
2022-06-28 14:02:03 : 198,900,000 : 0 : 21,465,104,150 : 91%
2022-06-28 14:17:43 : 199,000,000 : 0 : 21,475,852,300 : 91%
2022-06-28 14:33:07 : 199,100,000 : 0 : 21,486,600,450 : 91%
2022-06-28 14:48:09 : 199,200,000 : 0 : 21,497,348,600 : 91%
2022-06-28 15:03:02 : 199,300,000 : 0 : 21,507,965,675 : 91%
2022-06-28 15:17:51 : 199,400,000 : 0 : 21,518,713,825 : 91%
2022-06-28 15:32:21 : 199,500,000 : 0 : 21,529,461,975 : 91%
2022-06-28 15:46:45 : 199,600,000 : 0 : 21,540,210,125 : 91%
2022-06-28 16:00:53 : 199,700,000 : 0 : 21,550,958,275 : 91%
2022-06-28 16:14:56 : 199,800,000 : 0 : 21,561,575,350 : 91%
2022-06-28 16:28:58 : 199,900,000 : 0 : 21,582,940,575 : 91%
2022-06-28 16:42:53 : 200,000,000 : 0 : 21,593,557,650 : 91%
2022-06-28 16:56:40 : 200,100,000 : 0 : 21,604,305,800 : 91%
2022-06-28 17:10:43 : 200,200,000 : 0 : 21,614,922,875 : 91%
2022-06-28 17:24:56 : 200,300,000 : 0 : 21,625,539,950 : 91%
2022-06-28 17:39:18 : 200,400,000 : 0 : 21,636,157,025 : 92%
2022-06-28 17:53:18 : 200,500,000 : 0 : 21,646,643,025 : 92%
2022-06-28 18:07:27 : 200,600,000 : 0 : 21,657,260,100 : 92%
2022-06-28 18:21:59 : 200,700,000 : 0 : 21,667,746,100 : 92%
2022-06-28 18:36:25 : 200,800,000 : 0 : 21,678,363,175 : 92%
2022-06-28 18:50:57 : 200,900,000 : 0 : 21,688,849,175 : 92%
2022-06-28 19:05:13 : 201,000,000 : 0 : 21,699,335,175 : 92%
2022-06-28 19:19:37 : 201,100,000 : 0 : 21,709,821,175 : 92%
2022-06-28 19:34:00 : 201,200,000 : 0 : 21,720,438,250 : 92%
2022-06-28 19:48:29 : 201,300,000 : 0 : 21,730,924,250 : 92%
2022-06-28 20:02:32 : 201,400,000 : 0 : 21,741,410,250 : 92%
2022-06-28 20:16:40 : 201,500,000 : 0 : 21,751,765,175 : 92%
2022-06-28 20:31:06 : 201,600,000 : 0 : 21,762,251,175 : 92%
2022-06-28 20:45:29 : 201,700,000 : 0 : 21,772,737,175 : 92%
2022-06-28 20:59:48 : 201,800,000 : 0 : 21,793,709,175 : 92%
2022-06-28 21:14:34 : 201,900,000 : 0 : 21,804,195,175 : 92%
2022-06-28 21:29:46 : 202,000,000 : 0 : 21,814,550,100 : 92%
2022-06-28 21:44:56 : 202,100,000 : 0 : 21,825,036,100 : 92%
2022-06-28 22:00:20 : 202,200,000 : 0 : 21,835,522,100 : 92%
2022-06-28 22:16:22 : 202,300,000 : 0 : 21,846,008,100 : 92%
2022-06-28 22:32:28 : 202,400,000 : 0 : 21,856,494,100 : 92%
2022-06-28 22:48:33 : 202,500,000 : 0 : 21,866,849,025 : 92%
2022-06-28 23:04:51 : 202,600,000 : 0 : 21,877,335,025 : 93%
2022-06-28 23:21:39 : 202,700,000 : 0 : 21,887,689,950 : 93%
2022-06-28 23:38:24 : 202,800,000 : 0 : 21,898,044,875 : 93%
2022-06-28 23:55:17 : 202,900,000 : 0 : 21,908,268,725 : 93%
2022-06-29 00:12:10 : 203,000,000 : 0 : 21,918,492,575 : 93%
2022-06-29 00:29:22 : 203,100,000 : 0 : 21,928,847,500 : 93%
2022-06-29 00:46:43 : 203,200,000 : 0 : 21,939,071,350 : 93%
2022-06-29 01:03:56 : 203,300,000 : 0 : 21,949,164,125 : 93%
2022-06-29 01:22:02 : 203,400,000 : 0 : 21,959,387,975 : 93%
2022-06-29 01:39:38 : 203,500,000 : 0 : 21,969,611,825 : 93%
2022-06-29 01:57:06 : 203,600,000 : 0 : 21,979,704,600 : 93%
2022-06-29 02:14:27 : 203,700,000 : 0 : 21,989,797,375 : 93%
2022-06-29 02:31:47 : 203,800,000 : 0 : 21,999,890,150 : 93%
2022-06-29 02:49:46 : 203,900,000 : 0 : 22,020,468,925 : 93%
2022-06-29 03:08:11 : 204,000,000 : 0 : 22,030,692,775 : 93%
2022-06-29 03:27:13 : 204,100,000 : 0 : 22,040,916,625 : 93%
2022-06-29 03:46:51 : 204,200,000 : 0 : 22,051,140,475 : 93%
2022-06-29 04:07:19 : 204,300,000 : 0 : 22,061,364,325 : 93%
2022-06-29 04:28:37 : 204,400,000 : 0 : 22,071,457,100 : 93%
2022-06-29 04:50:05 : 204,500,000 : 0 : 22,081,680,950 : 93%
2022-06-29 05:13:05 : 204,600,000 : 0 : 22,091,773,725 : 93%
2022-06-29 05:37:31 : 204,700,000 : 0 : 22,102,128,650 : 93%
2022-06-29 06:03:02 : 204,800,000 : 0 : 22,112,352,500 : 94%
2022-06-29 06:29:28 : 204,900,000 : 0 : 22,122,707,425 : 94%
2022-06-29 06:57:18 : 205,000,000 : 0 : 22,133,062,350 : 94%
2022-06-29 07:26:12 : 205,100,000 : 0 : 22,143,417,275 : 94%
2022-06-29 07:56:23 : 205,200,000 : 0 : 22,153,903,275 : 94%
2022-06-29 08:26:54 : 205,300,000 : 0 : 22,164,258,200 : 94%
2022-06-29 08:57:47 : 205,400,000 : 0 : 22,174,613,125 : 94%
2022-06-29 09:28:18 : 205,500,000 : 0 : 22,184,968,050 : 94%
2022-06-29 09:59:08 : 205,600,000 : 0 : 22,195,454,050 : 94%
2022-06-29 10:27:56 : 205,700,000 : 0 : 22,205,808,975 : 94%
2022-06-29 10:54:40 : 205,800,000 : 0 : 22,216,294,975 : 94%
2022-06-29 11:19:42 : 205,900,000 : 0 : 22,226,649,900 : 94%
2022-06-29 11:42:38 : 206,000,000 : 0 : 22,237,135,900 : 94%
2022-06-29 12:04:23 : 206,100,000 : 0 : 22,258,107,900 : 94%
2022-06-29 12:25:01 : 206,200,000 : 0 : 22,268,724,975 : 94%
2022-06-29 12:44:28 : 206,300,000 : 0 : 22,279,210,975 : 94%
2022-06-29 13:03:03 : 206,400,000 : 0 : 22,289,959,125 : 94%
2022-06-29 13:21:03 : 206,500,000 : 0 : 22,300,576,200 : 94%
2022-06-29 13:38:12 : 206,600,000 : 0 : 22,311,324,350 : 94%
2022-06-29 13:54:44 : 206,700,000 : 0 : 22,322,072,500 : 94%
2022-06-29 14:10:44 : 206,800,000 : 0 : 22,332,689,575 : 94%
2022-06-29 14:26:12 : 206,900,000 : 0 : 22,343,437,725 : 94%
2022-06-29 14:41:30 : 207,000,000 : 0 : 22,354,185,875 : 95%
2022-06-29 14:56:22 : 207,100,000 : 0 : 22,364,934,025 : 95%
2022-06-29 15:10:59 : 207,200,000 : 0 : 22,375,813,250 : 95%
2022-06-29 15:25:34 : 207,300,000 : 0 : 22,386,430,325 : 95%
2022-06-29 15:39:33 : 207,400,000 : 0 : 22,397,047,400 : 95%
2022-06-29 15:53:44 : 207,500,000 : 0 : 22,407,795,550 : 95%
2022-06-29 16:07:59 : 207,600,000 : 0 : 22,418,412,625 : 95%
2022-06-29 16:21:56 : 207,700,000 : 0 : 22,429,029,700 : 95%
2022-06-29 16:35:47 : 207,800,000 : 0 : 22,439,777,850 : 95%
2022-06-29 16:49:39 : 207,900,000 : 0 : 22,450,394,925 : 95%
2022-06-29 17:03:29 : 208,000,000 : 0 : 22,471,629,075 : 95%
2022-06-29 17:17:33 : 208,100,000 : 0 : 22,482,246,150 : 95%
2022-06-29 17:31:24 : 208,200,000 : 0 : 22,492,994,300 : 95%
2022-06-29 17:45:34 : 208,300,000 : 0 : 22,503,611,375 : 95%
2022-06-29 17:59:35 : 208,400,000 : 0 : 22,514,228,450 : 95%
2022-06-29 18:13:54 : 208,500,000 : 0 : 22,524,845,525 : 95%
2022-06-29 18:28:12 : 208,600,000 : 0 : 22,535,593,675 : 95%
2022-06-29 18:42:35 : 208,700,000 : 0 : 22,546,210,750 : 95%
2022-06-29 18:56:58 : 208,800,000 : 0 : 22,556,827,825 : 95%
2022-06-29 19:11:25 : 208,900,000 : 0 : 22,567,444,900 : 95%
2022-06-29 19:25:45 : 209,000,000 : 0 : 22,578,061,975 : 95%
2022-06-29 19:39:59 : 209,100,000 : 0 : 22,588,547,975 : 96%
2022-06-29 19:54:03 : 209,200,000 : 0 : 22,599,033,975 : 96%
2022-06-29 20:07:50 : 209,300,000 : 0 : 22,609,388,900 : 96%
2022-06-29 20:22:01 : 209,400,000 : 0 : 22,619,874,900 : 96%
2022-06-29 20:36:16 : 209,500,000 : 0 : 22,630,491,975 : 96%
2022-06-29 20:50:30 : 209,600,000 : 0 : 22,640,846,900 : 96%
2022-06-29 21:04:50 : 209,700,000 : 0 : 22,651,332,900 : 96%
2022-06-29 21:19:27 : 209,800,000 : 0 : 22,672,304,900 : 96%
2022-06-29 21:33:57 : 209,900,000 : 0 : 22,682,659,825 : 96%
2022-06-29 21:48:33 : 210,000,000 : 0 : 22,693,145,825 : 96%
2022-06-29 22:03:25 : 210,100,000 : 0 : 22,703,631,825 : 96%
2022-06-29 22:18:40 : 210,200,000 : 0 : 22,714,117,825 : 96%
2022-06-29 22:34:01 : 210,300,000 : 0 : 22,724,472,750 : 96%
2022-06-29 22:49:30 : 210,400,000 : 0 : 22,734,827,675 : 96%
2022-06-29 23:05:21 : 210,500,000 : 0 : 22,745,051,525 : 96%
2022-06-29 23:21:23 : 210,600,000 : 0 : 22,755,406,450 : 96%
2022-06-29 23:37:40 : 210,700,000 : 0 : 22,765,761,375 : 96%
2022-06-29 23:54:14 : 210,800,000 : 0 : 22,776,116,300 : 96%
2022-06-30 00:10:53 : 210,900,000 : 0 : 22,786,340,150 : 96%
2022-06-30 00:27:31 : 211,000,000 : 0 : 22,796,432,925 : 96%
2022-06-30 00:44:18 : 211,100,000 : 0 : 22,806,656,775 : 96%
2022-06-30 01:01:00 : 211,200,000 : 0 : 22,816,749,550 : 96%
2022-06-30 01:17:52 : 211,300,000 : 0 : 22,826,842,325 : 97%
2022-06-30 01:34:57 : 211,400,000 : 0 : 22,837,066,175 : 97%
2022-06-30 01:52:03 : 211,500,000 : 0 : 22,847,158,950 : 97%
2022-06-30 02:09:09 : 211,600,000 : 0 : 22,857,251,725 : 97%
2022-06-30 02:26:34 : 211,700,000 : 0 : 22,867,344,500 : 97%
2022-06-30 02:44:18 : 211,800,000 : 0 : 22,877,568,350 : 97%
2022-06-30 03:02:35 : 211,900,000 : 0 : 22,887,661,125 : 97%
2022-06-30 03:21:12 : 212,000,000 : 0 : 22,908,108,825 : 97%
2022-06-30 03:40:37 : 212,100,000 : 0 : 22,918,201,600 : 97%
2022-06-30 04:00:33 : 212,200,000 : 0 : 22,928,163,300 : 97%
2022-06-30 04:20:47 : 212,300,000 : 0 : 22,938,387,150 : 97%
2022-06-30 04:42:30 : 212,400,000 : 0 : 22,948,611,000 : 97%
2022-06-30 05:05:16 : 212,500,000 : 0 : 22,958,703,775 : 97%
2022-06-30 05:29:02 : 212,600,000 : 0 : 22,968,927,625 : 97%
2022-06-30 05:53:31 : 212,700,000 : 0 : 22,979,151,475 : 97%
2022-06-30 06:19:27 : 212,800,000 : 0 : 22,989,506,400 : 97%
2022-06-30 06:46:30 : 212,900,000 : 0 : 22,999,861,325 : 97%
2022-06-30 07:14:27 : 213,000,000 : 0 : 23,010,216,250 : 97%
2022-06-30 07:43:32 : 213,100,000 : 0 : 23,020,571,175 : 97%
2022-06-30 08:13:44 : 213,200,000 : 0 : 23,030,926,100 : 97%
2022-06-30 08:44:15 : 213,300,000 : 0 : 23,041,149,950 : 97%
2022-06-30 09:14:48 : 213,400,000 : 0 : 23,051,504,875 : 97%
2022-06-30 09:45:06 : 213,500,000 : 0 : 23,061,859,800 : 98%
2022-06-30 10:14:03 : 213,600,000 : 0 : 23,072,214,725 : 98%
2022-06-30 10:41:38 : 213,700,000 : 0 : 23,082,438,575 : 98%
2022-06-30 11:07:12 : 213,800,000 : 0 : 23,092,662,425 : 98%
2022-06-30 11:30:57 : 213,900,000 : 0 : 23,103,148,425 : 98%
2022-06-30 11:52:41 : 214,000,000 : 0 : 23,113,503,350 : 98%
2022-06-30 12:13:35 : 214,100,000 : 0 : 23,123,858,275 : 98%
2022-06-30 12:33:19 : 214,200,000 : 0 : 23,144,830,275 : 98%
2022-06-30 12:51:49 : 214,300,000 : 0 : 23,155,447,350 : 98%
2022-06-30 13:09:25 : 214,400,000 : 0 : 23,166,064,425 : 98%
2022-06-30 13:26:39 : 214,500,000 : 0 : 23,176,681,500 : 98%
2022-06-30 13:43:09 : 214,600,000 : 0 : 23,187,298,575 : 98%
2022-06-30 13:59:01 : 214,700,000 : 0 : 23,198,046,725 : 98%
2022-06-30 14:14:26 : 214,800,000 : 0 : 23,208,663,800 : 98%
2022-06-30 14:29:25 : 214,900,000 : 0 : 23,219,411,950 : 98%
2022-06-30 14:44:18 : 215,000,000 : 0 : 23,230,029,025 : 98%
2022-06-30 14:58:46 : 215,100,000 : 0 : 23,240,777,175 : 98%
2022-06-30 15:13:16 : 215,200,000 : 0 : 23,251,525,325 : 98%
2022-06-30 15:27:41 : 215,300,000 : 0 : 23,262,273,475 : 98%
2022-06-30 15:42:02 : 215,400,000 : 0 : 23,272,890,550 : 98%
2022-06-30 15:56:14 : 215,500,000 : 0 : 23,283,638,700 : 98%
2022-06-30 16:10:16 : 215,600,000 : 0 : 23,294,255,775 : 99%
2022-06-30 16:24:30 : 215,700,000 : 0 : 23,305,135,000 : 99%
2022-06-30 16:38:31 : 215,800,000 : 0 : 23,315,883,150 : 99%
2022-06-30 16:52:37 : 215,900,000 : 0 : 23,326,762,375 : 99%
2022-06-30 17:06:40 : 216,000,000 : 0 : 23,337,379,450 : 99%
2022-06-30 17:20:59 : 216,100,000 : 0 : 23,348,127,600 : 99%
2022-06-30 17:35:16 : 216,200,000 : 0 : 23,358,875,750 : 99%
2022-06-30 17:49:27 : 216,300,000 : 0 : 23,380,240,975 : 99%
2022-06-30 18:03:31 : 216,400,000 : 0 : 23,390,858,050 : 99%
2022-06-30 18:17:51 : 216,500,000 : 0 : 23,401,475,125 : 99%
2022-06-30 18:32:10 : 216,600,000 : 0 : 23,412,223,275 : 99%
2022-06-30 18:46:34 : 216,700,000 : 0 : 23,422,709,275 : 99%
2022-06-30 19:00:27 : 216,800,000 : 0 : 23,433,064,200 : 99%
2022-06-30 19:14:18 : 216,900,000 : 0 : 23,443,419,125 : 99%
2022-06-30 19:28:04 : 217,000,000 : 0 : 23,453,774,050 : 99%
2022-06-30 19:41:58 : 217,100,000 : 0 : 23,464,260,050 : 99%
2022-06-30 19:55:59 : 217,200,000 : 0 : 23,474,614,975 : 99%
2022-06-30 20:09:57 : 217,300,000 : 0 : 23,484,969,900 : 99%
2022-06-30 20:23:54 : 217,400,000 : 0 : 23,495,324,825 : 99%
2022-06-30 20:37:56 : 217,500,000 : 0 : 23,505,679,750 : 99%
2022-06-30 20:51:49 : 217,600,000 : 0 : 23,515,903,600 : 99%
2022-06-30 21:05:57 : 217,700,000 : 0 : 23,526,258,525 : 99%
2022-06-30 21:20:21 : 217,800,000 : 0 : 23,536,482,375 : 100%
2022-06-30 21:34:57 : 217,900,000 : 0 : 23,546,837,300 : 100%
2022-06-30 21:49:31 : 218,000,000 : 0 : 23,557,192,225 : 100%
2022-06-30 22:04:03 : 218,100,000 : 0 : 23,567,416,075 : 100%
2022-06-30 22:18:47 : 218,200,000 : 0 : 23,577,508,850 : 100%
2022-06-30 22:33:43 : 218,300,000 : 0 : 23,587,601,625 : 100%
2022-06-30 22:48:57 : 218,400,000 : 0 : 23,608,049,325 : 100%
2022-06-30 23:04:29 : 218,500,000 : 0 : 23,618,273,175 : 100%
2022-06-30 23:20:20 : 218,600,000 : 0 : 23,628,365,950 : 100%
2022-06-30 23:36:30 : 218,700,000 : 0 : 23,638,589,800 : 100%
2022-06-30 23:52:45 : 218,800,000 : 0 : 23,644,971,003 : 100%
