Requirement already satisfied: zstandard in /software/python-anaconda-2023.09-el8-x86_64/envs/rapids-24.12/lib/python3.12/site-packages (0.23.0)
Running scraper.py for YEAR=2021, months 10-12
2021-10-01 02:33:18 : 100,000 : 0 : 30,016,175 : 0%
2021-10-01 05:26:24 : 200,000 : 0 : 58,852,675 : 1%
2021-10-01 09:08:47 : 300,000 : 0 : 86,771,650 : 1%
2021-10-01 12:25:44 : 400,000 : 0 : 114,428,475 : 2%
2021-10-01 14:47:02 : 500,000 : 0 : 142,609,600 : 2%
2021-10-01 16:55:11 : 600,000 : 0 : 170,921,800 : 2%
2021-10-01 19:01:30 : 700,000 : 0 : 189,927,675 : 3%
2021-10-01 21:13:27 : 800,000 : 0 : 218,502,025 : 3%
2021-10-01 23:38:52 : 900,000 : 0 : 247,076,375 : 3%
2021-10-02 02:22:46 : 1,000,000 : 0 : 275,650,725 : 4%
2021-10-02 05:31:23 : 1,100,000 : 0 : 303,569,700 : 4%
2021-10-02 09:19:22 : 1,200,000 : 0 : 322,051,275 : 4%
2021-10-02 12:49:53 : 1,300,000 : 0 : 349,708,100 : 5%
2021-10-02 15:18:57 : 1,400,000 : 0 : 377,758,150 : 5%
2021-10-02 17:35:52 : 1,500,000 : 0 : 406,201,425 : 5%
2021-10-02 19:53:51 : 1,600,000 : 0 : 434,644,700 : 6%
2021-10-02 22:12:21 : 1,700,000 : 0 : 463,350,125 : 6%
2021-10-03 00:46:05 : 1,800,000 : 0 : 482,618,150 : 6%
2021-10-03 03:37:46 : 1,900,000 : 0 : 510,799,275 : 7%
2021-10-03 07:02:35 : 2,000,000 : 0 : 537,931,800 : 7%
2021-10-03 10:52:20 : 2,100,000 : 0 : 565,195,400 : 8%
2021-10-03 13:57:03 : 2,200,000 : 0 : 592,721,150 : 8%
2021-10-03 16:15:14 : 2,300,000 : 0 : 620,771,200 : 8%
2021-10-03 18:27:10 : 2,400,000 : 0 : 639,646,000 : 9%
2021-10-03 20:38:40 : 2,500,000 : 0 : 667,958,200 : 9%
2021-10-03 23:00:13 : 2,600,000 : 0 : 696,139,325 : 9%
2021-10-04 01:33:56 : 2,700,000 : 0 : 724,451,525 : 10%
2021-10-04 04:17:37 : 2,800,000 : 0 : 752,370,500 : 10%
2021-10-04 07:40:30 : 2,900,000 : 0 : 770,983,150 : 10%
2021-10-04 11:22:31 : 3,000,000 : 0 : 798,508,900 : 11%
2021-10-04 14:01:08 : 3,100,000 : 0 : 826,558,950 : 11%
2021-10-04 16:10:35 : 3,200,000 : 0 : 854,871,150 : 11%
2021-10-04 18:09:14 : 3,300,000 : 0 : 883,445,500 : 12%
2021-10-04 20:04:32 : 3,400,000 : 0 : 911,364,475 : 12%
2021-10-04 21:59:33 : 3,500,000 : 0 : 939,414,525 : 13%
2021-10-05 00:18:16 : 3,600,000 : 0 : 958,420,400 : 13%
2021-10-05 02:51:03 : 3,700,000 : 0 : 986,863,675 : 13%
2021-10-05 05:45:43 : 3,800,000 : 0 : 1,014,651,575 : 14%
2021-10-05 09:41:46 : 3,900,000 : 0 : 1,042,570,550 : 14%
2021-10-05 12:47:53 : 4,000,000 : 0 : 1,060,921,050 : 14%
2021-10-05 15:07:16 : 4,100,000 : 0 : 1,089,102,175 : 15%
2021-10-05 17:01:25 : 4,200,000 : 0 : 1,117,414,375 : 15%
2021-10-05 19:08:28 : 4,300,000 : 0 : 1,146,119,800 : 15%
2021-10-05 21:11:37 : 4,400,000 : 0 : 1,174,563,075 : 16%
2021-10-05 23:24:09 : 4,500,000 : 0 : 1,193,437,875 : 16%
2021-10-06 02:00:53 : 4,600,000 : 0 : 1,222,012,225 : 16%
2021-10-06 04:46:14 : 4,700,000 : 0 : 1,250,193,350 : 17%
2021-10-06 08:09:59 : 4,800,000 : 0 : 1,277,719,100 : 17%
2021-10-06 11:39:37 : 4,900,000 : 0 : 1,305,507,000 : 17%
2021-10-06 14:08:33 : 5,000,000 : 0 : 1,333,425,975 : 18%
2021-10-06 16:14:23 : 5,100,000 : 0 : 1,352,300,775 : 18%
2021-10-06 18:18:27 : 5,200,000 : 0 : 1,381,006,200 : 18%
2021-10-06 20:24:02 : 5,300,000 : 0 : 1,409,449,475 : 19%
2021-10-06 22:34:01 : 5,400,000 : 0 : 1,437,499,525 : 19%
2021-10-07 01:00:26 : 5,500,000 : 0 : 1,465,287,425 : 20%
2021-10-07 03:43:27 : 5,600,000 : 0 : 1,483,113,625 : 20%
2021-10-07 06:53:44 : 5,700,000 : 0 : 1,510,639,375 : 20%
2021-10-07 10:39:47 : 5,800,000 : 0 : 1,538,296,200 : 21%
2021-10-07 13:27:11 : 5,900,000 : 0 : 1,566,084,100 : 21%
2021-10-07 15:39:04 : 6,000,000 : 0 : 1,594,789,525 : 21%
2021-10-07 17:43:31 : 6,100,000 : 0 : 1,623,101,725 : 22%
2021-10-07 19:49:44 : 6,200,000 : 0 : 1,642,107,600 : 22%
2021-10-07 21:57:13 : 6,300,000 : 0 : 1,670,288,725 : 22%
2021-10-08 00:22:55 : 6,400,000 : 0 : 1,698,600,925 : 23%
2021-10-08 03:01:45 : 6,500,000 : 0 : 1,726,650,975 : 23%
2021-10-08 06:00:04 : 6,600,000 : 0 : 1,754,701,025 : 23%
2021-10-08 09:41:00 : 6,700,000 : 0 : 1,773,313,675 : 24%
2021-10-08 12:47:24 : 6,800,000 : 0 : 1,801,232,650 : 24%
2021-10-08 15:05:44 : 6,900,000 : 0 : 1,829,675,925 : 24%
2021-10-08 17:12:22 : 7,000,000 : 0 : 1,858,250,275 : 25%
2021-10-08 19:18:33 : 7,100,000 : 0 : 1,886,693,550 : 25%
2021-10-08 21:29:07 : 7,200,000 : 0 : 1,914,874,675 : 26%
2021-10-08 23:52:57 : 7,300,000 : 0 : 1,933,487,325 : 26%
2021-10-09 02:42:09 : 7,400,000 : 0 : 1,961,799,525 : 26%
2021-10-09 05:48:49 : 7,500,000 : 0 : 1,989,194,200 : 27%
2021-10-09 09:30:12 : 7,600,000 : 0 : 2,016,457,800 : 27%
2021-10-09 12:55:19 : 7,700,000 : 0 : 2,043,328,175 : 27%
2021-10-09 15:25:11 : 7,800,000 : 0 : 2,061,809,750 : 27%
2021-10-09 17:42:47 : 7,900,000 : 0 : 2,090,384,100 : 28%
2021-10-09 20:00:59 : 8,000,000 : 0 : 2,118,696,300 : 28%
2021-10-09 22:25:58 : 8,100,000 : 0 : 2,147,139,575 : 29%
2021-10-10 01:07:37 : 8,200,000 : 0 : 2,175,058,550 : 29%
2021-10-10 04:03:22 : 8,300,000 : 0 : 2,193,540,125 : 29%
2021-10-10 07:29:07 : 8,400,000 : 0 : 2,220,672,650 : 30%
2021-10-10 11:13:08 : 8,500,000 : 0 : 2,247,018,725 : 30%
2021-10-10 14:09:15 : 8,600,000 : 0 : 2,274,282,325 : 30%
2021-10-10 16:26:43 : 8,700,000 : 0 : 2,302,070,225 : 31%
2021-10-10 18:37:54 : 8,800,000 : 0 : 2,330,251,350 : 31%
2021-10-10 20:48:20 : 8,900,000 : 0 : 2,348,995,075 : 31%
2021-10-10 23:08:05 : 9,000,000 : 0 : 2,377,307,275 : 32%
2021-10-11 01:46:24 : 9,100,000 : 0 : 2,405,488,400 : 32%
2021-10-11 04:30:06 : 9,200,000 : 0 : 2,433,407,375 : 32%
2021-10-11 07:43:59 : 9,300,000 : 0 : 2,461,195,275 : 33%
2021-10-11 11:14:47 : 9,400,000 : 0 : 2,479,414,700 : 33%
2021-10-11 13:53:46 : 9,500,000 : 0 : 2,507,333,675 : 33%
2021-10-11 16:00:21 : 9,600,000 : 0 : 2,535,776,950 : 34%
2021-10-11 18:02:13 : 9,700,000 : 0 : 2,564,613,450 : 34%
2021-10-11 20:02:17 : 9,800,000 : 0 : 2,593,187,800 : 35%
2021-10-11 22:07:59 : 9,900,000 : 0 : 2,621,368,925 : 35%
2021-10-12 00:30:40 : 10,000,000 : 0 : 2,640,374,800 : 35%
2021-10-12 03:04:03 : 10,100,000 : 0 : 2,668,687,000 : 36%
2021-10-12 05:58:44 : 10,200,000 : 0 : 2,696,474,900 : 36%
2021-10-12 09:34:28 : 10,300,000 : 0 : 2,724,000,650 : 36%
2021-10-12 12:42:40 : 10,400,000 : 0 : 2,751,526,400 : 37%
2021-10-12 15:01:41 : 10,500,000 : 0 : 2,770,139,050 : 37%
2021-10-12 17:04:09 : 10,600,000 : 0 : 2,798,451,250 : 37%
2021-10-12 19:08:01 : 10,700,000 : 0 : 2,826,763,450 : 38%
2021-10-12 21:11:30 : 10,800,000 : 0 : 2,854,944,575 : 38%
2021-10-12 23:25:43 : 10,900,000 : 0 : 2,883,125,700 : 38%
2021-10-13 01:52:57 : 11,000,000 : 0 : 2,902,000,500 : 39%
2021-10-13 04:31:08 : 11,100,000 : 0 : 2,929,919,475 : 39%
2021-10-13 07:50:14 : 11,200,000 : 0 : 2,957,576,300 : 39%
2021-10-13 11:24:19 : 11,300,000 : 0 : 2,985,233,125 : 40%
2021-10-13 14:00:23 : 11,400,000 : 0 : 3,013,021,025 : 40%
2021-10-13 16:06:58 : 11,500,000 : 0 : 3,041,726,450 : 41%
2021-10-13 18:08:23 : 11,600,000 : 0 : 3,060,863,400 : 41%
2021-10-13 20:09:16 : 11,700,000 : 0 : 3,089,568,825 : 41%
2021-10-13 22:19:23 : 11,800,000 : 0 : 3,118,143,175 : 42%
2021-10-14 00:40:14 : 11,900,000 : 0 : 3,146,193,225 : 42%
2021-10-14 03:15:05 : 12,000,000 : 0 : 3,165,199,100 : 42%
2021-10-14 06:14:55 : 12,100,000 : 0 : 3,192,855,925 : 43%
2021-10-14 10:00:08 : 12,200,000 : 0 : 3,220,774,900 : 43%
2021-10-14 12:58:20 : 12,300,000 : 0 : 3,248,431,725 : 43%
2021-10-14 15:13:31 : 12,400,000 : 0 : 3,277,137,150 : 44%
2021-10-14 17:17:01 : 12,500,000 : 0 : 3,296,274,100 : 44%
2021-10-14 19:22:35 : 12,600,000 : 0 : 3,324,979,525 : 44%
2021-10-14 21:42:26 : 12,700,000 : 0 : 3,353,291,725 : 45%
2021-10-14 23:55:19 : 12,800,000 : 0 : 3,381,341,775 : 45%
2021-10-15 02:28:42 : 12,900,000 : 0 : 3,409,653,975 : 45%
2021-10-15 05:16:20 : 13,000,000 : 0 : 3,428,266,625 : 46%
2021-10-15 08:52:43 : 13,100,000 : 0 : 3,455,923,450 : 46%
2021-10-15 12:12:34 : 13,200,000 : 0 : 3,483,055,975 : 46%
2021-10-15 14:35:48 : 13,300,000 : 0 : 3,511,106,025 : 47%
2021-10-15 16:41:45 : 13,400,000 : 0 : 3,539,811,450 : 47%
2021-10-15 18:48:24 : 13,500,000 : 0 : 3,568,385,800 : 48%
2021-10-15 20:58:26 : 13,600,000 : 0 : 3,587,260,600 : 48%
2021-10-15 23:17:17 : 13,700,000 : 0 : 3,615,572,800 : 48%
2021-10-16 01:58:00 : 13,800,000 : 0 : 3,643,622,850 : 49%
2021-10-16 04:54:11 : 13,900,000 : 0 : 3,671,017,525 : 49%
2021-10-16 08:29:11 : 14,000,000 : 0 : 3,689,236,950 : 49%
2021-10-16 12:06:47 : 14,100,000 : 0 : 3,716,107,325 : 50%
2021-10-16 14:44:54 : 14,200,000 : 0 : 3,743,239,850 : 50%
2021-10-16 17:00:52 : 14,300,000 : 0 : 3,771,289,900 : 50%
2021-10-16 19:13:47 : 14,400,000 : 0 : 3,799,864,250 : 51%
2021-10-16 21:32:38 : 14,500,000 : 0 : 3,828,176,450 : 51%
2021-10-17 00:04:51 : 14,600,000 : 0 : 3,846,526,950 : 51%
2021-10-17 02:53:44 : 14,700,000 : 0 : 3,873,790,550 : 52%
2021-10-17 06:06:12 : 14,800,000 : 0 : 3,901,447,375 : 52%
2021-10-17 09:53:43 : 14,900,000 : 0 : 3,928,186,675 : 52%
2021-10-17 13:12:09 : 15,000,000 : 0 : 3,955,319,200 : 53%
2021-10-17 15:34:28 : 15,100,000 : 0 : 3,973,800,775 : 53%
2021-10-17 17:45:33 : 15,200,000 : 0 : 4,002,244,050 : 53%
2021-10-17 19:52:27 : 15,300,000 : 0 : 4,030,556,250 : 54%
2021-10-17 22:05:19 : 15,400,000 : 0 : 4,058,999,525 : 54%
2021-10-18 00:31:43 : 15,500,000 : 0 : 4,087,180,650 : 54%
2021-10-18 03:07:24 : 15,600,000 : 0 : 4,105,531,150 : 55%
2021-10-18 06:05:09 : 15,700,000 : 0 : 4,133,450,125 : 55%
2021-10-18 09:46:24 : 15,800,000 : 0 : 4,161,500,175 : 55%
Decoding error with 134,217,728 bytes, reading another chunk
2021-10-18 12:47:58 : 15,900,000 : 0 : 4,189,157,000 : 56%
2021-10-18 15:05:57 : 16,000,000 : 0 : 4,217,469,200 : 56%
2021-10-18 17:08:28 : 16,100,000 : 0 : 4,245,912,475 : 57%
2021-10-18 19:09:14 : 16,200,000 : 0 : 4,264,787,275 : 57%
2021-10-18 21:19:10 : 16,300,000 : 0 : 4,292,968,400 : 57%
2021-10-18 23:28:43 : 16,400,000 : 0 : 4,321,149,525 : 58%
2021-10-19 01:56:07 : 16,500,000 : 0 : 4,348,937,425 : 58%
2021-10-19 04:36:09 : 16,600,000 : 0 : 4,376,856,400 : 58%
2021-10-19 07:58:22 : 16,700,000 : 0 : 4,395,075,825 : 59%
2021-10-19 11:27:03 : 16,800,000 : 0 : 4,422,339,425 : 59%
2021-10-19 13:59:33 : 16,900,000 : 0 : 4,449,996,250 : 59%
2021-10-19 16:06:08 : 17,000,000 : 0 : 4,478,177,375 : 60%
2021-10-19 18:07:22 : 17,100,000 : 0 : 4,506,489,575 : 60%
2021-10-19 20:08:04 : 17,200,000 : 0 : 4,534,801,775 : 60%
2021-10-19 22:10:08 : 17,300,000 : 0 : 4,553,283,350 : 61%
2021-10-20 00:32:57 : 17,400,000 : 0 : 4,581,071,250 : 61%
2021-10-20 03:03:02 : 17,500,000 : 0 : 4,609,383,450 : 61%
2021-10-20 05:59:12 : 17,600,000 : 0 : 4,637,302,425 : 62%
2021-10-20 09:35:24 : 17,700,000 : 0 : 4,664,959,250 : 62%
2021-10-20 12:38:14 : 17,800,000 : 0 : 4,683,178,675 : 62%
2021-10-20 14:54:38 : 17,900,000 : 0 : 4,711,228,725 : 63%
2021-10-20 16:57:16 : 18,000,000 : 0 : 4,740,065,225 : 63%
2021-10-20 18:59:48 : 18,100,000 : 0 : 4,768,246,350 : 64%
2021-10-20 21:05:42 : 18,200,000 : 0 : 4,796,427,475 : 64%
2021-10-20 23:18:20 : 18,300,000 : 0 : 4,814,646,900 : 64%
2021-10-21 01:46:58 : 18,400,000 : 0 : 4,842,434,800 : 65%
2021-10-21 04:28:03 : 18,500,000 : 0 : 4,870,222,700 : 65%
2021-10-21 07:50:50 : 18,600,000 : 0 : 4,897,617,375 : 65%
2021-10-21 11:23:49 : 18,700,000 : 0 : 4,925,274,200 : 66%
2021-10-21 13:54:59 : 18,800,000 : 0 : 4,953,193,175 : 66%
2021-10-21 16:01:10 : 18,900,000 : 0 : 4,971,936,900 : 66%
2021-10-21 18:04:28 : 19,000,000 : 0 : 5,000,118,025 : 67%
2021-10-21 20:09:02 : 19,100,000 : 0 : 5,027,905,925 : 67%
2021-10-21 22:19:23 : 19,200,000 : 0 : 5,055,824,900 : 67%
2021-10-22 00:46:25 : 19,300,000 : 0 : 5,083,481,725 : 68%
2021-10-22 03:22:18 : 19,400,000 : 0 : 5,101,963,300 : 68%
2021-10-22 06:29:49 : 19,500,000 : 0 : 5,129,489,050 : 68%
2021-10-22 10:09:32 : 19,600,000 : 0 : 5,157,145,875 : 69%
2021-10-22 13:02:54 : 19,700,000 : 0 : 5,184,409,475 : 69%
2021-10-22 15:15:30 : 19,800,000 : 0 : 5,212,590,600 : 69%
2021-10-22 17:19:26 : 19,900,000 : 0 : 5,241,033,875 : 70%
2021-10-22 19:25:26 : 20,000,000 : 0 : 5,260,039,750 : 70%
2021-10-22 21:35:26 : 20,100,000 : 0 : 5,288,220,875 : 70%
2021-10-22 23:57:57 : 20,200,000 : 0 : 5,316,008,775 : 71%
2021-10-23 02:43:08 : 20,300,000 : 0 : 5,343,927,750 : 71%
2021-10-23 05:50:39 : 20,400,000 : 0 : 5,371,060,275 : 72%
2021-10-23 09:29:50 : 20,500,000 : 0 : 5,389,279,700 : 72%
2021-10-23 12:53:23 : 20,600,000 : 0 : 5,416,543,300 : 72%
2021-10-23 15:33:18 : 20,700,000 : 0 : 5,443,675,825 : 73%
2021-10-23 17:45:05 : 20,800,000 : 0 : 5,471,856,950 : 73%
2021-10-23 19:58:45 : 20,900,000 : 0 : 5,500,038,075 : 73%
2021-10-23 22:19:36 : 21,000,000 : 0 : 5,518,650,725 : 74%
2021-10-24 00:55:11 : 21,100,000 : 0 : 5,546,307,550 : 74%
2021-10-24 03:47:13 : 21,200,000 : 0 : 5,573,702,225 : 74%
2021-10-24 07:09:03 : 21,300,000 : 0 : 5,600,703,675 : 75%
2021-10-24 10:57:22 : 21,400,000 : 0 : 5,627,836,200 : 75%
2021-10-24 13:56:51 : 21,500,000 : 0 : 5,645,793,475 : 75%
2021-10-24 16:15:08 : 21,600,000 : 0 : 5,673,843,525 : 76%
2021-10-24 18:24:58 : 21,700,000 : 0 : 5,701,893,575 : 76%
2021-10-24 20:32:12 : 21,800,000 : 0 : 5,729,812,550 : 76%
2021-10-24 22:46:51 : 21,900,000 : 0 : 5,757,862,600 : 77%
2021-10-25 01:18:30 : 22,000,000 : 0 : 5,785,912,650 : 77%
2021-10-25 04:00:47 : 22,100,000 : 0 : 5,804,525,300 : 77%
2021-10-25 07:18:42 : 22,200,000 : 0 : 5,832,575,350 : 78%
2021-10-25 10:54:18 : 22,300,000 : 0 : 5,860,363,250 : 78%
2021-10-25 13:33:30 : 22,400,000 : 0 : 5,888,020,075 : 78%
2021-10-25 15:40:46 : 22,500,000 : 0 : 5,916,463,350 : 79%
2021-10-25 17:41:44 : 22,600,000 : 0 : 5,944,644,475 : 79%
2021-10-25 19:44:14 : 22,700,000 : 0 : 5,963,650,350 : 79%
2021-10-25 21:45:24 : 22,800,000 : 0 : 5,991,962,550 : 80%
2021-10-25 23:58:27 : 22,900,000 : 0 : 6,020,143,675 : 80%
2021-10-26 02:25:27 : 23,000,000 : 0 : 6,048,324,800 : 81%
2021-10-26 05:09:07 : 23,100,000 : 0 : 6,076,243,775 : 81%
2021-10-26 08:35:58 : 23,200,000 : 0 : 6,094,594,275 : 81%
2021-10-26 11:53:54 : 23,300,000 : 0 : 6,122,382,175 : 82%
2021-10-26 14:17:49 : 23,400,000 : 0 : 6,150,563,300 : 82%
2021-10-26 16:20:35 : 23,500,000 : 0 : 6,179,006,575 : 82%
2021-10-26 18:20:40 : 23,600,000 : 0 : 6,207,187,700 : 83%
2021-10-26 20:21:06 : 23,700,000 : 0 : 6,226,193,575 : 83%
2021-10-26 22:26:25 : 23,800,000 : 0 : 6,254,636,850 : 83%
2021-10-27 00:44:31 : 23,900,000 : 0 : 6,282,949,050 : 84%
2021-10-27 03:14:15 : 24,000,000 : 0 : 6,311,261,250 : 84%
2021-10-27 06:10:49 : 24,100,000 : 0 : 6,339,311,300 : 84%
2021-10-27 09:43:59 : 24,200,000 : 0 : 6,357,792,875 : 85%
2021-10-27 12:41:53 : 24,300,000 : 0 : 6,385,580,775 : 85%
2021-10-27 14:55:39 : 24,400,000 : 0 : 6,413,761,900 : 85%
2021-10-27 16:55:20 : 24,500,000 : 0 : 6,442,205,175 : 86%
2021-10-27 18:53:27 : 24,600,000 : 0 : 6,470,386,300 : 86%
2021-10-27 20:51:35 : 24,700,000 : 0 : 6,498,567,425 : 87%
2021-10-27 22:56:45 : 24,800,000 : 0 : 6,517,311,150 : 87%
2021-10-28 01:21:30 : 24,900,000 : 0 : 6,545,492,275 : 87%
2021-10-28 03:54:56 : 25,000,000 : 0 : 6,573,804,475 : 88%
2021-10-28 07:01:27 : 25,100,000 : 0 : 6,601,985,600 : 88%
2021-10-28 10:37:03 : 25,200,000 : 0 : 6,620,860,400 : 88%
2021-10-28 13:18:21 : 25,300,000 : 0 : 6,648,517,225 : 89%
2021-10-28 15:27:17 : 25,400,000 : 0 : 6,676,698,350 : 89%
2021-10-28 17:28:30 : 25,500,000 : 0 : 6,705,141,625 : 89%
2021-10-28 19:27:31 : 25,600,000 : 0 : 6,733,322,750 : 90%
2021-10-28 21:30:18 : 25,700,000 : 0 : 6,761,372,800 : 90%
2021-10-28 23:43:55 : 25,800,000 : 0 : 6,779,854,375 : 90%
2021-10-29 02:11:46 : 25,900,000 : 0 : 6,807,904,425 : 91%
2021-10-29 04:54:42 : 26,000,000 : 0 : 6,835,430,175 : 91%
2021-10-29 08:09:51 : 26,100,000 : 0 : 6,862,693,775 : 91%
2021-10-29 11:29:34 : 26,200,000 : 0 : 6,890,350,600 : 92%
2021-10-29 13:56:54 : 26,300,000 : 0 : 6,908,963,250 : 92%
2021-10-29 16:00:09 : 26,400,000 : 0 : 6,936,751,150 : 92%
2021-10-29 18:01:08 : 26,500,000 : 0 : 6,965,194,425 : 93%
2021-10-29 20:03:19 : 26,600,000 : 0 : 6,993,506,625 : 93%
2021-10-29 22:12:37 : 26,700,000 : 0 : 7,021,687,750 : 94%
2021-10-30 00:40:36 : 26,800,000 : 0 : 7,040,562,550 : 94%
2021-10-30 03:21:13 : 26,900,000 : 0 : 7,068,481,525 : 94%
2021-10-30 06:28:00 : 27,000,000 : 0 : 7,096,007,275 : 95%
2021-10-30 10:07:24 : 27,100,000 : 0 : 7,123,533,025 : 95%
2021-10-30 13:15:33 : 27,200,000 : 0 : 7,141,883,525 : 95%
2021-10-30 15:37:34 : 27,300,000 : 0 : 7,170,195,725 : 96%
2021-10-30 17:48:34 : 27,400,000 : 0 : 7,199,032,225 : 96%
2021-10-30 19:59:41 : 27,500,000 : 0 : 7,227,737,650 : 96%
2021-10-30 22:18:04 : 27,600,000 : 0 : 7,256,443,075 : 97%
2021-10-31 00:53:57 : 27,700,000 : 0 : 7,275,448,950 : 97%
2021-10-31 03:47:47 : 27,800,000 : 0 : 7,303,761,150 : 97%
2021-10-31 07:12:57 : 27,900,000 : 0 : 7,331,549,050 : 98%
2021-10-31 10:57:30 : 28,000,000 : 0 : 7,349,899,550 : 98%
2021-10-31 13:51:58 : 28,100,000 : 0 : 7,377,687,450 : 98%
2021-10-31 16:02:51 : 28,200,000 : 0 : 7,406,261,800 : 99%
2021-10-31 18:06:39 : 28,300,000 : 0 : 7,435,491,525 : 99%
2021-10-31 20:09:35 : 28,400,000 : 0 : 7,463,934,800 : 99%
2021-10-31 22:20:41 : 28,500,000 : 0 : 7,492,640,225 : 100%
2021-11-01 02:33:48 : 100,000 : 0 : 29,885,100 : 0%
2021-11-01 05:25:04 : 200,000 : 0 : 58,590,525 : 1%
2021-11-01 09:06:56 : 300,000 : 0 : 86,640,575 : 1%
2021-11-01 12:19:36 : 400,000 : 0 : 113,904,175 : 1%
2021-11-01 14:38:56 : 500,000 : 0 : 142,085,300 : 2%
2021-11-01 16:40:57 : 600,000 : 0 : 170,004,275 : 2%
2021-11-01 18:38:35 : 700,000 : 0 : 198,185,400 : 3%
2021-11-01 20:35:13 : 800,000 : 0 : 216,666,975 : 3%
2021-11-01 22:36:18 : 900,000 : 0 : 244,585,950 : 3%
2021-11-02 00:47:59 : 1,000,000 : 0 : 272,767,075 : 4%
2021-11-02 03:08:45 : 1,100,000 : 0 : 300,554,975 : 4%
2021-11-02 06:01:19 : 1,200,000 : 0 : 328,080,725 : 4%
2021-11-02 09:39:36 : 1,300,000 : 0 : 346,431,225 : 5%
2021-11-02 12:41:01 : 1,400,000 : 0 : 373,956,975 : 5%
2021-11-02 14:52:56 : 1,500,000 : 0 : 401,744,875 : 5%
2021-11-02 16:49:57 : 1,600,000 : 0 : 430,188,150 : 6%
2021-11-02 18:46:40 : 1,700,000 : 0 : 458,631,425 : 6%
2021-11-02 20:43:38 : 1,800,000 : 0 : 477,637,300 : 6%
2021-11-02 22:44:57 : 1,900,000 : 0 : 505,949,500 : 7%
2021-11-03 00:55:02 : 2,000,000 : 0 : 534,130,625 : 7%
2021-11-03 03:16:22 : 2,100,000 : 0 : 562,442,825 : 7%
2021-11-03 06:07:23 : 2,200,000 : 0 : 580,793,325 : 8%
2021-11-03 09:42:15 : 2,300,000 : 0 : 608,188,000 : 8%
2021-11-03 12:45:01 : 2,400,000 : 0 : 635,451,600 : 8%
2021-11-03 14:58:49 : 2,500,000 : 0 : 663,632,725 : 9%
2021-11-03 16:59:06 : 2,600,000 : 0 : 682,769,675 : 9%
2021-11-03 18:57:34 : 2,700,000 : 0 : 711,606,175 : 9%
2021-11-03 20:56:24 : 2,800,000 : 0 : 740,049,450 : 10%
2021-11-03 22:56:29 : 2,900,000 : 0 : 768,230,575 : 10%
2021-11-04 01:11:32 : 3,000,000 : 0 : 796,280,625 : 10%
2021-11-04 03:39:59 : 3,100,000 : 0 : 815,286,500 : 11%
2021-11-04 06:48:09 : 3,200,000 : 0 : 842,550,100 : 11%
2021-11-04 10:33:14 : 3,300,000 : 0 : 869,682,625 : 11%
2021-11-04 13:21:16 : 3,400,000 : 0 : 897,208,375 : 12%
2021-11-04 15:29:10 : 3,500,000 : 0 : 925,520,575 : 12%
2021-11-04 17:27:18 : 3,600,000 : 0 : 944,657,525 : 12%
2021-11-04 19:26:31 : 3,700,000 : 0 : 973,100,800 : 13%
2021-11-04 21:24:47 : 3,800,000 : 0 : 1,001,806,225 : 13%
2021-11-04 23:25:10 : 3,900,000 : 0 : 1,030,380,575 : 14%
2021-11-05 01:42:45 : 4,000,000 : 0 : 1,049,255,375 : 14%
2021-11-05 04:17:01 : 4,100,000 : 0 : 1,077,305,425 : 14%
2021-11-05 07:38:26 : 4,200,000 : 0 : 1,104,700,100 : 14%
2021-11-05 11:08:57 : 4,300,000 : 0 : 1,131,832,625 : 15%
2021-11-05 13:46:33 : 4,400,000 : 0 : 1,159,882,675 : 15%
2021-11-05 15:54:15 : 4,500,000 : 0 : 1,178,888,550 : 15%
2021-11-05 17:54:36 : 4,600,000 : 0 : 1,207,593,975 : 16%
2021-11-05 19:57:02 : 4,700,000 : 0 : 1,236,037,250 : 16%
2021-11-05 22:03:04 : 4,800,000 : 0 : 1,264,611,600 : 17%
2021-11-06 00:16:18 : 4,900,000 : 0 : 1,283,093,175 : 17%
2021-11-06 02:47:38 : 5,000,000 : 0 : 1,311,405,375 : 17%
2021-11-06 05:45:38 : 5,100,000 : 0 : 1,339,193,275 : 18%
2021-11-06 09:27:48 : 5,200,000 : 0 : 1,366,456,875 : 18%
2021-11-06 12:55:35 : 5,300,000 : 0 : 1,384,676,300 : 18%
Decoding error with 134,217,728 bytes, reading another chunk
2021-11-06 15:14:57 : 5,400,000 : 0 : 1,412,464,200 : 19%
2021-11-06 17:26:22 : 5,500,000 : 0 : 1,441,038,550 : 19%
2021-11-06 19:38:17 : 5,600,000 : 0 : 1,469,350,750 : 19%
2021-11-06 21:52:40 : 5,700,000 : 0 : 1,497,531,875 : 20%
2021-11-07 00:13:41 : 5,800,000 : 0 : 1,516,013,450 : 20%
2021-11-07 02:48:45 : 5,900,000 : 0 : 1,544,063,500 : 20%
2021-11-07 05:48:56 : 6,000,000 : 0 : 1,571,720,325 : 21%
2021-11-07 09:36:34 : 6,100,000 : 0 : 1,598,459,625 : 21%
2021-11-07 12:58:12 : 6,200,000 : 0 : 1,616,285,825 : 21%
2021-11-07 15:23:36 : 6,300,000 : 0 : 1,643,942,650 : 22%
2021-11-07 17:29:15 : 6,400,000 : 0 : 1,672,123,775 : 22%
2021-11-07 19:33:13 : 6,500,000 : 0 : 1,700,304,900 : 22%
2021-11-07 21:41:29 : 6,600,000 : 0 : 1,728,879,250 : 23%
2021-11-07 23:57:04 : 6,700,000 : 0 : 1,757,191,450 : 23%
2021-11-08 02:26:23 : 6,800,000 : 0 : 1,785,110,425 : 23%
2021-11-08 05:08:30 : 6,900,000 : 0 : 1,812,898,325 : 24%
2021-11-08 08:32:38 : 7,000,000 : 0 : 1,831,642,050 : 24%
2021-11-08 12:00:44 : 7,100,000 : 0 : 1,859,429,950 : 24%
2021-11-08 14:28:26 : 7,200,000 : 0 : 1,887,480,000 : 25%
2021-11-08 16:33:23 : 7,300,000 : 0 : 1,916,185,425 : 25%
2021-11-08 18:30:55 : 7,400,000 : 0 : 1,944,628,700 : 26%
2021-11-08 20:29:34 : 7,500,000 : 0 : 1,973,203,050 : 26%
2021-11-08 22:28:43 : 7,600,000 : 0 : 1,991,815,700 : 26%
2021-11-09 00:38:48 : 7,700,000 : 0 : 2,019,996,825 : 27%
2021-11-09 02:59:04 : 7,800,000 : 0 : 2,048,440,100 : 27%
2021-11-09 05:35:34 : 7,900,000 : 0 : 2,076,752,300 : 27%
2021-11-09 08:58:48 : 8,000,000 : 0 : 2,095,627,100 : 27%
2021-11-09 12:20:05 : 8,100,000 : 0 : 2,123,415,000 : 28%
2021-11-09 14:44:30 : 8,200,000 : 0 : 2,151,333,975 : 28%
2021-11-09 16:45:08 : 8,300,000 : 0 : 2,180,301,550 : 29%
2021-11-09 18:43:03 : 8,400,000 : 0 : 2,209,269,125 : 29%
2021-11-09 20:43:06 : 8,500,000 : 0 : 2,237,974,550 : 29%
2021-11-09 22:43:26 : 8,600,000 : 0 : 2,256,718,275 : 30%
2021-11-10 00:54:31 : 8,700,000 : 0 : 2,285,161,550 : 30%
2021-11-10 03:13:03 : 8,800,000 : 0 : 2,313,211,600 : 30%
2021-11-10 05:54:36 : 8,900,000 : 0 : 2,340,868,425 : 31%
2021-11-10 09:11:51 : 9,000,000 : 0 : 2,359,218,925 : 31%
2021-11-10 12:22:34 : 9,100,000 : 0 : 2,386,351,450 : 31%
2021-11-10 14:42:33 : 9,200,000 : 0 : 2,414,401,500 : 32%
2021-11-10 16:43:44 : 9,300,000 : 0 : 2,442,844,775 : 32%
2021-11-10 18:40:45 : 9,400,000 : 0 : 2,471,419,125 : 32%
2021-11-10 20:39:29 : 9,500,000 : 0 : 2,490,162,850 : 33%
2021-11-10 22:39:28 : 9,600,000 : 0 : 2,518,081,825 : 33%
2021-11-11 00:51:38 : 9,700,000 : 0 : 2,546,000,800 : 33%
2021-11-11 03:14:05 : 9,800,000 : 0 : 2,574,444,075 : 34%
2021-11-11 05:49:33 : 9,900,000 : 0 : 2,602,100,900 : 34%
2021-11-11 09:00:02 : 10,000,000 : 0 : 2,620,451,400 : 34%
2021-11-11 12:15:21 : 10,100,000 : 0 : 2,647,977,150 : 35%
2021-11-11 14:41:29 : 10,200,000 : 0 : 2,676,027,200 : 35%
2021-11-11 16:46:32 : 10,300,000 : 0 : 2,704,470,475 : 35%
2021-11-11 18:43:33 : 10,400,000 : 0 : 2,733,175,900 : 36%
2021-11-11 20:41:38 : 10,500,000 : 0 : 2,761,619,175 : 36%
2021-11-11 22:44:36 : 10,600,000 : 0 : 2,780,493,975 : 36%
2021-11-12 01:02:09 : 10,700,000 : 0 : 2,808,937,250 : 37%
2021-11-12 03:28:24 : 10,800,000 : 0 : 2,837,380,525 : 37%
2021-11-12 06:10:23 : 10,900,000 : 0 : 2,865,430,575 : 38%
2021-11-12 09:36:24 : 11,000,000 : 0 : 2,884,043,225 : 38%
2021-11-12 12:46:53 : 11,100,000 : 0 : 2,911,831,125 : 38%
2021-11-12 15:05:45 : 11,200,000 : 0 : 2,940,143,325 : 39%
2021-11-12 17:07:37 : 11,300,000 : 0 : 2,968,979,825 : 39%
2021-11-12 19:05:51 : 11,400,000 : 0 : 2,998,078,475 : 39%
2021-11-12 21:07:16 : 11,500,000 : 0 : 3,017,608,650 : 40%
2021-11-12 23:10:50 : 11,600,000 : 0 : 3,046,314,075 : 40%
2021-11-13 01:29:59 : 11,700,000 : 0 : 3,074,626,275 : 40%
2021-11-13 04:04:01 : 11,800,000 : 0 : 3,102,807,400 : 41%
2021-11-13 07:03:51 : 11,900,000 : 0 : 3,130,333,150 : 41%
2021-11-13 10:38:05 : 12,000,000 : 0 : 3,148,159,350 : 41%
2021-11-13 13:47:09 : 12,100,000 : 0 : 3,175,160,800 : 42%
2021-11-13 16:09:52 : 12,200,000 : 0 : 3,203,079,775 : 42%
2021-11-13 18:20:39 : 12,300,000 : 0 : 3,230,736,600 : 42%
2021-11-13 20:34:34 : 12,400,000 : 0 : 3,258,786,650 : 43%
2021-11-13 22:52:32 : 12,500,000 : 0 : 3,287,098,850 : 43%
2021-11-14 01:22:19 : 12,600,000 : 0 : 3,315,279,975 : 43%
2021-11-14 04:07:19 : 12,700,000 : 0 : 3,334,285,850 : 44%
2021-11-14 07:15:01 : 12,800,000 : 0 : 3,361,811,600 : 44%
2021-11-14 10:55:02 : 12,900,000 : 0 : 3,388,944,125 : 44%
2021-11-14 13:58:27 : 13,000,000 : 0 : 3,415,814,500 : 45%
2021-11-14 16:16:34 : 13,100,000 : 0 : 3,443,471,325 : 45%
2021-11-14 18:20:31 : 13,200,000 : 0 : 3,471,390,300 : 46%
2021-11-14 20:24:34 : 13,300,000 : 0 : 3,490,396,175 : 46%
2021-11-14 22:31:10 : 13,400,000 : 0 : 3,518,839,450 : 46%
2021-11-15 00:50:27 : 13,500,000 : 0 : 3,547,151,650 : 47%
2021-11-15 03:18:37 : 13,600,000 : 0 : 3,575,857,075 : 47%
2021-11-15 06:00:59 : 13,700,000 : 0 : 3,594,469,725 : 47%
2021-11-15 09:21:04 : 13,800,000 : 0 : 3,622,519,775 : 48%
2021-11-15 12:34:37 : 13,900,000 : 0 : 3,650,176,600 : 48%
2021-11-15 14:57:00 : 14,000,000 : 0 : 3,677,833,425 : 48%
2021-11-15 16:57:34 : 14,100,000 : 0 : 3,706,276,700 : 49%
2021-11-15 18:54:30 : 14,200,000 : 0 : 3,734,719,975 : 49%
2021-11-15 20:52:46 : 14,300,000 : 0 : 3,753,463,700 : 49%
2021-11-15 22:51:40 : 14,400,000 : 0 : 3,781,775,900 : 50%
2021-11-16 01:04:59 : 14,500,000 : 0 : 3,810,219,175 : 50%
2021-11-16 03:25:05 : 14,600,000 : 0 : 3,838,531,375 : 50%
2021-11-16 06:02:51 : 14,700,000 : 0 : 3,867,105,725 : 51%
2021-11-16 09:24:53 : 14,800,000 : 0 : 3,886,111,600 : 51%
2021-11-16 12:38:01 : 14,900,000 : 0 : 3,913,899,500 : 51%
2021-11-16 14:59:40 : 15,000,000 : 0 : 3,941,687,400 : 52%
2021-11-16 16:59:36 : 15,100,000 : 0 : 3,970,261,750 : 52%
2021-11-16 18:55:40 : 15,200,000 : 0 : 3,999,098,250 : 52%
2021-11-16 20:54:37 : 15,300,000 : 0 : 4,027,672,600 : 53%
2021-11-16 22:55:44 : 15,400,000 : 0 : 4,046,678,475 : 53%
2021-11-17 01:09:25 : 15,500,000 : 0 : 4,075,383,900 : 53%
2021-11-17 03:32:57 : 15,600,000 : 0 : 4,104,089,325 : 54%
2021-11-17 06:13:55 : 15,700,000 : 0 : 4,132,270,450 : 54%
2021-11-17 09:37:46 : 15,800,000 : 0 : 4,151,014,175 : 54%
2021-11-17 12:49:03 : 15,900,000 : 0 : 4,179,064,225 : 55%
2021-11-17 15:09:12 : 16,000,000 : 0 : 4,206,983,200 : 55%
2021-11-17 17:09:20 : 16,100,000 : 0 : 4,235,426,475 : 56%
2021-11-17 19:07:53 : 16,200,000 : 0 : 4,264,131,900 : 56%
2021-11-17 21:10:42 : 16,300,000 : 0 : 4,292,837,325 : 56%
2021-11-17 23:15:57 : 16,400,000 : 0 : 4,311,581,050 : 57%
2021-11-18 01:31:30 : 16,500,000 : 0 : 4,339,893,250 : 57%
2021-11-18 03:57:35 : 16,600,000 : 0 : 4,368,467,600 : 57%
2021-11-18 06:47:46 : 16,700,000 : 0 : 4,396,779,800 : 58%
2021-11-18 10:22:34 : 16,800,000 : 0 : 4,425,354,150 : 58%
2021-11-18 13:22:31 : 16,900,000 : 0 : 4,453,404,200 : 58%
2021-11-18 15:36:16 : 17,000,000 : 0 : 4,471,885,775 : 59%
2021-11-18 17:35:16 : 17,100,000 : 0 : 4,500,460,125 : 59%
2021-11-18 19:34:23 : 17,200,000 : 0 : 4,528,772,325 : 59%
2021-11-18 21:36:57 : 17,300,000 : 0 : 4,557,477,750 : 60%
2021-11-18 23:44:45 : 17,400,000 : 0 : 4,585,658,875 : 60%
2021-11-19 02:06:00 : 17,500,000 : 0 : 4,605,057,975 : 60%
2021-11-19 04:34:48 : 17,600,000 : 0 : 4,633,501,250 : 61%
2021-11-19 07:33:31 : 17,700,000 : 0 : 4,661,944,525 : 61%
2021-11-19 11:01:53 : 17,800,000 : 0 : 4,689,470,275 : 62%
2021-11-19 13:52:01 : 17,900,000 : 0 : 4,717,389,250 : 62%
2021-11-19 16:01:53 : 18,000,000 : 0 : 4,736,264,050 : 62%
2021-11-19 18:03:16 : 18,100,000 : 0 : 4,764,838,400 : 63%
2021-11-19 20:07:21 : 18,200,000 : 0 : 4,793,150,600 : 63%
2021-11-19 22:15:38 : 18,300,000 : 0 : 4,821,593,875 : 63%
2021-11-20 00:32:58 : 18,400,000 : 0 : 4,849,775,000 : 64%
2021-11-20 03:06:15 : 18,500,000 : 0 : 4,868,518,725 : 64%
2021-11-20 05:56:43 : 18,600,000 : 0 : 4,896,306,625 : 64%
2021-11-20 09:23:19 : 18,700,000 : 0 : 4,924,094,525 : 65%
2021-11-20 12:47:43 : 18,800,000 : 0 : 4,951,620,275 : 65%
2021-11-20 15:21:25 : 18,900,000 : 0 : 4,979,014,950 : 65%
2021-11-20 17:32:42 : 19,000,000 : 0 : 4,997,758,675 : 66%
2021-11-20 19:44:06 : 19,100,000 : 0 : 5,026,333,025 : 66%
2021-11-20 22:00:01 : 19,200,000 : 0 : 5,054,776,300 : 66%
2021-11-21 00:19:38 : 19,300,000 : 0 : 5,082,433,125 : 67%
2021-11-21 02:53:08 : 19,400,000 : 0 : 5,110,221,025 : 67%
2021-11-21 05:40:28 : 19,500,000 : 0 : 5,137,615,700 : 67%
2021-11-21 09:05:24 : 19,600,000 : 0 : 5,155,704,050 : 68%
2021-11-21 12:34:56 : 19,700,000 : 0 : 5,183,098,725 : 68%
2021-11-21 15:11:17 : 19,800,000 : 0 : 5,210,493,400 : 68%
2021-11-21 17:21:06 : 19,900,000 : 0 : 5,238,543,450 : 69%
2021-11-21 19:25:52 : 20,000,000 : 0 : 5,266,724,575 : 69%
2021-11-21 21:34:16 : 20,100,000 : 0 : 5,285,599,375 : 69%
2021-11-21 23:46:32 : 20,200,000 : 0 : 5,313,518,350 : 70%
2021-11-22 02:08:28 : 20,300,000 : 0 : 5,341,437,325 : 70%
2021-11-22 04:39:13 : 20,400,000 : 0 : 5,369,356,300 : 70%
2021-11-22 07:34:17 : 20,500,000 : 0 : 5,396,882,050 : 71%
2021-11-22 10:59:19 : 20,600,000 : 0 : 5,415,101,475 : 71%
2021-11-22 13:50:41 : 20,700,000 : 0 : 5,442,627,225 : 71%
2021-11-22 16:00:13 : 20,800,000 : 0 : 5,470,808,350 : 72%
2021-11-22 17:58:03 : 20,900,000 : 0 : 5,499,251,625 : 72%
2021-11-22 19:54:49 : 21,000,000 : 0 : 5,528,088,125 : 73%
2021-11-22 21:52:19 : 21,100,000 : 0 : 5,547,094,000 : 73%
2021-11-23 00:00:35 : 21,200,000 : 0 : 5,575,406,200 : 73%
2021-11-23 02:23:52 : 21,300,000 : 0 : 5,603,980,550 : 74%
2021-11-23 04:53:18 : 21,400,000 : 0 : 5,632,292,750 : 74%
2021-11-23 07:51:14 : 21,500,000 : 0 : 5,660,342,800 : 74%
2021-11-23 11:21:12 : 21,600,000 : 0 : 5,679,217,600 : 75%
2021-11-23 14:00:54 : 21,700,000 : 0 : 5,707,136,575 : 75%
2021-11-23 16:07:38 : 21,800,000 : 0 : 5,736,235,225 : 75%
2021-11-23 18:03:27 : 21,900,000 : 0 : 5,764,940,650 : 76%
2021-11-23 19:58:14 : 22,000,000 : 0 : 5,793,515,000 : 76%
2021-11-23 21:54:01 : 22,100,000 : 0 : 5,821,958,275 : 76%
2021-11-23 23:57:54 : 22,200,000 : 0 : 5,840,833,075 : 77%
2021-11-24 02:16:20 : 22,300,000 : 0 : 5,869,014,200 : 77%
2021-11-24 04:43:11 : 22,400,000 : 0 : 5,896,933,175 : 77%
2021-11-24 07:36:22 : 22,500,000 : 0 : 5,924,852,150 : 78%
2021-11-24 11:00:23 : 22,600,000 : 0 : 5,943,595,875 : 78%
2021-11-24 13:46:43 : 22,700,000 : 0 : 5,970,859,475 : 78%
2021-11-24 15:55:46 : 22,800,000 : 0 : 5,998,909,525 : 79%
2021-11-24 17:51:40 : 22,900,000 : 0 : 6,027,352,800 : 79%
2021-11-24 19:46:38 : 23,000,000 : 0 : 6,055,796,075 : 79%
2021-11-24 21:44:45 : 23,100,000 : 0 : 6,074,539,800 : 80%
2021-11-24 23:49:34 : 23,200,000 : 0 : 6,102,458,775 : 80%
2021-11-25 02:12:42 : 23,300,000 : 0 : 6,130,639,900 : 80%
2021-11-25 04:43:26 : 23,400,000 : 0 : 6,159,083,175 : 81%
2021-11-25 07:31:33 : 23,500,000 : 0 : 6,177,826,900 : 81%
Decoding error with 134,217,728 bytes, reading another chunk
2021-11-25 10:57:52 : 23,600,000 : 0 : 6,206,139,100 : 81%
2021-11-25 13:53:57 : 23,700,000 : 0 : 6,233,795,925 : 82%
2021-11-25 16:10:24 : 23,800,000 : 0 : 6,261,845,975 : 82%
2021-11-25 18:15:47 : 23,900,000 : 0 : 6,290,027,100 : 83%
2021-11-25 20:21:46 : 24,000,000 : 0 : 6,318,470,375 : 83%
2021-11-25 22:36:47 : 24,100,000 : 0 : 6,336,820,875 : 83%
2021-11-26 01:06:34 : 24,200,000 : 0 : 6,364,608,775 : 84%
2021-11-26 03:42:57 : 24,300,000 : 0 : 6,392,527,750 : 84%
2021-11-26 06:36:01 : 24,400,000 : 0 : 6,420,053,500 : 84%
2021-11-26 09:57:41 : 24,500,000 : 0 : 6,438,928,300 : 84%
2021-11-26 13:11:59 : 24,600,000 : 0 : 6,466,454,050 : 85%
2021-11-26 15:36:02 : 24,700,000 : 0 : 6,494,504,100 : 85%
2021-11-26 17:43:03 : 24,800,000 : 0 : 6,523,340,600 : 86%
2021-11-26 19:47:12 : 24,900,000 : 0 : 6,551,783,875 : 86%
2021-11-26 21:57:27 : 25,000,000 : 0 : 6,570,920,825 : 86%
2021-11-27 00:11:16 : 25,100,000 : 0 : 6,598,970,875 : 87%
2021-11-27 02:38:04 : 25,200,000 : 0 : 6,626,889,850 : 87%
2021-11-27 05:12:23 : 25,300,000 : 0 : 6,645,633,575 : 87%
2021-11-27 08:16:08 : 25,400,000 : 0 : 6,673,290,400 : 88%
2021-11-27 11:45:57 : 25,500,000 : 0 : 6,700,554,000 : 88%
2021-11-27 14:35:34 : 25,600,000 : 0 : 6,728,472,975 : 88%
2021-11-27 16:51:48 : 25,700,000 : 0 : 6,757,309,475 : 89%
2021-11-27 18:58:05 : 25,800,000 : 0 : 6,776,315,350 : 89%
2021-11-27 21:06:04 : 25,900,000 : 0 : 6,804,758,625 : 89%
2021-11-27 23:19:33 : 26,000,000 : 0 : 6,832,808,675 : 90%
2021-11-28 01:34:54 : 26,100,000 : 0 : 6,861,514,100 : 90%
2021-11-28 04:03:11 : 26,200,000 : 0 : 6,880,126,750 : 90%
2021-11-28 06:54:55 : 26,300,000 : 0 : 6,908,045,725 : 91%
2021-11-28 10:16:33 : 26,400,000 : 0 : 6,935,833,625 : 91%
2021-11-28 13:18:00 : 26,500,000 : 0 : 6,954,315,200 : 91%
2021-11-28 15:35:59 : 26,600,000 : 0 : 6,981,972,025 : 92%
2021-11-28 17:35:18 : 26,700,000 : 0 : 7,010,415,300 : 92%
2021-11-28 19:32:20 : 26,800,000 : 0 : 7,038,596,425 : 92%
2021-11-28 21:31:45 : 26,900,000 : 0 : 7,057,340,150 : 93%
2021-11-28 23:36:16 : 27,000,000 : 0 : 7,085,259,125 : 93%
2021-11-29 01:50:45 : 27,100,000 : 0 : 7,113,178,100 : 93%
2021-11-29 04:10:40 : 27,200,000 : 0 : 7,140,966,000 : 94%
2021-11-29 06:54:31 : 27,300,000 : 0 : 7,159,709,725 : 94%
2021-11-29 10:12:40 : 27,400,000 : 0 : 7,187,366,550 : 94%
2021-11-29 13:13:22 : 27,500,000 : 0 : 7,214,630,150 : 95%
2021-11-29 15:29:22 : 27,600,000 : 0 : 7,243,073,425 : 95%
2021-11-29 17:27:43 : 27,700,000 : 0 : 7,271,778,850 : 95%
2021-11-29 19:24:18 : 27,800,000 : 0 : 7,300,615,350 : 96%
2021-11-29 21:18:24 : 27,900,000 : 0 : 7,319,621,225 : 96%
2021-11-29 23:17:24 : 28,000,000 : 0 : 7,347,802,350 : 96%
2021-11-30 01:28:08 : 28,100,000 : 0 : 7,376,245,625 : 97%
2021-11-30 03:45:12 : 28,200,000 : 0 : 7,404,426,750 : 97%
2021-11-30 06:17:50 : 28,300,000 : 0 : 7,432,476,800 : 98%
2021-11-30 09:30:11 : 28,400,000 : 0 : 7,451,220,525 : 98%
2021-11-30 12:41:53 : 28,500,000 : 0 : 7,479,139,500 : 98%
2021-11-30 15:05:48 : 28,600,000 : 0 : 7,507,582,775 : 98%
2021-11-30 17:05:09 : 28,700,000 : 0 : 7,536,157,125 : 99%
2021-11-30 19:02:15 : 28,800,000 : 0 : 7,564,469,325 : 99%
2021-11-30 20:58:56 : 28,900,000 : 0 : 7,583,213,050 : 99%
2021-11-30 22:58:15 : 29,000,000 : 0 : 7,611,263,100 : 100%
2021-12-01 02:14:45 : 100,000 : 0 : 29,885,100 : 0%
2021-12-01 05:39:32 : 200,000 : 0 : 58,721,600 : 1%
2021-12-01 07:15:43 : 300,000 : 0 : 86,771,650 : 1%
2021-12-01 10:32:03 : 400,000 : 0 : 114,559,550 : 1%
2021-12-01 13:23:41 : 500,000 : 0 : 133,041,125 : 2%
2021-12-01 15:31:35 : 600,000 : 0 : 160,960,100 : 2%
2021-12-01 17:26:36 : 700,000 : 0 : 189,534,450 : 2%
2021-12-01 19:17:33 : 800,000 : 0 : 217,846,650 : 3%
2021-12-01 21:10:14 : 900,000 : 0 : 246,158,850 : 3%
2021-12-01 23:05:28 : 1,000,000 : 0 : 264,771,500 : 3%
2021-12-02 01:10:52 : 1,100,000 : 0 : 292,297,250 : 4%
2021-12-02 03:22:39 : 1,200,000 : 0 : 320,216,225 : 4%
2021-12-02 05:48:12 : 1,300,000 : 0 : 348,135,200 : 4%
2021-12-02 08:50:27 : 1,400,000 : 0 : 375,529,875 : 5%
2021-12-02 12:01:50 : 1,500,000 : 0 : 393,618,225 : 5%
2021-12-02 14:30:54 : 1,600,000 : 0 : 421,143,975 : 5%
2021-12-02 16:33:58 : 1,700,000 : 0 : 449,849,400 : 6%
2021-12-02 18:31:32 : 1,800,000 : 0 : 478,554,825 : 6%
2021-12-02 20:28:20 : 1,900,000 : 0 : 506,998,100 : 6%
2021-12-02 22:28:29 : 2,000,000 : 0 : 535,179,225 : 7%
2021-12-03 00:38:34 : 2,100,000 : 0 : 553,922,950 : 7%
2021-12-03 02:57:32 : 2,200,000 : 0 : 582,235,150 : 7%
2021-12-03 05:20:32 : 2,300,000 : 0 : 610,285,200 : 8%
2021-12-03 08:23:39 : 2,400,000 : 0 : 637,942,025 : 8%
2021-12-03 11:45:29 : 2,500,000 : 0 : 656,423,600 : 8%
2021-12-03 14:23:02 : 2,600,000 : 0 : 684,604,725 : 9%
2021-12-03 16:27:25 : 2,700,000 : 0 : 713,179,075 : 9%
2021-12-03 18:26:42 : 2,800,000 : 0 : 741,622,350 : 9%
2021-12-03 20:28:32 : 2,900,000 : 0 : 770,196,700 : 10%
2021-12-03 22:46:17 : 3,000,000 : 0 : 798,771,050 : 10%
2021-12-04 01:04:06 : 3,100,000 : 0 : 817,645,850 : 10%
2021-12-04 03:35:35 : 3,200,000 : 0 : 846,089,125 : 11%
2021-12-04 06:22:38 : 3,300,000 : 0 : 874,139,175 : 11%
2021-12-04 09:48:52 : 3,400,000 : 0 : 901,664,925 : 11%
2021-12-04 13:06:01 : 3,500,000 : 0 : 928,928,525 : 12%
2021-12-04 15:35:54 : 3,600,000 : 0 : 947,541,175 : 12%
2021-12-04 17:45:29 : 3,700,000 : 0 : 976,115,525 : 12%
2021-12-04 19:51:54 : 3,800,000 : 0 : 1,004,689,875 : 13%
2021-12-04 22:02:53 : 3,900,000 : 0 : 1,033,133,150 : 13%
2021-12-05 00:20:45 : 4,000,000 : 0 : 1,061,445,350 : 13%
2021-12-05 02:51:26 : 4,100,000 : 0 : 1,080,320,150 : 14%
2021-12-05 05:33:01 : 4,200,000 : 0 : 1,107,976,975 : 14%
2021-12-05 08:49:13 : 4,300,000 : 0 : 1,135,502,725 : 14%
2021-12-05 12:18:28 : 4,400,000 : 0 : 1,162,635,250 : 15%
2021-12-05 15:01:37 : 4,500,000 : 0 : 1,190,029,925 : 15%
2021-12-05 17:15:22 : 4,600,000 : 0 : 1,218,342,125 : 15%
2021-12-05 19:20:07 : 4,700,000 : 0 : 1,237,216,925 : 15%
2021-12-05 21:24:58 : 4,800,000 : 0 : 1,265,791,275 : 16%
2021-12-05 23:31:12 : 4,900,000 : 0 : 1,294,234,550 : 16%
2021-12-06 01:50:05 : 5,000,000 : 0 : 1,322,546,750 : 17%
2021-12-06 04:13:38 : 5,100,000 : 0 : 1,341,552,625 : 17%
2021-12-06 07:02:43 : 5,200,000 : 0 : 1,370,126,975 : 17%
2021-12-06 10:28:56 : 5,300,000 : 0 : 1,398,308,100 : 17%
2021-12-06 13:26:04 : 5,400,000 : 0 : 1,426,227,075 : 18%
2021-12-06 15:40:43 : 5,500,000 : 0 : 1,455,194,650 : 18%
2021-12-06 17:38:22 : 5,600,000 : 0 : 1,474,200,525 : 18%
2021-12-06 19:35:22 : 5,700,000 : 0 : 1,503,299,175 : 19%
2021-12-06 21:33:04 : 5,800,000 : 0 : 1,532,135,675 : 19%
2021-12-06 23:36:46 : 5,900,000 : 0 : 1,560,841,100 : 20%
2021-12-07 01:54:42 : 6,000,000 : 0 : 1,589,808,675 : 20%
2021-12-07 04:16:59 : 6,100,000 : 0 : 1,618,645,175 : 20%
2021-12-07 07:05:34 : 6,200,000 : 0 : 1,637,651,050 : 20%
2021-12-07 10:36:12 : 6,300,000 : 0 : 1,666,094,325 : 21%
2021-12-07 13:32:01 : 6,400,000 : 0 : 1,694,144,375 : 21%
2021-12-07 15:44:57 : 6,500,000 : 0 : 1,722,456,575 : 22%
2021-12-07 17:55:03 : 6,600,000 : 0 : 1,750,244,475 : 22%
2021-12-07 19:26:05 : 6,700,000 : 0 : 1,768,988,200 : 22%
2021-12-07 21:25:15 : 6,800,000 : 0 : 1,797,693,625 : 22%
Decoding error with 134,217,728 bytes, reading another chunk
2021-12-07 23:28:57 : 6,900,000 : 0 : 1,835,312,150 : 23%
2021-12-08 01:44:17 : 7,000,000 : 0 : 1,854,449,100 : 23%
2021-12-08 04:05:19 : 7,100,000 : 0 : 1,873,061,750 : 23%
2021-12-08 06:53:24 : 7,200,000 : 0 : 1,901,373,950 : 24%
2021-12-08 10:19:34 : 7,300,000 : 0 : 1,929,030,775 : 24%
2021-12-08 13:20:21 : 7,400,000 : 0 : 1,956,687,600 : 24%
2021-12-08 15:36:43 : 7,500,000 : 0 : 1,985,261,950 : 25%
2021-12-08 17:36:40 : 7,600,000 : 0 : 2,013,705,225 : 25%
2021-12-08 19:34:57 : 7,700,000 : 0 : 2,042,017,425 : 26%
2021-12-08 21:35:30 : 7,800,000 : 0 : 2,061,154,375 : 26%
2021-12-08 23:40:36 : 7,900,000 : 0 : 2,089,466,575 : 26%
2021-12-09 02:00:12 : 8,000,000 : 0 : 2,118,040,925 : 27%
2021-12-09 04:29:49 : 8,100,000 : 0 : 2,146,615,275 : 27%
2021-12-09 07:25:38 : 8,200,000 : 0 : 2,175,582,850 : 27%
2021-12-09 11:01:16 : 8,300,000 : 0 : 2,203,895,050 : 28%
2021-12-09 13:53:31 : 8,400,000 : 0 : 2,222,900,925 : 28%
2021-12-09 16:06:11 : 8,500,000 : 0 : 2,251,475,275 : 28%
2021-12-09 18:07:19 : 8,600,000 : 0 : 2,280,311,775 : 29%
2021-12-09 20:06:38 : 8,700,000 : 0 : 2,308,755,050 : 29%
2021-12-09 22:07:01 : 8,800,000 : 0 : 2,337,460,475 : 29%
2021-12-10 00:13:40 : 8,900,000 : 0 : 2,365,772,675 : 30%
2021-12-10 02:35:09 : 9,000,000 : 0 : 2,394,084,875 : 30%
2021-12-10 05:00:37 : 9,100,000 : 0 : 2,412,697,525 : 30%
2021-12-10 07:57:21 : 9,200,000 : 0 : 2,441,140,800 : 31%
2021-12-10 11:25:12 : 9,300,000 : 0 : 2,469,453,000 : 31%
2021-12-10 14:09:25 : 9,400,000 : 0 : 2,497,765,200 : 31%
2021-12-10 16:19:24 : 9,500,000 : 0 : 2,526,470,625 : 32%
2021-12-10 18:20:06 : 9,600,000 : 0 : 2,545,738,650 : 32%
2021-12-10 20:21:20 : 9,700,000 : 0 : 2,574,444,075 : 32%
2021-12-10 22:24:06 : 9,800,000 : 0 : 2,602,625,200 : 33%
2021-12-11 00:37:23 : 9,900,000 : 0 : 2,630,937,400 : 33%
2021-12-11 03:03:42 : 10,000,000 : 0 : 2,659,249,600 : 33%
2021-12-11 05:46:10 : 10,100,000 : 0 : 2,687,692,875 : 34%
2021-12-11 09:05:24 : 10,200,000 : 0 : 2,706,043,375 : 34%
2021-12-11 12:32:42 : 10,300,000 : 0 : 2,733,700,200 : 34%
2021-12-11 15:08:53 : 10,400,000 : 0 : 2,761,225,950 : 35%
2021-12-11 17:20:37 : 10,500,000 : 0 : 2,789,669,225 : 35%
2021-12-11 19:27:01 : 10,600,000 : 0 : 2,818,112,500 : 35%
2021-12-11 21:33:42 : 10,700,000 : 0 : 2,846,555,775 : 36%
2021-12-11 23:47:26 : 10,800,000 : 0 : 2,874,736,900 : 36%
2021-12-12 02:14:31 : 10,900,000 : 0 : 2,893,480,625 : 36%
2021-12-12 04:53:33 : 11,000,000 : 0 : 2,921,530,675 : 37%
2021-12-12 08:00:50 : 11,100,000 : 0 : 2,949,187,500 : 37%
2021-12-12 11:36:18 : 11,200,000 : 0 : 2,976,713,250 : 37%
2021-12-12 14:32:07 : 11,300,000 : 0 : 3,004,370,075 : 38%
2021-12-12 16:44:09 : 11,400,000 : 0 : 3,023,244,875 : 38%
2021-12-12 18:48:25 : 11,500,000 : 0 : 3,051,819,225 : 38%
2021-12-12 20:52:03 : 11,600,000 : 0 : 3,080,131,425 : 39%
2021-12-12 22:59:11 : 11,700,000 : 0 : 3,108,050,400 : 39%
2021-12-13 01:15:50 : 11,800,000 : 0 : 3,136,362,600 : 39%
2021-12-13 03:39:35 : 11,900,000 : 0 : 3,155,106,325 : 39%
2021-12-13 06:15:47 : 12,000,000 : 0 : 3,182,894,225 : 40%
2021-12-13 09:35:46 : 12,100,000 : 0 : 3,210,944,275 : 40%
2021-12-13 12:48:33 : 12,200,000 : 0 : 3,238,601,100 : 41%
2021-12-13 15:09:23 : 12,300,000 : 0 : 3,267,044,375 : 41%
2021-12-13 17:10:10 : 12,400,000 : 0 : 3,296,143,025 : 41%
2021-12-13 19:06:53 : 12,500,000 : 0 : 3,325,241,675 : 42%
2021-12-13 21:03:45 : 12,600,000 : 0 : 3,354,078,175 : 42%
2021-12-13 23:02:29 : 12,700,000 : 0 : 3,372,821,900 : 42%
2021-12-14 01:18:18 : 12,800,000 : 0 : 3,401,265,175 : 43%
2021-12-14 03:35:20 : 12,900,000 : 0 : 3,429,446,300 : 43%
2021-12-14 06:07:23 : 13,000,000 : 0 : 3,457,627,425 : 43%
2021-12-14 09:23:12 : 13,100,000 : 0 : 3,485,939,625 : 44%
2021-12-14 12:37:22 : 13,200,000 : 0 : 3,514,513,975 : 44%
2021-12-14 15:03:45 : 13,300,000 : 0 : 3,533,126,625 : 44%
2021-12-14 17:05:43 : 13,400,000 : 0 : 3,561,700,975 : 45%
2021-12-14 19:04:48 : 13,500,000 : 0 : 3,590,406,400 : 45%
2021-12-14 21:06:00 : 13,600,000 : 0 : 3,619,111,825 : 45%
2021-12-14 23:09:01 : 13,700,000 : 0 : 3,646,899,725 : 46%
2021-12-15 01:19:01 : 13,800,000 : 0 : 3,674,949,775 : 46%
2021-12-15 03:39:06 : 13,900,000 : 0 : 3,702,999,825 : 46%
2021-12-15 06:20:29 : 14,000,000 : 0 : 3,721,612,475 : 47%
2021-12-15 09:41:38 : 14,100,000 : 0 : 3,750,186,825 : 47%
2021-12-15 12:50:08 : 14,200,000 : 0 : 3,777,843,650 : 47%
2021-12-15 15:10:38 : 14,300,000 : 0 : 3,805,893,700 : 48%
2021-12-15 17:11:57 : 14,400,000 : 0 : 3,834,992,350 : 48%
2021-12-15 19:09:03 : 14,500,000 : 0 : 3,863,828,850 : 48%
2021-12-15 21:10:09 : 14,600,000 : 0 : 3,892,272,125 : 49%
2021-12-15 23:10:46 : 14,700,000 : 0 : 3,920,322,175 : 49%
2021-12-16 01:25:12 : 14,800,000 : 0 : 3,939,065,900 : 49%
2021-12-16 03:49:06 : 14,900,000 : 0 : 3,967,771,325 : 50%
2021-12-16 06:31:28 : 15,000,000 : 0 : 3,995,952,450 : 50%
2021-12-16 10:09:33 : 15,100,000 : 0 : 4,024,657,875 : 50%
2021-12-16 13:23:52 : 15,200,000 : 0 : 4,053,363,300 : 51%
2021-12-16 15:44:39 : 15,300,000 : 0 : 4,082,593,025 : 51%
2021-12-16 17:52:30 : 15,400,000 : 0 : 4,102,254,275 : 51%
2021-12-16 19:57:13 : 15,500,000 : 0 : 4,131,352,925 : 52%
2021-12-16 22:00:42 : 15,600,000 : 0 : 4,159,927,275 : 52%
2021-12-17 00:12:14 : 15,700,000 : 0 : 4,188,108,400 : 52%
2021-12-17 02:33:41 : 15,800,000 : 0 : 4,216,420,600 : 53%
2021-12-17 05:07:31 : 15,900,000 : 0 : 4,244,339,575 : 53%
2021-12-17 08:13:25 : 16,000,000 : 0 : 4,263,345,450 : 53%
2021-12-17 11:48:18 : 16,100,000 : 0 : 4,291,264,425 : 54%
2021-12-17 14:30:18 : 16,200,000 : 0 : 4,319,314,475 : 54%
2021-12-17 16:41:54 : 16,300,000 : 0 : 4,347,757,750 : 54%
2021-12-17 18:48:11 : 16,400,000 : 0 : 4,376,594,250 : 55%
2021-12-17 20:56:55 : 16,500,000 : 0 : 4,405,168,600 : 55%
2021-12-17 23:09:29 : 16,600,000 : 0 : 4,433,349,725 : 55%
2021-12-18 01:33:10 : 16,700,000 : 0 : 4,461,399,775 : 56%
2021-12-18 04:10:08 : 16,800,000 : 0 : 4,479,881,350 : 56%
2021-12-18 07:08:33 : 16,900,000 : 0 : 4,507,931,400 : 56%
2021-12-18 10:44:01 : 17,000,000 : 0 : 4,535,063,925 : 57%
2021-12-18 13:54:21 : 17,100,000 : 0 : 4,562,196,450 : 57%
2021-12-18 16:21:00 : 17,200,000 : 0 : 4,590,377,575 : 57%
2021-12-18 18:33:29 : 17,300,000 : 0 : 4,619,214,075 : 58%
2021-12-18 20:47:19 : 17,400,000 : 0 : 4,647,788,425 : 58%
2021-12-18 23:04:08 : 17,500,000 : 0 : 4,666,401,075 : 58%
2021-12-19 01:33:36 : 17,600,000 : 0 : 4,694,582,200 : 59%
2021-12-19 04:09:47 : 17,700,000 : 0 : 4,721,976,875 : 59%
2021-12-19 07:07:10 : 17,800,000 : 0 : 4,749,633,700 : 59%
2021-12-19 10:44:39 : 17,900,000 : 0 : 4,776,373,000 : 60%
2021-12-19 13:54:05 : 18,000,000 : 0 : 4,794,461,350 : 60%
2021-12-19 16:18:45 : 18,100,000 : 0 : 4,822,118,175 : 60%
2021-12-19 18:30:08 : 18,200,000 : 0 : 4,850,692,525 : 61%
2021-12-19 20:39:39 : 18,300,000 : 0 : 4,879,004,725 : 61%
2021-12-19 22:48:28 : 18,400,000 : 0 : 4,907,054,775 : 61%
2021-12-20 01:09:56 : 18,500,000 : 0 : 4,935,235,900 : 62%
2021-12-20 03:42:05 : 18,600,000 : 0 : 4,963,810,250 : 62%
2021-12-20 06:28:56 : 18,700,000 : 0 : 4,982,685,050 : 62%
2021-12-20 09:45:32 : 18,800,000 : 0 : 5,011,521,550 : 63%
2021-12-20 12:55:16 : 18,900,000 : 0 : 5,039,571,600 : 63%
2021-12-20 15:17:15 : 19,000,000 : 0 : 5,067,752,725 : 63%
2021-12-20 17:19:32 : 19,100,000 : 0 : 5,096,458,150 : 64%
2021-12-20 19:19:02 : 19,200,000 : 0 : 5,125,294,650 : 64%
2021-12-20 21:19:21 : 19,300,000 : 0 : 5,154,000,075 : 64%
2021-12-20 23:23:32 : 19,400,000 : 0 : 5,182,312,275 : 65%
2021-12-21 01:37:47 : 19,500,000 : 0 : 5,200,662,775 : 65%
2021-12-21 04:03:13 : 19,600,000 : 0 : 5,228,581,750 : 65%
2021-12-21 06:47:47 : 19,700,000 : 0 : 5,256,631,800 : 66%
2021-12-21 10:07:16 : 19,800,000 : 0 : 5,284,157,550 : 66%
2021-12-21 13:11:09 : 19,900,000 : 0 : 5,312,076,525 : 66%
2021-12-21 15:31:47 : 20,000,000 : 0 : 5,340,650,875 : 67%
2021-12-21 17:32:22 : 20,100,000 : 0 : 5,369,225,225 : 67%
2021-12-21 19:34:08 : 20,200,000 : 0 : 5,397,799,575 : 68%
2021-12-21 21:36:50 : 20,300,000 : 0 : 5,416,936,525 : 68%
2021-12-21 23:44:00 : 20,400,000 : 0 : 5,445,248,725 : 68%
2021-12-22 02:03:49 : 20,500,000 : 0 : 5,473,560,925 : 68%
2021-12-22 04:34:20 : 20,600,000 : 0 : 5,501,873,125 : 69%
2021-12-22 07:30:32 : 20,700,000 : 0 : 5,530,185,325 : 69%
2021-12-22 10:59:32 : 20,800,000 : 0 : 5,558,235,375 : 70%
2021-12-22 13:55:19 : 20,900,000 : 0 : 5,586,547,575 : 70%
2021-12-22 16:11:11 : 21,000,000 : 0 : 5,605,946,675 : 70%
2021-12-22 18:11:53 : 21,100,000 : 0 : 5,634,652,100 : 71%
2021-12-22 20:14:53 : 21,200,000 : 0 : 5,663,488,600 : 71%
2021-12-22 22:21:26 : 21,300,000 : 0 : 5,691,931,875 : 71%
2021-12-23 00:35:29 : 21,400,000 : 0 : 5,720,113,000 : 72%
2021-12-23 03:02:19 : 21,500,000 : 0 : 5,748,294,125 : 72%
2021-12-23 05:58:00 : 21,600,000 : 0 : 5,776,344,175 : 72%
2021-12-23 09:11:05 : 21,700,000 : 0 : 5,804,132,075 : 73%
2021-12-23 12:29:07 : 21,800,000 : 0 : 5,822,482,575 : 73%
2021-12-23 15:02:38 : 21,900,000 : 0 : 5,850,008,325 : 73%
2021-12-23 17:10:32 : 22,000,000 : 0 : 5,878,320,525 : 74%
2021-12-23 19:15:49 : 22,100,000 : 0 : 5,906,763,800 : 74%
2021-12-23 21:25:07 : 22,200,000 : 0 : 5,935,600,300 : 74%
2021-12-23 23:38:27 : 22,300,000 : 0 : 5,963,388,200 : 75%
2021-12-24 02:06:03 : 22,400,000 : 0 : 5,991,569,325 : 75%
2021-12-24 04:43:01 : 22,500,000 : 0 : 6,019,619,375 : 75%
2021-12-24 07:39:24 : 22,600,000 : 0 : 6,038,625,250 : 76%
2021-12-24 11:11:07 : 22,700,000 : 0 : 6,066,413,150 : 76%
2021-12-24 14:13:54 : 22,800,000 : 0 : 6,094,594,275 : 76%
2021-12-24 16:41:46 : 22,900,000 : 0 : 6,123,168,625 : 77%
2021-12-24 19:04:00 : 23,000,000 : 0 : 6,152,267,275 : 77%
2021-12-24 21:30:08 : 23,100,000 : 0 : 6,181,103,775 : 77%
2021-12-25 00:06:30 : 23,200,000 : 0 : 6,209,153,825 : 78%
2021-12-25 03:04:44 : 23,300,000 : 0 : 6,237,334,950 : 78%
2021-12-25 06:18:31 : 23,400,000 : 0 : 6,256,209,750 : 78%
2021-12-25 10:07:14 : 23,500,000 : 0 : 6,283,866,575 : 79%
2021-12-25 13:45:49 : 23,600,000 : 0 : 6,310,999,100 : 79%
2021-12-25 16:35:40 : 23,700,000 : 0 : 6,339,442,375 : 79%
2021-12-25 19:08:26 : 23,800,000 : 0 : 6,368,409,950 : 80%
2021-12-25 21:39:27 : 23,900,000 : 0 : 6,397,508,600 : 80%
2021-12-26 00:12:14 : 24,000,000 : 0 : 6,416,514,475 : 80%
2021-12-26 02:54:21 : 24,100,000 : 0 : 6,444,695,600 : 81%
2021-12-26 05:47:05 : 24,200,000 : 0 : 6,472,614,575 : 81%
2021-12-26 09:20:37 : 24,300,000 : 0 : 6,499,878,175 : 81%
2021-12-26 13:08:17 : 24,400,000 : 0 : 6,527,403,925 : 82%
2021-12-26 15:52:48 : 24,500,000 : 0 : 6,546,016,575 : 82%
2021-12-26 18:09:30 : 24,600,000 : 0 : 6,574,197,700 : 82%
2021-12-26 20:32:38 : 24,700,000 : 0 : 6,602,772,050 : 83%
2021-12-26 22:48:30 : 24,800,000 : 0 : 6,630,691,025 : 83%
2021-12-27 01:06:06 : 24,900,000 : 0 : 6,658,741,075 : 83%
2021-12-27 03:33:44 : 25,000,000 : 0 : 6,677,746,950 : 84%
2021-12-27 06:13:27 : 25,100,000 : 0 : 6,705,928,075 : 84%
2021-12-27 09:31:29 : 25,200,000 : 0 : 6,734,109,200 : 84%
2021-12-27 12:48:37 : 25,300,000 : 0 : 6,761,372,800 : 85%
2021-12-27 15:16:43 : 25,400,000 : 0 : 6,788,636,400 : 85%
2021-12-27 17:21:25 : 25,500,000 : 0 : 6,816,817,525 : 85%
2021-12-27 19:17:27 : 25,600,000 : 0 : 6,844,867,575 : 86%
2021-12-27 21:16:07 : 25,700,000 : 0 : 6,873,048,700 : 86%
2021-12-27 23:16:02 : 25,800,000 : 0 : 6,891,530,275 : 86%
2021-12-28 01:24:09 : 25,900,000 : 0 : 6,919,842,475 : 87%
2021-12-28 03:39:02 : 26,000,000 : 0 : 6,947,630,375 : 87%
2021-12-28 06:07:56 : 26,100,000 : 0 : 6,975,811,500 : 87%
2021-12-28 09:10:37 : 26,200,000 : 0 : 7,003,861,550 : 88%
2021-12-28 12:23:12 : 26,300,000 : 0 : 7,022,474,200 : 88%
2021-12-28 14:52:03 : 26,400,000 : 0 : 7,049,999,950 : 88%
2021-12-28 16:55:56 : 26,500,000 : 0 : 7,078,312,150 : 89%
2021-12-28 18:55:12 : 26,600,000 : 0 : 7,107,541,875 : 89%
2021-12-28 20:53:35 : 26,700,000 : 0 : 7,136,247,300 : 89%
2021-12-28 22:50:59 : 26,800,000 : 0 : 7,164,821,650 : 90%
2021-12-29 00:54:53 : 26,900,000 : 0 : 7,193,133,850 : 90%
2021-12-29 03:07:18 : 27,000,000 : 0 : 7,211,746,500 : 90%
2021-12-29 05:31:08 : 27,100,000 : 0 : 7,240,320,850 : 91%
2021-12-29 08:26:05 : 27,200,000 : 0 : 7,268,501,975 : 91%
2021-12-29 11:43:07 : 27,300,000 : 0 : 7,296,683,100 : 91%
2021-12-29 14:23:54 : 27,400,000 : 0 : 7,324,995,300 : 92%
2021-12-29 16:29:51 : 27,500,000 : 0 : 7,353,700,725 : 92%
2021-12-29 18:25:29 : 27,600,000 : 0 : 7,373,099,825 : 92%
2021-12-29 20:19:49 : 27,700,000 : 0 : 7,401,805,250 : 93%
Decoding error with 134,217,728 bytes, reading another chunk
2021-12-29 22:15:30 : 27,800,000 : 0 : 7,430,379,600 : 93%
2021-12-30 00:16:14 : 27,900,000 : 0 : 7,458,560,725 : 93%
2021-12-30 02:26:11 : 28,000,000 : 0 : 7,486,741,850 : 94%
2021-12-30 04:43:54 : 28,100,000 : 0 : 7,514,791,900 : 94%
2021-12-30 07:23:08 : 28,200,000 : 0 : 7,533,928,850 : 94%
Decoding error with 134,217,728 bytes, reading another chunk
2021-12-30 10:38:02 : 28,300,000 : 0 : 7,561,978,900 : 95%
2021-12-30 13:33:14 : 28,400,000 : 0 : 7,589,373,575 : 95%
2021-12-30 15:48:16 : 28,500,000 : 0 : 7,617,554,700 : 95%
2021-12-30 17:46:43 : 28,600,000 : 0 : 7,646,129,050 : 96%
2021-12-30 19:41:41 : 28,700,000 : 0 : 7,674,703,400 : 96%
2021-12-30 21:39:11 : 28,800,000 : 0 : 7,703,539,900 : 96%
Decoding error with 134,217,728 bytes, reading another chunk
2021-12-30 23:38:07 : 28,900,000 : 0 : 7,741,158,425 : 97%
2021-12-31 01:47:00 : 29,000,000 : 0 : 7,759,771,075 : 97%
2021-12-31 04:06:56 : 29,100,000 : 0 : 7,788,214,350 : 97%
2021-12-31 06:45:25 : 29,200,000 : 0 : 7,807,351,300 : 98%
2021-12-31 10:02:10 : 29,300,000 : 0 : 7,835,401,350 : 98%
2021-12-31 13:17:27 : 29,400,000 : 0 : 7,863,189,250 : 98%
2021-12-31 15:44:08 : 29,500,000 : 0 : 7,891,763,600 : 99%
2021-12-31 17:53:44 : 29,600,000 : 0 : 7,920,993,325 : 99%
2021-12-31 20:05:38 : 29,700,000 : 0 : 7,950,223,050 : 99%
2021-12-31 22:26:19 : 29,800,000 : 0 : 7,979,583,850 : 100%
2021-10-01 00:18:12 : 100,000 : 0 : 21,365,225 : 0%
2021-10-01 00:36:18 : 200,000 : 0 : 31,589,075 : 0%
2021-10-01 00:54:16 : 300,000 : 0 : 41,681,850 : 0%
2021-10-01 01:11:57 : 400,000 : 0 : 51,512,475 : 0%
2021-10-01 01:29:38 : 500,000 : 0 : 61,474,175 : 0%
2021-10-01 01:47:12 : 600,000 : 0 : 71,304,800 : 0%
2021-10-01 02:04:52 : 700,000 : 0 : 81,004,350 : 0%
2021-10-01 02:22:30 : 800,000 : 0 : 90,703,900 : 0%
2021-10-01 02:40:36 : 900,000 : 0 : 100,534,525 : 0%
2021-10-01 02:59:00 : 1,000,000 : 0 : 110,103,000 : 0%
2021-10-01 03:17:45 : 1,100,000 : 0 : 119,671,475 : 1%
2021-10-01 03:36:57 : 1,200,000 : 0 : 129,502,100 : 1%
2021-10-01 03:57:59 : 1,300,000 : 0 : 139,332,725 : 1%
2021-10-01 04:20:05 : 1,400,000 : 0 : 149,163,350 : 1%
2021-10-01 04:43:36 : 1,500,000 : 0 : 158,993,975 : 1%
2021-10-01 05:08:50 : 1,600,000 : 0 : 168,824,600 : 1%
2021-10-01 05:35:03 : 1,700,000 : 0 : 178,786,300 : 1%
2021-10-01 06:03:05 : 1,800,000 : 0 : 188,748,000 : 1%
2021-10-01 06:32:40 : 1,900,000 : 0 : 198,971,850 : 1%
2021-10-01 07:03:47 : 2,000,000 : 0 : 208,933,550 : 1%
2021-10-01 07:36:16 : 2,100,000 : 0 : 219,026,325 : 1%
2021-10-01 08:10:21 : 2,200,000 : 0 : 229,119,100 : 1%
2021-10-01 08:44:48 : 2,300,000 : 0 : 239,080,800 : 1%
2021-10-01 09:19:48 : 2,400,000 : 0 : 249,173,575 : 1%
2021-10-01 09:54:17 : 2,500,000 : 0 : 259,397,425 : 1%
2021-10-01 10:26:31 : 2,600,000 : 0 : 269,490,200 : 1%
2021-10-01 10:55:58 : 2,700,000 : 0 : 279,451,900 : 1%
2021-10-01 11:23:23 : 2,800,000 : 0 : 289,413,600 : 1%
2021-10-01 11:48:05 : 2,900,000 : 0 : 299,506,375 : 1%
2021-10-01 12:11:03 : 3,000,000 : 0 : 309,599,150 : 1%
2021-10-01 12:32:41 : 3,100,000 : 0 : 319,691,925 : 1%
2021-10-01 12:52:50 : 3,200,000 : 0 : 329,915,775 : 1%
2021-10-01 13:12:12 : 3,300,000 : 0 : 340,139,625 : 1%
2021-10-01 13:30:33 : 3,400,000 : 0 : 360,849,475 : 2%
2021-10-01 13:48:34 : 3,500,000 : 0 : 371,204,400 : 2%
2021-10-01 14:05:48 : 3,600,000 : 0 : 381,428,250 : 2%
2021-10-01 14:22:34 : 3,700,000 : 0 : 391,783,175 : 2%
2021-10-01 14:39:20 : 3,800,000 : 0 : 402,138,100 : 2%
2021-10-01 14:55:30 : 3,900,000 : 0 : 412,493,025 : 2%
2021-10-01 15:11:37 : 4,000,000 : 0 : 422,847,950 : 2%
2021-10-01 15:27:41 : 4,100,000 : 0 : 433,202,875 : 2%
2021-10-01 15:43:38 : 4,200,000 : 0 : 443,688,875 : 2%
2021-10-01 15:59:23 : 4,300,000 : 0 : 454,043,800 : 2%
2021-10-01 16:15:14 : 4,400,000 : 0 : 464,398,725 : 2%
2021-10-01 16:31:01 : 4,500,000 : 0 : 474,753,650 : 2%
2021-10-01 16:46:35 : 4,600,000 : 0 : 484,977,500 : 2%
2021-10-01 17:02:14 : 4,700,000 : 0 : 495,201,350 : 2%
2021-10-01 17:18:10 : 4,800,000 : 0 : 505,556,275 : 2%
2021-10-01 17:34:17 : 4,900,000 : 0 : 515,911,200 : 2%
2021-10-01 17:50:21 : 5,000,000 : 0 : 526,135,050 : 2%
2021-10-01 18:06:19 : 5,100,000 : 0 : 536,489,975 : 2%
2021-10-01 18:22:26 : 5,200,000 : 0 : 546,713,825 : 2%
2021-10-01 18:38:25 : 5,300,000 : 0 : 556,937,675 : 2%
2021-10-01 18:54:40 : 5,400,000 : 0 : 567,161,525 : 2%
2021-10-01 19:10:51 : 5,500,000 : 0 : 577,254,300 : 2%
2021-10-01 19:26:56 : 5,600,000 : 0 : 587,347,075 : 3%
2021-10-01 19:43:32 : 5,700,000 : 0 : 597,570,925 : 3%
2021-10-01 20:00:20 : 5,800,000 : 0 : 607,794,775 : 3%
2021-10-01 20:17:14 : 5,900,000 : 0 : 618,018,625 : 3%
2021-10-01 20:34:13 : 6,000,000 : 0 : 628,111,400 : 3%
2021-10-01 20:51:06 : 6,100,000 : 0 : 638,335,250 : 3%
2021-10-01 21:08:18 : 6,200,000 : 0 : 658,782,950 : 3%
2021-10-01 21:25:52 : 6,300,000 : 0 : 669,006,800 : 3%
2021-10-01 21:43:44 : 6,400,000 : 0 : 679,230,650 : 3%
2021-10-01 22:01:45 : 6,500,000 : 0 : 689,323,425 : 3%
2021-10-01 22:19:47 : 6,600,000 : 0 : 699,285,125 : 3%
2021-10-01 22:37:42 : 6,700,000 : 0 : 709,115,750 : 3%
2021-10-01 22:55:53 : 6,800,000 : 0 : 719,077,450 : 3%
2021-10-01 23:14:39 : 6,900,000 : 0 : 728,908,075 : 3%
2021-10-01 23:33:17 : 7,000,000 : 0 : 738,607,625 : 3%
2021-10-01 23:52:07 : 7,100,000 : 0 : 748,307,175 : 3%
2021-10-02 00:11:09 : 7,200,000 : 0 : 758,006,725 : 3%
2021-10-02 00:30:16 : 7,300,000 : 0 : 767,575,200 : 3%
2021-10-02 00:49:24 : 7,400,000 : 0 : 777,274,750 : 3%
2021-10-02 01:08:23 : 7,500,000 : 0 : 786,712,150 : 3%
2021-10-02 01:27:50 : 7,600,000 : 0 : 796,280,625 : 3%
2021-10-02 01:47:38 : 7,700,000 : 0 : 805,849,100 : 3%
2021-10-02 02:07:42 : 7,800,000 : 0 : 815,417,575 : 3%
2021-10-02 02:27:45 : 7,900,000 : 0 : 824,986,050 : 4%
2021-10-02 02:48:08 : 8,000,000 : 0 : 834,554,525 : 4%
2021-10-02 03:09:12 : 8,100,000 : 0 : 844,123,000 : 4%
2021-10-02 03:31:11 : 8,200,000 : 0 : 853,822,550 : 4%
2021-10-02 03:53:49 : 8,300,000 : 0 : 863,522,100 : 4%
2021-10-02 04:17:42 : 8,400,000 : 0 : 873,221,650 : 4%
2021-10-02 04:42:15 : 8,500,000 : 0 : 882,921,200 : 4%
2021-10-02 05:08:23 : 8,600,000 : 0 : 892,489,675 : 4%
2021-10-02 05:34:53 : 8,700,000 : 0 : 902,058,150 : 4%
2021-10-02 06:03:43 : 8,800,000 : 0 : 911,626,625 : 4%
2021-10-02 06:33:51 : 8,900,000 : 0 : 921,457,250 : 4%
2021-10-02 07:04:01 : 9,000,000 : 0 : 930,894,650 : 4%
2021-10-02 07:34:41 : 9,100,000 : 0 : 940,463,125 : 4%
2021-10-02 08:06:40 : 9,200,000 : 0 : 950,031,600 : 4%
2021-10-02 08:38:56 : 9,300,000 : 0 : 959,600,075 : 4%
2021-10-02 09:12:21 : 9,400,000 : 0 : 969,168,550 : 4%
2021-10-02 09:45:09 : 9,500,000 : 0 : 978,737,025 : 4%
2021-10-02 10:18:16 : 9,600,000 : 0 : 988,305,500 : 4%
2021-10-02 10:50:12 : 9,700,000 : 0 : 997,873,975 : 4%
2021-10-02 11:20:07 : 9,800,000 : 0 : 1,007,573,525 : 4%
2021-10-02 11:48:21 : 9,900,000 : 0 : 1,017,273,075 : 4%
2021-10-02 12:13:58 : 10,000,000 : 0 : 1,026,972,625 : 4%
2021-10-02 12:36:35 : 10,100,000 : 0 : 1,036,672,175 : 4%
2021-10-02 12:58:17 : 10,200,000 : 0 : 1,056,202,350 : 5%
2021-10-02 13:18:53 : 10,300,000 : 0 : 1,065,901,900 : 5%
2021-10-02 13:38:22 : 10,400,000 : 0 : 1,075,732,525 : 5%
2021-10-02 13:57:35 : 10,500,000 : 0 : 1,085,825,300 : 5%
2021-10-02 14:16:36 : 10,600,000 : 0 : 1,095,918,075 : 5%
2021-10-02 14:34:56 : 10,700,000 : 0 : 1,105,879,775 : 5%
2021-10-02 14:52:46 : 10,800,000 : 0 : 1,115,972,550 : 5%
2021-10-02 15:10:38 : 10,900,000 : 0 : 1,126,065,325 : 5%
2021-10-02 15:27:58 : 11,000,000 : 0 : 1,136,027,025 : 5%
2021-10-02 15:44:32 : 11,100,000 : 0 : 1,145,857,650 : 5%
2021-10-02 16:00:43 : 11,200,000 : 0 : 1,155,819,350 : 5%
2021-10-02 16:17:05 : 11,300,000 : 0 : 1,165,649,975 : 5%
2021-10-02 16:33:32 : 11,400,000 : 0 : 1,175,480,600 : 5%
2021-10-02 16:49:23 : 11,500,000 : 0 : 1,185,311,225 : 5%
2021-10-02 17:05:09 : 11,600,000 : 0 : 1,195,010,775 : 5%
2021-10-02 17:20:58 : 11,700,000 : 0 : 1,204,841,400 : 5%
2021-10-02 17:36:59 : 11,800,000 : 0 : 1,214,540,950 : 5%
2021-10-02 17:52:49 : 11,900,000 : 0 : 1,224,371,575 : 5%
2021-10-02 18:09:10 : 12,000,000 : 0 : 1,234,071,125 : 5%
2021-10-02 18:25:23 : 12,100,000 : 0 : 1,243,770,675 : 5%
2021-10-02 18:41:51 : 12,200,000 : 0 : 1,253,470,225 : 5%
2021-10-02 18:58:29 : 12,300,000 : 0 : 1,263,169,775 : 5%
2021-10-02 19:15:16 : 12,400,000 : 0 : 1,272,869,325 : 5%
2021-10-02 19:31:54 : 12,500,000 : 0 : 1,282,568,875 : 5%
2021-10-02 19:48:43 : 12,600,000 : 0 : 1,292,268,425 : 6%
2021-10-02 20:05:29 : 12,700,000 : 0 : 1,301,967,975 : 6%
2021-10-02 20:22:06 : 12,800,000 : 0 : 1,311,405,375 : 6%
2021-10-02 20:38:51 : 12,900,000 : 0 : 1,321,104,925 : 6%
2021-10-02 20:55:36 : 13,000,000 : 0 : 1,330,673,400 : 6%
2021-10-02 21:12:20 : 13,100,000 : 0 : 1,340,241,875 : 6%
2021-10-02 21:29:29 : 13,200,000 : 0 : 1,349,941,425 : 6%
2021-10-02 21:46:35 : 13,300,000 : 0 : 1,359,509,900 : 6%
2021-10-02 22:03:28 : 13,400,000 : 0 : 1,369,078,375 : 6%
2021-10-02 22:20:50 : 13,500,000 : 0 : 1,378,646,850 : 6%
2021-10-02 22:37:57 : 13,600,000 : 0 : 1,397,390,575 : 6%
2021-10-02 22:55:20 : 13,700,000 : 0 : 1,406,827,975 : 6%
2021-10-02 23:12:55 : 13,800,000 : 0 : 1,416,265,375 : 6%
2021-10-02 23:30:22 : 13,900,000 : 0 : 1,425,571,700 : 6%
2021-10-02 23:48:03 : 14,000,000 : 0 : 1,435,009,100 : 6%
2021-10-03 00:05:53 : 14,100,000 : 0 : 1,444,446,500 : 6%
2021-10-03 00:24:00 : 14,200,000 : 0 : 1,453,621,750 : 6%
2021-10-03 00:41:38 : 14,300,000 : 0 : 1,462,928,075 : 6%
2021-10-03 00:59:26 : 14,400,000 : 0 : 1,472,234,400 : 6%
2021-10-03 01:17:46 : 14,500,000 : 0 : 1,481,409,650 : 6%
2021-10-03 01:36:09 : 14,600,000 : 0 : 1,490,715,975 : 6%
2021-10-03 01:55:08 : 14,700,000 : 0 : 1,500,153,375 : 6%
2021-10-03 02:14:35 : 14,800,000 : 0 : 1,509,590,775 : 6%
2021-10-03 02:34:15 : 14,900,000 : 0 : 1,518,897,100 : 6%
2021-10-03 02:53:43 : 15,000,000 : 0 : 1,528,203,425 : 7%
2021-10-03 03:13:29 : 15,100,000 : 0 : 1,537,509,750 : 7%
2021-10-03 03:33:58 : 15,200,000 : 0 : 1,546,947,150 : 7%
2021-10-03 03:55:49 : 15,300,000 : 0 : 1,556,515,625 : 7%
2021-10-03 04:17:53 : 15,400,000 : 0 : 1,565,821,950 : 7%
2021-10-03 04:40:32 : 15,500,000 : 0 : 1,574,997,200 : 7%
2021-10-03 05:04:07 : 15,600,000 : 0 : 1,584,303,525 : 7%
2021-10-03 05:29:02 : 15,700,000 : 0 : 1,593,872,000 : 7%
Decoding error with 134,217,728 bytes, reading another chunk
2021-10-03 05:56:02 : 15,800,000 : 0 : 1,613,008,950 : 7%
2021-10-03 06:24:16 : 15,900,000 : 0 : 1,613,008,950 : 7%
2021-10-03 06:54:01 : 16,000,000 : 0 : 1,622,708,500 : 7%
2021-10-03 07:25:32 : 16,100,000 : 0 : 1,632,539,125 : 7%
2021-10-03 07:57:50 : 16,200,000 : 0 : 1,642,238,675 : 7%
2021-10-03 08:29:08 : 16,300,000 : 0 : 1,651,807,150 : 7%
2021-10-03 09:00:54 : 16,400,000 : 0 : 1,661,244,550 : 7%
2021-10-03 09:32:25 : 16,500,000 : 0 : 1,670,813,025 : 7%
2021-10-03 10:04:10 : 16,600,000 : 0 : 1,680,250,425 : 7%
2021-10-03 10:34:39 : 16,700,000 : 0 : 1,689,425,675 : 7%
2021-10-03 11:03:40 : 16,800,000 : 0 : 1,698,600,925 : 7%
2021-10-03 11:31:29 : 16,900,000 : 0 : 1,707,907,250 : 7%
2021-10-03 11:56:31 : 17,000,000 : 0 : 1,717,213,575 : 7%
2021-10-03 12:20:28 : 17,100,000 : 0 : 1,726,519,900 : 7%
2021-10-03 12:43:29 : 17,200,000 : 0 : 1,736,219,450 : 7%
2021-10-03 13:05:10 : 17,300,000 : 0 : 1,745,787,925 : 7%
2021-10-03 13:25:40 : 17,400,000 : 0 : 1,755,487,475 : 7%
2021-10-03 13:45:15 : 17,500,000 : 0 : 1,765,318,100 : 8%
2021-10-03 14:04:14 : 17,600,000 : 0 : 1,775,148,725 : 8%
2021-10-03 14:22:31 : 17,700,000 : 0 : 1,794,941,050 : 8%
2021-10-03 14:40:05 : 17,800,000 : 0 : 1,804,902,750 : 8%
2021-10-03 14:57:27 : 17,900,000 : 0 : 1,814,995,525 : 8%
2021-10-03 15:14:44 : 18,000,000 : 0 : 1,825,088,300 : 8%
2021-10-03 15:31:48 : 18,100,000 : 0 : 1,835,050,000 : 8%
2021-10-03 15:48:38 : 18,200,000 : 0 : 1,845,011,700 : 8%
2021-10-03 16:05:01 : 18,300,000 : 0 : 1,854,842,325 : 8%
2021-10-03 16:20:46 : 18,400,000 : 0 : 1,864,804,025 : 8%
2021-10-03 16:36:40 : 18,500,000 : 0 : 1,874,765,725 : 8%
2021-10-03 16:52:42 : 18,600,000 : 0 : 1,884,727,425 : 8%
2021-10-03 17:08:12 : 18,700,000 : 0 : 1,894,295,900 : 8%
2021-10-03 17:23:11 : 18,800,000 : 0 : 1,903,864,375 : 8%
2021-10-03 17:37:42 : 18,900,000 : 0 : 1,913,432,850 : 8%
2021-10-03 17:52:21 : 19,000,000 : 0 : 1,923,132,400 : 8%
2021-10-03 18:07:07 : 19,100,000 : 0 : 1,932,569,800 : 8%
2021-10-03 18:21:41 : 19,200,000 : 0 : 1,942,269,350 : 8%
2021-10-03 18:36:51 : 19,300,000 : 0 : 1,951,968,900 : 8%
2021-10-03 18:51:59 : 19,400,000 : 0 : 1,961,668,450 : 8%
2021-10-03 19:06:50 : 19,500,000 : 0 : 1,971,236,925 : 8%
2021-10-03 19:21:33 : 19,600,000 : 0 : 1,980,805,400 : 8%
2021-10-03 19:35:59 : 19,700,000 : 0 : 1,990,111,725 : 8%
2021-10-03 19:50:10 : 19,800,000 : 0 : 1,999,549,125 : 9%
2021-10-03 20:04:39 : 19,900,000 : 0 : 2,008,986,525 : 9%
2021-10-03 20:19:34 : 20,000,000 : 0 : 2,018,555,000 : 9%
2021-10-03 20:34:33 : 20,100,000 : 0 : 2,028,254,550 : 9%
2021-10-03 20:49:40 : 20,200,000 : 0 : 2,037,823,025 : 9%
2021-10-03 21:04:38 : 20,300,000 : 0 : 2,047,522,575 : 9%
2021-10-03 21:20:16 : 20,400,000 : 0 : 2,057,091,050 : 9%
2021-10-03 21:36:02 : 20,500,000 : 0 : 2,066,790,600 : 9%
2021-10-03 21:51:41 : 20,600,000 : 0 : 2,076,359,075 : 9%
2021-10-03 22:07:44 : 20,700,000 : 0 : 2,086,058,625 : 9%
2021-10-03 22:23:36 : 20,800,000 : 0 : 2,105,064,500 : 9%
2021-10-03 22:39:49 : 20,900,000 : 0 : 2,114,632,975 : 9%
Decoding error with 134,217,728 bytes, reading another chunk
2021-10-03 22:56:19 : 21,000,000 : 0 : 2,134,032,075 : 9%
2021-10-03 23:13:17 : 21,100,000 : 0 : 2,134,032,075 : 9%
2021-10-03 23:30:45 : 21,200,000 : 0 : 2,143,862,700 : 9%
2021-10-03 23:49:01 : 21,300,000 : 0 : 2,153,824,400 : 9%
2021-10-04 00:07:25 : 21,400,000 : 0 : 2,163,655,025 : 9%
2021-10-04 00:25:45 : 21,500,000 : 0 : 2,173,354,575 : 9%
2021-10-04 00:43:59 : 21,600,000 : 0 : 2,183,054,125 : 9%
2021-10-04 01:02:05 : 21,700,000 : 0 : 2,192,753,675 : 9%
2021-10-04 01:20:15 : 21,800,000 : 0 : 2,202,453,225 : 9%
2021-10-04 01:38:16 : 21,900,000 : 0 : 2,212,152,775 : 9%
2021-10-04 01:56:31 : 22,000,000 : 0 : 2,221,852,325 : 9%
2021-10-04 02:15:03 : 22,100,000 : 0 : 2,231,551,875 : 10%
2021-10-04 02:33:29 : 22,200,000 : 0 : 2,241,120,350 : 10%
2021-10-04 02:52:02 : 22,300,000 : 0 : 2,250,688,825 : 10%
2021-10-04 03:11:03 : 22,400,000 : 0 : 2,260,388,375 : 10%
2021-10-04 03:30:12 : 22,500,000 : 0 : 2,269,694,700 : 10%
2021-10-04 03:49:48 : 22,600,000 : 0 : 2,279,263,175 : 10%
2021-10-04 04:11:40 : 22,700,000 : 0 : 2,289,224,875 : 10%
2021-10-04 04:35:19 : 22,800,000 : 0 : 2,299,055,500 : 10%
2021-10-04 05:00:09 : 22,900,000 : 0 : 2,309,017,200 : 10%
2021-10-04 05:26:06 : 23,000,000 : 0 : 2,318,847,825 : 10%
2021-10-04 05:53:06 : 23,100,000 : 0 : 2,328,547,375 : 10%
2021-10-04 06:22:04 : 23,200,000 : 0 : 2,338,509,075 : 10%
2021-10-04 06:52:52 : 23,300,000 : 0 : 2,348,601,850 : 10%
2021-10-04 07:25:30 : 23,400,000 : 0 : 2,358,563,550 : 10%
Decoding error with 134,217,728 bytes, reading another chunk
2021-10-04 07:59:58 : 23,500,000 : 0 : 2,378,749,100 : 10%
2021-10-04 08:34:47 : 23,600,000 : 0 : 2,378,749,100 : 10%
2021-10-04 09:11:03 : 23,700,000 : 0 : 2,388,841,875 : 10%
2021-10-04 09:47:01 : 23,800,000 : 0 : 2,399,065,725 : 10%
2021-10-04 10:20:33 : 23,900,000 : 0 : 2,409,027,425 : 10%
2021-10-04 10:50:15 : 24,000,000 : 0 : 2,418,858,050 : 10%
2021-10-04 11:18:13 : 24,100,000 : 0 : 2,428,819,750 : 10%
2021-10-04 11:43:29 : 24,200,000 : 0 : 2,438,781,450 : 10%
2021-10-04 12:07:27 : 24,300,000 : 0 : 2,459,098,075 : 11%
2021-10-04 12:30:28 : 24,400,000 : 0 : 2,469,321,925 : 11%
2021-10-04 12:52:24 : 24,500,000 : 0 : 2,479,545,775 : 11%
2021-10-04 13:12:49 : 24,600,000 : 0 : 2,489,900,700 : 11%
2021-10-04 13:32:16 : 24,700,000 : 0 : 2,500,255,625 : 11%
2021-10-04 13:50:45 : 24,800,000 : 0 : 2,510,610,550 : 11%
2021-10-04 14:08:38 : 24,900,000 : 0 : 2,520,834,400 : 11%
2021-10-04 14:25:21 : 25,000,000 : 0 : 2,531,058,250 : 11%
2021-10-04 14:41:53 : 25,100,000 : 0 : 2,541,544,250 : 11%
2021-10-04 14:58:19 : 25,200,000 : 0 : 2,551,899,175 : 11%
2021-10-04 15:14:36 : 25,300,000 : 0 : 2,562,385,175 : 11%
2021-10-04 15:30:47 : 25,400,000 : 0 : 2,572,740,100 : 11%
2021-10-04 15:46:34 : 25,500,000 : 0 : 2,583,226,100 : 11%
2021-10-04 16:01:33 : 25,600,000 : 0 : 2,593,581,025 : 11%
2021-10-04 16:16:03 : 25,700,000 : 0 : 2,603,935,950 : 11%
2021-10-04 16:30:15 : 25,800,000 : 0 : 2,614,290,875 : 11%
2021-10-04 16:44:30 : 25,900,000 : 0 : 2,624,645,800 : 11%
2021-10-04 16:58:27 : 26,000,000 : 0 : 2,635,000,725 : 11%
2021-10-04 17:12:22 : 26,100,000 : 0 : 2,645,355,650 : 11%
2021-10-04 17:26:19 : 26,200,000 : 0 : 2,655,579,500 : 11%
2021-10-04 17:40:00 : 26,300,000 : 0 : 2,665,934,425 : 11%
2021-10-04 17:53:30 : 26,400,000 : 0 : 2,676,158,275 : 11%
2021-10-04 18:07:03 : 26,500,000 : 0 : 2,686,382,125 : 11%
2021-10-04 18:20:47 : 26,600,000 : 0 : 2,696,737,050 : 12%
2021-10-04 18:34:24 : 26,700,000 : 0 : 2,707,091,975 : 12%
2021-10-04 18:48:04 : 26,800,000 : 0 : 2,717,315,825 : 12%
2021-10-04 19:01:31 : 26,900,000 : 0 : 2,727,670,750 : 12%
2021-10-04 19:15:09 : 27,000,000 : 0 : 2,738,025,675 : 12%
2021-10-04 19:28:36 : 27,100,000 : 0 : 2,758,604,450 : 12%
2021-10-04 19:42:00 : 27,200,000 : 0 : 2,768,828,300 : 12%
2021-10-04 19:55:12 : 27,300,000 : 0 : 2,779,052,150 : 12%
2021-10-04 20:08:34 : 27,400,000 : 0 : 2,789,276,000 : 12%
2021-10-04 20:22:00 : 27,500,000 : 0 : 2,799,499,850 : 12%
2021-10-04 20:35:24 : 27,600,000 : 0 : 2,809,854,775 : 12%
2021-10-04 20:48:57 : 27,700,000 : 0 : 2,820,078,625 : 12%
2021-10-04 21:02:29 : 27,800,000 : 0 : 2,830,302,475 : 12%
2021-10-04 21:16:28 : 27,900,000 : 0 : 2,840,526,325 : 12%
2021-10-04 21:30:25 : 28,000,000 : 0 : 2,850,619,100 : 12%
2021-10-04 21:44:23 : 28,100,000 : 0 : 2,860,842,950 : 12%
2021-10-04 21:59:23 : 28,200,000 : 0 : 2,871,066,800 : 12%
2021-10-04 22:15:41 : 28,300,000 : 0 : 2,881,290,650 : 12%
2021-10-04 22:32:13 : 28,400,000 : 0 : 2,891,383,425 : 12%
2021-10-04 22:49:23 : 28,500,000 : 0 : 2,901,476,200 : 12%
2021-10-04 23:07:24 : 28,600,000 : 0 : 2,911,437,900 : 12%
2021-10-04 23:26:21 : 28,700,000 : 0 : 2,921,530,675 : 12%
2021-10-04 23:45:30 : 28,800,000 : 0 : 2,931,623,450 : 13%
2021-10-05 00:04:38 : 28,900,000 : 0 : 2,941,716,225 : 13%
2021-10-05 00:23:09 : 29,000,000 : 0 : 2,951,546,850 : 13%
2021-10-05 00:41:47 : 29,100,000 : 0 : 2,961,377,475 : 13%
2021-10-05 01:00:34 : 29,200,000 : 0 : 2,971,208,100 : 13%
2021-10-05 01:19:07 : 29,300,000 : 0 : 2,981,038,725 : 13%
2021-10-05 01:37:29 : 29,400,000 : 0 : 2,990,738,275 : 13%
2021-10-05 01:55:45 : 29,500,000 : 0 : 3,000,437,825 : 13%
2021-10-05 02:14:11 : 29,600,000 : 0 : 3,010,268,450 : 13%
2021-10-05 02:32:34 : 29,700,000 : 0 : 3,020,099,075 : 13%
2021-10-05 02:51:32 : 29,800,000 : 0 : 3,029,798,625 : 13%
2021-10-05 03:11:05 : 29,900,000 : 0 : 3,039,629,250 : 13%
2021-10-05 03:31:00 : 30,000,000 : 0 : 3,049,328,800 : 13%
2021-10-05 03:51:17 : 30,100,000 : 0 : 3,059,028,350 : 13%
2021-10-05 04:13:28 : 30,200,000 : 0 : 3,068,858,975 : 13%
2021-10-05 04:37:08 : 30,300,000 : 0 : 3,078,820,675 : 13%
2021-10-05 05:02:45 : 30,400,000 : 0 : 3,098,744,075 : 13%
2021-10-05 05:28:59 : 30,500,000 : 0 : 3,108,574,700 : 13%
2021-10-05 05:56:20 : 30,600,000 : 0 : 3,118,667,475 : 13%
2021-10-05 06:26:45 : 30,700,000 : 0 : 3,128,629,175 : 13%
2021-10-05 06:57:46 : 30,800,000 : 0 : 3,138,721,950 : 13%
2021-10-05 07:30:48 : 30,900,000 : 0 : 3,148,945,800 : 13%
2021-10-05 08:07:21 : 31,000,000 : 0 : 3,159,038,575 : 13%
2021-10-05 08:43:49 : 31,100,000 : 0 : 3,169,262,425 : 14%
2021-10-05 09:20:22 : 31,200,000 : 0 : 3,179,355,200 : 14%
2021-10-05 09:55:21 : 31,300,000 : 0 : 3,189,579,050 : 14%
2021-10-05 10:28:07 : 31,400,000 : 0 : 3,199,671,825 : 14%
2021-10-05 10:57:46 : 31,500,000 : 0 : 3,209,764,600 : 14%
2021-10-05 11:24:55 : 31,600,000 : 0 : 3,219,857,375 : 14%
2021-10-05 11:49:58 : 31,700,000 : 0 : 3,229,950,150 : 14%
2021-10-05 12:12:56 : 31,800,000 : 0 : 3,240,174,000 : 14%
2021-10-05 12:34:26 : 31,900,000 : 0 : 3,250,397,850 : 14%
2021-10-05 12:54:04 : 32,000,000 : 0 : 3,260,490,625 : 14%
2021-10-05 13:12:41 : 32,100,000 : 0 : 3,270,714,475 : 14%
2021-10-05 13:30:39 : 32,200,000 : 0 : 3,280,938,325 : 14%
2021-10-05 13:48:15 : 32,300,000 : 0 : 3,291,162,175 : 14%
2021-10-05 14:05:11 : 32,400,000 : 0 : 3,301,517,100 : 14%
2021-10-05 14:21:53 : 32,500,000 : 0 : 3,311,872,025 : 14%
2021-10-05 14:38:09 : 32,600,000 : 0 : 3,322,226,950 : 14%
2021-10-05 14:54:41 : 32,700,000 : 0 : 3,332,712,950 : 14%
2021-10-05 15:10:54 : 32,800,000 : 0 : 3,342,936,800 : 14%
2021-10-05 15:25:54 : 32,900,000 : 0 : 3,353,160,650 : 14%
2021-10-05 15:41:13 : 33,000,000 : 0 : 3,363,646,650 : 14%
2021-10-05 15:56:14 : 33,100,000 : 0 : 3,373,870,500 : 14%
2021-10-05 16:11:18 : 33,200,000 : 0 : 3,384,225,425 : 14%
2021-10-05 16:26:07 : 33,300,000 : 0 : 3,394,580,350 : 14%
2021-10-05 16:40:53 : 33,400,000 : 0 : 3,415,290,200 : 15%
2021-10-05 16:55:39 : 33,500,000 : 0 : 3,425,514,050 : 15%
2021-10-05 17:10:34 : 33,600,000 : 0 : 3,435,868,975 : 15%
2021-10-05 17:25:47 : 33,700,000 : 0 : 3,446,092,825 : 15%
2021-10-05 17:41:22 : 33,800,000 : 0 : 3,456,447,750 : 15%
2021-10-05 17:57:01 : 33,900,000 : 0 : 3,466,671,600 : 15%
2021-10-05 18:12:36 : 34,000,000 : 0 : 3,476,764,375 : 15%
2021-10-05 18:26:41 : 34,100,000 : 0 : 3,486,988,225 : 15%
2021-10-05 18:42:00 : 34,200,000 : 0 : 3,497,212,075 : 15%
2021-10-05 18:58:48 : 34,300,000 : 0 : 3,507,173,775 : 15%
2021-10-05 19:14:26 : 34,400,000 : 0 : 3,517,397,625 : 15%
2021-10-05 19:29:30 : 34,500,000 : 0 : 3,527,621,475 : 15%
2021-10-05 19:44:53 : 34,600,000 : 0 : 3,537,845,325 : 15%
2021-10-05 20:00:19 : 34,700,000 : 0 : 3,548,200,250 : 15%
2021-10-05 20:15:43 : 34,800,000 : 0 : 3,558,424,100 : 15%
2021-10-05 20:30:59 : 34,900,000 : 0 : 3,568,779,025 : 15%
2021-10-05 20:46:34 : 35,000,000 : 0 : 3,579,133,950 : 15%
2021-10-05 21:02:17 : 35,100,000 : 0 : 3,589,488,875 : 15%
2021-10-05 21:18:21 : 35,200,000 : 0 : 3,599,712,725 : 15%
2021-10-05 21:34:31 : 35,300,000 : 0 : 3,610,067,650 : 15%
2021-10-05 21:50:51 : 35,400,000 : 0 : 3,620,422,575 : 15%
2021-10-05 22:07:32 : 35,500,000 : 0 : 3,630,777,500 : 16%
2021-10-05 22:24:26 : 35,600,000 : 0 : 3,641,001,350 : 16%
2021-10-05 22:41:42 : 35,700,000 : 0 : 3,651,225,200 : 16%
2021-10-05 22:58:47 : 35,800,000 : 0 : 3,661,317,975 : 16%
2021-10-05 23:16:21 : 35,900,000 : 0 : 3,671,410,750 : 16%
2021-10-05 23:34:29 : 36,000,000 : 0 : 3,681,503,525 : 16%
2021-10-05 23:52:24 : 36,100,000 : 0 : 3,691,727,375 : 16%
2021-10-06 00:10:15 : 36,200,000 : 0 : 3,701,689,075 : 16%
2021-10-06 00:27:50 : 36,300,000 : 0 : 3,721,481,400 : 16%
2021-10-06 00:45:09 : 36,400,000 : 0 : 3,731,312,025 : 16%
2021-10-06 01:02:23 : 36,500,000 : 0 : 3,741,142,650 : 16%
2021-10-06 01:22:04 : 36,600,000 : 0 : 3,750,973,275 : 16%
2021-10-06 01:43:38 : 36,700,000 : 0 : 3,760,803,900 : 16%
2021-10-06 02:01:39 : 36,800,000 : 0 : 3,770,503,450 : 16%
2021-10-06 02:19:12 : 36,900,000 : 0 : 3,780,203,000 : 16%
2021-10-06 02:36:58 : 37,000,000 : 0 : 3,790,033,625 : 16%
2021-10-06 02:55:27 : 37,100,000 : 0 : 3,799,864,250 : 16%
2021-10-06 03:14:12 : 37,200,000 : 0 : 3,809,563,800 : 16%
2021-10-06 03:33:30 : 37,300,000 : 0 : 3,819,525,500 : 16%
2021-10-06 03:54:00 : 37,400,000 : 0 : 3,829,487,200 : 16%
2021-10-06 04:15:56 : 37,500,000 : 0 : 3,839,448,900 : 16%
2021-10-06 04:38:41 : 37,600,000 : 0 : 3,849,410,600 : 16%
2021-10-06 05:02:59 : 37,700,000 : 0 : 3,859,372,300 : 16%
2021-10-06 05:27:32 : 37,800,000 : 0 : 3,869,071,850 : 17%
2021-10-06 05:54:06 : 37,900,000 : 0 : 3,879,033,550 : 17%
2021-10-06 06:23:00 : 38,000,000 : 0 : 3,889,126,325 : 17%
2021-10-06 06:53:15 : 38,100,000 : 0 : 3,899,219,100 : 17%
2021-10-06 07:24:59 : 38,200,000 : 0 : 3,909,311,875 : 17%
2021-10-06 07:58:44 : 38,300,000 : 0 : 3,919,404,650 : 17%
2021-10-06 08:34:15 : 38,400,000 : 0 : 3,929,628,500 : 17%
2021-10-06 09:10:45 : 38,500,000 : 0 : 3,939,721,275 : 17%
2021-10-06 09:45:51 : 38,600,000 : 0 : 3,949,945,125 : 17%
2021-10-06 10:19:09 : 38,700,000 : 0 : 3,960,037,900 : 17%
2021-10-06 10:49:05 : 38,800,000 : 0 : 3,970,130,675 : 17%
2021-10-06 11:15:35 : 38,900,000 : 0 : 3,979,961,300 : 17%
2021-10-06 11:39:44 : 39,000,000 : 0 : 3,990,054,075 : 17%
2021-10-06 12:02:51 : 39,100,000 : 0 : 4,000,277,925 : 17%
2021-10-06 12:24:20 : 39,200,000 : 0 : 4,010,501,775 : 17%
2021-10-06 12:45:48 : 39,300,000 : 0 : 4,020,594,550 : 17%
2021-10-06 13:05:17 : 39,400,000 : 0 : 4,030,818,400 : 17%
2021-10-06 13:23:56 : 39,500,000 : 0 : 4,041,173,325 : 17%
2021-10-06 13:41:49 : 39,600,000 : 0 : 4,061,883,175 : 17%
2021-10-06 13:59:03 : 39,700,000 : 0 : 4,072,238,100 : 17%
2021-10-06 14:15:37 : 39,800,000 : 0 : 4,082,593,025 : 17%
2021-10-06 14:31:42 : 39,900,000 : 0 : 4,092,947,950 : 17%
2021-10-06 14:47:25 : 40,000,000 : 0 : 4,103,302,875 : 18%
2021-10-06 15:02:46 : 40,100,000 : 0 : 4,113,657,800 : 18%
2021-10-06 15:18:23 : 40,200,000 : 0 : 4,124,012,725 : 18%
2021-10-06 15:33:50 : 40,300,000 : 0 : 4,134,367,650 : 18%
2021-10-06 15:48:57 : 40,400,000 : 0 : 4,144,722,575 : 18%
2021-10-06 16:03:35 : 40,500,000 : 0 : 4,154,946,425 : 18%
2021-10-06 16:18:31 : 40,600,000 : 0 : 4,165,432,425 : 18%
2021-10-06 16:33:44 : 40,700,000 : 0 : 4,175,918,425 : 18%
2021-10-06 16:48:42 : 40,800,000 : 0 : 4,186,273,350 : 18%
2021-10-06 17:03:32 : 40,900,000 : 0 : 4,196,628,275 : 18%
2021-10-06 17:18:38 : 41,000,000 : 0 : 4,206,983,200 : 18%
2021-10-06 17:33:35 : 41,100,000 : 0 : 4,217,338,125 : 18%
2021-10-06 17:48:36 : 41,200,000 : 0 : 4,227,693,050 : 18%
2021-10-06 18:04:12 : 41,300,000 : 0 : 4,238,179,050 : 18%
2021-10-06 18:20:47 : 41,400,000 : 0 : 4,248,533,975 : 18%
2021-10-06 18:37:27 : 41,500,000 : 0 : 4,258,757,825 : 18%
2021-10-06 18:52:42 : 41,600,000 : 0 : 4,268,981,675 : 18%
2021-10-06 19:07:46 : 41,700,000 : 0 : 4,279,205,525 : 18%
2021-10-06 19:23:01 : 41,800,000 : 0 : 4,289,560,450 : 18%
2021-10-06 19:38:16 : 41,900,000 : 0 : 4,299,784,300 : 18%
2021-10-06 19:53:33 : 42,000,000 : 0 : 4,310,139,225 : 18%
2021-10-06 20:08:56 : 42,100,000 : 0 : 4,320,363,075 : 18%
2021-10-06 20:24:19 : 42,200,000 : 0 : 4,330,718,000 : 18%
2021-10-06 20:39:55 : 42,300,000 : 0 : 4,351,296,775 : 19%
2021-10-06 20:55:32 : 42,400,000 : 0 : 4,361,651,700 : 19%
2021-10-06 21:11:25 : 42,500,000 : 0 : 4,371,875,550 : 19%
2021-10-06 21:27:36 : 42,600,000 : 0 : 4,382,099,400 : 19%
2021-10-06 21:44:00 : 42,700,000 : 0 : 4,392,323,250 : 19%
2021-10-06 22:00:38 : 42,800,000 : 0 : 4,402,547,100 : 19%
2021-10-06 22:17:18 : 42,900,000 : 0 : 4,412,639,875 : 19%
2021-10-06 22:33:55 : 43,000,000 : 0 : 4,422,601,575 : 19%
2021-10-06 22:51:30 : 43,100,000 : 0 : 4,432,694,350 : 19%
2021-10-06 23:09:40 : 43,200,000 : 0 : 4,442,787,125 : 19%
2021-10-06 23:27:50 : 43,300,000 : 0 : 4,452,879,900 : 19%
2021-10-06 23:46:06 : 43,400,000 : 0 : 4,462,972,675 : 19%
2021-10-07 00:04:09 : 43,500,000 : 0 : 4,472,803,300 : 19%
2021-10-07 00:21:36 : 43,600,000 : 0 : 4,482,633,925 : 19%
2021-10-07 00:38:34 : 43,700,000 : 0 : 4,492,333,475 : 19%
2021-10-07 00:55:48 : 43,800,000 : 0 : 4,502,033,025 : 19%
2021-10-07 01:12:55 : 43,900,000 : 0 : 4,511,732,575 : 19%
2021-10-07 01:30:06 : 44,000,000 : 0 : 4,521,301,050 : 19%
2021-10-07 01:46:25 : 44,100,000 : 0 : 4,529,034,475 : 19%
2021-10-07 02:03:46 : 44,200,000 : 0 : 4,536,898,975 : 19%
2021-10-07 02:22:21 : 44,300,000 : 0 : 4,544,632,400 : 19%
2021-10-07 02:42:20 : 44,400,000 : 0 : 4,552,627,975 : 19%
2021-10-07 03:03:41 : 44,500,000 : 0 : 4,561,410,000 : 19%
2021-10-07 03:24:40 : 44,600,000 : 0 : 4,571,109,550 : 20%
2021-10-07 03:45:30 : 44,700,000 : 0 : 4,580,940,175 : 20%
2021-10-07 04:06:30 : 44,800,000 : 0 : 4,590,639,725 : 20%
2021-10-07 04:27:45 : 44,900,000 : 0 : 4,600,208,200 : 20%
2021-10-07 04:48:05 : 45,000,000 : 0 : 4,608,203,775 : 20%
2021-10-07 05:13:37 : 45,100,000 : 0 : 4,617,903,325 : 20%
2021-10-07 05:39:56 : 45,200,000 : 0 : 4,627,865,025 : 20%
2021-10-07 06:08:16 : 45,300,000 : 0 : 4,637,957,800 : 20%
2021-10-07 06:38:05 : 45,400,000 : 0 : 4,648,181,650 : 20%
2021-10-07 07:09:52 : 45,500,000 : 0 : 4,658,274,425 : 20%
2021-10-07 07:43:12 : 45,600,000 : 0 : 4,668,498,275 : 20%
2021-10-07 08:18:23 : 45,700,000 : 0 : 4,678,722,125 : 20%
2021-10-07 08:54:25 : 45,800,000 : 0 : 4,688,814,900 : 20%
2021-10-07 09:29:41 : 45,900,000 : 0 : 4,699,038,750 : 20%
2021-10-07 10:03:48 : 46,000,000 : 0 : 4,709,131,525 : 20%
2021-10-07 10:35:22 : 46,100,000 : 0 : 4,719,224,300 : 20%
2021-10-07 11:03:49 : 46,200,000 : 0 : 4,739,540,925 : 20%
2021-10-07 11:29:38 : 46,300,000 : 0 : 4,749,633,700 : 20%
2021-10-07 11:53:25 : 46,400,000 : 0 : 4,759,726,475 : 20%
2021-10-07 12:15:11 : 46,500,000 : 0 : 4,769,950,325 : 20%
2021-10-07 12:35:50 : 46,600,000 : 0 : 4,780,174,175 : 20%
2021-10-07 12:55:24 : 46,700,000 : 0 : 4,790,529,100 : 20%
2021-10-07 13:14:20 : 46,800,000 : 0 : 4,800,752,950 : 21%
2021-10-07 13:32:25 : 46,900,000 : 0 : 4,811,238,950 : 21%
2021-10-07 13:50:08 : 47,000,000 : 0 : 4,821,593,875 : 21%
2021-10-07 14:07:13 : 47,100,000 : 0 : 4,832,079,875 : 21%
2021-10-07 14:23:51 : 47,200,000 : 0 : 4,842,565,875 : 21%
2021-10-07 14:40:04 : 47,300,000 : 0 : 4,852,920,800 : 21%
2021-10-07 14:55:58 : 47,400,000 : 0 : 4,863,406,800 : 21%
2021-10-07 15:11:46 : 47,500,000 : 0 : 4,873,892,800 : 21%
2021-10-07 15:27:21 : 47,600,000 : 0 : 4,884,247,725 : 21%
2021-10-07 15:42:56 : 47,700,000 : 0 : 4,894,733,725 : 21%
2021-10-07 15:58:07 : 47,800,000 : 0 : 4,905,219,725 : 21%
2021-10-07 16:13:16 : 47,900,000 : 0 : 4,915,574,650 : 21%
2021-10-07 16:28:22 : 48,000,000 : 0 : 4,925,929,575 : 21%
2021-10-07 16:43:35 : 48,100,000 : 0 : 4,936,284,500 : 21%
2021-10-07 16:58:31 : 48,200,000 : 0 : 4,946,639,425 : 21%
2021-10-07 17:13:56 : 48,300,000 : 0 : 4,956,994,350 : 21%
2021-10-07 17:29:14 : 48,400,000 : 0 : 4,967,349,275 : 21%
2021-10-07 17:44:38 : 48,500,000 : 0 : 4,977,704,200 : 21%
2021-10-07 17:59:55 : 48,600,000 : 0 : 4,988,190,200 : 21%
2021-10-07 18:15:28 : 48,700,000 : 0 : 4,998,545,125 : 21%
2021-10-07 18:30:51 : 48,800,000 : 0 : 5,008,900,050 : 21%
2021-10-07 18:46:20 : 48,900,000 : 0 : 5,029,609,900 : 21%
2021-10-07 19:01:40 : 49,000,000 : 0 : 5,039,833,750 : 22%
2021-10-07 19:17:10 : 49,100,000 : 0 : 5,050,057,600 : 22%
2021-10-07 19:32:30 : 49,200,000 : 0 : 5,060,281,450 : 22%
2021-10-07 19:47:57 : 49,300,000 : 0 : 5,070,505,300 : 22%
2021-10-07 20:03:26 : 49,400,000 : 0 : 5,080,729,150 : 22%
2021-10-07 20:18:56 : 49,500,000 : 0 : 5,090,953,000 : 22%
2021-10-07 20:34:32 : 49,600,000 : 0 : 5,101,176,850 : 22%
2021-10-07 20:50:04 : 49,700,000 : 0 : 5,111,400,700 : 22%
2021-10-07 21:05:48 : 49,800,000 : 0 : 5,121,493,475 : 22%
2021-10-07 21:22:00 : 49,900,000 : 0 : 5,131,717,325 : 22%
2021-10-07 21:38:11 : 50,000,000 : 0 : 5,141,810,100 : 22%
2021-10-07 21:54:41 : 50,100,000 : 0 : 5,152,033,950 : 22%
2021-10-07 22:11:25 : 50,200,000 : 0 : 5,162,126,725 : 22%
2021-10-07 22:28:36 : 50,300,000 : 0 : 5,172,350,575 : 22%
2021-10-07 22:46:03 : 50,400,000 : 0 : 5,182,443,350 : 22%
2021-10-07 23:03:41 : 50,500,000 : 0 : 5,192,536,125 : 22%
2021-10-07 23:21:38 : 50,600,000 : 0 : 5,202,628,900 : 22%
2021-10-07 23:39:48 : 50,700,000 : 0 : 5,212,590,600 : 22%
2021-10-07 23:57:58 : 50,800,000 : 0 : 5,222,552,300 : 22%
2021-10-08 00:16:26 : 50,900,000 : 0 : 5,232,382,925 : 22%
2021-10-08 00:34:33 : 51,000,000 : 0 : 5,242,213,550 : 22%
2021-10-08 00:52:19 : 51,100,000 : 0 : 5,251,913,100 : 22%
2021-10-08 01:09:52 : 51,200,000 : 0 : 5,261,612,650 : 22%
2021-10-08 01:27:39 : 51,300,000 : 0 : 5,271,312,200 : 23%
2021-10-08 01:45:28 : 51,400,000 : 0 : 5,281,011,750 : 23%
2021-10-08 02:03:46 : 51,500,000 : 0 : 5,290,711,300 : 23%
2021-10-08 02:21:36 : 51,600,000 : 0 : 5,300,410,850 : 23%
2021-10-08 02:39:27 : 51,700,000 : 0 : 5,309,979,325 : 23%
2021-10-08 02:57:12 : 51,800,000 : 0 : 5,319,416,725 : 23%
2021-10-08 03:16:22 : 51,900,000 : 0 : 5,329,116,275 : 23%
2021-10-08 03:36:09 : 52,000,000 : 0 : 5,338,815,825 : 23%
2021-10-08 03:57:28 : 52,100,000 : 0 : 5,358,608,150 : 23%
2021-10-08 04:19:57 : 52,200,000 : 0 : 5,368,438,775 : 23%
2021-10-08 04:43:16 : 52,300,000 : 0 : 5,378,269,400 : 23%
2021-10-08 05:07:47 : 52,400,000 : 0 : 5,388,231,100 : 23%
2021-10-08 05:33:58 : 52,500,000 : 0 : 5,398,061,725 : 23%
2021-10-08 06:01:45 : 52,600,000 : 0 : 5,408,154,500 : 23%
2021-10-08 06:30:24 : 52,700,000 : 0 : 5,418,116,200 : 23%
2021-10-08 06:59:46 : 52,800,000 : 0 : 5,428,077,900 : 23%
2021-10-08 07:30:57 : 52,900,000 : 0 : 5,438,170,675 : 23%
2021-10-08 08:04:20 : 53,000,000 : 0 : 5,448,263,450 : 23%
2021-10-08 08:38:30 : 53,100,000 : 0 : 5,458,225,150 : 23%
2021-10-08 09:12:04 : 53,200,000 : 0 : 5,468,317,925 : 23%
2021-10-08 09:45:36 : 53,300,000 : 0 : 5,478,410,700 : 23%
2021-10-08 10:17:44 : 53,400,000 : 0 : 5,488,634,550 : 23%
2021-10-08 10:47:53 : 53,500,000 : 0 : 5,498,596,250 : 23%
2021-10-08 11:15:48 : 53,600,000 : 0 : 5,508,689,025 : 24%
2021-10-08 11:41:08 : 53,700,000 : 0 : 5,518,781,800 : 24%
2021-10-08 12:04:39 : 53,800,000 : 0 : 5,529,005,650 : 24%
2021-10-08 12:26:22 : 53,900,000 : 0 : 5,539,360,575 : 24%
2021-10-08 12:46:41 : 54,000,000 : 0 : 5,549,453,350 : 24%
2021-10-08 13:05:50 : 54,100,000 : 0 : 5,559,677,200 : 24%
2021-10-08 13:24:26 : 54,200,000 : 0 : 5,570,032,125 : 24%
2021-10-08 13:42:25 : 54,300,000 : 0 : 5,580,387,050 : 24%
2021-10-08 13:59:37 : 54,400,000 : 0 : 5,590,741,975 : 24%
2021-10-08 14:16:28 : 54,500,000 : 0 : 5,601,096,900 : 24%
2021-10-08 14:32:42 : 54,600,000 : 0 : 5,611,582,900 : 24%
2021-10-08 14:48:41 : 54,700,000 : 0 : 5,621,937,825 : 24%
2021-10-08 15:04:17 : 54,800,000 : 0 : 5,632,292,750 : 24%
2021-10-08 15:19:54 : 54,900,000 : 0 : 5,642,647,675 : 24%
2021-10-08 15:35:19 : 55,000,000 : 0 : 5,653,002,600 : 24%
2021-10-08 15:50:38 : 55,100,000 : 0 : 5,663,357,525 : 24%
2021-10-08 16:05:50 : 55,200,000 : 0 : 5,684,067,375 : 24%
2021-10-08 16:21:08 : 55,300,000 : 0 : 5,694,422,300 : 24%
2021-10-08 16:36:15 : 55,400,000 : 0 : 5,704,646,150 : 24%
2021-10-08 16:51:22 : 55,500,000 : 0 : 5,715,001,075 : 24%
2021-10-08 17:06:37 : 55,600,000 : 0 : 5,725,224,925 : 24%
2021-10-08 17:21:45 : 55,700,000 : 0 : 5,735,579,850 : 24%
2021-10-08 17:36:55 : 55,800,000 : 0 : 5,745,803,700 : 25%
2021-10-08 17:52:02 : 55,900,000 : 0 : 5,756,027,550 : 25%
2021-10-08 18:07:36 : 56,000,000 : 0 : 5,766,251,400 : 25%
2021-10-08 18:23:22 : 56,100,000 : 0 : 5,776,475,250 : 25%
2021-10-08 18:39:07 : 56,200,000 : 0 : 5,786,699,100 : 25%
2021-10-08 18:54:19 : 56,300,000 : 0 : 5,796,660,800 : 25%
2021-10-08 19:09:18 : 56,400,000 : 0 : 5,806,622,500 : 25%
2021-10-08 19:24:06 : 56,500,000 : 0 : 5,816,453,125 : 25%
2021-10-08 19:39:08 : 56,600,000 : 0 : 5,826,545,900 : 25%
2021-10-08 19:54:25 : 56,700,000 : 0 : 5,836,638,675 : 25%
2021-10-08 20:09:52 : 56,800,000 : 0 : 5,846,600,375 : 25%
2021-10-08 20:25:44 : 56,900,000 : 0 : 5,856,693,150 : 25%
2021-10-08 20:41:41 : 57,000,000 : 0 : 5,866,785,925 : 25%
2021-10-08 20:57:37 : 57,100,000 : 0 : 5,876,878,700 : 25%
2021-10-08 21:14:21 : 57,200,000 : 0 : 5,886,971,475 : 25%
2021-10-08 21:31:06 : 57,300,000 : 0 : 5,897,064,250 : 25%
2021-10-08 21:48:08 : 57,400,000 : 0 : 5,907,157,025 : 25%
2021-10-08 22:05:22 : 57,500,000 : 0 : 5,917,249,800 : 25%
2021-10-08 22:22:56 : 57,600,000 : 0 : 5,927,342,575 : 25%
2021-10-08 22:40:54 : 57,700,000 : 0 : 5,937,304,275 : 25%
2021-10-08 22:59:17 : 57,800,000 : 0 : 5,947,397,050 : 25%
2021-10-08 23:18:12 : 57,900,000 : 0 : 5,957,358,750 : 25%
2021-10-08 23:37:08 : 58,000,000 : 0 : 5,967,320,450 : 25%
2021-10-08 23:56:15 : 58,100,000 : 0 : 5,977,282,150 : 26%
2021-10-09 00:16:03 : 58,200,000 : 0 : 5,987,243,850 : 26%
2021-10-09 00:36:06 : 58,300,000 : 0 : 6,006,642,950 : 26%
2021-10-09 00:55:11 : 58,400,000 : 0 : 6,016,080,350 : 26%
2021-10-09 01:14:30 : 58,500,000 : 0 : 6,025,779,900 : 26%
2021-10-09 01:34:09 : 58,600,000 : 0 : 6,035,479,450 : 26%
2021-10-09 01:54:19 : 58,700,000 : 0 : 6,045,047,925 : 26%
2021-10-09 02:14:14 : 58,800,000 : 0 : 6,054,616,400 : 26%
2021-10-09 02:34:19 : 58,900,000 : 0 : 6,064,053,800 : 26%
2021-10-09 02:54:23 : 59,000,000 : 0 : 6,073,622,275 : 26%
2021-10-09 03:15:29 : 59,100,000 : 0 : 6,083,059,675 : 26%
2021-10-09 03:36:58 : 59,200,000 : 0 : 6,092,628,150 : 26%
2021-10-09 03:58:41 : 59,300,000 : 0 : 6,101,934,475 : 26%
2021-10-09 04:20:35 : 59,400,000 : 0 : 6,111,371,875 : 26%
2021-10-09 04:44:00 : 59,500,000 : 0 : 6,120,940,350 : 26%
2021-10-09 05:09:50 : 59,600,000 : 0 : 6,130,508,825 : 26%
2021-10-09 05:36:54 : 59,700,000 : 0 : 6,140,208,375 : 26%
2021-10-09 06:05:25 : 59,800,000 : 0 : 6,149,514,700 : 26%
2021-10-09 06:32:58 : 59,900,000 : 0 : 6,158,952,100 : 26%
2021-10-09 07:02:24 : 60,000,000 : 0 : 6,168,520,575 : 26%
2021-10-09 07:34:05 : 60,100,000 : 0 : 6,178,220,125 : 26%
2021-10-09 08:06:39 : 60,200,000 : 0 : 6,187,657,525 : 26%
2021-10-09 08:37:25 : 60,300,000 : 0 : 6,196,832,775 : 26%
2021-10-09 09:08:52 : 60,400,000 : 0 : 6,206,401,250 : 27%
2021-10-09 09:43:11 : 60,500,000 : 0 : 6,216,100,800 : 27%
2021-10-09 10:17:05 : 60,600,000 : 0 : 6,225,800,350 : 27%
2021-10-09 10:49:56 : 60,700,000 : 0 : 6,235,499,900 : 27%
2021-10-09 11:21:07 : 60,800,000 : 0 : 6,245,330,525 : 27%
2021-10-09 11:50:39 : 60,900,000 : 0 : 6,255,292,225 : 27%
2021-10-09 12:17:51 : 61,000,000 : 0 : 6,265,122,850 : 27%
2021-10-09 12:42:22 : 61,100,000 : 0 : 6,275,084,550 : 27%
2021-10-09 13:05:16 : 61,200,000 : 0 : 6,285,046,250 : 27%
2021-10-09 13:27:08 : 61,300,000 : 0 : 6,295,139,025 : 27%
2021-10-09 13:47:45 : 61,400,000 : 0 : 6,305,100,725 : 27%
2021-10-09 14:07:35 : 61,500,000 : 0 : 6,315,062,425 : 27%
2021-10-09 14:26:54 : 61,600,000 : 0 : 6,325,155,200 : 27%
2021-10-09 14:45:36 : 61,700,000 : 0 : 6,335,247,975 : 27%
2021-10-09 15:03:55 : 61,800,000 : 0 : 6,345,340,750 : 27%
2021-10-09 15:22:06 : 61,900,000 : 0 : 6,355,564,600 : 27%
2021-10-09 15:40:04 : 62,000,000 : 0 : 6,365,657,375 : 27%
2021-10-09 15:57:32 : 62,100,000 : 0 : 6,375,881,225 : 27%
2021-10-09 16:14:45 : 62,200,000 : 0 : 6,385,842,925 : 27%
2021-10-09 16:31:47 : 62,300,000 : 0 : 6,395,935,700 : 27%
2021-10-09 16:48:36 : 62,400,000 : 0 : 6,415,859,100 : 27%
2021-10-09 17:05:21 : 62,500,000 : 0 : 6,425,689,725 : 27%
2021-10-09 17:22:09 : 62,600,000 : 0 : 6,435,651,425 : 27%
2021-10-09 17:38:50 : 62,700,000 : 0 : 6,445,613,125 : 28%
2021-10-09 17:55:36 : 62,800,000 : 0 : 6,455,574,825 : 28%
2021-10-09 18:12:39 : 62,900,000 : 0 : 6,465,536,525 : 28%
2021-10-09 18:29:54 : 63,000,000 : 0 : 6,475,367,150 : 28%
2021-10-09 18:47:34 : 63,100,000 : 0 : 6,485,328,850 : 28%
2021-10-09 19:05:00 : 63,200,000 : 0 : 6,495,290,550 : 28%
2021-10-09 19:22:35 : 63,300,000 : 0 : 6,505,121,175 : 28%
2021-10-09 19:39:46 : 63,400,000 : 0 : 6,514,951,800 : 28%
2021-10-09 19:57:19 : 63,500,000 : 0 : 6,524,782,425 : 28%
2021-10-09 20:14:44 : 63,600,000 : 0 : 6,534,481,975 : 28%
2021-10-09 20:32:02 : 63,700,000 : 0 : 6,544,181,525 : 28%
2021-10-09 20:49:16 : 63,800,000 : 0 : 6,553,750,000 : 28%
2021-10-09 21:06:30 : 63,900,000 : 0 : 6,563,449,550 : 28%
2021-10-09 21:23:51 : 64,000,000 : 0 : 6,573,149,100 : 28%
2021-10-09 21:41:29 : 64,100,000 : 0 : 6,582,848,650 : 28%
2021-10-09 21:59:11 : 64,200,000 : 0 : 6,592,417,125 : 28%
2021-10-09 22:17:11 : 64,300,000 : 0 : 6,602,116,675 : 28%
2021-10-09 22:35:17 : 64,400,000 : 0 : 6,611,816,225 : 28%
2021-10-09 22:53:17 : 64,500,000 : 0 : 6,621,384,700 : 28%
2021-10-09 23:11:43 : 64,600,000 : 0 : 6,631,084,250 : 28%
2021-10-09 23:30:12 : 64,700,000 : 0 : 6,640,652,725 : 28%
2021-10-09 23:48:33 : 64,800,000 : 0 : 6,650,221,200 : 28%
2021-10-10 00:07:26 : 64,900,000 : 0 : 6,659,789,675 : 28%
2021-10-10 00:26:31 : 65,000,000 : 0 : 6,669,358,150 : 28%
2021-10-10 00:45:28 : 65,100,000 : 0 : 6,678,795,550 : 29%
2021-10-10 01:04:04 : 65,200,000 : 0 : 6,688,101,875 : 29%
2021-10-10 01:22:55 : 65,300,000 : 0 : 6,697,408,200 : 29%
2021-10-10 01:41:34 : 65,400,000 : 0 : 6,706,583,450 : 29%
2021-10-10 02:00:25 : 65,500,000 : 0 : 6,715,889,775 : 29%
2021-10-10 02:19:47 : 65,600,000 : 0 : 6,725,196,100 : 29%
2021-10-10 02:39:00 : 65,700,000 : 0 : 6,743,677,675 : 29%
2021-10-10 02:58:45 : 65,800,000 : 0 : 6,752,984,000 : 29%
2021-10-10 03:18:59 : 65,900,000 : 0 : 6,762,028,175 : 29%
2021-10-10 03:38:18 : 66,000,000 : 0 : 6,770,941,275 : 29%
2021-10-10 03:57:09 : 66,100,000 : 0 : 6,780,116,525 : 29%
2021-10-10 04:18:07 : 66,200,000 : 0 : 6,789,422,850 : 29%
2021-10-10 04:40:33 : 66,300,000 : 0 : 6,798,991,325 : 29%
2021-10-10 05:04:30 : 66,400,000 : 0 : 6,808,690,875 : 29%
2021-10-10 05:30:43 : 66,500,000 : 0 : 6,818,390,425 : 29%
2021-10-10 05:58:21 : 66,600,000 : 0 : 6,828,221,050 : 29%
2021-10-10 06:27:43 : 66,700,000 : 0 : 6,838,051,675 : 29%
2021-10-10 06:58:00 : 66,800,000 : 0 : 6,847,882,300 : 29%
2021-10-10 07:28:43 : 66,900,000 : 0 : 6,857,712,925 : 29%
2021-10-10 08:00:54 : 67,000,000 : 0 : 6,867,543,550 : 29%
2021-10-10 08:33:53 : 67,100,000 : 0 : 6,877,374,175 : 29%
2021-10-10 09:07:18 : 67,200,000 : 0 : 6,887,204,800 : 29%
2021-10-10 09:39:30 : 67,300,000 : 0 : 6,896,773,275 : 29%
2021-10-10 10:11:06 : 67,400,000 : 0 : 6,906,341,750 : 29%
2021-10-10 10:44:15 : 67,500,000 : 0 : 6,916,172,375 : 30%
2021-10-10 11:16:12 : 67,600,000 : 0 : 6,925,871,925 : 30%
2021-10-10 11:45:31 : 67,700,000 : 0 : 6,935,702,550 : 30%
2021-10-10 12:12:44 : 67,800,000 : 0 : 6,945,402,100 : 30%
2021-10-10 12:37:20 : 67,900,000 : 0 : 6,955,232,725 : 30%
2021-10-10 13:00:14 : 68,000,000 : 0 : 6,964,932,275 : 30%
2021-10-10 13:21:34 : 68,100,000 : 0 : 6,974,631,825 : 30%
2021-10-10 13:41:14 : 68,200,000 : 0 : 6,984,331,375 : 30%
2021-10-10 14:00:11 : 68,300,000 : 0 : 6,994,293,075 : 30%
2021-10-10 14:18:38 : 68,400,000 : 0 : 7,004,123,700 : 30%
2021-10-10 14:35:58 : 68,500,000 : 0 : 7,013,954,325 : 30%
2021-10-10 14:53:04 : 68,600,000 : 0 : 7,023,916,025 : 30%
2021-10-10 15:10:07 : 68,700,000 : 0 : 7,034,008,800 : 30%
2021-10-10 15:27:02 : 68,800,000 : 0 : 7,044,101,575 : 30%
2021-10-10 15:43:39 : 68,900,000 : 0 : 7,054,194,350 : 30%
2021-10-10 16:00:08 : 69,000,000 : 0 : 7,064,156,050 : 30%
2021-10-10 16:16:31 : 69,100,000 : 0 : 7,084,210,525 : 30%
2021-10-10 16:32:51 : 69,200,000 : 0 : 7,094,303,300 : 30%
2021-10-10 16:49:08 : 69,300,000 : 0 : 7,104,396,075 : 30%
2021-10-10 17:05:15 : 69,400,000 : 0 : 7,114,226,700 : 30%
2021-10-10 17:20:46 : 69,500,000 : 0 : 7,124,057,325 : 30%
2021-10-10 17:36:06 : 69,600,000 : 0 : 7,133,756,875 : 30%
2021-10-10 17:51:10 : 69,700,000 : 0 : 7,143,456,425 : 31%
2021-10-10 18:06:20 : 69,800,000 : 0 : 7,153,155,975 : 31%
2021-10-10 18:21:33 : 69,900,000 : 0 : 7,162,855,525 : 31%
2021-10-10 18:36:52 : 70,000,000 : 0 : 7,172,686,150 : 31%
2021-10-10 18:52:08 : 70,100,000 : 0 : 7,182,385,700 : 31%
2021-10-10 19:07:33 : 70,200,000 : 0 : 7,192,085,250 : 31%
2021-10-10 19:22:54 : 70,300,000 : 0 : 7,201,784,800 : 31%
2021-10-10 19:38:11 : 70,400,000 : 0 : 7,211,353,275 : 31%
2021-10-10 19:53:10 : 70,500,000 : 0 : 7,220,790,675 : 31%
2021-10-10 20:07:31 : 70,600,000 : 0 : 7,230,097,000 : 31%
2021-10-10 20:22:19 : 70,700,000 : 0 : 7,239,665,475 : 31%
2021-10-10 20:37:18 : 70,800,000 : 0 : 7,249,365,025 : 31%
2021-10-10 20:52:38 : 70,900,000 : 0 : 7,259,064,575 : 31%
2021-10-10 21:08:17 : 71,000,000 : 0 : 7,268,764,125 : 31%
2021-10-10 21:24:07 : 71,100,000 : 0 : 7,278,463,675 : 31%
2021-10-10 21:40:01 : 71,200,000 : 0 : 7,288,032,150 : 31%
2021-10-10 21:56:20 : 71,300,000 : 0 : 7,297,862,775 : 31%
2021-10-10 22:13:10 : 71,400,000 : 0 : 7,307,693,400 : 31%
2021-10-10 22:29:45 : 71,500,000 : 0 : 7,317,261,875 : 31%
2021-10-10 22:46:18 : 71,600,000 : 0 : 7,326,830,350 : 31%
2021-10-10 23:02:56 : 71,700,000 : 0 : 7,336,398,825 : 31%
2021-10-10 23:19:29 : 71,800,000 : 0 : 7,345,967,300 : 31%
2021-10-10 23:36:40 : 71,900,000 : 0 : 7,355,535,775 : 31%
2021-10-10 23:54:35 : 72,000,000 : 0 : 7,365,366,400 : 31%
2021-10-11 00:12:47 : 72,100,000 : 0 : 7,375,197,025 : 31%
2021-10-11 00:31:27 : 72,200,000 : 0 : 7,394,727,200 : 32%
2021-10-11 00:49:51 : 72,300,000 : 0 : 7,404,295,675 : 32%
2021-10-11 01:07:57 : 72,400,000 : 0 : 7,413,864,150 : 32%
2021-10-11 01:25:38 : 72,500,000 : 0 : 7,423,432,625 : 32%
2021-10-11 01:43:34 : 72,600,000 : 0 : 7,433,001,100 : 32%
2021-10-11 02:01:21 : 72,700,000 : 0 : 7,442,700,650 : 32%
2021-10-11 02:20:09 : 72,800,000 : 0 : 7,452,400,200 : 32%
2021-10-11 02:38:46 : 72,900,000 : 0 : 7,462,099,750 : 32%
2021-10-11 02:57:52 : 73,000,000 : 0 : 7,471,799,300 : 32%
2021-10-11 03:17:47 : 73,100,000 : 0 : 7,481,498,850 : 32%
2021-10-11 03:37:56 : 73,200,000 : 0 : 7,491,067,325 : 32%
2021-10-11 03:57:54 : 73,300,000 : 0 : 7,500,504,725 : 32%
2021-10-11 04:18:19 : 73,400,000 : 0 : 7,509,942,125 : 32%
2021-10-11 04:39:18 : 73,500,000 : 0 : 7,519,641,675 : 32%
2021-10-11 05:02:22 : 73,600,000 : 0 : 7,529,472,300 : 32%
2021-10-11 05:27:28 : 73,700,000 : 0 : 7,539,302,925 : 32%
2021-10-11 05:54:25 : 73,800,000 : 0 : 7,549,264,625 : 32%
2021-10-11 06:22:29 : 73,900,000 : 0 : 7,559,226,325 : 32%
2021-10-11 06:51:25 : 74,000,000 : 0 : 7,569,056,950 : 32%
2021-10-11 07:21:48 : 74,100,000 : 0 : 7,579,149,725 : 32%
2021-10-11 07:54:48 : 74,200,000 : 0 : 7,589,242,500 : 32%
2021-10-11 08:29:19 : 74,300,000 : 0 : 7,599,466,350 : 32%
2021-10-11 09:04:14 : 74,400,000 : 0 : 7,609,559,125 : 32%
2021-10-11 09:38:41 : 74,500,000 : 0 : 7,619,651,900 : 33%
2021-10-11 10:11:31 : 74,600,000 : 0 : 7,629,613,600 : 33%
2021-10-11 10:43:22 : 74,700,000 : 0 : 7,639,706,375 : 33%
2021-10-11 11:13:10 : 74,800,000 : 0 : 7,649,799,150 : 33%
2021-10-11 11:40:25 : 74,900,000 : 0 : 7,659,891,925 : 33%
2021-10-11 12:05:22 : 75,000,000 : 0 : 7,670,115,775 : 33%
2021-10-11 12:28:51 : 75,100,000 : 0 : 7,680,339,625 : 33%
2021-10-11 12:50:40 : 75,200,000 : 0 : 7,690,432,400 : 33%
2021-10-11 13:10:58 : 75,300,000 : 0 : 7,700,787,325 : 33%
2021-10-11 13:30:26 : 75,400,000 : 0 : 7,710,880,100 : 33%
2021-10-11 13:48:52 : 75,500,000 : 0 : 7,721,103,950 : 33%
2021-10-11 14:06:28 : 75,600,000 : 0 : 7,741,682,725 : 33%
2021-10-11 14:23:44 : 75,700,000 : 0 : 7,751,906,575 : 33%
2021-10-11 14:40:19 : 75,800,000 : 0 : 7,762,261,500 : 33%
2021-10-11 14:56:22 : 75,900,000 : 0 : 7,772,616,425 : 33%
2021-10-11 15:12:26 : 76,000,000 : 0 : 7,782,971,350 : 33%
2021-10-11 15:28:22 : 76,100,000 : 0 : 7,793,326,275 : 33%
2021-10-11 15:43:49 : 76,200,000 : 0 : 7,803,550,125 : 33%
2021-10-11 15:59:08 : 76,300,000 : 0 : 7,814,036,125 : 33%
2021-10-11 16:14:46 : 76,400,000 : 0 : 7,824,259,975 : 33%
2021-10-11 16:29:54 : 76,500,000 : 0 : 7,834,483,825 : 33%
2021-10-11 16:45:05 : 76,600,000 : 0 : 7,844,838,750 : 34%
2021-10-11 17:00:05 : 76,700,000 : 0 : 7,855,062,600 : 34%
2021-10-11 17:15:22 : 76,800,000 : 0 : 7,865,286,450 : 34%
2021-10-11 17:30:15 : 76,900,000 : 0 : 7,875,379,225 : 34%
2021-10-11 17:45:01 : 77,000,000 : 0 : 7,885,603,075 : 34%
2021-10-11 18:00:08 : 77,100,000 : 0 : 7,895,958,000 : 34%
2021-10-11 18:15:51 : 77,200,000 : 0 : 7,906,312,925 : 34%
2021-10-11 18:31:24 : 77,300,000 : 0 : 7,916,536,775 : 34%
2021-10-11 18:47:04 : 77,400,000 : 0 : 7,926,891,700 : 34%
2021-10-11 19:02:35 : 77,500,000 : 0 : 7,937,115,550 : 34%
2021-10-11 19:18:29 : 77,600,000 : 0 : 7,947,470,475 : 34%
2021-10-11 19:34:31 : 77,700,000 : 0 : 7,957,825,400 : 34%
2021-10-11 19:50:43 : 77,800,000 : 0 : 7,968,311,400 : 34%
2021-10-11 20:06:48 : 77,900,000 : 0 : 7,978,666,325 : 34%
2021-10-11 20:23:17 : 78,000,000 : 0 : 7,989,021,250 : 34%
2021-10-11 20:39:47 : 78,100,000 : 0 : 7,999,245,100 : 34%
2021-10-11 20:56:20 : 78,200,000 : 0 : 8,019,954,950 : 34%
2021-10-11 21:13:26 : 78,300,000 : 0 : 8,030,309,875 : 34%
2021-10-11 21:30:40 : 78,400,000 : 0 : 8,040,664,800 : 34%
2021-10-11 21:48:12 : 78,500,000 : 0 : 8,050,888,650 : 34%
2021-10-11 22:05:37 : 78,600,000 : 0 : 8,060,981,425 : 34%
2021-10-11 22:23:24 : 78,700,000 : 0 : 8,071,205,275 : 34%
2021-10-11 22:41:35 : 78,800,000 : 0 : 8,081,429,125 : 35%
2021-10-11 22:59:46 : 78,900,000 : 0 : 8,091,652,975 : 35%
2021-10-11 23:17:52 : 79,000,000 : 0 : 8,101,745,750 : 35%
2021-10-11 23:36:04 : 79,100,000 : 0 : 8,111,838,525 : 35%
2021-10-11 23:54:31 : 79,200,000 : 0 : 8,121,669,150 : 35%
2021-10-12 00:12:26 : 79,300,000 : 0 : 8,131,630,850 : 35%
2021-10-12 00:30:10 : 79,400,000 : 0 : 8,141,330,400 : 35%
2021-10-12 00:47:39 : 79,500,000 : 0 : 8,151,029,950 : 35%
2021-10-12 01:05:07 : 79,600,000 : 0 : 8,160,729,500 : 35%
2021-10-12 01:22:09 : 79,700,000 : 0 : 8,170,297,975 : 35%
2021-10-12 01:39:17 : 79,800,000 : 0 : 8,179,866,450 : 35%
2021-10-12 01:55:50 : 79,900,000 : 0 : 8,189,303,850 : 35%
2021-10-12 02:12:31 : 80,000,000 : 0 : 8,198,741,250 : 35%
2021-10-12 02:28:42 : 80,100,000 : 0 : 8,208,047,575 : 35%
2021-10-12 02:45:46 : 80,200,000 : 0 : 8,217,484,975 : 35%
2021-10-12 03:02:43 : 80,300,000 : 0 : 8,226,922,375 : 35%
2021-10-12 03:19:39 : 80,400,000 : 0 : 8,236,097,625 : 35%
2021-10-12 03:36:33 : 80,500,000 : 0 : 8,245,403,950 : 35%
2021-10-12 03:55:09 : 80,600,000 : 0 : 8,254,972,425 : 35%
2021-10-12 04:15:34 : 80,700,000 : 0 : 8,264,803,050 : 35%
2021-10-12 04:37:34 : 80,800,000 : 0 : 8,274,502,600 : 35%
2021-10-12 05:00:41 : 80,900,000 : 0 : 8,284,333,225 : 35%
2021-10-12 05:25:59 : 81,000,000 : 0 : 8,294,294,925 : 35%
2021-10-12 05:52:59 : 81,100,000 : 0 : 8,304,387,700 : 35%
2021-10-12 06:21:31 : 81,200,000 : 0 : 8,314,349,400 : 36%
2021-10-12 06:51:42 : 81,300,000 : 0 : 8,324,442,175 : 36%
2021-10-12 07:23:13 : 81,400,000 : 0 : 8,334,534,950 : 36%
2021-10-12 07:57:13 : 81,500,000 : 0 : 8,344,627,725 : 36%
2021-10-12 08:32:29 : 81,600,000 : 0 : 8,365,075,425 : 36%
2021-10-12 09:07:33 : 81,700,000 : 0 : 8,375,299,275 : 36%
2021-10-12 09:42:19 : 81,800,000 : 0 : 8,385,392,050 : 36%
2021-10-12 10:15:59 : 81,900,000 : 0 : 8,395,353,750 : 36%
2021-10-12 10:46:24 : 82,000,000 : 0 : 8,405,184,375 : 36%
2021-10-12 11:13:07 : 82,100,000 : 0 : 8,415,015,000 : 36%
2021-10-12 11:37:53 : 82,200,000 : 0 : 8,425,107,775 : 36%
2021-10-12 12:01:55 : 82,300,000 : 0 : 8,435,200,550 : 36%
2021-10-12 12:24:39 : 82,400,000 : 0 : 8,445,424,400 : 36%
2021-10-12 12:46:05 : 82,500,000 : 0 : 8,455,779,325 : 36%
2021-10-12 13:05:52 : 82,600,000 : 0 : 8,465,872,100 : 36%
2021-10-12 13:24:44 : 82,700,000 : 0 : 8,476,095,950 : 36%
2021-10-12 13:42:50 : 82,800,000 : 0 : 8,486,319,800 : 36%
2021-10-12 14:00:11 : 82,900,000 : 0 : 8,496,412,575 : 36%
2021-10-12 14:17:10 : 83,000,000 : 0 : 8,506,636,425 : 36%
2021-10-12 14:33:21 : 83,100,000 : 0 : 8,516,860,275 : 36%
2021-10-12 14:49:26 : 83,200,000 : 0 : 8,527,084,125 : 36%
2021-10-12 15:05:12 : 83,300,000 : 0 : 8,537,439,050 : 36%
2021-10-12 15:20:34 : 83,400,000 : 0 : 8,547,400,750 : 37%
2021-10-12 15:35:15 : 83,500,000 : 0 : 8,557,624,600 : 37%
2021-10-12 15:50:07 : 83,600,000 : 0 : 8,567,848,450 : 37%
2021-10-12 16:05:16 : 83,700,000 : 0 : 8,578,203,375 : 37%
2021-10-12 16:20:37 : 83,800,000 : 0 : 8,588,558,300 : 37%
2021-10-12 16:35:33 : 83,900,000 : 0 : 8,598,913,225 : 37%
2021-10-12 16:50:37 : 84,000,000 : 0 : 8,609,268,150 : 37%
2021-10-12 17:05:55 : 84,100,000 : 0 : 8,619,754,150 : 37%
2021-10-12 17:21:18 : 84,200,000 : 0 : 8,640,332,925 : 37%
2021-10-12 17:36:19 : 84,300,000 : 0 : 8,650,687,850 : 37%
2021-10-12 17:51:11 : 84,400,000 : 0 : 8,661,042,775 : 37%
2021-10-12 18:06:25 : 84,500,000 : 0 : 8,671,266,625 : 37%
2021-10-12 18:21:46 : 84,600,000 : 0 : 8,681,490,475 : 37%
2021-10-12 18:36:48 : 84,700,000 : 0 : 8,691,845,400 : 37%
2021-10-12 18:51:42 : 84,800,000 : 0 : 8,702,069,250 : 37%
2021-10-12 19:06:43 : 84,900,000 : 0 : 8,712,293,100 : 37%
2021-10-12 19:21:51 : 85,000,000 : 0 : 8,722,385,875 : 37%
2021-10-12 19:36:43 : 85,100,000 : 0 : 8,732,609,725 : 37%
2021-10-12 19:51:35 : 85,200,000 : 0 : 8,742,833,575 : 37%
2021-10-12 20:06:34 : 85,300,000 : 0 : 8,753,057,425 : 37%
2021-10-12 20:21:51 : 85,400,000 : 0 : 8,763,281,275 : 37%
2021-10-12 20:36:55 : 85,500,000 : 0 : 8,773,374,050 : 37%
2021-10-12 20:51:43 : 85,600,000 : 0 : 8,783,597,900 : 38%
2021-10-12 21:06:48 : 85,700,000 : 0 : 8,793,690,675 : 38%
2021-10-12 21:22:07 : 85,800,000 : 0 : 8,803,914,525 : 38%
2021-10-12 21:37:36 : 85,900,000 : 0 : 8,814,007,300 : 38%
2021-10-12 21:53:15 : 86,000,000 : 0 : 8,824,100,075 : 38%
2021-10-12 22:09:07 : 86,100,000 : 0 : 8,834,192,850 : 38%
2021-10-12 22:25:05 : 86,200,000 : 0 : 8,844,285,625 : 38%
2021-10-12 22:41:17 : 86,300,000 : 0 : 8,854,247,325 : 38%
2021-10-12 22:57:50 : 86,400,000 : 0 : 8,864,340,100 : 38%
2021-10-12 23:14:44 : 86,500,000 : 0 : 8,874,170,725 : 38%
2021-10-12 23:31:48 : 86,600,000 : 0 : 8,884,263,500 : 38%
2021-10-12 23:48:59 : 86,700,000 : 0 : 8,894,225,200 : 38%
2021-10-13 00:06:13 : 86,800,000 : 0 : 8,904,186,900 : 38%
2021-10-13 00:23:33 : 86,900,000 : 0 : 8,913,886,450 : 38%
2021-10-13 00:40:58 : 87,000,000 : 0 : 8,923,848,150 : 38%
2021-10-13 00:58:07 : 87,100,000 : 0 : 8,933,678,775 : 38%
2021-10-13 01:14:48 : 87,200,000 : 0 : 8,943,378,325 : 38%
2021-10-13 01:31:44 : 87,300,000 : 0 : 8,962,777,425 : 38%
2021-10-13 01:48:50 : 87,400,000 : 0 : 8,972,608,050 : 38%
2021-10-13 02:05:48 : 87,500,000 : 0 : 8,982,307,600 : 38%
2021-10-13 02:23:18 : 87,600,000 : 0 : 8,992,007,150 : 38%
2021-10-13 02:41:02 : 87,700,000 : 0 : 9,001,706,700 : 38%
2021-10-13 02:59:25 : 87,800,000 : 0 : 9,011,537,325 : 38%
2021-10-13 03:18:27 : 87,900,000 : 0 : 9,021,367,950 : 39%
2021-10-13 03:37:57 : 88,000,000 : 0 : 9,031,067,500 : 39%
2021-10-13 03:58:02 : 88,100,000 : 0 : 9,040,767,050 : 39%
2021-10-13 04:18:35 : 88,200,000 : 0 : 9,050,335,525 : 39%
2021-10-13 04:39:22 : 88,300,000 : 0 : 9,059,904,000 : 39%
2021-10-13 05:01:24 : 88,400,000 : 0 : 9,069,603,550 : 39%
2021-10-13 05:25:53 : 88,500,000 : 0 : 9,079,565,250 : 39%
2021-10-13 05:52:21 : 88,600,000 : 0 : 9,089,395,875 : 39%
2021-10-13 06:20:55 : 88,700,000 : 0 : 9,099,488,650 : 39%
2021-10-13 06:50:40 : 88,800,000 : 0 : 9,109,581,425 : 39%
2021-10-13 07:21:54 : 88,900,000 : 0 : 9,119,674,200 : 39%
2021-10-13 07:55:27 : 89,000,000 : 0 : 9,129,898,050 : 39%
2021-10-13 08:30:06 : 89,100,000 : 0 : 9,140,121,900 : 39%
2021-10-13 09:05:02 : 89,200,000 : 0 : 9,150,345,750 : 39%
2021-10-13 09:39:27 : 89,300,000 : 0 : 9,160,569,600 : 39%
2021-10-13 10:11:34 : 89,400,000 : 0 : 9,170,400,225 : 39%
2021-10-13 10:40:04 : 89,500,000 : 0 : 9,180,361,925 : 39%
2021-10-13 11:08:22 : 89,600,000 : 0 : 9,190,454,700 : 39%
2021-10-13 11:34:20 : 89,700,000 : 0 : 9,200,678,550 : 39%
2021-10-13 11:58:14 : 89,800,000 : 0 : 9,210,771,325 : 39%
2021-10-13 12:20:47 : 89,900,000 : 0 : 9,221,126,250 : 39%
2021-10-13 12:41:36 : 90,000,000 : 0 : 9,231,350,100 : 39%
2021-10-13 13:00:55 : 90,100,000 : 0 : 9,241,573,950 : 39%
2021-10-13 13:19:34 : 90,200,000 : 0 : 9,251,928,875 : 40%
2021-10-13 13:37:29 : 90,300,000 : 0 : 9,262,283,800 : 40%
2021-10-13 13:54:25 : 90,400,000 : 0 : 9,272,638,725 : 40%
2021-10-13 14:10:59 : 90,500,000 : 0 : 9,282,993,650 : 40%
2021-10-13 14:26:54 : 90,600,000 : 0 : 9,293,348,575 : 40%
2021-10-13 14:42:08 : 90,700,000 : 0 : 9,313,665,200 : 40%
2021-10-13 14:56:57 : 90,800,000 : 0 : 9,323,757,975 : 40%
2021-10-13 15:11:47 : 90,900,000 : 0 : 9,334,112,900 : 40%
2021-10-13 15:26:53 : 91,000,000 : 0 : 9,344,467,825 : 40%
2021-10-13 15:41:58 : 91,100,000 : 0 : 9,354,953,825 : 40%
2021-10-13 15:56:59 : 91,200,000 : 0 : 9,365,439,825 : 40%
2021-10-13 16:12:04 : 91,300,000 : 0 : 9,375,794,750 : 40%
2021-10-13 16:26:55 : 91,400,000 : 0 : 9,386,149,675 : 40%
2021-10-13 16:41:43 : 91,500,000 : 0 : 9,396,504,600 : 40%
2021-10-13 16:56:21 : 91,600,000 : 0 : 9,406,990,600 : 40%
2021-10-13 17:10:56 : 91,700,000 : 0 : 9,417,214,450 : 40%
2021-10-13 17:25:18 : 91,800,000 : 0 : 9,427,438,300 : 40%
2021-10-13 17:39:21 : 91,900,000 : 0 : 9,437,531,075 : 40%
2021-10-13 17:53:14 : 92,000,000 : 0 : 9,447,754,925 : 40%
2021-10-13 18:07:54 : 92,100,000 : 0 : 9,458,109,850 : 40%
2021-10-13 18:22:49 : 92,200,000 : 0 : 9,468,595,850 : 40%
2021-10-13 18:37:41 : 92,300,000 : 0 : 9,478,819,700 : 40%
2021-10-13 18:52:26 : 92,400,000 : 0 : 9,489,174,625 : 41%
2021-10-13 19:07:14 : 92,500,000 : 0 : 9,499,529,550 : 41%
2021-10-13 19:22:02 : 92,600,000 : 0 : 9,509,884,475 : 41%
2021-10-13 19:36:58 : 92,700,000 : 0 : 9,520,239,400 : 41%
2021-10-13 19:51:46 : 92,800,000 : 0 : 9,530,463,250 : 41%
2021-10-13 20:06:28 : 92,900,000 : 0 : 9,540,818,175 : 41%
2021-10-13 20:21:15 : 93,000,000 : 0 : 9,551,042,025 : 41%
2021-10-13 20:36:41 : 93,100,000 : 0 : 9,561,396,950 : 41%
2021-10-13 20:51:50 : 93,200,000 : 0 : 9,571,751,875 : 41%
2021-10-13 21:07:07 : 93,300,000 : 0 : 9,581,975,725 : 41%
2021-10-13 21:22:40 : 93,400,000 : 0 : 9,592,199,575 : 41%
2021-10-13 21:38:31 : 93,500,000 : 0 : 9,612,647,275 : 41%
2021-10-13 21:54:17 : 93,600,000 : 0 : 9,622,740,050 : 41%
2021-10-13 22:10:24 : 93,700,000 : 0 : 9,632,963,900 : 41%
2021-10-13 22:26:51 : 93,800,000 : 0 : 9,643,187,750 : 41%
2021-10-13 22:43:38 : 93,900,000 : 0 : 9,653,280,525 : 41%
2021-10-13 23:00:29 : 94,000,000 : 0 : 9,663,242,225 : 41%
2021-10-13 23:17:27 : 94,100,000 : 0 : 9,673,203,925 : 41%
2021-10-13 23:34:43 : 94,200,000 : 0 : 9,683,165,625 : 41%
2021-10-13 23:52:15 : 94,300,000 : 0 : 9,693,127,325 : 41%
2021-10-14 00:09:37 : 94,400,000 : 0 : 9,702,957,950 : 41%
2021-10-14 00:27:01 : 94,500,000 : 0 : 9,712,788,575 : 41%
2021-10-14 00:44:25 : 94,600,000 : 0 : 9,722,619,200 : 42%
2021-10-14 01:01:44 : 94,700,000 : 0 : 9,732,449,825 : 42%
2021-10-14 01:19:32 : 94,800,000 : 0 : 9,742,280,450 : 42%
2021-10-14 01:37:28 : 94,900,000 : 0 : 9,752,111,075 : 42%
2021-10-14 01:55:18 : 95,000,000 : 0 : 9,761,941,700 : 42%
2021-10-14 02:13:14 : 95,100,000 : 0 : 9,771,772,325 : 42%
2021-10-14 02:31:21 : 95,200,000 : 0 : 9,781,471,875 : 42%
2021-10-14 02:49:06 : 95,300,000 : 0 : 9,791,171,425 : 42%
2021-10-14 03:07:41 : 95,400,000 : 0 : 9,800,870,975 : 42%
2021-10-14 03:27:00 : 95,500,000 : 0 : 9,810,570,525 : 42%
2021-10-14 03:47:19 : 95,600,000 : 0 : 9,820,532,225 : 42%
2021-10-14 04:08:42 : 95,700,000 : 0 : 9,830,362,850 : 42%
2021-10-14 04:30:53 : 95,800,000 : 0 : 9,840,193,475 : 42%
2021-10-14 04:53:56 : 95,900,000 : 0 : 9,850,024,100 : 42%
2021-10-14 05:19:17 : 96,000,000 : 0 : 9,860,116,875 : 42%
2021-10-14 05:45:54 : 96,100,000 : 0 : 9,870,078,575 : 42%
2021-10-14 06:14:25 : 96,200,000 : 0 : 9,880,171,350 : 42%
2021-10-14 06:43:59 : 96,300,000 : 0 : 9,890,264,125 : 42%
2021-10-14 07:14:41 : 96,400,000 : 0 : 9,900,356,900 : 42%
2021-10-14 07:47:44 : 96,500,000 : 0 : 9,910,580,750 : 42%
2021-10-14 08:21:38 : 96,600,000 : 0 : 9,920,673,525 : 42%
2021-10-14 08:56:37 : 96,700,000 : 0 : 9,930,897,375 : 42%
2021-10-14 09:31:20 : 96,800,000 : 0 : 9,941,121,225 : 42%
2021-10-14 10:04:55 : 96,900,000 : 0 : 9,961,437,850 : 43%
2021-10-14 10:35:53 : 97,000,000 : 0 : 9,971,530,625 : 43%
2021-10-14 11:04:28 : 97,100,000 : 0 : 9,981,623,400 : 43%
2021-10-14 11:30:18 : 97,200,000 : 0 : 9,991,716,175 : 43%
2021-10-14 11:54:27 : 97,300,000 : 0 : 10,001,940,025 : 43%
2021-10-14 12:17:14 : 97,400,000 : 0 : 10,012,163,875 : 43%
2021-10-14 12:38:26 : 97,500,000 : 0 : 10,022,387,725 : 43%
2021-10-14 12:58:07 : 97,600,000 : 0 : 10,032,742,650 : 43%
2021-10-14 13:16:47 : 97,700,000 : 0 : 10,043,097,575 : 43%
2021-10-14 13:34:42 : 97,800,000 : 0 : 10,053,321,425 : 43%
2021-10-14 13:51:48 : 97,900,000 : 0 : 10,063,676,350 : 43%
2021-10-14 14:08:17 : 98,000,000 : 0 : 10,074,031,275 : 43%
2021-10-14 14:24:31 : 98,100,000 : 0 : 10,084,517,275 : 43%
2021-10-14 14:40:19 : 98,200,000 : 0 : 10,094,872,200 : 43%
2021-10-14 14:55:55 : 98,300,000 : 0 : 10,105,358,200 : 43%
2021-10-14 15:11:20 : 98,400,000 : 0 : 10,115,844,200 : 43%
2021-10-14 15:26:34 : 98,500,000 : 0 : 10,126,330,200 : 43%
2021-10-14 15:41:44 : 98,600,000 : 0 : 10,136,816,200 : 43%
2021-10-14 15:56:43 : 98,700,000 : 0 : 10,147,302,200 : 43%
2021-10-14 16:11:59 : 98,800,000 : 0 : 10,157,657,125 : 43%
2021-10-14 16:27:03 : 98,900,000 : 0 : 10,168,143,125 : 43%
2021-10-14 16:42:08 : 99,000,000 : 0 : 10,178,629,125 : 43%
2021-10-14 16:57:03 : 99,100,000 : 0 : 10,189,115,125 : 44%
2021-10-14 17:12:17 : 99,200,000 : 0 : 10,199,470,050 : 44%
2021-10-14 17:27:26 : 99,300,000 : 0 : 10,209,956,050 : 44%
2021-10-14 17:42:38 : 99,400,000 : 0 : 10,220,442,050 : 44%
2021-10-14 17:57:49 : 99,500,000 : 0 : 10,230,796,975 : 44%
2021-10-14 18:13:10 : 99,600,000 : 0 : 10,241,282,975 : 44%
2021-10-14 18:28:31 : 99,700,000 : 0 : 10,262,123,900 : 44%
2021-10-14 18:43:52 : 99,800,000 : 0 : 10,272,609,900 : 44%
2021-10-14 18:58:58 : 99,900,000 : 0 : 10,282,964,825 : 44%
2021-10-14 19:14:20 : 100,000,000 : 0 : 10,293,319,750 : 44%
2021-10-14 19:29:34 : 100,100,000 : 0 : 10,303,543,600 : 44%
2021-10-14 19:44:43 : 100,200,000 : 0 : 10,313,898,525 : 44%
2021-10-14 19:59:47 : 100,300,000 : 0 : 10,324,122,375 : 44%
2021-10-14 20:14:52 : 100,400,000 : 0 : 10,334,477,300 : 44%
2021-10-14 20:30:06 : 100,500,000 : 0 : 10,344,701,150 : 44%
2021-10-14 20:45:22 : 100,600,000 : 0 : 10,355,056,075 : 44%
2021-10-14 21:00:40 : 100,700,000 : 0 : 10,365,148,850 : 44%
2021-10-14 21:31:11 : 100,800,000 : 0 : 10,375,241,625 : 44%
2021-10-14 21:48:14 : 100,900,000 : 0 : 10,385,334,400 : 44%
2021-10-14 22:04:33 : 101,000,000 : 0 : 10,395,427,175 : 44%
2021-10-14 22:20:42 : 101,100,000 : 0 : 10,405,388,875 : 44%
2021-10-14 22:37:03 : 101,200,000 : 0 : 10,415,481,650 : 44%
2021-10-14 22:53:37 : 101,300,000 : 0 : 10,425,312,275 : 45%
2021-10-14 23:10:29 : 101,400,000 : 0 : 10,435,273,975 : 45%
2021-10-14 23:27:51 : 101,500,000 : 0 : 10,445,366,750 : 45%
2021-10-14 23:45:34 : 101,600,000 : 0 : 10,455,459,525 : 45%
2021-10-15 00:02:47 : 101,700,000 : 0 : 10,465,290,150 : 45%
2021-10-15 00:20:25 : 101,800,000 : 0 : 10,475,120,775 : 45%
2021-10-15 00:37:48 : 101,900,000 : 0 : 10,484,951,400 : 45%
2021-10-15 00:54:40 : 102,000,000 : 0 : 10,494,650,950 : 45%
2021-10-15 01:11:32 : 102,100,000 : 0 : 10,504,219,425 : 45%
2021-10-15 01:27:55 : 102,200,000 : 0 : 10,513,787,900 : 45%
2021-10-15 01:44:21 : 102,300,000 : 0 : 10,523,356,375 : 45%
2021-10-15 02:00:41 : 102,400,000 : 0 : 10,532,924,850 : 45%
2021-10-15 02:17:27 : 102,500,000 : 0 : 10,542,624,400 : 45%
2021-10-15 02:34:16 : 102,600,000 : 0 : 10,552,061,800 : 45%
2021-10-15 02:51:14 : 102,700,000 : 0 : 10,561,499,200 : 45%
2021-10-15 03:08:32 : 102,800,000 : 0 : 10,571,067,675 : 45%
2021-10-15 03:26:38 : 102,900,000 : 0 : 10,580,636,150 : 45%
2021-10-15 03:45:41 : 103,000,000 : 0 : 10,590,204,625 : 45%
2021-10-15 04:05:23 : 103,100,000 : 0 : 10,599,904,175 : 45%
2021-10-15 04:25:45 : 103,200,000 : 0 : 10,618,778,975 : 45%
2021-10-15 04:46:06 : 103,300,000 : 0 : 10,628,478,525 : 45%
2021-10-15 05:08:41 : 103,400,000 : 0 : 10,638,309,150 : 45%
2021-10-15 05:33:09 : 103,500,000 : 0 : 10,648,270,850 : 45%
2021-10-15 05:59:18 : 103,600,000 : 0 : 10,658,232,550 : 46%
2021-10-15 06:27:11 : 103,700,000 : 0 : 10,668,325,325 : 46%
2021-10-15 06:56:45 : 103,800,000 : 0 : 10,678,287,025 : 46%
2021-10-15 07:27:35 : 103,900,000 : 0 : 10,688,379,800 : 46%
2021-10-15 08:00:06 : 104,000,000 : 0 : 10,698,603,650 : 46%
2021-10-15 08:33:20 : 104,100,000 : 0 : 10,708,696,425 : 46%
2021-10-15 09:07:13 : 104,200,000 : 0 : 10,718,789,200 : 46%
2021-10-15 09:40:20 : 104,300,000 : 0 : 10,729,013,050 : 46%
2021-10-15 10:12:16 : 104,400,000 : 0 : 10,739,105,825 : 46%
2021-10-15 10:42:10 : 104,500,000 : 0 : 10,749,198,600 : 46%
2021-10-15 11:09:45 : 104,600,000 : 0 : 10,759,291,375 : 46%
2021-10-15 11:35:15 : 104,700,000 : 0 : 10,769,384,150 : 46%
2021-10-15 11:58:32 : 104,800,000 : 0 : 10,779,476,925 : 46%
2021-10-15 12:20:21 : 104,900,000 : 0 : 10,789,700,775 : 46%
2021-10-15 12:40:55 : 105,000,000 : 0 : 10,799,793,550 : 46%
2021-10-15 12:59:55 : 105,100,000 : 0 : 10,810,148,475 : 46%
2021-10-15 13:18:28 : 105,200,000 : 0 : 10,820,372,325 : 46%
2021-10-15 13:36:00 : 105,300,000 : 0 : 10,830,596,175 : 46%
2021-10-15 13:53:06 : 105,400,000 : 0 : 10,840,951,100 : 46%
2021-10-15 14:09:53 : 105,500,000 : 0 : 10,851,174,950 : 46%
2021-10-15 14:26:13 : 105,600,000 : 0 : 10,861,529,875 : 46%
2021-10-15 14:41:47 : 105,700,000 : 0 : 10,871,753,725 : 46%
2021-10-15 14:57:08 : 105,800,000 : 0 : 10,881,977,575 : 46%
2021-10-15 15:12:34 : 105,900,000 : 0 : 10,892,332,500 : 47%
2021-10-15 15:27:52 : 106,000,000 : 0 : 10,902,556,350 : 47%
2021-10-15 15:42:51 : 106,100,000 : 0 : 10,912,780,200 : 47%
2021-10-15 15:57:39 : 106,200,000 : 0 : 10,923,135,125 : 47%
2021-10-15 16:12:38 : 106,300,000 : 0 : 10,933,358,975 : 47%
2021-10-15 16:27:44 : 106,400,000 : 0 : 10,943,713,900 : 47%
2021-10-15 16:42:51 : 106,500,000 : 0 : 10,964,292,675 : 47%
2021-10-15 16:57:38 : 106,600,000 : 0 : 10,974,516,525 : 47%
2021-10-15 17:12:36 : 106,700,000 : 0 : 10,984,740,375 : 47%
2021-10-15 17:27:33 : 106,800,000 : 0 : 10,994,833,150 : 47%
2021-10-15 17:42:29 : 106,900,000 : 0 : 11,005,057,000 : 47%
2021-10-15 17:57:03 : 107,000,000 : 0 : 11,015,149,775 : 47%
2021-10-15 18:12:17 : 107,100,000 : 0 : 11,025,504,700 : 47%
2021-10-15 18:27:37 : 107,200,000 : 0 : 11,035,466,400 : 47%
2021-10-15 18:42:16 : 107,300,000 : 0 : 11,045,297,025 : 47%
2021-10-15 18:57:31 : 107,400,000 : 0 : 11,055,520,875 : 47%
2021-10-15 19:12:42 : 107,500,000 : 0 : 11,065,613,650 : 47%
2021-10-15 19:27:58 : 107,600,000 : 0 : 11,075,706,425 : 47%
2021-10-15 19:43:33 : 107,700,000 : 0 : 11,085,930,275 : 47%
2021-10-15 19:59:07 : 107,800,000 : 0 : 11,096,023,050 : 47%
2021-10-15 20:14:53 : 107,900,000 : 0 : 11,106,246,900 : 47%
2021-10-15 20:30:42 : 108,000,000 : 0 : 11,116,470,750 : 47%
2021-10-15 20:46:46 : 108,100,000 : 0 : 11,126,563,525 : 48%
2021-10-15 21:02:58 : 108,200,000 : 0 : 11,136,787,375 : 48%
2021-10-15 21:19:37 : 108,300,000 : 0 : 11,147,011,225 : 48%
2021-10-15 21:36:32 : 108,400,000 : 0 : 11,157,235,075 : 48%
2021-10-15 21:53:43 : 108,500,000 : 0 : 11,167,458,925 : 48%
2021-10-15 22:11:05 : 108,600,000 : 0 : 11,177,682,775 : 48%
2021-10-15 22:28:50 : 108,700,000 : 0 : 11,187,775,550 : 48%
2021-10-15 22:46:44 : 108,800,000 : 0 : 11,197,737,250 : 48%
2021-10-15 23:04:58 : 108,900,000 : 0 : 11,207,830,025 : 48%
2021-10-15 23:23:14 : 109,000,000 : 0 : 11,217,791,725 : 48%
2021-10-15 23:41:43 : 109,100,000 : 0 : 11,227,753,425 : 48%
2021-10-16 00:00:15 : 109,200,000 : 0 : 11,237,584,050 : 48%
2021-10-16 00:19:14 : 109,300,000 : 0 : 11,247,414,675 : 48%
2021-10-16 00:38:10 : 109,400,000 : 0 : 11,257,114,225 : 48%
2021-10-16 00:57:37 : 109,500,000 : 0 : 11,266,944,850 : 48%
2021-10-16 01:17:26 : 109,600,000 : 0 : 11,276,644,400 : 48%
2021-10-16 01:37:18 : 109,700,000 : 0 : 11,286,343,950 : 48%
2021-10-16 01:56:52 : 109,800,000 : 0 : 11,305,611,975 : 48%
2021-10-16 02:16:45 : 109,900,000 : 0 : 11,315,311,525 : 48%
2021-10-16 02:36:49 : 110,000,000 : 0 : 11,325,011,075 : 48%
2021-10-16 02:57:19 : 110,100,000 : 0 : 11,334,710,625 : 48%
2021-10-16 03:18:25 : 110,200,000 : 0 : 11,344,279,100 : 48%
2021-10-16 03:39:50 : 110,300,000 : 0 : 11,353,978,650 : 48%
2021-10-16 04:02:20 : 110,400,000 : 0 : 11,363,547,125 : 49%
2021-10-16 04:25:14 : 110,500,000 : 0 : 11,373,246,675 : 49%
2021-10-16 04:49:37 : 110,600,000 : 0 : 11,382,946,225 : 49%
2021-10-16 05:15:12 : 110,700,000 : 0 : 11,392,645,775 : 49%
2021-10-16 05:42:11 : 110,800,000 : 0 : 11,402,214,250 : 49%
2021-10-16 06:10:32 : 110,900,000 : 0 : 11,411,913,800 : 49%
2021-10-16 06:40:03 : 111,000,000 : 0 : 11,421,744,425 : 49%
2021-10-16 07:11:10 : 111,100,000 : 0 : 11,431,575,050 : 49%
2021-10-16 07:43:21 : 111,200,000 : 0 : 11,441,405,675 : 49%
2021-10-16 08:16:07 : 111,300,000 : 0 : 11,451,367,375 : 49%
2021-10-16 08:49:44 : 111,400,000 : 0 : 11,461,198,000 : 49%
2021-10-16 09:23:22 : 111,500,000 : 0 : 11,470,766,475 : 49%
2021-10-16 09:56:52 : 111,600,000 : 0 : 11,480,597,100 : 49%
2021-10-16 10:30:06 : 111,700,000 : 0 : 11,490,427,725 : 49%
2021-10-16 11:01:55 : 111,800,000 : 0 : 11,500,127,275 : 49%
2021-10-16 11:30:59 : 111,900,000 : 0 : 11,509,957,900 : 49%
2021-10-16 11:58:03 : 112,000,000 : 0 : 11,519,788,525 : 49%
2021-10-16 12:23:12 : 112,100,000 : 0 : 11,529,619,150 : 49%
2021-10-16 12:46:09 : 112,200,000 : 0 : 11,539,449,775 : 49%
2021-10-16 13:07:58 : 112,300,000 : 0 : 11,549,280,400 : 49%
2021-10-16 13:29:05 : 112,400,000 : 0 : 11,559,242,100 : 49%
2021-10-16 13:48:39 : 112,500,000 : 0 : 11,568,941,650 : 49%
2021-10-16 14:08:00 : 112,600,000 : 0 : 11,579,034,425 : 49%
2021-10-16 14:26:45 : 112,700,000 : 0 : 11,588,996,125 : 49%
2021-10-16 14:44:48 : 112,800,000 : 0 : 11,598,957,825 : 50%
2021-10-16 15:02:15 : 112,900,000 : 0 : 11,609,050,600 : 50%
2021-10-16 15:19:50 : 113,000,000 : 0 : 11,619,143,375 : 50%
2021-10-16 15:36:53 : 113,100,000 : 0 : 11,629,236,150 : 50%
2021-10-16 15:52:54 : 113,200,000 : 0 : 11,639,066,775 : 50%
2021-10-16 16:09:00 : 113,300,000 : 0 : 11,649,028,475 : 50%
2021-10-16 16:25:32 : 113,400,000 : 0 : 11,659,121,250 : 50%
2021-10-16 16:42:05 : 113,500,000 : 0 : 11,669,082,950 : 50%
2021-10-16 16:58:19 : 113,600,000 : 0 : 11,689,006,350 : 50%
2021-10-16 17:14:15 : 113,700,000 : 0 : 11,698,574,825 : 50%
2021-10-16 17:29:38 : 113,800,000 : 0 : 11,708,405,450 : 50%
2021-10-16 17:45:36 : 113,900,000 : 0 : 11,718,498,225 : 50%
2021-10-16 18:01:54 : 114,000,000 : 0 : 11,728,459,925 : 50%
2021-10-16 18:18:11 : 114,100,000 : 0 : 11,738,290,550 : 50%
2021-10-16 18:34:10 : 114,200,000 : 0 : 11,748,121,175 : 50%
2021-10-16 18:50:37 : 114,300,000 : 0 : 11,758,082,875 : 50%
2021-10-16 19:07:13 : 114,400,000 : 0 : 11,767,913,500 : 50%
2021-10-16 19:23:39 : 114,500,000 : 0 : 11,777,744,125 : 50%
2021-10-16 19:40:18 : 114,600,000 : 0 : 11,787,574,750 : 50%
2021-10-16 19:57:20 : 114,700,000 : 0 : 11,797,536,450 : 50%
2021-10-16 20:14:30 : 114,800,000 : 0 : 11,807,367,075 : 50%
2021-10-16 20:31:22 : 114,900,000 : 0 : 11,817,197,700 : 50%
2021-10-16 20:48:14 : 115,000,000 : 0 : 11,826,897,250 : 51%
2021-10-16 21:05:22 : 115,100,000 : 0 : 11,836,727,875 : 51%
2021-10-16 21:22:31 : 115,200,000 : 0 : 11,846,558,500 : 51%
2021-10-16 21:40:09 : 115,300,000 : 0 : 11,856,389,125 : 51%
2021-10-16 21:57:46 : 115,400,000 : 0 : 11,866,088,675 : 51%
2021-10-16 22:15:27 : 115,500,000 : 0 : 11,875,788,225 : 51%
2021-10-16 22:33:08 : 115,600,000 : 0 : 11,885,487,775 : 51%
2021-10-16 22:51:11 : 115,700,000 : 0 : 11,895,187,325 : 51%
2021-10-16 23:09:12 : 115,800,000 : 0 : 11,904,886,875 : 51%
2021-10-16 23:27:42 : 115,900,000 : 0 : 11,914,586,425 : 51%
2021-10-16 23:46:12 : 116,000,000 : 0 : 11,924,154,900 : 51%
2021-10-17 00:04:46 : 116,100,000 : 0 : 11,933,854,450 : 51%
2021-10-17 00:23:03 : 116,200,000 : 0 : 11,943,291,850 : 51%
2021-10-17 00:41:17 : 116,300,000 : 0 : 11,952,729,250 : 51%
2021-10-17 01:00:02 : 116,400,000 : 0 : 11,962,297,725 : 51%
2021-10-17 01:19:05 : 116,500,000 : 0 : 11,971,735,125 : 51%
2021-10-17 01:38:03 : 116,600,000 : 0 : 11,981,041,450 : 51%
2021-10-17 01:57:11 : 116,700,000 : 0 : 11,990,478,850 : 51%
2021-10-17 02:16:48 : 116,800,000 : 0 : 11,999,916,250 : 51%
2021-10-17 02:36:20 : 116,900,000 : 0 : 12,009,353,650 : 51%
2021-10-17 02:56:14 : 117,000,000 : 0 : 12,018,922,125 : 51%
2021-10-17 03:16:41 : 117,100,000 : 0 : 12,028,359,525 : 51%
2021-10-17 03:37:39 : 117,200,000 : 0 : 12,037,796,925 : 51%
2021-10-17 03:58:48 : 117,300,000 : 0 : 12,056,671,725 : 51%
2021-10-17 04:20:46 : 117,400,000 : 0 : 12,066,240,200 : 52%
2021-10-17 04:44:17 : 117,500,000 : 0 : 12,075,808,675 : 52%
2021-10-17 05:09:10 : 117,600,000 : 0 : 12,085,508,225 : 52%
2021-10-17 05:35:51 : 117,700,000 : 0 : 12,095,338,850 : 52%
2021-10-17 06:04:28 : 117,800,000 : 0 : 12,105,169,475 : 52%
2021-10-17 06:34:17 : 117,900,000 : 0 : 12,114,869,025 : 52%
2021-10-17 07:04:31 : 118,000,000 : 0 : 12,124,437,500 : 52%
2021-10-17 07:35:42 : 118,100,000 : 0 : 12,134,268,125 : 52%
2021-10-17 08:07:53 : 118,200,000 : 0 : 12,144,098,750 : 52%
2021-10-17 08:40:58 : 118,300,000 : 0 : 12,154,060,450 : 52%
2021-10-17 09:14:29 : 118,400,000 : 0 : 12,163,891,075 : 52%
2021-10-17 09:47:01 : 118,500,000 : 0 : 12,173,721,700 : 52%
2021-10-17 10:20:20 : 118,600,000 : 0 : 12,183,552,325 : 52%
2021-10-17 10:52:18 : 118,700,000 : 0 : 12,193,382,950 : 52%
2021-10-17 11:23:20 : 118,800,000 : 0 : 12,203,213,575 : 52%
2021-10-17 11:52:05 : 118,900,000 : 0 : 12,213,044,200 : 52%
2021-10-17 12:18:58 : 119,000,000 : 0 : 12,223,136,975 : 52%
2021-10-17 12:43:37 : 119,100,000 : 0 : 12,232,967,600 : 52%
2021-10-17 13:06:08 : 119,200,000 : 0 : 12,243,060,375 : 52%
2021-10-17 13:27:22 : 119,300,000 : 0 : 12,253,022,075 : 52%
2021-10-17 13:47:17 : 119,400,000 : 0 : 12,262,721,625 : 52%
2021-10-17 14:06:10 : 119,500,000 : 0 : 12,272,683,325 : 52%
2021-10-17 14:24:10 : 119,600,000 : 0 : 12,282,645,025 : 52%
2021-10-17 14:41:27 : 119,700,000 : 0 : 12,292,475,650 : 52%
2021-10-17 14:58:24 : 119,800,000 : 0 : 12,302,437,350 : 53%
2021-10-17 15:15:05 : 119,900,000 : 0 : 12,312,399,050 : 53%
2021-10-17 15:31:29 : 120,000,000 : 0 : 12,322,229,675 : 53%
2021-10-17 15:47:29 : 120,100,000 : 0 : 12,332,191,375 : 53%
2021-10-17 16:02:58 : 120,200,000 : 0 : 12,342,153,075 : 53%
2021-10-17 16:18:37 : 120,300,000 : 0 : 12,352,114,775 : 53%
2021-10-17 16:34:31 : 120,400,000 : 0 : 12,362,076,475 : 53%
2021-10-17 16:50:15 : 120,500,000 : 0 : 12,372,038,175 : 53%
2021-10-17 17:05:40 : 120,600,000 : 0 : 12,381,999,875 : 53%
2021-10-17 17:21:05 : 120,700,000 : 0 : 12,391,961,575 : 53%
2021-10-17 17:36:15 : 120,800,000 : 0 : 12,411,491,750 : 53%
2021-10-17 17:50:54 : 120,900,000 : 0 : 12,421,322,375 : 53%
2021-10-17 18:05:50 : 121,000,000 : 0 : 12,431,021,925 : 53%
2021-10-17 18:20:32 : 121,100,000 : 0 : 12,440,721,475 : 53%
2021-10-17 18:35:13 : 121,200,000 : 0 : 12,450,552,100 : 53%
2021-10-17 18:50:30 : 121,300,000 : 0 : 12,460,382,725 : 53%
2021-10-17 19:05:35 : 121,400,000 : 0 : 12,470,082,275 : 53%
2021-10-17 19:20:44 : 121,500,000 : 0 : 12,479,912,900 : 53%
2021-10-17 19:35:44 : 121,600,000 : 0 : 12,489,612,450 : 53%
2021-10-17 19:50:58 : 121,700,000 : 0 : 12,499,443,075 : 53%
2021-10-17 20:06:12 : 121,800,000 : 0 : 12,509,273,700 : 53%
2021-10-17 20:21:55 : 121,900,000 : 0 : 12,518,842,175 : 53%
2021-10-17 20:37:06 : 122,000,000 : 0 : 12,528,541,725 : 54%
2021-10-17 20:52:17 : 122,100,000 : 0 : 12,538,241,275 : 54%
2021-10-17 21:07:40 : 122,200,000 : 0 : 12,547,940,825 : 54%
2021-10-17 21:23:35 : 122,300,000 : 0 : 12,557,771,450 : 54%
2021-10-17 21:39:43 : 122,400,000 : 0 : 12,567,602,075 : 54%
2021-10-17 21:55:46 : 122,500,000 : 0 : 12,577,301,625 : 54%
2021-10-17 22:12:22 : 122,600,000 : 0 : 12,587,132,250 : 54%
2021-10-17 22:29:08 : 122,700,000 : 0 : 12,596,962,875 : 54%
2021-10-17 22:46:17 : 122,800,000 : 0 : 12,606,662,425 : 54%
2021-10-17 23:03:40 : 122,900,000 : 0 : 12,616,493,050 : 54%
2021-10-17 23:21:04 : 123,000,000 : 0 : 12,626,061,525 : 54%
2021-10-17 23:38:46 : 123,100,000 : 0 : 12,635,892,150 : 54%
2021-10-17 23:56:24 : 123,200,000 : 0 : 12,645,591,700 : 54%
2021-10-18 00:14:23 : 123,300,000 : 0 : 12,655,553,400 : 54%
2021-10-18 00:32:34 : 123,400,000 : 0 : 12,665,384,025 : 54%
2021-10-18 00:50:50 : 123,500,000 : 0 : 12,675,083,575 : 54%
2021-10-18 01:08:58 : 123,600,000 : 0 : 12,684,914,200 : 54%
2021-10-18 01:27:24 : 123,700,000 : 0 : 12,694,482,675 : 54%
2021-10-18 01:45:35 : 123,800,000 : 0 : 12,704,182,225 : 54%
2021-10-18 02:04:14 : 123,900,000 : 0 : 12,714,012,850 : 54%
2021-10-18 02:23:09 : 124,000,000 : 0 : 12,723,712,400 : 54%
2021-10-18 02:42:05 : 124,100,000 : 0 : 12,733,411,950 : 54%
2021-10-18 03:01:18 : 124,200,000 : 0 : 12,743,111,500 : 54%
2021-10-18 03:20:56 : 124,300,000 : 0 : 12,752,679,975 : 54%
2021-10-18 03:40:56 : 124,400,000 : 0 : 12,771,685,850 : 55%
2021-10-18 04:00:39 : 124,500,000 : 0 : 12,781,385,400 : 55%
2021-10-18 04:22:16 : 124,600,000 : 0 : 12,791,347,100 : 55%
2021-10-18 04:45:51 : 124,700,000 : 0 : 12,801,308,800 : 55%
2021-10-18 05:11:03 : 124,800,000 : 0 : 12,811,270,500 : 55%
2021-10-18 05:37:32 : 124,900,000 : 0 : 12,821,232,200 : 55%
2021-10-18 06:05:15 : 125,000,000 : 0 : 12,831,193,900 : 55%
2021-10-18 06:34:15 : 125,100,000 : 0 : 12,841,155,600 : 55%
2021-10-18 07:04:43 : 125,200,000 : 0 : 12,851,248,375 : 55%
2021-10-18 07:36:35 : 125,300,000 : 0 : 12,861,341,150 : 55%
2021-10-18 08:10:05 : 125,400,000 : 0 : 12,871,696,075 : 55%
2021-10-18 08:44:49 : 125,500,000 : 0 : 12,881,788,850 : 55%
2021-10-18 09:18:53 : 125,600,000 : 0 : 12,892,012,700 : 55%
2021-10-18 09:51:55 : 125,700,000 : 0 : 12,902,105,475 : 55%
2021-10-18 10:23:52 : 125,800,000 : 0 : 12,912,067,175 : 55%
2021-10-18 10:53:24 : 125,900,000 : 0 : 12,922,159,950 : 55%
2021-10-18 11:20:12 : 126,000,000 : 0 : 12,932,121,650 : 55%
2021-10-18 11:45:22 : 126,100,000 : 0 : 12,942,214,425 : 55%
2021-10-18 12:08:57 : 126,200,000 : 0 : 12,952,438,275 : 55%
2021-10-18 12:31:07 : 126,300,000 : 0 : 12,962,662,125 : 55%
2021-10-18 12:51:53 : 126,400,000 : 0 : 12,972,885,975 : 55%
2021-10-18 13:11:32 : 126,500,000 : 0 : 12,983,371,975 : 55%
2021-10-18 13:30:31 : 126,600,000 : 0 : 12,993,726,900 : 55%
2021-10-18 13:48:37 : 126,700,000 : 0 : 13,003,950,750 : 56%
2021-10-18 14:06:01 : 126,800,000 : 0 : 13,014,305,675 : 56%
2021-10-18 14:22:55 : 126,900,000 : 0 : 13,024,660,600 : 56%
2021-10-18 14:39:20 : 127,000,000 : 0 : 13,035,015,525 : 56%
2021-10-18 14:55:15 : 127,100,000 : 0 : 13,045,370,450 : 56%
2021-10-18 15:11:00 : 127,200,000 : 0 : 13,055,725,375 : 56%
2021-10-18 15:26:45 : 127,300,000 : 0 : 13,066,211,375 : 56%
2021-10-18 15:42:24 : 127,400,000 : 0 : 13,076,697,375 : 56%
2021-10-18 15:57:37 : 127,500,000 : 0 : 13,087,052,300 : 56%
2021-10-18 16:12:53 : 127,600,000 : 0 : 13,107,893,225 : 56%
2021-10-18 16:28:01 : 127,700,000 : 0 : 13,118,248,150 : 56%
2021-10-18 16:43:08 : 127,800,000 : 0 : 13,128,603,075 : 56%
2021-10-18 16:57:59 : 127,900,000 : 0 : 13,138,958,000 : 56%
2021-10-18 17:13:00 : 128,000,000 : 0 : 13,149,312,925 : 56%
2021-10-18 17:28:10 : 128,100,000 : 0 : 13,159,667,850 : 56%
2021-10-18 17:43:28 : 128,200,000 : 0 : 13,169,891,700 : 56%
2021-10-18 17:58:16 : 128,300,000 : 0 : 13,180,246,625 : 56%
2021-10-18 18:13:17 : 128,400,000 : 0 : 13,190,601,550 : 56%
2021-10-18 18:28:20 : 128,500,000 : 0 : 13,200,956,475 : 56%
2021-10-18 18:43:20 : 128,600,000 : 0 : 13,211,180,325 : 56%
2021-10-18 18:58:26 : 128,700,000 : 0 : 13,221,535,250 : 56%
2021-10-18 19:13:13 : 128,800,000 : 0 : 13,231,759,100 : 57%
2021-10-18 19:28:04 : 128,900,000 : 0 : 13,242,114,025 : 57%
2021-10-18 19:43:10 : 129,000,000 : 0 : 13,252,337,875 : 57%
2021-10-18 19:58:03 : 129,100,000 : 0 : 13,262,692,800 : 57%
2021-10-18 20:13:06 : 129,200,000 : 0 : 13,272,916,650 : 57%
2021-10-18 20:28:07 : 129,300,000 : 0 : 13,283,271,575 : 57%
2021-10-18 20:44:45 : 129,400,000 : 0 : 13,293,495,425 : 57%
2021-10-18 21:04:56 : 129,500,000 : 0 : 13,303,981,425 : 57%
2021-10-18 21:24:30 : 129,600,000 : 0 : 13,314,336,350 : 57%
2021-10-18 21:40:42 : 129,700,000 : 0 : 13,324,560,200 : 57%
2021-10-18 21:56:55 : 129,800,000 : 0 : 13,334,784,050 : 57%
2021-10-18 22:13:28 : 129,900,000 : 0 : 13,344,876,825 : 57%
2021-10-18 22:30:29 : 130,000,000 : 0 : 13,355,100,675 : 57%
2021-10-18 22:47:48 : 130,100,000 : 0 : 13,365,324,525 : 57%
2021-10-18 23:05:25 : 130,200,000 : 0 : 13,375,548,375 : 57%
2021-10-18 23:23:03 : 130,300,000 : 0 : 13,395,865,000 : 57%
2021-10-18 23:40:51 : 130,400,000 : 0 : 13,406,088,850 : 57%
2021-10-18 23:58:45 : 130,500,000 : 0 : 13,416,050,550 : 57%
2021-10-19 00:16:31 : 130,600,000 : 0 : 13,426,012,250 : 57%
2021-10-19 00:34:20 : 130,700,000 : 0 : 13,435,842,875 : 57%
2021-10-19 00:51:55 : 130,800,000 : 0 : 13,445,542,425 : 57%
2021-10-19 01:09:12 : 130,900,000 : 0 : 13,455,241,975 : 57%
2021-10-19 01:26:32 : 131,000,000 : 0 : 13,464,810,450 : 58%
2021-10-19 01:43:56 : 131,100,000 : 0 : 13,474,510,000 : 58%
2021-10-19 02:01:36 : 131,200,000 : 0 : 13,484,340,625 : 58%
2021-10-19 02:20:03 : 131,300,000 : 0 : 13,494,040,175 : 58%
2021-10-19 02:38:29 : 131,400,000 : 0 : 13,503,739,725 : 58%
2021-10-19 02:56:48 : 131,500,000 : 0 : 13,513,439,275 : 58%
2021-10-19 03:15:47 : 131,600,000 : 0 : 13,522,876,675 : 58%
2021-10-19 03:34:43 : 131,700,000 : 0 : 13,532,707,300 : 58%
2021-10-19 03:55:27 : 131,800,000 : 0 : 13,542,669,000 : 58%
2021-10-19 04:18:02 : 131,900,000 : 0 : 13,552,630,700 : 58%
2021-10-19 04:41:55 : 132,000,000 : 0 : 13,562,592,400 : 58%
2021-10-19 05:07:19 : 132,100,000 : 0 : 13,572,685,175 : 58%
2021-10-19 05:34:17 : 132,200,000 : 0 : 13,582,646,875 : 58%
2021-10-19 06:02:41 : 132,300,000 : 0 : 13,592,739,650 : 58%
2021-10-19 06:32:17 : 132,400,000 : 0 : 13,602,832,425 : 58%
2021-10-19 07:03:35 : 132,500,000 : 0 : 13,612,925,200 : 58%
2021-10-19 07:36:39 : 132,600,000 : 0 : 13,623,149,050 : 58%
2021-10-19 08:10:44 : 132,700,000 : 0 : 13,633,372,900 : 58%
2021-10-19 08:44:38 : 132,800,000 : 0 : 13,643,465,675 : 58%
2021-10-19 09:18:19 : 132,900,000 : 0 : 13,653,427,375 : 58%
2021-10-19 09:51:39 : 133,000,000 : 0 : 13,663,520,150 : 58%
2021-10-19 10:23:24 : 133,100,000 : 0 : 13,673,744,000 : 58%
2021-10-19 10:52:42 : 133,200,000 : 0 : 13,683,836,775 : 58%
2021-10-19 11:19:46 : 133,300,000 : 0 : 13,693,798,475 : 58%
2021-10-19 11:44:16 : 133,400,000 : 0 : 13,703,891,250 : 59%
2021-10-19 12:07:14 : 133,500,000 : 0 : 13,714,115,100 : 59%
2021-10-19 12:29:08 : 133,600,000 : 0 : 13,724,338,950 : 59%
2021-10-19 12:49:26 : 133,700,000 : 0 : 13,744,917,725 : 59%
2021-10-19 13:08:40 : 133,800,000 : 0 : 13,755,403,725 : 59%
2021-10-19 13:27:01 : 133,900,000 : 0 : 13,765,758,650 : 59%
2021-10-19 13:44:51 : 134,000,000 : 0 : 13,776,113,575 : 59%
2021-10-19 14:02:00 : 134,100,000 : 0 : 13,786,599,575 : 59%
2021-10-19 14:18:43 : 134,200,000 : 0 : 13,797,085,575 : 59%
2021-10-19 14:34:33 : 134,300,000 : 0 : 13,807,440,500 : 59%
2021-10-19 14:50:07 : 134,400,000 : 0 : 13,817,926,500 : 59%
2021-10-19 15:05:35 : 134,500,000 : 0 : 13,828,281,425 : 59%
2021-10-19 15:20:56 : 134,600,000 : 0 : 13,838,767,425 : 59%
2021-10-19 15:36:22 : 134,700,000 : 0 : 13,849,384,500 : 59%
2021-10-19 15:51:36 : 134,800,000 : 0 : 13,859,870,500 : 59%
2021-10-19 16:06:56 : 134,900,000 : 0 : 13,870,356,500 : 59%
2021-10-19 16:21:58 : 135,000,000 : 0 : 13,880,842,500 : 59%
2021-10-19 16:36:46 : 135,100,000 : 0 : 13,891,328,500 : 59%
2021-10-19 16:51:28 : 135,200,000 : 0 : 13,901,814,500 : 59%
2021-10-19 17:06:17 : 135,300,000 : 0 : 13,912,169,425 : 59%
2021-10-19 17:21:03 : 135,400,000 : 0 : 13,922,524,350 : 59%
2021-10-19 17:35:39 : 135,500,000 : 0 : 13,932,879,275 : 60%
2021-10-19 17:50:03 : 135,600,000 : 0 : 13,943,103,125 : 60%
2021-10-19 18:04:32 : 135,700,000 : 0 : 13,953,326,975 : 60%
2021-10-19 18:18:48 : 135,800,000 : 0 : 13,963,550,825 : 60%
2021-10-19 18:33:05 : 135,900,000 : 0 : 13,973,774,675 : 60%
2021-10-19 18:47:23 : 136,000,000 : 0 : 13,984,129,600 : 60%
2021-10-19 19:01:49 : 136,100,000 : 0 : 13,994,484,525 : 60%
2021-10-19 19:16:13 : 136,200,000 : 0 : 14,004,708,375 : 60%
2021-10-19 19:30:16 : 136,300,000 : 0 : 14,014,801,150 : 60%
2021-10-19 19:44:30 : 136,400,000 : 0 : 14,035,117,775 : 60%
2021-10-19 19:58:42 : 136,500,000 : 0 : 14,045,341,625 : 60%
2021-10-19 20:13:09 : 136,600,000 : 0 : 14,055,434,400 : 60%
2021-10-19 20:27:42 : 136,700,000 : 0 : 14,065,527,175 : 60%
2021-10-19 20:42:26 : 136,800,000 : 0 : 14,075,751,025 : 60%
2021-10-19 20:57:09 : 136,900,000 : 0 : 14,085,974,875 : 60%
2021-10-19 21:12:11 : 137,000,000 : 0 : 14,096,198,725 : 60%
2021-10-19 21:27:29 : 137,100,000 : 0 : 14,106,422,575 : 60%
2021-10-19 21:43:13 : 137,200,000 : 0 : 14,116,646,425 : 60%
2021-10-19 21:59:06 : 137,300,000 : 0 : 14,126,870,275 : 60%
2021-10-19 22:15:31 : 137,400,000 : 0 : 14,137,094,125 : 60%
2021-10-19 22:32:01 : 137,500,000 : 0 : 14,147,186,900 : 60%
2021-10-19 22:48:20 : 137,600,000 : 0 : 14,157,279,675 : 60%
2021-10-19 23:05:34 : 137,700,000 : 0 : 14,167,372,450 : 61%
2021-10-19 23:22:44 : 137,800,000 : 0 : 14,177,334,150 : 61%
2021-10-19 23:39:39 : 137,900,000 : 0 : 14,187,295,850 : 61%
2021-10-19 23:56:24 : 138,000,000 : 0 : 14,197,257,550 : 61%
2021-10-20 00:13:15 : 138,100,000 : 0 : 14,206,957,100 : 61%
2021-10-20 00:31:42 : 138,200,000 : 0 : 14,216,787,725 : 61%
2021-10-20 00:48:56 : 138,300,000 : 0 : 14,226,618,350 : 61%
2021-10-20 01:05:29 : 138,400,000 : 0 : 14,236,186,825 : 61%
2021-10-20 01:22:29 : 138,500,000 : 0 : 14,245,886,375 : 61%
2021-10-20 01:39:19 : 138,600,000 : 0 : 14,255,717,000 : 61%
2021-10-20 01:56:18 : 138,700,000 : 0 : 14,265,416,550 : 61%
2021-10-20 02:13:52 : 138,800,000 : 0 : 14,275,247,175 : 61%
2021-10-20 02:31:32 : 138,900,000 : 0 : 14,284,946,725 : 61%
2021-10-20 02:49:49 : 139,000,000 : 0 : 14,294,777,350 : 61%
2021-10-20 03:08:44 : 139,100,000 : 0 : 14,304,739,050 : 61%
2021-10-20 03:28:11 : 139,200,000 : 0 : 14,314,569,675 : 61%
2021-10-20 03:48:09 : 139,300,000 : 0 : 14,324,269,225 : 61%
2021-10-20 04:08:19 : 139,400,000 : 0 : 14,333,968,775 : 61%
2021-10-20 04:30:02 : 139,500,000 : 0 : 14,343,799,400 : 61%
2021-10-20 04:52:19 : 139,600,000 : 0 : 14,353,498,950 : 61%
2021-10-20 05:16:58 : 139,700,000 : 0 : 14,373,553,425 : 61%
2021-10-20 05:43:30 : 139,800,000 : 0 : 14,383,777,275 : 61%
2021-10-20 06:11:49 : 139,900,000 : 0 : 14,393,870,050 : 61%
2021-10-20 06:41:29 : 140,000,000 : 0 : 14,403,962,825 : 62%
2021-10-20 07:11:09 : 140,100,000 : 0 : 14,413,924,525 : 62%
2021-10-20 07:42:27 : 140,200,000 : 0 : 14,424,279,450 : 62%
2021-10-20 08:16:13 : 140,300,000 : 0 : 14,434,503,300 : 62%
2021-10-20 08:50:20 : 140,400,000 : 0 : 14,444,727,150 : 62%
2021-10-20 09:24:45 : 140,500,000 : 0 : 14,455,082,075 : 62%
2021-10-20 09:57:37 : 140,600,000 : 0 : 14,465,174,850 : 62%
2021-10-20 10:28:32 : 140,700,000 : 0 : 14,475,398,700 : 62%
2021-10-20 10:57:14 : 140,800,000 : 0 : 14,485,491,475 : 62%
2021-10-20 11:23:30 : 140,900,000 : 0 : 14,495,846,400 : 62%
2021-10-20 11:47:27 : 141,000,000 : 0 : 14,506,070,250 : 62%
2021-10-20 12:09:59 : 141,100,000 : 0 : 14,516,425,175 : 62%
2021-10-20 12:31:25 : 141,200,000 : 0 : 14,526,911,175 : 62%
2021-10-20 12:51:08 : 141,300,000 : 0 : 14,537,266,100 : 62%
2021-10-20 13:09:57 : 141,400,000 : 0 : 14,547,621,025 : 62%
2021-10-20 13:27:44 : 141,500,000 : 0 : 14,557,975,950 : 62%
2021-10-20 13:44:42 : 141,600,000 : 0 : 14,568,330,875 : 62%
2021-10-20 14:01:10 : 141,700,000 : 0 : 14,578,816,875 : 62%
2021-10-20 14:17:30 : 141,800,000 : 0 : 14,589,302,875 : 62%
2021-10-20 14:34:03 : 141,900,000 : 0 : 14,599,788,875 : 62%
2021-10-20 14:49:41 : 142,000,000 : 0 : 14,610,274,875 : 62%
2021-10-20 15:05:02 : 142,100,000 : 0 : 14,620,760,875 : 62%
2021-10-20 15:20:20 : 142,200,000 : 0 : 14,631,246,875 : 62%
2021-10-20 15:35:23 : 142,300,000 : 0 : 14,641,732,875 : 63%
2021-10-20 15:50:22 : 142,400,000 : 0 : 14,652,349,950 : 63%
2021-10-20 16:05:12 : 142,500,000 : 0 : 14,662,835,950 : 63%
2021-10-20 16:19:57 : 142,600,000 : 0 : 14,683,807,950 : 63%
2021-10-20 16:34:24 : 142,700,000 : 0 : 14,694,293,950 : 63%
2021-10-20 16:48:48 : 142,800,000 : 0 : 14,704,779,950 : 63%
2021-10-20 17:03:13 : 142,900,000 : 0 : 14,715,265,950 : 63%
2021-10-20 17:17:53 : 143,000,000 : 0 : 14,725,620,875 : 63%
2021-10-20 17:32:25 : 143,100,000 : 0 : 14,735,975,800 : 63%
2021-10-20 17:47:11 : 143,200,000 : 0 : 14,746,461,800 : 63%
2021-10-20 18:01:55 : 143,300,000 : 0 : 14,756,947,800 : 63%
2021-10-20 18:16:41 : 143,400,000 : 0 : 14,767,433,800 : 63%
2021-10-20 18:31:35 : 143,500,000 : 0 : 14,777,788,725 : 63%
2021-10-20 18:46:29 : 143,600,000 : 0 : 14,788,143,650 : 63%
2021-10-20 19:01:18 : 143,700,000 : 0 : 14,798,498,575 : 63%
2021-10-20 19:16:08 : 143,800,000 : 0 : 14,808,722,425 : 63%
2021-10-20 19:30:32 : 143,900,000 : 0 : 14,819,077,350 : 63%
2021-10-20 19:44:49 : 144,000,000 : 0 : 14,829,301,200 : 63%
2021-10-20 19:59:08 : 144,100,000 : 0 : 14,839,525,050 : 63%
2021-10-20 20:13:41 : 144,200,000 : 0 : 14,849,748,900 : 63%
2021-10-20 20:28:30 : 144,300,000 : 0 : 14,860,103,825 : 63%
2021-10-20 20:42:58 : 144,400,000 : 0 : 14,870,196,600 : 64%
2021-10-20 20:57:30 : 144,500,000 : 0 : 14,880,420,450 : 64%
2021-10-20 21:12:36 : 144,600,000 : 0 : 14,890,775,375 : 64%
2021-10-20 21:28:00 : 144,700,000 : 0 : 14,900,999,225 : 64%
2021-10-20 21:43:44 : 144,800,000 : 0 : 14,911,354,150 : 64%
2021-10-20 21:59:41 : 144,900,000 : 0 : 14,921,709,075 : 64%
2021-10-20 22:16:11 : 145,000,000 : 0 : 14,931,932,925 : 64%
2021-10-20 22:32:32 : 145,100,000 : 0 : 14,942,156,775 : 64%
2021-10-20 22:49:00 : 145,200,000 : 0 : 14,952,249,550 : 64%
2021-10-20 23:05:43 : 145,300,000 : 0 : 14,972,435,100 : 64%
2021-10-20 23:22:53 : 145,400,000 : 0 : 14,982,527,875 : 64%
2021-10-20 23:40:09 : 145,500,000 : 0 : 14,992,489,575 : 64%
2021-10-20 23:57:11 : 145,600,000 : 0 : 15,002,320,200 : 64%
2021-10-21 00:14:00 : 145,700,000 : 0 : 15,012,150,825 : 64%
2021-10-21 00:30:37 : 145,800,000 : 0 : 15,021,850,375 : 64%
2021-10-21 00:46:59 : 145,900,000 : 0 : 15,031,549,925 : 64%
2021-10-21 01:03:43 : 146,000,000 : 0 : 15,041,249,475 : 64%
2021-10-21 01:20:33 : 146,100,000 : 0 : 15,050,817,950 : 64%
2021-10-21 01:37:21 : 146,200,000 : 0 : 15,060,517,500 : 64%
2021-10-21 01:54:27 : 146,300,000 : 0 : 15,070,217,050 : 64%
2021-10-21 02:11:23 : 146,400,000 : 0 : 15,079,785,525 : 64%
2021-10-21 02:28:30 : 146,500,000 : 0 : 15,089,485,075 : 64%
2021-10-21 02:46:05 : 146,600,000 : 0 : 15,099,184,625 : 64%
2021-10-21 03:04:33 : 146,700,000 : 0 : 15,109,015,250 : 65%
2021-10-21 03:23:10 : 146,800,000 : 0 : 15,118,714,800 : 65%
2021-10-21 03:42:43 : 146,900,000 : 0 : 15,128,414,350 : 65%
2021-10-21 04:03:32 : 147,000,000 : 0 : 15,138,376,050 : 65%
2021-10-21 04:25:40 : 147,100,000 : 0 : 15,148,206,675 : 65%
2021-10-21 04:48:42 : 147,200,000 : 0 : 15,158,168,375 : 65%
2021-10-21 05:13:28 : 147,300,000 : 0 : 15,168,261,150 : 65%
2021-10-21 05:39:53 : 147,400,000 : 0 : 15,178,353,925 : 65%
2021-10-21 06:07:18 : 147,500,000 : 0 : 15,188,446,700 : 65%
2021-10-21 06:36:54 : 147,600,000 : 0 : 15,198,670,550 : 65%
2021-10-21 07:08:00 : 147,700,000 : 0 : 15,208,894,400 : 65%
2021-10-21 07:40:28 : 147,800,000 : 0 : 15,218,987,175 : 65%
2021-10-21 08:14:09 : 147,900,000 : 0 : 15,229,211,025 : 65%
2021-10-21 08:48:48 : 148,000,000 : 0 : 15,239,565,950 : 65%
2021-10-21 09:23:32 : 148,100,000 : 0 : 15,249,658,725 : 65%
2021-10-21 09:56:39 : 148,200,000 : 0 : 15,259,882,575 : 65%
2021-10-21 10:28:04 : 148,300,000 : 0 : 15,270,106,425 : 65%
2021-10-21 10:56:32 : 148,400,000 : 0 : 15,280,199,200 : 65%
2021-10-21 11:22:35 : 148,500,000 : 0 : 15,290,291,975 : 65%
2021-10-21 11:46:05 : 148,600,000 : 0 : 15,300,253,675 : 65%
2021-10-21 12:08:35 : 148,700,000 : 0 : 15,320,701,375 : 65%
2021-10-21 12:29:57 : 148,800,000 : 0 : 15,331,056,300 : 65%
2021-10-21 12:50:46 : 148,900,000 : 0 : 15,341,411,225 : 66%
2021-10-21 13:10:10 : 149,000,000 : 0 : 15,351,897,225 : 66%
2021-10-21 13:28:35 : 149,100,000 : 0 : 15,362,383,225 : 66%
2021-10-21 13:46:17 : 149,200,000 : 0 : 15,372,738,150 : 66%
2021-10-21 14:03:20 : 149,300,000 : 0 : 15,383,224,150 : 66%
2021-10-21 14:19:47 : 149,400,000 : 0 : 15,393,710,150 : 66%
2021-10-21 14:35:47 : 149,500,000 : 0 : 15,404,065,075 : 66%
2021-10-21 14:51:30 : 149,600,000 : 0 : 15,414,551,075 : 66%
2021-10-21 15:07:01 : 149,700,000 : 0 : 15,425,037,075 : 66%
2021-10-21 15:22:32 : 149,800,000 : 0 : 15,435,523,075 : 66%
2021-10-21 15:37:48 : 149,900,000 : 0 : 15,446,009,075 : 66%
2021-10-21 15:52:48 : 150,000,000 : 0 : 15,456,626,150 : 66%
2021-10-21 16:07:53 : 150,100,000 : 0 : 15,466,981,075 : 66%
2021-10-21 16:22:30 : 150,200,000 : 0 : 15,477,336,000 : 66%
2021-10-21 16:36:51 : 150,300,000 : 0 : 15,487,559,850 : 66%
2021-10-21 16:51:07 : 150,400,000 : 0 : 15,497,914,775 : 66%
2021-10-21 17:05:18 : 150,500,000 : 0 : 15,508,138,625 : 66%
2021-10-21 17:19:43 : 150,600,000 : 0 : 15,518,362,475 : 66%
2021-10-21 17:34:28 : 150,700,000 : 0 : 15,528,848,475 : 66%
2021-10-21 17:49:15 : 150,800,000 : 0 : 15,539,072,325 : 66%
2021-10-21 18:04:09 : 150,900,000 : 0 : 15,549,427,250 : 66%
2021-10-21 18:19:01 : 151,000,000 : 0 : 15,559,782,175 : 66%
2021-10-21 18:33:43 : 151,100,000 : 0 : 15,570,137,100 : 66%
2021-10-21 18:48:25 : 151,200,000 : 0 : 15,580,492,025 : 67%
2021-10-21 19:03:16 : 151,300,000 : 0 : 15,590,846,950 : 67%
2021-10-21 19:18:19 : 151,400,000 : 0 : 15,611,425,725 : 67%
2021-10-21 19:33:12 : 151,500,000 : 0 : 15,621,649,575 : 67%
2021-10-21 19:47:59 : 151,600,000 : 0 : 15,632,004,500 : 67%
2021-10-21 20:02:30 : 151,700,000 : 0 : 15,642,097,275 : 67%
2021-10-21 20:16:55 : 151,800,000 : 0 : 15,652,190,050 : 67%
2021-10-21 20:31:19 : 151,900,000 : 0 : 15,662,282,825 : 67%
2021-10-21 20:45:55 : 152,000,000 : 0 : 15,672,637,750 : 67%
2021-10-21 21:00:56 : 152,100,000 : 0 : 15,682,861,600 : 67%
2021-10-21 21:16:28 : 152,200,000 : 0 : 15,693,085,450 : 67%
2021-10-21 21:32:12 : 152,300,000 : 0 : 15,703,440,375 : 67%
2021-10-21 21:48:03 : 152,400,000 : 0 : 15,713,664,225 : 67%
2021-10-21 22:04:09 : 152,500,000 : 0 : 15,723,888,075 : 67%
2021-10-21 22:20:38 : 152,600,000 : 0 : 15,733,980,850 : 67%
2021-10-21 22:37:21 : 152,700,000 : 0 : 15,744,204,700 : 67%
2021-10-21 22:54:20 : 152,800,000 : 0 : 15,754,297,475 : 67%
2021-10-21 23:11:38 : 152,900,000 : 0 : 15,764,521,325 : 67%
2021-10-21 23:29:06 : 153,000,000 : 0 : 15,774,483,025 : 67%
2021-10-21 23:46:27 : 153,100,000 : 0 : 15,784,444,725 : 67%
2021-10-22 00:03:58 : 153,200,000 : 0 : 15,794,406,425 : 67%
2021-10-22 00:21:29 : 153,300,000 : 0 : 15,804,237,050 : 67%
2021-10-22 00:38:16 : 153,400,000 : 0 : 15,813,936,600 : 68%
2021-10-22 00:55:31 : 153,500,000 : 0 : 15,823,636,150 : 68%
2021-10-22 01:12:27 : 153,600,000 : 0 : 15,833,204,625 : 68%
2021-10-22 01:29:38 : 153,700,000 : 0 : 15,842,773,100 : 68%
2021-10-22 01:46:34 : 153,800,000 : 0 : 15,852,341,575 : 68%
2021-10-22 02:03:55 : 153,900,000 : 0 : 15,862,041,125 : 68%
2021-10-22 02:21:14 : 154,000,000 : 0 : 15,871,740,675 : 68%
2021-10-22 02:39:02 : 154,100,000 : 0 : 15,881,309,150 : 68%
2021-10-22 02:56:57 : 154,200,000 : 0 : 15,891,008,700 : 68%
2021-10-22 03:15:29 : 154,300,000 : 0 : 15,900,577,175 : 68%
2021-10-22 03:34:10 : 154,400,000 : 0 : 15,910,145,650 : 68%
2021-10-22 03:54:30 : 154,500,000 : 0 : 15,919,976,275 : 68%
2021-10-22 04:15:57 : 154,600,000 : 0 : 15,929,937,975 : 68%
2021-10-22 04:38:17 : 154,700,000 : 0 : 15,939,768,600 : 68%
2021-10-22 05:02:04 : 154,800,000 : 0 : 15,959,560,925 : 68%
2021-10-22 05:27:29 : 154,900,000 : 0 : 15,969,522,625 : 68%
2021-10-22 05:54:24 : 155,000,000 : 0 : 15,979,615,400 : 68%
2021-10-22 06:23:00 : 155,100,000 : 0 : 15,989,839,250 : 68%
2021-10-22 06:52:42 : 155,200,000 : 0 : 15,999,932,025 : 68%
2021-10-22 07:23:14 : 155,300,000 : 0 : 16,009,762,650 : 68%
2021-10-22 07:53:56 : 155,400,000 : 0 : 16,019,593,275 : 68%
2021-10-22 08:25:49 : 155,500,000 : 0 : 16,029,686,050 : 68%
2021-10-22 08:59:44 : 155,600,000 : 0 : 16,039,909,900 : 69%
2021-10-22 09:32:38 : 155,700,000 : 0 : 16,049,871,600 : 69%
2021-10-22 10:03:01 : 155,800,000 : 0 : 16,059,964,375 : 69%
2021-10-22 10:32:50 : 155,900,000 : 0 : 16,069,926,075 : 69%
2021-10-22 11:00:27 : 156,000,000 : 0 : 16,080,018,850 : 69%
2021-10-22 11:25:26 : 156,100,000 : 0 : 16,089,849,475 : 69%
2021-10-22 11:48:19 : 156,200,000 : 0 : 16,099,811,175 : 69%
2021-10-22 12:10:09 : 156,300,000 : 0 : 16,109,903,950 : 69%
2021-10-22 12:30:48 : 156,400,000 : 0 : 16,119,996,725 : 69%
2021-10-22 12:49:56 : 156,500,000 : 0 : 16,129,958,425 : 69%
2021-10-22 13:07:33 : 156,600,000 : 0 : 16,139,920,125 : 69%
2021-10-22 13:24:18 : 156,700,000 : 0 : 16,149,881,825 : 69%
2021-10-22 13:40:19 : 156,800,000 : 0 : 16,159,843,525 : 69%
2021-10-22 13:55:51 : 156,900,000 : 0 : 16,169,805,225 : 69%
2021-10-22 14:11:09 : 157,000,000 : 0 : 16,179,766,925 : 69%
2021-10-22 14:26:08 : 157,100,000 : 0 : 16,189,859,700 : 69%
2021-10-22 14:40:55 : 157,200,000 : 0 : 16,199,952,475 : 69%
2021-10-22 14:55:39 : 157,300,000 : 0 : 16,210,176,325 : 69%
2021-10-22 15:10:36 : 157,400,000 : 0 : 16,220,400,175 : 69%
2021-10-22 15:25:13 : 157,500,000 : 0 : 16,230,624,025 : 69%
2021-10-22 15:39:53 : 157,600,000 : 0 : 16,240,978,950 : 69%
2021-10-22 15:54:32 : 157,700,000 : 0 : 16,251,202,800 : 69%
2021-10-22 16:09:21 : 157,800,000 : 0 : 16,261,557,725 : 69%
2021-10-22 16:24:07 : 157,900,000 : 0 : 16,271,781,575 : 69%
2021-10-22 16:38:52 : 158,000,000 : 0 : 16,282,005,425 : 70%
2021-10-22 16:53:36 : 158,100,000 : 0 : 16,292,360,350 : 70%
2021-10-22 17:08:30 : 158,200,000 : 0 : 16,302,584,200 : 70%
2021-10-22 17:23:22 : 158,300,000 : 0 : 16,323,162,975 : 70%
2021-10-22 17:38:25 : 158,400,000 : 0 : 16,333,386,825 : 70%
2021-10-22 17:52:53 : 158,500,000 : 0 : 16,343,479,600 : 70%
2021-10-22 18:07:29 : 158,600,000 : 0 : 16,353,572,375 : 70%
2021-10-22 18:22:11 : 158,700,000 : 0 : 16,363,665,150 : 70%
2021-10-22 18:37:06 : 158,800,000 : 0 : 16,373,889,000 : 70%
2021-10-22 18:52:13 : 158,900,000 : 0 : 16,384,112,850 : 70%
2021-10-22 19:07:27 : 159,000,000 : 0 : 16,394,205,625 : 70%
2021-10-22 19:22:34 : 159,100,000 : 0 : 16,404,298,400 : 70%
2021-10-22 19:37:35 : 159,200,000 : 0 : 16,414,260,100 : 70%
2021-10-22 19:52:28 : 159,300,000 : 0 : 16,424,221,800 : 70%
2021-10-22 20:07:28 : 159,400,000 : 0 : 16,434,183,500 : 70%
2021-10-22 20:22:46 : 159,500,000 : 0 : 16,444,276,275 : 70%
2021-10-22 20:38:28 : 159,600,000 : 0 : 16,454,369,050 : 70%
2021-10-22 20:54:19 : 159,700,000 : 0 : 16,464,592,900 : 70%
2021-10-22 21:10:35 : 159,800,000 : 0 : 16,474,685,675 : 70%
2021-10-22 21:27:12 : 159,900,000 : 0 : 16,484,909,525 : 70%
2021-10-22 21:44:09 : 160,000,000 : 0 : 16,495,002,300 : 70%
2021-10-22 22:01:03 : 160,100,000 : 0 : 16,505,095,075 : 70%
2021-10-22 22:18:31 : 160,200,000 : 0 : 16,515,187,850 : 71%
2021-10-22 22:36:10 : 160,300,000 : 0 : 16,525,280,625 : 71%
2021-10-22 22:54:24 : 160,400,000 : 0 : 16,535,242,325 : 71%
2021-10-22 23:12:55 : 160,500,000 : 0 : 16,545,335,100 : 71%
2021-10-22 23:31:26 : 160,600,000 : 0 : 16,555,296,800 : 71%
2021-10-22 23:50:10 : 160,700,000 : 0 : 16,565,127,425 : 71%
2021-10-23 00:09:06 : 160,800,000 : 0 : 16,574,958,050 : 71%
2021-10-23 00:27:38 : 160,900,000 : 0 : 16,584,657,600 : 71%
2021-10-23 00:46:14 : 161,000,000 : 0 : 16,594,357,150 : 71%
2021-10-23 01:05:34 : 161,100,000 : 0 : 16,604,056,700 : 71%
2021-10-23 01:24:50 : 161,200,000 : 0 : 16,613,625,175 : 71%
2021-10-23 01:44:09 : 161,300,000 : 0 : 16,623,062,575 : 71%
2021-10-23 02:02:31 : 161,400,000 : 0 : 16,632,499,975 : 71%
2021-10-23 02:21:07 : 161,500,000 : 0 : 16,641,806,300 : 71%
2021-10-23 02:40:29 : 161,600,000 : 0 : 16,651,112,625 : 71%
2021-10-23 03:01:26 : 161,700,000 : 0 : 16,660,681,100 : 71%
2021-10-23 03:22:40 : 161,800,000 : 0 : 16,670,249,575 : 71%
2021-10-23 03:43:55 : 161,900,000 : 0 : 16,679,818,050 : 71%
2021-10-23 04:05:53 : 162,000,000 : 0 : 16,698,955,000 : 71%
2021-10-23 04:29:22 : 162,100,000 : 0 : 16,708,392,400 : 71%
2021-10-23 04:52:57 : 162,200,000 : 0 : 16,718,091,950 : 71%
2021-10-23 05:18:58 : 162,300,000 : 0 : 16,727,791,500 : 71%
2021-10-23 05:47:12 : 162,400,000 : 0 : 16,737,622,125 : 71%
2021-10-23 06:17:04 : 162,500,000 : 0 : 16,747,452,750 : 72%
2021-10-23 06:48:09 : 162,600,000 : 0 : 16,757,283,375 : 72%
2021-10-23 07:20:16 : 162,700,000 : 0 : 16,767,114,000 : 72%
2021-10-23 07:53:25 : 162,800,000 : 0 : 16,776,944,625 : 72%
2021-10-23 08:27:01 : 162,900,000 : 0 : 16,786,775,250 : 72%
2021-10-23 09:00:54 : 163,000,000 : 0 : 16,796,474,800 : 72%
2021-10-23 09:35:11 : 163,100,000 : 0 : 16,806,305,425 : 72%
2021-10-23 10:09:10 : 163,200,000 : 0 : 16,816,004,975 : 72%
2021-10-23 10:41:11 : 163,300,000 : 0 : 16,825,704,525 : 72%
2021-10-23 11:12:14 : 163,400,000 : 0 : 16,835,666,225 : 72%
2021-10-23 11:41:47 : 163,500,000 : 0 : 16,845,496,850 : 72%
2021-10-23 12:08:56 : 163,600,000 : 0 : 16,855,458,550 : 72%
2021-10-23 12:33:46 : 163,700,000 : 0 : 16,865,289,175 : 72%
2021-10-23 12:56:25 : 163,800,000 : 0 : 16,875,119,800 : 72%
2021-10-23 13:17:27 : 163,900,000 : 0 : 16,884,819,350 : 72%
2021-10-23 13:37:00 : 164,000,000 : 0 : 16,894,649,975 : 72%
2021-10-23 14:05:08 : 164,100,000 : 0 : 16,904,480,600 : 72%
2021-10-23 14:27:22 : 164,200,000 : 0 : 16,914,573,375 : 72%
2021-10-23 14:49:00 : 164,300,000 : 0 : 16,924,666,150 : 72%
2021-10-23 15:09:51 : 164,400,000 : 0 : 16,934,758,925 : 72%
2021-10-23 15:36:50 : 164,500,000 : 0 : 16,944,720,625 : 72%
2021-10-23 15:54:42 : 164,600,000 : 0 : 16,954,682,325 : 72%
2021-10-23 16:11:47 : 164,700,000 : 0 : 16,964,775,100 : 72%
2021-10-23 16:28:41 : 164,800,000 : 0 : 16,974,867,875 : 72%
2021-10-23 16:45:10 : 164,900,000 : 0 : 16,984,829,575 : 73%
2021-10-23 17:01:30 : 165,000,000 : 0 : 16,994,791,275 : 73%
2021-10-23 17:18:06 : 165,100,000 : 0 : 17,004,752,975 : 73%
2021-10-23 17:34:38 : 165,200,000 : 0 : 17,014,845,750 : 73%
2021-10-23 17:51:25 : 165,300,000 : 0 : 17,024,938,525 : 73%
2021-10-23 18:08:27 : 165,400,000 : 0 : 17,034,900,225 : 73%
2021-10-23 18:25:11 : 165,500,000 : 0 : 17,044,861,925 : 73%
2021-10-23 18:42:13 : 165,600,000 : 0 : 17,064,523,175 : 73%
2021-10-23 18:58:26 : 165,700,000 : 0 : 17,074,353,800 : 73%
2021-10-23 19:14:46 : 165,800,000 : 0 : 17,084,053,350 : 73%
2021-10-23 19:31:24 : 165,900,000 : 0 : 17,093,883,975 : 73%
2021-10-23 19:48:34 : 166,000,000 : 0 : 17,103,714,600 : 73%
2021-10-23 20:05:25 : 166,100,000 : 0 : 17,113,283,075 : 73%
2021-10-23 20:21:54 : 166,200,000 : 0 : 17,123,113,700 : 73%
2021-10-23 20:39:03 : 166,300,000 : 0 : 17,132,944,325 : 73%
2021-10-23 20:56:31 : 166,400,000 : 0 : 17,142,774,950 : 73%
2021-10-23 21:13:59 : 166,500,000 : 0 : 17,152,474,500 : 73%
2021-10-23 21:31:37 : 166,600,000 : 0 : 17,162,436,200 : 73%
2021-10-23 21:49:00 : 166,700,000 : 0 : 17,172,135,750 : 73%
2021-10-23 22:06:27 : 166,800,000 : 0 : 17,181,966,375 : 73%
2021-10-23 22:24:12 : 166,900,000 : 0 : 17,191,665,925 : 73%
2021-10-23 22:41:57 : 167,000,000 : 0 : 17,201,365,475 : 73%
2021-10-23 22:59:46 : 167,100,000 : 0 : 17,211,065,025 : 74%
2021-10-23 23:17:43 : 167,200,000 : 0 : 17,220,764,575 : 74%
2021-10-23 23:35:50 : 167,300,000 : 0 : 17,230,464,125 : 74%
2021-10-23 23:54:01 : 167,400,000 : 0 : 17,240,163,675 : 74%
2021-10-24 00:12:22 : 167,500,000 : 0 : 17,249,732,150 : 74%
2021-10-24 00:29:55 : 167,600,000 : 0 : 17,259,169,550 : 74%
2021-10-24 00:47:37 : 167,700,000 : 0 : 17,268,606,950 : 74%
2021-10-24 01:06:01 : 167,800,000 : 0 : 17,278,044,350 : 74%
2021-10-24 01:24:37 : 167,900,000 : 0 : 17,287,481,750 : 74%
2021-10-24 01:43:09 : 168,000,000 : 0 : 17,296,919,150 : 74%
2021-10-24 02:01:28 : 168,100,000 : 0 : 17,306,225,475 : 74%
2021-10-24 02:20:19 : 168,200,000 : 0 : 17,315,662,875 : 74%
2021-10-24 02:39:41 : 168,300,000 : 0 : 17,325,100,275 : 74%
2021-10-24 02:58:43 : 168,400,000 : 0 : 17,334,406,600 : 74%
2021-10-24 03:18:56 : 168,500,000 : 0 : 17,343,975,075 : 74%
2021-10-24 03:40:01 : 168,600,000 : 0 : 17,353,412,475 : 74%
2021-10-24 04:00:50 : 168,700,000 : 0 : 17,362,849,875 : 74%
2021-10-24 04:23:30 : 168,800,000 : 0 : 17,372,549,425 : 74%
2021-10-24 04:47:01 : 168,900,000 : 0 : 17,382,117,900 : 74%
2021-10-24 05:12:14 : 169,000,000 : 0 : 17,391,817,450 : 74%
2021-10-24 05:39:24 : 169,100,000 : 0 : 17,401,517,000 : 74%
2021-10-24 06:08:20 : 169,200,000 : 0 : 17,421,047,175 : 74%
2021-10-24 06:38:18 : 169,300,000 : 0 : 17,431,008,875 : 74%
2021-10-24 07:09:27 : 169,400,000 : 0 : 17,440,839,500 : 74%
2021-10-24 07:41:54 : 169,500,000 : 0 : 17,450,670,125 : 75%
2021-10-24 08:15:02 : 169,600,000 : 0 : 17,460,500,750 : 75%
2021-10-24 08:47:43 : 169,700,000 : 0 : 17,470,331,375 : 75%
2021-10-24 09:21:14 : 169,800,000 : 0 : 17,480,162,000 : 75%
2021-10-24 09:54:45 : 169,900,000 : 0 : 17,489,992,625 : 75%
2021-10-24 10:28:20 : 170,000,000 : 0 : 17,499,692,175 : 75%
2021-10-24 11:00:03 : 170,100,000 : 0 : 17,509,391,725 : 75%
2021-10-24 11:30:25 : 170,200,000 : 0 : 17,519,091,275 : 75%
2021-10-24 11:57:59 : 170,300,000 : 0 : 17,528,790,825 : 75%
2021-10-24 12:23:33 : 170,400,000 : 0 : 17,538,621,450 : 75%
2021-10-24 12:46:34 : 170,500,000 : 0 : 17,548,452,075 : 75%
2021-10-24 13:08:47 : 170,600,000 : 0 : 17,558,413,775 : 75%
2021-10-24 13:29:59 : 170,700,000 : 0 : 17,568,244,400 : 75%
2021-10-24 13:49:27 : 170,800,000 : 0 : 17,578,075,025 : 75%
2021-10-24 14:08:03 : 170,900,000 : 0 : 17,588,036,725 : 75%
2021-10-24 14:26:10 : 171,000,000 : 0 : 17,597,867,350 : 75%
2021-10-24 14:43:20 : 171,100,000 : 0 : 17,607,697,975 : 75%
2021-10-24 14:59:56 : 171,200,000 : 0 : 17,617,528,600 : 75%
2021-10-24 15:16:42 : 171,300,000 : 0 : 17,627,621,375 : 75%
2021-10-24 15:33:18 : 171,400,000 : 0 : 17,637,583,075 : 75%
2021-10-24 15:49:05 : 171,500,000 : 0 : 17,647,413,700 : 75%
2021-10-24 16:04:46 : 171,600,000 : 0 : 17,657,375,400 : 75%
2021-10-24 16:19:43 : 171,700,000 : 0 : 17,666,943,875 : 75%
2021-10-24 16:34:00 : 171,800,000 : 0 : 17,676,774,500 : 75%
2021-10-24 16:48:52 : 171,900,000 : 0 : 17,686,474,050 : 76%
2021-10-24 17:03:29 : 172,000,000 : 0 : 17,696,173,600 : 76%
2021-10-24 17:18:26 : 172,100,000 : 0 : 17,705,873,150 : 76%
2021-10-24 17:33:02 : 172,200,000 : 0 : 17,715,572,700 : 76%
2021-10-24 17:47:37 : 172,300,000 : 0 : 17,725,272,250 : 76%
2021-10-24 18:02:11 : 172,400,000 : 0 : 17,734,971,800 : 76%
2021-10-24 18:16:34 : 172,500,000 : 0 : 17,754,239,825 : 76%
2021-10-24 18:30:50 : 172,600,000 : 0 : 17,763,939,375 : 76%
2021-10-24 18:45:23 : 172,700,000 : 0 : 17,773,507,850 : 76%
2021-10-24 18:59:53 : 172,800,000 : 0 : 17,783,076,325 : 76%
2021-10-24 19:14:50 : 172,900,000 : 0 : 17,792,775,875 : 76%
2021-10-24 19:29:35 : 173,000,000 : 0 : 17,802,344,350 : 76%
2021-10-24 19:44:20 : 173,100,000 : 0 : 17,811,912,825 : 76%
2021-10-24 19:59:02 : 173,200,000 : 0 : 17,821,481,300 : 76%
2021-10-24 20:13:52 : 173,300,000 : 0 : 17,831,049,775 : 76%
2021-10-24 20:29:00 : 173,400,000 : 0 : 17,840,487,175 : 76%
2021-10-24 20:44:04 : 173,500,000 : 0 : 17,850,186,725 : 76%
2021-10-24 20:59:06 : 173,600,000 : 0 : 17,859,886,275 : 76%
2021-10-24 21:14:41 : 173,700,000 : 0 : 17,869,716,900 : 76%
2021-10-24 21:30:32 : 173,800,000 : 0 : 17,879,547,525 : 76%
2021-10-24 21:46:46 : 173,900,000 : 0 : 17,889,378,150 : 76%
2021-10-24 22:03:13 : 174,000,000 : 0 : 17,899,208,775 : 76%
2021-10-24 22:19:43 : 174,100,000 : 0 : 17,909,039,400 : 76%
2021-10-24 22:36:49 : 174,200,000 : 0 : 17,919,001,100 : 77%
2021-10-24 22:53:57 : 174,300,000 : 0 : 17,928,831,725 : 77%
2021-10-24 23:11:33 : 174,400,000 : 0 : 17,938,662,350 : 77%
2021-10-24 23:29:24 : 174,500,000 : 0 : 17,948,624,050 : 77%
2021-10-24 23:47:50 : 174,600,000 : 0 : 17,958,585,750 : 77%
2021-10-25 00:06:27 : 174,700,000 : 0 : 17,968,678,525 : 77%
2021-10-25 00:25:10 : 174,800,000 : 0 : 17,978,509,150 : 77%
2021-10-25 00:43:29 : 174,900,000 : 0 : 17,988,339,775 : 77%
2021-10-25 01:01:57 : 175,000,000 : 0 : 17,998,039,325 : 77%
2021-10-25 01:20:19 : 175,100,000 : 0 : 18,007,869,950 : 77%
2021-10-25 01:38:54 : 175,200,000 : 0 : 18,017,700,575 : 77%
2021-10-25 01:57:27 : 175,300,000 : 0 : 18,027,400,125 : 77%
2021-10-25 02:16:15 : 175,400,000 : 0 : 18,037,230,750 : 77%
2021-10-25 02:35:16 : 175,500,000 : 0 : 18,047,061,375 : 77%
2021-10-25 02:54:52 : 175,600,000 : 0 : 18,057,023,075 : 77%
2021-10-25 03:14:51 : 175,700,000 : 0 : 18,066,853,700 : 77%
2021-10-25 03:35:12 : 175,800,000 : 0 : 18,086,514,950 : 77%
2021-10-25 03:56:44 : 175,900,000 : 0 : 18,096,345,575 : 77%
2021-10-25 04:19:33 : 176,000,000 : 0 : 18,106,438,350 : 77%
2021-10-25 04:43:42 : 176,100,000 : 0 : 18,116,400,050 : 77%
2021-10-25 05:09:18 : 176,200,000 : 0 : 18,126,361,750 : 77%
2021-10-25 05:36:14 : 176,300,000 : 0 : 18,136,323,450 : 77%
2021-10-25 06:04:21 : 176,400,000 : 0 : 18,146,285,150 : 78%
2021-10-25 06:33:50 : 176,500,000 : 0 : 18,156,377,925 : 78%
2021-10-25 07:04:10 : 176,600,000 : 0 : 18,166,077,475 : 78%
2021-10-25 07:34:23 : 176,700,000 : 0 : 18,175,908,100 : 78%
2021-10-25 08:06:47 : 176,800,000 : 0 : 18,186,000,875 : 78%
2021-10-25 08:40:48 : 176,900,000 : 0 : 18,196,093,650 : 78%
2021-10-25 09:15:04 : 177,000,000 : 0 : 18,206,186,425 : 78%
2021-10-25 09:48:11 : 177,100,000 : 0 : 18,216,410,275 : 78%
2021-10-25 10:19:56 : 177,200,000 : 0 : 18,226,503,050 : 78%
2021-10-25 10:50:00 : 177,300,000 : 0 : 18,236,595,825 : 78%
2021-10-25 11:17:52 : 177,400,000 : 0 : 18,246,688,600 : 78%
2021-10-25 11:43:31 : 177,500,000 : 0 : 18,256,781,375 : 78%
2021-10-25 12:07:35 : 177,600,000 : 0 : 18,267,005,225 : 78%
2021-10-25 12:30:01 : 177,700,000 : 0 : 18,277,229,075 : 78%
2021-10-25 12:50:54 : 177,800,000 : 0 : 18,287,452,925 : 78%
2021-10-25 13:10:21 : 177,900,000 : 0 : 18,297,676,775 : 78%
2021-10-25 13:28:55 : 178,000,000 : 0 : 18,308,162,775 : 78%
2021-10-25 13:46:40 : 178,100,000 : 0 : 18,318,517,700 : 78%
2021-10-25 14:03:47 : 178,200,000 : 0 : 18,328,741,550 : 78%
2021-10-25 14:20:44 : 178,300,000 : 0 : 18,339,096,475 : 78%
2021-10-25 14:37:23 : 178,400,000 : 0 : 18,349,582,475 : 78%
2021-10-25 14:53:07 : 178,500,000 : 0 : 18,359,806,325 : 78%
2021-10-25 15:08:55 : 178,600,000 : 0 : 18,370,161,250 : 78%
2021-10-25 15:24:38 : 178,700,000 : 0 : 18,380,647,250 : 79%
2021-10-25 15:40:01 : 178,800,000 : 0 : 18,391,002,175 : 79%
2021-10-25 15:54:54 : 178,900,000 : 0 : 18,411,580,950 : 79%
2021-10-25 16:09:49 : 179,000,000 : 0 : 18,421,935,875 : 79%
2021-10-25 16:24:33 : 179,100,000 : 0 : 18,432,290,800 : 79%
2021-10-25 16:39:51 : 179,200,000 : 0 : 18,442,645,725 : 79%
2021-10-25 16:54:46 : 179,300,000 : 0 : 18,453,131,725 : 79%
2021-10-25 17:09:50 : 179,400,000 : 0 : 18,463,617,725 : 79%
2021-10-25 17:24:43 : 179,500,000 : 0 : 18,473,972,650 : 79%
2021-10-25 17:39:40 : 179,600,000 : 0 : 18,484,458,650 : 79%
2021-10-25 17:54:37 : 179,700,000 : 0 : 18,494,944,650 : 79%
2021-10-25 18:09:30 : 179,800,000 : 0 : 18,505,299,575 : 79%
2021-10-25 18:24:24 : 179,900,000 : 0 : 18,515,654,500 : 79%
2021-10-25 18:39:13 : 180,000,000 : 0 : 18,526,009,425 : 79%
2021-10-25 18:54:02 : 180,100,000 : 0 : 18,536,233,275 : 79%
2021-10-25 19:08:25 : 180,200,000 : 0 : 18,546,457,125 : 79%
2021-10-25 19:22:43 : 180,300,000 : 0 : 18,556,549,900 : 79%
2021-10-25 19:37:20 : 180,400,000 : 0 : 18,566,904,825 : 79%
2021-10-25 19:51:56 : 180,500,000 : 0 : 18,577,259,750 : 79%
2021-10-25 20:06:35 : 180,600,000 : 0 : 18,587,614,675 : 79%
2021-10-25 20:21:14 : 180,700,000 : 0 : 18,597,838,525 : 79%
2021-10-25 20:35:59 : 180,800,000 : 0 : 18,608,193,450 : 79%
2021-10-25 20:50:40 : 180,900,000 : 0 : 18,618,548,375 : 80%
2021-10-25 21:05:44 : 181,000,000 : 0 : 18,628,772,225 : 80%
2021-10-25 21:21:11 : 181,100,000 : 0 : 18,638,996,075 : 80%
2021-10-25 21:36:48 : 181,200,000 : 0 : 18,649,219,925 : 80%
2021-10-25 21:52:28 : 181,300,000 : 0 : 18,659,443,775 : 80%
2021-10-25 22:08:20 : 181,400,000 : 0 : 18,669,798,700 : 80%
2021-10-25 22:24:29 : 181,500,000 : 0 : 18,690,115,325 : 80%
2021-10-25 22:40:51 : 181,600,000 : 0 : 18,700,339,175 : 80%
2021-10-25 22:57:17 : 181,700,000 : 0 : 18,710,563,025 : 80%
2021-10-25 23:14:03 : 181,800,000 : 0 : 18,720,786,875 : 80%
2021-10-25 23:30:53 : 181,900,000 : 0 : 18,730,748,575 : 80%
2021-10-25 23:47:48 : 182,000,000 : 0 : 18,740,841,350 : 80%
2021-10-26 00:04:58 : 182,100,000 : 0 : 18,750,803,050 : 80%
2021-10-26 00:21:56 : 182,200,000 : 0 : 18,760,764,750 : 80%
2021-10-26 00:38:43 : 182,300,000 : 0 : 18,770,595,375 : 80%
2021-10-26 00:55:18 : 182,400,000 : 0 : 18,780,294,925 : 80%
2021-10-26 01:12:21 : 182,500,000 : 0 : 18,790,125,550 : 80%
2021-10-26 01:29:04 : 182,600,000 : 0 : 18,799,694,025 : 80%
2021-10-26 01:45:36 : 182,700,000 : 0 : 18,809,524,650 : 80%
2021-10-26 02:02:46 : 182,800,000 : 0 : 18,819,355,275 : 80%
2021-10-26 02:20:18 : 182,900,000 : 0 : 18,829,185,900 : 80%
2021-10-26 02:38:04 : 183,000,000 : 0 : 18,839,016,525 : 80%
2021-10-26 02:56:18 : 183,100,000 : 0 : 18,848,716,075 : 81%
2021-10-26 03:15:10 : 183,200,000 : 0 : 18,858,546,700 : 81%
2021-10-26 03:34:35 : 183,300,000 : 0 : 18,868,508,400 : 81%
2021-10-26 03:55:23 : 183,400,000 : 0 : 18,878,470,100 : 81%
2021-10-26 04:17:39 : 183,500,000 : 0 : 18,888,431,800 : 81%
2021-10-26 04:40:52 : 183,600,000 : 0 : 18,898,393,500 : 81%
2021-10-26 05:05:21 : 183,700,000 : 0 : 18,908,355,200 : 81%
2021-10-26 05:31:38 : 183,800,000 : 0 : 18,918,447,975 : 81%
2021-10-26 05:58:58 : 183,900,000 : 0 : 18,928,409,675 : 81%
2021-10-26 06:27:38 : 184,000,000 : 0 : 18,938,371,375 : 81%
2021-10-26 06:57:42 : 184,100,000 : 0 : 18,948,595,225 : 81%
2021-10-26 07:28:53 : 184,200,000 : 0 : 18,958,688,000 : 81%
2021-10-26 08:01:19 : 184,300,000 : 0 : 18,968,780,775 : 81%
2021-10-26 08:34:21 : 184,400,000 : 0 : 18,979,004,625 : 81%
2021-10-26 09:06:29 : 184,500,000 : 0 : 18,988,966,325 : 81%
2021-10-26 09:36:23 : 184,600,000 : 0 : 18,998,796,950 : 81%
2021-10-26 10:05:45 : 184,700,000 : 0 : 19,008,627,575 : 81%
2021-10-26 10:34:45 : 184,800,000 : 0 : 19,028,813,125 : 81%
2021-10-26 11:01:56 : 184,900,000 : 0 : 19,038,905,900 : 81%
2021-10-26 11:27:07 : 185,000,000 : 0 : 19,049,129,750 : 81%
2021-10-26 11:50:22 : 185,100,000 : 0 : 19,059,222,525 : 81%
2021-10-26 12:12:15 : 185,200,000 : 0 : 19,069,577,450 : 81%
2021-10-26 12:32:41 : 185,300,000 : 0 : 19,079,801,300 : 81%
2021-10-26 12:52:06 : 185,400,000 : 0 : 19,090,025,150 : 82%
2021-10-26 13:10:32 : 185,500,000 : 0 : 19,100,380,075 : 82%
2021-10-26 13:28:10 : 185,600,000 : 0 : 19,110,735,000 : 82%
2021-10-26 13:44:58 : 185,700,000 : 0 : 19,121,089,925 : 82%
2021-10-26 14:01:12 : 185,800,000 : 0 : 19,131,444,850 : 82%
2021-10-26 14:17:06 : 185,900,000 : 0 : 19,141,799,775 : 82%
2021-10-26 14:32:30 : 186,000,000 : 0 : 19,152,285,775 : 82%
2021-10-26 14:47:36 : 186,100,000 : 0 : 19,162,640,700 : 82%
2021-10-26 15:02:30 : 186,200,000 : 0 : 19,173,126,700 : 82%
2021-10-26 15:17:27 : 186,300,000 : 0 : 19,183,612,700 : 82%
Decoding error with 134,217,728 bytes, reading another chunk
2021-10-26 15:32:10 : 186,400,000 : 0 : 19,204,584,700 : 82%
2021-10-26 15:46:56 : 186,500,000 : 0 : 19,204,584,700 : 82%
2021-10-26 16:01:25 : 186,600,000 : 0 : 19,215,070,700 : 82%
2021-10-26 16:16:09 : 186,700,000 : 0 : 19,225,556,700 : 82%
2021-10-26 16:30:22 : 186,800,000 : 0 : 19,235,911,625 : 82%
2021-10-26 16:44:45 : 186,900,000 : 0 : 19,246,528,700 : 82%
2021-10-26 16:58:53 : 187,000,000 : 0 : 19,256,883,625 : 82%
2021-10-26 17:13:17 : 187,100,000 : 0 : 19,267,369,625 : 82%
2021-10-26 17:27:34 : 187,200,000 : 0 : 19,277,855,625 : 82%
2021-10-26 17:41:51 : 187,300,000 : 0 : 19,288,341,625 : 82%
2021-10-26 17:56:14 : 187,400,000 : 0 : 19,298,827,625 : 82%
2021-10-26 18:10:41 : 187,500,000 : 0 : 19,309,182,550 : 82%
2021-10-26 18:24:58 : 187,600,000 : 0 : 19,330,023,475 : 83%
2021-10-26 18:39:26 : 187,700,000 : 0 : 19,340,378,400 : 83%
2021-10-26 18:53:45 : 187,800,000 : 0 : 19,350,733,325 : 83%
2021-10-26 19:08:01 : 187,900,000 : 0 : 19,361,088,250 : 83%
2021-10-26 19:22:10 : 188,000,000 : 0 : 19,371,312,100 : 83%
2021-10-26 19:36:10 : 188,100,000 : 0 : 19,381,535,950 : 83%
2021-10-26 19:50:10 : 188,200,000 : 0 : 19,391,890,875 : 83%
2021-10-26 20:04:04 : 188,300,000 : 0 : 19,402,114,725 : 83%
2021-10-26 20:17:57 : 188,400,000 : 0 : 19,412,338,575 : 83%
2021-10-26 20:32:01 : 188,500,000 : 0 : 19,422,562,425 : 83%
2021-10-26 20:46:05 : 188,600,000 : 0 : 19,432,786,275 : 83%
2021-10-26 21:00:08 : 188,700,000 : 0 : 19,443,010,125 : 83%
2021-10-26 21:14:41 : 188,800,000 : 0 : 19,453,233,975 : 83%
2021-10-26 21:29:32 : 188,900,000 : 0 : 19,463,588,900 : 83%
2021-10-26 21:44:44 : 189,000,000 : 0 : 19,473,812,750 : 83%
2021-10-26 22:00:08 : 189,100,000 : 0 : 19,484,036,600 : 83%
2021-10-26 22:15:58 : 189,200,000 : 0 : 19,494,260,450 : 83%
2021-10-26 22:32:01 : 189,300,000 : 0 : 19,504,484,300 : 83%
2021-10-26 22:48:16 : 189,400,000 : 0 : 19,514,708,150 : 83%
2021-10-26 23:04:28 : 189,500,000 : 0 : 19,524,932,000 : 83%
2021-10-26 23:21:06 : 189,600,000 : 0 : 19,535,024,775 : 83%
2021-10-26 23:37:45 : 189,700,000 : 0 : 19,545,248,625 : 83%
2021-10-26 23:54:19 : 189,800,000 : 0 : 19,555,210,325 : 84%
2021-10-27 00:10:59 : 189,900,000 : 0 : 19,565,172,025 : 84%
2021-10-27 00:27:17 : 190,000,000 : 0 : 19,575,002,650 : 84%
2021-10-27 00:43:55 : 190,100,000 : 0 : 19,584,964,350 : 84%
2021-10-27 01:00:37 : 190,200,000 : 0 : 19,594,794,975 : 84%
2021-10-27 01:17:17 : 190,300,000 : 0 : 19,604,625,600 : 84%
2021-10-27 01:33:57 : 190,400,000 : 0 : 19,614,325,150 : 84%
2021-10-27 01:50:10 : 190,500,000 : 0 : 19,624,024,700 : 84%
2021-10-27 02:06:46 : 190,600,000 : 0 : 19,633,724,250 : 84%
2021-10-27 02:23:21 : 190,700,000 : 0 : 19,653,123,350 : 84%
2021-10-27 02:40:20 : 190,800,000 : 0 : 19,662,953,975 : 84%
2021-10-27 02:57:46 : 190,900,000 : 0 : 19,672,653,525 : 84%
2021-10-27 03:15:42 : 191,000,000 : 0 : 19,682,484,150 : 84%
2021-10-27 03:34:19 : 191,100,000 : 0 : 19,692,314,775 : 84%
2021-10-27 03:53:38 : 191,200,000 : 0 : 19,702,145,400 : 84%
2021-10-27 04:13:43 : 191,300,000 : 0 : 19,711,844,950 : 84%
2021-10-27 04:34:35 : 191,400,000 : 0 : 19,721,806,650 : 84%
2021-10-27 04:56:55 : 191,500,000 : 0 : 19,731,768,350 : 84%
2021-10-27 05:20:47 : 191,600,000 : 0 : 19,741,730,050 : 84%
2021-10-27 05:46:06 : 191,700,000 : 0 : 19,751,691,750 : 84%
2021-10-27 06:12:59 : 191,800,000 : 0 : 19,761,915,600 : 84%
2021-10-27 06:41:36 : 191,900,000 : 0 : 19,772,008,375 : 84%
2021-10-27 07:11:23 : 192,000,000 : 0 : 19,782,101,150 : 84%
2021-10-27 07:42:26 : 192,100,000 : 0 : 19,792,193,925 : 85%
2021-10-27 08:14:04 : 192,200,000 : 0 : 19,802,417,775 : 85%
2021-10-27 08:46:16 : 192,300,000 : 0 : 19,812,510,550 : 85%
2021-10-27 09:18:40 : 192,400,000 : 0 : 19,822,734,400 : 85%
2021-10-27 09:50:11 : 192,500,000 : 0 : 19,832,827,175 : 85%
2021-10-27 10:20:08 : 192,600,000 : 0 : 19,842,919,950 : 85%
2021-10-27 10:47:54 : 192,700,000 : 0 : 19,853,143,800 : 85%
2021-10-27 11:13:58 : 192,800,000 : 0 : 19,863,367,650 : 85%
2021-10-27 11:38:02 : 192,900,000 : 0 : 19,873,460,425 : 85%
2021-10-27 12:00:30 : 193,000,000 : 0 : 19,883,815,350 : 85%
2021-10-27 12:21:27 : 193,100,000 : 0 : 19,894,039,200 : 85%
2021-10-27 12:41:14 : 193,200,000 : 0 : 19,904,394,125 : 85%
2021-10-27 13:00:07 : 193,300,000 : 0 : 19,914,749,050 : 85%
2021-10-27 13:18:40 : 193,400,000 : 0 : 19,925,103,975 : 85%
2021-10-27 13:36:15 : 193,500,000 : 0 : 19,935,589,975 : 85%
2021-10-27 13:53:07 : 193,600,000 : 0 : 19,945,944,900 : 85%
2021-10-27 14:09:23 : 193,700,000 : 0 : 19,956,430,900 : 85%
2021-10-27 14:25:03 : 193,800,000 : 0 : 19,966,785,825 : 85%
2021-10-27 14:40:30 : 193,900,000 : 0 : 19,987,495,675 : 85%
2021-10-27 14:55:28 : 194,000,000 : 0 : 19,997,981,675 : 85%
2021-10-27 15:10:22 : 194,100,000 : 0 : 20,008,336,600 : 85%
2021-10-27 15:25:09 : 194,200,000 : 0 : 20,018,822,600 : 85%
2021-10-27 15:39:45 : 194,300,000 : 0 : 20,029,177,525 : 86%
2021-10-27 15:54:57 : 194,400,000 : 0 : 20,039,663,525 : 86%
2021-10-27 16:09:37 : 194,500,000 : 0 : 20,050,149,525 : 86%
2021-10-27 16:24:11 : 194,600,000 : 0 : 20,060,635,525 : 86%
2021-10-27 16:38:46 : 194,700,000 : 0 : 20,071,121,525 : 86%
2021-10-27 16:53:08 : 194,800,000 : 0 : 20,081,607,525 : 86%
2021-10-27 17:07:33 : 194,900,000 : 0 : 20,092,093,525 : 86%
2021-10-27 17:22:09 : 195,000,000 : 0 : 20,102,579,525 : 86%
2021-10-27 17:36:34 : 195,100,000 : 0 : 20,112,934,450 : 86%
2021-10-27 17:50:33 : 195,200,000 : 0 : 20,123,289,375 : 86%
2021-10-27 18:04:32 : 195,300,000 : 0 : 20,133,513,225 : 86%
2021-10-27 18:18:37 : 195,400,000 : 0 : 20,143,737,075 : 86%
2021-10-27 18:32:34 : 195,500,000 : 0 : 20,154,092,000 : 86%
2021-10-27 18:46:45 : 195,600,000 : 0 : 20,164,315,850 : 86%
2021-10-27 19:00:56 : 195,700,000 : 0 : 20,174,670,775 : 86%
2021-10-27 19:15:15 : 195,800,000 : 0 : 20,184,894,625 : 86%
2021-10-27 19:29:21 : 195,900,000 : 0 : 20,195,118,475 : 86%
2021-10-27 19:43:22 : 196,000,000 : 0 : 20,205,342,325 : 86%
2021-10-27 19:57:22 : 196,100,000 : 0 : 20,215,566,175 : 86%
2021-10-27 20:11:10 : 196,200,000 : 0 : 20,225,658,950 : 86%
2021-10-27 20:24:58 : 196,300,000 : 0 : 20,235,882,800 : 86%
2021-10-27 20:38:46 : 196,400,000 : 0 : 20,245,975,575 : 86%
2021-10-27 20:52:38 : 196,500,000 : 0 : 20,256,199,425 : 87%
2021-10-27 21:06:55 : 196,600,000 : 0 : 20,266,292,200 : 87%
2021-10-27 21:21:31 : 196,700,000 : 0 : 20,286,608,825 : 87%
2021-10-27 21:36:01 : 196,800,000 : 0 : 20,296,701,600 : 87%
2021-10-27 21:50:50 : 196,900,000 : 0 : 20,306,925,450 : 87%
2021-10-27 22:05:49 : 197,000,000 : 0 : 20,317,018,225 : 87%
2021-10-27 22:21:11 : 197,100,000 : 0 : 20,327,111,000 : 87%
2021-10-27 22:36:49 : 197,200,000 : 0 : 20,337,203,775 : 87%
2021-10-27 22:52:54 : 197,300,000 : 0 : 20,347,296,550 : 87%
2021-10-27 23:09:08 : 197,400,000 : 0 : 20,357,389,325 : 87%
2021-10-27 23:25:41 : 197,500,000 : 0 : 20,367,351,025 : 87%
2021-10-27 23:42:19 : 197,600,000 : 0 : 20,377,312,725 : 87%
2021-10-27 23:58:47 : 197,700,000 : 0 : 20,387,143,350 : 87%
2021-10-28 00:14:53 : 197,800,000 : 0 : 20,396,973,975 : 87%
2021-10-28 00:30:50 : 197,900,000 : 0 : 20,406,673,525 : 87%
2021-10-28 00:46:50 : 198,000,000 : 0 : 20,416,504,150 : 87%
2021-10-28 01:02:50 : 198,100,000 : 0 : 20,426,072,625 : 87%
2021-10-28 01:19:07 : 198,200,000 : 0 : 20,435,772,175 : 87%
2021-10-28 01:35:20 : 198,300,000 : 0 : 20,445,340,650 : 87%
2021-10-28 01:51:16 : 198,400,000 : 0 : 20,455,040,200 : 87%
2021-10-28 02:07:22 : 198,500,000 : 0 : 20,464,608,675 : 87%
2021-10-28 02:23:58 : 198,600,000 : 0 : 20,474,308,225 : 87%
2021-10-28 02:40:30 : 198,700,000 : 0 : 20,484,007,775 : 87%
2021-10-28 02:57:25 : 198,800,000 : 0 : 20,493,707,325 : 88%
2021-10-28 03:15:20 : 198,900,000 : 0 : 20,503,537,950 : 88%
2021-10-28 03:34:05 : 199,000,000 : 0 : 20,513,499,650 : 88%
2021-10-28 03:53:40 : 199,100,000 : 0 : 20,523,330,275 : 88%
2021-10-28 04:13:25 : 199,200,000 : 0 : 20,533,029,825 : 88%
2021-10-28 04:34:16 : 199,300,000 : 0 : 20,542,729,375 : 88%
2021-10-28 04:56:08 : 199,400,000 : 0 : 20,552,428,925 : 88%
2021-10-28 05:20:34 : 199,500,000 : 0 : 20,562,521,700 : 88%
2021-10-28 05:46:06 : 199,600,000 : 0 : 20,572,483,400 : 88%
2021-10-28 06:12:58 : 199,700,000 : 0 : 20,582,445,100 : 88%
2021-10-28 06:41:02 : 199,800,000 : 0 : 20,592,537,875 : 88%
2021-10-28 07:10:25 : 199,900,000 : 0 : 20,602,630,650 : 88%
2021-10-28 07:41:12 : 200,000,000 : 0 : 20,612,723,425 : 88%
2021-10-28 08:12:51 : 200,100,000 : 0 : 20,622,816,200 : 88%
2021-10-28 08:44:57 : 200,200,000 : 0 : 20,632,908,975 : 88%
2021-10-28 09:16:56 : 200,300,000 : 0 : 20,653,094,525 : 88%
2021-10-28 09:48:12 : 200,400,000 : 0 : 20,663,187,300 : 88%
2021-10-28 10:18:16 : 200,500,000 : 0 : 20,673,280,075 : 88%
2021-10-28 10:46:03 : 200,600,000 : 0 : 20,683,372,850 : 88%
2021-10-28 11:12:01 : 200,700,000 : 0 : 20,693,465,625 : 88%
2021-10-28 11:36:16 : 200,800,000 : 0 : 20,703,689,475 : 88%
2021-10-28 11:58:50 : 200,900,000 : 0 : 20,713,782,250 : 88%
2021-10-28 12:20:04 : 201,000,000 : 0 : 20,724,006,100 : 89%
2021-10-28 12:39:51 : 201,100,000 : 0 : 20,734,229,950 : 89%
2021-10-28 12:58:33 : 201,200,000 : 0 : 20,744,584,875 : 89%
2021-10-28 13:16:23 : 201,300,000 : 0 : 20,754,939,800 : 89%
2021-10-28 13:33:34 : 201,400,000 : 0 : 20,765,294,725 : 89%
2021-10-28 13:50:21 : 201,500,000 : 0 : 20,775,780,725 : 89%
2021-10-28 14:06:24 : 201,600,000 : 0 : 20,786,135,650 : 89%
2021-10-28 14:22:02 : 201,700,000 : 0 : 20,796,490,575 : 89%
2021-10-28 14:37:20 : 201,800,000 : 0 : 20,806,845,500 : 89%
2021-10-28 14:52:19 : 201,900,000 : 0 : 20,817,331,500 : 89%
2021-10-28 15:07:15 : 202,000,000 : 0 : 20,827,686,425 : 89%
2021-10-28 15:22:09 : 202,100,000 : 0 : 20,838,041,350 : 89%
2021-10-28 15:36:54 : 202,200,000 : 0 : 20,848,527,350 : 89%
2021-10-28 15:51:29 : 202,300,000 : 0 : 20,859,013,350 : 89%
2021-10-28 16:06:02 : 202,400,000 : 0 : 20,869,499,350 : 89%
2021-10-28 16:20:32 : 202,500,000 : 0 : 20,879,985,350 : 89%
2021-10-28 16:34:48 : 202,600,000 : 0 : 20,890,340,275 : 89%
2021-10-28 16:49:06 : 202,700,000 : 0 : 20,900,826,275 : 89%
2021-10-28 17:03:14 : 202,800,000 : 0 : 20,911,312,275 : 89%
2021-10-28 17:17:36 : 202,900,000 : 0 : 20,921,667,200 : 89%
2021-10-28 17:31:47 : 203,000,000 : 0 : 20,932,022,125 : 89%
2021-10-28 17:45:58 : 203,100,000 : 0 : 20,942,377,050 : 89%
2021-10-28 18:00:02 : 203,200,000 : 0 : 20,963,086,900 : 90%
2021-10-28 18:14:21 : 203,300,000 : 0 : 20,973,441,825 : 90%
2021-10-28 18:28:47 : 203,400,000 : 0 : 20,983,796,750 : 90%
2021-10-28 18:43:19 : 203,500,000 : 0 : 20,994,151,675 : 90%
2021-10-28 18:57:50 : 203,600,000 : 0 : 21,004,506,600 : 90%
2021-10-28 19:12:28 : 203,700,000 : 0 : 21,014,730,450 : 90%
2021-10-28 19:27:00 : 203,800,000 : 0 : 21,025,085,375 : 90%
2021-10-28 19:41:33 : 203,900,000 : 0 : 21,035,309,225 : 90%
2021-10-28 19:56:09 : 204,000,000 : 0 : 21,045,664,150 : 90%
2021-10-28 20:10:42 : 204,100,000 : 0 : 21,055,888,000 : 90%
2021-10-28 20:25:21 : 204,200,000 : 0 : 21,066,242,925 : 90%
2021-10-28 20:39:54 : 204,300,000 : 0 : 21,076,466,775 : 90%
2021-10-28 20:54:35 : 204,400,000 : 0 : 21,086,690,625 : 90%
2021-10-28 21:09:23 : 204,500,000 : 0 : 21,096,914,475 : 90%
2021-10-28 21:24:30 : 204,600,000 : 0 : 21,107,138,325 : 90%
2021-10-28 21:39:50 : 204,700,000 : 0 : 21,117,362,175 : 90%
2021-10-28 21:55:26 : 204,800,000 : 0 : 21,127,586,025 : 90%
2021-10-28 22:11:59 : 204,900,000 : 0 : 21,137,678,800 : 90%
2021-10-28 22:28:43 : 205,000,000 : 0 : 21,147,902,650 : 90%
2021-10-28 22:45:21 : 205,100,000 : 0 : 21,158,126,500 : 90%
2021-10-28 23:02:03 : 205,200,000 : 0 : 21,168,219,275 : 90%
2021-10-28 23:18:52 : 205,300,000 : 0 : 21,178,312,050 : 90%
2021-10-28 23:35:57 : 205,400,000 : 0 : 21,188,404,825 : 90%
2021-10-28 23:53:02 : 205,500,000 : 0 : 21,198,366,525 : 91%
2021-10-29 00:10:18 : 205,600,000 : 0 : 21,208,459,300 : 91%
2021-10-29 00:27:33 : 205,700,000 : 0 : 21,218,289,925 : 91%
2021-10-29 00:44:38 : 205,800,000 : 0 : 21,227,989,475 : 91%
2021-10-29 01:01:28 : 205,900,000 : 0 : 21,237,689,025 : 91%
2021-10-29 01:18:15 : 206,000,000 : 0 : 21,247,388,575 : 91%
2021-10-29 01:34:33 : 206,100,000 : 0 : 21,256,825,975 : 91%
2021-10-29 01:51:04 : 206,200,000 : 0 : 21,266,394,450 : 91%
2021-10-29 02:07:57 : 206,300,000 : 0 : 21,276,094,000 : 91%
2021-10-29 02:24:47 : 206,400,000 : 0 : 21,295,099,875 : 91%
2021-10-29 02:41:29 : 206,500,000 : 0 : 21,304,668,350 : 91%
2021-10-29 02:58:43 : 206,600,000 : 0 : 21,314,367,900 : 91%
2021-10-29 03:16:51 : 206,700,000 : 0 : 21,323,674,225 : 91%
2021-10-29 03:34:44 : 206,800,000 : 0 : 21,333,111,625 : 91%
2021-10-29 03:53:27 : 206,900,000 : 0 : 21,342,942,250 : 91%
2021-10-29 04:13:57 : 207,000,000 : 0 : 21,352,772,875 : 91%
2021-10-29 04:35:34 : 207,100,000 : 0 : 21,362,603,500 : 91%
2021-10-29 04:58:41 : 207,200,000 : 0 : 21,372,565,200 : 91%
2021-10-29 05:23:37 : 207,300,000 : 0 : 21,382,526,900 : 91%
2021-10-29 05:49:47 : 207,400,000 : 0 : 21,392,488,600 : 91%
2021-10-29 06:17:21 : 207,500,000 : 0 : 21,402,581,375 : 91%
2021-10-29 06:46:02 : 207,600,000 : 0 : 21,412,674,150 : 91%
2021-10-29 07:15:44 : 207,700,000 : 0 : 21,422,898,000 : 91%
2021-10-29 07:46:53 : 207,800,000 : 0 : 21,433,252,925 : 92%
2021-10-29 08:19:22 : 207,900,000 : 0 : 21,443,607,850 : 92%
2021-10-29 08:52:04 : 208,000,000 : 0 : 21,453,700,625 : 92%
2021-10-29 09:24:46 : 208,100,000 : 0 : 21,463,924,475 : 92%
2021-10-29 09:56:36 : 208,200,000 : 0 : 21,474,017,250 : 92%
2021-10-29 10:26:42 : 208,300,000 : 0 : 21,484,110,025 : 92%
2021-10-29 10:54:34 : 208,400,000 : 0 : 21,494,202,800 : 92%
2021-10-29 11:19:51 : 208,500,000 : 0 : 21,504,295,575 : 92%
2021-10-29 11:43:15 : 208,600,000 : 0 : 21,514,388,350 : 92%
2021-10-29 12:05:06 : 208,700,000 : 0 : 21,524,481,125 : 92%
2021-10-29 12:25:50 : 208,800,000 : 0 : 21,534,704,975 : 92%
2021-10-29 12:45:21 : 208,900,000 : 0 : 21,544,928,825 : 92%
2021-10-29 13:03:39 : 209,000,000 : 0 : 21,555,152,675 : 92%
2021-10-29 13:21:16 : 209,100,000 : 0 : 21,565,376,525 : 92%
2021-10-29 13:38:38 : 209,200,000 : 0 : 21,575,731,450 : 92%
2021-10-29 13:55:19 : 209,300,000 : 0 : 21,586,086,375 : 92%
2021-10-29 14:11:40 : 209,400,000 : 0 : 21,596,310,225 : 92%
2021-10-29 14:27:20 : 209,500,000 : 0 : 21,606,796,225 : 92%
2021-10-29 14:42:55 : 209,600,000 : 0 : 21,617,151,150 : 92%
2021-10-29 14:58:07 : 209,700,000 : 0 : 21,637,992,075 : 92%
2021-10-29 15:13:30 : 209,800,000 : 0 : 21,648,347,000 : 92%
2021-10-29 15:28:36 : 209,900,000 : 0 : 21,658,701,925 : 93%
2021-10-29 15:43:33 : 210,000,000 : 0 : 21,669,056,850 : 93%
2021-10-29 15:58:08 : 210,100,000 : 0 : 21,679,411,775 : 93%
2021-10-29 16:12:51 : 210,200,000 : 0 : 21,689,897,775 : 93%
2021-10-29 16:27:43 : 210,300,000 : 0 : 21,700,121,625 : 93%
2021-10-29 16:42:24 : 210,400,000 : 0 : 21,710,607,625 : 93%
2021-10-29 16:56:57 : 210,500,000 : 0 : 21,720,831,475 : 93%
2021-10-29 17:11:33 : 210,600,000 : 0 : 21,731,055,325 : 93%
2021-10-29 17:25:54 : 210,700,000 : 0 : 21,741,279,175 : 93%
2021-10-29 17:40:02 : 210,800,000 : 0 : 21,751,371,950 : 93%
2021-10-29 17:54:22 : 210,900,000 : 0 : 21,761,595,800 : 93%
2021-10-29 18:08:51 : 211,000,000 : 0 : 21,771,688,575 : 93%
2021-10-29 18:23:27 : 211,100,000 : 0 : 21,781,912,425 : 93%
2021-10-29 18:38:18 : 211,200,000 : 0 : 21,792,005,200 : 93%
2021-10-29 18:53:15 : 211,300,000 : 0 : 21,802,229,050 : 93%
2021-10-29 19:08:09 : 211,400,000 : 0 : 21,812,452,900 : 93%
2021-10-29 19:23:03 : 211,500,000 : 0 : 21,822,676,750 : 93%
2021-10-29 19:37:50 : 211,600,000 : 0 : 21,832,638,450 : 93%
2021-10-29 19:52:10 : 211,700,000 : 0 : 21,842,600,150 : 93%
2021-10-29 20:06:31 : 211,800,000 : 0 : 21,852,561,850 : 93%
2021-10-29 20:21:06 : 211,900,000 : 0 : 21,862,654,625 : 93%
2021-10-29 20:35:57 : 212,000,000 : 0 : 21,872,747,400 : 93%
2021-10-29 20:51:01 : 212,100,000 : 0 : 21,882,709,100 : 93%
2021-10-29 21:06:18 : 212,200,000 : 0 : 21,892,801,875 : 94%
2021-10-29 21:21:54 : 212,300,000 : 0 : 21,902,763,575 : 94%
2021-10-29 21:37:35 : 212,400,000 : 0 : 21,912,725,275 : 94%
2021-10-29 21:53:17 : 212,500,000 : 0 : 21,922,686,975 : 94%
2021-10-29 22:09:17 : 212,600,000 : 0 : 21,932,648,675 : 94%
2021-10-29 22:25:39 : 212,700,000 : 0 : 21,942,610,375 : 94%
2021-10-29 22:42:22 : 212,800,000 : 0 : 21,952,572,075 : 94%
2021-10-29 22:59:19 : 212,900,000 : 0 : 21,972,495,475 : 94%
2021-10-29 23:16:44 : 213,000,000 : 0 : 21,982,195,025 : 94%
2021-10-29 23:34:09 : 213,100,000 : 0 : 21,991,894,575 : 94%
2021-10-29 23:51:46 : 213,200,000 : 0 : 22,001,725,200 : 94%
2021-10-30 00:09:47 : 213,300,000 : 0 : 22,011,424,750 : 94%
2021-10-30 00:27:41 : 213,400,000 : 0 : 22,020,993,225 : 94%
2021-10-30 00:45:43 : 213,500,000 : 0 : 22,030,561,700 : 94%
2021-10-30 01:04:14 : 213,600,000 : 0 : 22,040,130,175 : 94%
2021-10-30 01:22:39 : 213,700,000 : 0 : 22,049,567,575 : 94%
2021-10-30 01:40:59 : 213,800,000 : 0 : 22,059,004,975 : 94%
2021-10-30 01:59:26 : 213,900,000 : 0 : 22,068,442,375 : 94%
2021-10-30 02:18:11 : 214,000,000 : 0 : 22,077,879,775 : 94%
2021-10-30 02:37:05 : 214,100,000 : 0 : 22,087,186,100 : 94%
2021-10-30 02:56:10 : 214,200,000 : 0 : 22,096,623,500 : 94%
2021-10-30 03:15:15 : 214,300,000 : 0 : 22,105,929,825 : 94%
2021-10-30 03:35:00 : 214,400,000 : 0 : 22,115,236,150 : 94%
2021-10-30 03:55:26 : 214,500,000 : 0 : 22,124,673,550 : 94%
2021-10-30 04:17:16 : 214,600,000 : 0 : 22,133,979,875 : 95%
2021-10-30 04:39:44 : 214,700,000 : 0 : 22,143,548,350 : 95%
2021-10-30 05:03:43 : 214,800,000 : 0 : 22,153,116,825 : 95%
2021-10-30 05:29:09 : 214,900,000 : 0 : 22,162,554,225 : 95%
2021-10-30 05:56:05 : 215,000,000 : 0 : 22,172,122,700 : 95%
2021-10-30 06:24:08 : 215,100,000 : 0 : 22,181,560,100 : 95%
2021-10-30 06:53:18 : 215,200,000 : 0 : 22,191,128,575 : 95%
2021-10-30 07:23:32 : 215,300,000 : 0 : 22,200,828,125 : 95%
2021-10-30 07:55:04 : 215,400,000 : 0 : 22,210,396,600 : 95%
2021-10-30 08:26:51 : 215,500,000 : 0 : 22,220,096,150 : 95%
2021-10-30 08:59:11 : 215,600,000 : 0 : 22,229,795,700 : 95%
2021-10-30 09:31:39 : 215,700,000 : 0 : 22,239,364,175 : 95%
2021-10-30 10:03:27 : 215,800,000 : 0 : 22,248,932,650 : 95%
2021-10-30 10:34:39 : 215,900,000 : 0 : 22,258,501,125 : 95%
2021-10-30 11:04:17 : 216,000,000 : 0 : 22,268,069,600 : 95%
2021-10-30 11:32:40 : 216,100,000 : 0 : 22,277,769,150 : 95%
2021-10-30 11:59:03 : 216,200,000 : 0 : 22,287,337,625 : 95%
2021-10-30 12:23:31 : 216,300,000 : 0 : 22,297,168,250 : 95%
2021-10-30 12:46:26 : 216,400,000 : 0 : 22,306,867,800 : 95%
2021-10-30 13:07:19 : 216,500,000 : 0 : 22,316,698,425 : 95%
2021-10-30 13:27:38 : 216,600,000 : 0 : 22,326,529,050 : 95%
2021-10-30 13:46:49 : 216,700,000 : 0 : 22,336,359,675 : 95%
2021-10-30 14:05:16 : 216,800,000 : 0 : 22,346,190,300 : 95%
2021-10-30 14:23:06 : 216,900,000 : 0 : 22,356,020,925 : 95%
2021-10-30 14:40:36 : 217,000,000 : 0 : 22,365,851,550 : 96%
2021-10-30 14:57:39 : 217,100,000 : 0 : 22,375,944,325 : 96%
2021-10-30 15:14:18 : 217,200,000 : 0 : 22,385,906,025 : 96%
2021-10-30 15:30:34 : 217,300,000 : 0 : 22,395,736,650 : 96%
2021-10-30 15:46:09 : 217,400,000 : 0 : 22,405,567,275 : 96%
2021-10-30 16:01:33 : 217,500,000 : 0 : 22,415,397,900 : 96%
2021-10-30 16:17:05 : 217,600,000 : 0 : 22,435,190,225 : 96%
2021-10-30 16:32:33 : 217,700,000 : 0 : 22,445,151,925 : 96%
2021-10-30 16:47:49 : 217,800,000 : 0 : 22,454,982,550 : 96%
2021-10-30 17:03:13 : 217,900,000 : 0 : 22,464,813,175 : 96%
2021-10-30 17:18:22 : 218,000,000 : 0 : 22,474,643,800 : 96%
2021-10-30 17:33:35 : 218,100,000 : 0 : 22,484,474,425 : 96%
2021-10-30 17:48:49 : 218,200,000 : 0 : 22,494,173,975 : 96%
2021-10-30 18:04:06 : 218,300,000 : 0 : 22,503,873,525 : 96%
2021-10-30 18:19:43 : 218,400,000 : 0 : 22,513,573,075 : 96%
2021-10-30 18:34:56 : 218,500,000 : 0 : 22,523,272,625 : 96%
2021-10-30 18:50:11 : 218,600,000 : 0 : 22,532,972,175 : 96%
2021-10-30 19:05:21 : 218,700,000 : 0 : 22,542,540,650 : 96%
2021-10-30 19:21:04 : 218,800,000 : 0 : 22,552,240,200 : 96%
2021-10-30 19:37:05 : 218,900,000 : 0 : 22,561,939,750 : 96%
2021-10-30 19:52:53 : 219,000,000 : 0 : 22,571,639,300 : 96%
2021-10-30 20:08:51 : 219,100,000 : 0 : 22,581,469,925 : 96%
2021-10-30 20:25:15 : 219,200,000 : 0 : 22,591,169,475 : 96%
2021-10-30 20:41:52 : 219,300,000 : 0 : 22,600,869,025 : 97%
2021-10-30 20:57:56 : 219,400,000 : 0 : 22,610,568,575 : 97%
2021-10-30 21:14:31 : 219,500,000 : 0 : 22,620,268,125 : 97%
2021-10-30 21:31:14 : 219,600,000 : 0 : 22,630,098,750 : 97%
2021-10-30 21:48:27 : 219,700,000 : 0 : 22,639,929,375 : 97%
2021-10-30 22:05:48 : 219,800,000 : 0 : 22,649,760,000 : 97%
2021-10-30 22:23:14 : 219,900,000 : 0 : 22,659,459,550 : 97%
2021-10-30 22:40:50 : 220,000,000 : 0 : 22,669,290,175 : 97%
2021-10-30 22:58:44 : 220,100,000 : 0 : 22,678,989,725 : 97%
2021-10-30 23:17:12 : 220,200,000 : 0 : 22,688,820,350 : 97%
2021-10-30 23:35:45 : 220,300,000 : 0 : 22,698,650,975 : 97%
2021-10-30 23:54:30 : 220,400,000 : 0 : 22,708,350,525 : 97%
2021-10-31 00:13:12 : 220,500,000 : 0 : 22,717,919,000 : 97%
2021-10-31 00:31:42 : 220,600,000 : 0 : 22,727,487,475 : 97%
2021-10-31 00:50:08 : 220,700,000 : 0 : 22,736,924,875 : 97%
2021-10-31 01:08:48 : 220,800,000 : 0 : 22,746,493,350 : 97%
2021-10-31 01:27:30 : 220,900,000 : 0 : 22,755,799,675 : 97%
2021-10-31 01:46:20 : 221,000,000 : 0 : 22,765,237,075 : 97%
2021-10-31 02:05:11 : 221,100,000 : 0 : 22,774,543,400 : 97%
2021-10-31 02:24:30 : 221,200,000 : 0 : 22,783,980,800 : 97%
2021-10-31 02:43:57 : 221,300,000 : 0 : 22,793,418,200 : 97%
2021-10-31 03:04:01 : 221,400,000 : 0 : 22,802,855,600 : 97%
2021-10-31 03:24:23 : 221,500,000 : 0 : 22,821,599,325 : 97%
2021-10-31 03:45:36 : 221,600,000 : 0 : 22,831,167,800 : 98%
2021-10-31 04:07:33 : 221,700,000 : 0 : 22,840,736,275 : 98%
2021-10-31 04:31:07 : 221,800,000 : 0 : 22,850,435,825 : 98%
2021-10-31 04:56:26 : 221,900,000 : 0 : 22,860,135,375 : 98%
2021-10-31 05:22:57 : 222,000,000 : 0 : 22,869,834,925 : 98%
2021-10-31 05:51:03 : 222,100,000 : 0 : 22,879,534,475 : 98%
2021-10-31 06:20:29 : 222,200,000 : 0 : 22,889,365,100 : 98%
2021-10-31 06:51:23 : 222,300,000 : 0 : 22,899,064,650 : 98%
2021-10-31 07:21:58 : 222,400,000 : 0 : 22,908,633,125 : 98%
2021-10-31 07:53:01 : 222,500,000 : 0 : 22,918,201,600 : 98%
2021-10-31 08:24:11 : 222,600,000 : 0 : 22,927,770,075 : 98%
2021-10-31 08:55:33 : 222,700,000 : 0 : 22,937,600,700 : 98%
2021-10-31 09:28:06 : 222,800,000 : 0 : 22,947,169,175 : 98%
2021-10-31 10:00:07 : 222,900,000 : 0 : 22,956,737,650 : 98%
2021-10-31 10:30:22 : 223,000,000 : 0 : 22,966,043,975 : 98%
2021-10-31 10:58:38 : 223,100,000 : 0 : 22,975,350,300 : 98%
2021-10-31 11:27:00 : 223,200,000 : 0 : 22,985,049,850 : 98%
2021-10-31 11:54:42 : 223,300,000 : 0 : 22,994,880,475 : 98%
2021-10-31 12:21:16 : 223,400,000 : 0 : 23,004,842,175 : 98%
2021-10-31 12:45:34 : 223,500,000 : 0 : 23,014,803,875 : 98%
2021-10-31 13:08:11 : 223,600,000 : 0 : 23,024,765,575 : 98%
2021-10-31 13:29:38 : 223,700,000 : 0 : 23,034,727,275 : 98%
2021-10-31 13:49:39 : 223,800,000 : 0 : 23,044,688,975 : 98%
2021-10-31 14:08:25 : 223,900,000 : 0 : 23,054,388,525 : 98%
2021-10-31 14:26:12 : 224,000,000 : 0 : 23,064,219,150 : 99%
2021-10-31 14:43:42 : 224,100,000 : 0 : 23,074,049,775 : 99%
2021-10-31 15:00:26 : 224,200,000 : 0 : 23,083,880,400 : 99%
2021-10-31 15:16:57 : 224,300,000 : 0 : 23,093,842,100 : 99%
2021-10-31 15:33:07 : 224,400,000 : 0 : 23,103,672,725 : 99%
2021-10-31 15:49:11 : 224,500,000 : 0 : 23,113,634,425 : 99%
2021-10-31 16:05:04 : 224,600,000 : 0 : 23,123,465,050 : 99%
2021-10-31 16:20:48 : 224,700,000 : 0 : 23,133,426,750 : 99%
2021-10-31 16:36:46 : 224,800,000 : 0 : 23,143,519,525 : 99%
2021-10-31 16:52:42 : 224,900,000 : 0 : 23,153,481,225 : 99%
2021-10-31 17:08:21 : 225,000,000 : 0 : 23,163,442,925 : 99%
2021-10-31 17:23:39 : 225,100,000 : 0 : 23,173,273,550 : 99%
2021-10-31 17:39:50 : 225,200,000 : 0 : 23,183,104,175 : 99%
2021-10-31 17:55:25 : 225,300,000 : 0 : 23,192,803,725 : 99%
2021-10-31 18:10:41 : 225,400,000 : 0 : 23,202,634,350 : 99%
2021-10-31 18:25:34 : 225,500,000 : 0 : 23,222,033,450 : 99%
2021-10-31 18:40:56 : 225,600,000 : 0 : 23,231,733,000 : 99%
2021-10-31 18:56:16 : 225,700,000 : 0 : 23,241,432,550 : 99%
2021-10-31 19:11:25 : 225,800,000 : 0 : 23,251,001,025 : 99%
2021-10-31 19:26:31 : 225,900,000 : 0 : 23,260,438,425 : 99%
2021-10-31 19:41:30 : 226,000,000 : 0 : 23,270,006,900 : 99%
2021-10-31 19:56:47 : 226,100,000 : 0 : 23,279,444,300 : 99%
2021-10-31 20:11:52 : 226,200,000 : 0 : 23,289,012,775 : 99%
2021-10-31 20:27:02 : 226,300,000 : 0 : 23,298,581,250 : 100%
2021-10-31 20:42:42 : 226,400,000 : 0 : 23,308,280,800 : 100%
2021-10-31 20:58:57 : 226,500,000 : 0 : 23,317,980,350 : 100%
2021-10-31 21:15:18 : 226,600,000 : 0 : 23,327,810,975 : 100%
2021-10-31 21:31:54 : 226,700,000 : 0 : 23,337,510,525 : 100%
2021-10-31 21:48:39 : 226,800,000 : 0 : 23,347,210,075 : 100%
2021-10-31 22:05:46 : 226,900,000 : 0 : 23,356,909,625 : 100%
2021-10-31 22:23:16 : 227,000,000 : 0 : 23,366,609,175 : 100%
2021-10-31 22:41:14 : 227,100,000 : 0 : 23,376,439,800 : 100%
2021-10-31 22:59:12 : 227,200,000 : 0 : 23,386,139,350 : 100%
2021-10-31 23:17:37 : 227,300,000 : 0 : 23,395,707,825 : 100%
2021-10-31 23:35:47 : 227,400,000 : 0 : 23,405,407,375 : 100%
2021-10-31 23:54:41 : 227,500,000 : 0 : 23,414,272,320 : 100%
2021-11-01 00:19:01 : 100,000 : 0 : 21,103,075 : 0%
2021-11-01 00:37:48 : 200,000 : 0 : 31,064,775 : 0%
2021-11-01 00:56:16 : 300,000 : 0 : 41,026,475 : 0%
2021-11-01 01:15:19 : 400,000 : 0 : 50,857,100 : 0%
2021-11-01 01:34:03 : 500,000 : 0 : 60,556,650 : 0%
2021-11-01 01:52:57 : 600,000 : 0 : 70,387,275 : 0%
2021-11-01 02:11:48 : 700,000 : 0 : 80,086,825 : 0%
2021-11-01 02:31:05 : 800,000 : 0 : 89,786,375 : 0%
2021-11-01 02:50:18 : 900,000 : 0 : 99,354,850 : 0%
2021-11-01 03:09:38 : 1,000,000 : 0 : 108,792,250 : 0%
2021-11-01 03:29:01 : 1,100,000 : 0 : 118,229,650 : 0%
2021-11-01 03:48:53 : 1,200,000 : 0 : 127,929,200 : 1%
2021-11-01 04:10:45 : 1,300,000 : 0 : 137,628,750 : 1%
2021-11-01 04:34:20 : 1,400,000 : 0 : 147,459,375 : 1%
2021-11-01 05:00:02 : 1,500,000 : 0 : 157,290,000 : 1%
2021-11-01 05:26:53 : 1,600,000 : 0 : 166,989,550 : 1%
2021-11-01 05:56:02 : 1,700,000 : 0 : 176,689,100 : 1%
2021-11-01 06:28:01 : 1,800,000 : 0 : 186,650,800 : 1%
2021-11-01 07:01:24 : 1,900,000 : 0 : 196,612,500 : 1%
2021-11-01 07:36:12 : 2,000,000 : 0 : 206,705,275 : 1%
2021-11-01 08:11:50 : 2,100,000 : 0 : 216,666,975 : 1%
2021-11-01 08:48:13 : 2,200,000 : 0 : 226,759,750 : 1%
2021-11-01 09:24:19 : 2,300,000 : 0 : 236,852,525 : 1%
2021-11-01 09:58:47 : 2,400,000 : 0 : 246,814,225 : 1%
2021-11-01 10:30:21 : 2,500,000 : 0 : 256,775,925 : 1%
2021-11-01 10:59:53 : 2,600,000 : 0 : 266,737,625 : 1%
2021-11-01 11:27:14 : 2,700,000 : 0 : 276,699,325 : 1%
2021-11-01 11:53:02 : 2,800,000 : 0 : 286,792,100 : 1%
2021-11-01 12:17:25 : 2,900,000 : 0 : 297,015,950 : 1%
2021-11-01 12:39:59 : 3,000,000 : 0 : 307,108,725 : 1%
2021-11-01 13:01:07 : 3,100,000 : 0 : 317,332,575 : 1%
2021-11-01 13:21:03 : 3,200,000 : 0 : 327,556,425 : 1%
2021-11-01 13:40:01 : 3,300,000 : 0 : 337,780,275 : 1%
2021-11-01 13:58:12 : 3,400,000 : 0 : 348,135,200 : 1%
2021-11-01 14:15:43 : 3,500,000 : 0 : 358,359,050 : 2%
2021-11-01 14:32:25 : 3,600,000 : 0 : 378,806,750 : 2%
2021-11-01 14:48:55 : 3,700,000 : 0 : 389,161,675 : 2%
2021-11-01 15:05:31 : 3,800,000 : 0 : 399,647,675 : 2%
2021-11-01 15:21:57 : 3,900,000 : 0 : 410,002,600 : 2%
2021-11-01 15:38:08 : 4,000,000 : 0 : 420,357,525 : 2%
2021-11-01 15:54:05 : 4,100,000 : 0 : 430,843,525 : 2%
2021-11-01 16:10:01 : 4,200,000 : 0 : 441,329,525 : 2%
2021-11-01 16:25:54 : 4,300,000 : 0 : 451,684,450 : 2%
2021-11-01 16:41:29 : 4,400,000 : 0 : 462,039,375 : 2%
2021-11-01 16:56:44 : 4,500,000 : 0 : 472,394,300 : 2%
2021-11-01 17:11:49 : 4,600,000 : 0 : 482,749,225 : 2%
2021-11-01 17:26:54 : 4,700,000 : 0 : 493,104,150 : 2%
2021-11-01 17:41:52 : 4,800,000 : 0 : 503,459,075 : 2%
2021-11-01 17:56:50 : 4,900,000 : 0 : 513,814,000 : 2%
2021-11-01 18:11:52 : 5,000,000 : 0 : 524,168,925 : 2%
2021-11-01 18:26:52 : 5,100,000 : 0 : 534,523,850 : 2%
2021-11-01 18:41:52 : 5,200,000 : 0 : 544,747,700 : 2%
2021-11-01 18:56:51 : 5,300,000 : 0 : 555,233,700 : 2%
2021-11-01 19:11:55 : 5,400,000 : 0 : 565,457,550 : 2%
2021-11-01 19:26:48 : 5,500,000 : 0 : 575,812,475 : 2%
2021-11-01 19:41:40 : 5,600,000 : 0 : 586,167,400 : 2%
2021-11-01 19:56:30 : 5,700,000 : 0 : 596,522,325 : 3%
2021-11-01 20:11:03 : 5,800,000 : 0 : 606,615,100 : 3%
2021-11-01 20:25:29 : 5,900,000 : 0 : 616,838,950 : 3%
2021-11-01 20:40:05 : 6,000,000 : 0 : 626,931,725 : 3%
2021-11-01 20:54:54 : 6,100,000 : 0 : 637,155,575 : 3%
2021-11-01 21:09:58 : 6,200,000 : 0 : 657,734,350 : 3%
2021-11-01 21:25:10 : 6,300,000 : 0 : 667,958,200 : 3%
2021-11-01 21:40:18 : 6,400,000 : 0 : 678,050,975 : 3%
2021-11-01 21:55:38 : 6,500,000 : 0 : 688,274,825 : 3%
2021-11-01 22:11:08 : 6,600,000 : 0 : 698,498,675 : 3%
2021-11-01 22:27:04 : 6,700,000 : 0 : 708,722,525 : 3%
2021-11-01 22:43:01 : 6,800,000 : 0 : 718,946,375 : 3%
2021-11-01 22:58:57 : 6,900,000 : 0 : 729,039,150 : 3%
2021-11-01 23:15:00 : 7,000,000 : 0 : 739,131,925 : 3%
2021-11-01 23:31:09 : 7,100,000 : 0 : 749,224,700 : 3%
2021-11-01 23:47:29 : 7,200,000 : 0 : 759,317,475 : 3%
2021-11-02 00:03:43 : 7,300,000 : 0 : 769,279,175 : 3%
2021-11-02 00:20:03 : 7,400,000 : 0 : 779,109,800 : 3%
2021-11-02 00:36:08 : 7,500,000 : 0 : 789,071,500 : 3%
2021-11-02 00:52:39 : 7,600,000 : 0 : 798,902,125 : 3%
2021-11-02 01:09:05 : 7,700,000 : 0 : 808,732,750 : 3%
2021-11-02 01:25:38 : 7,800,000 : 0 : 818,432,300 : 3%
2021-11-02 01:42:09 : 7,900,000 : 0 : 828,131,850 : 3%
2021-11-02 01:58:34 : 8,000,000 : 0 : 837,962,475 : 4%
2021-11-02 02:15:32 : 8,100,000 : 0 : 847,793,100 : 4%
2021-11-02 02:32:58 : 8,200,000 : 0 : 857,623,725 : 4%
2021-11-02 02:50:42 : 8,300,000 : 0 : 867,454,350 : 4%
2021-11-02 03:08:36 : 8,400,000 : 0 : 877,153,900 : 4%
2021-11-02 03:27:15 : 8,500,000 : 0 : 886,853,450 : 4%
2021-11-02 03:47:16 : 8,600,000 : 0 : 896,815,150 : 4%
2021-11-02 04:08:39 : 8,700,000 : 0 : 906,907,925 : 4%
2021-11-02 04:31:29 : 8,800,000 : 0 : 916,869,625 : 4%
2021-11-02 04:55:53 : 8,900,000 : 0 : 926,831,325 : 4%
2021-11-02 05:22:04 : 9,000,000 : 0 : 936,793,025 : 4%
2021-11-02 05:49:40 : 9,100,000 : 0 : 946,754,725 : 4%
2021-11-02 06:19:24 : 9,200,000 : 0 : 956,847,500 : 4%
2021-11-02 06:50:45 : 9,300,000 : 0 : 976,770,900 : 4%
2021-11-02 07:23:00 : 9,400,000 : 0 : 986,863,675 : 4%
2021-11-02 07:56:06 : 9,500,000 : 0 : 996,956,450 : 4%
2021-11-02 08:30:15 : 9,600,000 : 0 : 1,007,049,225 : 4%
2021-11-02 09:05:03 : 9,700,000 : 0 : 1,017,142,000 : 4%
2021-11-02 09:39:10 : 9,800,000 : 0 : 1,027,234,775 : 4%
2021-11-02 10:10:50 : 9,900,000 : 0 : 1,037,327,550 : 4%
2021-11-02 10:40:39 : 10,000,000 : 0 : 1,047,551,400 : 4%
2021-11-02 11:08:26 : 10,100,000 : 0 : 1,057,644,175 : 4%
2021-11-02 11:33:57 : 10,200,000 : 0 : 1,067,868,025 : 5%
2021-11-02 11:57:29 : 10,300,000 : 0 : 1,078,091,875 : 5%
2021-11-02 12:19:25 : 10,400,000 : 0 : 1,088,315,725 : 5%
2021-11-02 12:39:47 : 10,500,000 : 0 : 1,098,670,650 : 5%
2021-11-02 12:59:06 : 10,600,000 : 0 : 1,108,894,500 : 5%
2021-11-02 13:17:14 : 10,700,000 : 0 : 1,119,249,425 : 5%
2021-11-02 13:34:42 : 10,800,000 : 0 : 1,129,604,350 : 5%
2021-11-02 13:51:30 : 10,900,000 : 0 : 1,140,090,350 : 5%
2021-11-02 14:07:51 : 11,000,000 : 0 : 1,150,445,275 : 5%
2021-11-02 14:23:45 : 11,100,000 : 0 : 1,160,800,200 : 5%
2021-11-02 14:39:15 : 11,200,000 : 0 : 1,171,286,200 : 5%
2021-11-02 14:54:43 : 11,300,000 : 0 : 1,181,772,200 : 5%
2021-11-02 15:10:03 : 11,400,000 : 0 : 1,192,258,200 : 5%
2021-11-02 15:25:08 : 11,500,000 : 0 : 1,202,744,200 : 5%
2021-11-02 15:40:22 : 11,600,000 : 0 : 1,213,230,200 : 5%
2021-11-02 15:55:23 : 11,700,000 : 0 : 1,223,716,200 : 5%
2021-11-02 16:10:16 : 11,800,000 : 0 : 1,234,202,200 : 5%
2021-11-02 16:25:01 : 11,900,000 : 0 : 1,244,688,200 : 5%
2021-11-02 16:39:37 : 12,000,000 : 0 : 1,255,174,200 : 5%
2021-11-02 16:54:14 : 12,100,000 : 0 : 1,276,277,275 : 5%
2021-11-02 17:08:47 : 12,200,000 : 0 : 1,286,632,200 : 5%
2021-11-02 17:23:05 : 12,300,000 : 0 : 1,297,118,200 : 5%
2021-11-02 17:37:43 : 12,400,000 : 0 : 1,307,604,200 : 6%
2021-11-02 17:52:11 : 12,500,000 : 0 : 1,318,090,200 : 6%
2021-11-02 18:06:35 : 12,600,000 : 0 : 1,328,445,125 : 6%
2021-11-02 18:20:49 : 12,700,000 : 0 : 1,338,800,050 : 6%
2021-11-02 18:34:53 : 12,800,000 : 0 : 1,349,154,975 : 6%
2021-11-02 18:49:02 : 12,900,000 : 0 : 1,359,509,900 : 6%
2021-11-02 19:02:56 : 13,000,000 : 0 : 1,369,733,750 : 6%
2021-11-02 19:17:13 : 13,100,000 : 0 : 1,379,957,600 : 6%
2021-11-02 19:31:26 : 13,200,000 : 0 : 1,390,312,525 : 6%
2021-11-02 19:45:30 : 13,300,000 : 0 : 1,400,536,375 : 6%
2021-11-02 19:59:36 : 13,400,000 : 0 : 1,410,760,225 : 6%
2021-11-02 20:13:36 : 13,500,000 : 0 : 1,421,115,150 : 6%
2021-11-02 20:27:37 : 13,600,000 : 0 : 1,431,207,925 : 6%
2021-11-02 20:41:16 : 13,700,000 : 0 : 1,441,300,700 : 6%
2021-11-02 20:54:59 : 13,800,000 : 0 : 1,451,393,475 : 6%
2021-11-02 21:09:00 : 13,900,000 : 0 : 1,461,486,250 : 6%
2021-11-02 21:23:02 : 14,000,000 : 0 : 1,471,447,950 : 6%
2021-11-02 21:37:01 : 14,100,000 : 0 : 1,481,540,725 : 6%
2021-11-02 21:51:15 : 14,200,000 : 0 : 1,491,633,500 : 6%
2021-11-02 22:05:20 : 14,300,000 : 0 : 1,501,726,275 : 6%
2021-11-02 22:19:53 : 14,400,000 : 0 : 1,511,819,050 : 6%
2021-11-02 22:34:43 : 14,500,000 : 0 : 1,522,042,900 : 6%
2021-11-02 22:49:42 : 14,600,000 : 0 : 1,532,135,675 : 6%
2021-11-02 23:04:48 : 14,700,000 : 0 : 1,542,228,450 : 7%
2021-11-02 23:19:57 : 14,800,000 : 0 : 1,552,190,150 : 7%
2021-11-02 23:34:52 : 14,900,000 : 0 : 1,572,113,550 : 7%
2021-11-02 23:50:02 : 15,000,000 : 0 : 1,581,944,175 : 7%
2021-11-03 00:05:19 : 15,100,000 : 0 : 1,591,905,875 : 7%
2021-11-03 00:20:24 : 15,200,000 : 0 : 1,601,605,425 : 7%
2021-11-03 00:35:09 : 15,300,000 : 0 : 1,611,304,975 : 7%
2021-11-03 00:50:15 : 15,400,000 : 0 : 1,621,135,600 : 7%
2021-11-03 01:05:37 : 15,500,000 : 0 : 1,630,835,150 : 7%
2021-11-03 01:20:32 : 15,600,000 : 0 : 1,640,403,625 : 7%
2021-11-03 01:35:46 : 15,700,000 : 0 : 1,650,103,175 : 7%
2021-11-03 01:50:59 : 15,800,000 : 0 : 1,659,933,800 : 7%
2021-11-03 02:06:16 : 15,900,000 : 0 : 1,669,633,350 : 7%
2021-11-03 02:21:59 : 16,000,000 : 0 : 1,679,332,900 : 7%
2021-11-03 02:37:51 : 16,100,000 : 0 : 1,689,032,450 : 7%
2021-11-03 02:53:40 : 16,200,000 : 0 : 1,698,600,925 : 7%
2021-11-03 03:09:52 : 16,300,000 : 0 : 1,708,300,475 : 7%
2021-11-03 03:26:32 : 16,400,000 : 0 : 1,717,868,950 : 7%
2021-11-03 03:43:31 : 16,500,000 : 0 : 1,727,568,500 : 7%
2021-11-03 04:01:35 : 16,600,000 : 0 : 1,737,268,050 : 7%
2021-11-03 04:20:49 : 16,700,000 : 0 : 1,747,098,675 : 7%
2021-11-03 04:41:20 : 16,800,000 : 0 : 1,756,798,225 : 7%
2021-11-03 05:03:02 : 16,900,000 : 0 : 1,766,628,850 : 7%
2021-11-03 05:26:32 : 17,000,000 : 0 : 1,776,590,550 : 7%
2021-11-03 05:51:58 : 17,100,000 : 0 : 1,786,421,175 : 8%
2021-11-03 06:19:24 : 17,200,000 : 0 : 1,796,382,875 : 8%
2021-11-03 06:47:43 : 17,300,000 : 0 : 1,806,213,500 : 8%
2021-11-03 07:17:44 : 17,400,000 : 0 : 1,816,175,200 : 8%
2021-11-03 07:49:22 : 17,500,000 : 0 : 1,826,399,050 : 8%
2021-11-03 08:22:01 : 17,600,000 : 0 : 1,836,491,825 : 8%
2021-11-03 08:55:39 : 17,700,000 : 0 : 1,846,715,675 : 8%
2021-11-03 09:28:53 : 17,800,000 : 0 : 1,856,808,450 : 8%
2021-11-03 10:00:25 : 17,900,000 : 0 : 1,866,901,225 : 8%
2021-11-03 10:29:17 : 18,000,000 : 0 : 1,876,994,000 : 8%
2021-11-03 10:55:44 : 18,100,000 : 0 : 1,887,217,850 : 8%
2021-11-03 11:20:27 : 18,200,000 : 0 : 1,897,179,550 : 8%
2021-11-03 11:43:33 : 18,300,000 : 0 : 1,907,272,325 : 8%
2021-11-03 12:05:29 : 18,400,000 : 0 : 1,917,365,100 : 8%
2021-11-03 12:25:52 : 18,500,000 : 0 : 1,937,812,800 : 8%
2021-11-03 12:45:20 : 18,600,000 : 0 : 1,948,298,800 : 8%
2021-11-03 13:03:55 : 18,700,000 : 0 : 1,958,522,650 : 8%
2021-11-03 13:21:36 : 18,800,000 : 0 : 1,968,877,575 : 8%
2021-11-03 13:38:29 : 18,900,000 : 0 : 1,979,232,500 : 8%
2021-11-03 13:54:26 : 19,000,000 : 0 : 1,989,456,350 : 8%
2021-11-03 14:09:43 : 19,100,000 : 0 : 1,999,811,275 : 8%
2021-11-03 14:24:45 : 19,200,000 : 0 : 2,010,035,125 : 8%
2021-11-03 14:39:42 : 19,300,000 : 0 : 2,020,390,050 : 9%
2021-11-03 14:54:12 : 19,400,000 : 0 : 2,030,744,975 : 9%
2021-11-03 15:08:33 : 19,500,000 : 0 : 2,041,230,975 : 9%
2021-11-03 15:22:51 : 19,600,000 : 0 : 2,051,585,900 : 9%
2021-11-03 15:36:58 : 19,700,000 : 0 : 2,061,940,825 : 9%
2021-11-03 15:50:40 : 19,800,000 : 0 : 2,072,295,750 : 9%
2021-11-03 16:04:22 : 19,900,000 : 0 : 2,082,781,750 : 9%
2021-11-03 16:18:08 : 20,000,000 : 0 : 2,093,136,675 : 9%
2021-11-03 16:31:40 : 20,100,000 : 0 : 2,103,491,600 : 9%
2021-11-03 16:45:22 : 20,200,000 : 0 : 2,113,977,600 : 9%
2021-11-03 16:59:00 : 20,300,000 : 0 : 2,124,463,600 : 9%
2021-11-03 17:12:43 : 20,400,000 : 0 : 2,134,818,525 : 9%
2021-11-03 17:26:24 : 20,500,000 : 0 : 2,145,173,450 : 9%
2021-11-03 17:40:12 : 20,600,000 : 0 : 2,155,659,450 : 9%
2021-11-03 17:53:57 : 20,700,000 : 0 : 2,166,014,375 : 9%
2021-11-03 18:07:41 : 20,800,000 : 0 : 2,176,369,300 : 9%
2021-11-03 18:21:40 : 20,900,000 : 0 : 2,186,724,225 : 9%
2021-11-03 18:35:34 : 21,000,000 : 0 : 2,197,079,150 : 9%
2021-11-03 18:49:36 : 21,100,000 : 0 : 2,217,920,075 : 9%
2021-11-03 19:03:29 : 21,200,000 : 0 : 2,228,143,925 : 9%
2021-11-03 19:17:30 : 21,300,000 : 0 : 2,238,629,925 : 9%
2021-11-03 19:31:36 : 21,400,000 : 0 : 2,248,984,850 : 9%
2021-11-03 19:45:51 : 21,500,000 : 0 : 2,259,208,700 : 10%
2021-11-03 19:59:50 : 21,600,000 : 0 : 2,269,563,625 : 10%
2021-11-03 20:13:59 : 21,700,000 : 0 : 2,279,918,550 : 10%
2021-11-03 20:27:52 : 21,800,000 : 0 : 2,290,142,400 : 10%
2021-11-03 20:41:28 : 21,900,000 : 0 : 2,300,235,175 : 10%
2021-11-03 20:55:20 : 22,000,000 : 0 : 2,310,590,100 : 10%
2021-11-03 21:09:40 : 22,100,000 : 0 : 2,320,813,950 : 10%
2021-11-03 21:24:07 : 22,200,000 : 0 : 2,331,037,800 : 10%
2021-11-03 21:38:37 : 22,300,000 : 0 : 2,341,261,650 : 10%
2021-11-03 21:53:11 : 22,400,000 : 0 : 2,351,354,425 : 10%
2021-11-03 22:07:45 : 22,500,000 : 0 : 2,361,578,275 : 10%
2021-11-03 22:22:51 : 22,600,000 : 0 : 2,371,933,200 : 10%
2021-11-03 22:38:22 : 22,700,000 : 0 : 2,382,157,050 : 10%
2021-11-03 22:53:59 : 22,800,000 : 0 : 2,392,380,900 : 10%
2021-11-03 23:09:56 : 22,900,000 : 0 : 2,402,604,750 : 10%
2021-11-03 23:25:51 : 23,000,000 : 0 : 2,412,697,525 : 10%
2021-11-03 23:41:54 : 23,100,000 : 0 : 2,422,790,300 : 10%
2021-11-03 23:58:09 : 23,200,000 : 0 : 2,432,883,075 : 10%
2021-11-04 00:14:21 : 23,300,000 : 0 : 2,442,975,850 : 10%
2021-11-04 00:30:24 : 23,400,000 : 0 : 2,452,937,550 : 10%
2021-11-04 00:46:14 : 23,500,000 : 0 : 2,462,768,175 : 10%
2021-11-04 01:02:06 : 23,600,000 : 0 : 2,472,598,800 : 10%
2021-11-04 01:18:12 : 23,700,000 : 0 : 2,482,429,425 : 10%
2021-11-04 01:34:18 : 23,800,000 : 0 : 2,492,260,050 : 11%
2021-11-04 01:50:40 : 23,900,000 : 0 : 2,502,221,750 : 11%
2021-11-04 02:07:23 : 24,000,000 : 0 : 2,522,014,075 : 11%
2021-11-04 02:24:34 : 24,100,000 : 0 : 2,531,975,775 : 11%
2021-11-04 02:42:03 : 24,200,000 : 0 : 2,541,937,475 : 11%
2021-11-04 03:00:12 : 24,300,000 : 0 : 2,551,899,175 : 11%
2021-11-04 03:18:59 : 24,400,000 : 0 : 2,561,860,875 : 11%
2021-11-04 03:38:25 : 24,500,000 : 0 : 2,571,822,575 : 11%
2021-11-04 03:58:45 : 24,600,000 : 0 : 2,581,784,275 : 11%
2021-11-04 04:20:08 : 24,700,000 : 0 : 2,591,745,975 : 11%
2021-11-04 04:42:46 : 24,800,000 : 0 : 2,601,576,600 : 11%
2021-11-04 05:07:04 : 24,900,000 : 0 : 2,611,538,300 : 11%
2021-11-04 05:33:02 : 25,000,000 : 0 : 2,621,500,000 : 11%
2021-11-04 06:00:53 : 25,100,000 : 0 : 2,631,461,700 : 11%
2021-11-04 06:30:25 : 25,200,000 : 0 : 2,641,423,400 : 11%
2021-11-04 07:01:15 : 25,300,000 : 0 : 2,651,516,175 : 11%
2021-11-04 07:33:57 : 25,400,000 : 0 : 2,661,608,950 : 11%
2021-11-04 08:06:53 : 25,500,000 : 0 : 2,671,701,725 : 11%
2021-11-04 08:40:19 : 25,600,000 : 0 : 2,681,925,575 : 11%
2021-11-04 09:13:58 : 25,700,000 : 0 : 2,692,018,350 : 11%
2021-11-04 09:46:14 : 25,800,000 : 0 : 2,702,111,125 : 11%
2021-11-04 10:16:56 : 25,900,000 : 0 : 2,712,203,900 : 11%
2021-11-04 10:45:20 : 26,000,000 : 0 : 2,722,296,675 : 11%
2021-11-04 11:11:18 : 26,100,000 : 0 : 2,732,389,450 : 12%
2021-11-04 11:35:30 : 26,200,000 : 0 : 2,742,613,300 : 12%
2021-11-04 11:58:16 : 26,300,000 : 0 : 2,752,837,150 : 12%
2021-11-04 12:19:28 : 26,400,000 : 0 : 2,763,061,000 : 12%
2021-11-04 12:39:21 : 26,500,000 : 0 : 2,773,284,850 : 12%
2021-11-04 12:58:17 : 26,600,000 : 0 : 2,783,639,775 : 12%
2021-11-04 13:16:25 : 26,700,000 : 0 : 2,793,994,700 : 12%
2021-11-04 13:33:33 : 26,800,000 : 0 : 2,804,349,625 : 12%
2021-11-04 13:50:14 : 26,900,000 : 0 : 2,814,835,625 : 12%
2021-11-04 14:06:17 : 27,000,000 : 0 : 2,825,190,550 : 12%
2021-11-04 14:22:00 : 27,100,000 : 0 : 2,845,900,400 : 12%
2021-11-04 14:37:01 : 27,200,000 : 0 : 2,856,255,325 : 12%
2021-11-04 14:51:46 : 27,300,000 : 0 : 2,866,741,325 : 12%
2021-11-04 15:06:18 : 27,400,000 : 0 : 2,877,096,250 : 12%
2021-11-04 15:20:32 : 27,500,000 : 0 : 2,887,451,175 : 12%
2021-11-04 15:34:40 : 27,600,000 : 0 : 2,897,937,175 : 12%
2021-11-04 15:48:40 : 27,700,000 : 0 : 2,908,423,175 : 12%
2021-11-04 16:02:50 : 27,800,000 : 0 : 2,918,909,175 : 12%
2021-11-04 16:16:51 : 27,900,000 : 0 : 2,929,264,100 : 12%
2021-11-04 16:30:41 : 28,000,000 : 0 : 2,939,750,100 : 12%
2021-11-04 16:44:40 : 28,100,000 : 0 : 2,950,236,100 : 12%
2021-11-04 16:58:42 : 28,200,000 : 0 : 2,960,722,100 : 12%
2021-11-04 17:12:50 : 28,300,000 : 0 : 2,971,208,100 : 13%
2021-11-04 17:26:57 : 28,400,000 : 0 : 2,981,563,025 : 13%
2021-11-04 17:41:14 : 28,500,000 : 0 : 2,992,049,025 : 13%
2021-11-04 17:55:30 : 28,600,000 : 0 : 3,002,535,025 : 13%
2021-11-04 18:09:47 : 28,700,000 : 0 : 3,012,889,950 : 13%
2021-11-04 18:24:23 : 28,800,000 : 0 : 3,023,375,950 : 13%
2021-11-04 18:38:49 : 28,900,000 : 0 : 3,033,861,950 : 13%
2021-11-04 18:53:13 : 29,000,000 : 0 : 3,044,216,875 : 13%
2021-11-04 19:07:37 : 29,100,000 : 0 : 3,054,571,800 : 13%
2021-11-04 19:22:06 : 29,200,000 : 0 : 3,064,926,725 : 13%
2021-11-04 19:36:32 : 29,300,000 : 0 : 3,075,281,650 : 13%
2021-11-04 19:50:57 : 29,400,000 : 0 : 3,085,636,575 : 13%
2021-11-04 20:05:17 : 29,500,000 : 0 : 3,095,991,500 : 13%
2021-11-04 20:19:33 : 29,600,000 : 0 : 3,106,215,350 : 13%
2021-11-04 20:33:49 : 29,700,000 : 0 : 3,126,663,050 : 13%
2021-11-04 20:48:10 : 29,800,000 : 0 : 3,136,886,900 : 13%
2021-11-04 21:02:33 : 29,900,000 : 0 : 3,147,110,750 : 13%
2021-11-04 21:17:12 : 30,000,000 : 0 : 3,157,334,600 : 13%
2021-11-04 21:32:00 : 30,100,000 : 0 : 3,167,427,375 : 13%
2021-11-04 21:46:42 : 30,200,000 : 0 : 3,177,520,150 : 13%
2021-11-04 22:01:26 : 30,300,000 : 0 : 3,187,744,000 : 13%
2021-11-04 22:16:35 : 30,400,000 : 0 : 3,197,836,775 : 13%
2021-11-04 22:31:38 : 30,500,000 : 0 : 3,208,060,625 : 14%
2021-11-04 22:47:01 : 30,600,000 : 0 : 3,218,153,400 : 14%
2021-11-04 23:02:21 : 30,700,000 : 0 : 3,228,115,100 : 14%
2021-11-04 23:17:51 : 30,800,000 : 0 : 3,238,207,875 : 14%
2021-11-04 23:33:22 : 30,900,000 : 0 : 3,248,169,575 : 14%
2021-11-04 23:48:59 : 31,000,000 : 0 : 3,258,131,275 : 14%
2021-11-05 00:04:53 : 31,100,000 : 0 : 3,268,092,975 : 14%
2021-11-05 00:20:56 : 31,200,000 : 0 : 3,278,054,675 : 14%
2021-11-05 00:36:59 : 31,300,000 : 0 : 3,287,885,300 : 14%
2021-11-05 00:52:49 : 31,400,000 : 0 : 3,297,584,850 : 14%
2021-11-05 01:08:55 : 31,500,000 : 0 : 3,307,284,400 : 14%
2021-11-05 01:25:09 : 31,600,000 : 0 : 3,316,983,950 : 14%
2021-11-05 01:41:20 : 31,700,000 : 0 : 3,326,814,575 : 14%
2021-11-05 01:57:50 : 31,800,000 : 0 : 3,336,645,200 : 14%
2021-11-05 02:14:56 : 31,900,000 : 0 : 3,346,475,825 : 14%
2021-11-05 02:32:07 : 32,000,000 : 0 : 3,356,306,450 : 14%
2021-11-05 02:49:35 : 32,100,000 : 0 : 3,366,137,075 : 14%
2021-11-05 03:07:36 : 32,200,000 : 0 : 3,375,967,700 : 14%
2021-11-05 03:26:26 : 32,300,000 : 0 : 3,385,798,325 : 14%
2021-11-05 03:45:31 : 32,400,000 : 0 : 3,395,497,875 : 14%
2021-11-05 04:05:52 : 32,500,000 : 0 : 3,405,459,575 : 14%
2021-11-05 04:27:43 : 32,600,000 : 0 : 3,415,290,200 : 14%
2021-11-05 04:50:30 : 32,700,000 : 0 : 3,425,120,825 : 14%
2021-11-05 05:14:56 : 32,800,000 : 0 : 3,434,951,450 : 14%
2021-11-05 05:41:08 : 32,900,000 : 0 : 3,454,612,700 : 15%
2021-11-05 06:09:29 : 33,000,000 : 0 : 3,464,705,475 : 15%
2021-11-05 06:39:35 : 33,100,000 : 0 : 3,474,667,175 : 15%
2021-11-05 07:11:01 : 33,200,000 : 0 : 3,484,628,875 : 15%
2021-11-05 07:43:42 : 33,300,000 : 0 : 3,494,721,650 : 15%
2021-11-05 08:16:38 : 33,400,000 : 0 : 3,504,945,500 : 15%
2021-11-05 08:50:34 : 33,500,000 : 0 : 3,515,038,275 : 15%
2021-11-05 09:24:23 : 33,600,000 : 0 : 3,525,262,125 : 15%
2021-11-05 09:56:13 : 33,700,000 : 0 : 3,535,354,900 : 15%
2021-11-05 10:26:08 : 33,800,000 : 0 : 3,545,447,675 : 15%
2021-11-05 10:54:14 : 33,900,000 : 0 : 3,555,540,450 : 15%
2021-11-05 11:19:45 : 34,000,000 : 0 : 3,565,502,150 : 15%
2021-11-05 11:43:40 : 34,100,000 : 0 : 3,575,726,000 : 15%
2021-11-05 12:06:05 : 34,200,000 : 0 : 3,585,949,850 : 15%
2021-11-05 12:26:58 : 34,300,000 : 0 : 3,596,173,700 : 15%
2021-11-05 12:46:41 : 34,400,000 : 0 : 3,606,397,550 : 15%
2021-11-05 13:05:10 : 34,500,000 : 0 : 3,616,621,400 : 15%
2021-11-05 13:22:44 : 34,600,000 : 0 : 3,626,976,325 : 15%
2021-11-05 13:39:47 : 34,700,000 : 0 : 3,637,200,175 : 15%
2021-11-05 13:56:10 : 34,800,000 : 0 : 3,647,555,100 : 15%
2021-11-05 14:12:09 : 34,900,000 : 0 : 3,658,041,100 : 15%
2021-11-05 14:27:41 : 35,000,000 : 0 : 3,668,396,025 : 15%
2021-11-05 14:42:51 : 35,100,000 : 0 : 3,678,750,950 : 16%
2021-11-05 14:57:37 : 35,200,000 : 0 : 3,689,105,875 : 16%
2021-11-05 15:12:37 : 35,300,000 : 0 : 3,699,591,875 : 16%
2021-11-05 15:27:26 : 35,400,000 : 0 : 3,709,946,800 : 16%
2021-11-05 15:42:07 : 35,500,000 : 0 : 3,720,432,800 : 16%
2021-11-05 15:56:32 : 35,600,000 : 0 : 3,730,787,725 : 16%
2021-11-05 16:10:53 : 35,700,000 : 0 : 3,741,142,650 : 16%
2021-11-05 16:25:18 : 35,800,000 : 0 : 3,761,852,500 : 16%
2021-11-05 16:39:40 : 35,900,000 : 0 : 3,772,207,425 : 16%
2021-11-05 16:53:56 : 36,000,000 : 0 : 3,782,693,425 : 16%
2021-11-05 17:08:32 : 36,100,000 : 0 : 3,793,048,350 : 16%
2021-11-05 17:23:07 : 36,200,000 : 0 : 3,803,403,275 : 16%
2021-11-05 17:37:33 : 36,300,000 : 0 : 3,813,627,125 : 16%
2021-11-05 17:52:21 : 36,400,000 : 0 : 3,823,982,050 : 16%
2021-11-05 18:06:51 : 36,500,000 : 0 : 3,834,205,900 : 16%
2021-11-05 18:21:20 : 36,600,000 : 0 : 3,844,298,675 : 16%
2021-11-05 18:35:54 : 36,700,000 : 0 : 3,854,522,525 : 16%
2021-11-05 18:50:33 : 36,800,000 : 0 : 3,864,746,375 : 16%
2021-11-05 19:05:16 : 36,900,000 : 0 : 3,874,839,150 : 16%
2021-11-05 19:19:51 : 37,000,000 : 0 : 3,885,063,000 : 16%
2021-11-05 19:34:35 : 37,100,000 : 0 : 3,895,155,775 : 16%
2021-11-05 19:49:13 : 37,200,000 : 0 : 3,905,379,625 : 16%
2021-11-05 20:03:59 : 37,300,000 : 0 : 3,915,472,400 : 17%
2021-11-05 20:18:53 : 37,400,000 : 0 : 3,925,696,250 : 17%
2021-11-05 20:33:46 : 37,500,000 : 0 : 3,935,789,025 : 17%
2021-11-05 20:48:33 : 37,600,000 : 0 : 3,945,881,800 : 17%
2021-11-05 21:03:32 : 37,700,000 : 0 : 3,955,974,575 : 17%
2021-11-05 21:18:59 : 37,800,000 : 0 : 3,965,936,275 : 17%
2021-11-05 21:34:22 : 37,900,000 : 0 : 3,976,029,050 : 17%
2021-11-05 21:49:52 : 38,000,000 : 0 : 3,985,990,750 : 17%
2021-11-05 22:05:33 : 38,100,000 : 0 : 3,995,952,450 : 17%
2021-11-05 22:21:22 : 38,200,000 : 0 : 4,005,914,150 : 17%
2021-11-05 22:37:29 : 38,300,000 : 0 : 4,015,875,850 : 17%
2021-11-05 22:53:47 : 38,400,000 : 0 : 4,025,837,550 : 17%
2021-11-05 23:10:15 : 38,500,000 : 0 : 4,035,799,250 : 17%
2021-11-05 23:27:14 : 38,600,000 : 0 : 4,045,760,950 : 17%
2021-11-05 23:44:19 : 38,700,000 : 0 : 4,065,553,275 : 17%
2021-11-06 00:01:34 : 38,800,000 : 0 : 4,075,383,900 : 17%
2021-11-06 00:18:59 : 38,900,000 : 0 : 4,085,214,525 : 17%
2021-11-06 00:36:36 : 39,000,000 : 0 : 4,095,045,150 : 17%
2021-11-06 00:54:28 : 39,100,000 : 0 : 4,104,744,700 : 17%
2021-11-06 01:12:24 : 39,200,000 : 0 : 4,114,444,250 : 17%
2021-11-06 01:30:35 : 39,300,000 : 0 : 4,124,143,800 : 17%
2021-11-06 01:48:38 : 39,400,000 : 0 : 4,133,712,275 : 17%
2021-11-06 02:06:52 : 39,500,000 : 0 : 4,143,280,750 : 17%
2021-11-06 02:25:17 : 39,600,000 : 0 : 4,152,849,225 : 18%
2021-11-06 02:44:12 : 39,700,000 : 0 : 4,162,417,700 : 18%
2021-11-06 03:03:44 : 39,800,000 : 0 : 4,172,117,250 : 18%
2021-11-06 03:24:13 : 39,900,000 : 0 : 4,181,685,725 : 18%
2021-11-06 03:44:49 : 40,000,000 : 0 : 4,191,254,200 : 18%
2021-11-06 04:05:50 : 40,100,000 : 0 : 4,200,822,675 : 18%
2021-11-06 04:27:48 : 40,200,000 : 0 : 4,210,391,150 : 18%
2021-11-06 04:51:10 : 40,300,000 : 0 : 4,219,959,625 : 18%
2021-11-06 05:16:07 : 40,400,000 : 0 : 4,229,659,175 : 18%
2021-11-06 05:43:38 : 40,500,000 : 0 : 4,239,358,725 : 18%
2021-11-06 06:13:07 : 40,600,000 : 0 : 4,249,058,275 : 18%
2021-11-06 06:44:04 : 40,700,000 : 0 : 4,258,626,750 : 18%
2021-11-06 07:16:23 : 40,800,000 : 0 : 4,268,326,300 : 18%
2021-11-06 07:49:54 : 40,900,000 : 0 : 4,278,025,850 : 18%
2021-11-06 08:23:56 : 41,000,000 : 0 : 4,287,725,400 : 18%
2021-11-06 08:58:12 : 41,100,000 : 0 : 4,297,556,025 : 18%
2021-11-06 09:32:25 : 41,200,000 : 0 : 4,307,255,575 : 18%
2021-11-06 10:05:12 : 41,300,000 : 0 : 4,316,955,125 : 18%
2021-11-06 10:36:30 : 41,400,000 : 0 : 4,326,654,675 : 18%
2021-11-06 11:06:24 : 41,500,000 : 0 : 4,336,485,300 : 18%
2021-11-06 11:34:35 : 41,600,000 : 0 : 4,346,053,775 : 18%
2021-11-06 11:58:51 : 41,700,000 : 0 : 4,355,491,175 : 18%
2021-11-06 12:23:29 : 41,800,000 : 0 : 4,365,452,875 : 18%
2021-11-06 12:46:36 : 41,900,000 : 0 : 4,375,283,500 : 18%
2021-11-06 13:07:43 : 42,000,000 : 0 : 4,384,983,050 : 18%
2021-11-06 13:26:57 : 42,100,000 : 0 : 4,394,944,750 : 19%
2021-11-06 13:46:11 : 42,200,000 : 0 : 4,404,906,450 : 19%
2021-11-06 14:04:33 : 42,300,000 : 0 : 4,414,737,075 : 19%
2021-11-06 14:22:09 : 42,400,000 : 0 : 4,424,698,775 : 19%
2021-11-06 14:39:13 : 42,500,000 : 0 : 4,434,529,400 : 19%
2021-11-06 14:56:27 : 42,600,000 : 0 : 4,454,714,950 : 19%
2021-11-06 15:13:19 : 42,700,000 : 0 : 4,464,807,725 : 19%
2021-11-06 15:29:54 : 42,800,000 : 0 : 4,474,900,500 : 19%
2021-11-06 15:46:04 : 42,900,000 : 0 : 4,484,862,200 : 19%
2021-11-06 16:02:09 : 43,000,000 : 0 : 4,494,954,975 : 19%
2021-11-06 16:18:09 : 43,100,000 : 0 : 4,505,047,750 : 19%
2021-11-06 16:34:04 : 43,200,000 : 0 : 4,515,009,450 : 19%
2021-11-06 16:49:42 : 43,300,000 : 0 : 4,524,971,150 : 19%
2021-11-06 17:04:58 : 43,400,000 : 0 : 4,534,801,775 : 19%
2021-11-06 17:19:56 : 43,500,000 : 0 : 4,544,894,550 : 19%
2021-11-06 17:35:18 : 43,600,000 : 0 : 4,554,856,250 : 19%
2021-11-06 17:51:06 : 43,700,000 : 0 : 4,564,949,025 : 19%
2021-11-06 18:06:56 : 43,800,000 : 0 : 4,574,910,725 : 19%
2021-11-06 18:22:57 : 43,900,000 : 0 : 4,584,872,425 : 19%
2021-11-06 18:39:00 : 44,000,000 : 0 : 4,594,834,125 : 19%
2021-11-06 18:55:03 : 44,100,000 : 0 : 4,604,664,750 : 19%
2021-11-06 19:11:10 : 44,200,000 : 0 : 4,614,495,375 : 19%
2021-11-06 19:27:23 : 44,300,000 : 0 : 4,624,326,000 : 20%
2021-11-06 19:43:38 : 44,400,000 : 0 : 4,634,156,625 : 20%
2021-11-06 19:59:53 : 44,500,000 : 0 : 4,644,118,325 : 20%
2021-11-06 20:16:27 : 44,600,000 : 0 : 4,653,948,950 : 20%
2021-11-06 20:32:58 : 44,700,000 : 0 : 4,663,779,575 : 20%
2021-11-06 20:49:29 : 44,800,000 : 0 : 4,673,610,200 : 20%
2021-11-06 21:06:11 : 44,900,000 : 0 : 4,683,440,825 : 20%
2021-11-06 21:23:00 : 45,000,000 : 0 : 4,693,271,450 : 20%
2021-11-06 21:39:42 : 45,100,000 : 0 : 4,702,971,000 : 20%
2021-11-06 21:56:15 : 45,200,000 : 0 : 4,712,670,550 : 20%
2021-11-06 22:12:59 : 45,300,000 : 0 : 4,722,501,175 : 20%
2021-11-06 22:29:50 : 45,400,000 : 0 : 4,732,200,725 : 20%
2021-11-06 22:46:42 : 45,500,000 : 0 : 4,741,900,275 : 20%
2021-11-06 23:03:42 : 45,600,000 : 0 : 4,751,599,825 : 20%
2021-11-06 23:20:37 : 45,700,000 : 0 : 4,770,867,850 : 20%
2021-11-06 23:37:04 : 45,800,000 : 0 : 4,780,436,325 : 20%
2021-11-06 23:53:37 : 45,900,000 : 0 : 4,790,004,800 : 20%
2021-11-07 00:10:30 : 46,000,000 : 0 : 4,799,573,275 : 20%
2021-11-07 00:27:36 : 46,100,000 : 0 : 4,809,141,750 : 20%
2021-11-07 00:44:48 : 46,200,000 : 0 : 4,818,710,225 : 20%
2021-11-07 01:02:05 : 46,300,000 : 0 : 4,828,278,700 : 20%
2021-11-07 01:19:29 : 46,400,000 : 0 : 4,837,716,100 : 20%
2021-11-07 01:37:13 : 46,500,000 : 0 : 4,847,284,575 : 20%
2021-11-07 01:54:46 : 46,600,000 : 0 : 4,856,721,975 : 20%
2021-11-07 02:12:33 : 46,700,000 : 0 : 4,866,159,375 : 21%
2021-11-07 02:30:35 : 46,800,000 : 0 : 4,875,465,700 : 21%
2021-11-07 02:48:52 : 46,900,000 : 0 : 4,885,034,175 : 21%
2021-11-07 03:07:44 : 47,000,000 : 0 : 4,894,602,650 : 21%
2021-11-07 03:27:19 : 47,100,000 : 0 : 4,904,171,125 : 21%
2021-11-07 03:47:58 : 47,200,000 : 0 : 4,913,870,675 : 21%
2021-11-07 04:09:02 : 47,300,000 : 0 : 4,923,439,150 : 21%
2021-11-07 04:30:48 : 47,400,000 : 0 : 4,932,745,475 : 21%
2021-11-07 04:51:59 : 47,500,000 : 0 : 4,942,313,950 : 21%
2021-11-07 05:15:40 : 47,600,000 : 0 : 4,951,882,425 : 21%
2021-11-07 05:40:36 : 47,700,000 : 0 : 4,961,450,900 : 21%
2021-11-07 06:08:17 : 47,800,000 : 0 : 4,971,281,525 : 21%
2021-11-07 06:39:28 : 47,900,000 : 0 : 4,981,112,150 : 21%
2021-11-07 07:12:57 : 48,000,000 : 0 : 4,990,942,775 : 21%
2021-11-07 07:48:09 : 48,100,000 : 0 : 5,000,773,400 : 21%
2021-11-07 08:24:15 : 48,200,000 : 0 : 5,010,735,100 : 21%
2021-11-07 08:59:41 : 48,300,000 : 0 : 5,020,565,725 : 21%
2021-11-07 09:33:33 : 48,400,000 : 0 : 5,030,527,425 : 21%
2021-11-07 10:06:49 : 48,500,000 : 0 : 5,040,358,050 : 21%
2021-11-07 10:39:48 : 48,600,000 : 0 : 5,050,450,825 : 21%
2021-11-07 11:11:33 : 48,700,000 : 0 : 5,060,281,450 : 21%
2021-11-07 11:41:08 : 48,800,000 : 0 : 5,070,112,075 : 21%
2021-11-07 12:07:32 : 48,900,000 : 0 : 5,079,942,700 : 21%
2021-11-07 12:31:27 : 49,000,000 : 0 : 5,089,642,250 : 21%
2021-11-07 12:53:55 : 49,100,000 : 0 : 5,099,341,800 : 22%
2021-11-07 13:14:35 : 49,200,000 : 0 : 5,109,172,425 : 22%
2021-11-07 13:34:33 : 49,300,000 : 0 : 5,128,833,675 : 22%
2021-11-07 13:53:42 : 49,400,000 : 0 : 5,138,664,300 : 22%
2021-11-07 14:12:03 : 49,500,000 : 0 : 5,148,626,000 : 22%
2021-11-07 14:29:29 : 49,600,000 : 0 : 5,158,456,625 : 22%
2021-11-07 14:45:55 : 49,700,000 : 0 : 5,168,287,250 : 22%
2021-11-07 15:02:02 : 49,800,000 : 0 : 5,178,117,875 : 22%
2021-11-07 15:18:08 : 49,900,000 : 0 : 5,187,948,500 : 22%
2021-11-07 15:33:32 : 50,000,000 : 0 : 5,197,779,125 : 22%
2021-11-07 15:48:42 : 50,100,000 : 0 : 5,207,609,750 : 22%
2021-11-07 16:03:33 : 50,200,000 : 0 : 5,217,571,450 : 22%
2021-11-07 16:18:30 : 50,300,000 : 0 : 5,227,533,150 : 22%
2021-11-07 16:33:39 : 50,400,000 : 0 : 5,237,494,850 : 22%
2021-11-07 16:48:24 : 50,500,000 : 0 : 5,247,325,475 : 22%
2021-11-07 17:03:10 : 50,600,000 : 0 : 5,257,418,250 : 22%
2021-11-07 17:17:59 : 50,700,000 : 0 : 5,267,117,800 : 22%
2021-11-07 17:32:46 : 50,800,000 : 0 : 5,277,079,500 : 22%
2021-11-07 17:47:43 : 50,900,000 : 0 : 5,287,041,200 : 22%
2021-11-07 18:02:53 : 51,000,000 : 0 : 5,296,871,825 : 22%
2021-11-07 18:17:07 : 51,100,000 : 0 : 5,306,440,300 : 22%
2021-11-07 18:31:44 : 51,200,000 : 0 : 5,316,139,850 : 22%
2021-11-07 18:46:08 : 51,300,000 : 0 : 5,325,839,400 : 22%
2021-11-07 19:00:24 : 51,400,000 : 0 : 5,335,407,875 : 23%
2021-11-07 19:14:26 : 51,500,000 : 0 : 5,344,976,350 : 23%
2021-11-07 19:28:39 : 51,600,000 : 0 : 5,354,544,825 : 23%
2021-11-07 19:43:13 : 51,700,000 : 0 : 5,364,113,300 : 23%
2021-11-07 19:57:39 : 51,800,000 : 0 : 5,373,681,775 : 23%
2021-11-07 20:11:41 : 51,900,000 : 0 : 5,383,119,175 : 23%
2021-11-07 20:25:55 : 52,000,000 : 0 : 5,392,687,650 : 23%
2021-11-07 20:40:10 : 52,100,000 : 0 : 5,402,125,050 : 23%
2021-11-07 20:54:13 : 52,200,000 : 0 : 5,411,562,450 : 23%
2021-11-07 21:08:32 : 52,300,000 : 0 : 5,430,699,400 : 23%
2021-11-07 21:23:05 : 52,400,000 : 0 : 5,440,530,025 : 23%
2021-11-07 21:37:52 : 52,500,000 : 0 : 5,450,229,575 : 23%
2021-11-07 21:52:55 : 52,600,000 : 0 : 5,459,929,125 : 23%
2021-11-07 22:08:07 : 52,700,000 : 0 : 5,469,759,750 : 23%
2021-11-07 22:23:35 : 52,800,000 : 0 : 5,479,459,300 : 23%
2021-11-07 22:39:20 : 52,900,000 : 0 : 5,489,289,925 : 23%
2021-11-07 22:54:59 : 53,000,000 : 0 : 5,499,120,550 : 23%
2021-11-07 23:11:08 : 53,100,000 : 0 : 5,508,951,175 : 23%
2021-11-07 23:26:53 : 53,200,000 : 0 : 5,518,519,650 : 23%
2021-11-07 23:42:49 : 53,300,000 : 0 : 5,528,219,200 : 23%
2021-11-07 23:58:47 : 53,400,000 : 0 : 5,537,918,750 : 23%
2021-11-08 00:15:03 : 53,500,000 : 0 : 5,547,749,375 : 23%
2021-11-08 00:31:35 : 53,600,000 : 0 : 5,557,580,000 : 23%
2021-11-08 00:48:23 : 53,700,000 : 0 : 5,567,410,625 : 23%
2021-11-08 01:05:50 : 53,800,000 : 0 : 5,577,241,250 : 24%
2021-11-08 01:23:05 : 53,900,000 : 0 : 5,587,071,875 : 24%
2021-11-08 01:40:16 : 54,000,000 : 0 : 5,596,902,500 : 24%
2021-11-08 01:57:34 : 54,100,000 : 0 : 5,606,602,050 : 24%
2021-11-08 02:14:23 : 54,200,000 : 0 : 5,616,301,600 : 24%
2021-11-08 02:31:45 : 54,300,000 : 0 : 5,626,001,150 : 24%
2021-11-08 02:49:12 : 54,400,000 : 0 : 5,635,700,700 : 24%
2021-11-08 03:07:17 : 54,500,000 : 0 : 5,645,531,325 : 24%
2021-11-08 03:25:24 : 54,600,000 : 0 : 5,655,230,875 : 24%
2021-11-08 03:44:02 : 54,700,000 : 0 : 5,665,061,500 : 24%
2021-11-08 04:03:12 : 54,800,000 : 0 : 5,674,892,125 : 24%
2021-11-08 04:22:53 : 54,900,000 : 0 : 5,684,591,675 : 24%
2021-11-08 04:44:00 : 55,000,000 : 0 : 5,694,422,300 : 24%
2021-11-08 05:06:34 : 55,100,000 : 0 : 5,704,384,000 : 24%
2021-11-08 05:30:26 : 55,200,000 : 0 : 5,714,345,700 : 24%
2021-11-08 05:55:20 : 55,300,000 : 0 : 5,724,176,325 : 24%
2021-11-08 06:21:31 : 55,400,000 : 0 : 5,743,968,650 : 24%
2021-11-08 06:48:55 : 55,500,000 : 0 : 5,753,930,350 : 24%
2021-11-08 07:17:29 : 55,600,000 : 0 : 5,763,892,050 : 24%
2021-11-08 07:47:35 : 55,700,000 : 0 : 5,773,853,750 : 24%
2021-11-08 08:19:08 : 55,800,000 : 0 : 5,784,077,600 : 24%
2021-11-08 08:52:22 : 55,900,000 : 0 : 5,794,170,375 : 24%
2021-11-08 09:26:49 : 56,000,000 : 0 : 5,804,263,150 : 24%
2021-11-08 10:00:22 : 56,100,000 : 0 : 5,814,355,925 : 25%
2021-11-08 10:32:33 : 56,200,000 : 0 : 5,824,317,625 : 25%
2021-11-08 11:03:09 : 56,300,000 : 0 : 5,834,410,400 : 25%
2021-11-08 11:31:26 : 56,400,000 : 0 : 5,844,503,175 : 25%
2021-11-08 11:57:52 : 56,500,000 : 0 : 5,854,595,950 : 25%
2021-11-08 12:22:16 : 56,600,000 : 0 : 5,864,950,875 : 25%
2021-11-08 12:44:45 : 56,700,000 : 0 : 5,875,043,650 : 25%
2021-11-08 13:05:54 : 56,800,000 : 0 : 5,885,267,500 : 25%
2021-11-08 13:25:48 : 56,900,000 : 0 : 5,895,622,425 : 25%
2021-11-08 13:44:43 : 57,000,000 : 0 : 5,905,846,275 : 25%
2021-11-08 14:02:44 : 57,100,000 : 0 : 5,916,201,200 : 25%
2021-11-08 14:20:21 : 57,200,000 : 0 : 5,926,556,125 : 25%
2021-11-08 14:37:19 : 57,300,000 : 0 : 5,937,042,125 : 25%
2021-11-08 14:53:49 : 57,400,000 : 0 : 5,947,397,050 : 25%
2021-11-08 15:09:52 : 57,500,000 : 0 : 5,957,883,050 : 25%
2021-11-08 15:25:33 : 57,600,000 : 0 : 5,968,369,050 : 25%
2021-11-08 15:40:55 : 57,700,000 : 0 : 5,978,723,975 : 25%
2021-11-08 15:55:58 : 57,800,000 : 0 : 5,989,209,975 : 25%
2021-11-08 16:10:52 : 57,900,000 : 0 : 5,999,695,975 : 25%
2021-11-08 16:25:36 : 58,000,000 : 0 : 6,010,050,900 : 25%
2021-11-08 16:40:08 : 58,100,000 : 0 : 6,020,405,825 : 25%
2021-11-08 16:54:20 : 58,200,000 : 0 : 6,030,760,750 : 25%
2021-11-08 17:08:41 : 58,300,000 : 0 : 6,051,470,600 : 26%
2021-11-08 17:23:05 : 58,400,000 : 0 : 6,061,956,600 : 26%
2021-11-08 17:37:28 : 58,500,000 : 0 : 6,072,311,525 : 26%
2021-11-08 17:51:57 : 58,600,000 : 0 : 6,082,666,450 : 26%
2021-11-08 18:06:28 : 58,700,000 : 0 : 6,093,152,450 : 26%
2021-11-08 18:22:03 : 58,800,000 : 0 : 6,103,507,375 : 26%
2021-11-08 18:36:38 : 58,900,000 : 0 : 6,113,862,300 : 26%
2021-11-08 18:51:15 : 59,000,000 : 0 : 6,124,217,225 : 26%
2021-11-08 19:05:49 : 59,100,000 : 0 : 6,134,441,075 : 26%
2021-11-08 19:20:33 : 59,200,000 : 0 : 6,144,796,000 : 26%
2021-11-08 19:35:07 : 59,300,000 : 0 : 6,155,150,925 : 26%
2021-11-08 19:49:46 : 59,400,000 : 0 : 6,165,505,850 : 26%
2021-11-08 20:04:21 : 59,500,000 : 0 : 6,175,860,775 : 26%
2021-11-08 20:19:13 : 59,600,000 : 0 : 6,186,215,700 : 26%
2021-11-08 20:33:52 : 59,700,000 : 0 : 6,196,701,700 : 26%
2021-11-08 20:48:27 : 59,800,000 : 0 : 6,206,925,550 : 26%
2021-11-08 21:02:55 : 59,900,000 : 0 : 6,217,280,475 : 26%
2021-11-08 21:17:26 : 60,000,000 : 0 : 6,227,504,325 : 26%
2021-11-08 21:31:47 : 60,100,000 : 0 : 6,237,728,175 : 26%
2021-11-08 21:46:18 : 60,200,000 : 0 : 6,247,952,025 : 26%
2021-11-08 22:00:48 : 60,300,000 : 0 : 6,258,175,875 : 26%
2021-11-08 22:15:42 : 60,400,000 : 0 : 6,268,530,800 : 26%
2021-11-08 22:30:43 : 60,500,000 : 0 : 6,278,754,650 : 26%
2021-11-08 22:46:05 : 60,600,000 : 0 : 6,288,978,500 : 27%
2021-11-08 23:01:29 : 60,700,000 : 0 : 6,299,071,275 : 27%
2021-11-08 23:17:17 : 60,800,000 : 0 : 6,309,426,200 : 27%
2021-11-08 23:33:13 : 60,900,000 : 0 : 6,319,650,050 : 27%
2021-11-08 23:49:26 : 61,000,000 : 0 : 6,339,966,675 : 27%
2021-11-09 00:05:46 : 61,100,000 : 0 : 6,350,059,450 : 27%
2021-11-09 00:22:16 : 61,200,000 : 0 : 6,360,283,300 : 27%
2021-11-09 00:39:01 : 61,300,000 : 0 : 6,370,245,000 : 27%
2021-11-09 00:55:53 : 61,400,000 : 0 : 6,380,337,775 : 27%
2021-11-09 01:12:42 : 61,500,000 : 0 : 6,390,168,400 : 27%
2021-11-09 01:29:15 : 61,600,000 : 0 : 6,400,130,100 : 27%
2021-11-09 01:45:49 : 61,700,000 : 0 : 6,409,960,725 : 27%
2021-11-09 02:02:10 : 61,800,000 : 0 : 6,419,791,350 : 27%
2021-11-09 02:18:11 : 61,900,000 : 0 : 6,429,490,900 : 27%
2021-11-09 02:34:19 : 62,000,000 : 0 : 6,439,190,450 : 27%
2021-11-09 02:50:42 : 62,100,000 : 0 : 6,449,021,075 : 27%
2021-11-09 03:07:15 : 62,200,000 : 0 : 6,458,720,625 : 27%
2021-11-09 03:23:54 : 62,300,000 : 0 : 6,468,289,100 : 27%
2021-11-09 03:40:48 : 62,400,000 : 0 : 6,477,988,650 : 27%
2021-11-09 03:57:48 : 62,500,000 : 0 : 6,487,426,050 : 27%
2021-11-09 04:15:10 : 62,600,000 : 0 : 6,496,863,450 : 27%
2021-11-09 04:33:05 : 62,700,000 : 0 : 6,506,431,925 : 27%
2021-11-09 04:51:54 : 62,800,000 : 0 : 6,516,131,475 : 27%
2021-11-09 05:12:15 : 62,900,000 : 0 : 6,525,831,025 : 28%
2021-11-09 05:34:06 : 63,000,000 : 0 : 6,535,661,650 : 28%
2021-11-09 05:57:28 : 63,100,000 : 0 : 6,545,361,200 : 28%
2021-11-09 06:21:48 : 63,200,000 : 0 : 6,555,060,750 : 28%
2021-11-09 06:47:38 : 63,300,000 : 0 : 6,564,891,375 : 28%
2021-11-09 07:15:19 : 63,400,000 : 0 : 6,574,853,075 : 28%
2021-11-09 07:44:44 : 63,500,000 : 0 : 6,584,945,850 : 28%
2021-11-09 08:15:03 : 63,600,000 : 0 : 6,595,038,625 : 28%
2021-11-09 08:47:13 : 63,700,000 : 0 : 6,605,131,400 : 28%
2021-11-09 09:20:09 : 63,800,000 : 0 : 6,615,224,175 : 28%
2021-11-09 09:52:49 : 63,900,000 : 0 : 6,625,448,025 : 28%
2021-11-09 10:25:25 : 64,000,000 : 0 : 6,635,540,800 : 28%
2021-11-09 10:56:33 : 64,100,000 : 0 : 6,645,633,575 : 28%
2021-11-09 11:25:45 : 64,200,000 : 0 : 6,655,857,425 : 28%
2021-11-09 11:52:14 : 64,300,000 : 0 : 6,665,950,200 : 28%
2021-11-09 12:16:45 : 64,400,000 : 0 : 6,686,397,900 : 28%
2021-11-09 12:39:13 : 64,500,000 : 0 : 6,696,752,825 : 28%
2021-11-09 13:00:09 : 64,600,000 : 0 : 6,707,107,750 : 28%
2021-11-09 13:20:09 : 64,700,000 : 0 : 6,717,462,675 : 28%
2021-11-09 13:39:18 : 64,800,000 : 0 : 6,727,686,525 : 28%
2021-11-09 13:57:35 : 64,900,000 : 0 : 6,738,172,525 : 28%
2021-11-09 14:15:18 : 65,000,000 : 0 : 6,748,527,450 : 28%
2021-11-09 14:32:15 : 65,100,000 : 0 : 6,758,882,375 : 29%
2021-11-09 14:48:34 : 65,200,000 : 0 : 6,769,368,375 : 29%
2021-11-09 15:04:33 : 65,300,000 : 0 : 6,779,723,300 : 29%
2021-11-09 15:20:03 : 65,400,000 : 0 : 6,790,209,300 : 29%
2021-11-09 15:35:23 : 65,500,000 : 0 : 6,800,564,225 : 29%
2021-11-09 15:50:25 : 65,600,000 : 0 : 6,811,050,225 : 29%
2021-11-09 16:05:17 : 65,700,000 : 0 : 6,821,536,225 : 29%
2021-11-09 16:20:06 : 65,800,000 : 0 : 6,831,891,150 : 29%
2021-11-09 16:34:38 : 65,900,000 : 0 : 6,842,508,225 : 29%
2021-11-09 16:49:07 : 66,000,000 : 0 : 6,852,863,150 : 29%
2021-11-09 17:03:31 : 66,100,000 : 0 : 6,863,349,150 : 29%
2021-11-09 17:18:00 : 66,200,000 : 0 : 6,873,835,150 : 29%
2021-11-09 17:32:14 : 66,300,000 : 0 : 6,884,321,150 : 29%
2021-11-09 17:46:34 : 66,400,000 : 0 : 6,894,676,075 : 29%
2021-11-09 18:00:48 : 66,500,000 : 0 : 6,905,162,075 : 29%
2021-11-09 18:15:21 : 66,600,000 : 0 : 6,915,648,075 : 29%
2021-11-09 18:29:50 : 66,700,000 : 0 : 6,926,134,075 : 29%
2021-11-09 18:44:24 : 66,800,000 : 0 : 6,936,620,075 : 29%
2021-11-09 18:58:57 : 66,900,000 : 0 : 6,947,106,075 : 29%
2021-11-09 19:13:14 : 67,000,000 : 0 : 6,967,815,925 : 29%
2021-11-09 19:27:45 : 67,100,000 : 0 : 6,978,170,850 : 29%
2021-11-09 19:42:15 : 67,200,000 : 0 : 6,988,525,775 : 29%
2021-11-09 19:56:43 : 67,300,000 : 0 : 6,998,880,700 : 30%
2021-11-09 20:11:13 : 67,400,000 : 0 : 7,009,235,625 : 30%
2021-11-09 20:25:39 : 67,500,000 : 0 : 7,019,590,550 : 30%
2021-11-09 20:40:14 : 67,600,000 : 0 : 7,029,945,475 : 30%
2021-11-09 20:54:37 : 67,700,000 : 0 : 7,040,169,325 : 30%
2021-11-09 21:08:53 : 67,800,000 : 0 : 7,050,524,250 : 30%
2021-11-09 21:23:26 : 67,900,000 : 0 : 7,060,748,100 : 30%
2021-11-09 21:37:58 : 68,000,000 : 0 : 7,071,103,025 : 30%
2021-11-09 21:52:37 : 68,100,000 : 0 : 7,081,457,950 : 30%
2021-11-09 22:07:28 : 68,200,000 : 0 : 7,091,681,800 : 30%
2021-11-09 22:22:30 : 68,300,000 : 0 : 7,102,036,725 : 30%
2021-11-09 22:37:37 : 68,400,000 : 0 : 7,112,260,575 : 30%
2021-11-09 22:52:52 : 68,500,000 : 0 : 7,122,484,425 : 30%
2021-11-09 23:08:21 : 68,600,000 : 0 : 7,132,708,275 : 30%
2021-11-09 23:24:16 : 68,700,000 : 0 : 7,142,932,125 : 30%
2021-11-09 23:40:24 : 68,800,000 : 0 : 7,153,155,975 : 30%
2021-11-09 23:56:28 : 68,900,000 : 0 : 7,163,248,750 : 30%
2021-11-10 00:12:59 : 69,000,000 : 0 : 7,173,341,525 : 30%
2021-11-10 00:29:17 : 69,100,000 : 0 : 7,183,565,375 : 30%
2021-11-10 00:45:32 : 69,200,000 : 0 : 7,193,527,075 : 30%
2021-11-10 01:01:54 : 69,300,000 : 0 : 7,203,488,775 : 30%
2021-11-10 01:18:00 : 69,400,000 : 0 : 7,213,319,400 : 30%
2021-11-10 01:34:26 : 69,500,000 : 0 : 7,223,281,100 : 30%
2021-11-10 01:50:58 : 69,600,000 : 0 : 7,233,242,800 : 31%
2021-11-10 02:07:30 : 69,700,000 : 0 : 7,243,073,425 : 31%
2021-11-10 02:23:59 : 69,800,000 : 0 : 7,252,904,050 : 31%
2021-11-10 02:40:10 : 69,900,000 : 0 : 7,262,603,600 : 31%
2021-11-10 02:56:32 : 70,000,000 : 0 : 7,282,264,850 : 31%
2021-11-10 03:13:27 : 70,100,000 : 0 : 7,292,095,475 : 31%
2021-11-10 03:30:59 : 70,200,000 : 0 : 7,302,057,175 : 31%
2021-11-10 03:48:57 : 70,300,000 : 0 : 7,311,887,800 : 31%
2021-11-10 04:07:43 : 70,400,000 : 0 : 7,321,849,500 : 31%
2021-11-10 04:27:34 : 70,500,000 : 0 : 7,331,811,200 : 31%
2021-11-10 04:48:29 : 70,600,000 : 0 : 7,341,641,825 : 31%
2021-11-10 05:09:48 : 70,700,000 : 0 : 7,351,472,450 : 31%
2021-11-10 05:32:22 : 70,800,000 : 0 : 7,361,434,150 : 31%
2021-11-10 05:56:32 : 70,900,000 : 0 : 7,371,526,925 : 31%
2021-11-10 06:22:25 : 71,000,000 : 0 : 7,381,619,700 : 31%
2021-11-10 06:49:55 : 71,100,000 : 0 : 7,391,581,400 : 31%
2021-11-10 07:18:02 : 71,200,000 : 0 : 7,401,543,100 : 31%
2021-11-10 07:46:53 : 71,300,000 : 0 : 7,411,635,875 : 31%
2021-11-10 08:16:28 : 71,400,000 : 0 : 7,421,597,575 : 31%
2021-11-10 08:48:09 : 71,500,000 : 0 : 7,431,821,425 : 31%
2021-11-10 09:20:42 : 71,600,000 : 0 : 7,442,045,275 : 31%
2021-11-10 09:53:20 : 71,700,000 : 0 : 7,452,138,050 : 31%
2021-11-10 10:25:37 : 71,800,000 : 0 : 7,462,230,825 : 31%
2021-11-10 10:56:17 : 71,900,000 : 0 : 7,472,454,675 : 32%
2021-11-10 11:24:41 : 72,000,000 : 0 : 7,482,547,450 : 32%
2021-11-10 11:50:51 : 72,100,000 : 0 : 7,492,771,300 : 32%
2021-11-10 12:15:18 : 72,200,000 : 0 : 7,502,995,150 : 32%
2021-11-10 12:37:42 : 72,300,000 : 0 : 7,513,219,000 : 32%
2021-11-10 12:58:37 : 72,400,000 : 0 : 7,523,442,850 : 32%
2021-11-10 13:18:21 : 72,500,000 : 0 : 7,533,666,700 : 32%
2021-11-10 13:36:57 : 72,600,000 : 0 : 7,543,890,550 : 32%
2021-11-10 13:54:50 : 72,700,000 : 0 : 7,554,245,475 : 32%
2021-11-10 14:12:09 : 72,800,000 : 0 : 7,564,731,475 : 32%
2021-11-10 14:28:50 : 72,900,000 : 0 : 7,575,086,400 : 32%
2021-11-10 14:44:53 : 73,000,000 : 0 : 7,585,441,325 : 32%
2021-11-10 15:00:35 : 73,100,000 : 0 : 7,606,151,175 : 32%
2021-11-10 15:16:07 : 73,200,000 : 0 : 7,616,637,175 : 32%
2021-11-10 15:31:12 : 73,300,000 : 0 : 7,626,992,100 : 32%
2021-11-10 15:45:56 : 73,400,000 : 0 : 7,637,347,025 : 32%
2021-11-10 16:00:56 : 73,500,000 : 0 : 7,647,701,950 : 32%
2021-11-10 16:15:33 : 73,600,000 : 0 : 7,658,187,950 : 32%
2021-11-10 16:30:06 : 73,700,000 : 0 : 7,668,673,950 : 32%
2021-11-10 16:44:32 : 73,800,000 : 0 : 7,679,159,950 : 32%
2021-11-10 16:58:54 : 73,900,000 : 0 : 7,689,514,875 : 32%
2021-11-10 17:13:22 : 74,000,000 : 0 : 7,700,000,875 : 32%
2021-11-10 17:27:27 : 74,100,000 : 0 : 7,710,224,725 : 33%
2021-11-10 17:41:32 : 74,200,000 : 0 : 7,720,579,650 : 33%
2021-11-10 17:55:36 : 74,300,000 : 0 : 7,730,934,575 : 33%
2021-11-10 18:09:48 : 74,400,000 : 0 : 7,741,420,575 : 33%
2021-11-10 18:23:59 : 74,500,000 : 0 : 7,751,775,500 : 33%
2021-11-10 18:38:06 : 74,600,000 : 0 : 7,761,999,350 : 33%
2021-11-10 18:52:11 : 74,700,000 : 0 : 7,772,354,275 : 33%
2021-11-10 19:06:18 : 74,800,000 : 0 : 7,782,709,200 : 33%
2021-11-10 19:20:34 : 74,900,000 : 0 : 7,793,064,125 : 33%
2021-11-10 19:34:41 : 75,000,000 : 0 : 7,803,419,050 : 33%
2021-11-10 19:49:03 : 75,100,000 : 0 : 7,813,642,900 : 33%
2021-11-10 20:03:14 : 75,200,000 : 0 : 7,823,866,750 : 33%
2021-11-10 20:17:32 : 75,300,000 : 0 : 7,834,221,675 : 33%
2021-11-10 20:31:44 : 75,400,000 : 0 : 7,844,445,525 : 33%
2021-11-10 20:45:55 : 75,500,000 : 0 : 7,854,800,450 : 33%
2021-11-10 21:00:03 : 75,600,000 : 0 : 7,865,024,300 : 33%
2021-11-10 21:14:20 : 75,700,000 : 0 : 7,885,603,075 : 33%
2021-11-10 21:28:35 : 75,800,000 : 0 : 7,895,695,850 : 33%
2021-11-10 21:43:05 : 75,900,000 : 0 : 7,906,050,775 : 33%
2021-11-10 21:57:47 : 76,000,000 : 0 : 7,916,274,625 : 33%
2021-11-10 22:12:35 : 76,100,000 : 0 : 7,926,498,475 : 33%
2021-11-10 22:27:34 : 76,200,000 : 0 : 7,936,722,325 : 33%
2021-11-10 22:42:38 : 76,300,000 : 0 : 7,946,946,175 : 34%
2021-11-10 22:57:55 : 76,400,000 : 0 : 7,957,170,025 : 34%
2021-11-10 23:13:36 : 76,500,000 : 0 : 7,967,524,950 : 34%
2021-11-10 23:29:37 : 76,600,000 : 0 : 7,977,748,800 : 34%
2021-11-10 23:45:36 : 76,700,000 : 0 : 7,987,841,575 : 34%
2021-11-11 00:01:42 : 76,800,000 : 0 : 7,997,934,350 : 34%
2021-11-11 00:18:03 : 76,900,000 : 0 : 8,008,158,200 : 34%
2021-11-11 00:34:31 : 77,000,000 : 0 : 8,018,250,975 : 34%
2021-11-11 00:50:57 : 77,100,000 : 0 : 8,028,212,675 : 34%
2021-11-11 01:07:29 : 77,200,000 : 0 : 8,038,174,375 : 34%
2021-11-11 01:23:57 : 77,300,000 : 0 : 8,048,005,000 : 34%
2021-11-11 01:40:15 : 77,400,000 : 0 : 8,057,835,625 : 34%
2021-11-11 01:56:21 : 77,500,000 : 0 : 8,067,666,250 : 34%
2021-11-11 02:12:37 : 77,600,000 : 0 : 8,077,496,875 : 34%
2021-11-11 02:28:58 : 77,700,000 : 0 : 8,087,196,425 : 34%
2021-11-11 02:45:21 : 77,800,000 : 0 : 8,097,027,050 : 34%
2021-11-11 03:01:47 : 77,900,000 : 0 : 8,106,726,600 : 34%
2021-11-11 03:18:51 : 78,000,000 : 0 : 8,116,557,225 : 34%
2021-11-11 03:36:27 : 78,100,000 : 0 : 8,126,518,925 : 34%
2021-11-11 03:54:16 : 78,200,000 : 0 : 8,136,349,550 : 34%
2021-11-11 04:12:25 : 78,300,000 : 0 : 8,146,180,175 : 34%
2021-11-11 04:31:35 : 78,400,000 : 0 : 8,156,141,875 : 34%
2021-11-11 04:51:46 : 78,500,000 : 0 : 8,165,841,425 : 34%
2021-11-11 05:12:44 : 78,600,000 : 0 : 8,175,672,050 : 34%
2021-11-11 05:34:23 : 78,700,000 : 0 : 8,185,371,600 : 35%
2021-11-11 05:56:36 : 78,800,000 : 0 : 8,195,202,225 : 35%
2021-11-11 06:20:38 : 78,900,000 : 0 : 8,205,032,850 : 35%
2021-11-11 06:46:50 : 79,000,000 : 0 : 8,224,956,250 : 35%
2021-11-11 07:14:27 : 79,100,000 : 0 : 8,235,049,025 : 35%
2021-11-11 07:43:37 : 79,200,000 : 0 : 8,245,141,800 : 35%
2021-11-11 08:13:45 : 79,300,000 : 0 : 8,255,234,575 : 35%
2021-11-11 08:44:43 : 79,400,000 : 0 : 8,265,196,275 : 35%
2021-11-11 09:17:34 : 79,500,000 : 0 : 8,275,289,050 : 35%
2021-11-11 09:50:18 : 79,600,000 : 0 : 8,285,381,825 : 35%
2021-11-11 10:22:32 : 79,700,000 : 0 : 8,295,474,600 : 35%
2021-11-11 10:52:54 : 79,800,000 : 0 : 8,305,436,300 : 35%
2021-11-11 11:21:38 : 79,900,000 : 0 : 8,315,398,000 : 35%
2021-11-11 11:48:54 : 80,000,000 : 0 : 8,325,621,850 : 35%
2021-11-11 12:14:27 : 80,100,000 : 0 : 8,335,976,775 : 35%
2021-11-11 12:37:55 : 80,200,000 : 0 : 8,346,200,625 : 35%
2021-11-11 12:59:29 : 80,300,000 : 0 : 8,356,293,400 : 35%
2021-11-11 13:19:44 : 80,400,000 : 0 : 8,366,517,250 : 35%
2021-11-11 13:38:39 : 80,500,000 : 0 : 8,376,741,100 : 35%
2021-11-11 13:56:58 : 80,600,000 : 0 : 8,387,227,100 : 35%
2021-11-11 14:14:53 : 80,700,000 : 0 : 8,397,582,025 : 35%
2021-11-11 14:32:03 : 80,800,000 : 0 : 8,407,805,875 : 35%
2021-11-11 14:48:47 : 80,900,000 : 0 : 8,418,160,800 : 36%
2021-11-11 15:05:17 : 81,000,000 : 0 : 8,428,646,800 : 36%
2021-11-11 15:21:35 : 81,100,000 : 0 : 8,439,001,725 : 36%
2021-11-11 15:37:36 : 81,200,000 : 0 : 8,449,356,650 : 36%
2021-11-11 15:53:16 : 81,300,000 : 0 : 8,459,711,575 : 36%
2021-11-11 16:08:58 : 81,400,000 : 0 : 8,470,066,500 : 36%
2021-11-11 16:24:10 : 81,500,000 : 0 : 8,480,421,425 : 36%
2021-11-11 16:38:45 : 81,600,000 : 0 : 8,490,645,275 : 36%
2021-11-11 16:53:07 : 81,700,000 : 0 : 8,501,000,200 : 36%
2021-11-11 17:07:38 : 81,800,000 : 0 : 8,511,355,125 : 36%
2021-11-11 17:22:15 : 81,900,000 : 0 : 8,532,064,975 : 36%
2021-11-11 17:36:40 : 82,000,000 : 0 : 8,542,288,825 : 36%
2021-11-11 17:50:45 : 82,100,000 : 0 : 8,552,512,675 : 36%
2021-11-11 18:04:58 : 82,200,000 : 0 : 8,562,867,600 : 36%
2021-11-11 18:19:40 : 82,300,000 : 0 : 8,573,091,450 : 36%
2021-11-11 18:34:14 : 82,400,000 : 0 : 8,583,446,375 : 36%
2021-11-11 18:48:51 : 82,500,000 : 0 : 8,593,801,300 : 36%
2021-11-11 19:03:34 : 82,600,000 : 0 : 8,604,156,225 : 36%
2021-11-11 19:18:28 : 82,700,000 : 0 : 8,614,511,150 : 36%
2021-11-11 19:33:32 : 82,800,000 : 0 : 8,624,997,150 : 36%
2021-11-11 19:48:38 : 82,900,000 : 0 : 8,635,483,150 : 36%
2021-11-11 20:03:38 : 83,000,000 : 0 : 8,645,838,075 : 36%
2021-11-11 20:18:45 : 83,100,000 : 0 : 8,656,193,000 : 37%
2021-11-11 20:33:53 : 83,200,000 : 0 : 8,666,547,925 : 37%
2021-11-11 20:48:59 : 83,300,000 : 0 : 8,676,771,775 : 37%
2021-11-11 21:04:03 : 83,400,000 : 0 : 8,687,126,700 : 37%
2021-11-11 21:18:56 : 83,500,000 : 0 : 8,697,350,550 : 37%
2021-11-11 21:34:10 : 83,600,000 : 0 : 8,707,705,475 : 37%
2021-11-11 21:49:14 : 83,700,000 : 0 : 8,717,929,325 : 37%
2021-11-11 22:04:44 : 83,800,000 : 0 : 8,728,153,175 : 37%
2021-11-11 22:20:20 : 83,900,000 : 0 : 8,738,377,025 : 37%
2021-11-11 22:36:24 : 84,000,000 : 0 : 8,748,731,950 : 37%
2021-11-11 22:52:21 : 84,100,000 : 0 : 8,758,955,800 : 37%
2021-11-11 23:08:49 : 84,200,000 : 0 : 8,769,179,650 : 37%
2021-11-11 23:25:27 : 84,300,000 : 0 : 8,779,403,500 : 37%
2021-11-11 23:42:58 : 84,400,000 : 0 : 8,789,627,350 : 37%
2021-11-12 00:03:29 : 84,500,000 : 0 : 8,799,982,275 : 37%
2021-11-12 00:21:13 : 84,600,000 : 0 : 8,810,075,050 : 37%
2021-11-12 00:38:34 : 84,700,000 : 0 : 8,829,998,450 : 37%
2021-11-12 00:55:31 : 84,800,000 : 0 : 8,839,829,075 : 37%
2021-11-12 01:12:51 : 84,900,000 : 0 : 8,849,790,775 : 37%
2021-11-12 01:30:08 : 85,000,000 : 0 : 8,859,490,325 : 37%
2021-11-12 01:47:23 : 85,100,000 : 0 : 8,869,320,950 : 37%
2021-11-12 02:04:21 : 85,200,000 : 0 : 8,878,889,425 : 37%
2021-11-12 02:21:03 : 85,300,000 : 0 : 8,888,588,975 : 37%
2021-11-12 02:37:46 : 85,400,000 : 0 : 8,898,288,525 : 38%
2021-11-12 02:54:29 : 85,500,000 : 0 : 8,908,250,225 : 38%
2021-11-12 03:12:02 : 85,600,000 : 0 : 8,917,949,775 : 38%
2021-11-12 03:29:27 : 85,700,000 : 0 : 8,927,518,250 : 38%
2021-11-12 03:46:47 : 85,800,000 : 0 : 8,937,086,725 : 38%
2021-11-12 04:04:17 : 85,900,000 : 0 : 8,946,655,200 : 38%
2021-11-12 04:22:30 : 86,000,000 : 0 : 8,956,223,675 : 38%
2021-11-12 04:41:15 : 86,100,000 : 0 : 8,965,792,150 : 38%
2021-11-12 05:01:02 : 86,200,000 : 0 : 8,975,622,775 : 38%
2021-11-12 05:22:11 : 86,300,000 : 0 : 8,985,453,400 : 38%
2021-11-12 05:44:25 : 86,400,000 : 0 : 8,995,284,025 : 38%
2021-11-12 06:07:40 : 86,500,000 : 0 : 9,005,114,650 : 38%
2021-11-12 06:33:00 : 86,600,000 : 0 : 9,015,207,425 : 38%
2021-11-12 06:59:38 : 86,700,000 : 0 : 9,025,300,200 : 38%
2021-11-12 07:28:12 : 86,800,000 : 0 : 9,035,392,975 : 38%
2021-11-12 07:57:15 : 86,900,000 : 0 : 9,045,485,750 : 38%
2021-11-12 08:27:54 : 87,000,000 : 0 : 9,055,709,600 : 38%
2021-11-12 09:00:17 : 87,100,000 : 0 : 9,065,933,450 : 38%
2021-11-12 09:33:43 : 87,200,000 : 0 : 9,076,157,300 : 38%
2021-11-12 10:06:46 : 87,300,000 : 0 : 9,086,381,150 : 38%
2021-11-12 10:38:48 : 87,400,000 : 0 : 9,096,605,000 : 38%
2021-11-12 11:08:51 : 87,500,000 : 0 : 9,106,697,775 : 38%
2021-11-12 11:37:04 : 87,600,000 : 0 : 9,116,921,625 : 38%
2021-11-12 12:03:20 : 87,700,000 : 0 : 9,127,014,400 : 38%
2021-11-12 12:27:17 : 87,800,000 : 0 : 9,137,238,250 : 39%
2021-11-12 12:49:25 : 87,900,000 : 0 : 9,147,331,025 : 39%
2021-11-12 13:10:02 : 88,000,000 : 0 : 9,157,685,950 : 39%
2021-11-12 13:29:37 : 88,100,000 : 0 : 9,178,264,725 : 39%
2021-11-12 13:48:10 : 88,200,000 : 0 : 9,188,750,725 : 39%
2021-11-12 14:06:00 : 88,300,000 : 0 : 9,198,974,575 : 39%
2021-11-12 14:23:17 : 88,400,000 : 0 : 9,209,460,575 : 39%
2021-11-12 14:40:07 : 88,500,000 : 0 : 9,219,815,500 : 39%
2021-11-12 14:56:18 : 88,600,000 : 0 : 9,230,301,500 : 39%
2021-11-12 15:12:19 : 88,700,000 : 0 : 9,240,787,500 : 39%
2021-11-12 15:27:56 : 88,800,000 : 0 : 9,251,273,500 : 39%
2021-11-12 15:43:06 : 88,900,000 : 0 : 9,261,759,500 : 39%
2021-11-12 15:58:04 : 89,000,000 : 0 : 9,272,245,500 : 39%
2021-11-12 16:13:06 : 89,100,000 : 0 : 9,282,600,425 : 39%
2021-11-12 16:27:52 : 89,200,000 : 0 : 9,292,955,350 : 39%
2021-11-12 16:42:36 : 89,300,000 : 0 : 9,303,441,350 : 39%
2021-11-12 16:57:15 : 89,400,000 : 0 : 9,313,927,350 : 39%
2021-11-12 17:12:01 : 89,500,000 : 0 : 9,324,413,350 : 39%
2021-11-12 17:26:46 : 89,600,000 : 0 : 9,334,768,275 : 39%
2021-11-12 17:41:30 : 89,700,000 : 0 : 9,345,254,275 : 39%
2021-11-12 17:56:15 : 89,800,000 : 0 : 9,355,609,200 : 39%
2021-11-12 18:11:20 : 89,900,000 : 0 : 9,365,964,125 : 40%
2021-11-12 18:26:27 : 90,000,000 : 0 : 9,376,319,050 : 40%
2021-11-12 18:41:49 : 90,100,000 : 0 : 9,386,673,975 : 40%
2021-11-12 18:57:14 : 90,200,000 : 0 : 9,397,028,900 : 40%
2021-11-12 19:12:49 : 90,300,000 : 0 : 9,407,383,825 : 40%
2021-11-12 19:28:32 : 90,400,000 : 0 : 9,417,738,750 : 40%
2021-11-12 19:44:17 : 90,500,000 : 0 : 9,428,093,675 : 40%
2021-11-12 20:00:00 : 90,600,000 : 0 : 9,438,317,525 : 40%
2021-11-12 20:15:40 : 90,700,000 : 0 : 9,448,672,450 : 40%
2021-11-12 20:31:18 : 90,800,000 : 0 : 9,469,382,300 : 40%
2021-11-12 20:47:01 : 90,900,000 : 0 : 9,479,606,150 : 40%
2021-11-12 21:02:41 : 91,000,000 : 0 : 9,489,830,000 : 40%
2021-11-12 21:18:29 : 91,100,000 : 0 : 9,500,053,850 : 40%
2021-11-12 21:34:19 : 91,200,000 : 0 : 9,510,277,700 : 40%
2021-11-12 21:50:26 : 91,300,000 : 0 : 9,520,632,625 : 40%
2021-11-12 22:06:42 : 91,400,000 : 0 : 9,530,856,475 : 40%
2021-11-12 22:23:17 : 91,500,000 : 0 : 9,540,949,250 : 40%
2021-11-12 22:39:55 : 91,600,000 : 0 : 9,551,173,100 : 40%
2021-11-12 22:56:38 : 91,700,000 : 0 : 9,561,265,875 : 40%
2021-11-12 23:13:43 : 91,800,000 : 0 : 9,571,489,725 : 40%
2021-11-12 23:30:49 : 91,900,000 : 0 : 9,581,582,500 : 40%
2021-11-12 23:48:09 : 92,000,000 : 0 : 9,591,675,275 : 40%
2021-11-13 00:05:38 : 92,100,000 : 0 : 9,601,768,050 : 40%
2021-11-13 00:23:05 : 92,200,000 : 0 : 9,611,598,675 : 41%
2021-11-13 00:40:50 : 92,300,000 : 0 : 9,621,560,375 : 41%
2021-11-13 00:58:52 : 92,400,000 : 0 : 9,631,391,000 : 41%
2021-11-13 01:17:00 : 92,500,000 : 0 : 9,641,090,550 : 41%
2021-11-13 01:35:10 : 92,600,000 : 0 : 9,650,921,175 : 41%
2021-11-13 01:53:22 : 92,700,000 : 0 : 9,660,489,650 : 41%
2021-11-13 02:11:13 : 92,800,000 : 0 : 9,670,189,200 : 41%
2021-11-13 02:29:15 : 92,900,000 : 0 : 9,679,757,675 : 41%
2021-11-13 02:47:24 : 93,000,000 : 0 : 9,689,457,225 : 41%
2021-11-13 03:05:54 : 93,100,000 : 0 : 9,699,025,700 : 41%
2021-11-13 03:25:07 : 93,200,000 : 0 : 9,708,725,250 : 41%
2021-11-13 03:44:28 : 93,300,000 : 0 : 9,718,293,725 : 41%
2021-11-13 04:03:50 : 93,400,000 : 0 : 9,727,862,200 : 41%
2021-11-13 04:24:07 : 93,500,000 : 0 : 9,737,561,750 : 41%
2021-11-13 04:45:38 : 93,600,000 : 0 : 9,747,261,300 : 41%
2021-11-13 05:07:58 : 93,700,000 : 0 : 9,756,960,850 : 41%
2021-11-13 05:30:57 : 93,800,000 : 0 : 9,766,660,400 : 41%
2021-11-13 05:55:01 : 93,900,000 : 0 : 9,776,359,950 : 41%
2021-11-13 06:21:06 : 94,000,000 : 0 : 9,786,059,500 : 41%
2021-11-13 06:48:24 : 94,100,000 : 0 : 9,805,589,675 : 41%
2021-11-13 07:17:14 : 94,200,000 : 0 : 9,815,420,300 : 41%
2021-11-13 07:47:50 : 94,300,000 : 0 : 9,825,382,000 : 41%
2021-11-13 08:19:33 : 94,400,000 : 0 : 9,835,343,700 : 41%
2021-11-13 08:51:46 : 94,500,000 : 0 : 9,845,174,325 : 42%
2021-11-13 09:24:43 : 94,600,000 : 0 : 9,855,136,025 : 42%
2021-11-13 09:58:23 : 94,700,000 : 0 : 9,864,966,650 : 42%
2021-11-13 10:31:53 : 94,800,000 : 0 : 9,874,797,275 : 42%
2021-11-13 11:04:41 : 94,900,000 : 0 : 9,884,627,900 : 42%
2021-11-13 11:35:53 : 95,000,000 : 0 : 9,894,589,600 : 42%
2021-11-13 12:05:36 : 95,100,000 : 0 : 9,904,551,300 : 42%
2021-11-13 12:33:27 : 95,200,000 : 0 : 9,914,513,000 : 42%
2021-11-13 12:58:58 : 95,300,000 : 0 : 9,924,474,700 : 42%
2021-11-13 13:22:12 : 95,400,000 : 0 : 9,934,436,400 : 42%
2021-11-13 13:44:27 : 95,500,000 : 0 : 9,944,529,175 : 42%
2021-11-13 14:05:00 : 95,600,000 : 0 : 9,954,490,875 : 42%
2021-11-13 14:24:43 : 95,700,000 : 0 : 9,964,452,575 : 42%
2021-11-13 14:43:43 : 95,800,000 : 0 : 9,974,545,350 : 42%
2021-11-13 15:02:09 : 95,900,000 : 0 : 9,984,638,125 : 42%
2021-11-13 15:19:47 : 96,000,000 : 0 : 9,994,730,900 : 42%
2021-11-13 15:37:03 : 96,100,000 : 0 : 10,004,823,675 : 42%
2021-11-13 15:53:58 : 96,200,000 : 0 : 10,015,047,525 : 42%
2021-11-13 16:10:18 : 96,300,000 : 0 : 10,025,140,300 : 42%
2021-11-13 16:26:34 : 96,400,000 : 0 : 10,035,233,075 : 42%
2021-11-13 16:42:41 : 96,500,000 : 0 : 10,045,325,850 : 42%
2021-11-13 16:58:50 : 96,600,000 : 0 : 10,055,418,625 : 42%
2021-11-13 17:14:25 : 96,700,000 : 0 : 10,065,380,325 : 42%
2021-11-13 17:29:54 : 96,800,000 : 0 : 10,075,473,100 : 42%
2021-11-13 17:45:22 : 96,900,000 : 0 : 10,085,434,800 : 43%
2021-11-13 18:01:03 : 97,000,000 : 0 : 10,095,527,575 : 43%
2021-11-13 18:16:42 : 97,100,000 : 0 : 10,105,489,275 : 43%
2021-11-13 18:32:34 : 97,200,000 : 0 : 10,115,450,975 : 43%
2021-11-13 18:48:21 : 97,300,000 : 0 : 10,125,412,675 : 43%
2021-11-13 19:04:25 : 97,400,000 : 0 : 10,145,336,075 : 43%
2021-11-13 19:20:22 : 97,500,000 : 0 : 10,155,166,700 : 43%
2021-11-13 19:36:19 : 97,600,000 : 0 : 10,164,866,250 : 43%
2021-11-13 19:52:23 : 97,700,000 : 0 : 10,174,565,800 : 43%
2021-11-13 20:08:17 : 97,800,000 : 0 : 10,184,265,350 : 43%
2021-11-13 20:24:04 : 97,900,000 : 0 : 10,193,964,900 : 43%
2021-11-13 20:40:07 : 98,000,000 : 0 : 10,203,926,600 : 43%
2021-11-13 20:56:29 : 98,100,000 : 0 : 10,213,757,225 : 43%
2021-11-13 21:13:10 : 98,200,000 : 0 : 10,223,718,925 : 43%
2021-11-13 21:30:03 : 98,300,000 : 0 : 10,233,549,550 : 43%
2021-11-13 21:46:44 : 98,400,000 : 0 : 10,243,380,175 : 43%
2021-11-13 22:03:22 : 98,500,000 : 0 : 10,253,341,875 : 43%
2021-11-13 22:20:19 : 98,600,000 : 0 : 10,263,303,575 : 43%
2021-11-13 22:37:15 : 98,700,000 : 0 : 10,273,265,275 : 43%
2021-11-13 22:54:13 : 98,800,000 : 0 : 10,283,095,900 : 43%
2021-11-13 23:11:23 : 98,900,000 : 0 : 10,293,057,600 : 43%
2021-11-13 23:28:24 : 99,000,000 : 0 : 10,302,757,150 : 43%
2021-11-13 23:45:27 : 99,100,000 : 0 : 10,312,456,700 : 43%
2021-11-14 00:02:46 : 99,200,000 : 0 : 10,322,287,325 : 44%
2021-11-14 00:20:24 : 99,300,000 : 0 : 10,332,117,950 : 44%
2021-11-14 00:38:19 : 99,400,000 : 0 : 10,341,948,575 : 44%
2021-11-14 00:56:12 : 99,500,000 : 0 : 10,351,779,200 : 44%
2021-11-14 01:14:18 : 99,600,000 : 0 : 10,361,478,750 : 44%
2021-11-14 01:32:12 : 99,700,000 : 0 : 10,371,047,225 : 44%
2021-11-14 01:50:13 : 99,800,000 : 0 : 10,380,615,700 : 44%
2021-11-14 02:08:27 : 99,900,000 : 0 : 10,390,315,250 : 44%
2021-11-14 02:26:56 : 100,000,000 : 0 : 10,399,883,725 : 44%
2021-11-14 02:45:25 : 100,100,000 : 0 : 10,409,452,200 : 44%
2021-11-14 03:03:55 : 100,200,000 : 0 : 10,419,151,750 : 44%
2021-11-14 03:22:49 : 100,300,000 : 0 : 10,428,589,150 : 44%
2021-11-14 03:41:40 : 100,400,000 : 0 : 10,438,157,625 : 44%
2021-11-14 04:01:09 : 100,500,000 : 0 : 10,447,726,100 : 44%
2021-11-14 04:20:18 : 100,600,000 : 0 : 10,457,163,500 : 44%
2021-11-14 04:39:17 : 100,700,000 : 0 : 10,466,338,750 : 44%
2021-11-14 04:59:36 : 100,800,000 : 0 : 10,485,344,625 : 44%
2021-11-14 05:20:39 : 100,900,000 : 0 : 10,494,913,100 : 44%
2021-11-14 05:42:55 : 101,000,000 : 0 : 10,504,612,650 : 44%
2021-11-14 06:06:56 : 101,100,000 : 0 : 10,514,312,200 : 44%
2021-11-14 06:32:41 : 101,200,000 : 0 : 10,524,142,825 : 44%
2021-11-14 06:59:26 : 101,300,000 : 0 : 10,533,973,450 : 44%
2021-11-14 07:27:58 : 101,400,000 : 0 : 10,543,804,075 : 44%
2021-11-14 07:58:04 : 101,500,000 : 0 : 10,553,765,775 : 45%
2021-11-14 08:28:59 : 101,600,000 : 0 : 10,563,596,400 : 45%
2021-11-14 09:00:05 : 101,700,000 : 0 : 10,573,558,100 : 45%
2021-11-14 09:32:47 : 101,800,000 : 0 : 10,583,650,875 : 45%
2021-11-14 10:05:29 : 101,900,000 : 0 : 10,593,612,575 : 45%
2021-11-14 10:37:42 : 102,000,000 : 0 : 10,603,705,350 : 45%
2021-11-14 11:09:49 : 102,100,000 : 0 : 10,613,535,975 : 45%
2021-11-14 11:40:38 : 102,200,000 : 0 : 10,623,497,675 : 45%
2021-11-14 12:10:13 : 102,300,000 : 0 : 10,633,459,375 : 45%
2021-11-14 12:37:39 : 102,400,000 : 0 : 10,643,421,075 : 45%
2021-11-14 13:03:04 : 102,500,000 : 0 : 10,653,513,850 : 45%
2021-11-14 13:26:32 : 102,600,000 : 0 : 10,663,606,625 : 45%
2021-11-14 13:48:25 : 102,700,000 : 0 : 10,673,568,325 : 45%
2021-11-14 14:09:02 : 102,800,000 : 0 : 10,683,661,100 : 45%
2021-11-14 14:28:53 : 102,900,000 : 0 : 10,693,622,800 : 45%
2021-11-14 14:47:39 : 103,000,000 : 0 : 10,703,715,575 : 45%
2021-11-14 15:05:50 : 103,100,000 : 0 : 10,713,808,350 : 45%
2021-11-14 15:23:22 : 103,200,000 : 0 : 10,723,901,125 : 45%
2021-11-14 15:40:18 : 103,300,000 : 0 : 10,733,993,900 : 45%
2021-11-14 15:56:47 : 103,400,000 : 0 : 10,744,086,675 : 45%
2021-11-14 16:12:48 : 103,500,000 : 0 : 10,754,048,375 : 45%
2021-11-14 16:28:30 : 103,600,000 : 0 : 10,764,141,150 : 45%
2021-11-14 16:44:15 : 103,700,000 : 0 : 10,774,102,850 : 45%
2021-11-14 16:59:42 : 103,800,000 : 0 : 10,794,157,325 : 46%
2021-11-14 17:14:48 : 103,900,000 : 0 : 10,804,119,025 : 46%
2021-11-14 17:29:48 : 104,000,000 : 0 : 10,814,080,725 : 46%
2021-11-14 17:44:49 : 104,100,000 : 0 : 10,824,042,425 : 46%
2021-11-14 17:59:44 : 104,200,000 : 0 : 10,833,741,975 : 46%
2021-11-14 18:13:55 : 104,300,000 : 0 : 10,843,179,375 : 46%
2021-11-14 18:27:36 : 104,400,000 : 0 : 10,852,747,850 : 46%
2021-11-14 18:40:58 : 104,500,000 : 0 : 10,862,447,400 : 46%
2021-11-14 18:54:33 : 104,600,000 : 0 : 10,872,015,875 : 46%
2021-11-14 19:08:05 : 104,700,000 : 0 : 10,881,715,425 : 46%
2021-11-14 19:21:55 : 104,800,000 : 0 : 10,891,283,900 : 46%
2021-11-14 19:35:53 : 104,900,000 : 0 : 10,900,983,450 : 46%
2021-11-14 19:50:03 : 105,000,000 : 0 : 10,910,683,000 : 46%
2021-11-14 20:04:17 : 105,100,000 : 0 : 10,920,382,550 : 46%
2021-11-14 20:18:30 : 105,200,000 : 0 : 10,930,082,100 : 46%
2021-11-14 20:32:43 : 105,300,000 : 0 : 10,939,781,650 : 46%
2021-11-14 20:47:07 : 105,400,000 : 0 : 10,949,481,200 : 46%
2021-11-14 21:01:31 : 105,500,000 : 0 : 10,959,180,750 : 46%
2021-11-14 21:16:10 : 105,600,000 : 0 : 10,968,749,225 : 46%
2021-11-14 21:29:55 : 105,700,000 : 0 : 10,978,186,625 : 46%
2021-11-14 21:43:54 : 105,800,000 : 0 : 10,987,755,100 : 46%
2021-11-14 21:58:22 : 105,900,000 : 0 : 10,997,454,650 : 46%
2021-11-14 22:13:18 : 106,000,000 : 0 : 11,007,285,275 : 46%
2021-11-14 22:28:36 : 106,100,000 : 0 : 11,017,246,975 : 46%
2021-11-14 22:43:53 : 106,200,000 : 0 : 11,026,946,525 : 47%
2021-11-14 22:59:31 : 106,300,000 : 0 : 11,036,908,225 : 47%
2021-11-14 23:15:31 : 106,400,000 : 0 : 11,046,738,850 : 47%
2021-11-14 23:31:28 : 106,500,000 : 0 : 11,056,569,475 : 47%
2021-11-14 23:47:15 : 106,600,000 : 0 : 11,066,269,025 : 47%
2021-11-15 00:03:22 : 106,700,000 : 0 : 11,076,099,650 : 47%
2021-11-15 00:19:44 : 106,800,000 : 0 : 11,085,799,200 : 47%
2021-11-15 00:36:13 : 106,900,000 : 0 : 11,095,629,825 : 47%
2021-11-15 00:53:28 : 107,000,000 : 0 : 11,115,553,225 : 47%
2021-11-15 01:10:51 : 107,100,000 : 0 : 11,125,514,925 : 47%
2021-11-15 01:27:57 : 107,200,000 : 0 : 11,135,214,475 : 47%
2021-11-15 01:44:49 : 107,300,000 : 0 : 11,144,914,025 : 47%
2021-11-15 02:01:34 : 107,400,000 : 0 : 11,154,613,575 : 47%
2021-11-15 02:18:16 : 107,500,000 : 0 : 11,164,313,125 : 47%
2021-11-15 02:34:54 : 107,600,000 : 0 : 11,174,143,750 : 47%
2021-11-15 02:51:57 : 107,700,000 : 0 : 11,183,974,375 : 47%
2021-11-15 03:09:26 : 107,800,000 : 0 : 11,193,805,000 : 47%
2021-11-15 03:27:04 : 107,900,000 : 0 : 11,203,504,550 : 47%
2021-11-15 03:44:44 : 108,000,000 : 0 : 11,213,335,175 : 47%
2021-11-15 04:03:14 : 108,100,000 : 0 : 11,223,165,800 : 47%
2021-11-15 04:22:25 : 108,200,000 : 0 : 11,232,996,425 : 47%
2021-11-15 04:42:43 : 108,300,000 : 0 : 11,242,827,050 : 47%
2021-11-15 05:03:57 : 108,400,000 : 0 : 11,252,788,750 : 47%
2021-11-15 05:26:12 : 108,500,000 : 0 : 11,262,881,525 : 48%
2021-11-15 05:49:09 : 108,600,000 : 0 : 11,272,712,150 : 48%
2021-11-15 06:13:06 : 108,700,000 : 0 : 11,282,673,850 : 48%
2021-11-15 06:38:16 : 108,800,000 : 0 : 11,292,504,475 : 48%
2021-11-15 07:04:30 : 108,900,000 : 0 : 11,302,466,175 : 48%
2021-11-15 07:32:29 : 109,000,000 : 0 : 11,312,427,875 : 48%
2021-11-15 08:01:18 : 109,100,000 : 0 : 11,322,389,575 : 48%
2021-11-15 08:31:23 : 109,200,000 : 0 : 11,332,351,275 : 48%
2021-11-15 09:03:11 : 109,300,000 : 0 : 11,342,312,975 : 48%
2021-11-15 09:35:23 : 109,400,000 : 0 : 11,352,405,750 : 48%
2021-11-15 10:07:43 : 109,500,000 : 0 : 11,362,498,525 : 48%
2021-11-15 10:39:32 : 109,600,000 : 0 : 11,372,722,375 : 48%
2021-11-15 11:10:10 : 109,700,000 : 0 : 11,382,815,150 : 48%
2021-11-15 11:39:05 : 109,800,000 : 0 : 11,392,907,925 : 48%
2021-11-15 12:05:36 : 109,900,000 : 0 : 11,403,000,700 : 48%
2021-11-15 12:30:17 : 110,000,000 : 0 : 11,413,224,550 : 48%
2021-11-15 12:52:38 : 110,100,000 : 0 : 11,423,186,250 : 48%
2021-11-15 13:13:45 : 110,200,000 : 0 : 11,433,410,100 : 48%
2021-11-15 13:33:47 : 110,300,000 : 0 : 11,443,502,875 : 48%
2021-11-15 13:52:51 : 110,400,000 : 0 : 11,453,726,725 : 48%
2021-11-15 14:11:13 : 110,500,000 : 0 : 11,464,081,650 : 48%
2021-11-15 14:28:56 : 110,600,000 : 0 : 11,484,791,500 : 48%
2021-11-15 14:46:06 : 110,700,000 : 0 : 11,495,146,425 : 48%
2021-11-15 15:02:43 : 110,800,000 : 0 : 11,505,501,350 : 49%
2021-11-15 15:19:02 : 110,900,000 : 0 : 11,515,987,350 : 49%
2021-11-15 15:34:52 : 111,000,000 : 0 : 11,526,342,275 : 49%
2021-11-15 15:50:15 : 111,100,000 : 0 : 11,536,828,275 : 49%
2021-11-15 16:05:23 : 111,200,000 : 0 : 11,547,183,200 : 49%
2021-11-15 16:20:24 : 111,300,000 : 0 : 11,557,669,200 : 49%
2021-11-15 16:35:18 : 111,400,000 : 0 : 11,568,155,200 : 49%
2021-11-15 16:50:02 : 111,500,000 : 0 : 11,578,510,125 : 49%
2021-11-15 17:04:27 : 111,600,000 : 0 : 11,588,996,125 : 49%
2021-11-15 17:19:08 : 111,700,000 : 0 : 11,599,351,050 : 49%
2021-11-15 17:33:37 : 111,800,000 : 0 : 11,609,705,975 : 49%
2021-11-15 17:48:00 : 111,900,000 : 0 : 11,620,191,975 : 49%
2021-11-15 18:02:27 : 112,000,000 : 0 : 11,630,546,900 : 49%
2021-11-15 18:16:56 : 112,100,000 : 0 : 11,640,901,825 : 49%
2021-11-15 18:31:21 : 112,200,000 : 0 : 11,651,125,675 : 49%
2021-11-15 18:45:36 : 112,300,000 : 0 : 11,661,480,600 : 49%
2021-11-15 19:00:08 : 112,400,000 : 0 : 11,671,966,600 : 49%
2021-11-15 19:14:41 : 112,500,000 : 0 : 11,682,190,450 : 49%
2021-11-15 19:29:15 : 112,600,000 : 0 : 11,692,545,375 : 49%
2021-11-15 19:43:43 : 112,700,000 : 0 : 11,702,900,300 : 49%
2021-11-15 19:58:09 : 112,800,000 : 0 : 11,713,255,225 : 49%
2021-11-15 20:12:43 : 112,900,000 : 0 : 11,723,610,150 : 49%
2021-11-15 20:27:09 : 113,000,000 : 0 : 11,733,965,075 : 49%
2021-11-15 20:41:36 : 113,100,000 : 0 : 11,744,188,925 : 50%
2021-11-15 20:55:46 : 113,200,000 : 0 : 11,754,543,850 : 50%
2021-11-15 21:10:06 : 113,300,000 : 0 : 11,764,767,700 : 50%
2021-11-15 21:24:21 : 113,400,000 : 0 : 11,785,346,475 : 50%
2021-11-15 21:38:40 : 113,500,000 : 0 : 11,795,570,325 : 50%
2021-11-15 21:52:59 : 113,600,000 : 0 : 11,805,925,250 : 50%
2021-11-15 22:07:41 : 113,700,000 : 0 : 11,816,149,100 : 50%
2021-11-15 22:22:34 : 113,800,000 : 0 : 11,826,372,950 : 50%
2021-11-15 22:37:45 : 113,900,000 : 0 : 11,836,596,800 : 50%
2021-11-15 22:53:00 : 114,000,000 : 0 : 11,846,820,650 : 50%
2021-11-15 23:08:28 : 114,100,000 : 0 : 11,857,044,500 : 50%
2021-11-15 23:24:02 : 114,200,000 : 0 : 11,867,399,425 : 50%
2021-11-15 23:39:55 : 114,300,000 : 0 : 11,877,623,275 : 50%
2021-11-15 23:55:56 : 114,400,000 : 0 : 11,887,716,050 : 50%
2021-11-16 00:12:18 : 114,500,000 : 0 : 11,897,939,900 : 50%
2021-11-16 00:28:49 : 114,600,000 : 0 : 11,908,163,750 : 50%
2021-11-16 00:45:30 : 114,700,000 : 0 : 11,918,256,525 : 50%
2021-11-16 01:02:11 : 114,800,000 : 0 : 11,928,087,150 : 50%
2021-11-16 01:18:39 : 114,900,000 : 0 : 11,937,917,775 : 50%
2021-11-16 01:34:54 : 115,000,000 : 0 : 11,947,748,400 : 50%
2021-11-16 01:50:54 : 115,100,000 : 0 : 11,957,710,100 : 50%
2021-11-16 02:07:02 : 115,200,000 : 0 : 11,967,409,650 : 50%
2021-11-16 02:22:56 : 115,300,000 : 0 : 11,977,240,275 : 51%
2021-11-16 02:39:01 : 115,400,000 : 0 : 11,987,070,900 : 51%
2021-11-16 02:55:36 : 115,500,000 : 0 : 11,996,901,525 : 51%
2021-11-16 03:12:06 : 115,600,000 : 0 : 12,006,601,075 : 51%
2021-11-16 03:28:52 : 115,700,000 : 0 : 12,016,431,700 : 51%
2021-11-16 03:46:00 : 115,800,000 : 0 : 12,026,262,325 : 51%
2021-11-16 04:03:43 : 115,900,000 : 0 : 12,036,092,950 : 51%
2021-11-16 04:22:21 : 116,000,000 : 0 : 12,046,054,650 : 51%
2021-11-16 04:42:00 : 116,100,000 : 0 : 12,056,016,350 : 51%
2021-11-16 05:02:30 : 116,200,000 : 0 : 12,065,978,050 : 51%
2021-11-16 05:23:33 : 116,300,000 : 0 : 12,075,939,750 : 51%
2021-11-16 05:45:45 : 116,400,000 : 0 : 12,085,901,450 : 51%
2021-11-16 06:08:53 : 116,500,000 : 0 : 12,095,863,150 : 51%
2021-11-16 06:33:38 : 116,600,000 : 0 : 12,105,824,850 : 51%
2021-11-16 06:59:27 : 116,700,000 : 0 : 12,115,786,550 : 51%
2021-11-16 07:26:37 : 116,800,000 : 0 : 12,125,748,250 : 51%
2021-11-16 07:55:29 : 116,900,000 : 0 : 12,145,802,725 : 51%
2021-11-16 08:24:38 : 117,000,000 : 0 : 12,155,895,500 : 51%
2021-11-16 08:55:13 : 117,100,000 : 0 : 12,165,857,200 : 51%
2021-11-16 09:26:54 : 117,200,000 : 0 : 12,176,081,050 : 51%
2021-11-16 09:59:13 : 117,300,000 : 0 : 12,186,173,825 : 51%
2021-11-16 10:30:34 : 117,400,000 : 0 : 12,196,266,600 : 51%
2021-11-16 11:00:27 : 117,500,000 : 0 : 12,206,359,375 : 51%
2021-11-16 11:29:00 : 117,600,000 : 0 : 12,216,452,150 : 52%
2021-11-16 11:55:13 : 117,700,000 : 0 : 12,226,676,000 : 52%
2021-11-16 12:19:45 : 117,800,000 : 0 : 12,236,768,775 : 52%
2021-11-16 12:42:13 : 117,900,000 : 0 : 12,246,992,625 : 52%
2021-11-16 13:03:12 : 118,000,000 : 0 : 12,257,216,475 : 52%
2021-11-16 13:23:06 : 118,100,000 : 0 : 12,267,440,325 : 52%
2021-11-16 13:41:54 : 118,200,000 : 0 : 12,277,795,250 : 52%
2021-11-16 13:59:53 : 118,300,000 : 0 : 12,288,150,175 : 52%
2021-11-16 14:17:25 : 118,400,000 : 0 : 12,298,636,175 : 52%
2021-11-16 14:34:37 : 118,500,000 : 0 : 12,308,991,100 : 52%
2021-11-16 14:50:56 : 118,600,000 : 0 : 12,319,346,025 : 52%
2021-11-16 15:06:54 : 118,700,000 : 0 : 12,329,832,025 : 52%
2021-11-16 15:22:32 : 118,800,000 : 0 : 12,340,318,025 : 52%
2021-11-16 15:37:49 : 118,900,000 : 0 : 12,350,804,025 : 52%
2021-11-16 15:52:47 : 119,000,000 : 0 : 12,361,290,025 : 52%
2021-11-16 16:07:37 : 119,100,000 : 0 : 12,371,776,025 : 52%
2021-11-16 16:22:24 : 119,200,000 : 0 : 12,382,393,100 : 52%
2021-11-16 16:36:52 : 119,300,000 : 0 : 12,392,879,100 : 52%
2021-11-16 16:51:13 : 119,400,000 : 0 : 12,403,365,100 : 52%
2021-11-16 17:05:33 : 119,500,000 : 0 : 12,413,851,100 : 52%
2021-11-16 17:20:05 : 119,600,000 : 0 : 12,424,337,100 : 52%
2021-11-16 17:34:17 : 119,700,000 : 0 : 12,445,178,025 : 52%
2021-11-16 17:48:27 : 119,800,000 : 0 : 12,455,664,025 : 53%
2021-11-16 18:02:15 : 119,900,000 : 0 : 12,466,018,950 : 53%
2021-11-16 18:16:30 : 120,000,000 : 0 : 12,476,504,950 : 53%
2021-11-16 18:30:43 : 120,100,000 : 0 : 12,486,859,875 : 53%
2021-11-16 18:45:06 : 120,200,000 : 0 : 12,497,345,875 : 53%
2021-11-16 18:59:25 : 120,300,000 : 0 : 12,507,831,875 : 53%
2021-11-16 19:14:00 : 120,400,000 : 0 : 12,518,186,800 : 53%
2021-11-16 19:28:29 : 120,500,000 : 0 : 12,528,672,800 : 53%
2021-11-16 19:43:05 : 120,600,000 : 0 : 12,539,158,800 : 53%
2021-11-16 19:57:40 : 120,700,000 : 0 : 12,549,513,725 : 53%
2021-11-16 20:12:07 : 120,800,000 : 0 : 12,559,868,650 : 53%
2021-11-16 20:26:38 : 120,900,000 : 0 : 12,570,354,650 : 53%
2021-11-16 20:40:58 : 121,000,000 : 0 : 12,580,709,575 : 53%
2021-11-16 20:55:06 : 121,100,000 : 0 : 12,590,933,425 : 53%
2021-11-16 21:09:32 : 121,200,000 : 0 : 12,601,419,425 : 53%
2021-11-16 21:23:57 : 121,300,000 : 0 : 12,611,774,350 : 53%
2021-11-16 21:38:30 : 121,400,000 : 0 : 12,622,129,275 : 53%
2021-11-16 21:53:05 : 121,500,000 : 0 : 12,632,484,200 : 53%
2021-11-16 22:07:54 : 121,600,000 : 0 : 12,642,708,050 : 53%
2021-11-16 22:22:45 : 121,700,000 : 0 : 12,653,062,975 : 53%
2021-11-16 22:37:44 : 121,800,000 : 0 : 12,663,417,900 : 53%
2021-11-16 22:53:02 : 121,900,000 : 0 : 12,673,772,825 : 53%
2021-11-16 23:08:41 : 122,000,000 : 0 : 12,683,996,675 : 53%
2021-11-16 23:24:35 : 122,100,000 : 0 : 12,694,351,600 : 54%
2021-11-16 23:40:27 : 122,200,000 : 0 : 12,704,444,375 : 54%
2021-11-16 23:56:18 : 122,300,000 : 0 : 12,714,668,225 : 54%
2021-11-17 00:12:29 : 122,400,000 : 0 : 12,734,853,775 : 54%
2021-11-17 00:28:30 : 122,500,000 : 0 : 12,744,946,550 : 54%
2021-11-17 00:44:34 : 122,600,000 : 0 : 12,755,039,325 : 54%
2021-11-17 01:00:58 : 122,700,000 : 0 : 12,764,869,950 : 54%
2021-11-17 01:17:09 : 122,800,000 : 0 : 12,774,831,650 : 54%
2021-11-17 01:33:27 : 122,900,000 : 0 : 12,784,662,275 : 54%
2021-11-17 01:49:18 : 123,000,000 : 0 : 12,794,492,900 : 54%
2021-11-17 02:05:21 : 123,100,000 : 0 : 12,804,323,525 : 54%
2021-11-17 02:21:18 : 123,200,000 : 0 : 12,814,023,075 : 54%
2021-11-17 02:37:24 : 123,300,000 : 0 : 12,823,853,700 : 54%
2021-11-17 02:53:48 : 123,400,000 : 0 : 12,833,684,325 : 54%
2021-11-17 03:10:14 : 123,500,000 : 0 : 12,843,646,025 : 54%
2021-11-17 03:27:12 : 123,600,000 : 0 : 12,853,476,650 : 54%
2021-11-17 03:44:28 : 123,700,000 : 0 : 12,863,307,275 : 54%
2021-11-17 04:02:34 : 123,800,000 : 0 : 12,873,268,975 : 54%
2021-11-17 04:20:57 : 123,900,000 : 0 : 12,883,230,675 : 54%
2021-11-17 04:40:32 : 124,000,000 : 0 : 12,893,192,375 : 54%
2021-11-17 05:01:02 : 124,100,000 : 0 : 12,903,285,150 : 54%
2021-11-17 05:22:07 : 124,200,000 : 0 : 12,913,246,850 : 54%
2021-11-17 05:44:08 : 124,300,000 : 0 : 12,923,077,475 : 55%
2021-11-17 06:07:23 : 124,400,000 : 0 : 12,933,039,175 : 55%
2021-11-17 06:31:58 : 124,500,000 : 0 : 12,943,131,950 : 55%
2021-11-17 06:57:45 : 124,600,000 : 0 : 12,953,093,650 : 55%
2021-11-17 07:25:17 : 124,700,000 : 0 : 12,963,186,425 : 55%
2021-11-17 07:53:57 : 124,800,000 : 0 : 12,973,279,200 : 55%
2021-11-17 08:23:44 : 124,900,000 : 0 : 12,983,240,900 : 55%
2021-11-17 08:54:58 : 125,000,000 : 0 : 12,993,464,750 : 55%
2021-11-17 09:26:27 : 125,100,000 : 0 : 13,003,426,450 : 55%
2021-11-17 09:58:17 : 125,200,000 : 0 : 13,013,519,225 : 55%
2021-11-17 10:29:25 : 125,300,000 : 0 : 13,023,480,925 : 55%
2021-11-17 10:59:37 : 125,400,000 : 0 : 13,033,573,700 : 55%
2021-11-17 11:28:14 : 125,500,000 : 0 : 13,043,666,475 : 55%
2021-11-17 11:54:17 : 125,600,000 : 0 : 13,053,890,325 : 55%
2021-11-17 12:18:32 : 125,700,000 : 0 : 13,074,206,950 : 55%
2021-11-17 12:40:57 : 125,800,000 : 0 : 13,084,299,725 : 55%
2021-11-17 13:02:02 : 125,900,000 : 0 : 13,094,523,575 : 55%
2021-11-17 13:22:41 : 126,000,000 : 0 : 13,104,747,425 : 55%
2021-11-17 13:41:53 : 126,100,000 : 0 : 13,115,102,350 : 55%
2021-11-17 13:59:52 : 126,200,000 : 0 : 13,125,326,200 : 55%
2021-11-17 14:17:21 : 126,300,000 : 0 : 13,135,812,200 : 55%
2021-11-17 14:34:18 : 126,400,000 : 0 : 13,146,167,125 : 55%
2021-11-17 14:50:27 : 126,500,000 : 0 : 13,156,653,125 : 55%
2021-11-17 15:06:20 : 126,600,000 : 0 : 13,167,008,050 : 56%
2021-11-17 15:21:49 : 126,700,000 : 0 : 13,177,362,975 : 56%
2021-11-17 15:36:52 : 126,800,000 : 0 : 13,187,848,975 : 56%
2021-11-17 15:51:42 : 126,900,000 : 0 : 13,198,334,975 : 56%
2021-11-17 16:06:29 : 127,000,000 : 0 : 13,208,820,975 : 56%
2021-11-17 16:21:06 : 127,100,000 : 0 : 13,219,306,975 : 56%
2021-11-17 16:35:36 : 127,200,000 : 0 : 13,229,792,975 : 56%
2021-11-17 16:50:04 : 127,300,000 : 0 : 13,240,278,975 : 56%
2021-11-17 17:04:16 : 127,400,000 : 0 : 13,250,764,975 : 56%
2021-11-17 17:18:40 : 127,500,000 : 0 : 13,261,250,975 : 56%
2021-11-17 17:32:46 : 127,600,000 : 0 : 13,271,736,975 : 56%
2021-11-17 17:46:56 : 127,700,000 : 0 : 13,282,222,975 : 56%
2021-11-17 18:01:01 : 127,800,000 : 0 : 13,292,708,975 : 56%
2021-11-17 18:15:19 : 127,900,000 : 0 : 13,303,063,900 : 56%
2021-11-17 18:29:35 : 128,000,000 : 0 : 13,313,549,900 : 56%
2021-11-17 18:43:46 : 128,100,000 : 0 : 13,324,035,900 : 56%
2021-11-17 18:58:04 : 128,200,000 : 0 : 13,334,521,900 : 56%
2021-11-17 19:12:43 : 128,300,000 : 0 : 13,345,007,900 : 56%
2021-11-17 19:27:24 : 128,400,000 : 0 : 13,365,979,900 : 56%
2021-11-17 19:41:56 : 128,500,000 : 0 : 13,376,465,900 : 56%
2021-11-17 19:56:21 : 128,600,000 : 0 : 13,386,820,825 : 56%
2021-11-17 20:11:01 : 128,700,000 : 0 : 13,397,306,825 : 57%
2021-11-17 20:25:43 : 128,800,000 : 0 : 13,407,661,750 : 57%
2021-11-17 20:40:14 : 128,900,000 : 0 : 13,418,016,675 : 57%
2021-11-17 20:54:57 : 129,000,000 : 0 : 13,428,371,600 : 57%
2021-11-17 21:10:23 : 129,100,000 : 0 : 13,438,857,600 : 57%
2021-11-17 21:25:17 : 129,200,000 : 0 : 13,449,343,600 : 57%
2021-11-17 21:40:20 : 129,300,000 : 0 : 13,459,698,525 : 57%
2021-11-17 21:55:24 : 129,400,000 : 0 : 13,470,184,525 : 57%
2021-11-17 22:10:44 : 129,500,000 : 0 : 13,480,539,450 : 57%
2021-11-17 22:26:12 : 129,600,000 : 0 : 13,490,894,375 : 57%
2021-11-17 22:41:52 : 129,700,000 : 0 : 13,501,118,225 : 57%
2021-11-17 22:57:41 : 129,800,000 : 0 : 13,511,473,150 : 57%
2021-11-17 23:13:40 : 129,900,000 : 0 : 13,521,697,000 : 57%
2021-11-17 23:29:55 : 130,000,000 : 0 : 13,532,051,925 : 57%
2021-11-17 23:46:21 : 130,100,000 : 0 : 13,542,275,775 : 57%
2021-11-18 00:03:05 : 130,200,000 : 0 : 13,552,630,700 : 57%
2021-11-18 00:20:11 : 130,300,000 : 0 : 13,562,723,475 : 57%
2021-11-18 00:37:12 : 130,400,000 : 0 : 13,572,947,325 : 57%
2021-11-18 00:54:10 : 130,500,000 : 0 : 13,583,040,100 : 57%
2021-11-18 01:11:07 : 130,600,000 : 0 : 13,593,001,800 : 57%
2021-11-18 01:27:31 : 130,700,000 : 0 : 13,602,963,500 : 57%
2021-11-18 01:43:58 : 130,800,000 : 0 : 13,612,794,125 : 57%
2021-11-18 02:00:26 : 130,900,000 : 0 : 13,622,624,750 : 57%
2021-11-18 02:16:53 : 131,000,000 : 0 : 13,632,455,375 : 57%
2021-11-18 02:33:09 : 131,100,000 : 0 : 13,652,116,625 : 58%
2021-11-18 02:50:11 : 131,200,000 : 0 : 13,661,947,250 : 58%
2021-11-18 03:07:04 : 131,300,000 : 0 : 13,671,777,875 : 58%
2021-11-18 03:24:21 : 131,400,000 : 0 : 13,681,608,500 : 58%
2021-11-18 03:41:59 : 131,500,000 : 0 : 13,691,570,200 : 58%
2021-11-18 04:00:19 : 131,600,000 : 0 : 13,701,531,900 : 58%
2021-11-18 04:19:00 : 131,700,000 : 0 : 13,711,362,525 : 58%
2021-11-18 04:38:22 : 131,800,000 : 0 : 13,721,193,150 : 58%
2021-11-18 04:58:18 : 131,900,000 : 0 : 13,731,023,775 : 58%
2021-11-18 05:19:15 : 132,000,000 : 0 : 13,740,985,475 : 58%
2021-11-18 05:41:02 : 132,100,000 : 0 : 13,750,816,100 : 58%
2021-11-18 06:04:38 : 132,200,000 : 0 : 13,760,777,800 : 58%
2021-11-18 06:29:23 : 132,300,000 : 0 : 13,770,739,500 : 58%
2021-11-18 06:55:16 : 132,400,000 : 0 : 13,780,701,200 : 58%
2021-11-18 07:22:15 : 132,500,000 : 0 : 13,790,662,900 : 58%
2021-11-18 07:50:35 : 132,600,000 : 0 : 13,800,755,675 : 58%
2021-11-18 08:19:28 : 132,700,000 : 0 : 13,810,717,375 : 58%
2021-11-18 08:49:34 : 132,800,000 : 0 : 13,820,810,150 : 58%
2021-11-18 09:21:08 : 132,900,000 : 0 : 13,830,902,925 : 58%
2021-11-18 09:52:47 : 133,000,000 : 0 : 13,840,995,700 : 58%
2021-11-18 10:23:59 : 133,100,000 : 0 : 13,851,219,550 : 58%
2021-11-18 10:54:13 : 133,200,000 : 0 : 13,861,312,325 : 58%
2021-11-18 11:22:33 : 133,300,000 : 0 : 13,871,405,100 : 59%
2021-11-18 11:49:02 : 133,400,000 : 0 : 13,881,497,875 : 59%
2021-11-18 12:13:42 : 133,500,000 : 0 : 13,891,590,650 : 59%
2021-11-18 12:36:21 : 133,600,000 : 0 : 13,901,683,425 : 59%
2021-11-18 12:57:24 : 133,700,000 : 0 : 13,911,907,275 : 59%
2021-11-18 13:17:11 : 133,800,000 : 0 : 13,922,131,125 : 59%
2021-11-18 13:36:16 : 133,900,000 : 0 : 13,932,354,975 : 59%
2021-11-18 13:54:40 : 134,000,000 : 0 : 13,942,709,900 : 59%
2021-11-18 14:12:28 : 134,100,000 : 0 : 13,953,064,825 : 59%
2021-11-18 14:29:20 : 134,200,000 : 0 : 13,963,419,750 : 59%
2021-11-18 14:45:35 : 134,300,000 : 0 : 13,973,774,675 : 59%
2021-11-18 15:01:15 : 134,400,000 : 0 : 13,984,129,600 : 59%
2021-11-18 15:16:45 : 134,500,000 : 0 : 13,994,615,600 : 59%
2021-11-18 15:32:01 : 134,600,000 : 0 : 14,015,325,450 : 59%
2021-11-18 15:46:43 : 134,700,000 : 0 : 14,025,811,450 : 59%
2021-11-18 16:01:21 : 134,800,000 : 0 : 14,036,166,375 : 59%
2021-11-18 16:15:52 : 134,900,000 : 0 : 14,046,652,375 : 59%
2021-11-18 16:30:28 : 135,000,000 : 0 : 14,057,138,375 : 59%
2021-11-18 16:44:51 : 135,100,000 : 0 : 14,067,755,450 : 59%
2021-11-18 16:59:05 : 135,200,000 : 0 : 14,078,241,450 : 59%
2021-11-18 17:13:29 : 135,300,000 : 0 : 14,088,727,450 : 59%
2021-11-18 17:27:46 : 135,400,000 : 0 : 14,099,213,450 : 59%
2021-11-18 17:41:57 : 135,500,000 : 0 : 14,109,568,375 : 60%
2021-11-18 17:55:59 : 135,600,000 : 0 : 14,120,054,375 : 60%
2021-11-18 18:10:20 : 135,700,000 : 0 : 14,130,409,300 : 60%
2021-11-18 18:24:31 : 135,800,000 : 0 : 14,140,764,225 : 60%
2021-11-18 18:38:54 : 135,900,000 : 0 : 14,151,119,150 : 60%
2021-11-18 18:53:16 : 136,000,000 : 0 : 14,161,605,150 : 60%
2021-11-18 19:07:50 : 136,100,000 : 0 : 14,171,960,075 : 60%
2021-11-18 19:22:26 : 136,200,000 : 0 : 14,182,315,000 : 60%
2021-11-18 19:36:55 : 136,300,000 : 0 : 14,192,801,000 : 60%
2021-11-18 19:51:19 : 136,400,000 : 0 : 14,203,155,925 : 60%
2021-11-18 20:05:35 : 136,500,000 : 0 : 14,213,379,775 : 60%
2021-11-18 20:20:04 : 136,600,000 : 0 : 14,223,865,775 : 60%
2021-11-18 20:34:33 : 136,700,000 : 0 : 14,234,220,700 : 60%
2021-11-18 20:49:01 : 136,800,000 : 0 : 14,244,575,625 : 60%
2021-11-18 21:03:33 : 136,900,000 : 0 : 14,254,930,550 : 60%
2021-11-18 21:18:19 : 137,000,000 : 0 : 14,265,285,475 : 60%
2021-11-18 21:32:57 : 137,100,000 : 0 : 14,275,640,400 : 60%
2021-11-18 21:47:42 : 137,200,000 : 0 : 14,285,864,250 : 60%
2021-11-18 22:02:26 : 137,300,000 : 0 : 14,306,574,100 : 60%
2021-11-18 22:17:40 : 137,400,000 : 0 : 14,316,797,950 : 60%
2021-11-18 22:32:55 : 137,500,000 : 0 : 14,327,021,800 : 60%
2021-11-18 22:48:25 : 137,600,000 : 0 : 14,337,376,725 : 60%
2021-11-18 23:04:09 : 137,700,000 : 0 : 14,347,600,575 : 61%
2021-11-18 23:20:09 : 137,800,000 : 0 : 14,357,824,425 : 61%
2021-11-18 23:36:16 : 137,900,000 : 0 : 14,368,048,275 : 61%
2021-11-18 23:52:44 : 138,000,000 : 0 : 14,378,272,125 : 61%
2021-11-19 00:09:19 : 138,100,000 : 0 : 14,388,364,900 : 61%
2021-11-19 00:26:02 : 138,200,000 : 0 : 14,398,457,675 : 61%
2021-11-19 00:42:53 : 138,300,000 : 0 : 14,408,550,450 : 61%
2021-11-19 00:59:52 : 138,400,000 : 0 : 14,418,512,150 : 61%
2021-11-19 01:17:02 : 138,500,000 : 0 : 14,428,473,850 : 61%
2021-11-19 01:33:56 : 138,600,000 : 0 : 14,438,304,475 : 61%
2021-11-19 01:50:43 : 138,700,000 : 0 : 14,448,266,175 : 61%
2021-11-19 02:07:35 : 138,800,000 : 0 : 14,458,096,800 : 61%
2021-11-19 02:24:15 : 138,900,000 : 0 : 14,467,796,350 : 61%
2021-11-19 02:40:58 : 139,000,000 : 0 : 14,477,626,975 : 61%
2021-11-19 02:57:39 : 139,100,000 : 0 : 14,487,457,600 : 61%
2021-11-19 03:14:23 : 139,200,000 : 0 : 14,497,157,150 : 61%
2021-11-19 03:31:16 : 139,300,000 : 0 : 14,506,856,700 : 61%
2021-11-19 03:48:25 : 139,400,000 : 0 : 14,516,556,250 : 61%
2021-11-19 04:06:03 : 139,500,000 : 0 : 14,526,255,800 : 61%
2021-11-19 04:24:02 : 139,600,000 : 0 : 14,535,955,350 : 61%
2021-11-19 04:43:34 : 139,700,000 : 0 : 14,545,785,975 : 61%
2021-11-19 05:03:54 : 139,800,000 : 0 : 14,555,616,600 : 61%
2021-11-19 05:25:08 : 139,900,000 : 0 : 14,565,447,225 : 61%
2021-11-19 05:47:07 : 140,000,000 : 0 : 14,575,146,775 : 61%
2021-11-19 06:10:53 : 140,100,000 : 0 : 14,585,108,475 : 62%
2021-11-19 06:35:49 : 140,200,000 : 0 : 14,595,070,175 : 62%
2021-11-19 07:01:56 : 140,300,000 : 0 : 14,604,769,725 : 62%
2021-11-19 07:29:19 : 140,400,000 : 0 : 14,614,731,425 : 62%
2021-11-19 07:58:16 : 140,500,000 : 0 : 14,624,824,200 : 62%
2021-11-19 08:27:45 : 140,600,000 : 0 : 14,634,785,900 : 62%
2021-11-19 08:59:06 : 140,700,000 : 0 : 14,644,878,675 : 62%
2021-11-19 09:30:39 : 140,800,000 : 0 : 14,654,971,450 : 62%
2021-11-19 10:02:06 : 140,900,000 : 0 : 14,675,288,075 : 62%
2021-11-19 10:33:19 : 141,000,000 : 0 : 14,685,249,775 : 62%
2021-11-19 11:03:08 : 141,100,000 : 0 : 14,695,342,550 : 62%
2021-11-19 11:30:48 : 141,200,000 : 0 : 14,705,304,250 : 62%
2021-11-19 11:56:26 : 141,300,000 : 0 : 14,715,397,025 : 62%
2021-11-19 12:20:34 : 141,400,000 : 0 : 14,725,489,800 : 62%
2021-11-19 12:43:12 : 141,500,000 : 0 : 14,735,582,575 : 62%
2021-11-19 13:04:08 : 141,600,000 : 0 : 14,745,937,500 : 62%
2021-11-19 13:24:00 : 141,700,000 : 0 : 14,756,030,275 : 62%
2021-11-19 13:42:44 : 141,800,000 : 0 : 14,766,385,200 : 62%
2021-11-19 14:00:49 : 141,900,000 : 0 : 14,776,740,125 : 62%
2021-11-19 14:18:19 : 142,000,000 : 0 : 14,786,963,975 : 62%
2021-11-19 14:35:08 : 142,100,000 : 0 : 14,797,449,975 : 62%
2021-11-19 14:51:31 : 142,200,000 : 0 : 14,807,673,825 : 62%
2021-11-19 15:07:29 : 142,300,000 : 0 : 14,818,028,750 : 63%
2021-11-19 15:23:07 : 142,400,000 : 0 : 14,828,514,750 : 63%
2021-11-19 15:38:28 : 142,500,000 : 0 : 14,838,869,675 : 63%
2021-11-19 15:53:17 : 142,600,000 : 0 : 14,849,224,600 : 63%
2021-11-19 16:08:09 : 142,700,000 : 0 : 14,859,579,525 : 63%
2021-11-19 16:22:52 : 142,800,000 : 0 : 14,870,065,525 : 63%
2021-11-19 16:37:36 : 142,900,000 : 0 : 14,880,551,525 : 63%
2021-11-19 16:52:11 : 143,000,000 : 0 : 14,891,037,525 : 63%
2021-11-19 17:06:34 : 143,100,000 : 0 : 14,901,392,450 : 63%
2021-11-19 17:21:07 : 143,200,000 : 0 : 14,911,878,450 : 63%
2021-11-19 17:35:44 : 143,300,000 : 0 : 14,922,233,375 : 63%
2021-11-19 17:50:07 : 143,400,000 : 0 : 14,932,588,300 : 63%
2021-11-19 18:04:48 : 143,500,000 : 0 : 14,943,074,300 : 63%
2021-11-19 18:19:37 : 143,600,000 : 0 : 14,953,298,150 : 63%
2021-11-19 18:33:44 : 143,700,000 : 0 : 14,963,390,925 : 63%
2021-11-19 18:47:23 : 143,800,000 : 0 : 14,973,352,625 : 63%
2021-11-19 19:00:49 : 143,900,000 : 0 : 14,983,314,325 : 63%
2021-11-19 19:14:29 : 144,000,000 : 0 : 15,003,106,650 : 63%
2021-11-19 19:28:07 : 144,100,000 : 0 : 15,013,199,425 : 63%
2021-11-19 19:42:19 : 144,200,000 : 0 : 15,023,292,200 : 63%
2021-11-19 19:56:24 : 144,300,000 : 0 : 15,033,384,975 : 63%
2021-11-19 20:10:45 : 144,400,000 : 0 : 15,043,477,750 : 63%
2021-11-19 20:25:04 : 144,500,000 : 0 : 15,053,570,525 : 63%
2021-11-19 20:39:33 : 144,600,000 : 0 : 15,063,663,300 : 64%
2021-11-19 20:54:05 : 144,700,000 : 0 : 15,073,887,150 : 64%
2021-11-19 21:08:52 : 144,800,000 : 0 : 15,083,979,925 : 64%
2021-11-19 21:23:49 : 144,900,000 : 0 : 15,094,072,700 : 64%
2021-11-19 21:38:47 : 145,000,000 : 0 : 15,104,296,550 : 64%
2021-11-19 21:53:51 : 145,100,000 : 0 : 15,114,389,325 : 64%
2021-11-19 22:09:11 : 145,200,000 : 0 : 15,124,482,100 : 64%
2021-11-19 22:24:57 : 145,300,000 : 0 : 15,134,574,875 : 64%
2021-11-19 22:40:48 : 145,400,000 : 0 : 15,144,667,650 : 64%
2021-11-19 22:56:31 : 145,500,000 : 0 : 15,154,629,350 : 64%
2021-11-19 23:12:18 : 145,600,000 : 0 : 15,164,591,050 : 64%
2021-11-19 23:28:31 : 145,700,000 : 0 : 15,174,683,825 : 64%
2021-11-19 23:44:54 : 145,800,000 : 0 : 15,184,645,525 : 64%
2021-11-20 00:01:26 : 145,900,000 : 0 : 15,194,607,225 : 64%
2021-11-20 00:18:18 : 146,000,000 : 0 : 15,204,437,850 : 64%
2021-11-20 00:35:31 : 146,100,000 : 0 : 15,214,399,550 : 64%
2021-11-20 00:52:39 : 146,200,000 : 0 : 15,224,230,175 : 64%
2021-11-20 01:10:05 : 146,300,000 : 0 : 15,233,929,725 : 64%
2021-11-20 01:27:32 : 146,400,000 : 0 : 15,243,629,275 : 64%
2021-11-20 01:45:12 : 146,500,000 : 0 : 15,253,328,825 : 64%
2021-11-20 02:03:23 : 146,600,000 : 0 : 15,263,159,450 : 64%
2021-11-20 02:21:55 : 146,700,000 : 0 : 15,272,859,000 : 64%
2021-11-20 02:40:27 : 146,800,000 : 0 : 15,282,558,550 : 64%
2021-11-20 02:59:17 : 146,900,000 : 0 : 15,292,389,175 : 65%
2021-11-20 03:18:18 : 147,000,000 : 0 : 15,302,088,725 : 65%
2021-11-20 03:37:43 : 147,100,000 : 0 : 15,311,788,275 : 65%
2021-11-20 03:57:38 : 147,200,000 : 0 : 15,321,618,900 : 65%
2021-11-20 04:17:54 : 147,300,000 : 0 : 15,331,318,450 : 65%
2021-11-20 04:38:52 : 147,400,000 : 0 : 15,341,018,000 : 65%
2021-11-20 05:00:40 : 147,500,000 : 0 : 15,350,848,625 : 65%
2021-11-20 05:23:16 : 147,600,000 : 0 : 15,370,247,725 : 65%
2021-11-20 05:46:49 : 147,700,000 : 0 : 15,379,947,275 : 65%
2021-11-20 06:11:56 : 147,800,000 : 0 : 15,389,777,900 : 65%
2021-11-20 06:38:31 : 147,900,000 : 0 : 15,399,608,525 : 65%
2021-11-20 07:06:39 : 148,000,000 : 0 : 15,409,308,075 : 65%
2021-11-20 07:36:20 : 148,100,000 : 0 : 15,419,138,700 : 65%
2021-11-20 08:06:39 : 148,200,000 : 0 : 15,429,100,400 : 65%
2021-11-20 08:38:12 : 148,300,000 : 0 : 15,438,931,025 : 65%
2021-11-20 09:10:45 : 148,400,000 : 0 : 15,448,892,725 : 65%
2021-11-20 09:43:55 : 148,500,000 : 0 : 15,458,854,425 : 65%
2021-11-20 10:16:36 : 148,600,000 : 0 : 15,468,553,975 : 65%
2021-11-20 10:48:41 : 148,700,000 : 0 : 15,478,515,675 : 65%
2021-11-20 11:19:24 : 148,800,000 : 0 : 15,488,346,300 : 65%
2021-11-20 11:48:49 : 148,900,000 : 0 : 15,498,308,000 : 65%
2021-11-20 12:17:18 : 149,000,000 : 0 : 15,508,269,700 : 65%
2021-11-20 12:43:35 : 149,100,000 : 0 : 15,518,362,475 : 65%
2021-11-20 13:07:45 : 149,200,000 : 0 : 15,528,324,175 : 65%
2021-11-20 13:30:23 : 149,300,000 : 0 : 15,538,416,950 : 66%
2021-11-20 13:51:45 : 149,400,000 : 0 : 15,548,378,650 : 66%
2021-11-20 14:12:01 : 149,500,000 : 0 : 15,558,340,350 : 66%
2021-11-20 14:31:22 : 149,600,000 : 0 : 15,568,433,125 : 66%
2021-11-20 14:49:31 : 149,700,000 : 0 : 15,578,394,825 : 66%
2021-11-20 15:07:27 : 149,800,000 : 0 : 15,588,356,525 : 66%
2021-11-20 15:24:25 : 149,900,000 : 0 : 15,598,449,300 : 66%
2021-11-20 15:41:05 : 150,000,000 : 0 : 15,608,411,000 : 66%
2021-11-20 15:56:58 : 150,100,000 : 0 : 15,618,372,700 : 66%
2021-11-20 16:13:09 : 150,200,000 : 0 : 15,628,465,475 : 66%
2021-11-20 16:29:09 : 150,300,000 : 0 : 15,638,558,250 : 66%
2021-11-20 16:44:49 : 150,400,000 : 0 : 15,648,651,025 : 66%
2021-11-20 16:59:48 : 150,500,000 : 0 : 15,658,481,650 : 66%
2021-11-20 17:15:17 : 150,600,000 : 0 : 15,668,574,425 : 66%
2021-11-20 17:30:36 : 150,700,000 : 0 : 15,678,536,125 : 66%
2021-11-20 17:46:04 : 150,800,000 : 0 : 15,688,497,825 : 66%
2021-11-20 18:01:10 : 150,900,000 : 0 : 15,698,328,450 : 66%
2021-11-20 18:16:19 : 151,000,000 : 0 : 15,718,251,850 : 66%
2021-11-20 18:31:36 : 151,100,000 : 0 : 15,728,082,475 : 66%
2021-11-20 18:46:57 : 151,200,000 : 0 : 15,738,044,175 : 66%
2021-11-20 19:02:29 : 151,300,000 : 0 : 15,748,005,875 : 66%
2021-11-20 19:18:18 : 151,400,000 : 0 : 15,757,967,575 : 66%
2021-11-20 19:34:16 : 151,500,000 : 0 : 15,768,060,350 : 67%
2021-11-20 19:50:24 : 151,600,000 : 0 : 15,778,022,050 : 67%
2021-11-20 20:06:53 : 151,700,000 : 0 : 15,787,983,750 : 67%
2021-11-20 20:23:19 : 151,800,000 : 0 : 15,797,814,375 : 67%
2021-11-20 20:39:42 : 151,900,000 : 0 : 15,807,776,075 : 67%
2021-11-20 20:56:11 : 152,000,000 : 0 : 15,817,737,775 : 67%
2021-11-20 21:12:46 : 152,100,000 : 0 : 15,827,568,400 : 67%
2021-11-20 21:29:29 : 152,200,000 : 0 : 15,837,530,100 : 67%
2021-11-20 21:46:08 : 152,300,000 : 0 : 15,847,360,725 : 67%
2021-11-20 22:02:36 : 152,400,000 : 0 : 15,857,191,350 : 67%
2021-11-20 22:19:25 : 152,500,000 : 0 : 15,867,153,050 : 67%
2021-11-20 22:36:21 : 152,600,000 : 0 : 15,877,114,750 : 67%
2021-11-20 22:53:17 : 152,700,000 : 0 : 15,886,945,375 : 67%
2021-11-20 23:10:02 : 152,800,000 : 0 : 15,896,776,000 : 67%
2021-11-20 23:27:12 : 152,900,000 : 0 : 15,906,606,625 : 67%
2021-11-20 23:44:04 : 153,000,000 : 0 : 15,916,306,175 : 67%
2021-11-21 00:01:06 : 153,100,000 : 0 : 15,926,136,800 : 67%
2021-11-21 00:18:27 : 153,200,000 : 0 : 15,935,836,350 : 67%
2021-11-21 00:35:50 : 153,300,000 : 0 : 15,945,666,975 : 67%
2021-11-21 00:53:19 : 153,400,000 : 0 : 15,955,366,525 : 67%
2021-11-21 01:11:19 : 153,500,000 : 0 : 15,965,066,075 : 67%
2021-11-21 01:29:18 : 153,600,000 : 0 : 15,974,765,625 : 67%
2021-11-21 01:47:34 : 153,700,000 : 0 : 15,984,465,175 : 67%
2021-11-21 02:05:52 : 153,800,000 : 0 : 15,994,164,725 : 67%
2021-11-21 02:24:23 : 153,900,000 : 0 : 16,003,864,275 : 68%
2021-11-21 02:43:06 : 154,000,000 : 0 : 16,023,263,375 : 68%
2021-11-21 03:02:15 : 154,100,000 : 0 : 16,032,962,925 : 68%
2021-11-21 03:21:31 : 154,200,000 : 0 : 16,042,662,475 : 68%
2021-11-21 03:41:06 : 154,300,000 : 0 : 16,052,362,025 : 68%
2021-11-21 04:01:09 : 154,400,000 : 0 : 16,062,061,575 : 68%
2021-11-21 04:22:08 : 154,500,000 : 0 : 16,071,892,200 : 68%
2021-11-21 04:43:44 : 154,600,000 : 0 : 16,081,591,750 : 68%
2021-11-21 05:05:53 : 154,700,000 : 0 : 16,091,291,300 : 68%
2021-11-21 05:28:14 : 154,800,000 : 0 : 16,100,990,850 : 68%
2021-11-21 05:51:57 : 154,900,000 : 0 : 16,110,821,475 : 68%
2021-11-21 06:17:23 : 155,000,000 : 0 : 16,120,521,025 : 68%
2021-11-21 06:43:52 : 155,100,000 : 0 : 16,130,351,650 : 68%
2021-11-21 07:11:53 : 155,200,000 : 0 : 16,140,182,275 : 68%
2021-11-21 07:40:55 : 155,300,000 : 0 : 16,150,012,900 : 68%
2021-11-21 08:10:48 : 155,400,000 : 0 : 16,159,843,525 : 68%
2021-11-21 08:41:22 : 155,500,000 : 0 : 16,169,674,150 : 68%
Decoding error with 134,217,728 bytes, reading another chunk
2021-11-21 09:12:31 : 155,600,000 : 0 : 16,189,466,475 : 68%
2021-11-21 09:43:33 : 155,700,000 : 0 : 16,189,466,475 : 68%
2021-11-21 10:14:20 : 155,800,000 : 0 : 16,199,166,025 : 68%
2021-11-21 10:44:42 : 155,900,000 : 0 : 16,208,865,575 : 68%
2021-11-21 11:13:58 : 156,000,000 : 0 : 16,218,434,050 : 68%
2021-11-21 11:42:05 : 156,100,000 : 0 : 16,228,002,525 : 68%
2021-11-21 12:10:06 : 156,200,000 : 0 : 16,237,833,150 : 68%
2021-11-21 12:36:02 : 156,300,000 : 0 : 16,247,663,775 : 69%
2021-11-21 13:00:26 : 156,400,000 : 0 : 16,257,494,400 : 69%
2021-11-21 13:23:30 : 156,500,000 : 0 : 16,267,325,025 : 69%
2021-11-21 13:45:14 : 156,600,000 : 0 : 16,277,286,725 : 69%
2021-11-21 14:05:37 : 156,700,000 : 0 : 16,287,117,350 : 69%
2021-11-21 14:25:02 : 156,800,000 : 0 : 16,296,947,975 : 69%
2021-11-21 14:43:20 : 156,900,000 : 0 : 16,306,647,525 : 69%
2021-11-21 15:00:31 : 157,000,000 : 0 : 16,316,347,075 : 69%
2021-11-21 15:17:19 : 157,100,000 : 0 : 16,326,177,700 : 69%
2021-11-21 15:33:16 : 157,200,000 : 0 : 16,335,877,250 : 69%
2021-11-21 15:48:56 : 157,300,000 : 0 : 16,355,669,575 : 69%
2021-11-21 16:04:25 : 157,400,000 : 0 : 16,365,500,200 : 69%
2021-11-21 16:20:02 : 157,500,000 : 0 : 16,375,461,900 : 69%
2021-11-21 16:35:22 : 157,600,000 : 0 : 16,385,423,600 : 69%
2021-11-21 16:50:51 : 157,700,000 : 0 : 16,395,516,375 : 69%
2021-11-21 17:06:17 : 157,800,000 : 0 : 16,405,478,075 : 69%
2021-11-21 17:21:33 : 157,900,000 : 0 : 16,415,439,775 : 69%
2021-11-21 17:36:38 : 158,000,000 : 0 : 16,425,270,400 : 69%
2021-11-21 17:51:48 : 158,100,000 : 0 : 16,435,101,025 : 69%
2021-11-21 18:06:45 : 158,200,000 : 0 : 16,444,931,650 : 69%
2021-11-21 18:21:32 : 158,300,000 : 0 : 16,454,631,200 : 69%
2021-11-21 18:35:35 : 158,400,000 : 0 : 16,464,330,750 : 69%
2021-11-21 18:49:55 : 158,500,000 : 0 : 16,473,899,225 : 69%
2021-11-21 19:04:05 : 158,600,000 : 0 : 16,483,467,700 : 70%
2021-11-21 19:18:08 : 158,700,000 : 0 : 16,493,167,250 : 70%
2021-11-21 19:32:30 : 158,800,000 : 0 : 16,502,866,800 : 70%
2021-11-21 19:47:13 : 158,900,000 : 0 : 16,512,566,350 : 70%
2021-11-21 20:01:55 : 159,000,000 : 0 : 16,522,265,900 : 70%
2021-11-21 20:17:04 : 159,100,000 : 0 : 16,531,965,450 : 70%
2021-11-21 20:31:46 : 159,200,000 : 0 : 16,541,665,000 : 70%
2021-11-21 20:46:29 : 159,300,000 : 0 : 16,551,233,475 : 70%
2021-11-21 21:00:48 : 159,400,000 : 0 : 16,560,801,950 : 70%
2021-11-21 21:15:22 : 159,500,000 : 0 : 16,570,501,500 : 70%
2021-11-21 21:30:36 : 159,600,000 : 0 : 16,580,463,200 : 70%
2021-11-21 21:46:02 : 159,700,000 : 0 : 16,590,293,825 : 70%
2021-11-21 22:01:33 : 159,800,000 : 0 : 16,600,255,525 : 70%
2021-11-21 22:16:56 : 159,900,000 : 0 : 16,610,086,150 : 70%
2021-11-21 22:32:59 : 160,000,000 : 0 : 16,620,178,925 : 70%
2021-11-21 22:49:08 : 160,100,000 : 0 : 16,630,009,550 : 70%
2021-11-21 23:05:12 : 160,200,000 : 0 : 16,639,971,250 : 70%
2021-11-21 23:21:42 : 160,300,000 : 0 : 16,659,894,650 : 70%
2021-11-21 23:38:07 : 160,400,000 : 0 : 16,669,725,275 : 70%
2021-11-21 23:54:42 : 160,500,000 : 0 : 16,679,555,900 : 70%
2021-11-22 00:11:21 : 160,600,000 : 0 : 16,689,517,600 : 70%
2021-11-22 00:28:18 : 160,700,000 : 0 : 16,699,348,225 : 70%
2021-11-22 00:45:18 : 160,800,000 : 0 : 16,709,309,925 : 70%
2021-11-22 01:02:42 : 160,900,000 : 0 : 16,719,140,550 : 71%
2021-11-22 01:20:15 : 161,000,000 : 0 : 16,728,971,175 : 71%
2021-11-22 01:37:33 : 161,100,000 : 0 : 16,738,670,725 : 71%
2021-11-22 01:54:38 : 161,200,000 : 0 : 16,748,501,350 : 71%
2021-11-22 02:11:44 : 161,300,000 : 0 : 16,758,200,900 : 71%
2021-11-22 02:29:10 : 161,400,000 : 0 : 16,767,900,450 : 71%
2021-11-22 02:46:28 : 161,500,000 : 0 : 16,777,731,075 : 71%
2021-11-22 03:04:05 : 161,600,000 : 0 : 16,787,430,625 : 71%
2021-11-22 03:21:39 : 161,700,000 : 0 : 16,797,130,175 : 71%
2021-11-22 03:39:42 : 161,800,000 : 0 : 16,806,829,725 : 71%
2021-11-22 03:57:58 : 161,900,000 : 0 : 16,816,529,275 : 71%
2021-11-22 04:16:48 : 162,000,000 : 0 : 16,826,228,825 : 71%
2021-11-22 04:35:43 : 162,100,000 : 0 : 16,835,928,375 : 71%
2021-11-22 04:56:06 : 162,200,000 : 0 : 16,845,890,075 : 71%
2021-11-22 05:17:59 : 162,300,000 : 0 : 16,855,851,775 : 71%
2021-11-22 05:40:58 : 162,400,000 : 0 : 16,865,813,475 : 71%
2021-11-22 06:05:22 : 162,500,000 : 0 : 16,875,906,250 : 71%
2021-11-22 06:30:47 : 162,600,000 : 0 : 16,885,867,950 : 71%
2021-11-22 06:57:24 : 162,700,000 : 0 : 16,895,829,650 : 71%
2021-11-22 07:25:03 : 162,800,000 : 0 : 16,905,791,350 : 71%
2021-11-22 07:53:54 : 162,900,000 : 0 : 16,915,884,125 : 71%
2021-11-22 08:24:02 : 163,000,000 : 0 : 16,925,976,900 : 71%
2021-11-22 08:55:59 : 163,100,000 : 0 : 16,936,069,675 : 71%
2021-11-22 09:28:59 : 163,200,000 : 0 : 16,946,293,525 : 71%
2021-11-22 10:02:21 : 163,300,000 : 0 : 16,956,648,450 : 72%
2021-11-22 10:34:43 : 163,400,000 : 0 : 16,966,741,225 : 72%
2021-11-22 11:06:21 : 163,500,000 : 0 : 16,987,320,000 : 72%
2021-11-22 11:35:55 : 163,600,000 : 0 : 16,997,543,850 : 72%
2021-11-22 12:03:40 : 163,700,000 : 0 : 17,007,767,700 : 72%
2021-11-22 12:29:14 : 163,800,000 : 0 : 17,017,991,550 : 72%
2021-11-22 12:52:43 : 163,900,000 : 0 : 17,028,215,400 : 72%
2021-11-22 13:14:56 : 164,000,000 : 0 : 17,038,439,250 : 72%
2021-11-22 13:35:38 : 164,100,000 : 0 : 17,048,794,175 : 72%
2021-11-22 13:55:23 : 164,200,000 : 0 : 17,059,149,100 : 72%
2021-11-22 14:14:06 : 164,300,000 : 0 : 17,069,504,025 : 72%
2021-11-22 14:31:59 : 164,400,000 : 0 : 17,079,858,950 : 72%
2021-11-22 14:49:05 : 164,500,000 : 0 : 17,090,344,950 : 72%
2021-11-22 15:05:39 : 164,600,000 : 0 : 17,100,830,950 : 72%
2021-11-22 15:21:50 : 164,700,000 : 0 : 17,111,316,950 : 72%
2021-11-22 15:37:36 : 164,800,000 : 0 : 17,121,671,875 : 72%
2021-11-22 15:52:57 : 164,900,000 : 0 : 17,132,157,875 : 72%
2021-11-22 16:07:57 : 165,000,000 : 0 : 17,142,643,875 : 72%
2021-11-22 16:22:54 : 165,100,000 : 0 : 17,153,129,875 : 72%
2021-11-22 16:37:49 : 165,200,000 : 0 : 17,163,615,875 : 72%
2021-11-22 16:52:40 : 165,300,000 : 0 : 17,174,101,875 : 72%
2021-11-22 17:07:14 : 165,400,000 : 0 : 17,184,456,800 : 72%
2021-11-22 17:21:53 : 165,500,000 : 0 : 17,194,942,800 : 73%
2021-11-22 17:36:25 : 165,600,000 : 0 : 17,205,428,800 : 73%
2021-11-22 17:50:48 : 165,700,000 : 0 : 17,215,783,725 : 73%
2021-11-22 18:05:02 : 165,800,000 : 0 : 17,226,138,650 : 73%
2021-11-22 18:19:36 : 165,900,000 : 0 : 17,236,624,650 : 73%
2021-11-22 18:34:07 : 166,000,000 : 0 : 17,246,979,575 : 73%
2021-11-22 18:48:44 : 166,100,000 : 0 : 17,267,951,575 : 73%
2021-11-22 19:03:30 : 166,200,000 : 0 : 17,278,306,500 : 73%
2021-11-22 19:18:18 : 166,300,000 : 0 : 17,288,792,500 : 73%
2021-11-22 19:32:59 : 166,400,000 : 0 : 17,299,147,425 : 73%
2021-11-22 19:47:54 : 166,500,000 : 0 : 17,309,633,425 : 73%
2021-11-22 20:02:38 : 166,600,000 : 0 : 17,319,988,350 : 73%
2021-11-22 20:17:31 : 166,700,000 : 0 : 17,330,474,350 : 73%
2021-11-22 20:32:15 : 166,800,000 : 0 : 17,340,829,275 : 73%
2021-11-22 20:47:13 : 166,900,000 : 0 : 17,351,184,200 : 73%
2021-11-22 21:01:55 : 167,000,000 : 0 : 17,361,539,125 : 73%
2021-11-22 21:16:41 : 167,100,000 : 0 : 17,371,894,050 : 73%
2021-11-22 21:31:24 : 167,200,000 : 0 : 17,382,248,975 : 73%
2021-11-22 21:46:23 : 167,300,000 : 0 : 17,392,603,900 : 73%
2021-11-22 22:01:41 : 167,400,000 : 0 : 17,403,089,900 : 73%
2021-11-22 22:17:21 : 167,500,000 : 0 : 17,413,444,825 : 73%
2021-11-22 22:33:15 : 167,600,000 : 0 : 17,423,799,750 : 73%
2021-11-22 22:49:09 : 167,700,000 : 0 : 17,434,154,675 : 74%
2021-11-22 23:05:15 : 167,800,000 : 0 : 17,444,509,600 : 74%
2021-11-22 23:21:47 : 167,900,000 : 0 : 17,454,733,450 : 74%
2021-11-22 23:38:12 : 168,000,000 : 0 : 17,464,957,300 : 74%
2021-11-22 23:55:09 : 168,100,000 : 0 : 17,475,181,150 : 74%
2021-11-23 00:12:25 : 168,200,000 : 0 : 17,485,405,000 : 74%
2021-11-23 00:29:51 : 168,300,000 : 0 : 17,495,628,850 : 74%
2021-11-23 00:47:19 : 168,400,000 : 0 : 17,505,721,625 : 74%
2021-11-23 01:04:47 : 168,500,000 : 0 : 17,515,814,400 : 74%
2021-11-23 01:22:18 : 168,600,000 : 0 : 17,525,907,175 : 74%
2021-11-23 01:39:26 : 168,700,000 : 0 : 17,545,568,425 : 74%
2021-11-23 01:56:25 : 168,800,000 : 0 : 17,555,399,050 : 74%
2021-11-23 02:13:15 : 168,900,000 : 0 : 17,565,229,675 : 74%
2021-11-23 02:30:28 : 169,000,000 : 0 : 17,574,929,225 : 74%
2021-11-23 02:47:50 : 169,100,000 : 0 : 17,584,759,850 : 74%
2021-11-23 03:05:10 : 169,200,000 : 0 : 17,594,590,475 : 74%
2021-11-23 03:22:47 : 169,300,000 : 0 : 17,604,421,100 : 74%
2021-11-23 03:40:49 : 169,400,000 : 0 : 17,614,382,800 : 74%
2021-11-23 03:59:18 : 169,500,000 : 0 : 17,624,213,425 : 74%
2021-11-23 04:18:37 : 169,600,000 : 0 : 17,634,175,125 : 74%
2021-11-23 04:38:52 : 169,700,000 : 0 : 17,644,267,900 : 74%
2021-11-23 05:00:21 : 169,800,000 : 0 : 17,654,229,600 : 74%
2021-11-23 05:22:29 : 169,900,000 : 0 : 17,664,322,375 : 75%
2021-11-23 05:45:30 : 170,000,000 : 0 : 17,674,284,075 : 75%
2021-11-23 06:09:37 : 170,100,000 : 0 : 17,684,245,775 : 75%
2021-11-23 06:35:17 : 170,200,000 : 0 : 17,694,338,550 : 75%
2021-11-23 07:02:08 : 170,300,000 : 0 : 17,704,300,250 : 75%
2021-11-23 07:30:30 : 170,400,000 : 0 : 17,714,524,100 : 75%
2021-11-23 08:00:24 : 170,500,000 : 0 : 17,724,747,950 : 75%
2021-11-23 08:31:35 : 170,600,000 : 0 : 17,734,971,800 : 75%
2021-11-23 09:03:45 : 170,700,000 : 0 : 17,745,195,650 : 75%
2021-11-23 09:36:46 : 170,800,000 : 0 : 17,755,419,500 : 75%
2021-11-23 10:10:16 : 170,900,000 : 0 : 17,765,643,350 : 75%
2021-11-23 10:43:21 : 171,000,000 : 0 : 17,775,998,275 : 75%
2021-11-23 11:14:29 : 171,100,000 : 0 : 17,786,222,125 : 75%
2021-11-23 11:43:18 : 171,200,000 : 0 : 17,796,445,975 : 75%
2021-11-23 12:10:06 : 171,300,000 : 0 : 17,806,800,900 : 75%
2021-11-23 12:34:35 : 171,400,000 : 0 : 17,817,024,750 : 75%
2021-11-23 12:57:17 : 171,500,000 : 0 : 17,827,379,675 : 75%
2021-11-23 13:18:41 : 171,600,000 : 0 : 17,837,734,600 : 75%
2021-11-23 13:38:42 : 171,700,000 : 0 : 17,847,958,450 : 75%
2021-11-23 13:57:50 : 171,800,000 : 0 : 17,868,930,450 : 75%
2021-11-23 14:16:19 : 171,900,000 : 0 : 17,879,285,375 : 75%
2021-11-23 14:33:35 : 172,000,000 : 0 : 17,889,771,375 : 75%
2021-11-23 14:50:11 : 172,100,000 : 0 : 17,900,257,375 : 76%
2021-11-23 15:06:32 : 172,200,000 : 0 : 17,910,743,375 : 76%
2021-11-23 15:22:34 : 172,300,000 : 0 : 17,921,098,300 : 76%
2021-11-23 15:37:56 : 172,400,000 : 0 : 17,931,584,300 : 76%
2021-11-23 15:52:59 : 172,500,000 : 0 : 17,942,070,300 : 76%
2021-11-23 16:08:01 : 172,600,000 : 0 : 17,952,556,300 : 76%
2021-11-23 16:22:54 : 172,700,000 : 0 : 17,962,911,225 : 76%
2021-11-23 16:37:38 : 172,800,000 : 0 : 17,973,397,225 : 76%
2021-11-23 16:52:03 : 172,900,000 : 0 : 17,983,883,225 : 76%
2021-11-23 17:06:16 : 173,000,000 : 0 : 17,994,238,150 : 76%
2021-11-23 17:20:13 : 173,100,000 : 0 : 18,004,593,075 : 76%
2021-11-23 17:34:10 : 173,200,000 : 0 : 18,014,948,000 : 76%
2021-11-23 17:48:07 : 173,300,000 : 0 : 18,025,302,925 : 76%
2021-11-23 18:02:11 : 173,400,000 : 0 : 18,035,526,775 : 76%
2021-11-23 18:16:34 : 173,500,000 : 0 : 18,045,881,700 : 76%
2021-11-23 18:30:51 : 173,600,000 : 0 : 18,056,236,625 : 76%
2021-11-23 18:44:56 : 173,700,000 : 0 : 18,066,591,550 : 76%
2021-11-23 18:59:10 : 173,800,000 : 0 : 18,076,946,475 : 76%
2021-11-23 19:13:32 : 173,900,000 : 0 : 18,087,301,400 : 76%
2021-11-23 19:28:11 : 174,000,000 : 0 : 18,097,656,325 : 76%
2021-11-23 19:42:31 : 174,100,000 : 0 : 18,107,880,175 : 76%
2021-11-23 19:56:48 : 174,200,000 : 0 : 18,118,235,100 : 76%
2021-11-23 20:11:14 : 174,300,000 : 0 : 18,128,458,950 : 76%
2021-11-23 20:25:45 : 174,400,000 : 0 : 18,148,906,650 : 77%
2021-11-23 20:40:05 : 174,500,000 : 0 : 18,159,261,575 : 77%
2021-11-23 20:54:27 : 174,600,000 : 0 : 18,169,485,425 : 77%
2021-11-23 21:08:44 : 174,700,000 : 0 : 18,179,578,200 : 77%
2021-11-23 21:23:07 : 174,800,000 : 0 : 18,189,802,050 : 77%
2021-11-23 21:37:42 : 174,900,000 : 0 : 18,200,025,900 : 77%
2021-11-23 21:52:21 : 175,000,000 : 0 : 18,210,249,750 : 77%
2021-11-23 22:06:52 : 175,100,000 : 0 : 18,220,473,600 : 77%
2021-11-23 22:22:09 : 175,200,000 : 0 : 18,230,697,450 : 77%
2021-11-23 22:37:31 : 175,300,000 : 0 : 18,240,921,300 : 77%
2021-11-23 22:53:16 : 175,400,000 : 0 : 18,251,276,225 : 77%
2021-11-23 23:09:11 : 175,500,000 : 0 : 18,261,369,000 : 77%
2021-11-23 23:25:24 : 175,600,000 : 0 : 18,271,592,850 : 77%
2021-11-23 23:41:53 : 175,700,000 : 0 : 18,281,816,700 : 77%
2021-11-23 23:58:42 : 175,800,000 : 0 : 18,291,909,475 : 77%
2021-11-24 00:15:43 : 175,900,000 : 0 : 18,302,133,325 : 77%
2021-11-24 00:32:51 : 176,000,000 : 0 : 18,312,226,100 : 77%
2021-11-24 00:50:02 : 176,100,000 : 0 : 18,322,187,800 : 77%
2021-11-24 01:07:10 : 176,200,000 : 0 : 18,332,149,500 : 77%
2021-11-24 01:24:32 : 176,300,000 : 0 : 18,342,111,200 : 77%
2021-11-24 01:41:46 : 176,400,000 : 0 : 18,352,072,900 : 77%
2021-11-24 01:59:14 : 176,500,000 : 0 : 18,361,903,525 : 77%
2021-11-24 02:16:34 : 176,600,000 : 0 : 18,371,865,225 : 77%
2021-11-24 02:34:05 : 176,700,000 : 0 : 18,381,564,775 : 78%
2021-11-24 02:51:37 : 176,800,000 : 0 : 18,391,395,400 : 78%
2021-11-24 03:08:58 : 176,900,000 : 0 : 18,401,226,025 : 78%
2021-11-24 03:26:46 : 177,000,000 : 0 : 18,410,925,575 : 78%
2021-11-24 03:44:52 : 177,100,000 : 0 : 18,420,756,200 : 78%
2021-11-24 04:03:25 : 177,200,000 : 0 : 18,430,586,825 : 78%
2021-11-24 04:22:33 : 177,300,000 : 0 : 18,440,417,450 : 78%
2021-11-24 04:42:08 : 177,400,000 : 0 : 18,460,078,700 : 78%
2021-11-24 05:02:40 : 177,500,000 : 0 : 18,469,778,250 : 78%
2021-11-24 05:23:35 : 177,600,000 : 0 : 18,479,608,875 : 78%
2021-11-24 05:45:21 : 177,700,000 : 0 : 18,489,439,500 : 78%
2021-11-24 06:08:03 : 177,800,000 : 0 : 18,499,139,050 : 78%
2021-11-24 06:31:19 : 177,900,000 : 0 : 18,508,969,675 : 78%
2021-11-24 06:55:43 : 178,000,000 : 0 : 18,518,931,375 : 78%
2021-11-24 07:21:48 : 178,100,000 : 0 : 18,528,762,000 : 78%
2021-11-24 07:48:57 : 178,200,000 : 0 : 18,538,723,700 : 78%
2021-11-24 08:16:28 : 178,300,000 : 0 : 18,548,685,400 : 78%
2021-11-24 08:46:08 : 178,400,000 : 0 : 18,558,647,100 : 78%
2021-11-24 09:16:49 : 178,500,000 : 0 : 18,568,870,950 : 78%
2021-11-24 09:48:19 : 178,600,000 : 0 : 18,578,963,725 : 78%
2021-11-24 10:19:49 : 178,700,000 : 0 : 18,589,056,500 : 78%
2021-11-24 10:50:22 : 178,800,000 : 0 : 18,599,149,275 : 78%
2021-11-24 11:19:49 : 178,900,000 : 0 : 18,609,110,975 : 78%
2021-11-24 11:47:08 : 179,000,000 : 0 : 18,619,203,750 : 79%
2021-11-24 12:13:19 : 179,100,000 : 0 : 18,629,427,600 : 79%
2021-11-24 12:37:17 : 179,200,000 : 0 : 18,639,782,525 : 79%
2021-11-24 12:59:33 : 179,300,000 : 0 : 18,649,875,300 : 79%
2021-11-24 13:20:32 : 179,400,000 : 0 : 18,660,230,225 : 79%
2021-11-24 13:40:23 : 179,500,000 : 0 : 18,670,454,075 : 79%
2021-11-24 13:59:01 : 179,600,000 : 0 : 18,680,809,000 : 79%
2021-11-24 14:17:07 : 179,700,000 : 0 : 18,691,163,925 : 79%
2021-11-24 14:34:15 : 179,800,000 : 0 : 18,701,518,850 : 79%
2021-11-24 14:50:42 : 179,900,000 : 0 : 18,711,873,775 : 79%
2021-11-24 15:06:21 : 180,000,000 : 0 : 18,722,228,700 : 79%
2021-11-24 15:22:00 : 180,100,000 : 0 : 18,732,714,700 : 79%
2021-11-24 15:37:12 : 180,200,000 : 0 : 18,742,938,550 : 79%
2021-11-24 15:52:13 : 180,300,000 : 0 : 18,753,424,550 : 79%
2021-11-24 16:07:06 : 180,400,000 : 0 : 18,763,779,475 : 79%
2021-11-24 16:21:53 : 180,500,000 : 0 : 18,774,265,475 : 79%
2021-11-24 16:36:15 : 180,600,000 : 0 : 18,794,975,325 : 79%
2021-11-24 16:50:42 : 180,700,000 : 0 : 18,805,330,250 : 79%
2021-11-24 17:05:08 : 180,800,000 : 0 : 18,815,685,175 : 79%
2021-11-24 17:19:26 : 180,900,000 : 0 : 18,825,909,025 : 79%
2021-11-24 17:33:33 : 181,000,000 : 0 : 18,836,263,950 : 79%
2021-11-24 17:47:49 : 181,100,000 : 0 : 18,846,618,875 : 79%
2021-11-24 18:02:02 : 181,200,000 : 0 : 18,856,973,800 : 80%
2021-11-24 18:16:30 : 181,300,000 : 0 : 18,867,328,725 : 80%
2021-11-24 18:30:41 : 181,400,000 : 0 : 18,877,421,500 : 80%
2021-11-24 18:44:50 : 181,500,000 : 0 : 18,887,514,275 : 80%
2021-11-24 18:58:52 : 181,600,000 : 0 : 18,897,607,050 : 80%
2021-11-24 19:13:09 : 181,700,000 : 0 : 18,907,699,825 : 80%
2021-11-24 19:27:31 : 181,800,000 : 0 : 18,917,792,600 : 80%
2021-11-24 19:41:57 : 181,900,000 : 0 : 18,927,885,375 : 80%
2021-11-24 19:56:19 : 182,000,000 : 0 : 18,937,978,150 : 80%
2021-11-24 20:10:49 : 182,100,000 : 0 : 18,947,939,850 : 80%
2021-11-24 20:25:27 : 182,200,000 : 0 : 18,958,032,625 : 80%
2021-11-24 20:39:53 : 182,300,000 : 0 : 18,967,994,325 : 80%
2021-11-24 20:54:19 : 182,400,000 : 0 : 18,977,956,025 : 80%
2021-11-24 21:08:49 : 182,500,000 : 0 : 18,987,917,725 : 80%
2021-11-24 21:23:28 : 182,600,000 : 0 : 18,998,010,500 : 80%
2021-11-24 21:38:18 : 182,700,000 : 0 : 19,007,841,125 : 80%
2021-11-24 21:53:01 : 182,800,000 : 0 : 19,017,802,825 : 80%
2021-11-24 22:07:55 : 182,900,000 : 0 : 19,027,764,525 : 80%
2021-11-24 22:23:13 : 183,000,000 : 0 : 19,037,726,225 : 80%
2021-11-24 22:38:39 : 183,100,000 : 0 : 19,047,687,925 : 80%
2021-11-24 22:54:24 : 183,200,000 : 0 : 19,057,649,625 : 80%
2021-11-24 23:10:19 : 183,300,000 : 0 : 19,067,611,325 : 80%
2021-11-24 23:26:29 : 183,400,000 : 0 : 19,077,441,950 : 80%
2021-11-24 23:43:37 : 183,500,000 : 0 : 19,087,272,575 : 81%
2021-11-25 00:00:05 : 183,600,000 : 0 : 19,096,972,125 : 81%
2021-11-25 00:16:39 : 183,700,000 : 0 : 19,116,371,225 : 81%
2021-11-25 00:33:23 : 183,800,000 : 0 : 19,126,070,775 : 81%
2021-11-25 00:50:06 : 183,900,000 : 0 : 19,135,508,175 : 81%
2021-11-25 01:06:56 : 184,000,000 : 0 : 19,144,945,575 : 81%
2021-11-25 01:23:22 : 184,100,000 : 0 : 19,154,514,050 : 81%
2021-11-25 01:39:56 : 184,200,000 : 0 : 19,163,820,375 : 81%
2021-11-25 01:56:25 : 184,300,000 : 0 : 19,173,257,775 : 81%
2021-11-25 02:13:06 : 184,400,000 : 0 : 19,182,826,250 : 81%
2021-11-25 02:29:50 : 184,500,000 : 0 : 19,192,132,575 : 81%
2021-11-25 02:46:33 : 184,600,000 : 0 : 19,201,569,975 : 81%
2021-11-25 03:03:36 : 184,700,000 : 0 : 19,211,138,450 : 81%
2021-11-25 03:21:16 : 184,800,000 : 0 : 19,220,706,925 : 81%
2021-11-25 03:39:11 : 184,900,000 : 0 : 19,230,406,475 : 81%
2021-11-25 03:57:43 : 185,000,000 : 0 : 19,240,106,025 : 81%
2021-11-25 04:16:49 : 185,100,000 : 0 : 19,249,805,575 : 81%
2021-11-25 04:36:09 : 185,200,000 : 0 : 19,259,374,050 : 81%
2021-11-25 04:55:52 : 185,300,000 : 0 : 19,268,942,525 : 81%
2021-11-25 05:16:12 : 185,400,000 : 0 : 19,278,642,075 : 81%
2021-11-25 05:37:18 : 185,500,000 : 0 : 19,288,210,550 : 81%
2021-11-25 05:58:42 : 185,600,000 : 0 : 19,297,779,025 : 81%
2021-11-25 06:21:34 : 185,700,000 : 0 : 19,307,609,650 : 81%
2021-11-25 06:45:13 : 185,800,000 : 0 : 19,317,309,200 : 81%
2021-11-25 07:09:44 : 185,900,000 : 0 : 19,327,008,750 : 82%
2021-11-25 07:35:13 : 186,000,000 : 0 : 19,336,839,375 : 82%
2021-11-25 08:02:14 : 186,100,000 : 0 : 19,346,670,000 : 82%
2021-11-25 08:30:02 : 186,200,000 : 0 : 19,356,500,625 : 82%
2021-11-25 08:59:33 : 186,300,000 : 0 : 19,366,462,325 : 82%
2021-11-25 09:29:35 : 186,400,000 : 0 : 19,376,424,025 : 82%
2021-11-25 10:00:21 : 186,500,000 : 0 : 19,386,254,650 : 82%
2021-11-25 10:31:17 : 186,600,000 : 0 : 19,396,347,425 : 82%
2021-11-25 11:02:37 : 186,700,000 : 0 : 19,406,309,125 : 82%
2021-11-25 11:33:16 : 186,800,000 : 0 : 19,416,532,975 : 82%
2021-11-25 12:02:05 : 186,900,000 : 0 : 19,426,625,750 : 82%
2021-11-25 12:28:55 : 187,000,000 : 0 : 19,436,718,525 : 82%
2021-11-25 12:53:59 : 187,100,000 : 0 : 19,446,942,375 : 82%
2021-11-25 13:17:24 : 187,200,000 : 0 : 19,457,035,150 : 82%
2021-11-25 13:39:15 : 187,300,000 : 0 : 19,467,390,075 : 82%
2021-11-25 13:59:50 : 187,400,000 : 0 : 19,477,613,925 : 82%
2021-11-25 14:19:59 : 187,500,000 : 0 : 19,487,968,850 : 82%
2021-11-25 14:39:08 : 187,600,000 : 0 : 19,498,192,700 : 82%
2021-11-25 14:57:34 : 187,700,000 : 0 : 19,518,771,475 : 82%
2021-11-25 15:15:19 : 187,800,000 : 0 : 19,528,995,325 : 82%
2021-11-25 15:32:17 : 187,900,000 : 0 : 19,539,219,175 : 82%
2021-11-25 15:48:46 : 188,000,000 : 0 : 19,549,443,025 : 82%
2021-11-25 16:04:59 : 188,100,000 : 0 : 19,559,535,800 : 82%
2021-11-25 16:21:04 : 188,200,000 : 0 : 19,569,759,650 : 83%
2021-11-25 16:36:40 : 188,300,000 : 0 : 19,579,983,500 : 83%
2021-11-25 16:52:14 : 188,400,000 : 0 : 19,590,207,350 : 83%
2021-11-25 17:07:50 : 188,500,000 : 0 : 19,600,431,200 : 83%
2021-11-25 17:23:27 : 188,600,000 : 0 : 19,610,523,975 : 83%
2021-11-25 17:38:58 : 188,700,000 : 0 : 19,620,616,750 : 83%
2021-11-25 17:54:25 : 188,800,000 : 0 : 19,630,578,450 : 83%
2021-11-25 18:09:55 : 188,900,000 : 0 : 19,640,671,225 : 83%
2021-11-25 18:25:29 : 189,000,000 : 0 : 19,650,632,925 : 83%
2021-11-25 18:40:47 : 189,100,000 : 0 : 19,660,463,550 : 83%
2021-11-25 18:56:29 : 189,200,000 : 0 : 19,670,425,250 : 83%
2021-11-25 19:12:08 : 189,300,000 : 0 : 19,680,386,950 : 83%
2021-11-25 19:27:52 : 189,400,000 : 0 : 19,690,217,575 : 83%
Decoding error with 134,217,728 bytes, reading another chunk
2021-11-25 19:43:49 : 189,500,000 : 0 : 19,710,140,975 : 83%
2021-11-25 19:59:52 : 189,600,000 : 0 : 19,710,140,975 : 83%
2021-11-25 20:16:19 : 189,700,000 : 0 : 19,720,102,675 : 83%
2021-11-25 20:32:54 : 189,800,000 : 0 : 19,729,933,300 : 83%
2021-11-25 20:49:17 : 189,900,000 : 0 : 19,739,895,000 : 83%
2021-11-25 21:06:35 : 190,000,000 : 0 : 19,749,856,700 : 83%
2021-11-25 21:23:59 : 190,100,000 : 0 : 19,759,818,400 : 83%
2021-11-25 21:41:28 : 190,200,000 : 0 : 19,769,780,100 : 83%
2021-11-25 21:58:53 : 190,300,000 : 0 : 19,779,741,800 : 83%
2021-11-25 22:16:26 : 190,400,000 : 0 : 19,789,572,425 : 83%
2021-11-25 22:34:03 : 190,500,000 : 0 : 19,799,403,050 : 84%
2021-11-25 22:52:06 : 190,600,000 : 0 : 19,809,233,675 : 84%
2021-11-25 23:10:26 : 190,700,000 : 0 : 19,819,064,300 : 84%
2021-11-25 23:29:05 : 190,800,000 : 0 : 19,829,026,000 : 84%
2021-11-25 23:47:44 : 190,900,000 : 0 : 19,838,856,625 : 84%
2021-11-26 00:06:18 : 191,000,000 : 0 : 19,848,425,100 : 84%
2021-11-26 00:25:39 : 191,100,000 : 0 : 19,868,086,350 : 84%
2021-11-26 00:45:01 : 191,200,000 : 0 : 19,877,654,825 : 84%
2021-11-26 01:04:14 : 191,300,000 : 0 : 19,887,354,375 : 84%
2021-11-26 01:23:38 : 191,400,000 : 0 : 19,896,791,775 : 84%
2021-11-26 01:42:29 : 191,500,000 : 0 : 19,906,491,325 : 84%
2021-11-26 02:02:04 : 191,600,000 : 0 : 19,916,190,875 : 84%
2021-11-26 02:21:28 : 191,700,000 : 0 : 19,925,890,425 : 84%
2021-11-26 02:40:58 : 191,800,000 : 0 : 19,935,458,900 : 84%
2021-11-26 03:00:17 : 191,900,000 : 0 : 19,945,158,450 : 84%
2021-11-26 03:19:48 : 192,000,000 : 0 : 19,954,858,000 : 84%
2021-11-26 03:39:31 : 192,100,000 : 0 : 19,964,557,550 : 84%
2021-11-26 03:59:28 : 192,200,000 : 0 : 19,974,257,100 : 84%
2021-11-26 04:20:03 : 192,300,000 : 0 : 19,984,087,725 : 84%
2021-11-26 04:41:32 : 192,400,000 : 0 : 19,993,656,200 : 84%
2021-11-26 05:03:29 : 192,500,000 : 0 : 20,003,486,825 : 84%
2021-11-26 05:26:03 : 192,600,000 : 0 : 20,013,317,450 : 84%
2021-11-26 05:49:32 : 192,700,000 : 0 : 20,023,017,000 : 84%
2021-11-26 06:13:34 : 192,800,000 : 0 : 20,032,847,625 : 84%
2021-11-26 06:38:45 : 192,900,000 : 0 : 20,042,678,250 : 85%
2021-11-26 07:04:56 : 193,000,000 : 0 : 20,052,508,875 : 85%
2021-11-26 07:32:12 : 193,100,000 : 0 : 20,062,339,500 : 85%
2021-11-26 07:59:54 : 193,200,000 : 0 : 20,072,170,125 : 85%
2021-11-26 08:28:33 : 193,300,000 : 0 : 20,082,131,825 : 85%
2021-11-26 08:58:36 : 193,400,000 : 0 : 20,092,093,525 : 85%
2021-11-26 09:29:47 : 193,500,000 : 0 : 20,102,055,225 : 85%
2021-11-26 10:01:44 : 193,600,000 : 0 : 20,112,148,000 : 85%
2021-11-26 10:34:10 : 193,700,000 : 0 : 20,122,240,775 : 85%
2021-11-26 11:06:41 : 193,800,000 : 0 : 20,132,333,550 : 85%
2021-11-26 11:38:56 : 193,900,000 : 0 : 20,142,426,325 : 85%
2021-11-26 12:08:34 : 194,000,000 : 0 : 20,152,519,100 : 85%
2021-11-26 12:36:10 : 194,100,000 : 0 : 20,162,611,875 : 85%
2021-11-26 13:01:24 : 194,200,000 : 0 : 20,172,573,575 : 85%
2021-11-26 13:25:11 : 194,300,000 : 0 : 20,182,666,350 : 85%
2021-11-26 13:47:13 : 194,400,000 : 0 : 20,192,759,125 : 85%
2021-11-26 14:08:00 : 194,500,000 : 0 : 20,202,720,825 : 85%
2021-11-26 14:27:55 : 194,600,000 : 0 : 20,223,037,450 : 85%
2021-11-26 14:47:21 : 194,700,000 : 0 : 20,233,130,225 : 85%
2021-11-26 15:05:52 : 194,800,000 : 0 : 20,243,223,000 : 85%
2021-11-26 15:23:47 : 194,900,000 : 0 : 20,253,315,775 : 85%
2021-11-26 15:41:07 : 195,000,000 : 0 : 20,263,408,550 : 85%
2021-11-26 15:57:53 : 195,100,000 : 0 : 20,273,501,325 : 86%
2021-11-26 16:14:35 : 195,200,000 : 0 : 20,283,594,100 : 86%
2021-11-26 16:30:51 : 195,300,000 : 0 : 20,293,686,875 : 86%
Decoding error with 134,217,728 bytes, reading another chunk
2021-11-26 16:46:54 : 195,400,000 : 0 : 20,313,872,425 : 86%
2021-11-26 17:02:48 : 195,500,000 : 0 : 20,313,872,425 : 86%
2021-11-26 17:18:48 : 195,600,000 : 0 : 20,323,834,125 : 86%
2021-11-26 17:34:56 : 195,700,000 : 0 : 20,333,926,900 : 86%
2021-11-26 17:51:12 : 195,800,000 : 0 : 20,343,888,600 : 86%
2021-11-26 18:07:17 : 195,900,000 : 0 : 20,353,850,300 : 86%
2021-11-26 18:23:42 : 196,000,000 : 0 : 20,363,812,000 : 86%
2021-11-26 18:40:12 : 196,100,000 : 0 : 20,373,773,700 : 86%
2021-11-26 18:57:14 : 196,200,000 : 0 : 20,383,735,400 : 86%
2021-11-26 19:14:13 : 196,300,000 : 0 : 20,393,828,175 : 86%
2021-11-26 19:31:26 : 196,400,000 : 0 : 20,403,789,875 : 86%
2021-11-26 19:48:37 : 196,500,000 : 0 : 20,413,882,650 : 86%
2021-11-26 20:05:51 : 196,600,000 : 0 : 20,423,975,425 : 86%
2021-11-26 20:23:18 : 196,700,000 : 0 : 20,433,937,125 : 86%
2021-11-26 20:40:35 : 196,800,000 : 0 : 20,444,029,900 : 86%
2021-11-26 20:57:38 : 196,900,000 : 0 : 20,453,991,600 : 86%
2021-11-26 21:14:36 : 197,000,000 : 0 : 20,463,953,300 : 86%
2021-11-26 21:31:36 : 197,100,000 : 0 : 20,473,783,925 : 86%
2021-11-26 21:48:19 : 197,200,000 : 0 : 20,483,614,550 : 86%
2021-11-26 22:05:21 : 197,300,000 : 0 : 20,493,576,250 : 86%
2021-11-26 22:22:41 : 197,400,000 : 0 : 20,503,537,950 : 86%
2021-11-26 22:40:09 : 197,500,000 : 0 : 20,513,499,650 : 87%
2021-11-26 22:57:41 : 197,600,000 : 0 : 20,523,461,350 : 87%
2021-11-26 23:15:18 : 197,700,000 : 0 : 20,533,291,975 : 87%
2021-11-26 23:33:07 : 197,800,000 : 0 : 20,552,953,225 : 87%
2021-11-26 23:50:59 : 197,900,000 : 0 : 20,562,783,850 : 87%
2021-11-27 00:09:09 : 198,000,000 : 0 : 20,572,614,475 : 87%
2021-11-27 00:27:33 : 198,100,000 : 0 : 20,582,445,100 : 87%
2021-11-27 00:46:10 : 198,200,000 : 0 : 20,592,275,725 : 87%
2021-11-27 01:04:52 : 198,300,000 : 0 : 20,601,975,275 : 87%
2021-11-27 01:23:24 : 198,400,000 : 0 : 20,611,674,825 : 87%
2021-11-27 01:41:55 : 198,500,000 : 0 : 20,621,374,375 : 87%
2021-11-27 02:00:23 : 198,600,000 : 0 : 20,630,942,850 : 87%
2021-11-27 02:18:57 : 198,700,000 : 0 : 20,640,642,400 : 87%
2021-11-27 02:37:21 : 198,800,000 : 0 : 20,650,210,875 : 87%
2021-11-27 02:56:06 : 198,900,000 : 0 : 20,659,910,425 : 87%
2021-11-27 03:15:18 : 199,000,000 : 0 : 20,669,478,900 : 87%
2021-11-27 03:34:39 : 199,100,000 : 0 : 20,679,178,450 : 87%
2021-11-27 03:54:10 : 199,200,000 : 0 : 20,688,746,925 : 87%
2021-11-27 04:14:26 : 199,300,000 : 0 : 20,698,446,475 : 87%
2021-11-27 04:35:07 : 199,400,000 : 0 : 20,708,146,025 : 87%
2021-11-27 04:56:13 : 199,500,000 : 0 : 20,717,845,575 : 87%
2021-11-27 05:17:47 : 199,600,000 : 0 : 20,727,545,125 : 87%
2021-11-27 05:40:19 : 199,700,000 : 0 : 20,737,113,600 : 87%
2021-11-27 06:03:41 : 199,800,000 : 0 : 20,746,813,150 : 88%
2021-11-27 06:28:05 : 199,900,000 : 0 : 20,756,512,700 : 88%
2021-11-27 06:53:32 : 200,000,000 : 0 : 20,766,081,175 : 88%
2021-11-27 07:20:34 : 200,100,000 : 0 : 20,775,911,800 : 88%
2021-11-27 07:49:12 : 200,200,000 : 0 : 20,785,611,350 : 88%
2021-11-27 08:18:43 : 200,300,000 : 0 : 20,795,441,975 : 88%
2021-11-27 08:49:33 : 200,400,000 : 0 : 20,805,272,600 : 88%
2021-11-27 09:21:38 : 200,500,000 : 0 : 20,815,234,300 : 88%
2021-11-27 09:53:40 : 200,600,000 : 0 : 20,825,064,925 : 88%
2021-11-27 10:25:36 : 200,700,000 : 0 : 20,834,895,550 : 88%
2021-11-27 10:57:50 : 200,800,000 : 0 : 20,844,726,175 : 88%
2021-11-27 11:29:32 : 200,900,000 : 0 : 20,854,687,875 : 88%
2021-11-27 12:00:31 : 201,000,000 : 0 : 20,864,649,575 : 88%
2021-11-27 12:29:39 : 201,100,000 : 0 : 20,874,742,350 : 88%
2021-11-27 12:56:02 : 201,200,000 : 0 : 20,884,572,975 : 88%
2021-11-27 13:20:19 : 201,300,000 : 0 : 20,894,534,675 : 88%
2021-11-27 13:43:17 : 201,400,000 : 0 : 20,914,589,150 : 88%
2021-11-27 14:04:48 : 201,500,000 : 0 : 20,924,681,925 : 88%
2021-11-27 14:25:22 : 201,600,000 : 0 : 20,934,774,700 : 88%
2021-11-27 14:45:05 : 201,700,000 : 0 : 20,944,998,550 : 88%
2021-11-27 15:03:52 : 201,800,000 : 0 : 20,954,960,250 : 88%
2021-11-27 15:21:46 : 201,900,000 : 0 : 20,965,184,100 : 88%
2021-11-27 15:39:16 : 202,000,000 : 0 : 20,975,276,875 : 88%
2021-11-27 15:56:16 : 202,100,000 : 0 : 20,985,369,650 : 89%
2021-11-27 16:13:17 : 202,200,000 : 0 : 20,995,593,500 : 89%
2021-11-27 16:29:58 : 202,300,000 : 0 : 21,005,817,350 : 89%
2021-11-27 16:46:26 : 202,400,000 : 0 : 21,015,779,050 : 89%
2021-11-27 17:02:17 : 202,500,000 : 0 : 21,025,871,825 : 89%
2021-11-27 17:18:15 : 202,600,000 : 0 : 21,035,964,600 : 89%
2021-11-27 17:33:46 : 202,700,000 : 0 : 21,045,926,300 : 89%
2021-11-27 17:49:15 : 202,800,000 : 0 : 21,055,888,000 : 89%
2021-11-27 18:04:43 : 202,900,000 : 0 : 21,065,849,700 : 89%
2021-11-27 18:20:18 : 203,000,000 : 0 : 21,075,942,475 : 89%
2021-11-27 18:35:58 : 203,100,000 : 0 : 21,086,035,250 : 89%
2021-11-27 18:51:37 : 203,200,000 : 0 : 21,095,996,950 : 89%
2021-11-27 19:07:22 : 203,300,000 : 0 : 21,105,958,650 : 89%
2021-11-27 19:22:50 : 203,400,000 : 0 : 21,115,789,275 : 89%
2021-11-27 19:37:53 : 203,500,000 : 0 : 21,125,488,825 : 89%
2021-11-27 19:53:06 : 203,600,000 : 0 : 21,135,319,450 : 89%
2021-11-27 20:08:15 : 203,700,000 : 0 : 21,144,887,925 : 89%
2021-11-27 20:23:15 : 203,800,000 : 0 : 21,154,456,400 : 89%
2021-11-27 20:38:25 : 203,900,000 : 0 : 21,164,024,875 : 89%
2021-11-27 20:53:52 : 204,000,000 : 0 : 21,173,855,500 : 89%
2021-11-27 21:09:34 : 204,100,000 : 0 : 21,183,555,050 : 89%
2021-11-27 21:25:50 : 204,200,000 : 0 : 21,193,516,750 : 89%
2021-11-27 21:41:56 : 204,300,000 : 0 : 21,203,347,375 : 89%
2021-11-27 21:58:10 : 204,400,000 : 0 : 21,213,178,000 : 89%
2021-11-27 22:14:21 : 204,500,000 : 0 : 21,232,970,325 : 90%
2021-11-27 22:31:00 : 204,600,000 : 0 : 21,242,800,950 : 90%
2021-11-27 22:47:30 : 204,700,000 : 0 : 21,252,762,650 : 90%
2021-11-27 23:04:06 : 204,800,000 : 0 : 21,262,593,275 : 90%
2021-11-27 23:20:41 : 204,900,000 : 0 : 21,272,292,825 : 90%
2021-11-27 23:37:07 : 205,000,000 : 0 : 21,282,123,450 : 90%
2021-11-27 23:53:44 : 205,100,000 : 0 : 21,291,823,000 : 90%
2021-11-28 00:10:24 : 205,200,000 : 0 : 21,301,391,475 : 90%
2021-11-28 00:27:13 : 205,300,000 : 0 : 21,311,091,025 : 90%
2021-11-28 00:44:19 : 205,400,000 : 0 : 21,320,790,575 : 90%
2021-11-28 01:01:41 : 205,500,000 : 0 : 21,330,490,125 : 90%
2021-11-28 01:19:16 : 205,600,000 : 0 : 21,340,058,600 : 90%
2021-11-28 01:36:28 : 205,700,000 : 0 : 21,349,758,150 : 90%
2021-11-28 01:53:54 : 205,800,000 : 0 : 21,359,457,700 : 90%
2021-11-28 02:11:27 : 205,900,000 : 0 : 21,369,026,175 : 90%
2021-11-28 02:29:19 : 206,000,000 : 0 : 21,378,725,725 : 90%
2021-11-28 02:47:27 : 206,100,000 : 0 : 21,388,425,275 : 90%
2021-11-28 03:05:35 : 206,200,000 : 0 : 21,397,993,750 : 90%
2021-11-28 03:23:53 : 206,300,000 : 0 : 21,407,562,225 : 90%
2021-11-28 03:42:24 : 206,400,000 : 0 : 21,417,130,700 : 90%
2021-11-28 04:00:56 : 206,500,000 : 0 : 21,426,830,250 : 90%
2021-11-28 04:20:31 : 206,600,000 : 0 : 21,436,529,800 : 90%
2021-11-28 04:40:19 : 206,700,000 : 0 : 21,446,229,350 : 90%
2021-11-28 05:00:36 : 206,800,000 : 0 : 21,455,797,825 : 90%
2021-11-28 05:21:49 : 206,900,000 : 0 : 21,465,628,450 : 91%
2021-11-28 05:44:03 : 207,000,000 : 0 : 21,475,196,925 : 91%
2021-11-28 06:07:19 : 207,100,000 : 0 : 21,484,896,475 : 91%
2021-11-28 06:31:42 : 207,200,000 : 0 : 21,494,596,025 : 91%
2021-11-28 06:56:23 : 207,300,000 : 0 : 21,504,033,425 : 91%
2021-11-28 07:21:49 : 207,400,000 : 0 : 21,513,470,825 : 91%
2021-11-28 07:48:17 : 207,500,000 : 0 : 21,522,777,150 : 91%
2021-11-28 08:16:58 : 207,600,000 : 0 : 21,532,476,700 : 91%
2021-11-28 08:47:00 : 207,700,000 : 0 : 21,542,307,325 : 91%
2021-11-28 09:17:11 : 207,800,000 : 0 : 21,552,006,875 : 91%
2021-11-28 09:47:19 : 207,900,000 : 0 : 21,571,274,900 : 91%
2021-11-28 10:17:27 : 208,000,000 : 0 : 21,581,105,525 : 91%
2021-11-28 10:48:18 : 208,100,000 : 0 : 21,590,805,075 : 91%
2021-11-28 11:17:51 : 208,200,000 : 0 : 21,600,373,550 : 91%
2021-11-28 11:47:17 : 208,300,000 : 0 : 21,610,204,175 : 91%
2021-11-28 12:16:32 : 208,400,000 : 0 : 21,620,034,800 : 91%
2021-11-28 12:42:39 : 208,500,000 : 0 : 21,629,734,350 : 91%
2021-11-28 13:06:42 : 208,600,000 : 0 : 21,639,433,900 : 91%
2021-11-28 13:29:22 : 208,700,000 : 0 : 21,649,264,525 : 91%
2021-11-28 13:51:04 : 208,800,000 : 0 : 21,659,095,150 : 91%
2021-11-28 14:11:32 : 208,900,000 : 0 : 21,668,925,775 : 91%
2021-11-28 14:31:09 : 209,000,000 : 0 : 21,679,018,550 : 91%
2021-11-28 14:50:06 : 209,100,000 : 0 : 21,689,111,325 : 91%
2021-11-28 15:08:22 : 209,200,000 : 0 : 21,699,204,100 : 92%
2021-11-28 15:26:05 : 209,300,000 : 0 : 21,709,165,800 : 92%
2021-11-28 15:43:01 : 209,400,000 : 0 : 21,719,127,500 : 92%
2021-11-28 15:59:24 : 209,500,000 : 0 : 21,729,220,275 : 92%
2021-11-28 16:15:26 : 209,600,000 : 0 : 21,739,313,050 : 92%
2021-11-28 16:31:17 : 209,700,000 : 0 : 21,749,405,825 : 92%
2021-11-28 16:47:07 : 209,800,000 : 0 : 21,759,629,675 : 92%
2021-11-28 17:02:35 : 209,900,000 : 0 : 21,769,722,450 : 92%
2021-11-28 17:18:06 : 210,000,000 : 0 : 21,779,815,225 : 92%
2021-11-28 17:33:04 : 210,100,000 : 0 : 21,789,908,000 : 92%
2021-11-28 17:47:55 : 210,200,000 : 0 : 21,799,869,700 : 92%
2021-11-28 18:02:44 : 210,300,000 : 0 : 21,809,831,400 : 92%
2021-11-28 18:17:33 : 210,400,000 : 0 : 21,819,793,100 : 92%
2021-11-28 18:31:39 : 210,500,000 : 0 : 21,829,623,725 : 92%
2021-11-28 18:45:58 : 210,600,000 : 0 : 21,839,585,425 : 92%
2021-11-28 19:00:19 : 210,700,000 : 0 : 21,849,416,050 : 92%
2021-11-28 19:14:51 : 210,800,000 : 0 : 21,859,377,750 : 92%
2021-11-28 19:29:04 : 210,900,000 : 0 : 21,879,170,075 : 92%
2021-11-28 19:43:51 : 211,000,000 : 0 : 21,889,262,850 : 92%
2021-11-28 19:58:49 : 211,100,000 : 0 : 21,899,093,475 : 92%
2021-11-28 20:13:31 : 211,200,000 : 0 : 21,908,924,100 : 92%
2021-11-28 20:28:12 : 211,300,000 : 0 : 21,918,754,725 : 92%
2021-11-28 20:42:35 : 211,400,000 : 0 : 21,928,585,350 : 92%
2021-11-28 20:56:57 : 211,500,000 : 0 : 21,938,284,900 : 93%
2021-11-28 21:11:16 : 211,600,000 : 0 : 21,948,115,525 : 93%
2021-11-28 21:26:01 : 211,700,000 : 0 : 21,958,077,225 : 93%
2021-11-28 21:40:57 : 211,800,000 : 0 : 21,967,907,850 : 93%
2021-11-28 21:55:42 : 211,900,000 : 0 : 21,977,738,475 : 93%
2021-11-28 22:10:37 : 212,000,000 : 0 : 21,987,700,175 : 93%
2021-11-28 22:25:46 : 212,100,000 : 0 : 21,997,530,800 : 93%
2021-11-28 22:41:09 : 212,200,000 : 0 : 22,007,492,500 : 93%
2021-11-28 22:56:42 : 212,300,000 : 0 : 22,017,323,125 : 93%
2021-11-28 23:12:26 : 212,400,000 : 0 : 22,027,284,825 : 93%
2021-11-28 23:28:11 : 212,500,000 : 0 : 22,037,115,450 : 93%
2021-11-28 23:43:58 : 212,600,000 : 0 : 22,046,815,000 : 93%
2021-11-28 23:59:29 : 212,700,000 : 0 : 22,056,645,625 : 93%
2021-11-29 00:15:30 : 212,800,000 : 0 : 22,066,476,250 : 93%
2021-11-29 00:31:38 : 212,900,000 : 0 : 22,076,175,800 : 93%
2021-11-29 00:47:46 : 213,000,000 : 0 : 22,086,006,425 : 93%
2021-11-29 01:04:32 : 213,100,000 : 0 : 22,095,968,125 : 93%
2021-11-29 01:21:23 : 213,200,000 : 0 : 22,105,798,750 : 93%
2021-11-29 01:38:17 : 213,300,000 : 0 : 22,115,629,375 : 93%
2021-11-29 01:55:00 : 213,400,000 : 0 : 22,125,460,000 : 93%
2021-11-29 02:11:22 : 213,500,000 : 0 : 22,135,159,550 : 93%
2021-11-29 02:28:14 : 213,600,000 : 0 : 22,144,990,175 : 93%
2021-11-29 02:44:55 : 213,700,000 : 0 : 22,154,689,725 : 93%
2021-11-29 03:01:11 : 213,800,000 : 0 : 22,164,258,200 : 93%
2021-11-29 03:18:29 : 213,900,000 : 0 : 22,183,657,300 : 94%
2021-11-29 03:35:21 : 214,000,000 : 0 : 22,193,487,925 : 94%
2021-11-29 03:52:34 : 214,100,000 : 0 : 22,203,056,400 : 94%
2021-11-29 04:09:52 : 214,200,000 : 0 : 22,212,887,025 : 94%
2021-11-29 04:28:20 : 214,300,000 : 0 : 22,222,455,500 : 94%
2021-11-29 04:47:02 : 214,400,000 : 0 : 22,232,417,200 : 94%
2021-11-29 05:07:07 : 214,500,000 : 0 : 22,242,378,900 : 94%
2021-11-29 05:28:18 : 214,600,000 : 0 : 22,252,340,600 : 94%
2021-11-29 05:50:32 : 214,700,000 : 0 : 22,262,302,300 : 94%
2021-11-29 06:14:10 : 214,800,000 : 0 : 22,272,264,000 : 94%
2021-11-29 06:39:18 : 214,900,000 : 0 : 22,282,356,775 : 94%
2021-11-29 07:05:57 : 215,000,000 : 0 : 22,292,318,475 : 94%
2021-11-29 07:33:54 : 215,100,000 : 0 : 22,302,411,250 : 94%
2021-11-29 08:02:44 : 215,200,000 : 0 : 22,312,372,950 : 94%
2021-11-29 08:32:51 : 215,300,000 : 0 : 22,322,465,725 : 94%
2021-11-29 09:04:10 : 215,400,000 : 0 : 22,332,558,500 : 94%
2021-11-29 09:36:15 : 215,500,000 : 0 : 22,342,651,275 : 94%
2021-11-29 10:08:44 : 215,600,000 : 0 : 22,352,744,050 : 94%
2021-11-29 10:40:08 : 215,700,000 : 0 : 22,362,705,750 : 94%
2021-11-29 11:10:28 : 215,800,000 : 0 : 22,372,798,525 : 94%
2021-11-29 11:39:27 : 215,900,000 : 0 : 22,382,891,300 : 94%
2021-11-29 12:06:12 : 216,000,000 : 0 : 22,393,115,150 : 94%
2021-11-29 12:31:18 : 216,100,000 : 0 : 22,403,339,000 : 94%
2021-11-29 12:54:53 : 216,200,000 : 0 : 22,413,562,850 : 95%
2021-11-29 13:16:54 : 216,300,000 : 0 : 22,423,786,700 : 95%
2021-11-29 13:37:44 : 216,400,000 : 0 : 22,434,141,625 : 95%
2021-11-29 13:57:32 : 216,500,000 : 0 : 22,444,365,475 : 95%
2021-11-29 14:16:27 : 216,600,000 : 0 : 22,454,720,400 : 95%
2021-11-29 14:34:46 : 216,700,000 : 0 : 22,465,206,400 : 95%
2021-11-29 14:52:18 : 216,800,000 : 0 : 22,486,047,325 : 95%
2021-11-29 15:09:16 : 216,900,000 : 0 : 22,496,402,250 : 95%
2021-11-29 15:25:48 : 217,000,000 : 0 : 22,506,888,250 : 95%
2021-11-29 15:42:07 : 217,100,000 : 0 : 22,517,374,250 : 95%
2021-11-29 15:57:53 : 217,200,000 : 0 : 22,527,860,250 : 95%
2021-11-29 16:13:21 : 217,300,000 : 0 : 22,538,346,250 : 95%
2021-11-29 16:28:44 : 217,400,000 : 0 : 22,548,832,250 : 95%
2021-11-29 16:43:49 : 217,500,000 : 0 : 22,559,318,250 : 95%
2021-11-29 16:58:43 : 217,600,000 : 0 : 22,569,673,175 : 95%
2021-11-29 17:13:30 : 217,700,000 : 0 : 22,580,159,175 : 95%
2021-11-29 17:28:17 : 217,800,000 : 0 : 22,590,645,175 : 95%
2021-11-29 17:43:06 : 217,900,000 : 0 : 22,601,131,175 : 95%
2021-11-29 17:57:25 : 218,000,000 : 0 : 22,611,617,175 : 95%
2021-11-29 18:11:55 : 218,100,000 : 0 : 22,621,972,100 : 95%
2021-11-29 18:26:15 : 218,200,000 : 0 : 22,632,458,100 : 95%
2021-11-29 18:40:52 : 218,300,000 : 0 : 22,642,944,100 : 96%
2021-11-29 18:55:20 : 218,400,000 : 0 : 22,653,430,100 : 96%
2021-11-29 19:10:01 : 218,500,000 : 0 : 22,663,916,100 : 96%
2021-11-29 19:24:40 : 218,600,000 : 0 : 22,674,402,100 : 96%
2021-11-29 19:39:09 : 218,700,000 : 0 : 22,684,888,100 : 96%
2021-11-29 19:53:41 : 218,800,000 : 0 : 22,695,374,100 : 96%
2021-11-29 20:08:27 : 218,900,000 : 0 : 22,705,729,025 : 96%
2021-11-29 20:23:20 : 219,000,000 : 0 : 22,716,346,100 : 96%
2021-11-29 20:38:00 : 219,100,000 : 0 : 22,737,187,025 : 96%
2021-11-29 20:52:30 : 219,200,000 : 0 : 22,747,541,950 : 96%
2021-11-29 21:06:45 : 219,300,000 : 0 : 22,758,027,950 : 96%
2021-11-29 21:21:17 : 219,400,000 : 0 : 22,768,382,875 : 96%
2021-11-29 21:35:52 : 219,500,000 : 0 : 22,778,737,800 : 96%
2021-11-29 21:50:33 : 219,600,000 : 0 : 22,789,223,800 : 96%
2021-11-29 22:05:26 : 219,700,000 : 0 : 22,799,578,725 : 96%
2021-11-29 22:20:40 : 219,800,000 : 0 : 22,810,064,725 : 96%
2021-11-29 22:36:02 : 219,900,000 : 0 : 22,820,288,575 : 96%
2021-11-29 22:51:22 : 220,000,000 : 0 : 22,830,643,500 : 96%
2021-11-29 23:06:59 : 220,100,000 : 0 : 22,841,129,500 : 96%
2021-11-29 23:22:57 : 220,200,000 : 0 : 22,851,353,350 : 96%
2021-11-29 23:39:14 : 220,300,000 : 0 : 22,861,708,275 : 96%
2021-11-29 23:55:33 : 220,400,000 : 0 : 22,872,194,275 : 96%
2021-11-30 00:12:06 : 220,500,000 : 0 : 22,882,418,125 : 97%
2021-11-30 00:28:58 : 220,600,000 : 0 : 22,892,641,975 : 97%
2021-11-30 00:45:47 : 220,700,000 : 0 : 22,902,865,825 : 97%
2021-11-30 01:02:16 : 220,800,000 : 0 : 22,912,958,600 : 97%
2021-11-30 01:18:55 : 220,900,000 : 0 : 22,922,920,300 : 97%
2021-11-30 01:35:32 : 221,000,000 : 0 : 22,933,013,075 : 97%
2021-11-30 01:52:24 : 221,100,000 : 0 : 22,942,974,775 : 97%
2021-11-30 02:08:54 : 221,200,000 : 0 : 22,952,936,475 : 97%
2021-11-30 02:25:10 : 221,300,000 : 0 : 22,962,767,100 : 97%
2021-11-30 02:41:07 : 221,400,000 : 0 : 22,972,597,725 : 97%
2021-11-30 02:57:31 : 221,500,000 : 0 : 22,982,559,425 : 97%
2021-11-30 03:13:53 : 221,600,000 : 0 : 22,992,390,050 : 97%
2021-11-30 03:30:26 : 221,700,000 : 0 : 23,012,182,375 : 97%
2021-11-30 03:47:18 : 221,800,000 : 0 : 23,022,144,075 : 97%
2021-11-30 04:04:40 : 221,900,000 : 0 : 23,031,843,625 : 97%
2021-11-30 04:22:01 : 222,000,000 : 0 : 23,041,674,250 : 97%
2021-11-30 04:40:36 : 222,100,000 : 0 : 23,051,635,950 : 97%
2021-11-30 05:00:26 : 222,200,000 : 0 : 23,061,597,650 : 97%
2021-11-30 05:20:58 : 222,300,000 : 0 : 23,071,559,350 : 97%
2021-11-30 05:42:45 : 222,400,000 : 0 : 23,081,652,125 : 97%
2021-11-30 06:05:42 : 222,500,000 : 0 : 23,091,613,825 : 97%
2021-11-30 06:29:50 : 222,600,000 : 0 : 23,101,837,675 : 97%
2021-11-30 06:55:01 : 222,700,000 : 0 : 23,111,799,375 : 97%
2021-11-30 07:21:43 : 222,800,000 : 0 : 23,122,023,225 : 98%
2021-11-30 07:50:07 : 222,900,000 : 0 : 23,132,247,075 : 98%
2021-11-30 08:19:51 : 223,000,000 : 0 : 23,142,470,925 : 98%
2021-11-30 08:51:03 : 223,100,000 : 0 : 23,152,694,775 : 98%
2021-11-30 09:23:25 : 223,200,000 : 0 : 23,163,049,700 : 98%
2021-11-30 09:55:57 : 223,300,000 : 0 : 23,173,142,475 : 98%
2021-11-30 10:28:06 : 223,400,000 : 0 : 23,183,497,400 : 98%
2021-11-30 10:59:27 : 223,500,000 : 0 : 23,193,721,250 : 98%
2021-11-30 11:28:25 : 223,600,000 : 0 : 23,204,076,175 : 98%
2021-11-30 11:55:30 : 223,700,000 : 0 : 23,214,300,025 : 98%
2021-11-30 12:20:22 : 223,800,000 : 0 : 23,224,523,875 : 98%
2021-11-30 12:43:27 : 223,900,000 : 0 : 23,234,878,800 : 98%
2021-11-30 13:04:53 : 224,000,000 : 0 : 23,245,102,650 : 98%
2021-11-30 13:25:23 : 224,100,000 : 0 : 23,255,457,575 : 98%
2021-11-30 13:44:50 : 224,200,000 : 0 : 23,265,812,500 : 98%
2021-11-30 14:03:12 : 224,300,000 : 0 : 23,276,167,425 : 98%
2021-11-30 14:20:59 : 224,400,000 : 0 : 23,286,653,425 : 98%
2021-11-30 14:38:16 : 224,500,000 : 0 : 23,297,270,500 : 98%
2021-11-30 14:54:48 : 224,600,000 : 0 : 23,307,756,500 : 98%
2021-11-30 15:10:50 : 224,700,000 : 0 : 23,328,728,500 : 98%
2021-11-30 15:26:27 : 224,800,000 : 0 : 23,339,214,500 : 98%
2021-11-30 15:41:37 : 224,900,000 : 0 : 23,349,700,500 : 98%
2021-11-30 15:56:28 : 225,000,000 : 0 : 23,360,186,500 : 99%
2021-11-30 16:11:08 : 225,100,000 : 0 : 23,370,541,425 : 99%
2021-11-30 16:25:36 : 225,200,000 : 0 : 23,381,027,425 : 99%
2021-11-30 16:39:50 : 225,300,000 : 0 : 23,391,513,425 : 99%
2021-11-30 16:53:48 : 225,400,000 : 0 : 23,401,999,425 : 99%
2021-11-30 17:07:59 : 225,500,000 : 0 : 23,412,616,500 : 99%
2021-11-30 17:22:13 : 225,600,000 : 0 : 23,423,102,500 : 99%
2021-11-30 17:36:21 : 225,700,000 : 0 : 23,433,588,500 : 99%
2021-11-30 17:50:30 : 225,800,000 : 0 : 23,444,074,500 : 99%
2021-11-30 18:04:50 : 225,900,000 : 0 : 23,454,560,500 : 99%
2021-11-30 18:19:14 : 226,000,000 : 0 : 23,465,177,575 : 99%
2021-11-30 18:33:43 : 226,100,000 : 0 : 23,475,663,575 : 99%
2021-11-30 18:48:08 : 226,200,000 : 0 : 23,486,280,650 : 99%
2021-11-30 19:02:28 : 226,300,000 : 0 : 23,496,766,650 : 99%
2021-11-30 19:17:09 : 226,400,000 : 0 : 23,507,252,650 : 99%
2021-11-30 19:31:40 : 226,500,000 : 0 : 23,517,738,650 : 99%
2021-11-30 19:46:07 : 226,600,000 : 0 : 23,528,093,575 : 99%
2021-11-30 20:00:35 : 226,700,000 : 0 : 23,538,579,575 : 99%
2021-11-30 20:15:24 : 226,800,000 : 0 : 23,549,065,575 : 99%
2021-11-30 20:29:49 : 226,900,000 : 0 : 23,559,420,500 : 99%
2021-11-30 20:44:24 : 227,000,000 : 0 : 23,569,906,500 : 99%
2021-11-30 20:58:55 : 227,100,000 : 0 : 23,590,616,350 : 100%
2021-11-30 21:13:24 : 227,200,000 : 0 : 23,600,971,275 : 100%
2021-11-30 21:27:59 : 227,300,000 : 0 : 23,611,457,275 : 100%
2021-11-30 21:42:38 : 227,400,000 : 0 : 23,621,943,275 : 100%
2021-11-30 21:57:22 : 227,500,000 : 0 : 23,632,298,200 : 100%
2021-11-30 22:12:14 : 227,600,000 : 0 : 23,642,653,125 : 100%
2021-11-30 22:27:16 : 227,700,000 : 0 : 23,653,008,050 : 100%
2021-11-30 22:42:36 : 227,800,000 : 0 : 23,663,362,975 : 100%
2021-11-30 22:57:57 : 227,900,000 : 0 : 23,673,717,900 : 100%
2021-11-30 23:13:31 : 228,000,000 : 0 : 23,683,941,750 : 100%
2021-11-30 23:29:18 : 228,100,000 : 0 : 23,694,296,675 : 100%
2021-11-30 23:45:27 : 228,200,000 : 0 : 23,704,651,600 : 100%
2021-12-01 00:16:20 : 100,000 : 0 : 22,151,675 : 0%
2021-12-01 00:32:44 : 200,000 : 0 : 32,768,750 : 0%
2021-12-01 00:49:03 : 300,000 : 0 : 43,123,675 : 0%
2021-12-01 01:05:19 : 400,000 : 0 : 53,347,525 : 0%
2021-12-01 01:21:37 : 500,000 : 0 : 63,440,300 : 0%
2021-12-01 01:38:01 : 600,000 : 0 : 73,533,075 : 0%
2021-12-01 01:54:27 : 700,000 : 0 : 83,625,850 : 0%
2021-12-01 02:10:30 : 800,000 : 0 : 93,456,475 : 0%
2021-12-01 02:26:49 : 900,000 : 0 : 103,418,175 : 0%
2021-12-01 02:43:10 : 1,000,000 : 0 : 113,379,875 : 0%
2021-12-01 02:59:23 : 1,100,000 : 0 : 123,210,500 : 1%
2021-12-01 03:15:53 : 1,200,000 : 0 : 133,172,200 : 1%
2021-12-01 03:33:05 : 1,300,000 : 0 : 143,133,900 : 1%
2021-12-01 03:50:09 : 1,400,000 : 0 : 152,964,525 : 1%
2021-12-01 04:07:46 : 1,500,000 : 0 : 162,926,225 : 1%
2021-12-01 04:25:52 : 1,600,000 : 0 : 172,756,850 : 1%
2021-12-01 04:44:31 : 1,700,000 : 0 : 182,587,475 : 1%
2021-12-01 05:03:31 : 1,800,000 : 0 : 192,418,100 : 1%
2021-12-01 05:23:13 : 1,900,000 : 0 : 202,248,725 : 1%
2021-12-01 05:44:08 : 2,000,000 : 0 : 212,341,500 : 1%
2021-12-01 06:06:26 : 2,100,000 : 0 : 222,172,125 : 1%
2021-12-01 06:29:41 : 2,200,000 : 0 : 232,133,825 : 1%
2021-12-01 06:54:14 : 2,300,000 : 0 : 242,095,525 : 1%
2021-12-01 07:20:35 : 2,400,000 : 0 : 252,057,225 : 1%
2021-12-01 07:47:56 : 2,500,000 : 0 : 262,018,925 : 1%
2021-12-01 08:16:13 : 2,600,000 : 0 : 272,111,700 : 1%
2021-12-01 08:46:17 : 2,700,000 : 0 : 282,204,475 : 1%
2021-12-01 09:17:24 : 2,800,000 : 0 : 292,297,250 : 1%
2021-12-01 09:49:23 : 2,900,000 : 0 : 302,390,025 : 1%
2021-12-01 10:21:10 : 3,000,000 : 0 : 312,482,800 : 1%
2021-12-01 10:51:37 : 3,100,000 : 0 : 322,444,500 : 1%
2021-12-01 11:20:47 : 3,200,000 : 0 : 342,761,125 : 1%
2021-12-01 11:47:54 : 3,300,000 : 0 : 352,984,975 : 1%
2021-12-01 12:13:36 : 3,400,000 : 0 : 363,208,825 : 1%
2021-12-01 12:37:19 : 3,500,000 : 0 : 373,432,675 : 2%
2021-12-01 12:58:53 : 3,600,000 : 0 : 383,656,525 : 2%
2021-12-01 13:19:18 : 3,700,000 : 0 : 393,880,375 : 2%
2021-12-01 13:38:54 : 3,800,000 : 0 : 404,104,225 : 2%
2021-12-01 13:57:16 : 3,900,000 : 0 : 414,590,225 : 2%
2021-12-01 14:15:08 : 4,000,000 : 0 : 424,945,150 : 2%
2021-12-01 14:32:10 : 4,100,000 : 0 : 435,300,075 : 2%
2021-12-01 14:48:45 : 4,200,000 : 0 : 445,655,000 : 2%
2021-12-01 15:04:36 : 4,300,000 : 0 : 456,141,000 : 2%
2021-12-01 15:20:11 : 4,400,000 : 0 : 466,495,925 : 2%
2021-12-01 15:35:32 : 4,500,000 : 0 : 476,981,925 : 2%
2021-12-01 15:50:39 : 4,600,000 : 0 : 487,467,925 : 2%
2021-12-01 16:05:19 : 4,700,000 : 0 : 497,953,925 : 2%
2021-12-01 16:20:06 : 4,800,000 : 0 : 508,308,850 : 2%
2021-12-01 16:34:32 : 4,900,000 : 0 : 518,794,850 : 2%
2021-12-01 16:48:55 : 5,000,000 : 0 : 529,411,925 : 2%
2021-12-01 17:03:08 : 5,100,000 : 0 : 539,897,925 : 2%
2021-12-01 17:17:42 : 5,200,000 : 0 : 550,383,925 : 2%
2021-12-01 17:31:57 : 5,300,000 : 0 : 560,869,925 : 2%
2021-12-01 17:46:01 : 5,400,000 : 0 : 571,224,850 : 2%
2021-12-01 17:59:59 : 5,500,000 : 0 : 581,710,850 : 2%
2021-12-01 18:14:02 : 5,600,000 : 0 : 592,065,775 : 2%
2021-12-01 18:27:57 : 5,700,000 : 0 : 602,420,700 : 2%
2021-12-01 18:41:53 : 5,800,000 : 0 : 623,261,625 : 3%
2021-12-01 18:55:57 : 5,900,000 : 0 : 633,616,550 : 3%
2021-12-01 19:10:00 : 6,000,000 : 0 : 643,971,475 : 3%
2021-12-01 19:23:57 : 6,100,000 : 0 : 654,326,400 : 3%
2021-12-01 19:37:57 : 6,200,000 : 0 : 664,681,325 : 3%
2021-12-01 19:52:03 : 6,300,000 : 0 : 674,905,175 : 3%
2021-12-01 20:05:55 : 6,400,000 : 0 : 685,129,025 : 3%
2021-12-01 20:19:50 : 6,500,000 : 0 : 695,352,875 : 3%
2021-12-01 20:33:23 : 6,600,000 : 0 : 705,576,725 : 3%
2021-12-01 20:46:49 : 6,700,000 : 0 : 715,669,500 : 3%
2021-12-01 21:00:07 : 6,800,000 : 0 : 725,893,350 : 3%
2021-12-01 21:13:48 : 6,900,000 : 0 : 736,117,200 : 3%
2021-12-01 21:27:33 : 7,000,000 : 0 : 746,341,050 : 3%
2021-12-01 21:41:15 : 7,100,000 : 0 : 756,433,825 : 3%
2021-12-01 21:55:05 : 7,200,000 : 0 : 766,657,675 : 3%
2021-12-01 22:09:10 : 7,300,000 : 0 : 777,012,600 : 3%
2021-12-01 22:23:31 : 7,400,000 : 0 : 787,236,450 : 3%
2021-12-01 22:38:08 : 7,500,000 : 0 : 797,460,300 : 3%
2021-12-01 22:53:00 : 7,600,000 : 0 : 807,684,150 : 3%
2021-12-01 23:08:35 : 7,700,000 : 0 : 818,039,075 : 3%
2021-12-01 23:25:21 : 7,800,000 : 0 : 828,131,850 : 3%
2021-12-01 23:42:18 : 7,900,000 : 0 : 838,224,625 : 3%
2021-12-01 23:58:07 : 8,000,000 : 0 : 848,448,475 : 3%
2021-12-02 00:13:59 : 8,100,000 : 0 : 858,541,250 : 3%
2021-12-02 00:29:56 : 8,200,000 : 0 : 868,765,100 : 4%
2021-12-02 00:45:54 : 8,300,000 : 0 : 878,857,875 : 4%
2021-12-02 01:01:50 : 8,400,000 : 0 : 888,819,575 : 4%
2021-12-02 01:17:34 : 8,500,000 : 0 : 908,611,900 : 4%
2021-12-02 01:33:19 : 8,600,000 : 0 : 918,442,525 : 4%
2021-12-02 01:49:07 : 8,700,000 : 0 : 928,142,075 : 4%
2021-12-02 02:04:43 : 8,800,000 : 0 : 937,972,700 : 4%
2021-12-02 02:20:24 : 8,900,000 : 0 : 947,803,325 : 4%
2021-12-02 02:36:09 : 9,000,000 : 0 : 957,633,950 : 4%
2021-12-02 02:51:40 : 9,100,000 : 0 : 967,333,500 : 4%
2021-12-02 03:07:10 : 9,200,000 : 0 : 977,164,125 : 4%
2021-12-02 03:23:24 : 9,300,000 : 0 : 986,994,750 : 4%
2021-12-02 03:40:12 : 9,400,000 : 0 : 996,825,375 : 4%
2021-12-02 03:57:18 : 9,500,000 : 0 : 1,006,787,075 : 4%
2021-12-02 04:15:13 : 9,600,000 : 0 : 1,016,748,775 : 4%
2021-12-02 04:33:50 : 9,700,000 : 0 : 1,026,841,550 : 4%
2021-12-02 04:52:59 : 9,800,000 : 0 : 1,036,672,175 : 4%
2021-12-02 05:12:57 : 9,900,000 : 0 : 1,046,633,875 : 4%
2021-12-02 05:33:24 : 10,000,000 : 0 : 1,056,595,575 : 4%
2021-12-02 05:54:49 : 10,100,000 : 0 : 1,066,426,200 : 4%
2021-12-02 06:17:47 : 10,200,000 : 0 : 1,076,518,975 : 4%
2021-12-02 06:41:55 : 10,300,000 : 0 : 1,086,480,675 : 4%
2021-12-02 07:07:28 : 10,400,000 : 0 : 1,096,573,450 : 4%
2021-12-02 07:34:53 : 10,500,000 : 0 : 1,106,666,225 : 4%
2021-12-02 08:03:00 : 10,600,000 : 0 : 1,116,759,000 : 5%
2021-12-02 08:32:40 : 10,700,000 : 0 : 1,126,982,850 : 5%
2021-12-02 09:03:28 : 10,800,000 : 0 : 1,137,075,625 : 5%
2021-12-02 09:34:38 : 10,900,000 : 0 : 1,147,037,325 : 5%
2021-12-02 10:05:40 : 11,000,000 : 0 : 1,157,130,100 : 5%
2021-12-02 10:36:34 : 11,100,000 : 0 : 1,167,353,950 : 5%
2021-12-02 11:06:20 : 11,200,000 : 0 : 1,177,446,725 : 5%
2021-12-02 11:34:32 : 11,300,000 : 0 : 1,187,670,575 : 5%
2021-12-02 12:00:40 : 11,400,000 : 0 : 1,197,763,350 : 5%
2021-12-02 12:24:59 : 11,500,000 : 0 : 1,207,987,200 : 5%
2021-12-02 12:47:31 : 11,600,000 : 0 : 1,218,079,975 : 5%
2021-12-02 13:08:16 : 11,700,000 : 0 : 1,238,658,750 : 5%
2021-12-02 13:28:05 : 11,800,000 : 0 : 1,248,882,600 : 5%
2021-12-02 13:46:39 : 11,900,000 : 0 : 1,259,237,525 : 5%
2021-12-02 14:04:31 : 12,000,000 : 0 : 1,269,723,525 : 5%
2021-12-02 14:21:39 : 12,100,000 : 0 : 1,280,078,450 : 5%
2021-12-02 14:38:04 : 12,200,000 : 0 : 1,290,433,375 : 5%
2021-12-02 14:53:56 : 12,300,000 : 0 : 1,300,788,300 : 5%
2021-12-02 15:09:34 : 12,400,000 : 0 : 1,311,274,300 : 5%
2021-12-02 15:24:57 : 12,500,000 : 0 : 1,321,760,300 : 5%
2021-12-02 15:39:59 : 12,600,000 : 0 : 1,332,115,225 : 5%
2021-12-02 15:54:36 : 12,700,000 : 0 : 1,342,601,225 : 5%
2021-12-02 16:09:13 : 12,800,000 : 0 : 1,353,087,225 : 5%
2021-12-02 16:23:33 : 12,900,000 : 0 : 1,363,573,225 : 6%
2021-12-02 16:37:50 : 13,000,000 : 0 : 1,374,059,225 : 6%
2021-12-02 16:51:52 : 13,100,000 : 0 : 1,384,545,225 : 6%
2021-12-02 17:05:37 : 13,200,000 : 0 : 1,394,900,150 : 6%
2021-12-02 17:19:32 : 13,300,000 : 0 : 1,405,386,150 : 6%
2021-12-02 17:33:23 : 13,400,000 : 0 : 1,415,741,075 : 6%
2021-12-02 17:47:23 : 13,500,000 : 0 : 1,426,227,075 : 6%
2021-12-02 18:01:09 : 13,600,000 : 0 : 1,436,713,075 : 6%
2021-12-02 18:15:17 : 13,700,000 : 0 : 1,447,068,000 : 6%
2021-12-02 18:29:14 : 13,800,000 : 0 : 1,457,554,000 : 6%
2021-12-02 18:43:12 : 13,900,000 : 0 : 1,468,040,000 : 6%
2021-12-02 18:57:14 : 14,000,000 : 0 : 1,478,394,925 : 6%
2021-12-02 19:11:13 : 14,100,000 : 0 : 1,488,749,850 : 6%
2021-12-02 19:25:18 : 14,200,000 : 0 : 1,499,104,775 : 6%
2021-12-02 19:39:20 : 14,300,000 : 0 : 1,519,814,625 : 6%
2021-12-02 19:53:27 : 14,400,000 : 0 : 1,530,169,550 : 6%
2021-12-02 20:08:05 : 14,500,000 : 0 : 1,540,524,475 : 6%
2021-12-02 20:22:07 : 14,600,000 : 0 : 1,550,748,325 : 6%
2021-12-02 20:35:45 : 14,700,000 : 0 : 1,560,972,175 : 6%
2021-12-02 20:49:31 : 14,800,000 : 0 : 1,571,064,950 : 6%
2021-12-02 21:02:57 : 14,900,000 : 0 : 1,581,288,800 : 6%
2021-12-02 21:16:42 : 15,000,000 : 0 : 1,591,512,650 : 6%
2021-12-02 21:30:23 : 15,100,000 : 0 : 1,601,736,500 : 7%
2021-12-02 21:44:12 : 15,200,000 : 0 : 1,611,960,350 : 7%
2021-12-02 21:58:00 : 15,300,000 : 0 : 1,622,315,275 : 7%
2021-12-02 22:12:25 : 15,400,000 : 0 : 1,632,539,125 : 7%
2021-12-02 22:26:44 : 15,500,000 : 0 : 1,642,762,975 : 7%
2021-12-02 22:41:33 : 15,600,000 : 0 : 1,653,117,900 : 7%
2021-12-02 22:56:36 : 15,700,000 : 0 : 1,663,472,825 : 7%
2021-12-02 23:11:53 : 15,800,000 : 0 : 1,673,696,675 : 7%
2021-12-02 23:27:24 : 15,900,000 : 0 : 1,683,920,525 : 7%
2021-12-02 23:43:12 : 16,000,000 : 0 : 1,694,275,450 : 7%
2021-12-02 23:59:11 : 16,100,000 : 0 : 1,704,630,375 : 7%
2021-12-03 00:15:36 : 16,200,000 : 0 : 1,714,854,225 : 7%
2021-12-03 00:32:15 : 16,300,000 : 0 : 1,725,078,075 : 7%
2021-12-03 00:48:45 : 16,400,000 : 0 : 1,735,170,850 : 7%
2021-12-03 01:05:18 : 16,500,000 : 0 : 1,745,263,625 : 7%
2021-12-03 01:21:37 : 16,600,000 : 0 : 1,755,225,325 : 7%
2021-12-03 01:37:49 : 16,700,000 : 0 : 1,765,187,025 : 7%
2021-12-03 01:53:43 : 16,800,000 : 0 : 1,775,017,650 : 7%
2021-12-03 02:09:35 : 16,900,000 : 0 : 1,784,848,275 : 7%
2021-12-03 02:25:36 : 17,000,000 : 0 : 1,804,509,525 : 7%
2021-12-03 02:41:29 : 17,100,000 : 0 : 1,814,340,150 : 7%
2021-12-03 02:57:20 : 17,200,000 : 0 : 1,824,170,775 : 7%
2021-12-03 03:13:30 : 17,300,000 : 0 : 1,834,001,400 : 7%
2021-12-03 03:30:07 : 17,400,000 : 0 : 1,843,832,025 : 7%
2021-12-03 03:46:37 : 17,500,000 : 0 : 1,853,662,650 : 8%
2021-12-03 04:03:39 : 17,600,000 : 0 : 1,863,362,200 : 8%
2021-12-03 04:20:50 : 17,700,000 : 0 : 1,873,061,750 : 8%
2021-12-03 04:38:37 : 17,800,000 : 0 : 1,883,023,450 : 8%
2021-12-03 04:57:57 : 17,900,000 : 0 : 1,892,985,150 : 8%
2021-12-03 05:18:09 : 18,000,000 : 0 : 1,903,077,925 : 8%
2021-12-03 05:39:17 : 18,100,000 : 0 : 1,913,039,625 : 8%
2021-12-03 06:01:30 : 18,200,000 : 0 : 1,923,001,325 : 8%
2021-12-03 06:24:38 : 18,300,000 : 0 : 1,933,094,100 : 8%
2021-12-03 06:49:18 : 18,400,000 : 0 : 1,943,186,875 : 8%
2021-12-03 07:15:33 : 18,500,000 : 0 : 1,953,279,650 : 8%
2021-12-03 07:43:13 : 18,600,000 : 0 : 1,963,372,425 : 8%
2021-12-03 08:12:02 : 18,700,000 : 0 : 1,973,596,275 : 8%
2021-12-03 08:41:35 : 18,800,000 : 0 : 1,983,689,050 : 8%
2021-12-03 09:11:48 : 18,900,000 : 0 : 1,993,781,825 : 8%
2021-12-03 09:42:19 : 19,000,000 : 0 : 2,003,874,600 : 8%
2021-12-03 10:13:30 : 19,100,000 : 0 : 2,013,967,375 : 8%
2021-12-03 10:44:08 : 19,200,000 : 0 : 2,024,191,225 : 8%
2021-12-03 11:13:32 : 19,300,000 : 0 : 2,034,284,000 : 8%
2021-12-03 11:41:26 : 19,400,000 : 0 : 2,044,507,850 : 8%
2021-12-03 12:07:33 : 19,500,000 : 0 : 2,054,731,700 : 8%
2021-12-03 12:31:58 : 19,600,000 : 0 : 2,065,086,625 : 8%
2021-12-03 12:54:39 : 19,700,000 : 0 : 2,075,310,475 : 8%
2021-12-03 13:15:47 : 19,800,000 : 0 : 2,085,665,400 : 8%
2021-12-03 13:35:20 : 19,900,000 : 0 : 2,095,889,250 : 9%
2021-12-03 13:53:59 : 20,000,000 : 0 : 2,106,375,250 : 9%
2021-12-03 14:11:44 : 20,100,000 : 0 : 2,116,730,175 : 9%
2021-12-03 14:28:42 : 20,200,000 : 0 : 2,127,085,100 : 9%
2021-12-03 14:45:00 : 20,300,000 : 0 : 2,147,926,025 : 9%
2021-12-03 15:00:53 : 20,400,000 : 0 : 2,158,149,875 : 9%
2021-12-03 15:16:22 : 20,500,000 : 0 : 2,168,635,875 : 9%
2021-12-03 15:31:38 : 20,600,000 : 0 : 2,178,990,800 : 9%
2021-12-03 15:46:34 : 20,700,000 : 0 : 2,189,476,800 : 9%
2021-12-03 16:01:08 : 20,800,000 : 0 : 2,199,962,800 : 9%
2021-12-03 16:15:50 : 20,900,000 : 0 : 2,210,448,800 : 9%
2021-12-03 16:30:17 : 21,000,000 : 0 : 2,220,934,800 : 9%
2021-12-03 16:44:41 : 21,100,000 : 0 : 2,231,420,800 : 9%
2021-12-03 16:58:55 : 21,200,000 : 0 : 2,241,906,800 : 9%
2021-12-03 17:13:04 : 21,300,000 : 0 : 2,252,261,725 : 9%
2021-12-03 17:27:18 : 21,400,000 : 0 : 2,262,747,725 : 9%
2021-12-03 17:41:23 : 21,500,000 : 0 : 2,273,102,650 : 9%
2021-12-03 17:55:30 : 21,600,000 : 0 : 2,283,588,650 : 9%
2021-12-03 18:09:52 : 21,700,000 : 0 : 2,294,074,650 : 9%
2021-12-03 18:24:23 : 21,800,000 : 0 : 2,304,429,575 : 9%
2021-12-03 18:38:45 : 21,900,000 : 0 : 2,314,784,500 : 9%
2021-12-03 18:53:18 : 22,000,000 : 0 : 2,325,270,500 : 9%
2021-12-03 19:07:58 : 22,100,000 : 0 : 2,335,756,500 : 9%
2021-12-03 19:22:47 : 22,200,000 : 0 : 2,346,111,425 : 10%
2021-12-03 19:37:31 : 22,300,000 : 0 : 2,356,466,350 : 10%
2021-12-03 19:52:09 : 22,400,000 : 0 : 2,366,821,275 : 10%
2021-12-03 20:06:52 : 22,500,000 : 0 : 2,377,176,200 : 10%
2021-12-03 20:21:33 : 22,600,000 : 0 : 2,387,531,125 : 10%
2021-12-03 20:36:23 : 22,700,000 : 0 : 2,397,886,050 : 10%
2021-12-03 20:51:04 : 22,800,000 : 0 : 2,408,240,975 : 10%
2021-12-03 21:05:47 : 22,900,000 : 0 : 2,428,819,750 : 10%
2021-12-03 21:20:49 : 23,000,000 : 0 : 2,439,174,675 : 10%
2021-12-03 21:36:02 : 23,100,000 : 0 : 2,449,136,375 : 10%
2021-12-03 21:59:33 : 23,200,000 : 0 : 2,459,360,225 : 10%
2021-12-03 22:16:01 : 23,300,000 : 0 : 2,469,584,075 : 10%
2021-12-03 22:32:15 : 23,400,000 : 0 : 2,479,807,925 : 10%
2021-12-03 22:48:27 : 23,500,000 : 0 : 2,490,162,850 : 10%
2021-12-03 23:04:49 : 23,600,000 : 0 : 2,500,386,700 : 10%
2021-12-03 23:21:17 : 23,700,000 : 0 : 2,510,610,550 : 10%
2021-12-03 23:37:53 : 23,800,000 : 0 : 2,520,703,325 : 10%
2021-12-03 23:54:49 : 23,900,000 : 0 : 2,530,927,175 : 10%
2021-12-04 00:11:56 : 24,000,000 : 0 : 2,541,019,950 : 10%
2021-12-04 00:29:13 : 24,100,000 : 0 : 2,551,112,725 : 10%
2021-12-04 00:46:44 : 24,200,000 : 0 : 2,561,074,425 : 10%
2021-12-04 01:04:23 : 24,300,000 : 0 : 2,571,036,125 : 10%
2021-12-04 01:22:07 : 24,400,000 : 0 : 2,580,866,750 : 10%
2021-12-04 01:39:48 : 24,500,000 : 0 : 2,590,697,375 : 11%
2021-12-04 01:57:16 : 24,600,000 : 0 : 2,600,396,925 : 11%
2021-12-04 02:14:56 : 24,700,000 : 0 : 2,610,227,550 : 11%
2021-12-04 02:32:55 : 24,800,000 : 0 : 2,619,927,100 : 11%
2021-12-04 02:50:51 : 24,900,000 : 0 : 2,629,626,650 : 11%
2021-12-04 03:08:47 : 25,000,000 : 0 : 2,639,326,200 : 11%
2021-12-04 03:26:51 : 25,100,000 : 0 : 2,649,025,750 : 11%
2021-12-04 03:45:01 : 25,200,000 : 0 : 2,658,594,225 : 11%
2021-12-04 04:03:32 : 25,300,000 : 0 : 2,668,293,775 : 11%
2021-12-04 04:22:04 : 25,400,000 : 0 : 2,677,862,250 : 11%
2021-12-04 04:41:07 : 25,500,000 : 0 : 2,687,430,725 : 11%
2021-12-04 05:00:59 : 25,600,000 : 0 : 2,696,999,200 : 11%
2021-12-04 05:21:20 : 25,700,000 : 0 : 2,706,567,675 : 11%
2021-12-04 05:42:07 : 25,800,000 : 0 : 2,716,136,150 : 11%
2021-12-04 06:04:35 : 25,900,000 : 0 : 2,725,966,775 : 11%
2021-12-04 06:28:18 : 26,000,000 : 0 : 2,745,365,875 : 11%
2021-12-04 06:53:33 : 26,100,000 : 0 : 2,755,196,500 : 11%
2021-12-04 07:20:19 : 26,200,000 : 0 : 2,765,027,125 : 11%
2021-12-04 07:48:10 : 26,300,000 : 0 : 2,774,857,750 : 11%
2021-12-04 08:17:06 : 26,400,000 : 0 : 2,784,557,300 : 11%
2021-12-04 08:46:57 : 26,500,000 : 0 : 2,794,387,925 : 11%
2021-12-04 09:17:59 : 26,600,000 : 0 : 2,804,349,625 : 11%
2021-12-04 09:50:05 : 26,700,000 : 0 : 2,814,180,250 : 11%
2021-12-04 10:21:39 : 26,800,000 : 0 : 2,824,010,875 : 11%
2021-12-04 10:53:12 : 26,900,000 : 0 : 2,833,710,425 : 12%
2021-12-04 11:24:05 : 27,000,000 : 0 : 2,843,672,125 : 12%
2021-12-04 11:53:44 : 27,100,000 : 0 : 2,853,502,750 : 12%
2021-12-04 12:21:06 : 27,200,000 : 0 : 2,863,464,450 : 12%
2021-12-04 12:47:06 : 27,300,000 : 0 : 2,873,426,150 : 12%
2021-12-04 13:11:02 : 27,400,000 : 0 : 2,883,387,850 : 12%
2021-12-04 13:33:20 : 27,500,000 : 0 : 2,893,349,550 : 12%
2021-12-04 13:54:35 : 27,600,000 : 0 : 2,903,442,325 : 12%
2021-12-04 14:14:51 : 27,700,000 : 0 : 2,913,404,025 : 12%
2021-12-04 14:33:38 : 27,800,000 : 0 : 2,923,365,725 : 12%
2021-12-04 14:51:47 : 27,900,000 : 0 : 2,933,458,500 : 12%
2021-12-04 15:09:47 : 28,000,000 : 0 : 2,943,551,275 : 12%
2021-12-04 15:27:12 : 28,100,000 : 0 : 2,953,644,050 : 12%
2021-12-04 15:44:10 : 28,200,000 : 0 : 2,963,867,900 : 12%
2021-12-04 16:00:41 : 28,300,000 : 0 : 2,973,960,675 : 12%
2021-12-04 16:16:56 : 28,400,000 : 0 : 2,984,184,525 : 12%
2021-12-04 16:32:35 : 28,500,000 : 0 : 2,994,146,225 : 12%
2021-12-04 16:48:00 : 28,600,000 : 0 : 3,004,239,000 : 12%
2021-12-04 17:02:53 : 28,700,000 : 0 : 3,014,331,775 : 12%
2021-12-04 17:17:51 : 28,800,000 : 0 : 3,024,293,475 : 12%
2021-12-04 17:33:03 : 28,900,000 : 0 : 3,044,479,025 : 12%
2021-12-04 17:48:04 : 29,000,000 : 0 : 3,054,309,650 : 12%
2021-12-04 18:02:47 : 29,100,000 : 0 : 3,064,140,275 : 12%
2021-12-04 18:16:56 : 29,200,000 : 0 : 3,073,970,900 : 12%
2021-12-04 18:31:20 : 29,300,000 : 0 : 3,083,932,600 : 13%
2021-12-04 18:46:17 : 29,400,000 : 0 : 3,093,894,300 : 13%
2021-12-04 19:01:23 : 29,500,000 : 0 : 3,103,856,000 : 13%
2021-12-04 19:16:28 : 29,600,000 : 0 : 3,113,817,700 : 13%
2021-12-04 19:31:45 : 29,700,000 : 0 : 3,123,779,400 : 13%
2021-12-04 19:47:07 : 29,800,000 : 0 : 3,133,741,100 : 13%
2021-12-04 20:02:29 : 29,900,000 : 0 : 3,143,833,875 : 13%
2021-12-04 20:18:03 : 30,000,000 : 0 : 3,153,795,575 : 13%
2021-12-04 20:33:47 : 30,100,000 : 0 : 3,163,626,200 : 13%
2021-12-04 20:49:16 : 30,200,000 : 0 : 3,173,456,825 : 13%
2021-12-04 21:05:07 : 30,300,000 : 0 : 3,183,418,525 : 13%
2021-12-04 21:21:07 : 30,400,000 : 0 : 3,193,380,225 : 13%
2021-12-04 21:36:36 : 30,500,000 : 0 : 3,203,210,850 : 13%
2021-12-04 21:52:22 : 30,600,000 : 0 : 3,213,041,475 : 13%
2021-12-04 22:07:57 : 30,700,000 : 0 : 3,222,872,100 : 13%
2021-12-04 22:23:31 : 30,800,000 : 0 : 3,232,702,725 : 13%
2021-12-04 22:39:18 : 30,900,000 : 0 : 3,242,533,350 : 13%
2021-12-04 22:54:36 : 31,000,000 : 0 : 3,252,232,900 : 13%
2021-12-04 23:10:27 : 31,100,000 : 0 : 3,261,932,450 : 13%
2021-12-04 23:26:12 : 31,200,000 : 0 : 3,271,632,000 : 13%
2021-12-04 23:41:55 : 31,300,000 : 0 : 3,281,200,475 : 13%
2021-12-04 23:57:42 : 31,400,000 : 0 : 3,290,900,025 : 13%
2021-12-05 00:13:21 : 31,500,000 : 0 : 3,310,036,975 : 13%
2021-12-05 00:29:31 : 31,600,000 : 0 : 3,319,736,525 : 13%
2021-12-05 00:45:36 : 31,700,000 : 0 : 3,329,305,000 : 14%
2021-12-05 01:01:56 : 31,800,000 : 0 : 3,338,873,475 : 14%
2021-12-05 01:18:40 : 31,900,000 : 0 : 3,348,310,875 : 14%
2021-12-05 01:35:23 : 32,000,000 : 0 : 3,357,879,350 : 14%
2021-12-05 01:51:58 : 32,100,000 : 0 : 3,367,447,825 : 14%
2021-12-05 02:08:48 : 32,200,000 : 0 : 3,377,016,300 : 14%
2021-12-05 02:25:58 : 32,300,000 : 0 : 3,386,453,700 : 14%
2021-12-05 02:42:51 : 32,400,000 : 0 : 3,396,022,175 : 14%
2021-12-05 02:59:43 : 32,500,000 : 0 : 3,405,459,575 : 14%
2021-12-05 03:16:37 : 32,600,000 : 0 : 3,415,028,050 : 14%
2021-12-05 03:34:13 : 32,700,000 : 0 : 3,424,465,450 : 14%
2021-12-05 03:51:41 : 32,800,000 : 0 : 3,434,033,925 : 14%
2021-12-05 04:09:52 : 32,900,000 : 0 : 3,443,471,325 : 14%
Decoding error with 134,217,728 bytes, reading another chunk
2021-12-05 04:28:08 : 33,000,000 : 0 : 3,462,477,200 : 14%
2021-12-05 04:46:51 : 33,100,000 : 0 : 3,462,477,200 : 14%
2021-12-05 05:06:30 : 33,200,000 : 0 : 3,472,045,675 : 14%
2021-12-05 05:26:42 : 33,300,000 : 0 : 3,481,614,150 : 14%
2021-12-05 05:48:20 : 33,400,000 : 0 : 3,491,182,625 : 14%
2021-12-05 06:10:40 : 33,500,000 : 0 : 3,500,882,175 : 14%
2021-12-05 06:34:35 : 33,600,000 : 0 : 3,510,581,725 : 14%
2021-12-05 06:59:56 : 33,700,000 : 0 : 3,520,150,200 : 14%
2021-12-05 07:26:00 : 33,800,000 : 0 : 3,529,849,750 : 14%
2021-12-05 07:53:00 : 33,900,000 : 0 : 3,539,418,225 : 14%
2021-12-05 08:21:28 : 34,000,000 : 0 : 3,549,117,775 : 14%
2021-12-05 08:50:44 : 34,100,000 : 0 : 3,558,948,400 : 14%
2021-12-05 09:21:11 : 34,200,000 : 0 : 3,568,779,025 : 14%
2021-12-05 09:51:36 : 34,300,000 : 0 : 3,578,609,650 : 15%
2021-12-05 10:21:48 : 34,400,000 : 0 : 3,588,440,275 : 15%
2021-12-05 10:52:05 : 34,500,000 : 0 : 3,598,270,900 : 15%
2021-12-05 11:22:00 : 34,600,000 : 0 : 3,607,970,450 : 15%
2021-12-05 11:51:40 : 34,700,000 : 0 : 3,617,801,075 : 15%
2021-12-05 12:20:33 : 34,800,000 : 0 : 3,637,855,550 : 15%
2021-12-05 12:47:08 : 34,900,000 : 0 : 3,647,817,250 : 15%
2021-12-05 13:11:36 : 35,000,000 : 0 : 3,657,778,950 : 15%
2021-12-05 13:34:27 : 35,100,000 : 0 : 3,667,871,725 : 15%
2021-12-05 13:55:59 : 35,200,000 : 0 : 3,677,833,425 : 15%
2021-12-05 14:16:08 : 35,300,000 : 0 : 3,687,795,125 : 15%
2021-12-05 14:35:13 : 35,400,000 : 0 : 3,697,756,825 : 15%
2021-12-05 14:53:21 : 35,500,000 : 0 : 3,707,849,600 : 15%
2021-12-05 15:10:56 : 35,600,000 : 0 : 3,717,811,300 : 15%
2021-12-05 15:27:53 : 35,700,000 : 0 : 3,727,641,925 : 15%
2021-12-05 15:43:46 : 35,800,000 : 0 : 3,737,472,550 : 15%
2021-12-05 15:59:27 : 35,900,000 : 0 : 3,747,434,250 : 15%
2021-12-05 16:14:59 : 36,000,000 : 0 : 3,757,658,100 : 15%
2021-12-05 16:30:49 : 36,100,000 : 0 : 3,767,881,950 : 15%
2021-12-05 16:46:30 : 36,200,000 : 0 : 3,777,974,725 : 15%
2021-12-05 17:01:41 : 36,300,000 : 0 : 3,788,067,500 : 15%
2021-12-05 17:16:55 : 36,400,000 : 0 : 3,798,160,275 : 15%
2021-12-05 17:31:37 : 36,500,000 : 0 : 3,808,121,975 : 15%
2021-12-05 17:48:04 : 36,600,000 : 0 : 3,818,214,750 : 16%
2021-12-05 18:02:06 : 36,700,000 : 0 : 3,827,783,225 : 16%
2021-12-05 18:15:33 : 36,800,000 : 0 : 3,837,482,775 : 16%
2021-12-05 18:28:28 : 36,900,000 : 0 : 3,846,920,175 : 16%
2021-12-05 18:41:13 : 37,000,000 : 0 : 3,856,357,575 : 16%
2021-12-05 18:54:43 : 37,100,000 : 0 : 3,866,057,125 : 16%
2021-12-05 19:08:31 : 37,200,000 : 0 : 3,875,756,675 : 16%
2021-12-05 19:21:54 : 37,300,000 : 0 : 3,885,325,150 : 16%
2021-12-05 19:34:24 : 37,400,000 : 0 : 3,894,500,400 : 16%
2021-12-05 19:47:07 : 37,500,000 : 0 : 3,913,375,200 : 16%
2021-12-05 19:59:51 : 37,600,000 : 0 : 3,922,943,675 : 16%
2021-12-05 20:12:42 : 37,700,000 : 0 : 3,932,643,225 : 16%
2021-12-05 20:25:57 : 37,800,000 : 0 : 3,942,211,700 : 16%
2021-12-05 20:39:23 : 37,900,000 : 0 : 3,951,911,250 : 16%
2021-12-05 20:52:52 : 38,000,000 : 0 : 3,961,479,725 : 16%
2021-12-05 21:06:23 : 38,100,000 : 0 : 3,971,048,200 : 16%
2021-12-05 21:19:48 : 38,200,000 : 0 : 3,980,878,825 : 16%
2021-12-05 21:33:53 : 38,300,000 : 0 : 3,990,709,450 : 16%
2021-12-05 21:47:57 : 38,400,000 : 0 : 4,000,409,000 : 16%
2021-12-05 22:01:59 : 38,500,000 : 0 : 4,010,239,625 : 16%
2021-12-05 22:16:11 : 38,600,000 : 0 : 4,020,070,250 : 16%
2021-12-05 22:30:47 : 38,700,000 : 0 : 4,030,031,950 : 16%
2021-12-05 22:45:32 : 38,800,000 : 0 : 4,039,862,575 : 16%
2021-12-05 23:00:20 : 38,900,000 : 0 : 4,049,824,275 : 16%
2021-12-05 23:15:14 : 39,000,000 : 0 : 4,059,654,900 : 16%
2021-12-05 23:30:26 : 39,100,000 : 0 : 4,069,485,525 : 17%
2021-12-05 23:45:29 : 39,200,000 : 0 : 4,079,185,075 : 17%
2021-12-06 00:00:52 : 39,300,000 : 0 : 4,089,015,700 : 17%
2021-12-06 00:16:30 : 39,400,000 : 0 : 4,098,846,325 : 17%
2021-12-06 00:32:23 : 39,500,000 : 0 : 4,108,545,875 : 17%
2021-12-06 00:47:55 : 39,600,000 : 0 : 4,118,376,500 : 17%
2021-12-06 01:04:34 : 39,700,000 : 0 : 4,128,338,200 : 17%
2021-12-06 01:20:49 : 39,800,000 : 0 : 4,138,168,825 : 17%
2021-12-06 01:37:00 : 39,900,000 : 0 : 4,147,999,450 : 17%
2021-12-06 01:53:05 : 40,000,000 : 0 : 4,157,830,075 : 17%
2021-12-06 02:09:30 : 40,100,000 : 0 : 4,167,529,625 : 17%
2021-12-06 02:25:50 : 40,200,000 : 0 : 4,177,360,250 : 17%
2021-12-06 02:42:02 : 40,300,000 : 0 : 4,187,059,800 : 17%
2021-12-06 02:58:29 : 40,400,000 : 0 : 4,206,589,975 : 17%
2021-12-06 03:14:58 : 40,500,000 : 0 : 4,216,289,525 : 17%
2021-12-06 03:31:12 : 40,600,000 : 0 : 4,225,989,075 : 17%
2021-12-06 03:47:48 : 40,700,000 : 0 : 4,235,688,625 : 17%
2021-12-06 04:04:51 : 40,800,000 : 0 : 4,245,650,325 : 17%
2021-12-06 04:23:01 : 40,900,000 : 0 : 4,255,612,025 : 17%
2021-12-06 04:42:18 : 41,000,000 : 0 : 4,265,573,725 : 17%
2021-12-06 05:02:18 : 41,100,000 : 0 : 4,275,404,350 : 17%
2021-12-06 05:23:03 : 41,200,000 : 0 : 4,285,366,050 : 17%
2021-12-06 05:44:47 : 41,300,000 : 0 : 4,295,327,750 : 17%
2021-12-06 06:07:43 : 41,400,000 : 0 : 4,305,289,450 : 17%
2021-12-06 06:31:42 : 41,500,000 : 0 : 4,315,382,225 : 18%
2021-12-06 06:57:01 : 41,600,000 : 0 : 4,325,475,000 : 18%
2021-12-06 07:23:58 : 41,700,000 : 0 : 4,335,567,775 : 18%
2021-12-06 07:52:06 : 41,800,000 : 0 : 4,345,529,475 : 18%
2021-12-06 08:21:25 : 41,900,000 : 0 : 4,355,753,325 : 18%
2021-12-06 08:52:16 : 42,000,000 : 0 : 4,365,846,100 : 18%
2021-12-06 09:23:35 : 42,100,000 : 0 : 4,376,069,950 : 18%
2021-12-06 09:55:20 : 42,200,000 : 0 : 4,386,293,800 : 18%
2021-12-06 10:27:06 : 42,300,000 : 0 : 4,396,517,650 : 18%
2021-12-06 10:57:59 : 42,400,000 : 0 : 4,406,610,425 : 18%
2021-12-06 11:27:22 : 42,500,000 : 0 : 4,416,965,350 : 18%
2021-12-06 11:54:31 : 42,600,000 : 0 : 4,427,058,125 : 18%
2021-12-06 12:20:02 : 42,700,000 : 0 : 4,437,281,975 : 18%
2021-12-06 12:43:18 : 42,800,000 : 0 : 4,447,505,825 : 18%
2021-12-06 13:04:57 : 42,900,000 : 0 : 4,457,598,600 : 18%
2021-12-06 13:25:21 : 43,000,000 : 0 : 4,467,822,450 : 18%
2021-12-06 13:44:43 : 43,100,000 : 0 : 4,478,308,450 : 18%
2021-12-06 14:03:11 : 43,200,000 : 0 : 4,488,663,375 : 18%
2021-12-06 14:21:05 : 43,300,000 : 0 : 4,499,018,300 : 18%
2021-12-06 14:38:04 : 43,400,000 : 0 : 4,519,859,225 : 18%
2021-12-06 14:54:27 : 43,500,000 : 0 : 4,530,345,225 : 18%
2021-12-06 15:10:40 : 43,600,000 : 0 : 4,540,831,225 : 18%
2021-12-06 15:26:08 : 43,700,000 : 0 : 4,551,317,225 : 18%
2021-12-06 15:41:11 : 43,800,000 : 0 : 4,561,803,225 : 19%
2021-12-06 15:56:07 : 43,900,000 : 0 : 4,572,289,225 : 19%
2021-12-06 16:10:52 : 44,000,000 : 0 : 4,582,775,225 : 19%
2021-12-06 16:25:20 : 44,100,000 : 0 : 4,593,261,225 : 19%
2021-12-06 16:39:44 : 44,200,000 : 0 : 4,603,878,300 : 19%
2021-12-06 16:54:02 : 44,300,000 : 0 : 4,614,495,375 : 19%
2021-12-06 17:08:12 : 44,400,000 : 0 : 4,624,981,375 : 19%
2021-12-06 17:22:22 : 44,500,000 : 0 : 4,635,729,525 : 19%
2021-12-06 17:36:32 : 44,600,000 : 0 : 4,646,215,525 : 19%
2021-12-06 17:50:42 : 44,700,000 : 0 : 4,656,701,525 : 19%
2021-12-06 18:04:49 : 44,800,000 : 0 : 4,667,318,600 : 19%
2021-12-06 18:19:06 : 44,900,000 : 0 : 4,677,935,675 : 19%
2021-12-06 18:33:15 : 45,000,000 : 0 : 4,688,421,675 : 19%
2021-12-06 18:47:27 : 45,100,000 : 0 : 4,698,907,675 : 19%
2021-12-06 19:01:38 : 45,200,000 : 0 : 4,709,524,750 : 19%
2021-12-06 19:16:02 : 45,300,000 : 0 : 4,720,010,750 : 19%
2021-12-06 19:30:18 : 45,400,000 : 0 : 4,730,496,750 : 19%
2021-12-06 19:44:32 : 45,500,000 : 0 : 4,740,982,750 : 19%
2021-12-06 19:58:46 : 45,600,000 : 0 : 4,751,468,750 : 19%
2021-12-06 20:13:03 : 45,700,000 : 0 : 4,761,954,750 : 19%
2021-12-06 20:27:05 : 45,800,000 : 0 : 4,782,795,675 : 19%
2021-12-06 20:41:00 : 45,900,000 : 0 : 4,793,150,600 : 19%
2021-12-06 20:54:45 : 46,000,000 : 0 : 4,803,505,525 : 20%
2021-12-06 21:08:47 : 46,100,000 : 0 : 4,813,991,525 : 20%
2021-12-06 21:22:52 : 46,200,000 : 0 : 4,824,346,450 : 20%
2021-12-06 21:36:57 : 46,300,000 : 0 : 4,834,570,300 : 20%
2021-12-06 21:51:01 : 46,400,000 : 0 : 4,844,925,225 : 20%
2021-12-06 22:05:13 : 46,500,000 : 0 : 4,855,280,150 : 20%
2021-12-06 22:19:51 : 46,600,000 : 0 : 4,865,635,075 : 20%
2021-12-06 22:34:36 : 46,700,000 : 0 : 4,875,990,000 : 20%
2021-12-06 22:49:44 : 46,800,000 : 0 : 4,886,344,925 : 20%
2021-12-06 23:04:55 : 46,900,000 : 0 : 4,896,699,850 : 20%
2021-12-06 23:20:27 : 47,000,000 : 0 : 4,907,054,775 : 20%
2021-12-06 23:36:02 : 47,100,000 : 0 : 4,917,409,700 : 20%
2021-12-06 23:52:01 : 47,200,000 : 0 : 4,927,764,625 : 20%
2021-12-07 00:08:10 : 47,300,000 : 0 : 4,937,988,475 : 20%
2021-12-07 00:24:42 : 47,400,000 : 0 : 4,948,343,400 : 20%
2021-12-07 00:41:06 : 47,500,000 : 0 : 4,958,436,175 : 20%
2021-12-07 00:57:30 : 47,600,000 : 0 : 4,968,660,025 : 20%
2021-12-07 01:13:58 : 47,700,000 : 0 : 4,978,621,725 : 20%
2021-12-07 01:29:57 : 47,800,000 : 0 : 4,988,452,350 : 20%
2021-12-07 01:45:28 : 47,900,000 : 0 : 4,998,282,975 : 20%
2021-12-07 02:00:49 : 48,000,000 : 0 : 5,007,982,525 : 20%
2021-12-07 02:16:39 : 48,100,000 : 0 : 5,017,813,150 : 20%
2021-12-07 02:32:15 : 48,200,000 : 0 : 5,027,512,700 : 20%
2021-12-07 02:47:50 : 48,300,000 : 0 : 5,037,343,325 : 20%
2021-12-07 03:03:44 : 48,400,000 : 0 : 5,056,742,425 : 21%
2021-12-07 03:19:41 : 48,500,000 : 0 : 5,066,441,975 : 21%
2021-12-07 03:35:34 : 48,600,000 : 0 : 5,076,141,525 : 21%
2021-12-07 03:51:51 : 48,700,000 : 0 : 5,085,710,000 : 21%
2021-12-07 04:08:33 : 48,800,000 : 0 : 5,095,409,550 : 21%
2021-12-07 04:26:05 : 48,900,000 : 0 : 5,105,502,325 : 21%
2021-12-07 04:45:01 : 49,000,000 : 0 : 5,115,464,025 : 21%
2021-12-07 05:04:54 : 49,100,000 : 0 : 5,125,425,725 : 21%
2021-12-07 05:25:22 : 49,200,000 : 0 : 5,135,387,425 : 21%
2021-12-07 05:46:55 : 49,300,000 : 0 : 5,145,480,200 : 21%
2021-12-07 06:09:52 : 49,400,000 : 0 : 5,155,572,975 : 21%
2021-12-07 06:34:18 : 49,500,000 : 0 : 5,165,665,750 : 21%
2021-12-07 07:00:19 : 49,600,000 : 0 : 5,175,758,525 : 21%
2021-12-07 07:27:31 : 49,700,000 : 0 : 5,185,982,375 : 21%
2021-12-07 07:56:37 : 49,800,000 : 0 : 5,196,206,225 : 21%
Decoding error with 134,217,728 bytes, reading another chunk
2021-12-07 08:25:59 : 49,900,000 : 0 : 5,216,522,850 : 21%
2021-12-07 08:57:12 : 50,000,000 : 0 : 5,216,522,850 : 21%
2021-12-07 09:28:44 : 50,100,000 : 0 : 5,226,746,700 : 21%
2021-12-07 10:00:44 : 50,200,000 : 0 : 5,236,839,475 : 21%
2021-12-07 10:32:08 : 50,300,000 : 0 : 5,247,063,325 : 21%
2021-12-07 11:02:26 : 50,400,000 : 0 : 5,257,156,100 : 21%
2021-12-07 11:30:34 : 50,500,000 : 0 : 5,267,379,950 : 21%
2021-12-07 11:56:50 : 50,600,000 : 0 : 5,277,603,800 : 21%
2021-12-07 12:21:14 : 50,700,000 : 0 : 5,287,827,650 : 21%
2021-12-07 12:43:46 : 50,800,000 : 0 : 5,297,920,425 : 22%
2021-12-07 13:04:35 : 50,900,000 : 0 : 5,308,144,275 : 22%
2021-12-07 13:24:27 : 51,000,000 : 0 : 5,318,368,125 : 22%
2021-12-07 13:43:32 : 51,100,000 : 0 : 5,328,723,050 : 22%
2021-12-07 14:01:40 : 51,200,000 : 0 : 5,339,077,975 : 22%
2021-12-07 14:19:24 : 51,300,000 : 0 : 5,349,432,900 : 22%
2021-12-07 14:36:21 : 51,400,000 : 0 : 5,359,787,825 : 22%
2021-12-07 14:52:46 : 51,500,000 : 0 : 5,380,890,900 : 22%
2021-12-07 15:08:37 : 51,600,000 : 0 : 5,391,376,900 : 22%
2021-12-07 15:24:09 : 51,700,000 : 0 : 5,401,993,975 : 22%
2021-12-07 15:39:48 : 51,800,000 : 0 : 5,412,611,050 : 22%
2021-12-07 15:55:58 : 51,900,000 : 0 : 5,423,359,200 : 22%
2021-12-07 16:12:17 : 52,000,000 : 0 : 5,433,976,275 : 22%
2021-12-07 16:28:32 : 52,100,000 : 0 : 5,444,724,425 : 22%
2021-12-07 16:44:45 : 52,200,000 : 0 : 5,455,341,500 : 22%
2021-12-07 17:00:43 : 52,300,000 : 0 : 5,465,958,575 : 22%
2021-12-07 17:17:02 : 52,400,000 : 0 : 5,476,575,650 : 22%
2021-12-07 17:33:09 : 52,500,000 : 0 : 5,486,930,575 : 22%
2021-12-07 17:49:05 : 52,600,000 : 0 : 5,497,416,575 : 22%
2021-12-07 18:04:45 : 52,700,000 : 0 : 5,507,771,500 : 22%
2021-12-07 18:20:24 : 52,800,000 : 0 : 5,518,257,500 : 22%
2021-12-07 18:35:43 : 52,900,000 : 0 : 5,528,612,425 : 22%
2021-12-07 18:50:58 : 53,000,000 : 0 : 5,538,967,350 : 22%
2021-12-07 19:06:29 : 53,100,000 : 0 : 5,549,322,275 : 23%
2021-12-07 19:22:08 : 53,200,000 : 0 : 5,559,808,275 : 23%
2021-12-07 19:38:06 : 53,300,000 : 0 : 5,570,294,275 : 23%
2021-12-07 19:54:22 : 53,400,000 : 0 : 5,580,780,275 : 23%
2021-12-07 20:10:35 : 53,500,000 : 0 : 5,591,135,200 : 23%
2021-12-07 20:25:33 : 53,600,000 : 0 : 5,601,490,125 : 23%
2021-12-07 20:40:55 : 53,700,000 : 0 : 5,611,845,050 : 23%
2021-12-07 20:56:17 : 53,800,000 : 0 : 5,632,554,900 : 23%
2021-12-07 21:10:44 : 53,900,000 : 0 : 5,642,909,825 : 23%
2021-12-07 21:25:49 : 54,000,000 : 0 : 5,653,133,675 : 23%
2021-12-07 21:40:48 : 54,100,000 : 0 : 5,663,488,600 : 23%
2021-12-07 21:56:00 : 54,200,000 : 0 : 5,673,712,450 : 23%
2021-12-07 22:11:39 : 54,300,000 : 0 : 5,684,067,375 : 23%
2021-12-07 22:27:37 : 54,400,000 : 0 : 5,694,553,375 : 23%
2021-12-07 22:44:17 : 54,500,000 : 0 : 5,704,777,225 : 23%
2021-12-07 23:00:39 : 54,600,000 : 0 : 5,715,001,075 : 23%
2021-12-07 23:17:26 : 54,700,000 : 0 : 5,725,356,000 : 23%
2021-12-07 23:34:26 : 54,800,000 : 0 : 5,735,579,850 : 23%
2021-12-07 23:51:20 : 54,900,000 : 0 : 5,745,672,625 : 23%
2021-12-08 00:08:29 : 55,000,000 : 0 : 5,755,896,475 : 23%
2021-12-08 00:25:56 : 55,100,000 : 0 : 5,766,120,325 : 23%
2021-12-08 00:43:16 : 55,200,000 : 0 : 5,776,082,025 : 23%
2021-12-08 01:01:07 : 55,300,000 : 0 : 5,786,174,800 : 23%
2021-12-08 01:19:21 : 55,400,000 : 0 : 5,796,136,500 : 24%
2021-12-08 01:37:40 : 55,500,000 : 0 : 5,806,098,200 : 24%
2021-12-08 01:55:50 : 55,600,000 : 0 : 5,816,190,975 : 24%
2021-12-08 02:14:00 : 55,700,000 : 0 : 5,826,152,675 : 24%
2021-12-08 02:32:24 : 55,800,000 : 0 : 5,836,114,375 : 24%
2021-12-08 02:50:52 : 55,900,000 : 0 : 5,845,945,000 : 24%
2021-12-08 03:09:34 : 56,000,000 : 0 : 5,855,906,700 : 24%
2021-12-08 03:28:25 : 56,100,000 : 0 : 5,865,868,400 : 24%
2021-12-08 03:47:41 : 56,200,000 : 0 : 5,875,830,100 : 24%
2021-12-08 04:07:45 : 56,300,000 : 0 : 5,885,791,800 : 24%
2021-12-08 04:28:34 : 56,400,000 : 0 : 5,895,753,500 : 24%
2021-12-08 04:50:10 : 56,500,000 : 0 : 5,915,676,900 : 24%
2021-12-08 05:13:00 : 56,600,000 : 0 : 5,925,638,600 : 24%
2021-12-08 05:36:47 : 56,700,000 : 0 : 5,935,731,375 : 24%
2021-12-08 06:02:19 : 56,800,000 : 0 : 5,945,693,075 : 24%
2021-12-08 06:29:32 : 56,900,000 : 0 : 5,955,785,850 : 24%
2021-12-08 06:58:04 : 57,000,000 : 0 : 5,965,878,625 : 24%
2021-12-08 07:27:21 : 57,100,000 : 0 : 5,975,971,400 : 24%
2021-12-08 07:57:40 : 57,200,000 : 0 : 5,986,195,250 : 24%
2021-12-08 08:29:31 : 57,300,000 : 0 : 5,996,419,100 : 24%
2021-12-08 09:01:32 : 57,400,000 : 0 : 6,006,642,950 : 24%
2021-12-08 09:34:09 : 57,500,000 : 0 : 6,016,866,800 : 24%
2021-12-08 10:07:02 : 57,600,000 : 0 : 6,026,959,575 : 24%
2021-12-08 10:39:10 : 57,700,000 : 0 : 6,037,183,425 : 25%
2021-12-08 11:09:23 : 57,800,000 : 0 : 6,047,276,200 : 25%
2021-12-08 11:37:57 : 57,900,000 : 0 : 6,057,500,050 : 25%
2021-12-08 12:04:26 : 58,000,000 : 0 : 6,067,723,900 : 25%
2021-12-08 12:28:28 : 58,100,000 : 0 : 6,077,947,750 : 25%
2021-12-08 12:50:54 : 58,200,000 : 0 : 6,088,171,600 : 25%
2021-12-08 13:11:51 : 58,300,000 : 0 : 6,098,395,450 : 25%
2021-12-08 13:31:40 : 58,400,000 : 0 : 6,108,619,300 : 25%
2021-12-08 13:50:21 : 58,500,000 : 0 : 6,118,974,225 : 25%
2021-12-08 14:08:25 : 58,600,000 : 0 : 6,129,460,225 : 25%
2021-12-08 14:25:44 : 58,700,000 : 0 : 6,139,946,225 : 25%
2021-12-08 14:42:23 : 58,800,000 : 0 : 6,150,301,150 : 25%
2021-12-08 14:58:18 : 58,900,000 : 0 : 6,160,787,150 : 25%
2021-12-08 15:14:00 : 59,000,000 : 0 : 6,171,273,150 : 25%
2021-12-08 15:29:22 : 59,100,000 : 0 : 6,181,759,150 : 25%
2021-12-08 15:44:15 : 59,200,000 : 0 : 6,192,114,075 : 25%
2021-12-08 15:58:53 : 59,300,000 : 0 : 6,213,086,075 : 25%
2021-12-08 16:13:29 : 59,400,000 : 0 : 6,223,572,075 : 25%
2021-12-08 16:27:54 : 59,500,000 : 0 : 6,233,927,000 : 25%
2021-12-08 16:42:05 : 59,600,000 : 0 : 6,244,413,000 : 25%
2021-12-08 16:55:55 : 59,700,000 : 0 : 6,254,767,925 : 25%
2021-12-08 17:09:49 : 59,800,000 : 0 : 6,265,122,850 : 25%
2021-12-08 17:23:54 : 59,900,000 : 0 : 6,275,477,775 : 25%
2021-12-08 17:37:56 : 60,000,000 : 0 : 6,285,963,775 : 26%
2021-12-08 17:51:37 : 60,100,000 : 0 : 6,296,318,700 : 26%
2021-12-08 18:05:26 : 60,200,000 : 0 : 6,306,673,625 : 26%
2021-12-08 18:19:16 : 60,300,000 : 0 : 6,317,028,550 : 26%
2021-12-08 18:33:03 : 60,400,000 : 0 : 6,327,383,475 : 26%
2021-12-08 18:46:52 : 60,500,000 : 0 : 6,337,738,400 : 26%
2021-12-08 19:00:39 : 60,600,000 : 0 : 6,348,093,325 : 26%
2021-12-08 19:14:34 : 60,700,000 : 0 : 6,358,317,175 : 26%
2021-12-08 19:28:25 : 60,800,000 : 0 : 6,368,672,100 : 26%
2021-12-08 19:42:01 : 60,900,000 : 0 : 6,378,895,950 : 26%
2021-12-08 19:55:47 : 61,000,000 : 0 : 6,389,119,800 : 26%
2021-12-08 20:09:40 : 61,100,000 : 0 : 6,399,343,650 : 26%
2021-12-08 20:23:32 : 61,200,000 : 0 : 6,409,698,575 : 26%
2021-12-08 20:37:17 : 61,300,000 : 0 : 6,419,922,425 : 26%
2021-12-08 20:50:44 : 61,400,000 : 0 : 6,430,015,200 : 26%
2021-12-08 21:04:30 : 61,500,000 : 0 : 6,440,370,125 : 26%
2021-12-08 21:18:34 : 61,600,000 : 0 : 6,450,593,975 : 26%
2021-12-08 21:32:23 : 61,700,000 : 0 : 6,460,817,825 : 26%
2021-12-08 21:46:32 : 61,800,000 : 0 : 6,481,265,525 : 26%
2021-12-08 22:00:44 : 61,900,000 : 0 : 6,491,489,375 : 26%
2021-12-08 22:15:07 : 62,000,000 : 0 : 6,501,844,300 : 26%
2021-12-08 22:29:46 : 62,100,000 : 0 : 6,512,068,150 : 26%
2021-12-08 22:44:49 : 62,200,000 : 0 : 6,522,423,075 : 26%
2021-12-08 22:59:56 : 62,300,000 : 0 : 6,532,646,925 : 27%
2021-12-08 23:15:26 : 62,400,000 : 0 : 6,542,870,775 : 27%
2021-12-08 23:31:14 : 62,500,000 : 0 : 6,553,094,625 : 27%
2021-12-08 23:47:26 : 62,600,000 : 0 : 6,563,449,550 : 27%
2021-12-09 00:03:44 : 62,700,000 : 0 : 6,573,673,400 : 27%
2021-12-09 00:20:10 : 62,800,000 : 0 : 6,583,766,175 : 27%
2021-12-09 00:36:23 : 62,900,000 : 0 : 6,593,858,950 : 27%
2021-12-09 00:52:47 : 63,000,000 : 0 : 6,603,951,725 : 27%
2021-12-09 01:09:10 : 63,100,000 : 0 : 6,613,913,425 : 27%
2021-12-09 01:25:27 : 63,200,000 : 0 : 6,623,744,050 : 27%
2021-12-09 01:41:23 : 63,300,000 : 0 : 6,633,574,675 : 27%
2021-12-09 01:57:24 : 63,400,000 : 0 : 6,643,405,300 : 27%
2021-12-09 02:13:25 : 63,500,000 : 0 : 6,653,104,850 : 27%
2021-12-09 02:29:27 : 63,600,000 : 0 : 6,662,935,475 : 27%
2021-12-09 02:45:37 : 63,700,000 : 0 : 6,672,635,025 : 27%
2021-12-09 03:02:08 : 63,800,000 : 0 : 6,682,596,725 : 27%
2021-12-09 03:19:00 : 63,900,000 : 0 : 6,692,427,350 : 27%
2021-12-09 03:36:11 : 64,000,000 : 0 : 6,702,389,050 : 27%
2021-12-09 03:54:00 : 64,100,000 : 0 : 6,712,350,750 : 27%
2021-12-09 04:12:30 : 64,200,000 : 0 : 6,722,312,450 : 27%
2021-12-09 04:31:34 : 64,300,000 : 0 : 6,732,274,150 : 27%
2021-12-09 04:51:04 : 64,400,000 : 0 : 6,742,104,775 : 27%
2021-12-09 05:11:16 : 64,500,000 : 0 : 6,752,066,475 : 27%
2021-12-09 05:32:24 : 64,600,000 : 0 : 6,762,028,175 : 27%
2021-12-09 05:54:37 : 64,700,000 : 0 : 6,771,989,875 : 27%
2021-12-09 06:18:16 : 64,800,000 : 0 : 6,792,175,425 : 28%
2021-12-09 06:43:09 : 64,900,000 : 0 : 6,802,137,125 : 28%
2021-12-09 07:09:28 : 65,000,000 : 0 : 6,812,360,975 : 28%
2021-12-09 07:36:53 : 65,100,000 : 0 : 6,822,453,750 : 28%
2021-12-09 08:05:36 : 65,200,000 : 0 : 6,832,677,600 : 28%
2021-12-09 08:35:23 : 65,300,000 : 0 : 6,842,901,450 : 28%
2021-12-09 09:06:30 : 65,400,000 : 0 : 6,852,994,225 : 28%
2021-12-09 09:38:01 : 65,500,000 : 0 : 6,863,218,075 : 28%
2021-12-09 10:09:49 : 65,600,000 : 0 : 6,873,441,925 : 28%
2021-12-09 10:41:27 : 65,700,000 : 0 : 6,883,665,775 : 28%
2021-12-09 11:11:05 : 65,800,000 : 0 : 6,893,889,625 : 28%
2021-12-09 11:39:11 : 65,900,000 : 0 : 6,904,244,550 : 28%
2021-12-09 12:05:24 : 66,000,000 : 0 : 6,914,468,400 : 28%
2021-12-09 12:29:12 : 66,100,000 : 0 : 6,924,823,325 : 28%
2021-12-09 12:51:18 : 66,200,000 : 0 : 6,935,047,175 : 28%
2021-12-09 13:12:09 : 66,300,000 : 0 : 6,945,533,175 : 28%
2021-12-09 13:32:03 : 66,400,000 : 0 : 6,955,888,100 : 28%
2021-12-09 13:50:50 : 66,500,000 : 0 : 6,966,374,100 : 28%
2021-12-09 14:08:50 : 66,600,000 : 0 : 6,976,860,100 : 28%
2021-12-09 14:26:17 : 66,700,000 : 0 : 6,987,346,100 : 28%
2021-12-09 14:42:55 : 66,800,000 : 0 : 6,997,701,025 : 28%
2021-12-09 14:58:55 : 66,900,000 : 0 : 7,008,187,025 : 28%
2021-12-09 15:14:47 : 67,000,000 : 0 : 7,018,673,025 : 28%
2021-12-09 15:30:06 : 67,100,000 : 0 : 7,029,159,025 : 29%
2021-12-09 15:45:09 : 67,200,000 : 0 : 7,039,513,950 : 29%
2021-12-09 15:59:45 : 67,300,000 : 0 : 7,049,999,950 : 29%
2021-12-09 16:14:20 : 67,400,000 : 0 : 7,060,485,950 : 29%
2021-12-09 16:28:07 : 67,500,000 : 0 : 7,070,709,800 : 29%
2021-12-09 16:42:03 : 67,600,000 : 0 : 7,091,550,725 : 29%
2021-12-09 16:55:59 : 67,700,000 : 0 : 7,101,905,650 : 29%
2021-12-09 17:09:59 : 67,800,000 : 0 : 7,112,391,650 : 29%
2021-12-09 17:24:05 : 67,900,000 : 0 : 7,122,746,575 : 29%
2021-12-09 17:38:03 : 68,000,000 : 0 : 7,133,101,500 : 29%
2021-12-09 17:51:50 : 68,100,000 : 0 : 7,143,587,500 : 29%
2021-12-09 18:06:00 : 68,200,000 : 0 : 7,153,942,425 : 29%
2021-12-09 18:20:44 : 68,300,000 : 0 : 7,164,428,425 : 29%
2021-12-09 18:35:11 : 68,400,000 : 0 : 7,174,914,425 : 29%
2021-12-09 18:49:26 : 68,500,000 : 0 : 7,185,269,350 : 29%
2021-12-09 19:03:49 : 68,600,000 : 0 : 7,195,755,350 : 29%
2021-12-09 19:18:41 : 68,700,000 : 0 : 7,206,241,350 : 29%
2021-12-09 19:33:17 : 68,800,000 : 0 : 7,216,596,275 : 29%
2021-12-09 19:47:40 : 68,900,000 : 0 : 7,227,082,275 : 29%
2021-12-09 20:01:58 : 69,000,000 : 0 : 7,237,437,200 : 29%
2021-12-09 20:16:27 : 69,100,000 : 0 : 7,247,792,125 : 29%
2021-12-09 20:30:58 : 69,200,000 : 0 : 7,258,147,050 : 29%
2021-12-09 20:45:39 : 69,300,000 : 0 : 7,268,501,975 : 30%
2021-12-09 21:00:25 : 69,400,000 : 0 : 7,278,856,900 : 30%
2021-12-09 21:15:13 : 69,500,000 : 0 : 7,289,211,825 : 30%
2021-12-09 21:29:55 : 69,600,000 : 0 : 7,299,566,750 : 30%
2021-12-09 21:44:50 : 69,700,000 : 0 : 7,309,790,600 : 30%
2021-12-09 21:59:36 : 69,800,000 : 0 : 7,320,145,525 : 30%
2021-12-09 22:14:19 : 69,900,000 : 0 : 7,330,238,300 : 30%
2021-12-09 22:29:22 : 70,000,000 : 0 : 7,340,462,150 : 30%
2021-12-09 22:44:40 : 70,100,000 : 0 : 7,360,909,850 : 30%
2021-12-09 22:59:58 : 70,200,000 : 0 : 7,371,002,625 : 30%
2021-12-09 23:15:28 : 70,300,000 : 0 : 7,381,095,400 : 30%
2021-12-09 23:31:17 : 70,400,000 : 0 : 7,391,319,250 : 30%
2021-12-09 23:47:08 : 70,500,000 : 0 : 7,401,412,025 : 30%
2021-12-10 00:03:02 : 70,600,000 : 0 : 7,411,373,725 : 30%
2021-12-10 00:19:23 : 70,700,000 : 0 : 7,421,335,425 : 30%
2021-12-10 00:35:35 : 70,800,000 : 0 : 7,431,297,125 : 30%
2021-12-10 00:52:14 : 70,900,000 : 0 : 7,441,127,750 : 30%
2021-12-10 01:08:42 : 71,000,000 : 0 : 7,450,958,375 : 30%
2021-12-10 01:25:17 : 71,100,000 : 0 : 7,460,526,850 : 30%
2021-12-10 01:41:37 : 71,200,000 : 0 : 7,470,226,400 : 30%
2021-12-10 01:57:48 : 71,300,000 : 0 : 7,479,794,875 : 30%
2021-12-10 02:13:56 : 71,400,000 : 0 : 7,489,232,275 : 30%
2021-12-10 02:29:29 : 71,500,000 : 0 : 7,498,669,675 : 30%
2021-12-10 02:45:23 : 71,600,000 : 0 : 7,508,107,075 : 30%
2021-12-10 03:01:17 : 71,700,000 : 0 : 7,517,675,550 : 31%
2021-12-10 03:17:28 : 71,800,000 : 0 : 7,527,112,950 : 31%
2021-12-10 03:33:36 : 71,900,000 : 0 : 7,536,681,425 : 31%
2021-12-10 03:50:08 : 72,000,000 : 0 : 7,546,118,825 : 31%
2021-12-10 04:07:04 : 72,100,000 : 0 : 7,555,556,225 : 31%
2021-12-10 04:24:08 : 72,200,000 : 0 : 7,564,993,625 : 31%
2021-12-10 04:41:46 : 72,300,000 : 0 : 7,574,562,100 : 31%
2021-12-10 05:00:09 : 72,400,000 : 0 : 7,584,261,650 : 31%
2021-12-10 05:19:41 : 72,500,000 : 0 : 7,593,961,200 : 31%
2021-12-10 05:40:23 : 72,600,000 : 0 : 7,603,660,750 : 31%
2021-12-10 06:01:50 : 72,700,000 : 0 : 7,613,360,300 : 31%
2021-12-10 06:23:41 : 72,800,000 : 0 : 7,622,928,775 : 31%
2021-12-10 06:46:46 : 72,900,000 : 0 : 7,632,628,325 : 31%
2021-12-10 07:10:49 : 73,000,000 : 0 : 7,642,327,875 : 31%
2021-12-10 07:36:20 : 73,100,000 : 0 : 7,652,158,500 : 31%
2021-12-10 08:04:01 : 73,200,000 : 0 : 7,662,120,200 : 31%
2021-12-10 08:32:51 : 73,300,000 : 0 : 7,672,212,975 : 31%
2021-12-10 09:03:34 : 73,400,000 : 0 : 7,692,267,450 : 31%
2021-12-10 09:34:35 : 73,500,000 : 0 : 7,702,360,225 : 31%
2021-12-10 10:05:31 : 73,600,000 : 0 : 7,712,190,850 : 31%
2021-12-10 10:36:16 : 73,700,000 : 0 : 7,722,283,625 : 31%
2021-12-10 11:05:55 : 73,800,000 : 0 : 7,732,245,325 : 31%
2021-12-10 11:33:58 : 73,900,000 : 0 : 7,742,338,100 : 31%
2021-12-10 12:00:09 : 74,000,000 : 0 : 7,752,430,875 : 31%
2021-12-10 12:24:14 : 74,100,000 : 0 : 7,762,654,725 : 32%
2021-12-10 12:46:44 : 74,200,000 : 0 : 7,772,878,575 : 32%
2021-12-10 13:08:07 : 74,300,000 : 0 : 7,783,233,500 : 32%
2021-12-10 13:28:08 : 74,400,000 : 0 : 7,793,457,350 : 32%
2021-12-10 13:46:49 : 74,500,000 : 0 : 7,803,812,275 : 32%
2021-12-10 14:04:40 : 74,600,000 : 0 : 7,814,167,200 : 32%
2021-12-10 14:21:49 : 74,700,000 : 0 : 7,824,522,125 : 32%
2021-12-10 14:38:31 : 74,800,000 : 0 : 7,834,877,050 : 32%
2021-12-10 14:54:48 : 74,900,000 : 0 : 7,845,231,975 : 32%
2021-12-10 15:10:48 : 75,000,000 : 0 : 7,855,586,900 : 32%
2021-12-10 15:26:28 : 75,100,000 : 0 : 7,866,072,900 : 32%
2021-12-10 15:41:55 : 75,200,000 : 0 : 7,876,558,900 : 32%
2021-12-10 15:57:00 : 75,300,000 : 0 : 7,887,044,900 : 32%
2021-12-10 16:11:55 : 75,400,000 : 0 : 7,897,399,825 : 32%
2021-12-10 16:26:34 : 75,500,000 : 0 : 7,907,885,825 : 32%
2021-12-10 16:41:11 : 75,600,000 : 0 : 7,918,371,825 : 32%
2021-12-10 16:55:37 : 75,700,000 : 0 : 7,928,726,750 : 32%
2021-12-10 17:10:04 : 75,800,000 : 0 : 7,939,081,675 : 32%
2021-12-10 17:24:29 : 75,900,000 : 0 : 7,949,567,675 : 32%
2021-12-10 17:39:00 : 76,000,000 : 0 : 7,959,922,600 : 32%
2021-12-10 17:53:19 : 76,100,000 : 0 : 7,970,277,525 : 32%
2021-12-10 18:07:37 : 76,200,000 : 0 : 7,990,987,375 : 32%
2021-12-10 18:22:10 : 76,300,000 : 0 : 8,001,342,300 : 32%
2021-12-10 18:36:47 : 76,400,000 : 0 : 8,011,697,225 : 33%
2021-12-10 18:51:25 : 76,500,000 : 0 : 8,022,052,150 : 33%
2021-12-10 19:05:57 : 76,600,000 : 0 : 8,032,407,075 : 33%
2021-12-10 19:20:53 : 76,700,000 : 0 : 8,042,630,925 : 33%
2021-12-10 19:35:46 : 76,800,000 : 0 : 8,052,985,850 : 33%
2021-12-10 19:50:39 : 76,900,000 : 0 : 8,063,209,700 : 33%
2021-12-10 20:05:29 : 77,000,000 : 0 : 8,073,433,550 : 33%
2021-12-10 20:20:27 : 77,100,000 : 0 : 8,083,657,400 : 33%
2021-12-10 20:35:07 : 77,200,000 : 0 : 8,093,881,250 : 33%
2021-12-10 20:49:58 : 77,300,000 : 0 : 8,104,105,100 : 33%
2021-12-10 21:04:42 : 77,400,000 : 0 : 8,114,328,950 : 33%
2021-12-10 21:19:46 : 77,500,000 : 0 : 8,124,421,725 : 33%
2021-12-10 21:34:49 : 77,600,000 : 0 : 8,134,645,575 : 33%
2021-12-10 21:50:10 : 77,700,000 : 0 : 8,144,869,425 : 33%
2021-12-10 22:05:27 : 77,800,000 : 0 : 8,154,962,200 : 33%
2021-12-10 22:21:06 : 77,900,000 : 0 : 8,165,186,050 : 33%
2021-12-10 22:37:02 : 78,000,000 : 0 : 8,175,409,900 : 33%
2021-12-10 22:52:48 : 78,100,000 : 0 : 8,185,371,600 : 33%
2021-12-10 23:09:12 : 78,200,000 : 0 : 8,195,464,375 : 33%
2021-12-10 23:25:38 : 78,300,000 : 0 : 8,205,557,150 : 33%
2021-12-10 23:42:28 : 78,400,000 : 0 : 8,215,649,925 : 33%
2021-12-10 23:59:17 : 78,500,000 : 0 : 8,225,611,625 : 33%
2021-12-11 00:16:20 : 78,600,000 : 0 : 8,235,704,400 : 33%
2021-12-11 00:33:23 : 78,700,000 : 0 : 8,245,535,025 : 33%
2021-12-11 00:50:30 : 78,800,000 : 0 : 8,255,496,725 : 34%
2021-12-11 01:07:56 : 78,900,000 : 0 : 8,265,327,350 : 34%
2021-12-11 01:25:17 : 79,000,000 : 0 : 8,284,857,525 : 34%
2021-12-11 01:42:53 : 79,100,000 : 0 : 8,294,557,075 : 34%
2021-12-11 02:00:29 : 79,200,000 : 0 : 8,304,387,700 : 34%
2021-12-11 02:18:04 : 79,300,000 : 0 : 8,314,087,250 : 34%
2021-12-11 02:35:40 : 79,400,000 : 0 : 8,323,655,725 : 34%
2021-12-11 02:53:21 : 79,500,000 : 0 : 8,333,355,275 : 34%
2021-12-11 03:11:30 : 79,600,000 : 0 : 8,342,923,750 : 34%
2021-12-11 03:29:50 : 79,700,000 : 0 : 8,352,623,300 : 34%
2021-12-11 03:48:31 : 79,800,000 : 0 : 8,362,322,850 : 34%
2021-12-11 04:07:49 : 79,900,000 : 0 : 8,372,022,400 : 34%
2021-12-11 04:27:42 : 80,000,000 : 0 : 8,381,590,875 : 34%
2021-12-11 04:47:57 : 80,100,000 : 0 : 8,391,290,425 : 34%
2021-12-11 05:09:02 : 80,200,000 : 0 : 8,400,989,975 : 34%
2021-12-11 05:31:06 : 80,300,000 : 0 : 8,410,558,450 : 34%
2021-12-11 05:54:01 : 80,400,000 : 0 : 8,420,258,000 : 34%
2021-12-11 06:18:13 : 80,500,000 : 0 : 8,430,088,625 : 34%
2021-12-11 06:43:32 : 80,600,000 : 0 : 8,439,919,250 : 34%
2021-12-11 07:10:37 : 80,700,000 : 0 : 8,449,618,800 : 34%
2021-12-11 07:39:04 : 80,800,000 : 0 : 8,459,449,425 : 34%
2021-12-11 08:08:06 : 80,900,000 : 0 : 8,469,280,050 : 34%
2021-12-11 08:37:53 : 81,000,000 : 0 : 8,478,979,600 : 34%
2021-12-11 09:09:07 : 81,100,000 : 0 : 8,488,941,300 : 34%
2021-12-11 09:40:38 : 81,200,000 : 0 : 8,498,640,850 : 35%
2021-12-11 10:11:20 : 81,300,000 : 0 : 8,508,340,400 : 35%
2021-12-11 10:41:56 : 81,400,000 : 0 : 8,517,908,875 : 35%
2021-12-11 11:11:53 : 81,500,000 : 0 : 8,527,608,425 : 35%
2021-12-11 11:40:46 : 81,600,000 : 0 : 8,537,307,975 : 35%
2021-12-11 12:08:20 : 81,700,000 : 0 : 8,547,007,525 : 35%
2021-12-11 12:34:35 : 81,800,000 : 0 : 8,556,838,150 : 35%
2021-12-11 12:58:51 : 81,900,000 : 0 : 8,566,668,775 : 35%
2021-12-11 13:21:25 : 82,000,000 : 0 : 8,576,368,325 : 35%
2021-12-11 13:42:18 : 82,100,000 : 0 : 8,586,067,875 : 35%
2021-12-11 14:02:05 : 82,200,000 : 0 : 8,595,767,425 : 35%
2021-12-11 14:20:41 : 82,300,000 : 0 : 8,605,466,975 : 35%
2021-12-11 14:39:18 : 82,400,000 : 0 : 8,615,428,675 : 35%
2021-12-11 14:57:27 : 82,500,000 : 0 : 8,625,521,450 : 35%
2021-12-11 15:15:15 : 82,600,000 : 0 : 8,635,614,225 : 35%
2021-12-11 15:32:01 : 82,700,000 : 0 : 8,655,537,625 : 35%
2021-12-11 15:48:16 : 82,800,000 : 0 : 8,665,630,400 : 35%
2021-12-11 16:04:09 : 82,900,000 : 0 : 8,675,723,175 : 35%
2021-12-11 16:20:15 : 83,000,000 : 0 : 8,685,684,875 : 35%
2021-12-11 16:35:45 : 83,100,000 : 0 : 8,695,777,650 : 35%
2021-12-11 16:50:52 : 83,200,000 : 0 : 8,705,739,350 : 35%
2021-12-11 17:05:48 : 83,300,000 : 0 : 8,715,963,200 : 35%
2021-12-11 17:21:19 : 83,400,000 : 0 : 8,726,055,975 : 35%
2021-12-11 17:36:45 : 83,500,000 : 0 : 8,736,148,750 : 35%
2021-12-11 17:52:06 : 83,600,000 : 0 : 8,746,241,525 : 36%
2021-12-11 18:07:15 : 83,700,000 : 0 : 8,756,334,300 : 36%
2021-12-11 18:22:24 : 83,800,000 : 0 : 8,766,296,000 : 36%
2021-12-11 18:37:28 : 83,900,000 : 0 : 8,776,257,700 : 36%
2021-12-11 18:53:01 : 84,000,000 : 0 : 8,786,350,475 : 36%
2021-12-11 19:08:21 : 84,100,000 : 0 : 8,796,312,175 : 36%
2021-12-11 19:24:03 : 84,200,000 : 0 : 8,806,404,950 : 36%
2021-12-11 19:39:56 : 84,300,000 : 0 : 8,816,497,725 : 36%
2021-12-11 19:56:07 : 84,400,000 : 0 : 8,826,590,500 : 36%
2021-12-11 20:12:13 : 84,500,000 : 0 : 8,836,683,275 : 36%
2021-12-11 20:28:26 : 84,600,000 : 0 : 8,846,776,050 : 36%
2021-12-11 20:44:44 : 84,700,000 : 0 : 8,856,868,825 : 36%
2021-12-11 21:01:06 : 84,800,000 : 0 : 8,866,830,525 : 36%
2021-12-11 21:17:34 : 84,900,000 : 0 : 8,876,923,300 : 36%
2021-12-11 21:33:50 : 85,000,000 : 0 : 8,887,016,075 : 36%
2021-12-11 21:50:04 : 85,100,000 : 0 : 8,896,977,775 : 36%
2021-12-11 22:06:38 : 85,200,000 : 0 : 8,906,939,475 : 36%
2021-12-11 22:23:01 : 85,300,000 : 0 : 8,916,901,175 : 36%
2021-12-11 22:39:30 : 85,400,000 : 0 : 8,926,862,875 : 36%
2021-12-11 22:55:55 : 85,500,000 : 0 : 8,936,693,500 : 36%
2021-12-11 23:12:34 : 85,600,000 : 0 : 8,946,524,125 : 36%
2021-12-11 23:29:01 : 85,700,000 : 0 : 8,966,316,450 : 36%
2021-12-11 23:45:57 : 85,800,000 : 0 : 8,976,147,075 : 36%
2021-12-12 00:02:59 : 85,900,000 : 0 : 8,986,108,775 : 36%
2021-12-12 00:20:32 : 86,000,000 : 0 : 8,996,070,475 : 37%
2021-12-12 00:38:20 : 86,100,000 : 0 : 9,005,901,100 : 37%
2021-12-12 00:56:02 : 86,200,000 : 0 : 9,015,862,800 : 37%
2021-12-12 01:14:17 : 86,300,000 : 0 : 9,025,693,425 : 37%
2021-12-12 01:32:19 : 86,400,000 : 0 : 9,035,655,125 : 37%
2021-12-12 01:50:29 : 86,500,000 : 0 : 9,045,354,675 : 37%
2021-12-12 02:08:28 : 86,600,000 : 0 : 9,055,054,225 : 37%
2021-12-12 02:26:35 : 86,700,000 : 0 : 9,064,753,775 : 37%
2021-12-12 02:44:50 : 86,800,000 : 0 : 9,074,584,400 : 37%
2021-12-12 03:03:30 : 86,900,000 : 0 : 9,084,283,950 : 37%
2021-12-12 03:22:15 : 87,000,000 : 0 : 9,093,983,500 : 37%
2021-12-12 03:40:54 : 87,100,000 : 0 : 9,103,683,050 : 37%
2021-12-12 03:59:35 : 87,200,000 : 0 : 9,113,251,525 : 37%
2021-12-12 04:18:44 : 87,300,000 : 0 : 9,122,820,000 : 37%
2021-12-12 04:38:30 : 87,400,000 : 0 : 9,132,519,550 : 37%
2021-12-12 04:58:43 : 87,500,000 : 0 : 9,141,956,950 : 37%
2021-12-12 05:17:49 : 87,600,000 : 0 : 9,151,525,425 : 37%
2021-12-12 05:39:01 : 87,700,000 : 0 : 9,160,962,825 : 37%
2021-12-12 05:59:53 : 87,800,000 : 0 : 9,170,662,375 : 37%
2021-12-12 06:22:56 : 87,900,000 : 0 : 9,180,493,000 : 37%
2021-12-12 06:48:14 : 88,000,000 : 0 : 9,190,454,700 : 37%
2021-12-12 07:14:58 : 88,100,000 : 0 : 9,200,285,325 : 37%
2021-12-12 07:42:59 : 88,200,000 : 0 : 9,210,115,950 : 37%
2021-12-12 08:11:43 : 88,300,000 : 0 : 9,220,077,650 : 37%
2021-12-12 08:41:31 : 88,400,000 : 0 : 9,230,039,350 : 37%
2021-12-12 09:11:50 : 88,500,000 : 0 : 9,239,869,975 : 38%
2021-12-12 09:42:52 : 88,600,000 : 0 : 9,249,831,675 : 38%
2021-12-12 10:14:11 : 88,700,000 : 0 : 9,259,793,375 : 38%
2021-12-12 10:45:56 : 88,800,000 : 0 : 9,269,755,075 : 38%
2021-12-12 11:17:18 : 88,900,000 : 0 : 9,279,716,775 : 38%
2021-12-12 11:47:29 : 89,000,000 : 0 : 9,289,547,400 : 38%
2021-12-12 12:16:26 : 89,100,000 : 0 : 9,299,509,100 : 38%
2021-12-12 12:43:26 : 89,200,000 : 0 : 9,319,170,350 : 38%
2021-12-12 13:07:29 : 89,300,000 : 0 : 9,328,607,750 : 38%
2021-12-12 13:27:46 : 89,400,000 : 0 : 9,338,045,150 : 38%
2021-12-12 13:47:18 : 89,500,000 : 0 : 9,347,482,550 : 38%
2021-12-12 14:06:12 : 89,600,000 : 0 : 9,357,182,100 : 38%
2021-12-12 14:24:29 : 89,700,000 : 0 : 9,366,226,275 : 38%
2021-12-12 14:39:49 : 89,800,000 : 0 : 9,375,270,450 : 38%
2021-12-12 14:54:48 : 89,900,000 : 0 : 9,384,707,850 : 38%
2021-12-12 15:09:59 : 90,000,000 : 0 : 9,394,538,475 : 38%
2021-12-12 15:25:17 : 90,100,000 : 0 : 9,404,369,100 : 38%
2021-12-12 15:40:33 : 90,200,000 : 0 : 9,414,330,800 : 38%
2021-12-12 15:55:31 : 90,300,000 : 0 : 9,424,292,500 : 38%
2021-12-12 16:10:41 : 90,400,000 : 0 : 9,434,385,275 : 38%
2021-12-12 16:25:49 : 90,500,000 : 0 : 9,444,478,050 : 38%
2021-12-12 16:40:34 : 90,600,000 : 0 : 9,454,439,750 : 38%
2021-12-12 16:55:17 : 90,700,000 : 0 : 9,464,532,525 : 38%
2021-12-12 17:09:47 : 90,800,000 : 0 : 9,474,625,300 : 38%
2021-12-12 17:24:07 : 90,900,000 : 0 : 9,484,587,000 : 39%
2021-12-12 17:38:22 : 91,000,000 : 0 : 9,494,417,625 : 39%
2021-12-12 17:52:37 : 91,100,000 : 0 : 9,504,379,325 : 39%
2021-12-12 18:06:44 : 91,200,000 : 0 : 9,514,341,025 : 39%
2021-12-12 18:20:49 : 91,300,000 : 0 : 9,524,302,725 : 39%
2021-12-12 18:34:49 : 91,400,000 : 0 : 9,534,264,425 : 39%
2021-12-12 18:48:40 : 91,500,000 : 0 : 9,544,095,050 : 39%
2021-12-12 19:02:27 : 91,600,000 : 0 : 9,553,794,600 : 39%
2021-12-12 19:15:55 : 91,700,000 : 0 : 9,573,455,850 : 39%
2021-12-12 19:29:36 : 91,800,000 : 0 : 9,583,417,550 : 39%
2021-12-12 19:43:47 : 91,900,000 : 0 : 9,593,379,250 : 39%
2021-12-12 19:58:08 : 92,000,000 : 0 : 9,603,472,025 : 39%
2021-12-12 20:12:50 : 92,100,000 : 0 : 9,613,433,725 : 39%
2021-12-12 20:27:55 : 92,200,000 : 0 : 9,623,395,425 : 39%
2021-12-12 20:42:30 : 92,300,000 : 0 : 9,633,357,125 : 39%
2021-12-12 20:57:01 : 92,400,000 : 0 : 9,643,187,750 : 39%
2021-12-12 21:11:26 : 92,500,000 : 0 : 9,653,018,375 : 39%
2021-12-12 21:25:51 : 92,600,000 : 0 : 9,662,980,075 : 39%
2021-12-12 21:40:42 : 92,700,000 : 0 : 9,672,941,775 : 39%
2021-12-12 21:55:50 : 92,800,000 : 0 : 9,683,034,550 : 39%
2021-12-12 22:11:11 : 92,900,000 : 0 : 9,692,996,250 : 39%
2021-12-12 22:26:38 : 93,000,000 : 0 : 9,703,089,025 : 39%
2021-12-12 22:42:11 : 93,100,000 : 0 : 9,713,050,725 : 39%
2021-12-12 22:57:36 : 93,200,000 : 0 : 9,723,143,500 : 39%
2021-12-12 23:13:27 : 93,300,000 : 0 : 9,733,105,200 : 40%
2021-12-12 23:29:22 : 93,400,000 : 0 : 9,743,066,900 : 40%
2021-12-12 23:45:40 : 93,500,000 : 0 : 9,753,159,675 : 40%
2021-12-13 00:02:06 : 93,600,000 : 0 : 9,763,121,375 : 40%
2021-12-13 00:18:38 : 93,700,000 : 0 : 9,773,083,075 : 40%
2021-12-13 00:35:02 : 93,800,000 : 0 : 9,782,913,700 : 40%
2021-12-13 00:51:26 : 93,900,000 : 0 : 9,792,744,325 : 40%
2021-12-13 01:07:25 : 94,000,000 : 0 : 9,802,574,950 : 40%
2021-12-13 01:24:11 : 94,100,000 : 0 : 9,812,536,650 : 40%
2021-12-13 01:41:03 : 94,200,000 : 0 : 9,822,498,350 : 40%
2021-12-13 01:57:49 : 94,300,000 : 0 : 9,832,328,975 : 40%
2021-12-13 02:14:26 : 94,400,000 : 0 : 9,851,990,225 : 40%
2021-12-13 02:30:34 : 94,500,000 : 0 : 9,861,689,775 : 40%
2021-12-13 02:46:55 : 94,600,000 : 0 : 9,871,520,400 : 40%
2021-12-13 03:03:33 : 94,700,000 : 0 : 9,881,351,025 : 40%
2021-12-13 03:20:31 : 94,800,000 : 0 : 9,891,181,650 : 40%
2021-12-13 03:37:18 : 94,900,000 : 0 : 9,901,012,275 : 40%
2021-12-13 03:54:35 : 95,000,000 : 0 : 9,910,711,825 : 40%
2021-12-13 04:11:55 : 95,100,000 : 0 : 9,920,542,450 : 40%
2021-12-13 04:30:10 : 95,200,000 : 0 : 9,930,373,075 : 40%
2021-12-13 04:49:06 : 95,300,000 : 0 : 9,940,334,775 : 40%
2021-12-13 05:09:34 : 95,400,000 : 0 : 9,950,427,550 : 40%
2021-12-13 05:31:11 : 95,500,000 : 0 : 9,960,389,250 : 40%
2021-12-13 05:53:32 : 95,600,000 : 0 : 9,970,482,025 : 40%
2021-12-13 06:17:12 : 95,700,000 : 0 : 9,980,574,800 : 41%
2021-12-13 06:41:53 : 95,800,000 : 0 : 9,990,536,500 : 41%
2021-12-13 07:08:07 : 95,900,000 : 0 : 10,000,629,275 : 41%
2021-12-13 07:35:51 : 96,000,000 : 0 : 10,010,722,050 : 41%
2021-12-13 08:04:41 : 96,100,000 : 0 : 10,020,814,825 : 41%
2021-12-13 08:34:57 : 96,200,000 : 0 : 10,031,038,675 : 41%
2021-12-13 09:05:51 : 96,300,000 : 0 : 10,041,000,375 : 41%
2021-12-13 09:37:24 : 96,400,000 : 0 : 10,051,224,225 : 41%
2021-12-13 10:09:17 : 96,500,000 : 0 : 10,061,317,000 : 41%
2021-12-13 10:40:23 : 96,600,000 : 0 : 10,071,409,775 : 41%
2021-12-13 11:10:30 : 96,700,000 : 0 : 10,081,502,550 : 41%
2021-12-13 11:38:08 : 96,800,000 : 0 : 10,091,595,325 : 41%
2021-12-13 12:04:31 : 96,900,000 : 0 : 10,101,819,175 : 41%
2021-12-13 12:29:06 : 97,000,000 : 0 : 10,112,043,025 : 41%
2021-12-13 12:51:28 : 97,100,000 : 0 : 10,122,135,800 : 41%
2021-12-13 13:12:19 : 97,200,000 : 0 : 10,132,359,650 : 41%
2021-12-13 13:32:12 : 97,300,000 : 0 : 10,152,807,350 : 41%
2021-12-13 13:51:23 : 97,400,000 : 0 : 10,163,162,275 : 41%
2021-12-13 14:09:48 : 97,500,000 : 0 : 10,173,255,050 : 41%
2021-12-13 14:26:29 : 97,600,000 : 0 : 10,183,609,975 : 41%
2021-12-13 14:43:19 : 97,700,000 : 0 : 10,193,964,900 : 41%
2021-12-13 14:59:31 : 97,800,000 : 0 : 10,204,450,900 : 41%
2021-12-13 15:15:38 : 97,900,000 : 0 : 10,214,805,825 : 41%
2021-12-13 15:31:06 : 98,000,000 : 0 : 10,225,160,750 : 42%
2021-12-13 15:46:21 : 98,100,000 : 0 : 10,235,646,750 : 42%
2021-12-13 16:01:19 : 98,200,000 : 0 : 10,246,132,750 : 42%
2021-12-13 16:16:10 : 98,300,000 : 0 : 10,256,618,750 : 42%
2021-12-13 16:30:37 : 98,400,000 : 0 : 10,266,973,675 : 42%
2021-12-13 16:45:00 : 98,500,000 : 0 : 10,277,459,675 : 42%
2021-12-13 16:59:08 : 98,600,000 : 0 : 10,287,814,600 : 42%
2021-12-13 17:13:31 : 98,700,000 : 0 : 10,298,300,600 : 42%
2021-12-13 17:28:05 : 98,800,000 : 0 : 10,308,786,600 : 42%
2021-12-13 17:42:27 : 98,900,000 : 0 : 10,319,272,600 : 42%
2021-12-13 17:56:42 : 99,000,000 : 0 : 10,329,889,675 : 42%
2021-12-13 18:11:11 : 99,100,000 : 0 : 10,340,244,600 : 42%
2021-12-13 18:25:39 : 99,200,000 : 0 : 10,350,730,600 : 42%
2021-12-13 18:40:12 : 99,300,000 : 0 : 10,361,216,600 : 42%
2021-12-13 18:54:34 : 99,400,000 : 0 : 10,371,702,600 : 42%
2021-12-13 19:09:03 : 99,500,000 : 0 : 10,382,188,600 : 42%
2021-12-13 19:23:46 : 99,600,000 : 0 : 10,392,674,600 : 42%
2021-12-13 19:38:20 : 99,700,000 : 0 : 10,413,777,675 : 42%
2021-12-13 19:52:52 : 99,800,000 : 0 : 10,424,263,675 : 42%
2021-12-13 20:07:24 : 99,900,000 : 0 : 10,434,749,675 : 42%
2021-12-13 20:22:26 : 100,000,000 : 0 : 10,445,235,675 : 42%
2021-12-13 20:37:45 : 100,100,000 : 0 : 10,455,852,750 : 42%
2021-12-13 20:53:25 : 100,200,000 : 0 : 10,466,207,675 : 42%
2021-12-13 21:08:09 : 100,300,000 : 0 : 10,476,693,675 : 43%
2021-12-13 21:22:59 : 100,400,000 : 0 : 10,487,179,675 : 43%
2021-12-13 21:37:47 : 100,500,000 : 0 : 10,497,534,600 : 43%
2021-12-13 21:52:49 : 100,600,000 : 0 : 10,508,020,600 : 43%
2021-12-13 22:07:58 : 100,700,000 : 0 : 10,518,506,600 : 43%
2021-12-13 22:23:08 : 100,800,000 : 0 : 10,528,861,525 : 43%
2021-12-13 22:38:16 : 100,900,000 : 0 : 10,539,216,450 : 43%
2021-12-13 22:53:39 : 101,000,000 : 0 : 10,549,702,450 : 43%
2021-12-13 23:08:58 : 101,100,000 : 0 : 10,559,926,300 : 43%
2021-12-13 23:24:40 : 101,200,000 : 0 : 10,570,412,300 : 43%
2021-12-13 23:40:29 : 101,300,000 : 0 : 10,580,636,150 : 43%
2021-12-13 23:56:28 : 101,400,000 : 0 : 10,591,122,150 : 43%
2021-12-14 00:19:04 : 101,500,000 : 0 : 10,601,214,925 : 43%
2021-12-14 00:36:49 : 101,600,000 : 0 : 10,611,438,775 : 43%
2021-12-14 00:53:34 : 101,700,000 : 0 : 10,621,531,550 : 43%
2021-12-14 01:10:14 : 101,800,000 : 0 : 10,631,755,400 : 43%
2021-12-14 01:26:48 : 101,900,000 : 0 : 10,641,848,175 : 43%
2021-12-14 01:43:26 : 102,000,000 : 0 : 10,651,809,875 : 43%
2021-12-14 02:00:01 : 102,100,000 : 0 : 10,671,864,350 : 43%
2021-12-14 02:16:23 : 102,200,000 : 0 : 10,681,826,050 : 43%
2021-12-14 02:32:30 : 102,300,000 : 0 : 10,691,656,675 : 43%
2021-12-14 02:48:42 : 102,400,000 : 0 : 10,701,618,375 : 43%
2021-12-14 03:04:59 : 102,500,000 : 0 : 10,711,580,075 : 43%
2021-12-14 03:21:46 : 102,600,000 : 0 : 10,721,410,700 : 44%
2021-12-14 03:38:43 : 102,700,000 : 0 : 10,731,241,325 : 44%
2021-12-14 03:55:57 : 102,800,000 : 0 : 10,741,071,950 : 44%
2021-12-14 04:13:25 : 102,900,000 : 0 : 10,750,902,575 : 44%
2021-12-14 04:31:11 : 103,000,000 : 0 : 10,760,864,275 : 44%
2021-12-14 04:50:01 : 103,100,000 : 0 : 10,770,825,975 : 44%
2021-12-14 05:09:51 : 103,200,000 : 0 : 10,780,787,675 : 44%
2021-12-14 05:31:07 : 103,300,000 : 0 : 10,790,880,450 : 44%
2021-12-14 05:53:20 : 103,400,000 : 0 : 10,800,842,150 : 44%
2021-12-14 06:16:51 : 103,500,000 : 0 : 10,810,934,925 : 44%
2021-12-14 06:41:30 : 103,600,000 : 0 : 10,821,027,700 : 44%
2021-12-14 07:07:07 : 103,700,000 : 0 : 10,831,120,475 : 44%
2021-12-14 07:33:57 : 103,800,000 : 0 : 10,841,213,250 : 44%
2021-12-14 08:01:24 : 103,900,000 : 0 : 10,851,306,025 : 44%
2021-12-14 08:30:09 : 104,000,000 : 0 : 10,861,398,800 : 44%
2021-12-14 09:00:10 : 104,100,000 : 0 : 10,871,491,575 : 44%
2021-12-14 09:31:15 : 104,200,000 : 0 : 10,881,846,500 : 44%
2021-12-14 10:02:37 : 104,300,000 : 0 : 10,892,070,350 : 44%
2021-12-14 10:33:27 : 104,400,000 : 0 : 10,902,294,200 : 44%
2021-12-14 11:03:09 : 104,500,000 : 0 : 10,912,386,975 : 44%
2021-12-14 11:30:58 : 104,600,000 : 0 : 10,922,610,825 : 44%
2021-12-14 11:56:46 : 104,700,000 : 0 : 10,932,703,600 : 44%
2021-12-14 12:20:39 : 104,800,000 : 0 : 10,942,927,450 : 44%
2021-12-14 12:42:49 : 104,900,000 : 0 : 10,953,151,300 : 44%
2021-12-14 13:03:36 : 105,000,000 : 0 : 10,963,506,225 : 45%
2021-12-14 13:23:07 : 105,100,000 : 0 : 10,983,953,925 : 45%
2021-12-14 13:41:46 : 105,200,000 : 0 : 10,994,308,850 : 45%
2021-12-14 13:59:40 : 105,300,000 : 0 : 11,004,663,775 : 45%
2021-12-14 14:16:47 : 105,400,000 : 0 : 11,015,149,775 : 45%
2021-12-14 14:36:18 : 105,500,000 : 0 : 11,025,504,700 : 45%
2021-12-14 14:52:32 : 105,600,000 : 0 : 11,035,859,625 : 45%
2021-12-14 15:08:16 : 105,700,000 : 0 : 11,046,345,625 : 45%
2021-12-14 15:23:44 : 105,800,000 : 0 : 11,056,831,625 : 45%
2021-12-14 15:38:46 : 105,900,000 : 0 : 11,067,317,625 : 45%
2021-12-14 15:53:15 : 106,000,000 : 0 : 11,077,803,625 : 45%
2021-12-14 16:07:41 : 106,100,000 : 0 : 11,088,289,625 : 45%
2021-12-14 16:21:57 : 106,200,000 : 0 : 11,098,775,625 : 45%
2021-12-14 16:36:15 : 106,300,000 : 0 : 11,109,261,625 : 45%
2021-12-14 16:50:15 : 106,400,000 : 0 : 11,119,747,625 : 45%
2021-12-14 17:04:11 : 106,500,000 : 0 : 11,130,233,625 : 45%
2021-12-14 17:18:17 : 106,600,000 : 0 : 11,140,719,625 : 45%
2021-12-14 17:32:10 : 106,700,000 : 0 : 11,151,205,625 : 45%
2021-12-14 17:46:22 : 106,800,000 : 0 : 11,161,691,625 : 45%
2021-12-14 18:00:17 : 106,900,000 : 0 : 11,172,177,625 : 45%
2021-12-14 18:14:36 : 107,000,000 : 0 : 11,182,663,625 : 45%
2021-12-14 18:28:53 : 107,100,000 : 0 : 11,193,149,625 : 45%
2021-12-14 18:43:08 : 107,200,000 : 0 : 11,203,504,550 : 45%
2021-12-14 18:57:21 : 107,300,000 : 0 : 11,213,990,550 : 46%
2021-12-14 19:11:36 : 107,400,000 : 0 : 11,224,476,550 : 46%
2021-12-14 19:25:50 : 107,500,000 : 0 : 11,245,317,475 : 46%
2021-12-14 19:40:01 : 107,600,000 : 0 : 11,255,803,475 : 46%
2021-12-14 19:54:09 : 107,700,000 : 0 : 11,266,289,475 : 46%
2021-12-14 20:08:21 : 107,800,000 : 0 : 11,276,644,400 : 46%
2021-12-14 20:22:32 : 107,900,000 : 0 : 11,287,130,400 : 46%
2021-12-14 20:37:14 : 108,000,000 : 0 : 11,297,616,400 : 46%
2021-12-14 20:52:03 : 108,100,000 : 0 : 11,308,102,400 : 46%
2021-12-14 21:07:23 : 108,200,000 : 0 : 11,318,588,400 : 46%
2021-12-14 21:22:41 : 108,300,000 : 0 : 11,328,812,250 : 46%
2021-12-14 21:37:40 : 108,400,000 : 0 : 11,339,167,175 : 46%
2021-12-14 21:52:40 : 108,500,000 : 0 : 11,349,522,100 : 46%
2021-12-14 22:08:00 : 108,600,000 : 0 : 11,359,877,025 : 46%
2021-12-14 22:23:35 : 108,700,000 : 0 : 11,370,231,950 : 46%
2021-12-14 22:39:11 : 108,800,000 : 0 : 11,380,586,875 : 46%
2021-12-14 22:55:02 : 108,900,000 : 0 : 11,390,941,800 : 46%
2021-12-14 23:11:14 : 109,000,000 : 0 : 11,401,296,725 : 46%
2021-12-14 23:27:35 : 109,100,000 : 0 : 11,411,520,575 : 46%
2021-12-14 23:44:14 : 109,200,000 : 0 : 11,421,875,500 : 46%
2021-12-15 00:00:57 : 109,300,000 : 0 : 11,432,099,350 : 46%
2021-12-15 00:18:02 : 109,400,000 : 0 : 11,442,454,275 : 46%
Decoding error with 134,217,728 bytes, reading another chunk
2021-12-15 00:35:00 : 109,500,000 : 0 : 11,462,770,900 : 47%
2021-12-15 00:52:00 : 109,600,000 : 0 : 11,462,770,900 : 47%
2021-12-15 01:09:04 : 109,700,000 : 0 : 11,472,863,675 : 47%
2021-12-15 01:26:05 : 109,800,000 : 0 : 11,483,087,525 : 47%
2021-12-15 01:43:03 : 109,900,000 : 0 : 11,493,180,300 : 47%
2021-12-15 01:59:49 : 110,000,000 : 0 : 11,503,142,000 : 47%
2021-12-15 02:16:40 : 110,100,000 : 0 : 11,513,103,700 : 47%
2021-12-15 02:33:23 : 110,200,000 : 0 : 11,533,027,100 : 47%
2021-12-15 02:49:55 : 110,300,000 : 0 : 11,542,857,725 : 47%
2021-12-15 03:06:53 : 110,400,000 : 0 : 11,552,819,425 : 47%
2021-12-15 03:24:15 : 110,500,000 : 0 : 11,562,781,125 : 47%
2021-12-15 03:41:43 : 110,600,000 : 0 : 11,572,873,900 : 47%
2021-12-15 03:59:54 : 110,700,000 : 0 : 11,582,835,600 : 47%
2021-12-15 04:18:47 : 110,800,000 : 0 : 11,592,797,300 : 47%
2021-12-15 04:38:24 : 110,900,000 : 0 : 11,602,890,075 : 47%
2021-12-15 04:58:52 : 111,000,000 : 0 : 11,612,851,775 : 47%
2021-12-15 05:19:43 : 111,100,000 : 0 : 11,622,813,475 : 47%
2021-12-15 05:41:27 : 111,200,000 : 0 : 11,632,644,100 : 47%
2021-12-15 06:03:59 : 111,300,000 : 0 : 11,642,736,875 : 47%
2021-12-15 06:28:28 : 111,400,000 : 0 : 11,652,829,650 : 47%
2021-12-15 06:54:05 : 111,500,000 : 0 : 11,662,922,425 : 47%
2021-12-15 07:21:19 : 111,600,000 : 0 : 11,673,015,200 : 47%
2021-12-15 07:49:49 : 111,700,000 : 0 : 11,683,107,975 : 47%
2021-12-15 08:19:39 : 111,800,000 : 0 : 11,693,331,825 : 47%
2021-12-15 08:50:33 : 111,900,000 : 0 : 11,703,555,675 : 48%
2021-12-15 09:22:13 : 112,000,000 : 0 : 11,713,910,600 : 48%
2021-12-15 09:54:40 : 112,100,000 : 0 : 11,724,134,450 : 48%
2021-12-15 10:26:40 : 112,200,000 : 0 : 11,734,358,300 : 48%
2021-12-15 10:57:40 : 112,300,000 : 0 : 11,744,582,150 : 48%
2021-12-15 11:26:37 : 112,400,000 : 0 : 11,754,806,000 : 48%
2021-12-15 11:53:26 : 112,500,000 : 0 : 11,765,029,850 : 48%
2021-12-15 12:18:11 : 112,600,000 : 0 : 11,775,253,700 : 48%
2021-12-15 12:41:07 : 112,700,000 : 0 : 11,785,477,550 : 48%
2021-12-15 13:02:50 : 112,800,000 : 0 : 11,795,832,475 : 48%
2021-12-15 13:23:10 : 112,900,000 : 0 : 11,806,187,400 : 48%
2021-12-15 13:42:20 : 113,000,000 : 0 : 11,816,542,325 : 48%
2021-12-15 14:00:45 : 113,100,000 : 0 : 11,826,897,250 : 48%
2021-12-15 14:18:32 : 113,200,000 : 0 : 11,837,514,325 : 48%
2021-12-15 14:35:27 : 113,300,000 : 0 : 11,848,000,325 : 48%
2021-12-15 14:52:00 : 113,400,000 : 0 : 11,868,972,325 : 48%
2021-12-15 15:08:07 : 113,500,000 : 0 : 11,879,458,325 : 48%
2021-12-15 15:23:46 : 113,600,000 : 0 : 11,889,944,325 : 48%
2021-12-15 15:38:42 : 113,700,000 : 0 : 11,900,299,250 : 48%
2021-12-15 15:53:01 : 113,800,000 : 0 : 11,910,785,250 : 48%
2021-12-15 16:07:20 : 113,900,000 : 0 : 11,921,271,250 : 48%
2021-12-15 16:21:59 : 114,000,000 : 0 : 11,931,888,325 : 48%
2021-12-15 16:36:43 : 114,100,000 : 0 : 11,942,374,325 : 48%
2021-12-15 16:51:19 : 114,200,000 : 0 : 11,952,991,400 : 49%
2021-12-15 17:05:50 : 114,300,000 : 0 : 11,963,477,400 : 49%
2021-12-15 17:20:17 : 114,400,000 : 0 : 11,973,832,325 : 49%
2021-12-15 17:34:27 : 114,500,000 : 0 : 11,984,449,400 : 49%
2021-12-15 17:48:38 : 114,600,000 : 0 : 11,994,935,400 : 49%
2021-12-15 18:02:43 : 114,700,000 : 0 : 12,005,421,400 : 49%
2021-12-15 18:17:10 : 114,800,000 : 0 : 12,016,038,475 : 49%
2021-12-15 18:31:35 : 114,900,000 : 0 : 12,026,524,475 : 49%
2021-12-15 18:45:52 : 115,000,000 : 0 : 12,037,141,550 : 49%
2021-12-15 19:00:06 : 115,100,000 : 0 : 12,047,496,475 : 49%
2021-12-15 19:14:20 : 115,200,000 : 0 : 12,057,982,475 : 49%
2021-12-15 19:28:29 : 115,300,000 : 0 : 12,068,337,400 : 49%
2021-12-15 19:42:39 : 115,400,000 : 0 : 12,078,692,325 : 49%
2021-12-15 19:56:44 : 115,500,000 : 0 : 12,089,178,325 : 49%
2021-12-15 20:11:05 : 115,600,000 : 0 : 12,099,533,250 : 49%
2021-12-15 20:25:20 : 115,700,000 : 0 : 12,109,757,100 : 49%
2021-12-15 20:39:34 : 115,800,000 : 0 : 12,120,112,025 : 49%
2021-12-15 20:54:03 : 115,900,000 : 0 : 12,130,466,950 : 49%
2021-12-15 21:08:26 : 116,000,000 : 0 : 12,151,045,725 : 49%
2021-12-15 21:22:44 : 116,100,000 : 0 : 12,161,400,650 : 49%
2021-12-15 21:36:56 : 116,200,000 : 0 : 12,171,755,575 : 49%
2021-12-15 21:51:21 : 116,300,000 : 0 : 12,182,110,500 : 49%
2021-12-15 22:06:01 : 116,400,000 : 0 : 12,192,465,425 : 49%
2021-12-15 22:21:06 : 116,500,000 : 0 : 12,202,820,350 : 50%
2021-12-15 22:36:21 : 116,600,000 : 0 : 12,213,175,275 : 50%
2021-12-15 22:51:45 : 116,700,000 : 0 : 12,223,530,200 : 50%
2021-12-15 23:07:25 : 116,800,000 : 0 : 12,233,885,125 : 50%
2021-12-15 23:23:26 : 116,900,000 : 0 : 12,244,240,050 : 50%
2021-12-15 23:39:34 : 117,000,000 : 0 : 12,254,463,900 : 50%
2021-12-15 23:55:55 : 117,100,000 : 0 : 12,264,818,825 : 50%
2021-12-16 00:12:39 : 117,200,000 : 0 : 12,275,042,675 : 50%
2021-12-16 00:29:25 : 117,300,000 : 0 : 12,285,266,525 : 50%
2021-12-16 00:46:30 : 117,400,000 : 0 : 12,295,490,375 : 50%
2021-12-16 01:03:20 : 117,500,000 : 0 : 12,305,583,150 : 50%
2021-12-16 01:20:21 : 117,600,000 : 0 : 12,315,675,925 : 50%
2021-12-16 01:37:10 : 117,700,000 : 0 : 12,325,637,625 : 50%
2021-12-16 01:53:47 : 117,800,000 : 0 : 12,335,599,325 : 50%
2021-12-16 02:10:18 : 117,900,000 : 0 : 12,345,429,950 : 50%
2021-12-16 02:26:32 : 118,000,000 : 0 : 12,355,391,650 : 50%
2021-12-16 02:42:44 : 118,100,000 : 0 : 12,365,222,275 : 50%
2021-12-16 02:59:09 : 118,200,000 : 0 : 12,375,052,900 : 50%
2021-12-16 03:15:52 : 118,300,000 : 0 : 12,384,883,525 : 50%
2021-12-16 03:32:32 : 118,400,000 : 0 : 12,394,714,150 : 50%
2021-12-16 03:49:59 : 118,500,000 : 0 : 12,404,675,850 : 50%
2021-12-16 04:08:18 : 118,600,000 : 0 : 12,414,637,550 : 50%
2021-12-16 04:27:14 : 118,700,000 : 0 : 12,424,599,250 : 50%
2021-12-16 04:46:53 : 118,800,000 : 0 : 12,434,560,950 : 50%
2021-12-16 05:07:09 : 118,900,000 : 0 : 12,444,522,650 : 51%
2021-12-16 05:28:35 : 119,000,000 : 0 : 12,464,577,125 : 51%
2021-12-16 05:50:22 : 119,100,000 : 0 : 12,474,538,825 : 51%
2021-12-16 06:13:13 : 119,200,000 : 0 : 12,484,631,600 : 51%
2021-12-16 06:37:55 : 119,300,000 : 0 : 12,494,855,450 : 51%
2021-12-16 07:04:18 : 119,400,000 : 0 : 12,504,948,225 : 51%
2021-12-16 07:31:51 : 119,500,000 : 0 : 12,515,041,000 : 51%
2021-12-16 08:00:28 : 119,600,000 : 0 : 12,525,133,775 : 51%
2021-12-16 08:30:10 : 119,700,000 : 0 : 12,535,357,625 : 51%
2021-12-16 09:00:39 : 119,800,000 : 0 : 12,545,450,400 : 51%
2021-12-16 09:32:24 : 119,900,000 : 0 : 12,555,674,250 : 51%
2021-12-16 10:04:07 : 120,000,000 : 0 : 12,565,767,025 : 51%
2021-12-16 10:35:15 : 120,100,000 : 0 : 12,575,990,875 : 51%
2021-12-16 11:05:25 : 120,200,000 : 0 : 12,586,083,650 : 51%
2021-12-16 11:33:26 : 120,300,000 : 0 : 12,596,176,425 : 51%
2021-12-16 11:59:32 : 120,400,000 : 0 : 12,606,269,200 : 51%
2021-12-16 12:22:55 : 120,500,000 : 0 : 12,616,361,975 : 51%
2021-12-16 12:45:06 : 120,600,000 : 0 : 12,626,454,750 : 51%
2021-12-16 13:06:06 : 120,700,000 : 0 : 12,636,809,675 : 51%
2021-12-16 13:26:05 : 120,800,000 : 0 : 12,647,164,600 : 51%
2021-12-16 13:44:53 : 120,900,000 : 0 : 12,657,519,525 : 51%
2021-12-16 14:03:05 : 121,000,000 : 0 : 12,668,005,525 : 51%
2021-12-16 14:20:30 : 121,100,000 : 0 : 12,678,360,450 : 51%
2021-12-16 14:37:19 : 121,200,000 : 0 : 12,688,715,375 : 52%
2021-12-16 14:53:32 : 121,300,000 : 0 : 12,699,070,300 : 52%
2021-12-16 15:09:18 : 121,400,000 : 0 : 12,709,425,225 : 52%
2021-12-16 15:24:48 : 121,500,000 : 0 : 12,719,911,225 : 52%
2021-12-16 15:39:55 : 121,600,000 : 0 : 12,730,397,225 : 52%
2021-12-16 15:54:42 : 121,700,000 : 0 : 12,740,752,150 : 52%
2021-12-16 16:09:32 : 121,800,000 : 0 : 12,751,238,150 : 52%
2021-12-16 16:24:14 : 121,900,000 : 0 : 12,761,724,150 : 52%
2021-12-16 16:38:52 : 122,000,000 : 0 : 12,772,079,075 : 52%
2021-12-16 16:53:07 : 122,100,000 : 0 : 12,792,920,000 : 52%
2021-12-16 17:07:26 : 122,200,000 : 0 : 12,803,406,000 : 52%
2021-12-16 17:21:51 : 122,300,000 : 0 : 12,813,760,925 : 52%
2021-12-16 17:36:03 : 122,400,000 : 0 : 12,824,115,850 : 52%
2021-12-16 17:50:15 : 122,500,000 : 0 : 12,834,601,850 : 52%
2021-12-16 18:04:39 : 122,600,000 : 0 : 12,845,087,850 : 52%
2021-12-16 18:19:14 : 122,700,000 : 0 : 12,855,442,775 : 52%
2021-12-16 18:33:50 : 122,800,000 : 0 : 12,865,797,700 : 52%
2021-12-16 18:48:22 : 122,900,000 : 0 : 12,876,283,700 : 52%
2021-12-16 19:02:51 : 123,000,000 : 0 : 12,886,638,625 : 52%
2021-12-16 19:17:34 : 123,100,000 : 0 : 12,896,993,550 : 52%
2021-12-16 19:32:18 : 123,200,000 : 0 : 12,907,348,475 : 52%
2021-12-16 19:46:58 : 123,300,000 : 0 : 12,917,572,325 : 52%
2021-12-16 20:01:29 : 123,400,000 : 0 : 12,927,927,250 : 52%
2021-12-16 20:15:58 : 123,500,000 : 0 : 12,938,020,025 : 53%
2021-12-16 20:30:30 : 123,600,000 : 0 : 12,948,243,875 : 53%
2021-12-16 20:45:03 : 123,700,000 : 0 : 12,958,467,725 : 53%
2021-12-16 20:59:33 : 123,800,000 : 0 : 12,968,691,575 : 53%
2021-12-16 21:14:05 : 123,900,000 : 0 : 12,978,784,350 : 53%
2021-12-16 21:28:32 : 124,000,000 : 0 : 12,989,008,200 : 53%
2021-12-16 21:43:20 : 124,100,000 : 0 : 12,999,100,975 : 53%
2021-12-16 21:58:07 : 124,200,000 : 0 : 13,009,193,750 : 53%
2021-12-16 22:13:18 : 124,300,000 : 0 : 13,019,417,600 : 53%
2021-12-16 22:28:41 : 124,400,000 : 0 : 13,029,641,450 : 53%
2021-12-16 22:44:24 : 124,500,000 : 0 : 13,039,865,300 : 53%
2021-12-16 23:00:11 : 124,600,000 : 0 : 13,050,089,150 : 53%
2021-12-16 23:16:16 : 124,700,000 : 0 : 13,060,181,925 : 53%
2021-12-16 23:32:38 : 124,800,000 : 0 : 13,070,405,775 : 53%
2021-12-16 23:49:11 : 124,900,000 : 0 : 13,080,498,550 : 53%
2021-12-17 00:05:42 : 125,000,000 : 0 : 13,100,815,175 : 53%
2021-12-17 00:22:36 : 125,100,000 : 0 : 13,110,907,950 : 53%
2021-12-17 00:39:34 : 125,200,000 : 0 : 13,121,000,725 : 53%
2021-12-17 00:56:25 : 125,300,000 : 0 : 13,130,962,425 : 53%
2021-12-17 01:13:26 : 125,400,000 : 0 : 13,140,793,050 : 53%
2021-12-17 01:30:22 : 125,500,000 : 0 : 13,150,623,675 : 53%
2021-12-17 01:46:44 : 125,600,000 : 0 : 13,160,454,300 : 53%
2021-12-17 02:03:35 : 125,700,000 : 0 : 13,170,284,925 : 53%
2021-12-17 02:20:15 : 125,800,000 : 0 : 13,179,984,475 : 54%
2021-12-17 02:37:03 : 125,900,000 : 0 : 13,189,684,025 : 54%
2021-12-17 02:53:27 : 126,000,000 : 0 : 13,199,514,650 : 54%
2021-12-17 03:10:35 : 126,100,000 : 0 : 13,209,214,200 : 54%
2021-12-17 03:27:27 : 126,200,000 : 0 : 13,218,782,675 : 54%
2021-12-17 03:43:57 : 126,300,000 : 0 : 13,228,351,150 : 54%
2021-12-17 04:00:32 : 126,400,000 : 0 : 13,237,919,625 : 54%
2021-12-17 04:18:12 : 126,500,000 : 0 : 13,247,488,100 : 54%
2021-12-17 04:36:06 : 126,600,000 : 0 : 13,257,187,650 : 54%
2021-12-17 04:55:16 : 126,700,000 : 0 : 13,267,018,275 : 54%
2021-12-17 05:15:45 : 126,800,000 : 0 : 13,276,979,975 : 54%
2021-12-17 05:37:05 : 126,900,000 : 0 : 13,286,810,600 : 54%
2021-12-17 05:59:07 : 127,000,000 : 0 : 13,296,641,225 : 54%
2021-12-17 06:22:30 : 127,100,000 : 0 : 13,306,471,850 : 54%
2021-12-17 06:46:13 : 127,200,000 : 0 : 13,316,171,400 : 54%
2021-12-17 07:11:21 : 127,300,000 : 0 : 13,325,870,950 : 54%
2021-12-17 07:37:12 : 127,400,000 : 0 : 13,335,701,575 : 54%
2021-12-17 08:04:37 : 127,500,000 : 0 : 13,345,532,200 : 54%
2021-12-17 08:33:58 : 127,600,000 : 0 : 13,355,493,900 : 54%
2021-12-17 09:04:05 : 127,700,000 : 0 : 13,365,455,600 : 54%
2021-12-17 09:33:50 : 127,800,000 : 0 : 13,375,155,150 : 54%
2021-12-17 10:03:14 : 127,900,000 : 0 : 13,384,854,700 : 54%
2021-12-17 10:32:16 : 128,000,000 : 0 : 13,394,423,175 : 54%
2021-12-17 11:00:44 : 128,100,000 : 0 : 13,404,384,875 : 54%
2021-12-17 11:29:15 : 128,200,000 : 0 : 13,414,215,500 : 54%
2021-12-17 11:54:57 : 128,300,000 : 0 : 13,424,046,125 : 54%
2021-12-17 12:18:43 : 128,400,000 : 0 : 13,434,007,825 : 55%
2021-12-17 12:40:50 : 128,500,000 : 0 : 13,443,838,450 : 55%
2021-12-17 13:01:33 : 128,600,000 : 0 : 13,453,800,150 : 55%
2021-12-17 13:21:20 : 128,700,000 : 0 : 13,463,761,850 : 55%
2021-12-17 13:40:08 : 128,800,000 : 0 : 13,473,854,625 : 55%
2021-12-17 13:58:13 : 128,900,000 : 0 : 13,484,078,475 : 55%
2021-12-17 14:15:43 : 129,000,000 : 0 : 13,494,302,325 : 55%
2021-12-17 14:32:38 : 129,100,000 : 0 : 13,514,750,025 : 55%
2021-12-17 14:49:04 : 129,200,000 : 0 : 13,524,973,875 : 55%
2021-12-17 15:04:48 : 129,300,000 : 0 : 13,535,328,800 : 55%
2021-12-17 15:20:25 : 129,400,000 : 0 : 13,545,552,650 : 55%
2021-12-17 15:35:41 : 129,500,000 : 0 : 13,555,907,575 : 55%
2021-12-17 15:50:41 : 129,600,000 : 0 : 13,566,131,425 : 55%
2021-12-17 16:05:22 : 129,700,000 : 0 : 13,576,355,275 : 55%
2021-12-17 16:19:55 : 129,800,000 : 0 : 13,586,710,200 : 55%
2021-12-17 16:34:20 : 129,900,000 : 0 : 13,597,065,125 : 55%
2021-12-17 16:48:38 : 130,000,000 : 0 : 13,607,288,975 : 55%
2021-12-17 17:03:02 : 130,100,000 : 0 : 13,617,643,900 : 55%
2021-12-17 17:17:32 : 130,200,000 : 0 : 13,627,867,750 : 55%
2021-12-17 17:32:15 : 130,300,000 : 0 : 13,638,353,750 : 55%
2021-12-17 17:47:00 : 130,400,000 : 0 : 13,648,708,675 : 55%
2021-12-17 18:01:29 : 130,500,000 : 0 : 13,658,801,450 : 55%
2021-12-17 18:16:12 : 130,600,000 : 0 : 13,669,025,300 : 55%
2021-12-17 18:31:21 : 130,700,000 : 0 : 13,679,249,150 : 56%
2021-12-17 18:46:02 : 130,800,000 : 0 : 13,689,341,925 : 56%
2021-12-17 19:00:47 : 130,900,000 : 0 : 13,699,696,850 : 56%
2021-12-17 19:15:46 : 131,000,000 : 0 : 13,709,920,700 : 56%
2021-12-17 19:30:52 : 131,100,000 : 0 : 13,720,144,550 : 56%
2021-12-17 19:46:04 : 131,200,000 : 0 : 13,730,368,400 : 56%
2021-12-17 20:01:28 : 131,300,000 : 0 : 13,740,592,250 : 56%
2021-12-17 20:17:01 : 131,400,000 : 0 : 13,750,816,100 : 56%
2021-12-17 20:32:23 : 131,500,000 : 0 : 13,760,908,875 : 56%
2021-12-17 20:47:42 : 131,600,000 : 0 : 13,771,001,650 : 56%
2021-12-17 21:02:46 : 131,700,000 : 0 : 13,781,094,425 : 56%
2021-12-17 21:18:11 : 131,800,000 : 0 : 13,791,187,200 : 56%
2021-12-17 21:33:46 : 131,900,000 : 0 : 13,801,148,900 : 56%
2021-12-17 21:49:31 : 132,000,000 : 0 : 13,811,241,675 : 56%
2021-12-17 22:05:24 : 132,100,000 : 0 : 13,831,296,150 : 56%
2021-12-17 22:21:22 : 132,200,000 : 0 : 13,841,388,925 : 56%
2021-12-17 22:37:35 : 132,300,000 : 0 : 13,851,350,625 : 56%
2021-12-17 22:53:52 : 132,400,000 : 0 : 13,861,312,325 : 56%
2021-12-17 23:10:11 : 132,500,000 : 0 : 13,871,274,025 : 56%
2021-12-17 23:26:59 : 132,600,000 : 0 : 13,881,235,725 : 56%
2021-12-17 23:44:42 : 132,700,000 : 0 : 13,891,066,350 : 56%
2021-12-18 00:02:13 : 132,800,000 : 0 : 13,901,028,050 : 56%
2021-12-18 00:19:49 : 132,900,000 : 0 : 13,910,858,675 : 56%
2021-12-18 00:37:23 : 133,000,000 : 0 : 13,920,689,300 : 57%
2021-12-18 00:55:10 : 133,100,000 : 0 : 13,930,519,925 : 57%
2021-12-18 01:13:21 : 133,200,000 : 0 : 13,940,219,475 : 57%
2021-12-18 01:31:31 : 133,300,000 : 0 : 13,950,050,100 : 57%
2021-12-18 01:49:44 : 133,400,000 : 0 : 13,959,749,650 : 57%
2021-12-18 02:08:05 : 133,500,000 : 0 : 13,969,318,125 : 57%
2021-12-18 02:26:30 : 133,600,000 : 0 : 13,979,017,675 : 57%
2021-12-18 02:45:47 : 133,700,000 : 0 : 13,988,848,300 : 57%
2021-12-18 03:05:04 : 133,800,000 : 0 : 13,998,547,850 : 57%
2021-12-18 03:24:46 : 133,900,000 : 0 : 14,008,378,475 : 57%
2021-12-18 03:44:41 : 134,000,000 : 0 : 14,018,209,100 : 57%
2021-12-18 04:05:02 : 134,100,000 : 0 : 14,027,908,650 : 57%
2021-12-18 04:25:59 : 134,200,000 : 0 : 14,037,739,275 : 57%
2021-12-18 04:47:38 : 134,300,000 : 0 : 14,047,438,825 : 57%
2021-12-18 05:09:41 : 134,400,000 : 0 : 14,057,138,375 : 57%
2021-12-18 05:32:54 : 134,500,000 : 0 : 14,066,969,000 : 57%
2021-12-18 05:57:23 : 134,600,000 : 0 : 14,076,799,625 : 57%
2021-12-18 06:23:50 : 134,700,000 : 0 : 14,086,630,250 : 57%
2021-12-18 06:51:42 : 134,800,000 : 0 : 14,096,591,950 : 57%
2021-12-18 07:20:57 : 134,900,000 : 0 : 14,106,553,650 : 57%
2021-12-18 07:51:11 : 135,000,000 : 0 : 14,116,384,275 : 57%
2021-12-18 08:22:12 : 135,100,000 : 0 : 14,126,214,900 : 57%
2021-12-18 08:53:54 : 135,200,000 : 0 : 14,136,045,525 : 57%
2021-12-18 09:26:22 : 135,300,000 : 0 : 14,145,876,150 : 57%
2021-12-18 09:59:17 : 135,400,000 : 0 : 14,155,837,850 : 57%
2021-12-18 10:32:02 : 135,500,000 : 0 : 14,165,537,400 : 58%
2021-12-18 11:04:18 : 135,600,000 : 0 : 14,175,368,025 : 58%
2021-12-18 11:35:51 : 135,700,000 : 0 : 14,185,198,650 : 58%
2021-12-18 12:06:00 : 135,800,000 : 0 : 14,195,160,350 : 58%
2021-12-18 12:34:22 : 135,900,000 : 0 : 14,205,122,050 : 58%
2021-12-18 13:00:42 : 136,000,000 : 0 : 14,215,214,825 : 58%
2021-12-18 13:24:29 : 136,100,000 : 0 : 14,225,176,525 : 58%
2021-12-18 13:46:59 : 136,200,000 : 0 : 14,245,099,925 : 58%
2021-12-18 14:07:49 : 136,300,000 : 0 : 14,255,192,700 : 58%
2021-12-18 14:27:58 : 136,400,000 : 0 : 14,265,285,475 : 58%
2021-12-18 14:47:32 : 136,500,000 : 0 : 14,275,509,325 : 58%
2021-12-18 15:06:27 : 136,600,000 : 0 : 14,285,733,175 : 58%
2021-12-18 15:25:07 : 136,700,000 : 0 : 14,295,957,025 : 58%
2021-12-18 15:42:51 : 136,800,000 : 0 : 14,306,180,875 : 58%
2021-12-18 16:00:16 : 136,900,000 : 0 : 14,316,535,800 : 58%
2021-12-18 16:17:23 : 137,000,000 : 0 : 14,326,759,650 : 58%
2021-12-18 16:34:03 : 137,100,000 : 0 : 14,337,114,575 : 58%
2021-12-18 16:50:36 : 137,200,000 : 0 : 14,347,338,425 : 58%
2021-12-18 17:07:05 : 137,300,000 : 0 : 14,357,562,275 : 58%
2021-12-18 17:23:26 : 137,400,000 : 0 : 14,367,786,125 : 58%
2021-12-18 17:39:35 : 137,500,000 : 0 : 14,377,878,900 : 58%
2021-12-18 17:55:36 : 137,600,000 : 0 : 14,388,102,750 : 58%
2021-12-18 18:11:33 : 137,700,000 : 0 : 14,398,195,525 : 58%
2021-12-18 18:27:26 : 137,800,000 : 0 : 14,408,288,300 : 58%
2021-12-18 18:43:39 : 137,900,000 : 0 : 14,418,512,150 : 59%
2021-12-18 18:59:37 : 138,000,000 : 0 : 14,428,604,925 : 59%
2021-12-18 19:15:44 : 138,100,000 : 0 : 14,438,697,700 : 59%
2021-12-18 19:32:11 : 138,200,000 : 0 : 14,448,921,550 : 59%
2021-12-18 19:49:05 : 138,300,000 : 0 : 14,459,014,325 : 59%
2021-12-18 20:05:55 : 138,400,000 : 0 : 14,469,107,100 : 59%
2021-12-18 20:22:46 : 138,500,000 : 0 : 14,479,068,800 : 59%
2021-12-18 20:39:37 : 138,600,000 : 0 : 14,489,161,575 : 59%
2021-12-18 20:56:51 : 138,700,000 : 0 : 14,499,385,425 : 59%
2021-12-18 21:14:23 : 138,800,000 : 0 : 14,509,478,200 : 59%
2021-12-18 21:31:59 : 138,900,000 : 0 : 14,519,570,975 : 59%
2021-12-18 21:49:33 : 139,000,000 : 0 : 14,529,794,825 : 59%
2021-12-18 22:07:33 : 139,100,000 : 0 : 14,540,018,675 : 59%
2021-12-18 22:25:19 : 139,200,000 : 0 : 14,550,111,450 : 59%
2021-12-18 22:43:13 : 139,300,000 : 0 : 14,570,428,075 : 59%
2021-12-18 23:01:19 : 139,400,000 : 0 : 14,580,520,850 : 59%
2021-12-18 23:19:18 : 139,500,000 : 0 : 14,590,613,625 : 59%
2021-12-18 23:37:28 : 139,600,000 : 0 : 14,600,706,400 : 59%
2021-12-18 23:55:54 : 139,700,000 : 0 : 14,610,668,100 : 59%
2021-12-19 00:14:29 : 139,800,000 : 0 : 14,620,760,875 : 59%
2021-12-19 00:33:33 : 139,900,000 : 0 : 14,630,722,575 : 59%
2021-12-19 00:52:45 : 140,000,000 : 0 : 14,640,684,275 : 59%
2021-12-19 01:11:57 : 140,100,000 : 0 : 14,650,514,900 : 59%
2021-12-19 01:31:08 : 140,200,000 : 0 : 14,660,345,525 : 60%
2021-12-19 01:49:40 : 140,300,000 : 0 : 14,670,045,075 : 60%
2021-12-19 02:08:13 : 140,400,000 : 0 : 14,679,613,550 : 60%
2021-12-19 02:26:25 : 140,500,000 : 0 : 14,689,182,025 : 60%
2021-12-19 02:45:05 : 140,600,000 : 0 : 14,698,881,575 : 60%
2021-12-19 03:03:54 : 140,700,000 : 0 : 14,708,581,125 : 60%
2021-12-19 03:22:47 : 140,800,000 : 0 : 14,718,149,600 : 60%
2021-12-19 03:41:41 : 140,900,000 : 0 : 14,727,718,075 : 60%
2021-12-19 04:01:02 : 141,000,000 : 0 : 14,737,286,550 : 60%
2021-12-19 04:20:06 : 141,100,000 : 0 : 14,746,855,025 : 60%
2021-12-19 04:40:50 : 141,200,000 : 0 : 14,756,685,650 : 60%
2021-12-19 05:02:29 : 141,300,000 : 0 : 14,766,385,200 : 60%
2021-12-19 05:24:40 : 141,400,000 : 0 : 14,775,822,600 : 60%
2021-12-19 05:46:59 : 141,500,000 : 0 : 14,785,391,075 : 60%
2021-12-19 06:11:03 : 141,600,000 : 0 : 14,795,090,625 : 60%
2021-12-19 06:36:39 : 141,700,000 : 0 : 14,805,052,325 : 60%
2021-12-19 07:04:15 : 141,800,000 : 0 : 14,814,882,950 : 60%
2021-12-19 07:33:01 : 141,900,000 : 0 : 14,824,582,500 : 60%
2021-12-19 08:03:20 : 142,000,000 : 0 : 14,834,544,200 : 60%
2021-12-19 08:34:16 : 142,100,000 : 0 : 14,844,374,825 : 60%
2021-12-19 09:05:42 : 142,200,000 : 0 : 14,854,074,375 : 60%
2021-12-19 09:37:32 : 142,300,000 : 0 : 14,864,036,075 : 60%
2021-12-19 10:10:03 : 142,400,000 : 0 : 14,873,997,775 : 60%
2021-12-19 10:42:18 : 142,500,000 : 0 : 14,883,959,475 : 60%
2021-12-19 11:14:21 : 142,600,000 : 0 : 14,893,790,100 : 60%
2021-12-19 11:45:52 : 142,700,000 : 0 : 14,903,751,800 : 61%
2021-12-19 12:16:17 : 142,800,000 : 0 : 14,923,806,275 : 61%
2021-12-19 12:44:02 : 142,900,000 : 0 : 14,933,767,975 : 61%
2021-12-19 13:09:35 : 143,000,000 : 0 : 14,943,729,675 : 61%
2021-12-19 13:33:43 : 143,100,000 : 0 : 14,953,822,450 : 61%
2021-12-19 13:56:13 : 143,200,000 : 0 : 14,963,915,225 : 61%
2021-12-19 14:17:25 : 143,300,000 : 0 : 14,973,876,925 : 61%
2021-12-19 14:36:43 : 143,400,000 : 0 : 14,983,838,625 : 61%
2021-12-19 14:55:20 : 143,500,000 : 0 : 14,993,931,400 : 61%
2021-12-19 15:13:13 : 143,600,000 : 0 : 15,004,024,175 : 61%
2021-12-19 15:30:43 : 143,700,000 : 0 : 15,013,985,875 : 61%
2021-12-19 15:47:35 : 143,800,000 : 0 : 15,024,078,650 : 61%
2021-12-19 16:04:04 : 143,900,000 : 0 : 15,034,302,500 : 61%
2021-12-19 16:20:26 : 144,000,000 : 0 : 15,044,526,350 : 61%
2021-12-19 16:36:36 : 144,100,000 : 0 : 15,054,750,200 : 61%
2021-12-19 16:52:20 : 144,200,000 : 0 : 15,064,974,050 : 61%
2021-12-19 17:07:51 : 144,300,000 : 0 : 15,075,066,825 : 61%
2021-12-19 17:23:21 : 144,400,000 : 0 : 15,085,290,675 : 61%
2021-12-19 17:38:46 : 144,500,000 : 0 : 15,095,383,450 : 61%
2021-12-19 17:54:07 : 144,600,000 : 0 : 15,105,607,300 : 61%
2021-12-19 18:08:51 : 144,700,000 : 0 : 15,115,437,925 : 61%
2021-12-19 18:23:43 : 144,800,000 : 0 : 15,125,530,700 : 61%
2021-12-19 18:38:20 : 144,900,000 : 0 : 15,135,492,400 : 61%
2021-12-19 18:53:19 : 145,000,000 : 0 : 15,145,585,175 : 61%
2021-12-19 19:08:39 : 145,100,000 : 0 : 15,155,546,875 : 62%
2021-12-19 19:23:44 : 145,200,000 : 0 : 15,165,508,575 : 62%
2021-12-19 19:39:15 : 145,300,000 : 0 : 15,175,601,350 : 62%
2021-12-19 19:54:43 : 145,400,000 : 0 : 15,185,563,050 : 62%
2021-12-19 20:09:48 : 145,500,000 : 0 : 15,195,524,750 : 62%
2021-12-19 20:25:15 : 145,600,000 : 0 : 15,205,355,375 : 62%
2021-12-19 20:40:30 : 145,700,000 : 0 : 15,215,317,075 : 62%
2021-12-19 20:55:43 : 145,800,000 : 0 : 15,225,147,700 : 62%
2021-12-19 21:11:03 : 145,900,000 : 0 : 15,234,978,325 : 62%
2021-12-19 21:26:30 : 146,000,000 : 0 : 15,254,770,650 : 62%
2021-12-19 21:42:04 : 146,100,000 : 0 : 15,264,601,275 : 62%
2021-12-19 21:57:43 : 146,200,000 : 0 : 15,274,562,975 : 62%
2021-12-19 22:13:38 : 146,300,000 : 0 : 15,284,524,675 : 62%
2021-12-19 22:29:35 : 146,400,000 : 0 : 15,294,355,300 : 62%
2021-12-19 22:45:42 : 146,500,000 : 0 : 15,304,448,075 : 62%
2021-12-19 23:02:16 : 146,600,000 : 0 : 15,314,409,775 : 62%
2021-12-19 23:18:40 : 146,700,000 : 0 : 15,324,371,475 : 62%
2021-12-19 23:35:04 : 146,800,000 : 0 : 15,334,202,100 : 62%
2021-12-19 23:51:38 : 146,900,000 : 0 : 15,344,163,800 : 62%
2021-12-20 00:08:38 : 147,000,000 : 0 : 15,354,125,500 : 62%
2021-12-20 00:25:52 : 147,100,000 : 0 : 15,363,956,125 : 62%
2021-12-20 00:43:13 : 147,200,000 : 0 : 15,374,048,900 : 62%
2021-12-20 01:01:24 : 147,300,000 : 0 : 15,384,141,675 : 62%
2021-12-20 01:19:32 : 147,400,000 : 0 : 15,394,103,375 : 62%
2021-12-20 01:37:38 : 147,500,000 : 0 : 15,404,065,075 : 63%
2021-12-20 01:55:57 : 147,600,000 : 0 : 15,414,026,775 : 63%
2021-12-20 02:13:59 : 147,700,000 : 0 : 15,423,857,400 : 63%
2021-12-20 02:32:04 : 147,800,000 : 0 : 15,433,819,100 : 63%
2021-12-20 02:50:16 : 147,900,000 : 0 : 15,443,780,800 : 63%
2021-12-20 03:08:46 : 148,000,000 : 0 : 15,453,611,425 : 63%
2021-12-20 03:27:08 : 148,100,000 : 0 : 15,463,310,975 : 63%
2021-12-20 03:45:15 : 148,200,000 : 0 : 15,473,141,600 : 63%
2021-12-20 04:03:59 : 148,300,000 : 0 : 15,482,972,225 : 63%
2021-12-20 04:22:51 : 148,400,000 : 0 : 15,492,671,775 : 63%
2021-12-20 04:43:24 : 148,500,000 : 0 : 15,502,764,550 : 63%
2021-12-20 05:04:58 : 148,600,000 : 0 : 15,512,726,250 : 63%
2021-12-20 05:27:32 : 148,700,000 : 0 : 15,522,819,025 : 63%
2021-12-20 05:50:57 : 148,800,000 : 0 : 15,532,780,725 : 63%
2021-12-20 06:15:45 : 148,900,000 : 0 : 15,542,742,425 : 63%
2021-12-20 06:41:35 : 149,000,000 : 0 : 15,552,835,200 : 63%
2021-12-20 07:08:47 : 149,100,000 : 0 : 15,562,796,900 : 63%
2021-12-20 07:37:24 : 149,200,000 : 0 : 15,572,758,600 : 63%
2021-12-20 08:07:22 : 149,300,000 : 0 : 15,582,851,375 : 63%
2021-12-20 08:38:06 : 149,400,000 : 0 : 15,603,036,925 : 63%
2021-12-20 09:09:34 : 149,500,000 : 0 : 15,612,998,625 : 63%
2021-12-20 09:41:12 : 149,600,000 : 0 : 15,623,091,400 : 63%
2021-12-20 10:13:26 : 149,700,000 : 0 : 15,633,184,175 : 63%
2021-12-20 10:45:13 : 149,800,000 : 0 : 15,643,276,950 : 64%
2021-12-20 11:16:21 : 149,900,000 : 0 : 15,653,500,800 : 64%
2021-12-20 11:45:27 : 150,000,000 : 0 : 15,663,593,575 : 64%
2021-12-20 12:12:53 : 150,100,000 : 0 : 15,673,817,425 : 64%
2021-12-20 12:37:55 : 150,200,000 : 0 : 15,684,041,275 : 64%
2021-12-20 13:01:33 : 150,300,000 : 0 : 15,694,265,125 : 64%
2021-12-20 13:23:34 : 150,400,000 : 0 : 15,704,488,975 : 64%
2021-12-20 13:44:18 : 150,500,000 : 0 : 15,714,843,900 : 64%
2021-12-20 14:04:06 : 150,600,000 : 0 : 15,725,329,900 : 64%
2021-12-20 14:23:02 : 150,700,000 : 0 : 15,735,684,825 : 64%
2021-12-20 14:41:00 : 150,800,000 : 0 : 15,746,039,750 : 64%
2021-12-20 14:58:30 : 150,900,000 : 0 : 15,756,525,750 : 64%
2021-12-20 15:15:36 : 151,000,000 : 0 : 15,766,880,675 : 64%
2021-12-20 15:32:03 : 151,100,000 : 0 : 15,777,366,675 : 64%
2021-12-20 15:48:21 : 151,200,000 : 0 : 15,787,852,675 : 64%
2021-12-20 16:04:25 : 151,300,000 : 0 : 15,798,338,675 : 64%
2021-12-20 16:20:12 : 151,400,000 : 0 : 15,808,824,675 : 64%
2021-12-20 16:35:51 : 151,500,000 : 0 : 15,819,310,675 : 64%
2021-12-20 16:51:16 : 151,600,000 : 0 : 15,829,665,600 : 64%
2021-12-20 17:06:30 : 151,700,000 : 0 : 15,840,282,675 : 64%
2021-12-20 17:21:49 : 151,800,000 : 0 : 15,850,768,675 : 64%
2021-12-20 17:36:53 : 151,900,000 : 0 : 15,861,254,675 : 64%
2021-12-20 17:51:51 : 152,000,000 : 0 : 15,871,740,675 : 64%
2021-12-20 18:06:46 : 152,100,000 : 0 : 15,882,226,675 : 64%
2021-12-20 18:21:41 : 152,200,000 : 0 : 15,892,581,600 : 65%
2021-12-20 18:36:34 : 152,300,000 : 0 : 15,913,291,450 : 65%
2021-12-20 18:51:29 : 152,400,000 : 0 : 15,923,777,450 : 65%
2021-12-20 19:06:37 : 152,500,000 : 0 : 15,934,132,375 : 65%
2021-12-20 19:21:48 : 152,600,000 : 0 : 15,944,618,375 : 65%
2021-12-20 19:36:56 : 152,700,000 : 0 : 15,955,104,375 : 65%
2021-12-20 19:52:35 : 152,800,000 : 0 : 15,965,459,300 : 65%
2021-12-20 20:07:50 : 152,900,000 : 0 : 15,975,814,225 : 65%
2021-12-20 20:23:18 : 153,000,000 : 0 : 15,986,300,225 : 65%
2021-12-20 20:38:53 : 153,100,000 : 0 : 15,996,655,150 : 65%
2021-12-20 20:54:19 : 153,200,000 : 0 : 16,007,010,075 : 65%
2021-12-20 21:09:46 : 153,300,000 : 0 : 16,017,365,000 : 65%
2021-12-20 21:25:19 : 153,400,000 : 0 : 16,027,719,925 : 65%
2021-12-20 21:41:00 : 153,500,000 : 0 : 16,038,205,925 : 65%
2021-12-20 21:56:40 : 153,600,000 : 0 : 16,048,560,850 : 65%
2021-12-20 22:13:04 : 153,700,000 : 0 : 16,058,915,775 : 65%
2021-12-20 22:29:08 : 153,800,000 : 0 : 16,069,270,700 : 65%
2021-12-20 22:45:03 : 153,900,000 : 0 : 16,079,494,550 : 65%
2021-12-20 23:01:03 : 154,000,000 : 0 : 16,089,718,400 : 65%
2021-12-20 23:17:31 : 154,100,000 : 0 : 16,100,073,325 : 65%
2021-12-20 23:33:59 : 154,200,000 : 0 : 16,110,297,175 : 65%
2021-12-20 23:50:49 : 154,300,000 : 0 : 16,120,521,025 : 65%
2021-12-21 00:07:45 : 154,400,000 : 0 : 16,130,744,875 : 65%
2021-12-21 00:24:53 : 154,500,000 : 0 : 16,140,968,725 : 66%
2021-12-21 00:42:16 : 154,600,000 : 0 : 16,151,192,575 : 66%
2021-12-21 00:59:24 : 154,700,000 : 0 : 16,161,154,275 : 66%
2021-12-21 01:16:29 : 154,800,000 : 0 : 16,170,984,900 : 66%
2021-12-21 01:33:45 : 154,900,000 : 0 : 16,181,077,675 : 66%
2021-12-21 01:50:40 : 155,000,000 : 0 : 16,200,870,000 : 66%
2021-12-21 02:07:41 : 155,100,000 : 0 : 16,210,831,700 : 66%
2021-12-21 02:24:40 : 155,200,000 : 0 : 16,220,662,325 : 66%
2021-12-21 02:41:47 : 155,300,000 : 0 : 16,230,624,025 : 66%
2021-12-21 02:59:20 : 155,400,000 : 0 : 16,240,323,575 : 66%
2021-12-21 03:16:11 : 155,500,000 : 0 : 16,250,154,200 : 66%
2021-12-21 03:33:02 : 155,600,000 : 0 : 16,259,853,750 : 66%
2021-12-21 03:50:22 : 155,700,000 : 0 : 16,269,684,375 : 66%
2021-12-21 04:08:19 : 155,800,000 : 0 : 16,279,646,075 : 66%
2021-12-21 04:27:11 : 155,900,000 : 0 : 16,289,607,775 : 66%
2021-12-21 04:47:07 : 156,000,000 : 0 : 16,299,569,475 : 66%
2021-12-21 05:07:56 : 156,100,000 : 0 : 16,309,662,250 : 66%
2021-12-21 05:29:54 : 156,200,000 : 0 : 16,319,623,950 : 66%
2021-12-21 05:52:53 : 156,300,000 : 0 : 16,329,716,725 : 66%
2021-12-21 06:17:12 : 156,400,000 : 0 : 16,339,809,500 : 66%
2021-12-21 06:42:40 : 156,500,000 : 0 : 16,349,771,200 : 66%
2021-12-21 07:09:42 : 156,600,000 : 0 : 16,359,995,050 : 66%
2021-12-21 07:38:25 : 156,700,000 : 0 : 16,370,087,825 : 66%
2021-12-21 08:08:01 : 156,800,000 : 0 : 16,380,180,600 : 66%
2021-12-21 08:38:45 : 156,900,000 : 0 : 16,390,273,375 : 67%
2021-12-21 09:10:09 : 157,000,000 : 0 : 16,400,497,225 : 67%
2021-12-21 09:42:04 : 157,100,000 : 0 : 16,410,590,000 : 67%
2021-12-21 10:13:56 : 157,200,000 : 0 : 16,420,682,775 : 67%
2021-12-21 10:45:17 : 157,300,000 : 0 : 16,430,906,625 : 67%
2021-12-21 11:15:48 : 157,400,000 : 0 : 16,441,130,475 : 67%
2021-12-21 11:44:27 : 157,500,000 : 0 : 16,451,223,250 : 67%
2021-12-21 12:10:37 : 157,600,000 : 0 : 16,461,447,100 : 67%
2021-12-21 12:35:06 : 157,700,000 : 0 : 16,471,539,875 : 67%
2021-12-21 12:57:53 : 157,800,000 : 0 : 16,481,763,725 : 67%
2021-12-21 13:19:34 : 157,900,000 : 0 : 16,492,118,650 : 67%
2021-12-21 13:40:01 : 158,000,000 : 0 : 16,502,473,575 : 67%
2021-12-21 13:58:57 : 158,100,000 : 0 : 16,512,828,500 : 67%
2021-12-21 14:17:18 : 158,200,000 : 0 : 16,523,314,500 : 67%
2021-12-21 14:34:53 : 158,300,000 : 0 : 16,533,669,425 : 67%
2021-12-21 14:51:52 : 158,400,000 : 0 : 16,544,155,425 : 67%
2021-12-21 15:08:28 : 158,500,000 : 0 : 16,565,127,425 : 67%
2021-12-21 15:24:49 : 158,600,000 : 0 : 16,575,613,425 : 67%
2021-12-21 15:40:45 : 158,700,000 : 0 : 16,586,230,500 : 67%
2021-12-21 15:56:18 : 158,800,000 : 0 : 16,596,716,500 : 67%
2021-12-21 16:11:48 : 158,900,000 : 0 : 16,607,202,500 : 67%
2021-12-21 16:27:02 : 159,000,000 : 0 : 16,617,819,575 : 67%
2021-12-21 16:42:00 : 159,100,000 : 0 : 16,628,436,650 : 68%
2021-12-21 16:56:55 : 159,200,000 : 0 : 16,638,922,650 : 68%
2021-12-21 17:11:46 : 159,300,000 : 0 : 16,649,408,650 : 68%
2021-12-21 17:26:08 : 159,400,000 : 0 : 16,659,894,650 : 68%
2021-12-21 17:40:34 : 159,500,000 : 0 : 16,670,380,650 : 68%
2021-12-21 17:54:46 : 159,600,000 : 0 : 16,680,866,650 : 68%
2021-12-21 18:09:09 : 159,700,000 : 0 : 16,691,221,575 : 68%
2021-12-21 18:23:33 : 159,800,000 : 0 : 16,701,707,575 : 68%
2021-12-21 18:38:02 : 159,900,000 : 0 : 16,712,193,575 : 68%
2021-12-21 18:52:34 : 160,000,000 : 0 : 16,722,679,575 : 68%
2021-12-21 19:07:12 : 160,100,000 : 0 : 16,733,165,575 : 68%
2021-12-21 19:21:55 : 160,200,000 : 0 : 16,743,651,575 : 68%
2021-12-21 19:36:46 : 160,300,000 : 0 : 16,754,137,575 : 68%
2021-12-21 19:51:24 : 160,400,000 : 0 : 16,764,492,500 : 68%
2021-12-21 20:05:54 : 160,500,000 : 0 : 16,774,847,425 : 68%
Decoding error with 134,217,728 bytes, reading another chunk
2021-12-21 20:20:30 : 160,600,000 : 0 : 16,795,557,275 : 68%
2021-12-21 20:35:18 : 160,700,000 : 0 : 16,795,557,275 : 68%
2021-12-21 20:50:14 : 160,800,000 : 0 : 16,806,043,275 : 68%
2021-12-21 21:05:02 : 160,900,000 : 0 : 16,816,398,200 : 68%
2021-12-21 21:20:03 : 161,000,000 : 0 : 16,826,753,125 : 68%
2021-12-21 21:35:10 : 161,100,000 : 0 : 16,837,108,050 : 68%
2021-12-21 21:50:21 : 161,200,000 : 0 : 16,857,686,825 : 68%
2021-12-21 22:05:26 : 161,300,000 : 0 : 16,868,041,750 : 68%
2021-12-21 22:20:54 : 161,400,000 : 0 : 16,878,396,675 : 69%
2021-12-21 22:36:33 : 161,500,000 : 0 : 16,888,751,600 : 69%
2021-12-21 22:52:15 : 161,600,000 : 0 : 16,899,106,525 : 69%
2021-12-21 23:08:26 : 161,700,000 : 0 : 16,909,461,450 : 69%
2021-12-21 23:24:58 : 161,800,000 : 0 : 16,919,816,375 : 69%
2021-12-21 23:41:44 : 161,900,000 : 0 : 16,929,909,150 : 69%
2021-12-21 23:58:26 : 162,000,000 : 0 : 16,940,264,075 : 69%
2021-12-22 00:15:36 : 162,100,000 : 0 : 16,950,356,850 : 69%
2021-12-22 00:32:23 : 162,200,000 : 0 : 16,960,318,550 : 69%
2021-12-22 00:49:02 : 162,300,000 : 0 : 16,970,411,325 : 69%
2021-12-22 01:05:46 : 162,400,000 : 0 : 16,980,373,025 : 69%
2021-12-22 01:22:47 : 162,500,000 : 0 : 16,990,334,725 : 69%
2021-12-22 01:39:49 : 162,600,000 : 0 : 17,000,296,425 : 69%
2021-12-22 01:56:42 : 162,700,000 : 0 : 17,010,127,050 : 69%
2021-12-22 02:13:34 : 162,800,000 : 0 : 17,019,957,675 : 69%
2021-12-22 02:30:14 : 162,900,000 : 0 : 17,029,788,300 : 69%
2021-12-22 02:46:46 : 163,000,000 : 0 : 17,039,487,850 : 69%
2021-12-22 03:03:23 : 163,100,000 : 0 : 17,049,318,475 : 69%
2021-12-22 03:20:50 : 163,200,000 : 0 : 17,059,149,100 : 69%
2021-12-22 03:38:44 : 163,300,000 : 0 : 17,069,241,875 : 69%
2021-12-22 03:56:57 : 163,400,000 : 0 : 17,079,203,575 : 69%
2021-12-22 04:15:49 : 163,500,000 : 0 : 17,089,165,275 : 69%
2021-12-22 04:35:16 : 163,600,000 : 0 : 17,098,995,900 : 69%
2021-12-22 04:55:20 : 163,700,000 : 0 : 17,108,957,600 : 69%
2021-12-22 05:15:59 : 163,800,000 : 0 : 17,118,919,300 : 69%
2021-12-22 05:37:45 : 163,900,000 : 0 : 17,129,012,075 : 70%
2021-12-22 06:00:53 : 164,000,000 : 0 : 17,138,973,775 : 70%
2021-12-22 06:25:41 : 164,100,000 : 0 : 17,149,066,550 : 70%
2021-12-22 06:51:46 : 164,200,000 : 0 : 17,159,159,325 : 70%
2021-12-22 07:19:05 : 164,300,000 : 0 : 17,169,252,100 : 70%
2021-12-22 07:47:34 : 164,400,000 : 0 : 17,179,344,875 : 70%
2021-12-22 08:17:03 : 164,500,000 : 0 : 17,199,530,425 : 70%
2021-12-22 08:47:37 : 164,600,000 : 0 : 17,209,754,275 : 70%
2021-12-22 09:18:37 : 164,700,000 : 0 : 17,219,978,125 : 70%
2021-12-22 09:50:02 : 164,800,000 : 0 : 17,230,201,975 : 70%
2021-12-22 10:21:51 : 164,900,000 : 0 : 17,240,425,825 : 70%
Decoding error with 134,217,728 bytes, reading another chunk
2021-12-22 10:53:11 : 165,000,000 : 0 : 17,260,873,525 : 70%
2021-12-22 11:22:37 : 165,100,000 : 0 : 17,260,873,525 : 70%
2021-12-22 11:50:03 : 165,200,000 : 0 : 17,270,966,300 : 70%
2021-12-22 12:15:38 : 165,300,000 : 0 : 17,281,059,075 : 70%
2021-12-22 12:39:27 : 165,400,000 : 0 : 17,291,414,000 : 70%
2021-12-22 13:03:13 : 165,500,000 : 0 : 17,301,768,925 : 70%
2021-12-22 13:25:10 : 165,600,000 : 0 : 17,312,123,850 : 70%
2021-12-22 13:45:22 : 165,700,000 : 0 : 17,322,478,775 : 70%
2021-12-22 14:04:17 : 165,800,000 : 0 : 17,332,964,775 : 70%
2021-12-22 14:22:27 : 165,900,000 : 0 : 17,343,450,775 : 70%
2021-12-22 14:39:45 : 166,000,000 : 0 : 17,353,805,700 : 70%
2021-12-22 14:56:34 : 166,100,000 : 0 : 17,364,291,700 : 70%
2021-12-22 15:13:11 : 166,200,000 : 0 : 17,374,908,775 : 71%
2021-12-22 15:29:14 : 166,300,000 : 0 : 17,385,394,775 : 71%
2021-12-22 15:45:07 : 166,400,000 : 0 : 17,396,011,850 : 71%
2021-12-22 16:00:43 : 166,500,000 : 0 : 17,406,497,850 : 71%
2021-12-22 16:16:09 : 166,600,000 : 0 : 17,417,114,925 : 71%
2021-12-22 16:31:15 : 166,700,000 : 0 : 17,427,732,000 : 71%
2021-12-22 16:46:13 : 166,800,000 : 0 : 17,438,218,000 : 71%
2021-12-22 17:01:12 : 166,900,000 : 0 : 17,448,704,000 : 71%
2021-12-22 17:16:19 : 167,000,000 : 0 : 17,459,190,000 : 71%
2021-12-22 17:31:25 : 167,100,000 : 0 : 17,469,807,075 : 71%
2021-12-22 17:46:24 : 167,200,000 : 0 : 17,480,162,000 : 71%
2021-12-22 18:01:12 : 167,300,000 : 0 : 17,490,648,000 : 71%
2021-12-22 18:16:07 : 167,400,000 : 0 : 17,501,134,000 : 71%
2021-12-22 18:31:06 : 167,500,000 : 0 : 17,511,488,925 : 71%
2021-12-22 18:46:07 : 167,600,000 : 0 : 17,532,460,925 : 71%
2021-12-22 19:01:02 : 167,700,000 : 0 : 17,542,815,850 : 71%
2021-12-22 19:15:58 : 167,800,000 : 0 : 17,553,170,775 : 71%
2021-12-22 19:31:02 : 167,900,000 : 0 : 17,563,656,775 : 71%
2021-12-22 19:46:12 : 168,000,000 : 0 : 17,574,142,775 : 71%
2021-12-22 20:01:22 : 168,100,000 : 0 : 17,584,497,700 : 71%
2021-12-22 20:16:32 : 168,200,000 : 0 : 17,594,721,550 : 71%
2021-12-22 20:31:33 : 168,300,000 : 0 : 17,604,945,400 : 71%
2021-12-22 20:46:28 : 168,400,000 : 0 : 17,615,300,325 : 72%
2021-12-22 21:01:48 : 168,500,000 : 0 : 17,625,655,250 : 72%
2021-12-22 21:17:00 : 168,600,000 : 0 : 17,635,879,100 : 72%
2021-12-22 21:32:09 : 168,700,000 : 0 : 17,646,234,025 : 72%
2021-12-22 21:47:18 : 168,800,000 : 0 : 17,656,457,875 : 72%
2021-12-22 22:02:34 : 168,900,000 : 0 : 17,666,681,725 : 72%
2021-12-22 22:18:14 : 169,000,000 : 0 : 17,677,036,650 : 72%
2021-12-22 22:34:14 : 169,100,000 : 0 : 17,687,260,500 : 72%
2021-12-22 22:50:27 : 169,200,000 : 0 : 17,697,484,350 : 72%
2021-12-22 23:07:00 : 169,300,000 : 0 : 17,707,839,275 : 72%
2021-12-22 23:23:48 : 169,400,000 : 0 : 17,718,063,125 : 72%
2021-12-22 23:40:48 : 169,500,000 : 0 : 17,728,286,975 : 72%
2021-12-22 23:57:51 : 169,600,000 : 0 : 17,738,510,825 : 72%
2021-12-23 00:15:14 : 169,700,000 : 0 : 17,748,603,600 : 72%
2021-12-23 00:32:49 : 169,800,000 : 0 : 17,758,827,450 : 72%
2021-12-23 00:50:26 : 169,900,000 : 0 : 17,768,920,225 : 72%
2021-12-23 01:08:19 : 170,000,000 : 0 : 17,779,013,000 : 72%
2021-12-23 01:26:04 : 170,100,000 : 0 : 17,789,105,775 : 72%
2021-12-23 01:43:47 : 170,200,000 : 0 : 17,799,067,475 : 72%
2021-12-23 02:01:33 : 170,300,000 : 0 : 17,809,029,175 : 72%
2021-12-23 02:19:19 : 170,400,000 : 0 : 17,818,990,875 : 72%
2021-12-23 02:37:11 : 170,500,000 : 0 : 17,828,952,575 : 72%
2021-12-23 02:55:22 : 170,600,000 : 0 : 17,848,744,900 : 72%
2021-12-23 03:13:34 : 170,700,000 : 0 : 17,858,706,600 : 73%
2021-12-23 04:00:46 : 170,800,000 : 0 : 17,868,668,300 : 73%
2021-12-23 04:23:46 : 170,900,000 : 0 : 17,878,498,925 : 73%
2021-12-23 04:45:29 : 171,000,000 : 0 : 17,888,460,625 : 73%
2021-12-23 05:06:54 : 171,100,000 : 0 : 17,898,291,250 : 73%
2021-12-23 05:29:10 : 171,200,000 : 0 : 17,908,252,950 : 73%
2021-12-23 05:52:27 : 171,300,000 : 0 : 17,918,214,650 : 73%
2021-12-23 06:16:34 : 171,400,000 : 0 : 17,928,176,350 : 73%
2021-12-23 06:41:40 : 171,500,000 : 0 : 17,938,138,050 : 73%
2021-12-23 07:08:16 : 171,600,000 : 0 : 17,948,099,750 : 73%
2021-12-23 07:35:41 : 171,700,000 : 0 : 17,958,061,450 : 73%
2021-12-23 08:04:51 : 171,800,000 : 0 : 17,968,154,225 : 73%
2021-12-23 08:34:49 : 171,900,000 : 0 : 17,978,115,925 : 73%
2021-12-23 09:05:22 : 172,000,000 : 0 : 17,988,208,700 : 73%
2021-12-23 09:36:16 : 172,100,000 : 0 : 17,998,301,475 : 73%
2021-12-23 10:07:52 : 172,200,000 : 0 : 18,008,263,175 : 73%
2021-12-23 10:39:12 : 172,300,000 : 0 : 18,018,487,025 : 73%
2021-12-23 11:09:41 : 172,400,000 : 0 : 18,028,448,725 : 73%
2021-12-23 11:38:34 : 172,500,000 : 0 : 18,038,541,500 : 73%
2021-12-23 12:05:54 : 172,600,000 : 0 : 18,048,634,275 : 73%
2021-12-23 12:31:37 : 172,700,000 : 0 : 18,058,989,200 : 73%
2021-12-23 12:55:17 : 172,800,000 : 0 : 18,069,081,975 : 73%
2021-12-23 13:17:31 : 172,900,000 : 0 : 18,079,436,900 : 73%
2021-12-23 13:38:37 : 173,000,000 : 0 : 18,089,791,825 : 73%
2021-12-23 13:58:32 : 173,100,000 : 0 : 18,100,146,750 : 73%
2021-12-23 14:17:41 : 173,200,000 : 0 : 18,110,501,675 : 74%
2021-12-23 14:35:35 : 173,300,000 : 0 : 18,120,856,600 : 74%
2021-12-23 14:53:04 : 173,400,000 : 0 : 18,131,211,525 : 74%
2021-12-23 15:10:06 : 173,500,000 : 0 : 18,141,566,450 : 74%
2021-12-23 15:26:43 : 173,600,000 : 0 : 18,151,921,375 : 74%
2021-12-23 15:43:09 : 173,700,000 : 0 : 18,162,276,300 : 74%
2021-12-23 15:59:17 : 173,800,000 : 0 : 18,172,762,300 : 74%
2021-12-23 16:15:12 : 173,900,000 : 0 : 18,193,734,300 : 74%
2021-12-23 16:31:06 : 174,000,000 : 0 : 18,204,089,225 : 74%
2021-12-23 16:46:41 : 174,100,000 : 0 : 18,214,575,225 : 74%
2021-12-23 17:02:04 : 174,200,000 : 0 : 18,224,930,150 : 74%
2021-12-23 17:17:21 : 174,300,000 : 0 : 18,235,285,075 : 74%
2021-12-23 17:32:48 : 174,400,000 : 0 : 18,245,640,000 : 74%
2021-12-23 17:48:13 : 174,500,000 : 0 : 18,256,126,000 : 74%
2021-12-23 18:03:36 : 174,600,000 : 0 : 18,266,349,850 : 74%
2021-12-23 18:19:05 : 174,700,000 : 0 : 18,276,704,775 : 74%
2021-12-23 18:34:44 : 174,800,000 : 0 : 18,287,190,775 : 74%
2021-12-23 18:50:27 : 174,900,000 : 0 : 18,297,676,775 : 74%
2021-12-23 19:06:19 : 175,000,000 : 0 : 18,308,031,700 : 74%
2021-12-23 19:22:16 : 175,100,000 : 0 : 18,318,517,700 : 74%
2021-12-23 19:38:13 : 175,200,000 : 0 : 18,328,741,550 : 74%
2021-12-23 19:54:01 : 175,300,000 : 0 : 18,339,096,475 : 74%
2021-12-23 20:10:04 : 175,400,000 : 0 : 18,349,451,400 : 74%
2021-12-23 20:26:11 : 175,500,000 : 0 : 18,359,675,250 : 75%
2021-12-23 20:42:27 : 175,600,000 : 0 : 18,369,899,100 : 75%
2021-12-23 20:58:31 : 175,700,000 : 0 : 18,380,122,950 : 75%
2021-12-23 21:14:39 : 175,800,000 : 0 : 18,390,346,800 : 75%
2021-12-23 21:30:42 : 175,900,000 : 0 : 18,400,570,650 : 75%
2021-12-23 21:46:59 : 176,000,000 : 0 : 18,410,663,425 : 75%
2021-12-23 22:03:21 : 176,100,000 : 0 : 18,420,887,275 : 75%
2021-12-23 22:19:55 : 176,200,000 : 0 : 18,430,980,050 : 75%
2021-12-23 22:36:31 : 176,300,000 : 0 : 18,441,203,900 : 75%
2021-12-23 22:53:28 : 176,400,000 : 0 : 18,451,427,750 : 75%
2021-12-23 23:10:40 : 176,500,000 : 0 : 18,461,520,525 : 75%
2021-12-23 23:28:03 : 176,600,000 : 0 : 18,471,744,375 : 75%
2021-12-23 23:45:37 : 176,700,000 : 0 : 18,481,837,150 : 75%
2021-12-24 00:03:14 : 176,800,000 : 0 : 18,491,929,925 : 75%
2021-12-24 00:21:04 : 176,900,000 : 0 : 18,502,022,700 : 75%
2021-12-24 00:38:56 : 177,000,000 : 0 : 18,522,077,175 : 75%
2021-12-24 00:57:01 : 177,100,000 : 0 : 18,532,038,875 : 75%
2021-12-24 01:15:17 : 177,200,000 : 0 : 18,541,869,500 : 75%
2021-12-24 01:33:22 : 177,300,000 : 0 : 18,551,700,125 : 75%
2021-12-24 01:51:14 : 177,400,000 : 0 : 18,561,530,750 : 75%
2021-12-24 02:09:19 : 177,500,000 : 0 : 18,571,230,300 : 75%
2021-12-24 02:27:25 : 177,600,000 : 0 : 18,580,929,850 : 75%
2021-12-24 02:45:26 : 177,700,000 : 0 : 18,590,629,400 : 75%
2021-12-24 03:03:39 : 177,800,000 : 0 : 18,600,460,025 : 76%
2021-12-24 03:21:59 : 177,900,000 : 0 : 18,610,159,575 : 76%
2021-12-24 03:40:10 : 178,000,000 : 0 : 18,619,728,050 : 76%
2021-12-24 03:58:40 : 178,100,000 : 0 : 18,629,427,600 : 76%
2021-12-24 04:17:36 : 178,200,000 : 0 : 18,639,127,150 : 76%
2021-12-24 04:37:15 : 178,300,000 : 0 : 18,648,957,775 : 76%
2021-12-24 04:57:56 : 178,400,000 : 0 : 18,658,788,400 : 76%
2021-12-24 05:19:28 : 178,500,000 : 0 : 18,668,487,950 : 76%
2021-12-24 05:41:34 : 178,600,000 : 0 : 18,678,318,575 : 76%
2021-12-24 06:05:01 : 178,700,000 : 0 : 18,688,018,125 : 76%
2021-12-24 06:29:25 : 178,800,000 : 0 : 18,697,979,825 : 76%
2021-12-24 06:55:48 : 178,900,000 : 0 : 18,707,941,525 : 76%
2021-12-24 07:23:46 : 179,000,000 : 0 : 18,718,034,300 : 76%
2021-12-24 07:52:43 : 179,100,000 : 0 : 18,727,864,925 : 76%
2021-12-24 08:22:49 : 179,200,000 : 0 : 18,737,957,700 : 76%
2021-12-24 08:53:39 : 179,300,000 : 0 : 18,747,919,400 : 76%
2021-12-24 09:25:44 : 179,400,000 : 0 : 18,757,881,100 : 76%
2021-12-24 09:57:38 : 179,500,000 : 0 : 18,767,711,725 : 76%
2021-12-24 10:30:15 : 179,600,000 : 0 : 18,777,804,500 : 76%
2021-12-24 11:02:25 : 179,700,000 : 0 : 18,787,766,200 : 76%
2021-12-24 11:33:36 : 179,800,000 : 0 : 18,797,727,900 : 76%
2021-12-24 12:03:45 : 179,900,000 : 0 : 18,807,689,600 : 76%
2021-12-24 12:32:09 : 180,000,000 : 0 : 18,817,651,300 : 76%
2021-12-24 12:58:13 : 180,100,000 : 0 : 18,827,613,000 : 76%
2021-12-24 13:22:10 : 180,200,000 : 0 : 18,837,705,775 : 76%
2021-12-24 13:44:33 : 180,300,000 : 0 : 18,847,929,625 : 77%
2021-12-24 14:05:51 : 180,400,000 : 0 : 18,858,022,400 : 77%
2021-12-24 14:26:11 : 180,500,000 : 0 : 18,868,246,250 : 77%
2021-12-24 14:45:51 : 180,600,000 : 0 : 18,878,339,025 : 77%
2021-12-24 15:04:57 : 180,700,000 : 0 : 18,888,562,875 : 77%
2021-12-24 15:23:29 : 180,800,000 : 0 : 18,909,010,575 : 77%
2021-12-24 15:41:34 : 180,900,000 : 0 : 18,919,103,350 : 77%
2021-12-24 15:59:14 : 181,000,000 : 0 : 18,929,327,200 : 77%
2021-12-24 16:16:45 : 181,100,000 : 0 : 18,939,551,050 : 77%
2021-12-24 16:34:01 : 181,200,000 : 0 : 18,949,774,900 : 77%
2021-12-24 16:51:07 : 181,300,000 : 0 : 18,959,998,750 : 77%
2021-12-24 17:08:21 : 181,400,000 : 0 : 18,970,091,525 : 77%
2021-12-24 17:25:34 : 181,500,000 : 0 : 18,980,315,375 : 77%
2021-12-24 17:42:40 : 181,600,000 : 0 : 18,990,539,225 : 77%
2021-12-24 17:59:37 : 181,700,000 : 0 : 19,000,632,000 : 77%
2021-12-24 18:16:53 : 181,800,000 : 0 : 19,010,724,775 : 77%
2021-12-24 18:34:08 : 181,900,000 : 0 : 19,020,948,625 : 77%
2021-12-24 18:51:26 : 182,000,000 : 0 : 19,031,041,400 : 77%
2021-12-24 19:08:51 : 182,100,000 : 0 : 19,041,134,175 : 77%
2021-12-24 19:26:26 : 182,200,000 : 0 : 19,051,095,875 : 77%
2021-12-24 19:43:58 : 182,300,000 : 0 : 19,061,057,575 : 77%
2021-12-24 20:01:36 : 182,400,000 : 0 : 19,071,150,350 : 77%
2021-12-24 20:19:28 : 182,500,000 : 0 : 19,081,112,050 : 77%
2021-12-24 20:37:24 : 182,600,000 : 0 : 19,091,073,750 : 78%
2021-12-24 20:55:36 : 182,700,000 : 0 : 19,101,166,525 : 78%
2021-12-24 21:13:59 : 182,800,000 : 0 : 19,111,128,225 : 78%
2021-12-24 21:32:34 : 182,900,000 : 0 : 19,121,089,925 : 78%
2021-12-24 21:51:05 : 183,000,000 : 0 : 19,131,182,700 : 78%
2021-12-24 22:09:45 : 183,100,000 : 0 : 19,141,013,325 : 78%
2021-12-24 22:28:31 : 183,200,000 : 0 : 19,150,975,025 : 78%
2021-12-24 22:47:36 : 183,300,000 : 0 : 19,160,936,725 : 78%
2021-12-24 23:07:12 : 183,400,000 : 0 : 19,170,898,425 : 78%
2021-12-24 23:27:12 : 183,500,000 : 0 : 19,180,860,125 : 78%
2021-12-24 23:47:45 : 183,600,000 : 0 : 19,190,690,750 : 78%
2021-12-25 00:08:39 : 183,700,000 : 0 : 19,200,521,375 : 78%
2021-12-25 00:30:22 : 183,800,000 : 0 : 19,210,483,075 : 78%
2021-12-25 00:52:50 : 183,900,000 : 0 : 19,220,313,700 : 78%
2021-12-25 01:15:47 : 184,000,000 : 0 : 19,230,013,250 : 78%
2021-12-25 01:39:17 : 184,100,000 : 0 : 19,239,712,800 : 78%
2021-12-25 02:03:02 : 184,200,000 : 0 : 19,249,412,350 : 78%
2021-12-25 02:26:47 : 184,300,000 : 0 : 19,259,242,975 : 78%
2021-12-25 02:50:12 : 184,400,000 : 0 : 19,269,073,600 : 78%
2021-12-25 03:13:25 : 184,500,000 : 0 : 19,278,904,225 : 78%
2021-12-25 03:36:12 : 184,600,000 : 0 : 19,298,565,475 : 78%
2021-12-25 03:59:11 : 184,700,000 : 0 : 19,308,396,100 : 78%
2021-12-25 04:22:18 : 184,800,000 : 0 : 19,318,226,725 : 78%
2021-12-25 04:46:00 : 184,900,000 : 0 : 19,328,188,425 : 78%
2021-12-25 05:10:03 : 185,000,000 : 0 : 19,338,019,050 : 79%
2021-12-25 05:35:08 : 185,100,000 : 0 : 19,347,849,675 : 79%
2021-12-25 06:01:26 : 185,200,000 : 0 : 19,357,680,300 : 79%
2021-12-25 06:29:09 : 185,300,000 : 0 : 19,367,510,925 : 79%
2021-12-25 06:58:35 : 185,400,000 : 0 : 19,377,210,475 : 79%
2021-12-25 07:29:29 : 185,500,000 : 0 : 19,387,041,100 : 79%
2021-12-25 08:01:54 : 185,600,000 : 0 : 19,396,871,725 : 79%
2021-12-25 08:35:03 : 185,700,000 : 0 : 19,406,702,350 : 79%
2021-12-25 09:09:48 : 185,800,000 : 0 : 19,416,401,900 : 79%
2021-12-25 09:45:32 : 185,900,000 : 0 : 19,426,101,450 : 79%
2021-12-25 10:21:28 : 186,000,000 : 0 : 19,436,063,150 : 79%
2021-12-25 10:57:38 : 186,100,000 : 0 : 19,445,893,775 : 79%
2021-12-25 11:33:04 : 186,200,000 : 0 : 19,455,724,400 : 79%
2021-12-25 12:06:53 : 186,300,000 : 0 : 19,465,555,025 : 79%
2021-12-25 12:38:56 : 186,400,000 : 0 : 19,475,254,575 : 79%
2021-12-25 13:08:08 : 186,500,000 : 0 : 19,485,085,200 : 79%
2021-12-25 13:35:05 : 186,600,000 : 0 : 19,494,915,825 : 79%
2021-12-25 14:00:32 : 186,700,000 : 0 : 19,504,746,450 : 79%
2021-12-25 14:24:30 : 186,800,000 : 0 : 19,514,446,000 : 79%
2021-12-25 14:47:30 : 186,900,000 : 0 : 19,524,407,700 : 79%
2021-12-25 15:09:32 : 187,000,000 : 0 : 19,534,238,325 : 79%
2021-12-25 15:30:51 : 187,100,000 : 0 : 19,544,200,025 : 79%
2021-12-25 15:51:15 : 187,200,000 : 0 : 19,554,030,650 : 79%
2021-12-25 16:10:51 : 187,300,000 : 0 : 19,563,992,350 : 79%
2021-12-25 16:30:06 : 187,400,000 : 0 : 19,573,822,975 : 79%
2021-12-25 16:48:57 : 187,500,000 : 0 : 19,583,653,600 : 80%
2021-12-25 17:07:36 : 187,600,000 : 0 : 19,593,615,300 : 80%
2021-12-25 17:25:56 : 187,700,000 : 0 : 19,603,445,925 : 80%
2021-12-25 17:44:09 : 187,800,000 : 0 : 19,613,407,625 : 80%
2021-12-25 18:02:40 : 187,900,000 : 0 : 19,623,107,175 : 80%
2021-12-25 18:24:42 : 188,000,000 : 0 : 19,633,068,875 : 80%
2021-12-25 18:45:09 : 188,100,000 : 0 : 19,643,030,575 : 80%
2021-12-25 19:03:37 : 188,200,000 : 0 : 19,652,730,125 : 80%
2021-12-25 19:21:38 : 188,300,000 : 0 : 19,662,429,675 : 80%
2021-12-25 19:40:05 : 188,400,000 : 0 : 19,672,260,300 : 80%
2021-12-25 19:58:23 : 188,500,000 : 0 : 19,682,090,925 : 80%
2021-12-25 20:16:55 : 188,600,000 : 0 : 19,701,752,175 : 80%
2021-12-25 20:35:37 : 188,700,000 : 0 : 19,711,713,875 : 80%
2021-12-25 20:54:28 : 188,800,000 : 0 : 19,721,544,500 : 80%
2021-12-25 21:13:14 : 188,900,000 : 0 : 19,731,375,125 : 80%
2021-12-25 21:32:05 : 189,000,000 : 0 : 19,741,074,675 : 80%
2021-12-25 21:50:35 : 189,100,000 : 0 : 19,750,643,150 : 80%
2021-12-25 22:08:42 : 189,200,000 : 0 : 19,760,211,625 : 80%
2021-12-25 22:26:29 : 189,300,000 : 0 : 19,769,911,175 : 80%
2021-12-25 22:44:50 : 189,400,000 : 0 : 19,779,610,725 : 80%
2021-12-25 23:02:49 : 189,500,000 : 0 : 19,789,310,275 : 80%
2021-12-25 23:21:23 : 189,600,000 : 0 : 19,799,009,825 : 80%
2021-12-25 23:40:11 : 189,700,000 : 0 : 19,808,709,375 : 80%
2021-12-25 23:58:42 : 189,800,000 : 0 : 19,818,277,850 : 80%
2021-12-26 00:17:17 : 189,900,000 : 0 : 19,827,715,250 : 80%
2021-12-26 00:34:56 : 190,000,000 : 0 : 19,837,414,800 : 81%
2021-12-26 00:53:53 : 190,100,000 : 0 : 19,847,114,350 : 81%
2021-12-26 01:13:33 : 190,200,000 : 0 : 19,856,813,900 : 81%
2021-12-26 01:33:27 : 190,300,000 : 0 : 19,866,382,375 : 81%
2021-12-26 01:53:18 : 190,400,000 : 0 : 19,876,081,925 : 81%
2021-12-26 02:13:20 : 190,500,000 : 0 : 19,885,650,400 : 81%
2021-12-26 02:33:10 : 190,600,000 : 0 : 19,895,218,875 : 81%
2021-12-26 02:53:28 : 190,700,000 : 0 : 19,904,918,425 : 81%
2021-12-26 03:13:33 : 190,800,000 : 0 : 19,914,617,975 : 81%
2021-12-26 03:33:56 : 190,900,000 : 0 : 19,924,186,450 : 81%
2021-12-26 03:53:56 : 191,000,000 : 0 : 19,933,754,925 : 81%
2021-12-26 04:14:44 : 191,100,000 : 0 : 19,943,454,475 : 81%
2021-12-26 04:36:19 : 191,200,000 : 0 : 19,953,154,025 : 81%
2021-12-26 04:59:05 : 191,300,000 : 0 : 19,962,984,650 : 81%
2021-12-26 05:22:39 : 191,400,000 : 0 : 19,972,815,275 : 81%
2021-12-26 05:47:06 : 191,500,000 : 0 : 19,982,514,825 : 81%
2021-12-26 06:12:28 : 191,600,000 : 0 : 19,992,345,450 : 81%
2021-12-26 06:39:29 : 191,700,000 : 0 : 20,002,045,000 : 81%
2021-12-26 07:08:09 : 191,800,000 : 0 : 20,011,744,550 : 81%
2021-12-26 07:38:37 : 191,900,000 : 0 : 20,021,444,100 : 81%
2021-12-26 08:10:56 : 192,000,000 : 0 : 20,031,143,650 : 81%
2021-12-26 08:44:43 : 192,100,000 : 0 : 20,040,974,275 : 81%
2021-12-26 09:19:08 : 192,200,000 : 0 : 20,050,804,900 : 81%
2021-12-26 09:53:50 : 192,300,000 : 0 : 20,060,635,525 : 81%
2021-12-26 10:27:59 : 192,400,000 : 0 : 20,080,427,850 : 82%
2021-12-26 11:02:07 : 192,500,000 : 0 : 20,090,258,475 : 82%
2021-12-26 11:35:55 : 192,600,000 : 0 : 20,100,351,250 : 82%
2021-12-26 12:08:35 : 192,700,000 : 0 : 20,110,312,950 : 82%
2021-12-26 12:38:47 : 192,800,000 : 0 : 20,120,274,650 : 82%
2021-12-26 13:06:29 : 192,900,000 : 0 : 20,130,367,425 : 82%
2021-12-26 13:32:01 : 193,000,000 : 0 : 20,140,460,200 : 82%
2021-12-26 13:55:47 : 193,100,000 : 0 : 20,150,421,900 : 82%
2021-12-26 14:17:51 : 193,200,000 : 0 : 20,160,383,600 : 82%
2021-12-26 14:38:50 : 193,300,000 : 0 : 20,170,476,375 : 82%
2021-12-26 14:59:08 : 193,400,000 : 0 : 20,180,569,150 : 82%
2021-12-26 15:18:31 : 193,500,000 : 0 : 20,190,661,925 : 82%
2021-12-26 15:36:48 : 193,600,000 : 0 : 20,200,623,625 : 82%
2021-12-26 15:54:16 : 193,700,000 : 0 : 20,210,585,325 : 82%
2021-12-26 16:11:30 : 193,800,000 : 0 : 20,220,678,100 : 82%
2021-12-26 16:28:16 : 193,900,000 : 0 : 20,230,639,800 : 82%
2021-12-26 16:44:44 : 194,000,000 : 0 : 20,240,601,500 : 82%
2021-12-26 17:00:56 : 194,100,000 : 0 : 20,250,825,350 : 82%
2021-12-26 17:17:21 : 194,200,000 : 0 : 20,260,918,125 : 82%
2021-12-26 17:33:41 : 194,300,000 : 0 : 20,271,141,975 : 82%
2021-12-26 17:50:03 : 194,400,000 : 0 : 20,281,234,750 : 82%
2021-12-26 18:06:07 : 194,500,000 : 0 : 20,291,327,525 : 82%
2021-12-26 18:21:55 : 194,600,000 : 0 : 20,301,289,225 : 82%
2021-12-26 18:37:15 : 194,700,000 : 0 : 20,311,250,925 : 82%
2021-12-26 18:52:37 : 194,800,000 : 0 : 20,321,212,625 : 82%
2021-12-26 19:07:57 : 194,900,000 : 0 : 20,331,043,250 : 83%
2021-12-26 19:23:16 : 195,000,000 : 0 : 20,340,873,875 : 83%
2021-12-26 19:38:28 : 195,100,000 : 0 : 20,350,704,500 : 83%
2021-12-26 19:54:19 : 195,200,000 : 0 : 20,360,666,200 : 83%
2021-12-26 20:11:23 : 195,300,000 : 0 : 20,369,710,375 : 83%
2021-12-26 20:33:55 : 195,400,000 : 0 : 20,379,147,775 : 83%
2021-12-26 20:54:05 : 195,500,000 : 0 : 20,388,716,250 : 83%
2021-12-26 21:10:29 : 195,600,000 : 0 : 20,408,115,350 : 83%
2021-12-26 21:26:39 : 195,700,000 : 0 : 20,418,208,125 : 83%
2021-12-26 21:43:35 : 195,800,000 : 0 : 20,428,300,900 : 83%
2021-12-26 22:00:26 : 195,900,000 : 0 : 20,438,393,675 : 83%
2021-12-26 22:17:41 : 196,000,000 : 0 : 20,448,355,375 : 83%
2021-12-26 22:34:56 : 196,100,000 : 0 : 20,458,448,150 : 83%
2021-12-26 22:51:56 : 196,200,000 : 0 : 20,468,540,925 : 83%
2021-12-26 23:09:11 : 196,300,000 : 0 : 20,478,502,625 : 83%
2021-12-26 23:26:12 : 196,400,000 : 0 : 20,488,464,325 : 83%
2021-12-26 23:43:10 : 196,500,000 : 0 : 20,498,426,025 : 83%
2021-12-26 23:59:54 : 196,600,000 : 0 : 20,508,387,725 : 83%
2021-12-27 00:16:41 : 196,700,000 : 0 : 20,518,349,425 : 83%
2021-12-27 00:33:51 : 196,800,000 : 0 : 20,528,311,125 : 83%
2021-12-27 00:51:12 : 196,900,000 : 0 : 20,538,403,900 : 83%
2021-12-27 01:09:03 : 197,000,000 : 0 : 20,548,365,600 : 83%
2021-12-27 01:26:54 : 197,100,000 : 0 : 20,558,196,225 : 83%
2021-12-27 01:44:27 : 197,200,000 : 0 : 20,568,157,925 : 84%
2021-12-27 02:01:55 : 197,300,000 : 0 : 20,578,119,625 : 84%
2021-12-27 02:19:49 : 197,400,000 : 0 : 20,588,081,325 : 84%
2021-12-27 02:37:31 : 197,500,000 : 0 : 20,597,911,950 : 84%
2021-12-27 02:55:12 : 197,600,000 : 0 : 20,607,611,500 : 84%
2021-12-27 03:12:51 : 197,700,000 : 0 : 20,617,442,125 : 84%
2021-12-27 03:31:05 : 197,800,000 : 0 : 20,627,403,825 : 84%
2021-12-27 03:49:12 : 197,900,000 : 0 : 20,637,234,450 : 84%
2021-12-27 04:07:30 : 198,000,000 : 0 : 20,647,196,150 : 84%
2021-12-27 04:26:38 : 198,100,000 : 0 : 20,657,026,775 : 84%
2021-12-27 04:46:37 : 198,200,000 : 0 : 20,667,119,550 : 84%
2021-12-27 05:07:17 : 198,300,000 : 0 : 20,677,081,250 : 84%
2021-12-27 05:28:45 : 198,400,000 : 0 : 20,687,042,950 : 84%
2021-12-27 05:50:57 : 198,500,000 : 0 : 20,706,835,275 : 84%
2021-12-27 06:14:34 : 198,600,000 : 0 : 20,716,928,050 : 84%
2021-12-27 06:39:42 : 198,700,000 : 0 : 20,726,758,675 : 84%
2021-12-27 07:05:52 : 198,800,000 : 0 : 20,736,720,375 : 84%
2021-12-27 07:33:18 : 198,900,000 : 0 : 20,746,682,075 : 84%
2021-12-27 08:01:56 : 199,000,000 : 0 : 20,756,643,775 : 84%
2021-12-27 08:31:19 : 199,100,000 : 0 : 20,766,605,475 : 84%
2021-12-27 09:02:11 : 199,200,000 : 0 : 20,776,698,250 : 84%
2021-12-27 09:33:07 : 199,300,000 : 0 : 20,786,659,950 : 84%
2021-12-27 10:04:16 : 199,400,000 : 0 : 20,796,752,725 : 84%
2021-12-27 10:35:19 : 199,500,000 : 0 : 20,806,845,500 : 84%
2021-12-27 11:06:25 : 199,600,000 : 0 : 20,816,938,275 : 85%
2021-12-27 11:36:08 : 199,700,000 : 0 : 20,826,899,975 : 85%
2021-12-27 12:04:06 : 199,800,000 : 0 : 20,836,992,750 : 85%
2021-12-27 12:31:02 : 199,900,000 : 0 : 20,847,085,525 : 85%
2021-12-27 12:56:03 : 200,000,000 : 0 : 20,857,309,375 : 85%
2021-12-27 13:19:09 : 200,100,000 : 0 : 20,867,402,150 : 85%
2021-12-27 13:41:04 : 200,200,000 : 0 : 20,877,626,000 : 85%
2021-12-27 14:01:36 : 200,300,000 : 0 : 20,887,849,850 : 85%
2021-12-27 14:21:07 : 200,400,000 : 0 : 20,898,204,775 : 85%
2021-12-27 14:39:53 : 200,500,000 : 0 : 20,908,428,625 : 85%
2021-12-27 14:57:51 : 200,600,000 : 0 : 20,918,783,550 : 85%
2021-12-27 15:14:59 : 200,700,000 : 0 : 20,929,007,400 : 85%
2021-12-27 15:31:26 : 200,800,000 : 0 : 20,939,231,250 : 85%
2021-12-27 15:47:29 : 200,900,000 : 0 : 20,949,455,100 : 85%
2021-12-27 16:03:23 : 201,000,000 : 0 : 20,959,810,025 : 85%
2021-12-27 16:18:54 : 201,100,000 : 0 : 20,970,033,875 : 85%
2021-12-27 16:34:20 : 201,200,000 : 0 : 20,980,519,875 : 85%
2021-12-27 16:49:30 : 201,300,000 : 0 : 21,001,098,650 : 85%
2021-12-27 17:04:23 : 201,400,000 : 0 : 21,011,453,575 : 85%
2021-12-27 17:19:11 : 201,500,000 : 0 : 21,021,677,425 : 85%
2021-12-27 17:33:56 : 201,600,000 : 0 : 21,032,032,350 : 85%
2021-12-27 17:48:31 : 201,700,000 : 0 : 21,042,387,275 : 85%
2021-12-27 18:03:09 : 201,800,000 : 0 : 21,052,873,275 : 85%
2021-12-27 18:18:07 : 201,900,000 : 0 : 21,063,228,200 : 86%
2021-12-27 18:32:59 : 202,000,000 : 0 : 21,073,714,200 : 86%
2021-12-27 18:47:41 : 202,100,000 : 0 : 21,083,938,050 : 86%
2021-12-27 19:02:25 : 202,200,000 : 0 : 21,094,424,050 : 86%
2021-12-27 19:17:29 : 202,300,000 : 0 : 21,104,778,975 : 86%
2021-12-27 19:32:30 : 202,400,000 : 0 : 21,115,133,900 : 86%
2021-12-27 19:47:29 : 202,500,000 : 0 : 21,125,488,825 : 86%
2021-12-27 20:02:33 : 202,600,000 : 0 : 21,135,974,825 : 86%
2021-12-27 20:17:28 : 202,700,000 : 0 : 21,146,198,675 : 86%
2021-12-27 20:32:28 : 202,800,000 : 0 : 21,156,553,600 : 86%
2021-12-27 20:47:28 : 202,900,000 : 0 : 21,166,777,450 : 86%
2021-12-27 21:02:17 : 203,000,000 : 0 : 21,177,001,300 : 86%
2021-12-27 21:17:18 : 203,100,000 : 0 : 21,187,356,225 : 86%
2021-12-27 21:31:40 : 203,200,000 : 0 : 21,196,924,700 : 86%
2021-12-27 21:47:10 : 203,300,000 : 0 : 21,207,148,550 : 86%
2021-12-27 22:02:18 : 203,400,000 : 0 : 21,217,372,400 : 86%
2021-12-27 22:17:33 : 203,500,000 : 0 : 21,227,596,250 : 86%
2021-12-27 22:33:05 : 203,600,000 : 0 : 21,237,820,100 : 86%
2021-12-27 22:48:31 : 203,700,000 : 0 : 21,248,043,950 : 86%
2021-12-27 23:03:55 : 203,800,000 : 0 : 21,268,360,575 : 86%
2021-12-27 23:19:47 : 203,900,000 : 0 : 21,278,584,425 : 86%
2021-12-27 23:35:45 : 204,000,000 : 0 : 21,288,677,200 : 86%
2021-12-27 23:51:41 : 204,100,000 : 0 : 21,298,901,050 : 86%
2021-12-28 00:07:32 : 204,200,000 : 0 : 21,308,993,825 : 87%
2021-12-28 00:23:37 : 204,300,000 : 0 : 21,319,086,600 : 87%
2021-12-28 00:39:49 : 204,400,000 : 0 : 21,329,048,300 : 87%
2021-12-28 00:55:57 : 204,500,000 : 0 : 21,339,141,075 : 87%
2021-12-28 01:12:26 : 204,600,000 : 0 : 21,349,233,850 : 87%
2021-12-28 01:28:40 : 204,700,000 : 0 : 21,359,064,475 : 87%
2021-12-28 01:45:04 : 204,800,000 : 0 : 21,369,026,175 : 87%
2021-12-28 02:01:13 : 204,900,000 : 0 : 21,378,987,875 : 87%
2021-12-28 02:17:38 : 205,000,000 : 0 : 21,388,949,575 : 87%
2021-12-28 02:34:15 : 205,100,000 : 0 : 21,398,780,200 : 87%
2021-12-28 02:50:40 : 205,200,000 : 0 : 21,408,741,900 : 87%
2021-12-28 03:07:25 : 205,300,000 : 0 : 21,418,572,525 : 87%
2021-12-28 03:24:07 : 205,400,000 : 0 : 21,428,403,150 : 87%
2021-12-28 03:40:59 : 205,500,000 : 0 : 21,438,364,850 : 87%
2021-12-28 03:58:08 : 205,600,000 : 0 : 21,448,195,475 : 87%
2021-12-28 04:15:27 : 205,700,000 : 0 : 21,458,026,100 : 87%
2021-12-28 04:33:30 : 205,800,000 : 0 : 21,467,856,725 : 87%
2021-12-28 04:52:22 : 205,900,000 : 0 : 21,477,949,500 : 87%
2021-12-28 05:12:16 : 206,000,000 : 0 : 21,487,911,200 : 87%
2021-12-28 05:33:02 : 206,100,000 : 0 : 21,497,872,900 : 87%
2021-12-28 05:54:43 : 206,200,000 : 0 : 21,507,834,600 : 87%
2021-12-28 06:17:29 : 206,300,000 : 0 : 21,517,927,375 : 87%
2021-12-28 06:41:48 : 206,400,000 : 0 : 21,527,889,075 : 87%
2021-12-28 07:07:43 : 206,500,000 : 0 : 21,537,981,850 : 87%
2021-12-28 07:34:51 : 206,600,000 : 0 : 21,547,943,550 : 87%
2021-12-28 08:02:51 : 206,700,000 : 0 : 21,557,905,250 : 88%
2021-12-28 08:31:43 : 206,800,000 : 0 : 21,577,828,650 : 88%
2021-12-28 09:01:42 : 206,900,000 : 0 : 21,587,921,425 : 88%
2021-12-28 09:31:57 : 207,000,000 : 0 : 21,598,014,200 : 88%
2021-12-28 10:02:30 : 207,100,000 : 0 : 21,607,975,900 : 88%
2021-12-28 10:32:38 : 207,200,000 : 0 : 21,618,068,675 : 88%
2021-12-28 11:02:12 : 207,300,000 : 0 : 21,628,161,450 : 88%
2021-12-28 11:30:44 : 207,400,000 : 0 : 21,638,123,150 : 88%
2021-12-28 11:58:02 : 207,500,000 : 0 : 21,648,215,925 : 88%
2021-12-28 12:23:37 : 207,600,000 : 0 : 21,658,308,700 : 88%
2021-12-28 12:47:53 : 207,700,000 : 0 : 21,668,532,550 : 88%
2021-12-28 13:10:35 : 207,800,000 : 0 : 21,678,756,400 : 88%
2021-12-28 13:31:52 : 207,900,000 : 0 : 21,688,980,250 : 88%
2021-12-28 13:51:42 : 208,000,000 : 0 : 21,699,204,100 : 88%
2021-12-28 14:10:31 : 208,100,000 : 0 : 21,709,427,950 : 88%
2021-12-28 14:28:28 : 208,200,000 : 0 : 21,719,651,800 : 88%
2021-12-28 14:45:42 : 208,300,000 : 0 : 21,730,006,725 : 88%
2021-12-28 15:02:39 : 208,400,000 : 0 : 21,740,361,650 : 88%
2021-12-28 15:18:54 : 208,500,000 : 0 : 21,750,716,575 : 88%
2021-12-28 15:34:28 : 208,600,000 : 0 : 21,761,071,500 : 88%
2021-12-28 15:49:52 : 208,700,000 : 0 : 21,771,426,425 : 88%
2021-12-28 16:05:02 : 208,800,000 : 0 : 21,781,912,425 : 88%
2021-12-28 16:19:55 : 208,900,000 : 0 : 21,792,398,425 : 88%
2021-12-28 16:34:39 : 209,000,000 : 0 : 21,802,753,350 : 89%
2021-12-28 16:49:12 : 209,100,000 : 0 : 21,813,239,350 : 89%
2021-12-28 17:03:30 : 209,200,000 : 0 : 21,823,725,350 : 89%
2021-12-28 17:17:54 : 209,300,000 : 0 : 21,834,211,350 : 89%
2021-12-28 17:32:14 : 209,400,000 : 0 : 21,844,697,350 : 89%
2021-12-28 17:46:38 : 209,500,000 : 0 : 21,855,183,350 : 89%
2021-12-28 18:01:01 : 209,600,000 : 0 : 21,876,024,275 : 89%
2021-12-28 18:15:26 : 209,700,000 : 0 : 21,886,510,275 : 89%
2021-12-28 18:29:51 : 209,800,000 : 0 : 21,896,865,200 : 89%
2021-12-28 18:44:07 : 209,900,000 : 0 : 21,907,351,200 : 89%
2021-12-28 18:58:26 : 210,000,000 : 0 : 21,917,837,200 : 89%
2021-12-28 19:12:44 : 210,100,000 : 0 : 21,928,192,125 : 89%
2021-12-28 19:27:11 : 210,200,000 : 0 : 21,938,678,125 : 89%
2021-12-28 19:41:36 : 210,300,000 : 0 : 21,949,033,050 : 89%
2021-12-28 19:56:16 : 210,400,000 : 0 : 21,959,519,050 : 89%
2021-12-28 20:10:51 : 210,500,000 : 0 : 21,969,873,975 : 89%
2021-12-28 20:25:13 : 210,600,000 : 0 : 21,980,228,900 : 89%
2021-12-28 20:40:08 : 210,700,000 : 0 : 21,990,583,825 : 89%
2021-12-28 20:55:00 : 210,800,000 : 0 : 22,000,938,750 : 89%
2021-12-28 21:09:58 : 210,900,000 : 0 : 22,011,162,600 : 89%
2021-12-28 21:24:50 : 211,000,000 : 0 : 22,021,517,525 : 89%
2021-12-28 21:39:43 : 211,100,000 : 0 : 22,031,741,375 : 89%
2021-12-28 21:54:47 : 211,200,000 : 0 : 22,041,965,225 : 89%
2021-12-28 22:09:33 : 211,300,000 : 0 : 22,052,320,150 : 90%
2021-12-28 22:24:42 : 211,400,000 : 0 : 22,062,675,075 : 90%
2021-12-28 22:39:55 : 211,500,000 : 0 : 22,072,898,925 : 90%
2021-12-28 22:55:14 : 211,600,000 : 0 : 22,083,253,850 : 90%
2021-12-28 23:10:41 : 211,700,000 : 0 : 22,093,608,775 : 90%
2021-12-28 23:26:30 : 211,800,000 : 0 : 22,103,832,625 : 90%
2021-12-28 23:42:17 : 211,900,000 : 0 : 22,114,187,550 : 90%
2021-12-28 23:58:02 : 212,000,000 : 0 : 22,124,411,400 : 90%
2021-12-29 00:14:02 : 212,100,000 : 0 : 22,144,728,025 : 90%
2021-12-29 00:30:08 : 212,200,000 : 0 : 22,154,951,875 : 90%
2021-12-29 00:46:13 : 212,300,000 : 0 : 22,165,044,650 : 90%
2021-12-29 01:02:33 : 212,400,000 : 0 : 22,175,137,425 : 90%
2021-12-29 01:18:54 : 212,500,000 : 0 : 22,185,230,200 : 90%
2021-12-29 01:35:14 : 212,600,000 : 0 : 22,195,322,975 : 90%
2021-12-29 01:51:50 : 212,700,000 : 0 : 22,205,284,675 : 90%
2021-12-29 02:08:25 : 212,800,000 : 0 : 22,215,246,375 : 90%
2021-12-29 02:25:05 : 212,900,000 : 0 : 22,225,077,000 : 90%
2021-12-29 02:41:49 : 213,000,000 : 0 : 22,235,038,700 : 90%
2021-12-29 02:58:23 : 213,100,000 : 0 : 22,245,131,475 : 90%
2021-12-29 03:15:21 : 213,200,000 : 0 : 22,255,093,175 : 90%
2021-12-29 03:32:44 : 213,300,000 : 0 : 22,265,054,875 : 90%
2021-12-29 03:50:08 : 213,400,000 : 0 : 22,275,016,575 : 90%
2021-12-29 04:08:01 : 213,500,000 : 0 : 22,285,109,350 : 90%
2021-12-29 04:26:24 : 213,600,000 : 0 : 22,295,071,050 : 91%
2021-12-29 04:45:17 : 213,700,000 : 0 : 22,305,163,825 : 91%
2021-12-29 05:04:37 : 213,800,000 : 0 : 22,314,994,450 : 91%
2021-12-29 05:24:40 : 213,900,000 : 0 : 22,325,087,225 : 91%
2021-12-29 05:45:36 : 214,000,000 : 0 : 22,334,917,850 : 91%
2021-12-29 06:07:36 : 214,100,000 : 0 : 22,344,879,550 : 91%
2021-12-29 06:31:05 : 214,200,000 : 0 : 22,354,972,325 : 91%
2021-12-29 06:55:53 : 214,300,000 : 0 : 22,365,065,100 : 91%
2021-12-29 07:21:53 : 214,400,000 : 0 : 22,375,026,800 : 91%
2021-12-29 07:49:16 : 214,500,000 : 0 : 22,385,119,575 : 91%
2021-12-29 08:17:54 : 214,600,000 : 0 : 22,395,081,275 : 91%
2021-12-29 08:46:59 : 214,700,000 : 0 : 22,405,174,050 : 91%
2021-12-29 09:15:59 : 214,800,000 : 0 : 22,415,135,750 : 91%
2021-12-29 09:45:47 : 214,900,000 : 0 : 22,425,228,525 : 91%
2021-12-29 10:15:22 : 215,000,000 : 0 : 22,435,190,225 : 91%
2021-12-29 10:44:33 : 215,100,000 : 0 : 22,445,283,000 : 91%
2021-12-29 11:13:19 : 215,200,000 : 0 : 22,465,468,550 : 91%
2021-12-29 11:40:50 : 215,300,000 : 0 : 22,475,823,475 : 91%
2021-12-29 12:07:47 : 215,400,000 : 0 : 22,485,916,250 : 91%
2021-12-29 12:33:04 : 215,500,000 : 0 : 22,496,140,100 : 91%
2021-12-29 12:56:32 : 215,600,000 : 0 : 22,506,495,025 : 91%
2021-12-29 13:18:37 : 215,700,000 : 0 : 22,516,718,875 : 91%
2021-12-29 13:39:08 : 215,800,000 : 0 : 22,527,073,800 : 91%
2021-12-29 13:58:25 : 215,900,000 : 0 : 22,537,559,800 : 91%
2021-12-29 14:16:57 : 216,000,000 : 0 : 22,547,914,725 : 92%
2021-12-29 14:34:28 : 216,100,000 : 0 : 22,558,269,650 : 92%
2021-12-29 14:51:28 : 216,200,000 : 0 : 22,568,755,650 : 92%
2021-12-29 15:07:56 : 216,300,000 : 0 : 22,579,241,650 : 92%
2021-12-29 15:24:05 : 216,400,000 : 0 : 22,589,727,650 : 92%
2021-12-29 15:39:46 : 216,500,000 : 0 : 22,600,213,650 : 92%
2021-12-29 15:55:03 : 216,600,000 : 0 : 22,610,830,725 : 92%
2021-12-29 16:10:04 : 216,700,000 : 0 : 22,621,316,725 : 92%
2021-12-29 16:24:44 : 216,800,000 : 0 : 22,631,802,725 : 92%
2021-12-29 16:39:13 : 216,900,000 : 0 : 22,642,419,800 : 92%
2021-12-29 16:53:15 : 217,000,000 : 0 : 22,652,905,800 : 92%
2021-12-29 17:07:19 : 217,100,000 : 0 : 22,663,391,800 : 92%
2021-12-29 17:21:19 : 217,200,000 : 0 : 22,673,877,800 : 92%
2021-12-29 17:35:10 : 217,300,000 : 0 : 22,684,232,725 : 92%
2021-12-29 17:49:02 : 217,400,000 : 0 : 22,694,718,725 : 92%
2021-12-29 18:03:01 : 217,500,000 : 0 : 22,705,204,725 : 92%
2021-12-29 18:17:00 : 217,600,000 : 0 : 22,715,821,800 : 92%
2021-12-29 18:30:56 : 217,700,000 : 0 : 22,726,176,725 : 92%
2021-12-29 18:44:51 : 217,800,000 : 0 : 22,747,148,725 : 92%
2021-12-29 18:58:47 : 217,900,000 : 0 : 22,757,503,650 : 92%
2021-12-29 19:12:54 : 218,000,000 : 0 : 22,767,989,650 : 92%
2021-12-29 19:26:56 : 218,100,000 : 0 : 22,778,344,575 : 92%
2021-12-29 19:41:07 : 218,200,000 : 0 : 22,788,830,575 : 93%
2021-12-29 19:55:14 : 218,300,000 : 0 : 22,799,185,500 : 93%
2021-12-29 20:09:13 : 218,400,000 : 0 : 22,809,409,350 : 93%
2021-12-29 20:23:18 : 218,500,000 : 0 : 22,819,764,275 : 93%
2021-12-29 20:37:23 : 218,600,000 : 0 : 22,830,119,200 : 93%
2021-12-29 20:51:17 : 218,700,000 : 0 : 22,840,474,125 : 93%
2021-12-29 21:05:16 : 218,800,000 : 0 : 22,850,829,050 : 93%
2021-12-29 21:19:28 : 218,900,000 : 0 : 22,861,052,900 : 93%
2021-12-29 21:33:17 : 219,000,000 : 0 : 22,871,407,825 : 93%
2021-12-29 21:47:25 : 219,100,000 : 0 : 22,881,762,750 : 93%
2021-12-29 22:01:43 : 219,200,000 : 0 : 22,892,117,675 : 93%
2021-12-29 22:16:03 : 219,300,000 : 0 : 22,902,472,600 : 93%
2021-12-29 22:30:39 : 219,400,000 : 0 : 22,912,696,450 : 93%
2021-12-29 22:45:24 : 219,500,000 : 0 : 22,923,051,375 : 93%
2021-12-29 23:00:13 : 219,600,000 : 0 : 22,933,406,300 : 93%
2021-12-29 23:15:09 : 219,700,000 : 0 : 22,943,630,150 : 93%
2021-12-29 23:30:12 : 219,800,000 : 0 : 22,953,854,000 : 93%
2021-12-29 23:45:30 : 219,900,000 : 0 : 22,964,077,850 : 93%
2021-12-30 00:00:47 : 220,000,000 : 0 : 22,974,301,700 : 93%
2021-12-30 00:16:19 : 220,100,000 : 0 : 22,984,525,550 : 93%
2021-12-30 00:31:52 : 220,200,000 : 0 : 23,004,842,175 : 93%
2021-12-30 00:47:27 : 220,300,000 : 0 : 23,014,934,950 : 93%
2021-12-30 01:03:26 : 220,400,000 : 0 : 23,024,896,650 : 93%
2021-12-30 01:19:32 : 220,500,000 : 0 : 23,034,989,425 : 94%
2021-12-30 01:35:37 : 220,600,000 : 0 : 23,044,820,050 : 94%
2021-12-30 01:51:32 : 220,700,000 : 0 : 23,054,781,750 : 94%
2021-12-30 02:07:54 : 220,800,000 : 0 : 23,064,481,300 : 94%
2021-12-30 02:23:50 : 220,900,000 : 0 : 23,074,443,000 : 94%
2021-12-30 02:39:59 : 221,000,000 : 0 : 23,084,273,625 : 94%
2021-12-30 02:56:00 : 221,100,000 : 0 : 23,094,235,325 : 94%
2021-12-30 03:12:22 : 221,200,000 : 0 : 23,104,197,025 : 94%
2021-12-30 03:28:53 : 221,300,000 : 0 : 23,114,027,650 : 94%
2021-12-30 03:45:26 : 221,400,000 : 0 : 23,123,989,350 : 94%
2021-12-30 04:02:30 : 221,500,000 : 0 : 23,134,082,125 : 94%
2021-12-30 04:20:08 : 221,600,000 : 0 : 23,144,043,825 : 94%
2021-12-30 04:38:09 : 221,700,000 : 0 : 23,154,136,600 : 94%
2021-12-30 04:56:47 : 221,800,000 : 0 : 23,164,098,300 : 94%
2021-12-30 05:16:07 : 221,900,000 : 0 : 23,174,060,000 : 94%
2021-12-30 05:36:18 : 222,000,000 : 0 : 23,184,021,700 : 94%
2021-12-30 05:56:57 : 222,100,000 : 0 : 23,193,983,400 : 94%
2021-12-30 06:18:41 : 222,200,000 : 0 : 23,203,945,100 : 94%
2021-12-30 06:42:04 : 222,300,000 : 0 : 23,214,037,875 : 94%
2021-12-30 07:06:53 : 222,400,000 : 0 : 23,224,130,650 : 94%
2021-12-30 07:33:11 : 222,500,000 : 0 : 23,234,223,425 : 94%
2021-12-30 08:00:43 : 222,600,000 : 0 : 23,244,316,200 : 94%
2021-12-30 08:28:40 : 222,700,000 : 0 : 23,254,277,900 : 94%
2021-12-30 08:57:09 : 222,800,000 : 0 : 23,264,370,675 : 94%
2021-12-30 09:26:14 : 222,900,000 : 0 : 23,274,463,450 : 94%
2021-12-30 09:55:20 : 223,000,000 : 0 : 23,284,425,150 : 95%
2021-12-30 10:24:17 : 223,100,000 : 0 : 23,304,610,700 : 95%
2021-12-30 10:53:02 : 223,200,000 : 0 : 23,314,703,475 : 95%
2021-12-30 11:21:07 : 223,300,000 : 0 : 23,324,796,250 : 95%
2021-12-30 11:48:22 : 223,400,000 : 0 : 23,334,889,025 : 95%
2021-12-30 12:14:20 : 223,500,000 : 0 : 23,345,243,950 : 95%
2021-12-30 12:38:45 : 223,600,000 : 0 : 23,355,467,800 : 95%
2021-12-30 13:01:35 : 223,700,000 : 0 : 23,365,822,725 : 95%
2021-12-30 13:22:59 : 223,800,000 : 0 : 23,376,046,575 : 95%
2021-12-30 13:43:05 : 223,900,000 : 0 : 23,386,401,500 : 95%
2021-12-30 14:01:57 : 224,000,000 : 0 : 23,396,756,425 : 95%
2021-12-30 14:19:54 : 224,100,000 : 0 : 23,407,111,350 : 95%
2021-12-30 14:37:08 : 224,200,000 : 0 : 23,417,466,275 : 95%
2021-12-30 14:53:57 : 224,300,000 : 0 : 23,427,952,275 : 95%
2021-12-30 15:10:21 : 224,400,000 : 0 : 23,438,438,275 : 95%
2021-12-30 15:26:13 : 224,500,000 : 0 : 23,448,924,275 : 95%
2021-12-30 15:41:37 : 224,600,000 : 0 : 23,459,410,275 : 95%
2021-12-30 15:56:36 : 224,700,000 : 0 : 23,469,765,200 : 95%
2021-12-30 16:11:25 : 224,800,000 : 0 : 23,480,251,200 : 95%
2021-12-30 16:25:58 : 224,900,000 : 0 : 23,490,868,275 : 95%
2021-12-30 16:40:21 : 225,000,000 : 0 : 23,501,354,275 : 95%
2021-12-30 16:54:18 : 225,100,000 : 0 : 23,511,840,275 : 95%
2021-12-30 17:08:16 : 225,200,000 : 0 : 23,522,195,200 : 95%
2021-12-30 17:21:57 : 225,300,000 : 0 : 23,532,550,125 : 96%
2021-12-30 17:35:32 : 225,400,000 : 0 : 23,543,036,125 : 96%
2021-12-30 17:49:18 : 225,500,000 : 0 : 23,553,391,050 : 96%
2021-12-30 18:02:57 : 225,600,000 : 0 : 23,574,100,900 : 96%
2021-12-30 18:16:45 : 225,700,000 : 0 : 23,584,586,900 : 96%
2021-12-30 18:30:35 : 225,800,000 : 0 : 23,594,941,825 : 96%
2021-12-30 18:44:25 : 225,900,000 : 0 : 23,605,427,825 : 96%
2021-12-30 18:58:19 : 226,000,000 : 0 : 23,615,782,750 : 96%
2021-12-30 19:12:23 : 226,100,000 : 0 : 23,626,137,675 : 96%
2021-12-30 19:26:19 : 226,200,000 : 0 : 23,636,492,600 : 96%
2021-12-30 19:40:18 : 226,300,000 : 0 : 23,646,847,525 : 96%
2021-12-30 19:54:23 : 226,400,000 : 0 : 23,657,333,525 : 96%
2021-12-30 20:08:48 : 226,500,000 : 0 : 23,667,688,450 : 96%
2021-12-30 20:23:13 : 226,600,000 : 0 : 23,678,043,375 : 96%
2021-12-30 20:37:38 : 226,700,000 : 0 : 23,688,267,225 : 96%
2021-12-30 20:51:57 : 226,800,000 : 0 : 23,698,622,150 : 96%
2021-12-30 21:06:19 : 226,900,000 : 0 : 23,708,846,000 : 96%
2021-12-30 21:20:39 : 227,000,000 : 0 : 23,719,200,925 : 96%
2021-12-30 21:35:00 : 227,100,000 : 0 : 23,729,424,775 : 96%
2021-12-30 21:49:19 : 227,200,000 : 0 : 23,739,648,625 : 96%
2021-12-30 22:03:39 : 227,300,000 : 0 : 23,749,872,475 : 96%
2021-12-30 22:18:22 : 227,400,000 : 0 : 23,760,227,400 : 96%
2021-12-30 22:33:03 : 227,500,000 : 0 : 23,770,451,250 : 97%
2021-12-30 22:47:37 : 227,600,000 : 0 : 23,780,544,025 : 97%
2021-12-30 23:02:29 : 227,700,000 : 0 : 23,790,767,875 : 97%
2021-12-30 23:17:28 : 227,800,000 : 0 : 23,800,860,650 : 97%
2021-12-30 23:32:29 : 227,900,000 : 0 : 23,811,084,500 : 97%
2021-12-30 23:47:32 : 228,000,000 : 0 : 23,831,138,975 : 97%
2021-12-31 00:02:24 : 228,100,000 : 0 : 23,841,231,750 : 97%
2021-12-31 00:17:29 : 228,200,000 : 0 : 23,851,324,525 : 97%
2021-12-31 00:32:45 : 228,300,000 : 0 : 23,861,155,150 : 97%
2021-12-31 00:47:56 : 228,400,000 : 0 : 23,871,247,925 : 97%
2021-12-31 01:03:38 : 228,500,000 : 0 : 23,881,209,625 : 97%
2021-12-31 01:19:44 : 228,600,000 : 0 : 23,891,302,400 : 97%
2021-12-31 01:36:01 : 228,700,000 : 0 : 23,901,395,175 : 97%
2021-12-31 01:52:24 : 228,800,000 : 0 : 23,911,487,950 : 97%
2021-12-31 02:08:46 : 228,900,000 : 0 : 23,921,449,650 : 97%
2021-12-31 02:25:13 : 229,000,000 : 0 : 23,931,411,350 : 97%
2021-12-31 02:41:43 : 229,100,000 : 0 : 23,941,373,050 : 97%
2021-12-31 02:58:36 : 229,200,000 : 0 : 23,951,334,750 : 97%
2021-12-31 03:15:52 : 229,300,000 : 0 : 23,961,427,525 : 97%
2021-12-31 03:33:06 : 229,400,000 : 0 : 23,971,389,225 : 97%
2021-12-31 03:50:12 : 229,500,000 : 0 : 23,981,350,925 : 97%
2021-12-31 04:07:58 : 229,600,000 : 0 : 23,991,312,625 : 97%
2021-12-31 04:26:05 : 229,700,000 : 0 : 24,001,405,400 : 97%
2021-12-31 04:44:49 : 229,800,000 : 0 : 24,011,367,100 : 97%
2021-12-31 05:03:52 : 229,900,000 : 0 : 24,021,328,800 : 98%
2021-12-31 05:23:46 : 230,000,000 : 0 : 24,031,290,500 : 98%
2021-12-31 05:44:19 : 230,100,000 : 0 : 24,041,252,200 : 98%
2021-12-31 06:05:32 : 230,200,000 : 0 : 24,051,213,900 : 98%
2021-12-31 06:27:47 : 230,300,000 : 0 : 24,061,175,600 : 98%
2021-12-31 06:51:09 : 230,400,000 : 0 : 24,071,137,300 : 98%
2021-12-31 07:16:10 : 230,500,000 : 0 : 24,081,099,000 : 98%
2021-12-31 07:42:13 : 230,600,000 : 0 : 24,091,060,700 : 98%
2021-12-31 08:09:19 : 230,700,000 : 0 : 24,101,153,475 : 98%
2021-12-31 08:37:22 : 230,800,000 : 0 : 24,121,207,950 : 98%
2021-12-31 09:06:23 : 230,900,000 : 0 : 24,131,300,725 : 98%
2021-12-31 09:36:26 : 231,000,000 : 0 : 24,141,262,425 : 98%
2021-12-31 10:06:23 : 231,100,000 : 0 : 24,151,355,200 : 98%
2021-12-31 10:36:50 : 231,200,000 : 0 : 24,161,447,975 : 98%
2021-12-31 11:06:24 : 231,300,000 : 0 : 24,171,540,750 : 98%
2021-12-31 11:35:30 : 231,400,000 : 0 : 24,181,633,525 : 98%
2021-12-31 12:03:33 : 231,500,000 : 0 : 24,191,726,300 : 98%
2021-12-31 12:29:52 : 231,600,000 : 0 : 24,201,688,000 : 98%
2021-12-31 12:54:33 : 231,700,000 : 0 : 24,211,780,775 : 98%
2021-12-31 13:17:19 : 231,800,000 : 0 : 24,221,873,550 : 98%
2021-12-31 13:38:16 : 231,900,000 : 0 : 24,231,966,325 : 98%
2021-12-31 13:58:13 : 232,000,000 : 0 : 24,242,190,175 : 98%
2021-12-31 14:17:00 : 232,100,000 : 0 : 24,252,282,950 : 98%
2021-12-31 14:35:16 : 232,200,000 : 0 : 24,262,506,800 : 98%
2021-12-31 14:52:51 : 232,300,000 : 0 : 24,272,730,650 : 99%
2021-12-31 15:09:55 : 232,400,000 : 0 : 24,282,954,500 : 99%
2021-12-31 15:26:23 : 232,500,000 : 0 : 24,293,178,350 : 99%
2021-12-31 15:42:31 : 232,600,000 : 0 : 24,303,402,200 : 99%
2021-12-31 15:58:06 : 232,700,000 : 0 : 24,313,757,125 : 99%
2021-12-31 16:13:37 : 232,800,000 : 0 : 24,323,980,975 : 99%
2021-12-31 16:28:52 : 232,900,000 : 0 : 24,334,335,900 : 99%
2021-12-31 16:43:45 : 233,000,000 : 0 : 24,344,559,750 : 99%
2021-12-31 16:58:34 : 233,100,000 : 0 : 24,354,783,600 : 99%
2021-12-31 17:13:26 : 233,200,000 : 0 : 24,365,138,525 : 99%
2021-12-31 17:28:01 : 233,300,000 : 0 : 24,375,362,375 : 99%
2021-12-31 17:42:40 : 233,400,000 : 0 : 24,385,586,225 : 99%
2021-12-31 17:57:22 : 233,500,000 : 0 : 24,395,941,150 : 99%
2021-12-31 18:12:19 : 233,600,000 : 0 : 24,406,165,000 : 99%
2021-12-31 18:27:00 : 233,700,000 : 0 : 24,426,481,625 : 99%
2021-12-31 18:41:57 : 233,800,000 : 0 : 24,436,574,400 : 99%
2021-12-31 18:56:49 : 233,900,000 : 0 : 24,446,667,175 : 99%
2021-12-31 19:11:52 : 234,000,000 : 0 : 24,456,759,950 : 99%
2021-12-31 19:26:58 : 234,100,000 : 0 : 24,466,590,575 : 99%
2021-12-31 19:42:00 : 234,200,000 : 0 : 24,476,552,275 : 99%
2021-12-31 19:56:56 : 234,300,000 : 0 : 24,486,382,900 : 99%
2021-12-31 20:12:18 : 234,400,000 : 0 : 24,496,213,525 : 99%
2021-12-31 20:27:49 : 234,500,000 : 0 : 24,506,044,150 : 99%
2021-12-31 20:43:33 : 234,600,000 : 0 : 24,515,874,775 : 100%
2021-12-31 20:59:00 : 234,700,000 : 0 : 24,525,705,400 : 100%
2021-12-31 21:14:45 : 234,800,000 : 0 : 24,535,667,100 : 100%
2021-12-31 21:30:41 : 234,900,000 : 0 : 24,545,497,725 : 100%
2021-12-31 21:46:39 : 235,000,000 : 0 : 24,555,459,425 : 100%
2021-12-31 22:02:50 : 235,100,000 : 0 : 24,565,290,050 : 100%
2021-12-31 22:18:59 : 235,200,000 : 0 : 24,575,251,750 : 100%
2021-12-31 22:35:12 : 235,300,000 : 0 : 24,585,082,375 : 100%
2021-12-31 22:51:48 : 235,400,000 : 0 : 24,595,044,075 : 100%
2021-12-31 23:09:01 : 235,500,000 : 0 : 24,604,874,700 : 100%
2021-12-31 23:25:47 : 235,600,000 : 0 : 24,614,705,325 : 100%
2021-12-31 23:42:15 : 235,700,000 : 0 : 24,624,404,875 : 100%
2021-12-31 23:58:43 : 235,800,000 : 0 : 24,632,267,019 : 100%
