Requirement already satisfied: zstandard in /software/python-anaconda-2023.09-el8-x86_64/envs/rapids-24.12/lib/python3.12/site-packages (0.23.0)
Running scraper.py for YEAR=2022, months 7-9
2022-07-01 01:58:04 : 100,000 : 0 : 40,240,025 : 0%
2022-07-01 05:00:42 : 200,000 : 0 : 69,338,675 : 1%
2022-07-01 06:08:33 : 300,000 : 0 : 98,044,100 : 1%
2022-07-01 08:42:49 : 400,000 : 0 : 126,618,450 : 1%
2022-07-01 11:22:03 : 500,000 : 0 : 155,061,725 : 1%
2022-07-01 13:31:09 : 600,000 : 0 : 184,422,525 : 2%
2022-07-01 15:21:38 : 700,000 : 0 : 204,083,775 : 2%
2022-07-01 17:07:47 : 800,000 : 0 : 234,099,950 : 2%
2022-07-01 18:54:52 : 900,000 : 0 : 263,985,050 : 2%
2022-07-01 20:42:40 : 1,000,000 : 0 : 293,608,000 : 3%
2022-07-01 22:33:15 : 1,100,000 : 0 : 322,575,575 : 3%
2022-07-02 00:37:21 : 1,200,000 : 0 : 351,936,375 : 3%
2022-07-02 02:49:06 : 1,300,000 : 0 : 380,903,950 : 4%
2022-07-02 05:12:37 : 1,400,000 : 0 : 409,216,150 : 4%
2022-07-02 07:58:28 : 1,500,000 : 0 : 437,659,425 : 4%
2022-07-02 10:55:29 : 1,600,000 : 0 : 464,923,025 : 4%
2022-07-02 13:21:30 : 1,700,000 : 0 : 493,497,375 : 5%
2022-07-02 15:23:06 : 1,800,000 : 0 : 522,727,100 : 5%
2022-07-02 17:16:56 : 1,900,000 : 0 : 542,650,500 : 5%
2022-07-02 19:12:58 : 2,000,000 : 0 : 572,404,525 : 5%
2022-07-02 21:10:36 : 2,100,000 : 0 : 602,289,625 : 6%
2022-07-02 23:11:46 : 2,200,000 : 0 : 631,781,500 : 6%
2022-07-03 01:25:14 : 2,300,000 : 0 : 660,880,150 : 6%
2022-07-03 03:41:01 : 2,400,000 : 0 : 689,978,800 : 7%
2022-07-03 06:12:01 : 2,500,000 : 0 : 718,422,075 : 7%
2022-07-03 09:07:48 : 2,600,000 : 0 : 746,472,125 : 7%
2022-07-03 11:58:18 : 2,700,000 : 0 : 774,391,100 : 7%
2022-07-03 14:10:45 : 2,800,000 : 0 : 793,265,900 : 7%
2022-07-03 16:04:02 : 2,900,000 : 0 : 822,495,625 : 8%
2022-07-03 17:53:52 : 3,000,000 : 0 : 851,856,425 : 8%
2022-07-03 19:45:34 : 3,100,000 : 0 : 881,217,225 : 8%
2022-07-03 21:37:53 : 3,200,000 : 0 : 910,578,025 : 9%
2022-07-03 23:37:40 : 3,300,000 : 0 : 939,938,825 : 9%
2022-07-04 01:50:37 : 3,400,000 : 0 : 968,775,325 : 9%
2022-07-04 04:06:01 : 3,500,000 : 0 : 997,611,825 : 9%
2022-07-04 06:36:26 : 3,600,000 : 0 : 1,026,972,625 : 10%
2022-07-04 09:27:59 : 3,700,000 : 0 : 1,055,940,200 : 10%
2022-07-04 12:03:45 : 3,800,000 : 0 : 1,074,815,000 : 10%
2022-07-04 14:09:01 : 3,900,000 : 0 : 1,103,520,425 : 10%
2022-07-04 15:58:43 : 4,000,000 : 0 : 1,133,012,300 : 11%
2022-07-04 17:43:17 : 4,100,000 : 0 : 1,162,897,400 : 11%
2022-07-04 19:28:36 : 4,200,000 : 0 : 1,191,996,050 : 11%
2022-07-04 21:15:59 : 4,300,000 : 0 : 1,222,012,225 : 12%
2022-07-04 23:09:23 : 4,400,000 : 0 : 1,250,979,800 : 12%
2022-07-05 01:18:45 : 4,500,000 : 0 : 1,279,947,375 : 12%
2022-07-05 03:31:17 : 4,600,000 : 0 : 1,308,783,875 : 12%
2022-07-05 05:58:19 : 4,700,000 : 0 : 1,337,096,075 : 13%
2022-07-05 08:48:55 : 4,800,000 : 0 : 1,366,063,650 : 13%
2022-07-05 11:33:42 : 4,900,000 : 0 : 1,394,900,150 : 13%
2022-07-05 13:39:29 : 5,000,000 : 0 : 1,414,168,175 : 13%
2022-07-05 15:25:43 : 5,100,000 : 0 : 1,443,397,900 : 14%
2022-07-05 17:06:07 : 5,200,000 : 0 : 1,473,676,225 : 14%
2022-07-05 18:49:06 : 5,300,000 : 0 : 1,504,872,075 : 14%
2022-07-05 20:30:54 : 5,400,000 : 0 : 1,536,199,000 : 14%
2022-07-05 22:13:37 : 5,500,000 : 0 : 1,566,215,175 : 15%
2022-07-06 00:04:44 : 5,600,000 : 0 : 1,596,362,425 : 15%
2022-07-06 02:02:43 : 5,700,000 : 0 : 1,625,723,225 : 15%
2022-07-06 04:05:34 : 5,800,000 : 0 : 1,645,122,325 : 16%
2022-07-06 06:30:55 : 5,900,000 : 0 : 1,674,089,900 : 16%
2022-07-06 09:20:07 : 6,000,000 : 0 : 1,702,926,400 : 16%
2022-07-06 11:53:57 : 6,100,000 : 0 : 1,731,631,825 : 16%
2022-07-06 13:54:06 : 6,200,000 : 0 : 1,760,992,625 : 17%
2022-07-06 15:40:29 : 6,300,000 : 0 : 1,791,008,800 : 17%
2022-07-06 17:20:25 : 6,400,000 : 0 : 1,820,631,750 : 17%
2022-07-06 19:01:54 : 6,500,000 : 0 : 1,850,779,000 : 17%
2022-07-06 20:41:44 : 6,600,000 : 0 : 1,880,139,800 : 18%
2022-07-06 22:23:46 : 6,700,000 : 0 : 1,909,369,525 : 18%
2022-07-07 00:11:52 : 6,800,000 : 0 : 1,938,074,950 : 18%
2022-07-07 02:07:40 : 6,900,000 : 0 : 1,957,342,975 : 18%
2022-07-07 04:07:33 : 7,000,000 : 0 : 1,986,310,550 : 19%
2022-07-07 06:29:46 : 7,100,000 : 0 : 2,015,278,125 : 19%
2022-07-07 09:15:57 : 7,200,000 : 0 : 2,044,376,775 : 19%
2022-07-07 11:50:16 : 7,300,000 : 0 : 2,072,951,125 : 20%
2022-07-07 13:51:16 : 7,400,000 : 0 : 2,102,443,000 : 20%
2022-07-07 15:39:42 : 7,500,000 : 0 : 2,132,459,175 : 20%
2022-07-07 17:21:42 : 7,600,000 : 0 : 2,162,606,425 : 20%
2022-07-07 19:02:21 : 7,700,000 : 0 : 2,192,491,525 : 21%
2022-07-07 20:44:05 : 7,800,000 : 0 : 2,222,245,550 : 21%
2022-07-07 22:31:15 : 7,900,000 : 0 : 2,251,606,350 : 21%
2022-07-08 00:21:04 : 8,000,000 : 0 : 2,280,180,700 : 22%
2022-07-08 02:18:13 : 8,100,000 : 0 : 2,299,317,650 : 22%
2022-07-08 04:22:23 : 8,200,000 : 0 : 2,328,416,300 : 22%
2022-07-08 06:46:43 : 8,300,000 : 0 : 2,356,728,500 : 22%
2022-07-08 09:35:24 : 8,400,000 : 0 : 2,385,433,925 : 23%
2022-07-08 12:06:05 : 8,500,000 : 0 : 2,413,746,125 : 23%
2022-07-08 14:05:25 : 8,600,000 : 0 : 2,442,844,775 : 23%
2022-07-08 15:52:38 : 8,700,000 : 0 : 2,472,598,800 : 23%
2022-07-08 17:35:39 : 8,800,000 : 0 : 2,502,614,975 : 24%
2022-07-08 19:20:58 : 8,900,000 : 0 : 2,532,369,000 : 24%
2022-07-08 21:06:18 : 9,000,000 : 0 : 2,561,991,950 : 24%
2022-07-08 22:53:17 : 9,100,000 : 0 : 2,590,959,525 : 24%
2022-07-09 00:49:58 : 9,200,000 : 0 : 2,619,927,100 : 25%
2022-07-09 02:56:39 : 9,300,000 : 0 : 2,648,632,525 : 25%
2022-07-09 05:13:16 : 9,400,000 : 0 : 2,676,813,650 : 25%
2022-07-09 07:51:52 : 9,500,000 : 0 : 2,695,688,450 : 25%
Decoding error with 134,217,728 bytes, reading another chunk
2022-07-09 10:53:17 : 9,600,000 : 0 : 2,724,000,650 : 26%
2022-07-09 13:18:34 : 9,700,000 : 0 : 2,752,050,700 : 26%
2022-07-09 15:19:27 : 9,800,000 : 0 : 2,781,280,425 : 26%
2022-07-09 17:11:45 : 9,900,000 : 0 : 2,810,903,375 : 27%
2022-07-09 19:05:26 : 10,000,000 : 0 : 2,840,788,475 : 27%
2022-07-09 21:00:10 : 10,100,000 : 0 : 2,870,804,650 : 27%
2022-07-09 22:56:46 : 10,200,000 : 0 : 2,900,165,450 : 27%
2022-07-10 01:00:10 : 10,300,000 : 0 : 2,929,001,950 : 28%
2022-07-10 03:11:57 : 10,400,000 : 0 : 2,957,707,375 : 28%
2022-07-10 05:36:26 : 10,500,000 : 0 : 2,986,019,575 : 28%
2022-07-10 08:24:33 : 10,600,000 : 0 : 3,004,763,300 : 28%
2022-07-10 11:19:47 : 10,700,000 : 0 : 3,032,420,125 : 29%
2022-07-10 13:40:16 : 10,800,000 : 0 : 3,060,732,325 : 29%
Decoding error with 134,217,728 bytes, reading another chunk
2022-07-10 15:38:17 : 10,900,000 : 0 : 3,089,568,825 : 29%
2022-07-10 17:28:32 : 11,000,000 : 0 : 3,119,191,775 : 29%
2022-07-10 19:16:30 : 11,100,000 : 0 : 3,148,945,800 : 30%
2022-07-10 21:04:35 : 11,200,000 : 0 : 3,178,699,825 : 30%
2022-07-10 22:55:10 : 11,300,000 : 0 : 3,208,060,625 : 30%
2022-07-11 00:52:46 : 11,400,000 : 0 : 3,237,421,425 : 31%
2022-07-11 02:54:22 : 11,500,000 : 0 : 3,266,520,075 : 31%
2022-07-11 05:05:33 : 11,600,000 : 0 : 3,295,094,425 : 31%
2022-07-11 07:39:34 : 11,700,000 : 0 : 3,324,324,150 : 31%
2022-07-11 10:29:08 : 11,800,000 : 0 : 3,353,553,875 : 32%
2022-07-11 12:43:36 : 11,900,000 : 0 : 3,372,690,825 : 32%
2022-07-11 14:35:46 : 12,000,000 : 0 : 3,401,396,250 : 32%
2022-07-11 16:17:43 : 12,100,000 : 0 : 3,431,150,275 : 32%
2022-07-11 17:57:44 : 12,200,000 : 0 : 3,461,297,525 : 33%
2022-07-11 19:36:22 : 12,300,000 : 0 : 3,491,313,700 : 33%
2022-07-11 21:14:20 : 12,400,000 : 0 : 3,521,198,800 : 33%
2022-07-11 22:55:40 : 12,500,000 : 0 : 3,550,690,675 : 34%
2022-07-12 00:49:27 : 12,600,000 : 0 : 3,580,051,475 : 34%
2022-07-12 02:45:57 : 12,700,000 : 0 : 3,609,281,200 : 34%
2022-07-12 04:53:05 : 12,800,000 : 0 : 3,638,379,850 : 34%
2022-07-12 07:21:15 : 12,900,000 : 0 : 3,667,609,575 : 35%
2022-07-12 10:09:11 : 13,000,000 : 0 : 3,696,446,075 : 35%
2022-07-12 12:28:23 : 13,100,000 : 0 : 3,725,282,575 : 35%
2022-07-12 14:19:53 : 13,200,000 : 0 : 3,744,550,600 : 35%
2022-07-12 16:00:30 : 13,300,000 : 0 : 3,774,173,550 : 36%
2022-07-12 17:39:38 : 13,400,000 : 0 : 3,804,451,875 : 36%
2022-07-12 19:22:18 : 13,500,000 : 0 : 3,835,123,425 : 36%
2022-07-12 21:02:15 : 13,600,000 : 0 : 3,865,401,750 : 36%
2022-07-12 22:46:07 : 13,700,000 : 0 : 3,895,024,700 : 37%
2022-07-13 00:39:59 : 13,800,000 : 0 : 3,925,040,875 : 37%
2022-07-13 02:38:52 : 13,900,000 : 0 : 3,954,794,900 : 37%
2022-07-13 04:45:44 : 14,000,000 : 0 : 3,984,548,925 : 38%
2022-07-13 07:12:16 : 14,100,000 : 0 : 4,013,778,650 : 38%
2022-07-13 09:56:49 : 14,200,000 : 0 : 4,042,746,225 : 38%
2022-07-13 12:17:56 : 14,300,000 : 0 : 4,061,883,175 : 38%
2022-07-13 14:10:56 : 14,400,000 : 0 : 4,090,588,600 : 39%
2022-07-13 15:51:59 : 14,500,000 : 0 : 4,120,211,550 : 39%
2022-07-13 17:28:13 : 14,600,000 : 0 : 4,150,620,950 : 39%
2022-07-13 19:08:37 : 14,700,000 : 0 : 4,181,161,425 : 39%
2022-07-13 20:48:55 : 14,800,000 : 0 : 4,211,177,600 : 40%
2022-07-13 22:29:09 : 14,900,000 : 0 : 4,240,538,400 : 40%
2022-07-14 00:17:47 : 15,000,000 : 0 : 4,269,505,975 : 40%
2022-07-14 02:14:13 : 15,100,000 : 0 : 4,298,866,775 : 41%
2022-07-14 04:16:42 : 15,200,000 : 0 : 4,327,965,425 : 41%
2022-07-14 06:37:48 : 15,300,000 : 0 : 4,356,801,925 : 41%
2022-07-14 09:21:44 : 15,400,000 : 0 : 4,385,245,200 : 41%
2022-07-14 11:51:08 : 15,500,000 : 0 : 4,414,081,700 : 42%
2022-07-14 13:49:48 : 15,600,000 : 0 : 4,443,442,500 : 42%
2022-07-14 15:32:43 : 15,700,000 : 0 : 4,473,065,450 : 42%
2022-07-14 17:11:22 : 15,800,000 : 0 : 4,503,081,625 : 43%
2022-07-14 18:52:31 : 15,900,000 : 0 : 4,533,622,100 : 43%
2022-07-14 20:33:29 : 16,000,000 : 0 : 4,553,807,650 : 43%
2022-07-14 22:14:59 : 16,100,000 : 0 : 4,583,692,750 : 43%
2022-07-15 00:03:13 : 16,200,000 : 0 : 4,612,922,475 : 44%
2022-07-15 02:01:21 : 16,300,000 : 0 : 4,642,283,275 : 44%
2022-07-15 04:01:02 : 16,400,000 : 0 : 4,671,381,925 : 44%
2022-07-15 06:16:43 : 16,500,000 : 0 : 4,700,480,575 : 44%
2022-07-15 08:57:50 : 16,600,000 : 0 : 4,729,054,925 : 45%
2022-07-15 11:30:13 : 16,700,000 : 0 : 4,757,629,275 : 45%
2022-07-15 13:30:25 : 16,800,000 : 0 : 4,786,727,925 : 45%
2022-07-15 15:16:44 : 16,900,000 : 0 : 4,816,875,175 : 45%
2022-07-15 16:57:59 : 17,000,000 : 0 : 4,847,415,650 : 46%
2022-07-15 18:37:36 : 17,100,000 : 0 : 4,867,339,050 : 46%
2022-07-15 20:21:47 : 17,200,000 : 0 : 4,897,748,450 : 46%
2022-07-15 22:07:33 : 17,300,000 : 0 : 4,928,157,850 : 47%
2022-07-16 00:00:10 : 17,400,000 : 0 : 4,957,649,725 : 47%
2022-07-16 02:01:17 : 17,500,000 : 0 : 4,986,748,375 : 47%
2022-07-16 04:06:59 : 17,600,000 : 0 : 5,015,453,800 : 47%
2022-07-16 06:28:13 : 17,700,000 : 0 : 5,043,766,000 : 48%
2022-07-16 09:10:19 : 17,800,000 : 0 : 5,062,902,950 : 48%
2022-07-16 11:50:04 : 17,900,000 : 0 : 5,091,608,375 : 48%
2022-07-16 13:56:16 : 18,000,000 : 0 : 5,119,920,575 : 48%
2022-07-16 15:47:27 : 18,100,000 : 0 : 5,149,412,450 : 49%
2022-07-16 17:35:33 : 18,200,000 : 0 : 5,179,428,625 : 49%
2022-07-16 19:23:30 : 18,300,000 : 0 : 5,209,575,875 : 49%
2022-07-16 21:14:28 : 18,400,000 : 0 : 5,239,723,125 : 49%
2022-07-16 23:08:20 : 18,500,000 : 0 : 5,269,083,925 : 50%
2022-07-17 01:11:45 : 18,600,000 : 0 : 5,288,220,875 : 50%
2022-07-17 03:19:49 : 18,700,000 : 0 : 5,317,319,525 : 50%
2022-07-17 05:40:33 : 18,800,000 : 0 : 5,345,762,800 : 50%
2022-07-17 08:19:18 : 18,900,000 : 0 : 5,373,419,625 : 51%
2022-07-17 11:04:05 : 19,000,000 : 0 : 5,400,814,300 : 51%
2022-07-17 13:23:53 : 19,100,000 : 0 : 5,429,257,575 : 51%
2022-07-17 15:17:39 : 19,200,000 : 0 : 5,458,356,225 : 52%
2022-07-17 17:05:13 : 19,300,000 : 0 : 5,488,241,325 : 52%
2022-07-17 18:50:09 : 19,400,000 : 0 : 5,517,864,275 : 52%
2022-07-17 20:33:53 : 19,500,000 : 0 : 5,547,880,450 : 52%
2022-07-17 22:19:24 : 19,600,000 : 0 : 5,567,672,775 : 53%
2022-07-18 00:11:57 : 19,700,000 : 0 : 5,597,295,725 : 53%
2022-07-18 02:09:28 : 19,800,000 : 0 : 5,626,787,600 : 53%
2022-07-18 04:14:20 : 19,900,000 : 0 : 5,655,886,250 : 53%
2022-07-18 06:37:28 : 20,000,000 : 0 : 5,684,460,600 : 54%
2022-07-18 09:19:04 : 20,100,000 : 0 : 5,713,559,250 : 54%
2022-07-18 11:45:03 : 20,200,000 : 0 : 5,742,002,525 : 54%
2022-07-18 13:39:04 : 20,300,000 : 0 : 5,770,970,100 : 54%
2022-07-18 15:18:44 : 20,400,000 : 0 : 5,800,724,125 : 55%
2022-07-18 16:55:55 : 20,500,000 : 0 : 5,831,133,525 : 55%
2022-07-18 18:32:49 : 20,600,000 : 0 : 5,851,319,075 : 55%
2022-07-18 20:10:03 : 20,700,000 : 0 : 5,881,728,475 : 56%
2022-07-18 21:47:49 : 20,800,000 : 0 : 5,911,875,725 : 56%
2022-07-18 23:29:48 : 20,900,000 : 0 : 5,941,367,600 : 56%
2022-07-19 01:20:51 : 21,000,000 : 0 : 5,970,990,550 : 56%
2022-07-19 03:13:24 : 21,100,000 : 0 : 6,000,744,575 : 57%
2022-07-19 05:17:40 : 21,200,000 : 0 : 6,029,187,850 : 57%
2022-07-19 07:44:45 : 21,300,000 : 0 : 6,058,155,425 : 57%
2022-07-19 10:21:27 : 21,400,000 : 0 : 6,077,423,450 : 57%
2022-07-19 12:35:26 : 21,500,000 : 0 : 6,106,391,025 : 58%
2022-07-19 14:25:03 : 21,600,000 : 0 : 6,136,276,125 : 58%
2022-07-19 16:04:35 : 21,700,000 : 0 : 6,166,161,225 : 58%
2022-07-19 17:41:11 : 21,800,000 : 0 : 6,196,832,775 : 58%
2022-07-19 19:18:55 : 21,900,000 : 0 : 6,227,111,100 : 59%
2022-07-19 20:54:30 : 22,000,000 : 0 : 6,257,127,275 : 59%
2022-07-19 22:31:54 : 22,100,000 : 0 : 6,286,488,075 : 59%
2022-07-20 00:16:29 : 22,200,000 : 0 : 6,306,280,400 : 60%
2022-07-20 02:06:36 : 22,300,000 : 0 : 6,335,510,125 : 60%
2022-07-20 04:00:53 : 22,400,000 : 0 : 6,364,739,850 : 60%
2022-07-20 06:10:10 : 22,500,000 : 0 : 6,393,445,275 : 60%
2022-07-20 08:39:28 : 22,600,000 : 0 : 6,422,412,850 : 61%
2022-07-20 11:09:26 : 22,700,000 : 0 : 6,451,380,425 : 61%
2022-07-20 13:10:51 : 22,800,000 : 0 : 6,480,872,300 : 61%
2022-07-20 14:52:58 : 22,900,000 : 0 : 6,510,233,100 : 61%
2022-07-20 16:28:39 : 23,000,000 : 0 : 6,539,987,125 : 62%
2022-07-20 18:03:35 : 23,100,000 : 0 : 6,560,041,600 : 62%
2022-07-20 19:40:24 : 23,200,000 : 0 : 6,590,057,775 : 62%
2022-07-20 21:18:19 : 23,300,000 : 0 : 6,620,336,100 : 62%
2022-07-20 22:57:06 : 23,400,000 : 0 : 6,649,565,825 : 63%
2022-07-21 00:44:11 : 23,500,000 : 0 : 6,678,795,550 : 63%
2022-07-21 02:34:05 : 23,600,000 : 0 : 6,708,025,275 : 63%
2022-07-21 04:32:50 : 23,700,000 : 0 : 6,737,123,925 : 64%
2022-07-21 06:52:48 : 23,800,000 : 0 : 6,766,091,500 : 64%
2022-07-21 09:30:02 : 23,900,000 : 0 : 6,785,359,525 : 64%
2022-07-21 11:51:47 : 24,000,000 : 0 : 6,814,327,100 : 64%
2022-07-21 13:46:21 : 24,100,000 : 0 : 6,843,687,900 : 65%
2022-07-21 15:27:03 : 24,200,000 : 0 : 6,873,704,075 : 65%
2022-07-21 17:02:54 : 24,300,000 : 0 : 6,904,113,475 : 65%
2022-07-21 18:39:04 : 24,400,000 : 0 : 6,934,129,650 : 65%
2022-07-21 20:15:57 : 24,500,000 : 0 : 6,964,145,825 : 66%
2022-07-21 21:53:51 : 24,600,000 : 0 : 6,993,899,850 : 66%
2022-07-21 23:36:16 : 24,700,000 : 0 : 7,022,867,425 : 66%
2022-07-22 01:27:38 : 24,800,000 : 0 : 7,042,135,450 : 66%
2022-07-22 03:22:33 : 24,900,000 : 0 : 7,071,234,100 : 67%
2022-07-22 05:28:37 : 25,000,000 : 0 : 7,099,677,375 : 67%
2022-07-22 07:54:11 : 25,100,000 : 0 : 7,128,251,725 : 67%
Decoding error with 134,217,728 bytes, reading another chunk
2022-07-22 10:27:20 : 25,200,000 : 0 : 7,166,001,325 : 68%
2022-07-22 12:36:27 : 25,300,000 : 0 : 7,185,007,200 : 68%
2022-07-22 14:22:11 : 25,400,000 : 0 : 7,214,630,150 : 68%
2022-07-22 16:00:49 : 25,500,000 : 0 : 7,244,384,175 : 68%
2022-07-22 17:39:53 : 25,600,000 : 0 : 7,274,531,425 : 69%
2022-07-22 19:17:38 : 25,700,000 : 0 : 7,304,154,375 : 69%
2022-07-22 20:56:47 : 25,800,000 : 0 : 7,333,515,175 : 69%
2022-07-22 22:35:23 : 25,900,000 : 0 : 7,352,783,200 : 69%
2022-07-23 00:22:17 : 26,000,000 : 0 : 7,381,226,475 : 70%
2022-07-23 02:19:04 : 26,100,000 : 0 : 7,409,538,675 : 70%
2022-07-23 04:20:51 : 26,200,000 : 0 : 7,437,981,950 : 70%
2022-07-23 06:36:35 : 26,300,000 : 0 : 7,465,900,925 : 70%
2022-07-23 09:10:28 : 26,400,000 : 0 : 7,492,771,300 : 71%
2022-07-23 11:45:13 : 26,500,000 : 0 : 7,520,428,125 : 71%
2022-07-23 13:49:34 : 26,600,000 : 0 : 7,548,609,250 : 71%
2022-07-23 15:37:15 : 26,700,000 : 0 : 7,577,576,825 : 72%
2022-07-23 17:22:25 : 26,800,000 : 0 : 7,607,593,000 : 72%
2022-07-23 19:08:14 : 26,900,000 : 0 : 7,627,647,475 : 72%
2022-07-23 20:57:51 : 27,000,000 : 0 : 7,657,794,725 : 72%
2022-07-23 22:45:26 : 27,100,000 : 0 : 7,687,548,750 : 73%
2022-07-24 00:41:12 : 27,200,000 : 0 : 7,716,516,325 : 73%
2022-07-24 02:44:17 : 27,300,000 : 0 : 7,745,614,975 : 73%
2022-07-24 04:54:16 : 27,400,000 : 0 : 7,774,058,250 : 73%
2022-07-24 07:30:29 : 27,500,000 : 0 : 7,802,370,450 : 74%
2022-07-24 10:20:33 : 27,600,000 : 0 : 7,830,289,425 : 74%
2022-07-24 12:46:40 : 27,700,000 : 0 : 7,858,339,475 : 74%
2022-07-24 14:44:03 : 27,800,000 : 0 : 7,887,438,125 : 74%
2022-07-24 16:29:53 : 27,900,000 : 0 : 7,917,454,300 : 75%
2022-07-24 18:12:26 : 28,000,000 : 0 : 7,937,639,850 : 75%
2022-07-24 19:54:53 : 28,100,000 : 0 : 7,967,656,025 : 75%
2022-07-24 21:36:26 : 28,200,000 : 0 : 7,997,541,125 : 75%
2022-07-24 23:21:14 : 28,300,000 : 0 : 8,027,164,075 : 76%
2022-07-25 01:14:26 : 28,400,000 : 0 : 8,056,524,875 : 76%
2022-07-25 03:08:17 : 28,500,000 : 0 : 8,086,016,750 : 76%
2022-07-25 05:13:55 : 28,600,000 : 0 : 8,114,853,250 : 77%
2022-07-25 07:37:07 : 28,700,000 : 0 : 8,134,121,275 : 77%
2022-07-25 10:07:52 : 28,800,000 : 0 : 8,162,302,400 : 77%
2022-07-25 12:15:09 : 28,900,000 : 0 : 8,190,483,525 : 77%
2022-07-25 14:03:01 : 29,000,000 : 0 : 8,219,320,025 : 78%
2022-07-25 15:41:02 : 29,100,000 : 0 : 8,248,680,825 : 78%
2022-07-25 17:13:45 : 29,200,000 : 0 : 8,278,697,000 : 78%
2022-07-25 18:48:03 : 29,300,000 : 0 : 8,309,106,400 : 78%
2022-07-25 20:21:49 : 29,400,000 : 0 : 8,339,122,575 : 79%
2022-07-25 21:58:27 : 29,500,000 : 0 : 8,369,138,750 : 79%
2022-07-25 23:38:24 : 29,600,000 : 0 : 8,398,237,400 : 79%
2022-07-26 01:26:28 : 29,700,000 : 0 : 8,427,729,275 : 80%
2022-07-26 03:16:24 : 29,800,000 : 0 : 8,446,866,225 : 80%
2022-07-26 05:17:50 : 29,900,000 : 0 : 8,475,178,425 : 80%
2022-07-26 07:39:14 : 30,000,000 : 0 : 8,503,621,700 : 80%
2022-07-26 10:11:20 : 30,100,000 : 0 : 8,532,327,125 : 81%
2022-07-26 12:19:56 : 30,200,000 : 0 : 8,560,770,400 : 81%
2022-07-26 14:05:27 : 30,300,000 : 0 : 8,589,606,900 : 81%
2022-07-26 15:41:52 : 30,400,000 : 0 : 8,619,360,925 : 81%
2022-07-26 17:15:42 : 30,500,000 : 0 : 8,649,639,250 : 82%
2022-07-26 18:48:40 : 30,600,000 : 0 : 8,679,524,350 : 82%
2022-07-26 20:22:36 : 30,700,000 : 0 : 8,699,447,750 : 82%
2022-07-26 21:57:14 : 30,800,000 : 0 : 8,729,463,925 : 82%
2022-07-26 23:35:50 : 30,900,000 : 0 : 8,758,824,725 : 83%
2022-07-27 01:21:50 : 31,000,000 : 0 : 8,787,792,300 : 83%
2022-07-27 03:11:56 : 31,100,000 : 0 : 8,817,153,100 : 83%
2022-07-27 05:13:29 : 31,200,000 : 0 : 8,845,858,525 : 83%
2022-07-27 07:34:08 : 31,300,000 : 0 : 8,874,957,175 : 84%
2022-07-27 10:06:17 : 31,400,000 : 0 : 8,894,356,275 : 84%
2022-07-27 12:14:04 : 31,500,000 : 0 : 8,922,537,400 : 84%
2022-07-27 14:00:29 : 31,600,000 : 0 : 8,951,636,050 : 84%
2022-07-27 15:36:45 : 31,700,000 : 0 : 8,981,390,075 : 85%
2022-07-27 17:09:13 : 31,800,000 : 0 : 9,011,406,250 : 85%
2022-07-27 18:45:18 : 31,900,000 : 0 : 9,041,684,575 : 85%
2022-07-27 20:21:10 : 32,000,000 : 0 : 9,071,700,750 : 86%
2022-07-27 21:56:08 : 32,100,000 : 0 : 9,101,323,700 : 86%
2022-07-27 23:31:47 : 32,200,000 : 0 : 9,130,160,200 : 86%
2022-07-28 01:16:51 : 32,300,000 : 0 : 9,158,865,625 : 86%
2022-07-28 03:04:49 : 32,400,000 : 0 : 9,178,133,650 : 87%
2022-07-28 05:02:53 : 32,500,000 : 0 : 9,206,839,075 : 87%
2022-07-28 07:17:30 : 32,600,000 : 0 : 9,235,413,425 : 87%
2022-07-28 09:42:31 : 32,700,000 : 0 : 9,263,987,775 : 87%
2022-07-28 11:50:27 : 32,800,000 : 0 : 9,292,431,050 : 88%
2022-07-28 13:36:56 : 32,900,000 : 0 : 9,321,791,850 : 88%
2022-07-28 15:13:37 : 33,000,000 : 0 : 9,352,070,175 : 88%
2022-07-28 16:46:57 : 33,100,000 : 0 : 9,382,348,500 : 89%
2022-07-28 18:19:07 : 33,200,000 : 0 : 9,412,757,900 : 89%
2022-07-28 19:51:34 : 33,300,000 : 0 : 9,442,905,150 : 89%
2022-07-28 21:23:27 : 33,400,000 : 0 : 9,472,790,250 : 89%
2022-07-28 23:00:25 : 33,500,000 : 0 : 9,502,282,125 : 90%
2022-07-29 00:45:00 : 33,600,000 : 0 : 9,532,036,150 : 90%
2022-07-29 02:32:48 : 33,700,000 : 0 : 9,551,566,325 : 90%
2022-07-29 04:28:52 : 33,800,000 : 0 : 9,580,927,125 : 90%
2022-07-29 06:36:11 : 33,900,000 : 0 : 9,609,894,700 : 91%
2022-07-29 09:00:41 : 34,000,000 : 0 : 9,638,862,275 : 91%
2022-07-29 11:20:37 : 34,100,000 : 0 : 9,667,436,625 : 91%
2022-07-29 13:14:59 : 34,200,000 : 0 : 9,696,404,200 : 92%
2022-07-29 14:54:47 : 34,300,000 : 0 : 9,726,289,300 : 92%
2022-07-29 16:28:21 : 34,400,000 : 0 : 9,756,567,625 : 92%
2022-07-29 18:03:22 : 34,500,000 : 0 : 9,786,977,025 : 92%
2022-07-29 19:43:53 : 34,600,000 : 0 : 9,817,648,575 : 93%
2022-07-29 21:26:09 : 34,700,000 : 0 : 9,848,189,050 : 93%
2022-07-29 23:11:59 : 34,800,000 : 0 : 9,878,074,150 : 93%
Decoding error with 134,217,728 bytes, reading another chunk
2022-07-30 01:05:47 : 34,900,000 : 0 : 9,907,828,175 : 94%
2022-07-30 03:05:01 : 35,000,000 : 0 : 9,937,188,975 : 94%
2022-07-30 05:10:18 : 35,100,000 : 0 : 9,966,025,475 : 94%
2022-07-30 07:31:22 : 35,200,000 : 0 : 9,994,599,825 : 94%
2022-07-30 10:14:39 : 35,300,000 : 0 : 10,022,780,950 : 95%
2022-07-30 12:37:17 : 35,400,000 : 0 : 10,051,224,225 : 95%
2022-07-30 14:34:53 : 35,500,000 : 0 : 10,080,453,950 : 95%
2022-07-30 16:22:10 : 35,600,000 : 0 : 10,120,562,900 : 96%
2022-07-30 18:06:31 : 35,700,000 : 0 : 10,150,841,225 : 96%
2022-07-30 19:53:08 : 35,800,000 : 0 : 10,181,119,550 : 96%
2022-07-30 21:41:32 : 35,900,000 : 0 : 10,211,266,800 : 96%
Decoding error with 134,217,728 bytes, reading another chunk
2022-07-30 23:29:25 : 36,000,000 : 0 : 10,250,458,225 : 97%
2022-07-31 01:30:08 : 36,100,000 : 0 : 10,269,988,400 : 97%
2022-07-31 03:35:13 : 36,200,000 : 0 : 10,299,218,125 : 97%
2022-07-31 05:49:17 : 36,300,000 : 0 : 10,327,923,550 : 97%
2022-07-31 08:23:59 : 36,400,000 : 0 : 10,356,760,050 : 98%
2022-07-31 11:05:23 : 36,500,000 : 0 : 10,385,465,475 : 98%
2022-07-31 13:16:33 : 36,600,000 : 0 : 10,414,170,900 : 98%
2022-07-31 15:04:52 : 36,700,000 : 0 : 10,444,056,000 : 99%
2022-07-31 16:46:29 : 36,800,000 : 0 : 10,474,596,475 : 99%
2022-07-31 18:27:28 : 36,900,000 : 0 : 10,504,612,650 : 99%
2022-07-31 20:07:51 : 37,000,000 : 0 : 10,534,497,750 : 99%
2022-07-31 21:48:57 : 37,100,000 : 0 : 10,564,382,850 : 100%
2022-07-31 23:34:35 : 37,200,000 : 0 : 10,594,267,950 : 100%
2022-08-01 01:49:32 : 100,000 : 0 : 38,798,200 : 0%
2022-08-01 03:46:14 : 200,000 : 0 : 67,241,475 : 1%
2022-08-01 05:57:46 : 300,000 : 0 : 95,160,450 : 1%
2022-08-01 08:27:32 : 400,000 : 0 : 123,210,500 : 1%
2022-08-01 11:02:31 : 500,000 : 0 : 141,561,000 : 1%
2022-08-01 13:07:05 : 600,000 : 0 : 169,217,825 : 2%
2022-08-01 14:54:28 : 700,000 : 0 : 197,530,025 : 2%
2022-08-01 16:33:28 : 800,000 : 0 : 226,890,825 : 2%
2022-08-01 18:10:27 : 900,000 : 0 : 255,989,475 : 2%
2022-08-01 19:47:54 : 1,000,000 : 0 : 285,350,275 : 3%
2022-08-01 21:24:23 : 1,100,000 : 0 : 313,924,625 : 3%
Decoding error with 134,217,728 bytes, reading another chunk
2022-08-01 23:05:17 : 1,200,000 : 0 : 342,367,900 : 3%
2022-08-02 00:55:21 : 1,300,000 : 0 : 370,155,800 : 4%
2022-08-02 02:46:41 : 1,400,000 : 0 : 397,812,625 : 4%
2022-08-02 04:46:46 : 1,500,000 : 0 : 415,900,975 : 4%
2022-08-02 07:10:32 : 1,600,000 : 0 : 443,426,725 : 4%
2022-08-02 09:46:12 : 1,700,000 : 0 : 470,690,325 : 5%
2022-08-02 12:01:53 : 1,800,000 : 0 : 497,298,550 : 5%
2022-08-02 13:54:02 : 1,900,000 : 0 : 524,562,150 : 5%
2022-08-02 15:30:59 : 2,000,000 : 0 : 552,612,200 : 5%
2022-08-02 17:05:18 : 2,100,000 : 0 : 581,579,775 : 6%
2022-08-02 18:40:46 : 2,200,000 : 0 : 610,678,425 : 6%
2022-08-02 20:16:36 : 2,300,000 : 0 : 639,252,775 : 6%
2022-08-02 21:52:43 : 2,400,000 : 0 : 658,127,575 : 6%
2022-08-02 23:36:24 : 2,500,000 : 0 : 686,833,000 : 7%
2022-08-03 01:27:19 : 2,600,000 : 0 : 714,751,975 : 7%
2022-08-03 03:24:12 : 2,700,000 : 0 : 742,539,875 : 7%
2022-08-03 05:31:19 : 2,800,000 : 0 : 770,065,625 : 7%
2022-08-03 08:00:22 : 2,900,000 : 0 : 797,591,375 : 8%
2022-08-03 10:33:26 : 3,000,000 : 0 : 824,986,050 : 8%
2022-08-03 12:41:50 : 3,100,000 : 0 : 852,380,725 : 8%
2022-08-03 14:28:28 : 3,200,000 : 0 : 880,824,000 : 8%
2022-08-03 16:06:02 : 3,300,000 : 0 : 909,791,575 : 9%
2022-08-03 17:39:15 : 3,400,000 : 0 : 938,234,850 : 9%
2022-08-03 19:14:03 : 3,500,000 : 0 : 966,678,125 : 9%
2022-08-03 20:49:34 : 3,600,000 : 0 : 985,684,000 : 9%
2022-08-03 22:26:43 : 3,700,000 : 0 : 1,013,471,900 : 10%
2022-08-04 00:10:53 : 3,800,000 : 0 : 1,040,735,500 : 10%
2022-08-04 02:01:51 : 3,900,000 : 0 : 1,068,261,250 : 10%
2022-08-04 04:02:27 : 4,000,000 : 0 : 1,096,180,225 : 11%
2022-08-04 06:15:56 : 4,100,000 : 0 : 1,123,443,825 : 11%
2022-08-04 08:52:47 : 4,200,000 : 0 : 1,150,838,500 : 11%
2022-08-04 11:19:34 : 4,300,000 : 0 : 1,177,971,025 : 11%
2022-08-04 13:18:06 : 4,400,000 : 0 : 1,205,627,850 : 12%
2022-08-04 15:01:09 : 4,500,000 : 0 : 1,224,109,425 : 12%
2022-08-04 16:37:03 : 4,600,000 : 0 : 1,252,683,775 : 12%
2022-08-04 18:14:29 : 4,700,000 : 0 : 1,281,389,200 : 12%
2022-08-04 19:52:56 : 4,800,000 : 0 : 1,310,225,700 : 13%
2022-08-04 21:32:17 : 4,900,000 : 0 : 1,338,275,750 : 13%
2022-08-04 23:15:16 : 5,000,000 : 0 : 1,366,194,725 : 13%
2022-08-05 01:05:02 : 5,100,000 : 0 : 1,393,589,400 : 13%
2022-08-05 02:57:40 : 5,200,000 : 0 : 1,421,115,150 : 14%
2022-08-05 04:59:53 : 5,300,000 : 0 : 1,448,771,975 : 14%
2022-08-05 07:21:49 : 5,400,000 : 0 : 1,467,515,700 : 14%
2022-08-05 09:57:54 : 5,500,000 : 0 : 1,494,779,300 : 14%
2022-08-05 12:10:13 : 5,600,000 : 0 : 1,521,911,825 : 15%
2022-08-05 14:01:39 : 5,700,000 : 0 : 1,549,961,875 : 15%
2022-08-05 15:40:43 : 5,800,000 : 0 : 1,578,274,075 : 15%
2022-08-05 17:20:51 : 5,900,000 : 0 : 1,607,634,875 : 15%
2022-08-05 19:01:18 : 6,000,000 : 0 : 1,636,602,450 : 16%
2022-08-05 20:44:03 : 6,100,000 : 0 : 1,665,176,800 : 16%
2022-08-05 22:28:33 : 6,200,000 : 0 : 1,693,620,075 : 16%
2022-08-06 00:21:48 : 6,300,000 : 0 : 1,712,101,650 : 16%
2022-08-06 02:23:39 : 6,400,000 : 0 : 1,739,496,325 : 17%
2022-08-06 04:33:40 : 6,500,000 : 0 : 1,766,759,925 : 17%
2022-08-06 07:00:19 : 6,600,000 : 0 : 1,793,761,375 : 17%
2022-08-06 09:45:02 : 6,700,000 : 0 : 1,820,369,600 : 17%
2022-08-06 12:16:35 : 6,800,000 : 0 : 1,847,108,900 : 18%
2022-08-06 14:17:01 : 6,900,000 : 0 : 1,865,066,175 : 18%
2022-08-06 16:05:12 : 7,000,000 : 0 : 1,893,247,300 : 18%
2022-08-06 17:52:32 : 7,100,000 : 0 : 1,921,690,575 : 18%
2022-08-06 19:43:36 : 7,200,000 : 0 : 1,950,527,075 : 19%
2022-08-06 21:33:57 : 7,300,000 : 0 : 1,978,839,275 : 19%
2022-08-06 23:26:52 : 7,400,000 : 0 : 2,005,971,800 : 19%
2022-08-07 01:29:49 : 7,500,000 : 0 : 2,033,104,325 : 19%
2022-08-07 03:36:56 : 7,600,000 : 0 : 2,051,192,675 : 20%
2022-08-07 05:57:30 : 7,700,000 : 0 : 2,077,800,900 : 20%
2022-08-07 08:38:12 : 7,800,000 : 0 : 2,104,146,975 : 20%
2022-08-07 11:22:14 : 7,900,000 : 0 : 2,131,017,350 : 20%
2022-08-07 13:36:21 : 8,000,000 : 0 : 2,158,018,800 : 21%
2022-08-07 15:27:34 : 8,100,000 : 0 : 2,186,462,075 : 21%
2022-08-07 17:12:32 : 8,200,000 : 0 : 2,214,905,350 : 21%
2022-08-07 18:57:15 : 8,300,000 : 0 : 2,243,741,850 : 21%
2022-08-07 20:40:34 : 8,400,000 : 0 : 2,262,878,800 : 22%
2022-08-07 22:24:07 : 8,500,000 : 0 : 2,291,191,000 : 22%
2022-08-08 00:14:52 : 8,600,000 : 0 : 2,318,978,900 : 22%
2022-08-08 02:11:07 : 8,700,000 : 0 : 2,346,504,650 : 22%
2022-08-08 04:12:12 : 8,800,000 : 0 : 2,374,030,400 : 23%
2022-08-08 06:30:20 : 8,900,000 : 0 : 2,401,425,075 : 23%
2022-08-08 09:03:53 : 9,000,000 : 0 : 2,419,513,425 : 23%
2022-08-08 11:31:37 : 9,100,000 : 0 : 2,447,170,250 : 23%
2022-08-08 13:31:13 : 9,200,000 : 0 : 2,475,351,375 : 24%
2022-08-08 15:11:47 : 9,300,000 : 0 : 2,503,532,500 : 24%
2022-08-08 16:46:51 : 9,400,000 : 0 : 2,532,237,925 : 24%
2022-08-08 18:20:11 : 9,500,000 : 0 : 2,561,205,500 : 25%
2022-08-08 19:54:24 : 9,600,000 : 0 : 2,590,304,150 : 25%
2022-08-08 21:30:43 : 9,700,000 : 0 : 2,618,747,425 : 25%
2022-08-08 23:10:35 : 9,800,000 : 0 : 2,637,229,000 : 25%
2022-08-09 00:58:17 : 9,900,000 : 0 : 2,665,016,900 : 26%
2022-08-09 02:50:21 : 10,000,000 : 0 : 2,692,935,875 : 26%
2022-08-09 04:55:14 : 10,100,000 : 0 : 2,720,592,700 : 26%
2022-08-09 07:22:05 : 10,200,000 : 0 : 2,748,380,600 : 26%
2022-08-09 09:59:35 : 10,300,000 : 0 : 2,775,906,350 : 27%
2022-08-09 12:13:47 : 10,400,000 : 0 : 2,803,432,100 : 27%
2022-08-09 14:04:02 : 10,500,000 : 0 : 2,832,006,450 : 27%
2022-08-09 15:41:01 : 10,600,000 : 0 : 2,860,449,725 : 27%
2022-08-09 17:14:48 : 10,700,000 : 0 : 2,889,679,450 : 28%
2022-08-09 18:47:56 : 10,800,000 : 0 : 2,908,685,325 : 28%
2022-08-09 20:22:19 : 10,900,000 : 0 : 2,937,783,975 : 28%
2022-08-09 22:02:53 : 11,000,000 : 0 : 2,966,620,475 : 28%
2022-08-09 23:50:02 : 11,100,000 : 0 : 2,994,932,675 : 29%
2022-08-10 01:44:40 : 11,200,000 : 0 : 3,023,507,025 : 29%
2022-08-10 03:44:41 : 11,300,000 : 0 : 3,051,557,075 : 29%
2022-08-10 06:00:10 : 11,400,000 : 0 : 3,079,607,125 : 29%
2022-08-10 08:40:02 : 11,500,000 : 0 : 3,107,788,250 : 30%
2022-08-10 11:11:26 : 11,600,000 : 0 : 3,135,182,925 : 30%
2022-08-10 13:12:20 : 11,700,000 : 0 : 3,162,970,825 : 30%
2022-08-10 14:54:40 : 11,800,000 : 0 : 3,191,545,175 : 31%
2022-08-10 16:30:54 : 11,900,000 : 0 : 3,210,551,050 : 31%
2022-08-10 18:05:35 : 12,000,000 : 0 : 3,239,387,550 : 31%
2022-08-10 19:39:24 : 12,100,000 : 0 : 3,267,699,750 : 31%
2022-08-10 21:15:47 : 12,200,000 : 0 : 3,296,274,100 : 32%
2022-08-10 22:56:51 : 12,300,000 : 0 : 3,324,324,150 : 32%
2022-08-11 00:49:46 : 12,400,000 : 0 : 3,353,029,575 : 32%
2022-08-11 02:45:04 : 12,500,000 : 0 : 3,381,079,625 : 32%
2022-08-11 04:50:21 : 12,600,000 : 0 : 3,408,736,450 : 33%
2022-08-11 07:20:06 : 12,700,000 : 0 : 3,436,000,050 : 33%
2022-08-11 10:02:05 : 12,800,000 : 0 : 3,463,394,725 : 33%
2022-08-11 12:24:01 : 12,900,000 : 0 : 3,490,789,400 : 33%
2022-08-11 14:17:37 : 13,000,000 : 0 : 3,519,363,750 : 34%
2022-08-11 15:58:08 : 13,100,000 : 0 : 3,538,762,850 : 34%
2022-08-11 17:37:32 : 13,200,000 : 0 : 3,567,861,500 : 34%
2022-08-11 19:17:56 : 13,300,000 : 0 : 3,596,698,000 : 34%
2022-08-11 20:58:26 : 13,400,000 : 0 : 3,625,796,650 : 35%
2022-08-11 22:39:17 : 13,500,000 : 0 : 3,654,108,850 : 35%
2022-08-12 00:28:10 : 13,600,000 : 0 : 3,681,765,675 : 35%
2022-08-12 02:20:50 : 13,700,000 : 0 : 3,709,291,425 : 36%
2022-08-12 04:20:38 : 13,800,000 : 0 : 3,736,555,025 : 36%
2022-08-12 06:39:48 : 13,900,000 : 0 : 3,763,949,700 : 36%
2022-08-12 09:17:10 : 14,000,000 : 0 : 3,781,775,900 : 36%
2022-08-12 11:44:10 : 14,100,000 : 0 : 3,809,170,575 : 36%
2022-08-12 13:44:06 : 14,200,000 : 0 : 3,837,744,925 : 37%
2022-08-12 15:25:58 : 14,300,000 : 0 : 3,866,581,425 : 37%
2022-08-12 17:04:50 : 14,400,000 : 0 : 3,895,417,925 : 37%
2022-08-12 18:47:41 : 14,500,000 : 0 : 3,924,385,500 : 38%
2022-08-12 20:31:52 : 14,600,000 : 0 : 3,953,353,075 : 38%
2022-08-12 22:15:26 : 14,700,000 : 0 : 3,981,140,975 : 38%
2022-08-13 00:06:10 : 14,800,000 : 0 : 4,008,666,725 : 38%
2022-08-13 02:03:49 : 14,900,000 : 0 : 4,036,061,400 : 39%
2022-08-13 04:08:45 : 15,000,000 : 0 : 4,054,280,825 : 39%
2022-08-13 06:29:58 : 15,100,000 : 0 : 4,081,282,275 : 39%
2022-08-13 09:11:30 : 15,200,000 : 0 : 4,107,628,350 : 39%
2022-08-13 11:50:01 : 15,300,000 : 0 : 4,134,367,650 : 40%
2022-08-13 14:00:22 : 15,400,000 : 0 : 4,161,893,400 : 40%
2022-08-13 15:51:25 : 15,500,000 : 0 : 4,190,074,525 : 40%
2022-08-13 17:39:14 : 15,600,000 : 0 : 4,218,779,950 : 40%
2022-08-13 19:29:09 : 15,700,000 : 0 : 4,247,485,375 : 41%
2022-08-13 21:22:44 : 15,800,000 : 0 : 4,276,452,950 : 41%
2022-08-13 23:18:01 : 15,900,000 : 0 : 4,304,371,925 : 41%
2022-08-14 01:21:41 : 16,000,000 : 0 : 4,331,897,675 : 41%
2022-08-14 03:31:43 : 16,100,000 : 0 : 4,359,161,275 : 42%
2022-08-14 05:54:02 : 16,200,000 : 0 : 4,376,987,475 : 42%
2022-08-14 08:34:08 : 16,300,000 : 0 : 4,403,595,700 : 42%
2022-08-14 11:18:58 : 16,400,000 : 0 : 4,430,335,000 : 42%
2022-08-14 13:34:58 : 16,500,000 : 0 : 4,457,729,675 : 43%
2022-08-14 15:28:19 : 16,600,000 : 0 : 4,486,041,875 : 43%
2022-08-14 17:15:28 : 16,700,000 : 0 : 4,515,533,750 : 43%
2022-08-14 19:01:33 : 16,800,000 : 0 : 4,544,370,250 : 44%
2022-08-14 20:48:23 : 16,900,000 : 0 : 4,573,731,050 : 44%
2022-08-14 22:35:03 : 17,000,000 : 0 : 4,601,650,025 : 44%
2022-08-15 00:30:09 : 17,100,000 : 0 : 4,630,093,300 : 44%
2022-08-15 02:27:14 : 17,200,000 : 0 : 4,658,405,500 : 45%
2022-08-15 04:33:08 : 17,300,000 : 0 : 4,686,324,475 : 45%
2022-08-15 06:58:59 : 17,400,000 : 0 : 4,713,850,225 : 45%
2022-08-15 09:43:35 : 17,500,000 : 0 : 4,741,375,975 : 45%
2022-08-15 12:07:45 : 17,600,000 : 0 : 4,769,426,025 : 46%
2022-08-15 14:01:48 : 17,700,000 : 0 : 4,798,131,450 : 46%
2022-08-15 15:42:00 : 17,800,000 : 0 : 4,827,492,250 : 46%
2022-08-15 17:17:59 : 17,900,000 : 0 : 4,856,853,050 : 47%
2022-08-15 18:55:15 : 18,000,000 : 0 : 4,876,383,225 : 47%
2022-08-15 20:32:18 : 18,100,000 : 0 : 4,904,957,575 : 47%
2022-08-15 22:10:03 : 18,200,000 : 0 : 4,933,531,925 : 47%
2022-08-15 23:55:54 : 18,300,000 : 0 : 4,961,319,825 : 48%
2022-08-16 01:47:15 : 18,400,000 : 0 : 4,988,976,650 : 48%
2022-08-16 03:43:16 : 18,500,000 : 0 : 5,016,633,475 : 48%
2022-08-16 05:57:22 : 18,600,000 : 0 : 5,043,766,000 : 48%
2022-08-16 08:32:23 : 18,700,000 : 0 : 5,071,291,750 : 49%
2022-08-16 11:06:18 : 18,800,000 : 0 : 5,099,079,650 : 49%
2022-08-16 13:06:12 : 18,900,000 : 0 : 5,127,522,925 : 49%
2022-08-16 14:50:31 : 19,000,000 : 0 : 5,156,752,650 : 49%
2022-08-16 16:28:20 : 19,100,000 : 0 : 5,176,151,750 : 50%
2022-08-16 18:05:18 : 19,200,000 : 0 : 5,205,250,400 : 50%
2022-08-16 19:43:05 : 19,300,000 : 0 : 5,234,217,975 : 50%
2022-08-16 21:20:19 : 19,400,000 : 0 : 5,262,661,250 : 50%
2022-08-16 23:00:49 : 19,500,000 : 0 : 5,289,924,850 : 51%
2022-08-17 00:48:44 : 19,600,000 : 0 : 5,317,712,750 : 51%
2022-08-17 02:42:19 : 19,700,000 : 0 : 5,345,107,425 : 51%
2022-08-17 04:45:15 : 19,800,000 : 0 : 5,372,502,100 : 51%
2022-08-17 07:10:11 : 19,900,000 : 0 : 5,400,290,000 : 52%
2022-08-17 09:47:47 : 20,000,000 : 0 : 5,428,208,975 : 52%
2022-08-17 12:03:53 : 20,100,000 : 0 : 5,455,996,875 : 52%
2022-08-17 13:55:37 : 20,200,000 : 0 : 5,484,046,925 : 53%
2022-08-17 15:33:50 : 20,300,000 : 0 : 5,503,314,950 : 53%
2022-08-17 17:10:21 : 20,400,000 : 0 : 5,532,282,525 : 53%
2022-08-17 18:49:01 : 20,500,000 : 0 : 5,561,643,325 : 53%
2022-08-17 20:25:54 : 20,600,000 : 0 : 5,590,610,900 : 54%
2022-08-17 22:02:56 : 20,700,000 : 0 : 5,619,054,175 : 54%
2022-08-17 23:46:44 : 20,800,000 : 0 : 5,647,497,450 : 54%
2022-08-18 01:35:49 : 20,900,000 : 0 : 5,675,285,350 : 54%
2022-08-18 03:28:04 : 21,000,000 : 0 : 5,702,811,100 : 55%
2022-08-18 05:35:22 : 21,100,000 : 0 : 5,729,812,550 : 55%
2022-08-18 08:04:02 : 21,200,000 : 0 : 5,748,163,050 : 55%
2022-08-18 10:34:04 : 21,300,000 : 0 : 5,775,426,650 : 55%
2022-08-18 12:37:43 : 21,400,000 : 0 : 5,802,952,400 : 56%
2022-08-18 14:23:18 : 21,500,000 : 0 : 5,831,395,675 : 56%
2022-08-18 16:00:53 : 21,600,000 : 0 : 5,860,363,250 : 56%
2022-08-18 17:36:41 : 21,700,000 : 0 : 5,889,199,750 : 56%
2022-08-18 19:12:57 : 21,800,000 : 0 : 5,917,905,175 : 57%
2022-08-18 20:49:24 : 21,900,000 : 0 : 5,946,217,375 : 57%
2022-08-18 22:26:01 : 22,000,000 : 0 : 5,974,267,425 : 57%
2022-08-19 00:10:46 : 22,100,000 : 0 : 6,001,924,250 : 57%
2022-08-19 02:02:19 : 22,200,000 : 0 : 6,029,581,075 : 58%
2022-08-19 03:58:24 : 22,300,000 : 0 : 6,047,669,425 : 58%
2022-08-19 06:10:25 : 22,400,000 : 0 : 6,074,539,800 : 58%
2022-08-19 08:40:35 : 22,500,000 : 0 : 6,100,492,650 : 58%
2022-08-19 11:08:37 : 22,600,000 : 0 : 6,128,149,475 : 59%
2022-08-19 13:07:55 : 22,700,000 : 0 : 6,155,806,300 : 59%
2022-08-19 14:52:06 : 22,800,000 : 0 : 6,184,380,650 : 59%
2022-08-19 16:30:01 : 22,900,000 : 0 : 6,213,348,225 : 60%
2022-08-19 18:07:58 : 23,000,000 : 0 : 6,241,922,575 : 60%
2022-08-19 19:47:36 : 23,100,000 : 0 : 6,270,759,075 : 60%
2022-08-19 21:27:36 : 23,200,000 : 0 : 6,299,202,350 : 60%
2022-08-19 23:10:27 : 23,300,000 : 0 : 6,327,121,325 : 61%
2022-08-20 01:03:48 : 23,400,000 : 0 : 6,354,778,150 : 61%
2022-08-20 03:04:05 : 23,500,000 : 0 : 6,382,434,975 : 61%
2022-08-20 05:16:20 : 23,600,000 : 0 : 6,409,305,350 : 61%
2022-08-20 07:46:23 : 23,700,000 : 0 : 6,436,306,800 : 62%
2022-08-20 10:27:18 : 23,800,000 : 0 : 6,454,395,150 : 62%
2022-08-20 12:48:15 : 23,900,000 : 0 : 6,481,789,825 : 62%
2022-08-20 14:43:43 : 24,000,000 : 0 : 6,509,839,875 : 62%
2022-08-20 16:28:59 : 24,100,000 : 0 : 6,538,283,150 : 63%
2022-08-20 18:14:52 : 24,200,000 : 0 : 6,567,775,025 : 63%
2022-08-20 20:04:28 : 24,300,000 : 0 : 6,596,873,675 : 63%
2022-08-20 21:55:36 : 24,400,000 : 0 : 6,625,448,025 : 63%
2022-08-20 23:50:04 : 24,500,000 : 0 : 6,653,235,925 : 64%
2022-08-21 01:51:07 : 24,600,000 : 0 : 6,680,237,375 : 64%
2022-08-21 04:00:10 : 24,700,000 : 0 : 6,707,107,750 : 64%
2022-08-21 06:23:16 : 24,800,000 : 0 : 6,733,453,825 : 64%
2022-08-21 09:06:39 : 24,900,000 : 0 : 6,760,324,200 : 65%
2022-08-21 11:46:51 : 25,000,000 : 0 : 6,786,932,425 : 65%
2022-08-21 13:54:34 : 25,100,000 : 0 : 6,814,589,250 : 65%
2022-08-21 15:43:06 : 25,200,000 : 0 : 6,843,425,750 : 66%
2022-08-21 17:25:56 : 25,300,000 : 0 : 6,872,524,400 : 66%
2022-08-21 19:07:58 : 25,400,000 : 0 : 6,901,885,200 : 66%
2022-08-21 20:50:01 : 25,500,000 : 0 : 6,921,022,150 : 66%
2022-08-21 22:32:11 : 25,600,000 : 0 : 6,948,810,050 : 67%
2022-08-22 00:23:11 : 25,700,000 : 0 : 6,976,729,025 : 67%
2022-08-22 02:19:26 : 25,800,000 : 0 : 7,004,385,850 : 67%
2022-08-22 04:21:39 : 25,900,000 : 0 : 7,031,911,600 : 67%
2022-08-22 06:44:09 : 26,000,000 : 0 : 7,059,175,200 : 68%
2022-08-22 09:21:57 : 26,100,000 : 0 : 7,086,569,875 : 68%
2022-08-22 11:42:27 : 26,200,000 : 0 : 7,114,095,625 : 68%
2022-08-22 13:34:54 : 26,300,000 : 0 : 7,142,407,825 : 68%
2022-08-22 15:13:17 : 26,400,000 : 0 : 7,171,113,250 : 69%
2022-08-22 16:48:52 : 26,500,000 : 0 : 7,200,211,900 : 69%
2022-08-22 18:23:15 : 26,600,000 : 0 : 7,229,310,550 : 69%
2022-08-22 20:00:38 : 26,700,000 : 0 : 7,258,540,275 : 70%
2022-08-22 21:36:02 : 26,800,000 : 0 : 7,277,546,150 : 70%
2022-08-22 23:14:40 : 26,900,000 : 0 : 7,305,596,200 : 70%
2022-08-23 01:03:10 : 27,000,000 : 0 : 7,333,384,100 : 70%
2022-08-23 02:54:12 : 27,100,000 : 0 : 7,361,303,075 : 71%
2022-08-23 04:58:00 : 27,200,000 : 0 : 7,388,959,900 : 71%
2022-08-23 07:27:27 : 27,300,000 : 0 : 7,416,747,800 : 71%
2022-08-23 10:05:08 : 27,400,000 : 0 : 7,444,142,475 : 71%
2022-08-23 12:17:16 : 27,500,000 : 0 : 7,471,930,375 : 72%
2022-08-23 14:05:44 : 27,600,000 : 0 : 7,500,635,800 : 72%
2022-08-23 15:44:17 : 27,700,000 : 0 : 7,529,865,525 : 72%
2022-08-23 17:20:59 : 27,800,000 : 0 : 7,559,357,400 : 72%
2022-08-23 18:59:31 : 27,900,000 : 0 : 7,588,587,125 : 73%
2022-08-23 20:35:41 : 28,000,000 : 0 : 7,617,947,925 : 73%
2022-08-23 22:13:20 : 28,100,000 : 0 : 7,646,260,125 : 73%
2022-08-23 23:57:44 : 28,200,000 : 0 : 7,674,441,250 : 74%
2022-08-24 01:46:57 : 28,300,000 : 0 : 7,702,622,375 : 74%
2022-08-24 03:41:24 : 28,400,000 : 0 : 7,730,541,350 : 74%
2022-08-24 05:52:23 : 28,500,000 : 0 : 7,757,673,875 : 74%
2022-08-24 08:23:51 : 28,600,000 : 0 : 7,776,417,600 : 74%
2022-08-24 10:51:36 : 28,700,000 : 0 : 7,803,681,200 : 75%
2022-08-24 12:52:54 : 28,800,000 : 0 : 7,831,469,100 : 75%
2022-08-24 14:35:30 : 28,900,000 : 0 : 7,860,174,525 : 75%
2022-08-24 16:12:25 : 29,000,000 : 0 : 7,889,142,100 : 76%
2022-08-24 17:48:27 : 29,100,000 : 0 : 7,918,633,975 : 76%
2022-08-24 19:25:58 : 29,200,000 : 0 : 7,947,339,400 : 76%
2022-08-24 21:02:59 : 29,300,000 : 0 : 7,976,175,900 : 76%
2022-08-24 22:40:36 : 29,400,000 : 0 : 8,004,488,100 : 77%
2022-08-25 00:26:11 : 29,500,000 : 0 : 8,032,407,075 : 77%
2022-08-25 02:16:26 : 29,600,000 : 0 : 8,060,588,200 : 77%
2022-08-25 04:14:49 : 29,700,000 : 0 : 8,087,982,875 : 77%
2022-08-25 06:32:34 : 29,800,000 : 0 : 8,114,722,175 : 78%
2022-08-25 09:10:07 : 29,900,000 : 0 : 8,142,116,850 : 78%
2022-08-25 11:30:12 : 30,000,000 : 0 : 8,169,249,375 : 78%
2022-08-25 13:21:43 : 30,100,000 : 0 : 8,197,299,425 : 79%
2022-08-25 15:01:58 : 30,200,000 : 0 : 8,225,611,625 : 79%
2022-08-25 16:38:13 : 30,300,000 : 0 : 8,254,710,275 : 79%
2022-08-25 18:14:24 : 30,400,000 : 0 : 8,274,109,375 : 79%
2022-08-25 19:50:40 : 30,500,000 : 0 : 8,302,683,725 : 80%
2022-08-25 21:27:35 : 30,600,000 : 0 : 8,331,258,075 : 80%
2022-08-25 23:06:47 : 30,700,000 : 0 : 8,358,914,900 : 80%
2022-08-26 00:53:08 : 30,800,000 : 0 : 8,386,440,650 : 80%
2022-08-26 02:44:42 : 30,900,000 : 0 : 8,413,835,325 : 81%
2022-08-26 04:41:19 : 31,000,000 : 0 : 8,440,705,700 : 81%
2022-08-26 07:01:26 : 31,100,000 : 0 : 8,467,969,300 : 81%
2022-08-26 09:36:58 : 31,200,000 : 0 : 8,495,363,975 : 81%
2022-08-26 11:56:18 : 31,300,000 : 0 : 8,523,151,875 : 82%
2022-08-26 13:46:37 : 31,400,000 : 0 : 8,551,988,375 : 82%
2022-08-26 15:26:00 : 31,500,000 : 0 : 8,580,693,800 : 82%
2022-08-26 17:03:03 : 31,600,000 : 0 : 8,609,923,525 : 82%
2022-08-26 18:41:02 : 31,700,000 : 0 : 8,638,891,100 : 83%
2022-08-26 20:21:26 : 31,800,000 : 0 : 8,668,251,900 : 83%
2022-08-26 22:04:02 : 31,900,000 : 0 : 8,697,088,400 : 83%
2022-08-26 23:52:33 : 32,000,000 : 0 : 8,725,531,675 : 84%
2022-08-27 01:49:05 : 32,100,000 : 0 : 8,753,450,650 : 84%
2022-08-27 03:52:54 : 32,200,000 : 0 : 8,780,976,400 : 84%
2022-08-27 06:09:28 : 32,300,000 : 0 : 8,807,584,625 : 84%
2022-08-27 08:42:37 : 32,400,000 : 0 : 8,833,537,475 : 85%
2022-08-27 11:14:38 : 32,500,000 : 0 : 8,859,621,400 : 85%
2022-08-27 13:22:33 : 32,600,000 : 0 : 8,887,016,075 : 85%
2022-08-27 15:08:55 : 32,700,000 : 0 : 8,915,066,125 : 85%
2022-08-27 16:50:20 : 32,800,000 : 0 : 8,934,203,075 : 86%
2022-08-27 18:31:47 : 32,900,000 : 0 : 8,962,908,500 : 86%
2022-08-27 20:12:49 : 33,000,000 : 0 : 8,991,220,700 : 86%
2022-08-27 22:00:33 : 33,100,000 : 0 : 9,019,663,975 : 86%
2022-08-27 23:50:03 : 33,200,000 : 0 : 9,047,845,100 : 87%
2022-08-28 01:52:17 : 33,300,000 : 0 : 9,075,895,150 : 87%
2022-08-28 03:58:43 : 33,400,000 : 0 : 9,102,896,600 : 87%
2022-08-28 06:18:06 : 33,500,000 : 0 : 9,129,766,975 : 87%
2022-08-28 09:00:12 : 33,600,000 : 0 : 9,157,161,650 : 88%
2022-08-28 11:40:44 : 33,700,000 : 0 : 9,184,687,400 : 88%
2022-08-28 13:46:29 : 33,800,000 : 0 : 9,212,213,150 : 88%
2022-08-28 15:34:57 : 33,900,000 : 0 : 9,240,918,575 : 89%
2022-08-28 17:18:55 : 34,000,000 : 0 : 9,270,541,525 : 89%
2022-08-28 19:00:49 : 34,100,000 : 0 : 9,299,902,325 : 89%
2022-08-28 20:41:17 : 34,200,000 : 0 : 9,329,132,050 : 89%
2022-08-28 22:23:43 : 34,300,000 : 0 : 9,357,706,400 : 90%
2022-08-29 00:13:32 : 34,400,000 : 0 : 9,386,018,600 : 90%
2022-08-29 02:08:58 : 34,500,000 : 0 : 9,413,675,425 : 90%
2022-08-29 04:08:30 : 34,600,000 : 0 : 9,440,939,025 : 90%
2022-08-29 06:29:43 : 34,700,000 : 0 : 9,468,595,850 : 91%
2022-08-29 09:11:56 : 34,800,000 : 0 : 9,496,514,825 : 91%
2022-08-29 11:40:15 : 34,900,000 : 0 : 9,524,827,025 : 91%
2022-08-29 13:35:43 : 35,000,000 : 0 : 9,553,794,600 : 92%
2022-08-29 15:17:23 : 35,100,000 : 0 : 9,583,024,325 : 92%
2022-08-29 16:54:10 : 35,200,000 : 0 : 9,612,647,275 : 92%
2022-08-29 18:29:54 : 35,300,000 : 0 : 9,632,570,675 : 92%
2022-08-29 20:06:58 : 35,400,000 : 0 : 9,662,455,775 : 93%
2022-08-29 21:42:35 : 35,500,000 : 0 : 9,691,816,575 : 93%
2022-08-29 23:24:27 : 35,600,000 : 0 : 9,720,653,075 : 93%
2022-08-30 01:14:36 : 35,700,000 : 0 : 9,750,013,875 : 93%
2022-08-30 03:07:26 : 35,800,000 : 0 : 9,779,374,675 : 94%
2022-08-30 05:15:50 : 35,900,000 : 0 : 9,807,817,950 : 94%
2022-08-30 07:47:42 : 36,000,000 : 0 : 9,836,654,450 : 94%
2022-08-30 10:27:55 : 36,100,000 : 0 : 9,856,315,700 : 94%
2022-08-30 12:33:09 : 36,200,000 : 0 : 9,884,103,600 : 95%
2022-08-30 14:16:53 : 36,300,000 : 0 : 9,912,809,025 : 95%
2022-08-30 15:54:12 : 36,400,000 : 0 : 9,941,907,675 : 95%
2022-08-30 17:27:12 : 36,500,000 : 0 : 9,971,006,325 : 96%
2022-08-30 19:01:21 : 36,600,000 : 0 : 9,999,580,675 : 96%
2022-08-30 20:36:04 : 36,700,000 : 0 : 10,028,155,025 : 96%
2022-08-30 22:11:23 : 36,800,000 : 0 : 10,056,598,300 : 96%
2022-08-30 23:52:40 : 36,900,000 : 0 : 10,084,910,500 : 97%
2022-08-31 01:42:40 : 37,000,000 : 0 : 10,112,829,475 : 97%
2022-08-31 03:36:20 : 37,100,000 : 0 : 10,140,748,450 : 97%
2022-08-31 05:47:48 : 37,200,000 : 0 : 10,168,274,200 : 97%
2022-08-31 08:22:12 : 37,300,000 : 0 : 10,196,324,250 : 98%
2022-08-31 10:51:50 : 37,400,000 : 0 : 10,224,112,150 : 98%
2022-08-31 12:50:49 : 37,500,000 : 0 : 10,252,162,200 : 98%
2022-08-31 14:33:55 : 37,600,000 : 0 : 10,280,867,625 : 98%
2022-08-31 16:10:25 : 37,700,000 : 0 : 10,309,966,275 : 99%
2022-08-31 17:46:52 : 37,800,000 : 0 : 10,338,802,775 : 99%
2022-08-31 19:22:39 : 37,900,000 : 0 : 10,367,508,200 : 99%
2022-08-31 20:59:22 : 38,000,000 : 0 : 10,396,082,550 : 100%
2022-08-31 22:37:08 : 38,100,000 : 0 : 10,424,001,525 : 100%
2022-09-01 01:49:57 : 100,000 : 0 : 41,288,625 : 0%
2022-09-01 03:43:53 : 200,000 : 0 : 70,911,575 : 1%
2022-09-01 05:55:50 : 300,000 : 0 : 99,354,850 : 1%
2022-09-01 08:26:22 : 400,000 : 0 : 128,191,350 : 1%
2022-09-01 10:52:10 : 500,000 : 0 : 156,503,550 : 2%
2022-09-01 12:48:34 : 600,000 : 0 : 185,864,350 : 2%
2022-09-01 14:30:35 : 700,000 : 0 : 215,880,525 : 2%
2022-09-01 16:06:06 : 800,000 : 0 : 235,935,000 : 2%
2022-09-01 17:53:45 : 900,000 : 0 : 267,524,075 : 3%
2022-09-01 19:41:13 : 1,000,000 : 0 : 298,326,700 : 3%
2022-09-01 21:28:18 : 1,100,000 : 0 : 328,867,175 : 3%
2022-09-01 23:19:44 : 1,200,000 : 0 : 358,752,275 : 4%
2022-09-02 01:21:55 : 1,300,000 : 0 : 388,768,450 : 4%
2022-09-02 03:29:32 : 1,400,000 : 0 : 408,822,925 : 4%
2022-09-02 05:55:59 : 1,500,000 : 0 : 437,659,425 : 4%
2022-09-02 08:52:30 : 1,600,000 : 0 : 467,151,300 : 5%
2022-09-02 11:33:01 : 1,700,000 : 0 : 496,643,175 : 5%
2022-09-02 13:39:42 : 1,800,000 : 0 : 527,052,575 : 5%
2022-09-02 15:26:57 : 1,900,000 : 0 : 547,500,275 : 6%
2022-09-02 17:09:31 : 2,000,000 : 0 : 577,909,675 : 6%
2022-09-02 18:55:43 : 2,100,000 : 0 : 608,450,150 : 6%
2022-09-02 20:46:27 : 2,200,000 : 0 : 639,383,850 : 6%
2022-09-02 22:38:17 : 2,300,000 : 0 : 669,268,950 : 7%
2022-09-03 00:40:12 : 2,400,000 : 0 : 698,629,750 : 7%
2022-09-03 02:56:12 : 2,500,000 : 0 : 718,684,225 : 7%
2022-09-03 05:22:46 : 2,600,000 : 0 : 747,913,950 : 8%
2022-09-03 08:15:28 : 2,700,000 : 0 : 777,012,600 : 8%
2022-09-03 11:16:30 : 2,800,000 : 0 : 806,373,400 : 8%
2022-09-03 13:38:12 : 2,900,000 : 0 : 836,258,500 : 8%
2022-09-03 15:37:01 : 3,000,000 : 0 : 856,444,050 : 9%
2022-09-03 17:27:49 : 3,100,000 : 0 : 887,115,600 : 9%
2022-09-03 19:19:59 : 3,200,000 : 0 : 917,787,150 : 9%
2022-09-03 21:15:57 : 3,300,000 : 0 : 948,196,550 : 10%
2022-09-03 23:14:47 : 3,400,000 : 0 : 978,081,650 : 10%
2022-09-04 01:23:56 : 3,500,000 : 0 : 1,007,966,750 : 10%
2022-09-04 03:41:00 : 3,600,000 : 0 : 1,027,365,850 : 10%
2022-09-04 06:15:37 : 3,700,000 : 0 : 1,056,202,350 : 11%
2022-09-04 09:13:18 : 3,800,000 : 0 : 1,084,907,775 : 11%
2022-09-04 12:02:29 : 3,900,000 : 0 : 1,114,137,500 : 11%
2022-09-04 14:15:36 : 4,000,000 : 0 : 1,144,153,675 : 12%
2022-09-04 16:07:42 : 4,100,000 : 0 : 1,164,601,375 : 12%
2022-09-04 17:57:04 : 4,200,000 : 0 : 1,195,404,000 : 12%
2022-09-04 19:45:19 : 4,300,000 : 0 : 1,225,813,400 : 12%
2022-09-04 21:34:34 : 4,400,000 : 0 : 1,255,960,650 : 13%
2022-09-04 23:33:39 : 4,500,000 : 0 : 1,285,976,825 : 13%
2022-09-05 01:43:12 : 4,600,000 : 0 : 1,315,599,775 : 13%
2022-09-05 04:00:06 : 4,700,000 : 0 : 1,335,261,025 : 14%
2022-09-05 06:29:33 : 4,800,000 : 0 : 1,364,490,750 : 14%
2022-09-05 09:21:25 : 4,900,000 : 0 : 1,394,375,850 : 14%
2022-09-05 12:04:42 : 5,000,000 : 0 : 1,424,260,950 : 14%
2022-09-05 14:10:12 : 5,100,000 : 0 : 1,454,277,125 : 15%
2022-09-05 16:00:17 : 5,200,000 : 0 : 1,484,817,600 : 15%
2022-09-05 17:41:40 : 5,300,000 : 0 : 1,515,751,300 : 15%
2022-09-05 19:23:59 : 5,400,000 : 0 : 1,536,199,000 : 16%
2022-09-05 21:05:40 : 5,500,000 : 0 : 1,566,346,250 : 16%
2022-09-05 22:54:02 : 5,600,000 : 0 : 1,596,100,275 : 16%
2022-09-06 00:54:22 : 5,700,000 : 0 : 1,626,247,525 : 17%
2022-09-06 02:58:51 : 5,800,000 : 0 : 1,656,394,775 : 17%
2022-09-06 05:17:54 : 5,900,000 : 0 : 1,676,056,025 : 17%
2022-09-06 08:04:18 : 6,000,000 : 0 : 1,705,023,600 : 17%
2022-09-06 10:56:29 : 6,100,000 : 0 : 1,734,122,250 : 18%
2022-09-06 13:10:21 : 6,200,000 : 0 : 1,763,745,200 : 18%
2022-09-06 15:02:29 : 6,300,000 : 0 : 1,794,416,750 : 18%
2022-09-06 16:48:27 : 6,400,000 : 0 : 1,824,957,225 : 19%
2022-09-06 18:31:53 : 6,500,000 : 0 : 1,845,536,000 : 19%
2022-09-06 20:14:03 : 6,600,000 : 0 : 1,875,683,250 : 19%
2022-09-06 21:57:03 : 6,700,000 : 0 : 1,905,699,425 : 19%
2022-09-06 23:48:14 : 6,800,000 : 0 : 1,935,453,450 : 20%
2022-09-07 01:47:08 : 6,900,000 : 0 : 1,965,469,625 : 20%
2022-09-07 03:52:09 : 7,000,000 : 0 : 1,995,223,650 : 20%
2022-09-07 06:19:27 : 7,100,000 : 0 : 2,014,491,675 : 20%
2022-09-07 09:11:49 : 7,200,000 : 0 : 2,043,328,175 : 21%
2022-09-07 11:46:22 : 7,300,000 : 0 : 2,072,295,750 : 21%
2022-09-07 13:49:01 : 7,400,000 : 0 : 2,102,180,850 : 21%
2022-09-07 15:35:59 : 7,500,000 : 0 : 2,132,590,250 : 22%
2022-09-07 17:19:03 : 7,600,000 : 0 : 2,163,130,725 : 22%
2022-09-07 19:03:01 : 7,700,000 : 0 : 2,183,185,200 : 22%
2022-09-07 20:46:19 : 7,800,000 : 0 : 2,213,201,375 : 22%
2022-09-07 22:30:52 : 7,900,000 : 0 : 2,242,562,175 : 23%
2022-09-08 00:24:48 : 8,000,000 : 0 : 2,272,185,125 : 23%
2022-09-08 02:23:46 : 8,100,000 : 0 : 2,301,808,075 : 23%
2022-09-08 04:35:16 : 8,200,000 : 0 : 2,330,644,575 : 24%
2022-09-08 07:08:12 : 8,300,000 : 0 : 2,349,519,375 : 24%
2022-09-08 09:57:20 : 8,400,000 : 0 : 2,378,224,800 : 24%
2022-09-08 12:19:16 : 8,500,000 : 0 : 2,406,799,150 : 24%
2022-09-08 14:17:34 : 8,600,000 : 0 : 2,436,028,875 : 25%
2022-09-08 16:02:26 : 8,700,000 : 0 : 2,465,782,900 : 25%
2022-09-08 17:43:35 : 8,800,000 : 0 : 2,485,313,075 : 25%
2022-09-08 19:32:46 : 8,900,000 : 0 : 2,514,149,575 : 26%
2022-09-08 21:13:02 : 9,000,000 : 0 : 2,543,903,600 : 26%
2022-09-08 22:59:05 : 9,100,000 : 0 : 2,573,264,400 : 26%
2022-09-09 00:54:25 : 9,200,000 : 0 : 2,592,532,425 : 26%
2022-09-09 02:56:27 : 9,300,000 : 0 : 2,621,893,225 : 27%
2022-09-09 05:09:09 : 9,400,000 : 0 : 2,650,336,500 : 27%
2022-09-09 07:48:43 : 9,500,000 : 0 : 2,678,910,850 : 27%
2022-09-09 10:37:26 : 9,600,000 : 0 : 2,707,747,350 : 28%
2022-09-09 12:53:49 : 9,700,000 : 0 : 2,727,146,450 : 28%
2022-09-09 14:46:30 : 9,800,000 : 0 : 2,757,162,625 : 28%
2022-09-09 16:29:56 : 9,900,000 : 0 : 2,786,785,575 : 28%
2022-09-09 18:16:33 : 10,000,000 : 0 : 2,816,932,825 : 29%
2022-09-09 20:05:36 : 10,100,000 : 0 : 2,846,817,925 : 29%
2022-09-09 21:55:26 : 10,200,000 : 0 : 2,866,610,250 : 29%
2022-09-09 23:51:47 : 10,300,000 : 0 : 2,896,233,200 : 29%
2022-09-10 01:58:02 : 10,400,000 : 0 : 2,925,200,775 : 30%
2022-09-10 04:14:36 : 10,500,000 : 0 : 2,953,775,125 : 30%
2022-09-10 06:53:27 : 10,600,000 : 0 : 2,982,087,325 : 30%
2022-09-10 09:46:36 : 10,700,000 : 0 : 3,000,437,825 : 30%
2022-09-10 12:22:28 : 10,800,000 : 0 : 3,028,618,950 : 31%
2022-09-10 14:27:37 : 10,900,000 : 0 : 3,057,979,750 : 31%
2022-09-10 16:19:11 : 11,000,000 : 0 : 3,087,995,925 : 31%
2022-09-10 18:08:42 : 11,100,000 : 0 : 3,117,881,025 : 32%
2022-09-10 19:58:54 : 11,200,000 : 0 : 3,137,935,500 : 32%
2022-09-10 21:50:22 : 11,300,000 : 0 : 3,167,427,375 : 32%
2022-09-10 23:47:46 : 11,400,000 : 0 : 3,196,919,250 : 32%
2022-09-11 01:58:12 : 11,500,000 : 0 : 3,225,886,825 : 33%
2022-09-11 04:14:04 : 11,600,000 : 0 : 3,245,023,775 : 33%
2022-09-11 06:51:07 : 11,700,000 : 0 : 3,273,467,050 : 33%
2022-09-11 09:43:08 : 11,800,000 : 0 : 3,301,910,325 : 34%
2022-09-11 12:19:52 : 11,900,000 : 0 : 3,329,829,300 : 34%
2022-09-11 14:19:20 : 12,000,000 : 0 : 3,358,534,725 : 34%
2022-09-11 16:05:42 : 12,100,000 : 0 : 3,378,589,200 : 34%
2022-09-11 17:51:10 : 12,200,000 : 0 : 3,408,474,300 : 35%
2022-09-11 19:34:26 : 12,300,000 : 0 : 3,438,228,325 : 35%
2022-09-11 21:17:22 : 12,400,000 : 0 : 3,467,720,200 : 35%
2022-09-11 23:04:38 : 12,500,000 : 0 : 3,487,250,375 : 35%
2022-09-12 01:06:17 : 12,600,000 : 0 : 3,516,480,100 : 36%
2022-09-12 03:13:10 : 12,700,000 : 0 : 3,545,840,900 : 36%
2022-09-12 05:35:17 : 12,800,000 : 0 : 3,574,677,400 : 36%
2022-09-12 08:24:27 : 12,900,000 : 0 : 3,603,513,900 : 37%
2022-09-12 11:13:05 : 13,000,000 : 0 : 3,622,913,000 : 37%
2022-09-12 13:20:13 : 13,100,000 : 0 : 3,652,142,725 : 37%
2022-09-12 15:08:30 : 13,200,000 : 0 : 3,681,896,750 : 37%
2022-09-12 16:50:49 : 13,300,000 : 0 : 3,712,175,075 : 38%
2022-09-12 18:31:46 : 13,400,000 : 0 : 3,741,929,100 : 38%
2022-09-12 20:18:59 : 13,500,000 : 0 : 3,762,114,650 : 38%
2022-09-12 22:02:00 : 13,600,000 : 0 : 3,791,606,525 : 39%
2022-09-12 23:55:23 : 13,700,000 : 0 : 3,821,491,625 : 39%
2022-09-13 01:54:26 : 13,800,000 : 0 : 3,850,983,500 : 39%
2022-09-13 04:00:41 : 13,900,000 : 0 : 3,879,951,075 : 39%
2022-09-13 06:29:31 : 14,000,000 : 0 : 3,908,525,425 : 40%
2022-09-13 09:21:47 : 14,100,000 : 0 : 3,927,531,300 : 40%
2022-09-13 11:55:50 : 14,200,000 : 0 : 3,956,236,725 : 40%
2022-09-13 13:52:35 : 14,300,000 : 0 : 3,985,204,300 : 40%
2022-09-13 15:35:06 : 14,400,000 : 0 : 4,014,434,025 : 41%
2022-09-13 17:17:14 : 14,500,000 : 0 : 4,044,319,125 : 41%
2022-09-13 19:14:04 : 14,600,000 : 0 : 4,064,111,450 : 41%
2022-09-13 20:57:02 : 14,700,000 : 0 : 4,093,865,475 : 42%
2022-09-13 22:41:16 : 14,800,000 : 0 : 4,122,964,125 : 42%
2022-09-14 00:38:14 : 14,900,000 : 0 : 4,152,456,000 : 42%
2022-09-14 02:40:03 : 15,000,000 : 0 : 4,182,078,950 : 43%
2022-09-14 04:56:15 : 15,100,000 : 0 : 4,201,084,825 : 43%
2022-09-14 07:39:30 : 15,200,000 : 0 : 4,229,790,250 : 43%
2022-09-14 10:30:36 : 15,300,000 : 0 : 4,258,626,750 : 43%
2022-09-14 12:46:15 : 15,400,000 : 0 : 4,287,594,325 : 44%
2022-09-14 14:38:08 : 15,500,000 : 0 : 4,317,217,275 : 44%
2022-09-14 16:21:19 : 15,600,000 : 0 : 4,347,495,600 : 44%
2022-09-14 18:03:09 : 15,700,000 : 0 : 4,367,550,075 : 44%
2022-09-14 19:45:01 : 15,800,000 : 0 : 4,397,566,250 : 45%
2022-09-14 21:27:16 : 15,900,000 : 0 : 4,427,189,200 : 45%
2022-09-14 23:13:48 : 16,000,000 : 0 : 4,455,894,625 : 45%
2022-09-15 01:11:43 : 16,100,000 : 0 : 4,475,555,875 : 45%
2022-09-15 03:14:12 : 16,200,000 : 0 : 4,505,047,750 : 46%
2022-09-15 05:31:41 : 16,300,000 : 0 : 4,533,622,100 : 46%
2022-09-15 08:14:18 : 16,400,000 : 0 : 4,561,934,300 : 46%
2022-09-15 10:58:17 : 16,500,000 : 0 : 4,590,246,500 : 47%
2022-09-15 13:05:37 : 16,600,000 : 0 : 4,619,345,150 : 47%
2022-09-15 14:57:25 : 16,700,000 : 0 : 4,649,230,250 : 47%
2022-09-15 16:39:36 : 16,800,000 : 0 : 4,669,022,575 : 47%
2022-09-15 18:23:40 : 16,900,000 : 0 : 4,699,038,750 : 48%
2022-09-15 20:06:18 : 17,000,000 : 0 : 4,728,792,775 : 48%
2022-09-15 21:50:08 : 17,100,000 : 0 : 4,757,760,350 : 48%
2022-09-15 23:44:18 : 17,200,000 : 0 : 4,786,859,000 : 49%
2022-09-16 01:46:04 : 17,300,000 : 0 : 4,815,695,500 : 49%
2022-09-16 03:53:36 : 17,400,000 : 0 : 4,834,963,525 : 49%
2022-09-16 06:15:56 : 17,500,000 : 0 : 4,862,882,500 : 49%
2022-09-16 09:01:11 : 17,600,000 : 0 : 4,890,932,550 : 50%
2022-09-16 11:33:04 : 17,700,000 : 0 : 4,919,113,675 : 50%
2022-09-16 13:32:57 : 17,800,000 : 0 : 4,947,556,950 : 50%
2022-09-16 15:15:39 : 17,900,000 : 0 : 4,976,393,450 : 51%
2022-09-16 16:56:15 : 18,000,000 : 0 : 5,006,016,400 : 51%
2022-09-16 18:38:33 : 18,100,000 : 0 : 5,036,032,575 : 51%
2022-09-16 20:21:49 : 18,200,000 : 0 : 5,065,524,450 : 51%
2022-09-16 22:07:50 : 18,300,000 : 0 : 5,094,885,250 : 52%
2022-09-17 00:01:40 : 18,400,000 : 0 : 5,113,760,050 : 52%
2022-09-17 02:05:55 : 18,500,000 : 0 : 5,142,596,550 : 52%
2022-09-17 04:21:12 : 18,600,000 : 0 : 5,171,170,900 : 53%
Decoding error with 134,217,728 bytes, reading another chunk
2022-09-17 06:39:22 : 18,700,000 : 0 : 5,206,167,925 : 53%
2022-09-17 09:27:07 : 18,800,000 : 0 : 5,224,649,500 : 53%
2022-09-17 12:05:41 : 18,900,000 : 0 : 5,252,437,400 : 53%
2022-09-17 14:06:52 : 19,000,000 : 0 : 5,280,749,600 : 54%
2022-09-17 15:54:47 : 19,100,000 : 0 : 5,309,717,175 : 54%
2022-09-17 17:39:26 : 19,200,000 : 0 : 5,339,077,975 : 54%
Decoding error with 134,217,728 bytes, reading another chunk
2022-09-17 19:29:34 : 19,300,000 : 0 : 5,368,569,850 : 55%
2022-09-17 21:20:28 : 19,400,000 : 0 : 5,388,362,175 : 55%
2022-09-17 23:15:15 : 19,500,000 : 0 : 5,417,329,750 : 55%
2022-09-18 01:19:46 : 19,600,000 : 0 : 5,445,773,025 : 55%
2022-09-18 03:35:00 : 19,700,000 : 0 : 5,474,609,525 : 56%
2022-09-18 06:06:48 : 19,800,000 : 0 : 5,502,528,500 : 56%
2022-09-18 08:52:21 : 19,900,000 : 0 : 5,529,923,175 : 56%
2022-09-18 11:36:21 : 20,000,000 : 0 : 5,557,448,925 : 56%
2022-09-18 13:42:41 : 20,100,000 : 0 : 5,585,892,200 : 57%
2022-09-18 15:29:26 : 20,200,000 : 0 : 5,614,990,850 : 57%
2022-09-18 17:13:02 : 20,300,000 : 0 : 5,634,783,175 : 57%
2022-09-18 18:56:46 : 20,400,000 : 0 : 5,665,061,500 : 58%
2022-09-18 20:42:10 : 20,500,000 : 0 : 5,695,077,675 : 58%
2022-09-18 22:29:34 : 20,600,000 : 0 : 5,724,700,625 : 58%
2022-09-19 00:26:03 : 20,700,000 : 0 : 5,754,192,500 : 58%
2022-09-19 02:29:03 : 20,800,000 : 0 : 5,783,946,525 : 59%
2022-09-19 04:43:25 : 20,900,000 : 0 : 5,812,651,950 : 59%
2022-09-19 07:16:53 : 21,000,000 : 0 : 5,840,439,850 : 59%
2022-09-19 10:01:55 : 21,100,000 : 0 : 5,859,314,650 : 60%
2022-09-19 12:18:38 : 21,200,000 : 0 : 5,887,364,700 : 60%
2022-09-19 14:07:23 : 21,300,000 : 0 : 5,915,807,975 : 60%
2022-09-19 15:40:32 : 21,400,000 : 0 : 5,943,202,650 : 60%
2022-09-19 17:05:42 : 21,500,000 : 0 : 5,970,073,025 : 61%
2022-09-19 18:42:43 : 21,600,000 : 0 : 5,999,564,900 : 61%
2022-09-19 20:19:52 : 21,700,000 : 0 : 6,028,925,700 : 61%
2022-09-19 21:58:22 : 21,800,000 : 0 : 6,058,417,575 : 62%
2022-09-19 23:47:33 : 21,900,000 : 0 : 6,087,385,150 : 62%
2022-09-20 01:40:59 : 22,000,000 : 0 : 6,116,352,725 : 62%
2022-09-20 03:41:39 : 22,100,000 : 0 : 6,145,451,375 : 62%
2022-09-20 06:08:04 : 22,200,000 : 0 : 6,174,550,025 : 63%
2022-09-20 09:00:02 : 22,300,000 : 0 : 6,203,255,450 : 63%
2022-09-20 11:36:03 : 22,400,000 : 0 : 6,232,091,950 : 63%
2022-09-20 13:36:43 : 22,500,000 : 0 : 6,251,622,125 : 64%
2022-09-20 15:19:21 : 22,600,000 : 0 : 6,281,114,000 : 64%
2022-09-20 16:58:11 : 22,700,000 : 0 : 6,310,999,100 : 64%
2022-09-20 18:36:18 : 22,800,000 : 0 : 6,341,015,275 : 64%
2022-09-20 20:15:32 : 22,900,000 : 0 : 6,370,769,300 : 65%
2022-09-20 21:56:00 : 23,000,000 : 0 : 6,399,999,025 : 65%
2022-09-20 23:43:29 : 23,100,000 : 0 : 6,428,966,600 : 65%
2022-09-21 01:39:23 : 23,200,000 : 0 : 6,458,327,400 : 66%
2022-09-21 03:41:35 : 23,300,000 : 0 : 6,487,557,125 : 66%
2022-09-21 06:02:36 : 23,400,000 : 0 : 6,506,694,075 : 66%
2022-09-21 08:48:48 : 23,500,000 : 0 : 6,535,268,425 : 66%
Decoding error with 134,217,728 bytes, reading another chunk
2022-09-21 11:22:57 : 23,600,000 : 0 : 6,573,280,175 : 67%
2022-09-21 13:24:02 : 23,700,000 : 0 : 6,592,679,275 : 67%
2022-09-21 15:07:32 : 23,800,000 : 0 : 6,622,433,300 : 67%
2022-09-21 16:45:37 : 23,900,000 : 0 : 6,652,056,250 : 68%
2022-09-21 18:23:54 : 24,000,000 : 0 : 6,681,679,200 : 68%
2022-09-21 20:02:00 : 24,100,000 : 0 : 6,711,040,000 : 68%
2022-09-21 21:39:50 : 24,200,000 : 0 : 6,739,614,350 : 68%
2022-09-21 23:25:42 : 24,300,000 : 0 : 6,758,882,375 : 69%
2022-09-22 01:19:01 : 24,400,000 : 0 : 6,787,587,800 : 69%
2022-09-22 03:18:03 : 24,500,000 : 0 : 6,816,293,225 : 69%
2022-09-22 05:33:08 : 24,600,000 : 0 : 6,844,474,350 : 70%
2022-09-22 08:11:59 : 24,700,000 : 0 : 6,872,524,400 : 70%
2022-09-22 10:54:31 : 24,800,000 : 0 : 6,900,836,600 : 70%
2022-09-22 13:03:03 : 24,900,000 : 0 : 6,929,804,175 : 70%
2022-09-22 14:47:53 : 25,000,000 : 0 : 6,959,558,200 : 71%
2022-09-22 16:25:56 : 25,100,000 : 0 : 6,989,836,525 : 71%
2022-09-22 18:04:09 : 25,200,000 : 0 : 7,020,770,225 : 71%
2022-09-22 19:44:49 : 25,300,000 : 0 : 7,040,955,775 : 72%
2022-09-22 21:25:05 : 25,400,000 : 0 : 7,071,234,100 : 72%
2022-09-22 23:10:36 : 25,500,000 : 0 : 7,100,988,125 : 72%
2022-09-23 01:05:53 : 25,600,000 : 0 : 7,130,742,150 : 72%
2022-09-23 03:06:02 : 25,700,000 : 0 : 7,160,496,175 : 73%
2022-09-23 05:22:28 : 25,800,000 : 0 : 7,189,332,675 : 73%
2022-09-23 07:58:30 : 25,900,000 : 0 : 7,217,907,025 : 73%
2022-09-23 10:39:05 : 26,000,000 : 0 : 7,246,743,525 : 74%
2022-09-23 12:47:25 : 26,100,000 : 0 : 7,275,580,025 : 74%
2022-09-23 14:33:57 : 26,200,000 : 0 : 7,295,372,350 : 74%
2022-09-23 16:15:03 : 26,300,000 : 0 : 7,325,519,600 : 74%
2022-09-23 17:54:12 : 26,400,000 : 0 : 7,355,797,925 : 75%
2022-09-23 19:35:57 : 26,500,000 : 0 : 7,386,076,250 : 75%
Decoding error with 134,217,728 bytes, reading another chunk
2022-09-23 21:19:54 : 26,600,000 : 0 : 7,416,354,575 : 75%
2022-09-23 23:09:13 : 26,700,000 : 0 : 7,446,239,675 : 76%
2022-09-24 01:10:06 : 26,800,000 : 0 : 7,475,731,550 : 76%
2022-09-24 03:20:53 : 26,900,000 : 0 : 7,505,616,650 : 76%
2022-09-24 05:47:23 : 27,000,000 : 0 : 7,534,846,375 : 77%
2022-09-24 08:30:10 : 27,100,000 : 0 : 7,553,852,250 : 77%
2022-09-24 11:12:33 : 27,200,000 : 0 : 7,582,295,525 : 77%
2022-09-24 13:24:04 : 27,300,000 : 0 : 7,610,607,725 : 77%
2022-09-24 15:15:37 : 27,400,000 : 0 : 7,640,230,675 : 78%
2022-09-24 17:00:16 : 27,500,000 : 0 : 7,669,853,625 : 78%
2022-09-24 18:44:28 : 27,600,000 : 0 : 7,700,000,875 : 78%
2022-09-24 20:34:33 : 27,700,000 : 0 : 7,730,672,425 : 79%
2022-09-24 22:26:24 : 27,800,000 : 0 : 7,760,557,525 : 79%
2022-09-25 00:26:50 : 27,900,000 : 0 : 7,780,349,850 : 79%
2022-09-25 02:37:05 : 28,000,000 : 0 : 7,809,841,725 : 79%
2022-09-25 05:00:17 : 28,100,000 : 0 : 7,838,940,375 : 80%
2022-09-25 07:36:56 : 28,200,000 : 0 : 7,867,252,575 : 80%
2022-09-25 10:21:17 : 28,300,000 : 0 : 7,896,220,150 : 80%
2022-09-25 12:42:38 : 28,400,000 : 0 : 7,924,532,350 : 81%
2022-09-25 14:36:12 : 28,500,000 : 0 : 7,954,155,300 : 81%
2022-09-25 16:17:43 : 28,600,000 : 0 : 7,974,209,775 : 81%
2022-09-25 17:59:36 : 28,700,000 : 0 : 8,004,619,175 : 81%
2022-09-25 19:41:16 : 28,800,000 : 0 : 8,035,159,650 : 82%
2022-09-25 21:23:48 : 28,900,000 : 0 : 8,065,306,900 : 82%
2022-09-25 23:14:22 : 29,000,000 : 0 : 8,095,454,150 : 82%
2022-09-26 01:12:33 : 29,100,000 : 0 : 8,125,208,175 : 83%
2022-09-26 03:14:49 : 29,200,000 : 0 : 8,154,962,200 : 83%
2022-09-26 05:32:53 : 29,300,000 : 0 : 8,184,323,000 : 83%
2022-09-26 08:14:18 : 29,400,000 : 0 : 8,203,984,250 : 83%
2022-09-26 10:56:28 : 29,500,000 : 0 : 8,233,082,900 : 84%
2022-09-26 13:03:32 : 29,600,000 : 0 : 8,262,705,850 : 84%
2022-09-26 14:47:18 : 29,700,000 : 0 : 8,292,722,025 : 84%
2022-09-26 16:22:59 : 29,800,000 : 0 : 8,322,738,200 : 85%
2022-09-26 17:59:03 : 29,900,000 : 0 : 8,353,016,525 : 85%
2022-09-26 19:33:52 : 30,000,000 : 0 : 8,383,032,700 : 85%
2022-09-26 21:08:05 : 30,100,000 : 0 : 8,412,917,800 : 85%
2022-09-26 22:47:24 : 30,200,000 : 0 : 8,442,147,525 : 86%
2022-09-27 00:38:22 : 30,300,000 : 0 : 8,462,070,925 : 86%
2022-09-27 02:32:30 : 30,400,000 : 0 : 8,492,218,175 : 86%
2022-09-27 04:40:37 : 30,500,000 : 0 : 8,522,234,350 : 87%
2022-09-27 07:10:53 : 30,600,000 : 0 : 8,551,464,075 : 87%
2022-09-27 10:00:17 : 30,700,000 : 0 : 8,580,955,950 : 87%
2022-09-27 12:19:52 : 30,800,000 : 0 : 8,609,923,525 : 87%
2022-09-27 14:11:34 : 30,900,000 : 0 : 8,640,070,775 : 88%
2022-09-27 15:51:47 : 31,000,000 : 0 : 8,670,742,325 : 88%
2022-09-27 17:29:12 : 31,100,000 : 0 : 8,691,058,950 : 88%
2022-09-27 19:06:04 : 31,200,000 : 0 : 8,721,730,500 : 89%
2022-09-27 20:44:51 : 31,300,000 : 0 : 8,752,795,275 : 89%
2022-09-27 22:23:34 : 31,400,000 : 0 : 8,782,811,450 : 89%
2022-09-28 00:16:23 : 31,500,000 : 0 : 8,812,958,700 : 90%
2022-09-28 02:12:50 : 31,600,000 : 0 : 8,843,237,025 : 90%
2022-09-28 04:13:13 : 31,700,000 : 0 : 8,872,597,825 : 90%
2022-09-28 06:38:00 : 31,800,000 : 0 : 8,891,865,850 : 90%
2022-09-28 09:16:53 : 31,900,000 : 0 : 8,920,571,275 : 91%
2022-09-28 11:44:29 : 32,000,000 : 0 : 8,950,063,150 : 91%
2022-09-28 13:40:31 : 32,100,000 : 0 : 8,979,817,175 : 91%
2022-09-28 15:23:21 : 32,200,000 : 0 : 9,010,619,800 : 92%
2022-09-28 17:00:09 : 32,300,000 : 0 : 9,041,553,500 : 92%
2022-09-28 18:37:56 : 32,400,000 : 0 : 9,062,132,275 : 92%
2022-09-28 20:15:34 : 32,500,000 : 0 : 9,092,934,900 : 92%
2022-09-28 21:55:26 : 32,600,000 : 0 : 9,123,344,300 : 93%
2022-09-28 23:44:11 : 32,700,000 : 0 : 9,153,229,400 : 93%
2022-09-29 01:39:03 : 32,800,000 : 0 : 9,182,852,350 : 93%
2022-09-29 03:40:24 : 32,900,000 : 0 : 9,203,037,900 : 94%
2022-09-29 06:02:11 : 33,000,000 : 0 : 9,232,923,000 : 94%
2022-09-29 08:48:04 : 33,100,000 : 0 : 9,262,283,800 : 94%
2022-09-29 11:23:03 : 33,200,000 : 0 : 9,291,775,675 : 94%
2022-09-29 13:25:38 : 33,300,000 : 0 : 9,321,922,925 : 95%
2022-09-29 15:10:52 : 33,400,000 : 0 : 9,352,856,625 : 95%
2022-09-29 16:50:56 : 33,500,000 : 0 : 9,384,314,625 : 95%
2022-09-29 18:30:31 : 33,600,000 : 0 : 9,405,024,475 : 96%
2022-09-29 20:10:45 : 33,700,000 : 0 : 9,435,827,100 : 96%
2022-09-29 21:53:14 : 33,800,000 : 0 : 9,466,367,575 : 96%
2022-09-29 23:43:11 : 33,900,000 : 0 : 9,496,514,825 : 97%
2022-09-30 01:41:43 : 34,000,000 : 0 : 9,526,531,000 : 97%
2022-09-30 03:43:56 : 34,100,000 : 0 : 9,556,809,325 : 97%
2022-09-30 06:04:46 : 34,200,000 : 0 : 9,576,601,650 : 97%
2022-09-30 08:51:01 : 34,300,000 : 0 : 9,606,617,825 : 98%
2022-09-30 11:25:48 : 34,400,000 : 0 : 9,636,240,775 : 98%
2022-09-30 13:27:56 : 34,500,000 : 0 : 9,666,125,875 : 98%
2022-09-30 15:11:30 : 34,600,000 : 0 : 9,696,535,275 : 99%
2022-09-30 16:51:40 : 34,700,000 : 0 : 9,727,206,825 : 99%
2022-09-30 18:31:35 : 34,800,000 : 0 : 9,757,878,375 : 99%
2022-09-30 20:10:29 : 34,900,000 : 0 : 9,788,418,850 : 99%
2022-09-30 21:52:20 : 35,000,000 : 0 : 9,808,735,475 : 100%
2022-09-30 23:41:49 : 35,100,000 : 0 : 9,838,620,575 : 100%
2022-07-01 00:16:52 : 100,000 : 0 : 22,020,600 : 0%
2022-07-01 00:33:56 : 200,000 : 0 : 32,506,600 : 0%
2022-07-01 00:50:58 : 300,000 : 0 : 42,861,525 : 0%
2022-07-01 01:08:14 : 400,000 : 0 : 53,216,450 : 0%
2022-07-01 01:25:35 : 500,000 : 0 : 63,571,375 : 0%
2022-07-01 01:43:08 : 600,000 : 0 : 73,795,225 : 0%
2022-07-01 02:00:33 : 700,000 : 0 : 84,019,075 : 0%
2022-07-01 02:17:54 : 800,000 : 0 : 94,111,850 : 0%
2022-07-01 02:35:30 : 900,000 : 0 : 104,204,625 : 0%
2022-07-01 02:53:32 : 1,000,000 : 0 : 114,297,400 : 0%
2022-07-01 03:12:08 : 1,100,000 : 0 : 124,390,175 : 0%
2022-07-01 03:31:04 : 1,200,000 : 0 : 134,482,950 : 1%
2022-07-01 03:50:22 : 1,300,000 : 0 : 144,575,725 : 1%
2022-07-01 04:10:24 : 1,400,000 : 0 : 154,668,500 : 1%
2022-07-01 04:31:00 : 1,500,000 : 0 : 164,630,200 : 1%
2022-07-01 04:52:14 : 1,600,000 : 0 : 174,722,975 : 1%
2022-07-01 05:14:24 : 1,700,000 : 0 : 184,684,675 : 1%
2022-07-01 05:37:15 : 1,800,000 : 0 : 194,646,375 : 1%
2022-07-01 06:01:02 : 1,900,000 : 0 : 204,739,150 : 1%
2022-07-01 06:25:49 : 2,000,000 : 0 : 214,831,925 : 1%
2022-07-01 06:52:13 : 2,100,000 : 0 : 225,055,775 : 1%
2022-07-01 07:19:50 : 2,200,000 : 0 : 235,148,550 : 1%
2022-07-01 07:48:40 : 2,300,000 : 0 : 245,372,400 : 1%
2022-07-01 08:18:15 : 2,400,000 : 0 : 265,689,025 : 1%
2022-07-01 08:47:46 : 2,500,000 : 0 : 275,912,875 : 1%
2022-07-01 09:18:01 : 2,600,000 : 0 : 286,005,650 : 1%
2022-07-01 09:47:36 : 2,700,000 : 0 : 295,967,350 : 1%
2022-07-01 10:16:24 : 2,800,000 : 0 : 306,060,125 : 1%
2022-07-01 10:43:26 : 2,900,000 : 0 : 316,152,900 : 1%
2022-07-01 11:08:38 : 3,000,000 : 0 : 326,376,750 : 1%
2022-07-01 11:32:23 : 3,100,000 : 0 : 336,600,600 : 1%
2022-07-01 11:54:43 : 3,200,000 : 0 : 346,824,450 : 1%
2022-07-01 12:15:55 : 3,300,000 : 0 : 357,179,375 : 1%
2022-07-01 12:35:35 : 3,400,000 : 0 : 367,534,300 : 1%
2022-07-01 12:54:17 : 3,500,000 : 0 : 378,020,300 : 1%
2022-07-01 13:12:09 : 3,600,000 : 0 : 388,506,300 : 1%
2022-07-01 13:29:21 : 3,700,000 : 0 : 398,861,225 : 2%
2022-07-01 13:45:51 : 3,800,000 : 0 : 409,347,225 : 2%
2022-07-01 14:01:53 : 3,900,000 : 0 : 419,964,300 : 2%
2022-07-01 14:17:36 : 4,000,000 : 0 : 430,450,300 : 2%
2022-07-01 14:32:56 : 4,100,000 : 0 : 441,067,375 : 2%
2022-07-01 14:47:53 : 4,200,000 : 0 : 451,553,375 : 2%
2022-07-01 15:02:41 : 4,300,000 : 0 : 462,170,450 : 2%
2022-07-01 15:17:31 : 4,400,000 : 0 : 483,404,600 : 2%
2022-07-01 15:32:07 : 4,500,000 : 0 : 494,021,675 : 2%
2022-07-01 15:46:38 : 4,600,000 : 0 : 504,638,750 : 2%
2022-07-01 16:00:59 : 4,700,000 : 0 : 515,124,750 : 2%
2022-07-01 16:15:17 : 4,800,000 : 0 : 525,741,825 : 2%
2022-07-01 16:29:36 : 4,900,000 : 0 : 536,358,900 : 2%
2022-07-01 16:44:29 : 5,000,000 : 0 : 546,975,975 : 2%
2022-07-01 16:59:09 : 5,100,000 : 0 : 557,461,975 : 2%
2022-07-01 17:13:40 : 5,200,000 : 0 : 568,079,050 : 2%
2022-07-01 17:28:15 : 5,300,000 : 0 : 578,565,050 : 2%
2022-07-01 17:42:55 : 5,400,000 : 0 : 589,051,050 : 2%
2022-07-01 17:57:24 : 5,500,000 : 0 : 599,537,050 : 2%
2022-07-01 18:12:10 : 5,600,000 : 0 : 610,023,050 : 2%
2022-07-01 18:27:11 : 5,700,000 : 0 : 620,509,050 : 2%
2022-07-01 18:42:07 : 5,800,000 : 0 : 630,863,975 : 2%
2022-07-01 18:57:07 : 5,900,000 : 0 : 641,349,975 : 2%
2022-07-01 19:12:17 : 6,000,000 : 0 : 651,704,900 : 2%
2022-07-01 19:27:30 : 6,100,000 : 0 : 662,190,900 : 3%
2022-07-01 19:42:43 : 6,200,000 : 0 : 672,545,825 : 3%
2022-07-01 19:57:32 : 6,300,000 : 0 : 682,769,675 : 3%
2022-07-01 20:12:35 : 6,400,000 : 0 : 692,993,525 : 3%
2022-07-01 20:27:46 : 6,500,000 : 0 : 713,441,225 : 3%
2022-07-01 20:42:54 : 6,600,000 : 0 : 723,665,075 : 3%
2022-07-01 20:58:17 : 6,700,000 : 0 : 734,020,000 : 3%
2022-07-01 21:14:00 : 6,800,000 : 0 : 744,243,850 : 3%
2022-07-01 21:30:01 : 6,900,000 : 0 : 754,598,775 : 3%
2022-07-01 21:45:56 : 7,000,000 : 0 : 764,822,625 : 3%
2022-07-01 22:02:01 : 7,100,000 : 0 : 775,046,475 : 3%
2022-07-01 22:18:18 : 7,200,000 : 0 : 785,270,325 : 3%
2022-07-01 22:34:50 : 7,300,000 : 0 : 795,494,175 : 3%
2022-07-01 22:51:27 : 7,400,000 : 0 : 805,718,025 : 3%
2022-07-01 23:08:38 : 7,500,000 : 0 : 815,941,875 : 3%
2022-07-01 23:25:53 : 7,600,000 : 0 : 826,034,650 : 3%
2022-07-01 23:43:31 : 7,700,000 : 0 : 836,127,425 : 3%
2022-07-02 00:01:27 : 7,800,000 : 0 : 846,351,275 : 3%
2022-07-02 00:19:41 : 7,900,000 : 0 : 856,444,050 : 3%
2022-07-02 00:38:06 : 8,000,000 : 0 : 866,536,825 : 3%
2022-07-02 00:56:47 : 8,100,000 : 0 : 876,498,525 : 3%
2022-07-02 01:15:24 : 8,200,000 : 0 : 886,460,225 : 3%
2022-07-02 01:34:22 : 8,300,000 : 0 : 896,421,925 : 3%
2022-07-02 01:53:33 : 8,400,000 : 0 : 906,383,625 : 3%
2022-07-02 02:13:07 : 8,500,000 : 0 : 916,476,400 : 4%
2022-07-02 02:32:33 : 8,600,000 : 0 : 926,307,025 : 4%
2022-07-02 02:52:15 : 8,700,000 : 0 : 936,399,800 : 4%
2022-07-02 03:12:28 : 8,800,000 : 0 : 946,361,500 : 4%
2022-07-02 03:33:13 : 8,900,000 : 0 : 966,547,050 : 4%
2022-07-02 03:54:40 : 9,000,000 : 0 : 976,508,750 : 4%
2022-07-02 04:16:51 : 9,100,000 : 0 : 986,339,375 : 4%
2022-07-02 04:39:32 : 9,200,000 : 0 : 996,301,075 : 4%
2022-07-02 05:03:13 : 9,300,000 : 0 : 1,006,131,700 : 4%
2022-07-02 05:27:33 : 9,400,000 : 0 : 1,016,093,400 : 4%
2022-07-02 05:52:58 : 9,500,000 : 0 : 1,025,924,025 : 4%
2022-07-02 06:19:47 : 9,600,000 : 0 : 1,035,885,725 : 4%
2022-07-02 06:47:38 : 9,700,000 : 0 : 1,045,978,500 : 4%
2022-07-02 07:16:32 : 9,800,000 : 0 : 1,055,940,200 : 4%
2022-07-02 07:46:11 : 9,900,000 : 0 : 1,065,770,825 : 4%
2022-07-02 08:16:22 : 10,000,000 : 0 : 1,075,601,450 : 4%
2022-07-02 08:46:39 : 10,100,000 : 0 : 1,085,432,075 : 4%
2022-07-02 09:17:40 : 10,200,000 : 0 : 1,095,262,700 : 4%
2022-07-02 09:49:28 : 10,300,000 : 0 : 1,105,224,400 : 4%
2022-07-02 10:19:59 : 10,400,000 : 0 : 1,114,923,950 : 4%
2022-07-02 10:49:19 : 10,500,000 : 0 : 1,124,885,650 : 4%
2022-07-02 11:17:02 : 10,600,000 : 0 : 1,134,847,350 : 4%
2022-07-02 11:43:00 : 10,700,000 : 0 : 1,144,809,050 : 4%
2022-07-02 12:07:13 : 10,800,000 : 0 : 1,154,901,825 : 4%
2022-07-02 12:30:12 : 10,900,000 : 0 : 1,164,994,600 : 4%
2022-07-02 12:51:44 : 11,000,000 : 0 : 1,175,087,375 : 4%
2022-07-02 13:12:32 : 11,100,000 : 0 : 1,185,311,225 : 5%
2022-07-02 13:32:35 : 11,200,000 : 0 : 1,195,666,150 : 5%
2022-07-02 13:51:36 : 11,300,000 : 0 : 1,205,890,000 : 5%
2022-07-02 14:09:59 : 11,400,000 : 0 : 1,216,113,850 : 5%
2022-07-02 14:27:23 : 11,500,000 : 0 : 1,236,430,475 : 5%
2022-07-02 14:44:03 : 11,600,000 : 0 : 1,246,654,325 : 5%
2022-07-02 15:00:39 : 11,700,000 : 0 : 1,256,747,100 : 5%
2022-07-02 15:16:30 : 11,800,000 : 0 : 1,266,970,950 : 5%
2022-07-02 15:32:33 : 11,900,000 : 0 : 1,277,325,875 : 5%
2022-07-02 15:48:38 : 12,000,000 : 0 : 1,287,680,800 : 5%
2022-07-02 16:04:29 : 12,100,000 : 0 : 1,298,035,725 : 5%
2022-07-02 16:20:31 : 12,200,000 : 0 : 1,308,390,650 : 5%
2022-07-02 16:36:28 : 12,300,000 : 0 : 1,318,745,575 : 5%
2022-07-02 16:52:23 : 12,400,000 : 0 : 1,329,100,500 : 5%
2022-07-02 17:08:05 : 12,500,000 : 0 : 1,339,324,350 : 5%
2022-07-02 17:24:00 : 12,600,000 : 0 : 1,349,679,275 : 5%
2022-07-02 17:39:56 : 12,700,000 : 0 : 1,359,903,125 : 5%
2022-07-02 17:55:51 : 12,800,000 : 0 : 1,370,126,975 : 5%
2022-07-02 18:11:55 : 12,900,000 : 0 : 1,380,350,825 : 5%
2022-07-02 18:28:07 : 13,000,000 : 0 : 1,390,574,675 : 5%
2022-07-02 18:44:24 : 13,100,000 : 0 : 1,400,798,525 : 5%
2022-07-02 19:00:48 : 13,200,000 : 0 : 1,411,022,375 : 5%
2022-07-02 19:17:24 : 13,300,000 : 0 : 1,421,246,225 : 5%
2022-07-02 19:34:18 : 13,400,000 : 0 : 1,431,470,075 : 5%
2022-07-02 19:51:08 : 13,500,000 : 0 : 1,441,693,925 : 6%
2022-07-02 20:08:04 : 13,600,000 : 0 : 1,452,048,850 : 6%
2022-07-02 20:24:46 : 13,700,000 : 0 : 1,472,234,400 : 6%
2022-07-02 20:41:48 : 13,800,000 : 0 : 1,482,458,250 : 6%
2022-07-02 20:58:54 : 13,900,000 : 0 : 1,492,682,100 : 6%
2022-07-02 21:15:59 : 14,000,000 : 0 : 1,502,774,875 : 6%
2022-07-02 21:33:00 : 14,100,000 : 0 : 1,512,998,725 : 6%
2022-07-02 21:50:06 : 14,200,000 : 0 : 1,523,091,500 : 6%
2022-07-02 22:07:20 : 14,300,000 : 0 : 1,533,184,275 : 6%
2022-07-02 22:24:35 : 14,400,000 : 0 : 1,543,277,050 : 6%
2022-07-02 22:41:49 : 14,500,000 : 0 : 1,553,369,825 : 6%
2022-07-02 22:58:48 : 14,600,000 : 0 : 1,563,200,450 : 6%
2022-07-02 23:15:56 : 14,700,000 : 0 : 1,573,162,150 : 6%
2022-07-02 23:33:30 : 14,800,000 : 0 : 1,583,254,925 : 6%
2022-07-02 23:51:36 : 14,900,000 : 0 : 1,593,216,625 : 6%
2022-07-03 00:09:43 : 15,000,000 : 0 : 1,603,178,325 : 6%
2022-07-03 00:28:24 : 15,100,000 : 0 : 1,613,140,025 : 6%
2022-07-03 00:46:55 : 15,200,000 : 0 : 1,623,232,800 : 6%
2022-07-03 01:06:09 : 15,300,000 : 0 : 1,633,194,500 : 6%
2022-07-03 01:25:28 : 15,400,000 : 0 : 1,643,156,200 : 6%
2022-07-03 01:44:42 : 15,500,000 : 0 : 1,653,117,900 : 6%
2022-07-03 02:03:51 : 15,600,000 : 0 : 1,662,817,450 : 6%
2022-07-03 02:23:09 : 15,700,000 : 0 : 1,672,779,150 : 6%
2022-07-03 02:42:29 : 15,800,000 : 0 : 1,682,478,700 : 6%
2022-07-03 03:02:20 : 15,900,000 : 0 : 1,692,309,325 : 6%
2022-07-03 03:22:07 : 16,000,000 : 0 : 1,702,271,025 : 7%
2022-07-03 03:42:05 : 16,100,000 : 0 : 1,711,970,575 : 7%
2022-07-03 04:03:34 : 16,200,000 : 0 : 1,731,631,825 : 7%
2022-07-03 04:24:50 : 16,300,000 : 0 : 1,741,331,375 : 7%
2022-07-03 04:47:16 : 16,400,000 : 0 : 1,751,162,000 : 7%
2022-07-03 05:11:23 : 16,500,000 : 0 : 1,761,123,700 : 7%
2022-07-03 05:35:59 : 16,600,000 : 0 : 1,771,216,475 : 7%
2022-07-03 06:02:37 : 16,700,000 : 0 : 1,781,309,250 : 7%
2022-07-03 06:30:29 : 16,800,000 : 0 : 1,791,402,025 : 7%
2022-07-03 06:59:38 : 16,900,000 : 0 : 1,801,494,800 : 7%
2022-07-03 07:30:04 : 17,000,000 : 0 : 1,811,587,575 : 7%
2022-07-03 08:01:16 : 17,100,000 : 0 : 1,821,680,350 : 7%
2022-07-03 08:32:52 : 17,200,000 : 0 : 1,831,904,200 : 7%
2022-07-03 09:04:49 : 17,300,000 : 0 : 1,841,996,975 : 7%
2022-07-03 09:37:01 : 17,400,000 : 0 : 1,852,089,750 : 7%
2022-07-03 10:08:58 : 17,500,000 : 0 : 1,862,182,525 : 7%
2022-07-03 10:40:04 : 17,600,000 : 0 : 1,872,013,150 : 7%
2022-07-03 11:09:32 : 17,700,000 : 0 : 1,882,105,925 : 7%
2022-07-03 11:37:25 : 17,800,000 : 0 : 1,892,067,625 : 7%
2022-07-03 12:03:30 : 17,900,000 : 0 : 1,902,291,475 : 7%
2022-07-03 12:27:42 : 18,000,000 : 0 : 1,912,384,250 : 7%
2022-07-03 12:50:20 : 18,100,000 : 0 : 1,922,608,100 : 7%
2022-07-03 13:11:30 : 18,200,000 : 0 : 1,932,831,950 : 7%
2022-07-03 13:31:57 : 18,300,000 : 0 : 1,943,055,800 : 7%
2022-07-03 13:50:53 : 18,400,000 : 0 : 1,953,279,650 : 7%
2022-07-03 14:08:43 : 18,500,000 : 0 : 1,973,465,200 : 8%
2022-07-03 14:25:27 : 18,600,000 : 0 : 1,983,426,900 : 8%
2022-07-03 14:41:53 : 18,700,000 : 0 : 1,993,519,675 : 8%
2022-07-03 14:57:48 : 18,800,000 : 0 : 2,003,743,525 : 8%
2022-07-03 15:14:08 : 18,900,000 : 0 : 2,013,836,300 : 8%
2022-07-03 15:29:44 : 19,000,000 : 0 : 2,024,060,150 : 8%
2022-07-03 15:45:16 : 19,100,000 : 0 : 2,034,152,925 : 8%
2022-07-03 16:00:29 : 19,200,000 : 0 : 2,044,245,700 : 8%
2022-07-03 16:15:37 : 19,300,000 : 0 : 2,054,338,475 : 8%
2022-07-03 16:30:18 : 19,400,000 : 0 : 2,064,431,250 : 8%
2022-07-03 16:44:59 : 19,500,000 : 0 : 2,074,655,100 : 8%
2022-07-03 17:00:07 : 19,600,000 : 0 : 2,085,010,025 : 8%
2022-07-03 17:15:28 : 19,700,000 : 0 : 2,095,364,950 : 8%
2022-07-03 17:31:07 : 19,800,000 : 0 : 2,105,719,875 : 8%
2022-07-03 17:46:39 : 19,900,000 : 0 : 2,116,074,800 : 8%
2022-07-03 18:02:23 : 20,000,000 : 0 : 2,126,429,725 : 8%
2022-07-03 18:18:14 : 20,100,000 : 0 : 2,136,784,650 : 8%
2022-07-03 18:34:03 : 20,200,000 : 0 : 2,147,139,575 : 8%
2022-07-03 18:49:58 : 20,300,000 : 0 : 2,157,494,500 : 8%
2022-07-03 19:05:49 : 20,400,000 : 0 : 2,167,849,425 : 8%
2022-07-03 19:21:51 : 20,500,000 : 0 : 2,178,204,350 : 8%
2022-07-03 19:37:55 : 20,600,000 : 0 : 2,188,428,200 : 8%
2022-07-03 19:54:13 : 20,700,000 : 0 : 2,209,006,975 : 8%
2022-07-03 20:10:24 : 20,800,000 : 0 : 2,219,230,825 : 8%
2022-07-03 20:26:28 : 20,900,000 : 0 : 2,229,323,600 : 9%
2022-07-03 20:42:18 : 21,000,000 : 0 : 2,239,416,375 : 9%
2022-07-03 20:58:19 : 21,100,000 : 0 : 2,249,640,225 : 9%
2022-07-03 21:14:30 : 21,200,000 : 0 : 2,259,864,075 : 9%
2022-07-03 21:30:47 : 21,300,000 : 0 : 2,270,087,925 : 9%
2022-07-03 21:47:10 : 21,400,000 : 0 : 2,280,311,775 : 9%
2022-07-03 22:03:41 : 21,500,000 : 0 : 2,290,535,625 : 9%
2022-07-03 22:20:42 : 21,600,000 : 0 : 2,300,759,475 : 9%
2022-07-03 22:38:03 : 21,700,000 : 0 : 2,310,983,325 : 9%
2022-07-03 22:55:37 : 21,800,000 : 0 : 2,321,076,100 : 9%
2022-07-03 23:13:33 : 21,900,000 : 0 : 2,331,168,875 : 9%
2022-07-03 23:31:42 : 22,000,000 : 0 : 2,341,392,725 : 9%
2022-07-03 23:50:09 : 22,100,000 : 0 : 2,351,616,575 : 9%
2022-07-04 00:08:58 : 22,200,000 : 0 : 2,361,709,350 : 9%
2022-07-04 00:28:08 : 22,300,000 : 0 : 2,371,802,125 : 9%
2022-07-04 00:47:22 : 22,400,000 : 0 : 2,381,894,900 : 9%
2022-07-04 01:07:04 : 22,500,000 : 0 : 2,392,118,750 : 9%
2022-07-04 01:26:52 : 22,600,000 : 0 : 2,402,080,450 : 9%
2022-07-04 01:46:46 : 22,700,000 : 0 : 2,412,173,225 : 9%
2022-07-04 02:06:42 : 22,800,000 : 0 : 2,422,266,000 : 9%
2022-07-04 02:26:52 : 22,900,000 : 0 : 2,432,358,775 : 9%
2022-07-04 02:47:15 : 23,000,000 : 0 : 2,452,413,250 : 9%
2022-07-04 03:07:58 : 23,100,000 : 0 : 2,462,506,025 : 9%
2022-07-04 03:29:08 : 23,200,000 : 0 : 2,472,729,875 : 9%
2022-07-04 03:50:49 : 23,300,000 : 0 : 2,482,691,575 : 9%
2022-07-04 04:13:19 : 23,400,000 : 0 : 2,492,784,350 : 10%
2022-07-04 04:36:23 : 23,500,000 : 0 : 2,502,877,125 : 10%
2022-07-04 05:00:17 : 23,600,000 : 0 : 2,513,100,975 : 10%
2022-07-04 05:24:31 : 23,700,000 : 0 : 2,523,193,750 : 10%
2022-07-04 05:49:56 : 23,800,000 : 0 : 2,533,417,600 : 10%
2022-07-04 06:16:13 : 23,900,000 : 0 : 2,543,641,450 : 10%
2022-07-04 06:43:30 : 24,000,000 : 0 : 2,553,865,300 : 10%
2022-07-04 07:12:01 : 24,100,000 : 0 : 2,564,220,225 : 10%
2022-07-04 07:41:36 : 24,200,000 : 0 : 2,574,575,150 : 10%
2022-07-04 08:12:02 : 24,300,000 : 0 : 2,584,930,075 : 10%
2022-07-04 08:42:42 : 24,400,000 : 0 : 2,595,153,925 : 10%
2022-07-04 09:13:48 : 24,500,000 : 0 : 2,605,508,850 : 10%
2022-07-04 09:45:11 : 24,600,000 : 0 : 2,615,863,775 : 10%
2022-07-04 10:15:33 : 24,700,000 : 0 : 2,626,087,625 : 10%
2022-07-04 10:44:57 : 24,800,000 : 0 : 2,636,442,550 : 10%
2022-07-04 11:13:00 : 24,900,000 : 0 : 2,646,666,400 : 10%
2022-07-04 11:39:16 : 25,000,000 : 0 : 2,657,021,325 : 10%
2022-07-04 12:03:25 : 25,100,000 : 0 : 2,667,376,250 : 10%
2022-07-04 12:26:11 : 25,200,000 : 0 : 2,688,217,175 : 10%
2022-07-04 12:47:42 : 25,300,000 : 0 : 2,698,572,100 : 10%
2022-07-04 13:08:02 : 25,400,000 : 0 : 2,708,927,025 : 10%
2022-07-04 13:27:10 : 25,500,000 : 0 : 2,719,413,025 : 10%
2022-07-04 13:45:44 : 25,600,000 : 0 : 2,729,899,025 : 10%
2022-07-04 14:03:15 : 25,700,000 : 0 : 2,740,385,025 : 10%
2022-07-04 14:20:12 : 25,800,000 : 0 : 2,750,871,025 : 11%
2022-07-04 14:36:35 : 25,900,000 : 0 : 2,761,357,025 : 11%
2022-07-04 14:52:32 : 26,000,000 : 0 : 2,771,843,025 : 11%
2022-07-04 15:08:15 : 26,100,000 : 0 : 2,782,329,025 : 11%
2022-07-04 15:23:39 : 26,200,000 : 0 : 2,792,683,950 : 11%
2022-07-04 15:39:06 : 26,300,000 : 0 : 2,803,301,025 : 11%
2022-07-04 15:54:28 : 26,400,000 : 0 : 2,813,787,025 : 11%
2022-07-04 16:09:45 : 26,500,000 : 0 : 2,824,404,100 : 11%
2022-07-04 16:24:41 : 26,600,000 : 0 : 2,834,890,100 : 11%
2022-07-04 16:39:39 : 26,700,000 : 0 : 2,845,376,100 : 11%
2022-07-04 16:54:37 : 26,800,000 : 0 : 2,855,862,100 : 11%
2022-07-04 17:09:36 : 26,900,000 : 0 : 2,866,348,100 : 11%
2022-07-04 17:24:37 : 27,000,000 : 0 : 2,876,834,100 : 11%
2022-07-04 17:39:33 : 27,100,000 : 0 : 2,887,189,025 : 11%
2022-07-04 17:55:19 : 27,200,000 : 0 : 2,897,675,025 : 11%
2022-07-04 18:10:45 : 27,300,000 : 0 : 2,908,029,950 : 11%
2022-07-04 18:26:13 : 27,400,000 : 0 : 2,928,739,800 : 11%
2022-07-04 18:41:43 : 27,500,000 : 0 : 2,939,094,725 : 11%
2022-07-04 18:57:13 : 27,600,000 : 0 : 2,949,449,650 : 11%
2022-07-04 19:12:43 : 27,700,000 : 0 : 2,959,804,575 : 11%
2022-07-04 19:28:26 : 27,800,000 : 0 : 2,970,028,425 : 11%
2022-07-04 19:44:10 : 27,900,000 : 0 : 2,980,514,425 : 11%
2022-07-04 19:59:58 : 28,000,000 : 0 : 2,990,738,275 : 11%
2022-07-04 20:15:49 : 28,100,000 : 0 : 3,001,093,200 : 11%
2022-07-04 20:31:26 : 28,200,000 : 0 : 3,011,317,050 : 12%
2022-07-04 20:47:02 : 28,300,000 : 0 : 3,021,540,900 : 12%
2022-07-04 21:02:28 : 28,400,000 : 0 : 3,031,764,750 : 12%
2022-07-04 21:18:19 : 28,500,000 : 0 : 3,042,119,675 : 12%
2022-07-04 21:34:09 : 28,600,000 : 0 : 3,052,343,525 : 12%
2022-07-04 21:50:09 : 28,700,000 : 0 : 3,062,567,375 : 12%
2022-07-04 22:06:18 : 28,800,000 : 0 : 3,072,791,225 : 12%
2022-07-04 22:22:47 : 28,900,000 : 0 : 3,082,884,000 : 12%
2022-07-04 22:39:22 : 29,000,000 : 0 : 3,093,107,850 : 12%
2022-07-04 22:56:03 : 29,100,000 : 0 : 3,103,200,625 : 12%
2022-07-04 23:13:24 : 29,200,000 : 0 : 3,113,293,400 : 12%
2022-07-04 23:30:58 : 29,300,000 : 0 : 3,123,386,175 : 12%
2022-07-04 23:48:49 : 29,400,000 : 0 : 3,133,610,025 : 12%
2022-07-05 00:07:06 : 29,500,000 : 0 : 3,143,833,875 : 12%
2022-07-05 00:25:33 : 29,600,000 : 0 : 3,164,019,425 : 12%
2022-07-05 00:44:15 : 29,700,000 : 0 : 3,173,981,125 : 12%
2022-07-05 01:03:25 : 29,800,000 : 0 : 3,184,073,900 : 12%
2022-07-05 01:22:44 : 29,900,000 : 0 : 3,194,035,600 : 12%
2022-07-05 01:42:13 : 30,000,000 : 0 : 3,204,128,375 : 12%
2022-07-05 02:01:44 : 30,100,000 : 0 : 3,214,090,075 : 12%
2022-07-05 02:21:13 : 30,200,000 : 0 : 3,224,051,775 : 12%
2022-07-05 02:40:44 : 30,300,000 : 0 : 3,234,013,475 : 12%
2022-07-05 03:00:20 : 30,400,000 : 0 : 3,244,106,250 : 12%
2022-07-05 03:20:19 : 30,500,000 : 0 : 3,254,067,950 : 12%
2022-07-05 03:40:59 : 30,600,000 : 0 : 3,264,160,725 : 12%
2022-07-05 04:02:18 : 30,700,000 : 0 : 3,274,253,500 : 13%
2022-07-05 04:24:38 : 30,800,000 : 0 : 3,284,215,200 : 13%
2022-07-05 04:48:00 : 30,900,000 : 0 : 3,294,307,975 : 13%
2022-07-05 05:12:14 : 31,000,000 : 0 : 3,304,400,750 : 13%
2022-07-05 05:37:03 : 31,100,000 : 0 : 3,314,493,525 : 13%
2022-07-05 06:02:54 : 31,200,000 : 0 : 3,324,717,375 : 13%
2022-07-05 06:29:24 : 31,300,000 : 0 : 3,334,941,225 : 13%
2022-07-05 06:56:52 : 31,400,000 : 0 : 3,345,296,150 : 13%
2022-07-05 07:25:54 : 31,500,000 : 0 : 3,355,520,000 : 13%
2022-07-05 07:56:06 : 31,600,000 : 0 : 3,365,743,850 : 13%
2022-07-05 08:27:10 : 31,700,000 : 0 : 3,376,098,775 : 13%
2022-07-05 08:58:33 : 31,800,000 : 0 : 3,386,453,700 : 13%
2022-07-05 09:30:14 : 31,900,000 : 0 : 3,396,677,550 : 13%
2022-07-05 10:01:06 : 32,000,000 : 0 : 3,417,125,250 : 13%
2022-07-05 10:30:20 : 32,100,000 : 0 : 3,427,218,025 : 13%
2022-07-05 10:57:32 : 32,200,000 : 0 : 3,437,441,875 : 13%
2022-07-05 11:23:09 : 32,300,000 : 0 : 3,447,665,725 : 13%
2022-07-05 11:47:09 : 32,400,000 : 0 : 3,458,020,650 : 13%
2022-07-05 12:09:31 : 32,500,000 : 0 : 3,468,375,575 : 13%
2022-07-05 12:30:54 : 32,600,000 : 0 : 3,478,861,575 : 13%
2022-07-05 12:50:52 : 32,700,000 : 0 : 3,489,216,500 : 13%
2022-07-05 13:09:55 : 32,800,000 : 0 : 3,499,571,425 : 13%
2022-07-05 13:27:54 : 32,900,000 : 0 : 3,510,057,425 : 13%
2022-07-05 13:45:31 : 33,000,000 : 0 : 3,520,543,425 : 13%
2022-07-05 14:02:08 : 33,100,000 : 0 : 3,531,160,500 : 13%
2022-07-05 14:18:15 : 33,200,000 : 0 : 3,541,646,500 : 14%
2022-07-05 14:33:57 : 33,300,000 : 0 : 3,552,263,575 : 14%
2022-07-05 14:49:29 : 33,400,000 : 0 : 3,562,880,650 : 14%
2022-07-05 15:04:32 : 33,500,000 : 0 : 3,573,497,725 : 14%
2022-07-05 15:19:17 : 33,600,000 : 0 : 3,583,983,725 : 14%
2022-07-05 15:33:56 : 33,700,000 : 0 : 3,594,600,800 : 14%
2022-07-05 15:48:32 : 33,800,000 : 0 : 3,605,217,875 : 14%
2022-07-05 16:02:44 : 33,900,000 : 0 : 3,615,834,950 : 14%
2022-07-05 16:16:58 : 34,000,000 : 0 : 3,626,320,950 : 14%
2022-07-05 16:31:06 : 34,100,000 : 0 : 3,647,686,175 : 14%
2022-07-05 16:45:26 : 34,200,000 : 0 : 3,658,434,325 : 14%
2022-07-05 16:59:31 : 34,300,000 : 0 : 3,669,051,400 : 14%
2022-07-05 17:13:57 : 34,400,000 : 0 : 3,679,668,475 : 14%
2022-07-05 17:28:14 : 34,500,000 : 0 : 3,690,285,550 : 14%
2022-07-05 17:42:33 : 34,600,000 : 0 : 3,700,902,625 : 14%
2022-07-05 17:56:49 : 34,700,000 : 0 : 3,711,519,700 : 14%
2022-07-05 18:11:10 : 34,800,000 : 0 : 3,722,136,775 : 14%
2022-07-05 18:25:38 : 34,900,000 : 0 : 3,732,884,925 : 14%
2022-07-05 18:40:06 : 35,000,000 : 0 : 3,743,502,000 : 14%
2022-07-05 18:54:25 : 35,100,000 : 0 : 3,754,119,075 : 14%
2022-07-05 19:08:49 : 35,200,000 : 0 : 3,764,736,150 : 14%
2022-07-05 19:23:25 : 35,300,000 : 0 : 3,775,353,225 : 14%
2022-07-05 19:37:56 : 35,400,000 : 0 : 3,785,970,300 : 14%
2022-07-05 19:52:28 : 35,500,000 : 0 : 3,796,587,375 : 15%
2022-07-05 20:06:56 : 35,600,000 : 0 : 3,807,073,375 : 15%
2022-07-05 20:21:29 : 35,700,000 : 0 : 3,817,690,450 : 15%
2022-07-05 20:35:59 : 35,800,000 : 0 : 3,828,307,525 : 15%
2022-07-05 20:50:28 : 35,900,000 : 0 : 3,838,793,525 : 15%
2022-07-05 21:04:55 : 36,000,000 : 0 : 3,849,279,525 : 15%
2022-07-05 21:19:44 : 36,100,000 : 0 : 3,870,251,525 : 15%
2022-07-05 21:34:40 : 36,200,000 : 0 : 3,880,737,525 : 15%
2022-07-05 21:49:39 : 36,300,000 : 0 : 3,891,223,525 : 15%
2022-07-05 22:04:41 : 36,400,000 : 0 : 3,901,709,525 : 15%
2022-07-05 22:20:01 : 36,500,000 : 0 : 3,912,064,450 : 15%
2022-07-05 22:35:30 : 36,600,000 : 0 : 3,922,550,450 : 15%
2022-07-05 22:51:12 : 36,700,000 : 0 : 3,932,905,375 : 15%
2022-07-05 23:07:15 : 36,800,000 : 0 : 3,943,391,375 : 15%
2022-07-05 23:23:41 : 36,900,000 : 0 : 3,953,746,300 : 15%
2022-07-05 23:40:13 : 37,000,000 : 0 : 3,964,101,225 : 15%
2022-07-05 23:56:42 : 37,100,000 : 0 : 3,974,325,075 : 15%
2022-07-06 00:13:28 : 37,200,000 : 0 : 3,984,680,000 : 15%
2022-07-06 00:30:20 : 37,300,000 : 0 : 3,994,903,850 : 15%
2022-07-06 00:47:21 : 37,400,000 : 0 : 4,005,258,775 : 15%
2022-07-06 01:04:14 : 37,500,000 : 0 : 4,015,482,625 : 15%
2022-07-06 01:21:11 : 37,600,000 : 0 : 4,025,575,400 : 15%
2022-07-06 01:38:02 : 37,700,000 : 0 : 4,035,668,175 : 15%
2022-07-06 01:55:12 : 37,800,000 : 0 : 4,045,892,025 : 15%
2022-07-06 02:12:18 : 37,900,000 : 0 : 4,056,115,875 : 15%
2022-07-06 02:29:17 : 38,000,000 : 0 : 4,066,208,650 : 16%
2022-07-06 02:46:27 : 38,100,000 : 0 : 4,076,301,425 : 16%
2022-07-06 03:04:04 : 38,200,000 : 0 : 4,096,618,050 : 16%
2022-07-06 03:22:28 : 38,300,000 : 0 : 4,106,972,975 : 16%
2022-07-06 03:41:41 : 38,400,000 : 0 : 4,117,196,825 : 16%
2022-07-06 04:01:43 : 38,500,000 : 0 : 4,127,420,675 : 16%
2022-07-06 04:22:29 : 38,600,000 : 0 : 4,137,644,525 : 16%
2022-07-06 04:44:26 : 38,700,000 : 0 : 4,147,868,375 : 16%
2022-07-06 05:07:32 : 38,800,000 : 0 : 4,158,223,300 : 16%
2022-07-06 05:31:34 : 38,900,000 : 0 : 4,168,447,150 : 16%
2022-07-06 05:56:47 : 39,000,000 : 0 : 4,178,802,075 : 16%
2022-07-06 06:22:59 : 39,100,000 : 0 : 4,189,157,000 : 16%
2022-07-06 06:50:26 : 39,200,000 : 0 : 4,199,511,925 : 16%
2022-07-06 07:18:49 : 39,300,000 : 0 : 4,209,866,850 : 16%
2022-07-06 07:48:34 : 39,400,000 : 0 : 4,220,352,850 : 16%
2022-07-06 08:19:08 : 39,500,000 : 0 : 4,230,707,775 : 16%
2022-07-06 08:49:59 : 39,600,000 : 0 : 4,241,193,775 : 16%
2022-07-06 09:20:57 : 39,700,000 : 0 : 4,251,548,700 : 16%
2022-07-06 09:51:38 : 39,800,000 : 0 : 4,261,903,625 : 16%
2022-07-06 10:20:33 : 39,900,000 : 0 : 4,272,127,475 : 16%
2022-07-06 10:48:05 : 40,000,000 : 0 : 4,282,351,325 : 16%
2022-07-06 11:13:49 : 40,100,000 : 0 : 4,292,837,325 : 16%
2022-07-06 11:37:36 : 40,200,000 : 0 : 4,303,192,250 : 16%
2022-07-06 11:59:35 : 40,300,000 : 0 : 4,313,547,175 : 16%
2022-07-06 12:20:27 : 40,400,000 : 0 : 4,334,519,175 : 17%
2022-07-06 12:40:11 : 40,500,000 : 0 : 4,345,136,250 : 17%
2022-07-06 12:58:51 : 40,600,000 : 0 : 4,355,753,325 : 17%
2022-07-06 13:16:42 : 40,700,000 : 0 : 4,366,501,475 : 17%
2022-07-06 13:33:52 : 40,800,000 : 0 : 4,377,118,550 : 17%
2022-07-06 13:50:22 : 40,900,000 : 0 : 4,387,866,700 : 17%
2022-07-06 14:06:26 : 41,000,000 : 0 : 4,398,483,775 : 17%
2022-07-06 14:22:04 : 41,100,000 : 0 : 4,409,231,925 : 17%
2022-07-06 14:37:22 : 41,200,000 : 0 : 4,419,849,000 : 17%
2022-07-06 14:52:02 : 41,300,000 : 0 : 4,430,597,150 : 17%
2022-07-06 15:06:41 : 41,400,000 : 0 : 4,441,214,225 : 17%
2022-07-06 15:21:02 : 41,500,000 : 0 : 4,451,962,375 : 17%
2022-07-06 15:35:11 : 41,600,000 : 0 : 4,462,579,450 : 17%
2022-07-06 15:49:14 : 41,700,000 : 0 : 4,473,327,600 : 17%
2022-07-06 16:03:13 : 41,800,000 : 0 : 4,483,944,675 : 17%
2022-07-06 16:17:20 : 41,900,000 : 0 : 4,494,692,825 : 17%
2022-07-06 16:31:18 : 42,000,000 : 0 : 4,505,309,900 : 17%
2022-07-06 16:45:16 : 42,100,000 : 0 : 4,516,058,050 : 17%
2022-07-06 16:59:24 : 42,200,000 : 0 : 4,526,675,125 : 17%
2022-07-06 17:14:00 : 42,300,000 : 0 : 4,537,423,275 : 17%
2022-07-06 17:28:21 : 42,400,000 : 0 : 4,558,788,500 : 17%
2022-07-06 17:42:47 : 42,500,000 : 0 : 4,569,405,575 : 17%
2022-07-06 17:57:19 : 42,600,000 : 0 : 4,580,022,650 : 17%
2022-07-06 18:12:07 : 42,700,000 : 0 : 4,590,508,650 : 18%
2022-07-06 18:27:10 : 42,800,000 : 0 : 4,601,125,725 : 18%
2022-07-06 18:42:19 : 42,900,000 : 0 : 4,611,742,800 : 18%
2022-07-06 18:57:33 : 43,000,000 : 0 : 4,622,359,875 : 18%
2022-07-06 19:12:52 : 43,100,000 : 0 : 4,632,976,950 : 18%
2022-07-06 19:28:15 : 43,200,000 : 0 : 4,643,462,950 : 18%
2022-07-06 19:43:43 : 43,300,000 : 0 : 4,653,948,950 : 18%
2022-07-06 19:59:15 : 43,400,000 : 0 : 4,664,434,950 : 18%
2022-07-06 20:14:31 : 43,500,000 : 0 : 4,674,920,950 : 18%
2022-07-06 20:29:27 : 43,600,000 : 0 : 4,685,275,875 : 18%
2022-07-06 20:44:29 : 43,700,000 : 0 : 4,695,630,800 : 18%
2022-07-06 20:59:17 : 43,800,000 : 0 : 4,706,116,800 : 18%
2022-07-06 21:14:30 : 43,900,000 : 0 : 4,716,602,800 : 18%
2022-07-06 21:29:36 : 44,000,000 : 0 : 4,726,957,725 : 18%
2022-07-06 21:44:50 : 44,100,000 : 0 : 4,737,443,725 : 18%
2022-07-06 22:00:02 : 44,200,000 : 0 : 4,747,929,725 : 18%
2022-07-06 22:15:25 : 44,300,000 : 0 : 4,758,284,650 : 18%
2022-07-06 22:30:51 : 44,400,000 : 0 : 4,779,125,575 : 18%
2022-07-06 22:46:30 : 44,500,000 : 0 : 4,789,480,500 : 18%
2022-07-06 23:02:14 : 44,600,000 : 0 : 4,799,835,425 : 18%
2022-07-06 23:18:24 : 44,700,000 : 0 : 4,810,190,350 : 18%
2022-07-06 23:34:33 : 44,800,000 : 0 : 4,820,283,125 : 18%
2022-07-06 23:50:49 : 44,900,000 : 0 : 4,830,506,975 : 18%
2022-07-07 00:07:08 : 45,000,000 : 0 : 4,840,730,825 : 18%
2022-07-07 00:23:34 : 45,100,000 : 0 : 4,850,823,600 : 19%
2022-07-07 00:39:52 : 45,200,000 : 0 : 4,860,916,375 : 19%
2022-07-07 00:56:12 : 45,300,000 : 0 : 4,870,878,075 : 19%
2022-07-07 01:12:38 : 45,400,000 : 0 : 4,880,970,850 : 19%
2022-07-07 01:29:02 : 45,500,000 : 0 : 4,891,194,700 : 19%
2022-07-07 01:45:38 : 45,600,000 : 0 : 4,901,287,475 : 19%
2022-07-07 02:02:17 : 45,700,000 : 0 : 4,911,380,250 : 19%
2022-07-07 02:19:20 : 45,800,000 : 0 : 4,921,473,025 : 19%
2022-07-07 02:36:24 : 45,900,000 : 0 : 4,931,565,800 : 19%
2022-07-07 02:54:01 : 46,000,000 : 0 : 4,941,658,575 : 19%
2022-07-07 03:11:57 : 46,100,000 : 0 : 4,951,882,425 : 19%
2022-07-07 03:30:23 : 46,200,000 : 0 : 4,961,975,200 : 19%
2022-07-07 03:49:22 : 46,300,000 : 0 : 4,972,199,050 : 19%
2022-07-07 04:09:17 : 46,400,000 : 0 : 4,982,422,900 : 19%
2022-07-07 04:30:10 : 46,500,000 : 0 : 4,992,646,750 : 19%
2022-07-07 04:52:10 : 46,600,000 : 0 : 5,012,832,300 : 19%
2022-07-07 05:15:05 : 46,700,000 : 0 : 5,023,056,150 : 19%
2022-07-07 05:38:48 : 46,800,000 : 0 : 5,033,411,075 : 19%
2022-07-07 06:03:35 : 46,900,000 : 0 : 5,043,634,925 : 19%
2022-07-07 06:29:29 : 47,000,000 : 0 : 5,053,858,775 : 19%
2022-07-07 06:56:28 : 47,100,000 : 0 : 5,064,213,700 : 19%
2022-07-07 07:24:30 : 47,200,000 : 0 : 5,074,437,550 : 19%
2022-07-07 07:53:50 : 47,300,000 : 0 : 5,084,661,400 : 19%
2022-07-07 08:23:34 : 47,400,000 : 0 : 5,095,016,325 : 19%
2022-07-07 08:53:18 : 47,500,000 : 0 : 5,105,240,175 : 20%
2022-07-07 09:23:20 : 47,600,000 : 0 : 5,115,464,025 : 20%
2022-07-07 09:53:08 : 47,700,000 : 0 : 5,125,556,800 : 20%
2022-07-07 10:21:45 : 47,800,000 : 0 : 5,135,911,725 : 20%
2022-07-07 10:48:36 : 47,900,000 : 0 : 5,146,135,575 : 20%
2022-07-07 11:13:36 : 48,000,000 : 0 : 5,156,359,425 : 20%
2022-07-07 11:36:54 : 48,100,000 : 0 : 5,166,583,275 : 20%
2022-07-07 11:58:49 : 48,200,000 : 0 : 5,176,938,200 : 20%
2022-07-07 12:19:22 : 48,300,000 : 0 : 5,187,293,125 : 20%
2022-07-07 12:38:47 : 48,400,000 : 0 : 5,197,779,125 : 20%
2022-07-07 12:57:15 : 48,500,000 : 0 : 5,208,265,125 : 20%
2022-07-07 13:14:53 : 48,600,000 : 0 : 5,218,751,125 : 20%
2022-07-07 13:32:06 : 48,700,000 : 0 : 5,229,368,200 : 20%
2022-07-07 13:48:38 : 48,800,000 : 0 : 5,250,602,350 : 20%
2022-07-07 14:04:40 : 48,900,000 : 0 : 5,261,350,500 : 20%
2022-07-07 14:20:24 : 49,000,000 : 0 : 5,272,098,650 : 20%
2022-07-07 14:35:44 : 49,100,000 : 0 : 5,282,846,800 : 20%
2022-07-07 14:50:36 : 49,200,000 : 0 : 5,293,463,875 : 20%
2022-07-07 15:05:18 : 49,300,000 : 0 : 5,304,212,025 : 20%
2022-07-07 15:19:57 : 49,400,000 : 0 : 5,314,960,175 : 20%
2022-07-07 15:34:18 : 49,500,000 : 0 : 5,325,577,250 : 20%
2022-07-07 15:48:33 : 49,600,000 : 0 : 5,336,325,400 : 20%
2022-07-07 16:02:45 : 49,700,000 : 0 : 5,346,942,475 : 20%
2022-07-07 16:16:54 : 49,800,000 : 0 : 5,357,690,625 : 20%
2022-07-07 16:31:10 : 49,900,000 : 0 : 5,368,307,700 : 21%
2022-07-07 16:45:01 : 50,000,000 : 0 : 5,379,055,850 : 21%
2022-07-07 16:58:56 : 50,100,000 : 0 : 5,389,672,925 : 21%
2022-07-07 17:12:52 : 50,200,000 : 0 : 5,400,290,000 : 21%
2022-07-07 17:26:46 : 50,300,000 : 0 : 5,410,907,075 : 21%
2022-07-07 17:40:39 : 50,400,000 : 0 : 5,421,524,150 : 21%
2022-07-07 17:54:31 : 50,500,000 : 0 : 5,432,141,225 : 21%
2022-07-07 18:08:25 : 50,600,000 : 0 : 5,442,758,300 : 21%
2022-07-07 18:22:15 : 50,700,000 : 0 : 5,463,992,450 : 21%
2022-07-07 18:36:05 : 50,800,000 : 0 : 5,474,609,525 : 21%
2022-07-07 18:49:50 : 50,900,000 : 0 : 5,485,095,525 : 21%
2022-07-07 19:03:51 : 51,000,000 : 0 : 5,495,712,600 : 21%
2022-07-07 19:17:55 : 51,100,000 : 0 : 5,506,329,675 : 21%
2022-07-07 19:31:59 : 51,200,000 : 0 : 5,516,815,675 : 21%
2022-07-07 19:46:05 : 51,300,000 : 0 : 5,527,301,675 : 21%
2022-07-07 19:59:58 : 51,400,000 : 0 : 5,537,787,675 : 21%
2022-07-07 20:13:53 : 51,500,000 : 0 : 5,548,142,600 : 21%
2022-07-07 20:27:22 : 51,600,000 : 0 : 5,558,497,525 : 21%
2022-07-07 20:40:53 : 51,700,000 : 0 : 5,568,852,450 : 21%
2022-07-07 20:54:40 : 51,800,000 : 0 : 5,579,338,450 : 21%
2022-07-07 21:08:40 : 51,900,000 : 0 : 5,589,693,375 : 21%
2022-07-07 21:23:01 : 52,000,000 : 0 : 5,600,179,375 : 21%
2022-07-07 21:37:24 : 52,100,000 : 0 : 5,610,534,300 : 21%
2022-07-07 21:53:18 : 52,200,000 : 0 : 5,620,889,225 : 21%
2022-07-07 22:09:24 : 52,300,000 : 0 : 5,631,113,075 : 22%
2022-07-07 22:25:03 : 52,400,000 : 0 : 5,641,336,925 : 22%
2022-07-07 22:40:17 : 52,500,000 : 0 : 5,651,560,775 : 22%
2022-07-07 22:55:30 : 52,600,000 : 0 : 5,661,915,700 : 22%
2022-07-07 23:11:01 : 52,700,000 : 0 : 5,672,270,625 : 22%
2022-07-07 23:26:34 : 52,800,000 : 0 : 5,682,363,400 : 22%
2022-07-07 23:42:01 : 52,900,000 : 0 : 5,702,548,950 : 22%
2022-07-07 23:57:17 : 53,000,000 : 0 : 5,712,641,725 : 22%
2022-07-08 00:13:08 : 53,100,000 : 0 : 5,722,603,425 : 22%
2022-07-08 00:29:07 : 53,200,000 : 0 : 5,732,696,200 : 22%
2022-07-08 00:45:13 : 53,300,000 : 0 : 5,742,657,900 : 22%
2022-07-08 01:01:25 : 53,400,000 : 0 : 5,752,750,675 : 22%
2022-07-08 01:17:36 : 53,500,000 : 0 : 5,762,843,450 : 22%
2022-07-08 01:33:47 : 53,600,000 : 0 : 5,772,936,225 : 22%
2022-07-08 01:50:06 : 53,700,000 : 0 : 5,783,029,000 : 22%
2022-07-08 02:06:36 : 53,800,000 : 0 : 5,792,990,700 : 22%
2022-07-08 02:23:03 : 53,900,000 : 0 : 5,802,952,400 : 22%
2022-07-08 02:39:33 : 54,000,000 : 0 : 5,813,045,175 : 22%
2022-07-08 02:56:15 : 54,100,000 : 0 : 5,823,006,875 : 22%
2022-07-08 03:13:16 : 54,200,000 : 0 : 5,832,968,575 : 22%
2022-07-08 03:30:57 : 54,300,000 : 0 : 5,843,061,350 : 22%
2022-07-08 03:49:09 : 54,400,000 : 0 : 5,853,023,050 : 22%
2022-07-08 04:08:00 : 54,500,000 : 0 : 5,863,115,825 : 22%
2022-07-08 04:27:35 : 54,600,000 : 0 : 5,873,208,600 : 22%
2022-07-08 04:47:50 : 54,700,000 : 0 : 5,883,301,375 : 22%
2022-07-08 05:08:55 : 54,800,000 : 0 : 5,893,394,150 : 23%
2022-07-08 05:30:58 : 54,900,000 : 0 : 5,903,486,925 : 23%
2022-07-08 05:54:08 : 55,000,000 : 0 : 5,913,579,700 : 23%
2022-07-08 06:18:35 : 55,100,000 : 0 : 5,923,803,550 : 23%
2022-07-08 06:44:00 : 55,200,000 : 0 : 5,944,382,325 : 23%
2022-07-08 07:10:29 : 55,300,000 : 0 : 5,954,606,175 : 23%
2022-07-08 07:38:05 : 55,400,000 : 0 : 5,964,961,100 : 23%
2022-07-08 08:07:08 : 55,500,000 : 0 : 5,975,316,025 : 23%
2022-07-08 08:36:39 : 55,600,000 : 0 : 5,985,539,875 : 23%
2022-07-08 09:06:43 : 55,700,000 : 0 : 5,995,763,725 : 23%
2022-07-08 09:36:29 : 55,800,000 : 0 : 6,005,987,575 : 23%
2022-07-08 10:05:36 : 55,900,000 : 0 : 6,016,211,425 : 23%
2022-07-08 10:33:36 : 56,000,000 : 0 : 6,026,435,275 : 23%
2022-07-08 10:59:46 : 56,100,000 : 0 : 6,036,790,200 : 23%
2022-07-08 11:23:44 : 56,200,000 : 0 : 6,047,014,050 : 23%
2022-07-08 11:46:22 : 56,300,000 : 0 : 6,057,368,975 : 23%
2022-07-08 12:07:28 : 56,400,000 : 0 : 6,067,592,825 : 23%
2022-07-08 12:27:22 : 56,500,000 : 0 : 6,078,078,825 : 23%
2022-07-08 12:46:13 : 56,600,000 : 0 : 6,088,564,825 : 23%
2022-07-08 13:04:18 : 56,700,000 : 0 : 6,098,919,750 : 23%
2022-07-08 13:21:28 : 56,800,000 : 0 : 6,109,405,750 : 23%
2022-07-08 13:38:10 : 56,900,000 : 0 : 6,120,022,825 : 23%
2022-07-08 13:54:15 : 57,000,000 : 0 : 6,130,508,825 : 23%
2022-07-08 14:09:59 : 57,100,000 : 0 : 6,141,125,900 : 23%
2022-07-08 14:25:15 : 57,200,000 : 0 : 6,151,742,975 : 24%
2022-07-08 14:40:11 : 57,300,000 : 0 : 6,162,360,050 : 24%
2022-07-08 14:54:42 : 57,400,000 : 0 : 6,183,463,125 : 24%
2022-07-08 15:09:09 : 57,500,000 : 0 : 6,194,080,200 : 24%
2022-07-08 15:23:32 : 57,600,000 : 0 : 6,204,566,200 : 24%
2022-07-08 15:37:35 : 57,700,000 : 0 : 6,215,183,275 : 24%
2022-07-08 15:51:32 : 57,800,000 : 0 : 6,225,538,200 : 24%
2022-07-08 16:04:56 : 57,900,000 : 0 : 6,235,893,125 : 24%
2022-07-08 16:18:34 : 58,000,000 : 0 : 6,246,379,125 : 24%
2022-07-08 16:32:13 : 58,100,000 : 0 : 6,256,996,200 : 24%
2022-07-08 16:46:00 : 58,200,000 : 0 : 6,267,482,200 : 24%
2022-07-08 16:59:47 : 58,300,000 : 0 : 6,277,968,200 : 24%
2022-07-08 17:13:48 : 58,400,000 : 0 : 6,288,585,275 : 24%
2022-07-08 17:27:49 : 58,500,000 : 0 : 6,299,202,350 : 24%
2022-07-08 17:42:02 : 58,600,000 : 0 : 6,309,819,425 : 24%
2022-07-08 17:56:12 : 58,700,000 : 0 : 6,320,436,500 : 24%
2022-07-08 18:10:34 : 58,800,000 : 0 : 6,331,053,575 : 24%
2022-07-08 18:24:52 : 58,900,000 : 0 : 6,341,539,575 : 24%
2022-07-08 18:39:16 : 59,000,000 : 0 : 6,352,156,650 : 24%
2022-07-08 18:53:44 : 59,100,000 : 0 : 6,362,642,650 : 24%
2022-07-08 19:08:16 : 59,200,000 : 0 : 6,373,128,650 : 24%
2022-07-08 19:23:00 : 59,300,000 : 0 : 6,383,745,725 : 24%
2022-07-08 19:37:45 : 59,400,000 : 0 : 6,394,231,725 : 24%
2022-07-08 19:52:24 : 59,500,000 : 0 : 6,415,203,725 : 25%
2022-07-08 20:07:04 : 59,600,000 : 0 : 6,425,558,650 : 25%
2022-07-08 20:21:52 : 59,700,000 : 0 : 6,435,913,575 : 25%
2022-07-08 20:36:35 : 59,800,000 : 0 : 6,446,268,500 : 25%
2022-07-08 20:51:12 : 59,900,000 : 0 : 6,456,492,350 : 25%
2022-07-08 21:06:11 : 60,000,000 : 0 : 6,466,847,275 : 25%
2022-07-08 21:21:14 : 60,100,000 : 0 : 6,477,202,200 : 25%
2022-07-08 21:36:25 : 60,200,000 : 0 : 6,487,557,125 : 25%
2022-07-08 21:51:48 : 60,300,000 : 0 : 6,497,912,050 : 25%
2022-07-08 22:07:16 : 60,400,000 : 0 : 6,508,135,900 : 25%
2022-07-08 22:23:05 : 60,500,000 : 0 : 6,518,359,750 : 25%
2022-07-08 22:38:52 : 60,600,000 : 0 : 6,528,583,600 : 25%
2022-07-08 22:54:59 : 60,700,000 : 0 : 6,538,676,375 : 25%
2022-07-08 23:11:30 : 60,800,000 : 0 : 6,548,900,225 : 25%
2022-07-08 23:28:18 : 60,900,000 : 0 : 6,558,993,000 : 25%
2022-07-08 23:45:08 : 61,000,000 : 0 : 6,569,216,850 : 25%
2022-07-09 00:02:24 : 61,100,000 : 0 : 6,579,309,625 : 25%
2022-07-09 00:19:57 : 61,200,000 : 0 : 6,589,402,400 : 25%
2022-07-09 00:37:16 : 61,300,000 : 0 : 6,599,364,100 : 25%
2022-07-09 00:54:54 : 61,400,000 : 0 : 6,609,456,875 : 25%
2022-07-09 01:12:36 : 61,500,000 : 0 : 6,619,418,575 : 25%
2022-07-09 01:30:34 : 61,600,000 : 0 : 6,629,380,275 : 25%
2022-07-09 01:48:38 : 61,700,000 : 0 : 6,649,303,675 : 25%
2022-07-09 02:06:29 : 61,800,000 : 0 : 6,659,265,375 : 25%
2022-07-09 02:24:32 : 61,900,000 : 0 : 6,669,227,075 : 25%
2022-07-09 02:42:35 : 62,000,000 : 0 : 6,679,057,700 : 26%
2022-07-09 03:00:53 : 62,100,000 : 0 : 6,689,019,400 : 26%
2022-07-09 03:19:57 : 62,200,000 : 0 : 6,699,112,175 : 26%
2022-07-09 03:39:25 : 62,300,000 : 0 : 6,709,073,875 : 26%
2022-07-09 03:59:41 : 62,400,000 : 0 : 6,719,035,575 : 26%
2022-07-09 04:20:46 : 62,500,000 : 0 : 6,729,128,350 : 26%
2022-07-09 04:42:30 : 62,600,000 : 0 : 6,738,958,975 : 26%
2022-07-09 05:05:00 : 62,700,000 : 0 : 6,749,051,750 : 26%
2022-07-09 05:28:46 : 62,800,000 : 0 : 6,758,882,375 : 26%
2022-07-09 05:53:15 : 62,900,000 : 0 : 6,768,844,075 : 26%
2022-07-09 06:18:38 : 63,000,000 : 0 : 6,778,805,775 : 26%
2022-07-09 06:44:52 : 63,100,000 : 0 : 6,788,767,475 : 26%
2022-07-09 07:12:28 : 63,200,000 : 0 : 6,798,729,175 : 26%
2022-07-09 07:41:06 : 63,300,000 : 0 : 6,808,690,875 : 26%
2022-07-09 08:10:01 : 63,400,000 : 0 : 6,818,652,575 : 26%
2022-07-09 08:40:30 : 63,500,000 : 0 : 6,828,745,350 : 26%
2022-07-09 09:11:18 : 63,600,000 : 0 : 6,838,707,050 : 26%
2022-07-09 09:42:12 : 63,700,000 : 0 : 6,848,668,750 : 26%
2022-07-09 10:13:06 : 63,800,000 : 0 : 6,858,761,525 : 26%
2022-07-09 10:42:41 : 63,900,000 : 0 : 6,868,723,225 : 26%
2022-07-09 11:10:50 : 64,000,000 : 0 : 6,878,816,000 : 26%
2022-07-09 11:36:53 : 64,100,000 : 0 : 6,888,908,775 : 26%
2022-07-09 12:01:09 : 64,200,000 : 0 : 6,909,225,400 : 26%
2022-07-09 12:23:54 : 64,300,000 : 0 : 6,919,449,250 : 26%
2022-07-09 12:45:34 : 64,400,000 : 0 : 6,929,673,100 : 26%
2022-07-09 13:06:13 : 64,500,000 : 0 : 6,940,028,025 : 27%
2022-07-09 13:25:53 : 64,600,000 : 0 : 6,950,251,875 : 27%
2022-07-09 13:44:49 : 64,700,000 : 0 : 6,960,606,800 : 27%
2022-07-09 14:02:59 : 64,800,000 : 0 : 6,970,961,725 : 27%
2022-07-09 14:20:23 : 64,900,000 : 0 : 6,981,185,575 : 27%
2022-07-09 14:37:05 : 65,000,000 : 0 : 6,991,278,350 : 27%
2022-07-09 14:53:23 : 65,100,000 : 0 : 7,001,633,275 : 27%
2022-07-09 15:09:08 : 65,200,000 : 0 : 7,011,857,125 : 27%
2022-07-09 15:24:41 : 65,300,000 : 0 : 7,022,212,050 : 27%
2022-07-09 15:40:34 : 65,400,000 : 0 : 7,032,566,975 : 27%
2022-07-09 15:56:14 : 65,500,000 : 0 : 7,042,921,900 : 27%
2022-07-09 16:12:03 : 65,600,000 : 0 : 7,053,407,900 : 27%
2022-07-09 16:27:41 : 65,700,000 : 0 : 7,063,762,825 : 27%
2022-07-09 16:43:06 : 65,800,000 : 0 : 7,074,117,750 : 27%
2022-07-09 16:58:38 : 65,900,000 : 0 : 7,084,472,675 : 27%
2022-07-09 17:14:11 : 66,000,000 : 0 : 7,094,958,675 : 27%
2022-07-09 17:29:54 : 66,100,000 : 0 : 7,105,313,600 : 27%
2022-07-09 17:45:54 : 66,200,000 : 0 : 7,115,668,525 : 27%
2022-07-09 18:02:01 : 66,300,000 : 0 : 7,126,154,525 : 27%
2022-07-09 18:18:16 : 66,400,000 : 0 : 7,136,640,525 : 27%
2022-07-09 18:34:22 : 66,500,000 : 0 : 7,157,350,375 : 27%
2022-07-09 18:50:34 : 66,600,000 : 0 : 7,167,705,300 : 27%
2022-07-09 19:06:44 : 66,700,000 : 0 : 7,177,929,150 : 27%
2022-07-09 19:22:54 : 66,800,000 : 0 : 7,188,284,075 : 27%
2022-07-09 19:39:17 : 66,900,000 : 0 : 7,198,507,925 : 28%
2022-07-09 19:55:48 : 67,000,000 : 0 : 7,208,862,850 : 28%
2022-07-09 20:12:20 : 67,100,000 : 0 : 7,219,086,700 : 28%
2022-07-09 20:28:32 : 67,200,000 : 0 : 7,229,441,625 : 28%
2022-07-09 20:44:45 : 67,300,000 : 0 : 7,239,534,400 : 28%
2022-07-09 21:01:03 : 67,400,000 : 0 : 7,249,758,250 : 28%
2022-07-09 21:17:22 : 67,500,000 : 0 : 7,259,982,100 : 28%
2022-07-09 21:33:52 : 67,600,000 : 0 : 7,270,074,875 : 28%
2022-07-09 21:50:24 : 67,700,000 : 0 : 7,280,298,725 : 28%
2022-07-09 22:07:22 : 67,800,000 : 0 : 7,290,522,575 : 28%
2022-07-09 22:24:02 : 67,900,000 : 0 : 7,300,615,350 : 28%
2022-07-09 22:40:52 : 68,000,000 : 0 : 7,310,708,125 : 28%
2022-07-09 22:57:49 : 68,100,000 : 0 : 7,320,669,825 : 28%
2022-07-09 23:15:03 : 68,200,000 : 0 : 7,330,762,600 : 28%
2022-07-09 23:32:32 : 68,300,000 : 0 : 7,340,855,375 : 28%
2022-07-09 23:50:07 : 68,400,000 : 0 : 7,350,948,150 : 28%
2022-07-10 00:07:56 : 68,500,000 : 0 : 7,360,909,850 : 28%
2022-07-10 00:25:51 : 68,600,000 : 0 : 7,371,002,625 : 28%
2022-07-10 00:44:06 : 68,700,000 : 0 : 7,380,964,325 : 28%
2022-07-10 01:02:25 : 68,800,000 : 0 : 7,401,018,800 : 28%
2022-07-10 01:20:56 : 68,900,000 : 0 : 7,410,980,500 : 28%
2022-07-10 01:39:34 : 69,000,000 : 0 : 7,420,942,200 : 28%
2022-07-10 01:58:11 : 69,100,000 : 0 : 7,431,034,975 : 28%
2022-07-10 02:16:44 : 69,200,000 : 0 : 7,440,996,675 : 28%
2022-07-10 02:35:33 : 69,300,000 : 0 : 7,450,958,375 : 28%
2022-07-10 02:54:20 : 69,400,000 : 0 : 7,460,789,000 : 29%
2022-07-10 03:13:19 : 69,500,000 : 0 : 7,470,881,775 : 29%
2022-07-10 03:32:58 : 69,600,000 : 0 : 7,480,843,475 : 29%
2022-07-10 03:53:03 : 69,700,000 : 0 : 7,490,805,175 : 29%
2022-07-10 04:13:49 : 69,800,000 : 0 : 7,500,635,800 : 29%
2022-07-10 04:35:15 : 69,900,000 : 0 : 7,510,597,500 : 29%
2022-07-10 04:57:59 : 70,000,000 : 0 : 7,520,559,200 : 29%
2022-07-10 05:21:50 : 70,100,000 : 0 : 7,530,520,900 : 29%
2022-07-10 05:47:01 : 70,200,000 : 0 : 7,540,482,600 : 29%
2022-07-10 06:13:31 : 70,300,000 : 0 : 7,550,575,375 : 29%
2022-07-10 06:40:50 : 70,400,000 : 0 : 7,560,537,075 : 29%
2022-07-10 07:09:13 : 70,500,000 : 0 : 7,570,629,850 : 29%
2022-07-10 07:38:28 : 70,600,000 : 0 : 7,580,722,625 : 29%
2022-07-10 08:08:07 : 70,700,000 : 0 : 7,590,815,400 : 29%
2022-07-10 08:38:48 : 70,800,000 : 0 : 7,601,039,250 : 29%
2022-07-10 09:09:40 : 70,900,000 : 0 : 7,611,132,025 : 29%
2022-07-10 09:41:14 : 71,000,000 : 0 : 7,621,224,800 : 29%
2022-07-10 10:12:37 : 71,100,000 : 0 : 7,631,317,575 : 29%
2022-07-10 10:43:20 : 71,200,000 : 0 : 7,641,410,350 : 29%
2022-07-10 11:12:11 : 71,300,000 : 0 : 7,661,858,050 : 29%
2022-07-10 11:39:09 : 71,400,000 : 0 : 7,671,950,825 : 29%
2022-07-10 12:04:17 : 71,500,000 : 0 : 7,682,174,675 : 29%
2022-07-10 12:27:53 : 71,600,000 : 0 : 7,692,398,525 : 29%
2022-07-10 12:49:58 : 71,700,000 : 0 : 7,702,622,375 : 29%
2022-07-10 13:10:26 : 71,800,000 : 0 : 7,712,715,150 : 29%
2022-07-10 13:29:36 : 71,900,000 : 0 : 7,722,676,850 : 30%
2022-07-10 13:47:43 : 72,000,000 : 0 : 7,732,769,625 : 30%
2022-07-10 14:05:18 : 72,100,000 : 0 : 7,742,862,400 : 30%
2022-07-10 14:21:47 : 72,200,000 : 0 : 7,752,824,100 : 30%
2022-07-10 14:38:06 : 72,300,000 : 0 : 7,763,047,950 : 30%
2022-07-10 14:54:06 : 72,400,000 : 0 : 7,773,271,800 : 30%
2022-07-10 15:09:46 : 72,500,000 : 0 : 7,783,495,650 : 30%
2022-07-10 15:25:37 : 72,600,000 : 0 : 7,793,850,575 : 30%
2022-07-10 15:41:19 : 72,700,000 : 0 : 7,804,205,500 : 30%
2022-07-10 15:56:57 : 72,800,000 : 0 : 7,814,560,425 : 30%
2022-07-10 16:12:29 : 72,900,000 : 0 : 7,824,915,350 : 30%
2022-07-10 16:28:04 : 73,000,000 : 0 : 7,835,401,350 : 30%
2022-07-10 16:43:28 : 73,100,000 : 0 : 7,845,756,275 : 30%
2022-07-10 16:58:52 : 73,200,000 : 0 : 7,856,111,200 : 30%
2022-07-10 17:14:12 : 73,300,000 : 0 : 7,866,335,050 : 30%
2022-07-10 17:29:43 : 73,400,000 : 0 : 7,887,307,050 : 30%
2022-07-10 17:45:20 : 73,500,000 : 0 : 7,897,793,050 : 30%
2022-07-10 18:00:49 : 73,600,000 : 0 : 7,908,147,975 : 30%
2022-07-10 18:16:29 : 73,700,000 : 0 : 7,918,633,975 : 30%
2022-07-10 18:32:16 : 73,800,000 : 0 : 7,928,988,900 : 30%
2022-07-10 18:48:00 : 73,900,000 : 0 : 7,939,474,900 : 30%
2022-07-10 19:03:39 : 74,000,000 : 0 : 7,949,829,825 : 30%
2022-07-10 19:19:34 : 74,100,000 : 0 : 7,960,184,750 : 30%
2022-07-10 19:35:33 : 74,200,000 : 0 : 7,970,670,750 : 30%
2022-07-10 19:51:21 : 74,300,000 : 0 : 7,981,025,675 : 30%
2022-07-10 20:07:10 : 74,400,000 : 0 : 7,991,249,525 : 31%
2022-07-10 20:22:35 : 74,500,000 : 0 : 8,001,473,375 : 31%
2022-07-10 20:38:08 : 74,600,000 : 0 : 8,011,566,150 : 31%
2022-07-10 20:53:23 : 74,700,000 : 0 : 8,021,790,000 : 31%
2022-07-10 21:08:47 : 74,800,000 : 0 : 8,032,013,850 : 31%
2022-07-10 21:24:19 : 74,900,000 : 0 : 8,042,106,625 : 31%
2022-07-10 21:40:05 : 75,000,000 : 0 : 8,052,330,475 : 31%
2022-07-10 21:55:50 : 75,100,000 : 0 : 8,062,554,325 : 31%
2022-07-10 22:11:39 : 75,200,000 : 0 : 8,072,778,175 : 31%
2022-07-10 22:27:52 : 75,300,000 : 0 : 8,083,002,025 : 31%
2022-07-10 22:43:53 : 75,400,000 : 0 : 8,093,094,800 : 31%
2022-07-10 23:00:32 : 75,500,000 : 0 : 8,113,411,425 : 31%
2022-07-10 23:17:38 : 75,600,000 : 0 : 8,123,504,200 : 31%
2022-07-10 23:34:54 : 75,700,000 : 0 : 8,133,728,050 : 31%
2022-07-10 23:52:06 : 75,800,000 : 0 : 8,143,820,825 : 31%
2022-07-11 00:09:26 : 75,900,000 : 0 : 8,153,913,600 : 31%
2022-07-11 00:26:49 : 76,000,000 : 0 : 8,164,006,375 : 31%
2022-07-11 00:44:22 : 76,100,000 : 0 : 8,173,968,075 : 31%
2022-07-11 01:01:59 : 76,200,000 : 0 : 8,184,060,850 : 31%
2022-07-11 01:19:46 : 76,300,000 : 0 : 8,194,153,625 : 31%
2022-07-11 01:37:25 : 76,400,000 : 0 : 8,204,246,400 : 31%
2022-07-11 01:54:51 : 76,500,000 : 0 : 8,214,339,175 : 31%
2022-07-11 02:12:37 : 76,600,000 : 0 : 8,224,431,950 : 31%
2022-07-11 02:30:28 : 76,700,000 : 0 : 8,234,524,725 : 31%
2022-07-11 02:48:23 : 76,800,000 : 0 : 8,244,486,425 : 31%
2022-07-11 03:06:32 : 76,900,000 : 0 : 8,254,579,200 : 32%
2022-07-11 03:25:24 : 77,000,000 : 0 : 8,264,671,975 : 32%
2022-07-11 03:44:51 : 77,100,000 : 0 : 8,274,764,750 : 32%
2022-07-11 04:05:05 : 77,200,000 : 0 : 8,284,857,525 : 32%
2022-07-11 04:26:13 : 77,300,000 : 0 : 8,294,950,300 : 32%
2022-07-11 04:48:09 : 77,400,000 : 0 : 8,304,912,000 : 32%
2022-07-11 05:11:04 : 77,500,000 : 0 : 8,315,004,775 : 32%
2022-07-11 05:35:04 : 77,600,000 : 0 : 8,324,966,475 : 32%
2022-07-11 06:00:30 : 77,700,000 : 0 : 8,345,283,100 : 32%
2022-07-11 06:26:49 : 77,800,000 : 0 : 8,355,506,950 : 32%
2022-07-11 06:54:04 : 77,900,000 : 0 : 8,365,730,800 : 32%
2022-07-11 07:22:22 : 78,000,000 : 0 : 8,375,954,650 : 32%
2022-07-11 07:52:04 : 78,100,000 : 0 : 8,386,309,575 : 32%
2022-07-11 08:22:35 : 78,200,000 : 0 : 8,396,533,425 : 32%
2022-07-11 08:53:48 : 78,300,000 : 0 : 8,406,888,350 : 32%
2022-07-11 09:25:28 : 78,400,000 : 0 : 8,417,243,275 : 32%
2022-07-11 09:56:28 : 78,500,000 : 0 : 8,427,598,200 : 32%
2022-07-11 10:25:45 : 78,600,000 : 0 : 8,437,822,050 : 32%
2022-07-11 10:53:14 : 78,700,000 : 0 : 8,448,045,900 : 32%
2022-07-11 11:18:53 : 78,800,000 : 0 : 8,458,400,825 : 32%
2022-07-11 11:42:44 : 78,900,000 : 0 : 8,468,886,825 : 32%
2022-07-11 12:04:42 : 79,000,000 : 0 : 8,479,241,750 : 32%
2022-07-11 12:25:34 : 79,100,000 : 0 : 8,489,727,750 : 32%
2022-07-11 12:45:29 : 79,200,000 : 0 : 8,500,213,750 : 32%
2022-07-11 13:04:29 : 79,300,000 : 0 : 8,510,699,750 : 33%
2022-07-11 13:22:18 : 79,400,000 : 0 : 8,521,316,825 : 33%
2022-07-11 13:39:42 : 79,500,000 : 0 : 8,531,802,825 : 33%
2022-07-11 13:56:12 : 79,600,000 : 0 : 8,542,419,900 : 33%
2022-07-11 14:12:21 : 79,700,000 : 0 : 8,563,522,975 : 33%
2022-07-11 14:28:00 : 79,800,000 : 0 : 8,574,271,125 : 33%
2022-07-11 14:43:22 : 79,900,000 : 0 : 8,585,019,275 : 33%
2022-07-11 14:58:20 : 80,000,000 : 0 : 8,595,636,350 : 33%
2022-07-11 15:13:15 : 80,100,000 : 0 : 8,606,384,500 : 33%
2022-07-11 15:28:00 : 80,200,000 : 0 : 8,617,001,575 : 33%
2022-07-11 15:42:43 : 80,300,000 : 0 : 8,627,749,725 : 33%
2022-07-11 15:57:14 : 80,400,000 : 0 : 8,638,366,800 : 33%
2022-07-11 16:11:38 : 80,500,000 : 0 : 8,648,983,875 : 33%
2022-07-11 16:25:47 : 80,600,000 : 0 : 8,659,732,025 : 33%
2022-07-11 16:39:54 : 80,700,000 : 0 : 8,670,218,025 : 33%
2022-07-11 16:53:50 : 80,800,000 : 0 : 8,680,966,175 : 33%
2022-07-11 17:07:56 : 80,900,000 : 0 : 8,691,583,250 : 33%
2022-07-11 17:21:55 : 81,000,000 : 0 : 8,702,200,325 : 33%
2022-07-11 17:35:54 : 81,100,000 : 0 : 8,712,817,400 : 33%
2022-07-11 17:49:58 : 81,200,000 : 0 : 8,723,565,550 : 33%
2022-07-11 18:04:11 : 81,300,000 : 0 : 8,734,182,625 : 33%
2022-07-11 18:18:28 : 81,400,000 : 0 : 8,744,799,700 : 33%
2022-07-11 18:32:44 : 81,500,000 : 0 : 8,766,033,850 : 33%
2022-07-11 18:46:49 : 81,600,000 : 0 : 8,776,650,925 : 34%
2022-07-11 19:00:59 : 81,700,000 : 0 : 8,787,136,925 : 34%
2022-07-11 19:15:21 : 81,800,000 : 0 : 8,797,754,000 : 34%
2022-07-11 19:29:38 : 81,900,000 : 0 : 8,808,371,075 : 34%
2022-07-11 19:44:00 : 82,000,000 : 0 : 8,818,857,075 : 34%
2022-07-11 19:58:16 : 82,100,000 : 0 : 8,829,343,075 : 34%
2022-07-11 20:12:25 : 82,200,000 : 0 : 8,839,829,075 : 34%
2022-07-11 20:26:18 : 82,300,000 : 0 : 8,850,184,000 : 34%
2022-07-11 20:40:25 : 82,400,000 : 0 : 8,860,670,000 : 34%
2022-07-11 20:54:33 : 82,500,000 : 0 : 8,871,156,000 : 34%
2022-07-11 21:08:40 : 82,600,000 : 0 : 8,881,642,000 : 34%
2022-07-11 21:23:03 : 82,700,000 : 0 : 8,892,128,000 : 34%
2022-07-11 21:37:31 : 82,800,000 : 0 : 8,902,614,000 : 34%
2022-07-11 21:51:36 : 82,900,000 : 0 : 8,912,837,850 : 34%
2022-07-11 22:05:41 : 83,000,000 : 0 : 8,923,061,700 : 34%
2022-07-11 22:20:05 : 83,100,000 : 0 : 8,933,285,550 : 34%
2022-07-11 22:35:17 : 83,200,000 : 0 : 8,943,640,475 : 34%
2022-07-11 22:50:29 : 83,300,000 : 0 : 8,953,864,325 : 34%
2022-07-11 23:05:57 : 83,400,000 : 0 : 8,964,219,250 : 34%
2022-07-11 23:21:53 : 83,500,000 : 0 : 8,974,574,175 : 34%
2022-07-11 23:37:54 : 83,600,000 : 0 : 8,995,152,950 : 34%
2022-07-11 23:53:58 : 83,700,000 : 0 : 9,005,376,800 : 34%
2022-07-12 00:10:14 : 83,800,000 : 0 : 9,015,469,575 : 34%
2022-07-12 00:26:20 : 83,900,000 : 0 : 9,025,562,350 : 34%
2022-07-12 00:42:28 : 84,000,000 : 0 : 9,035,655,125 : 35%
2022-07-12 00:58:41 : 84,100,000 : 0 : 9,045,747,900 : 35%
2022-07-12 01:14:47 : 84,200,000 : 0 : 9,055,709,600 : 35%
2022-07-12 01:30:54 : 84,300,000 : 0 : 9,065,671,300 : 35%
2022-07-12 01:47:00 : 84,400,000 : 0 : 9,075,764,075 : 35%
2022-07-12 02:03:14 : 84,500,000 : 0 : 9,085,856,850 : 35%
2022-07-12 02:19:37 : 84,600,000 : 0 : 9,095,818,550 : 35%
2022-07-12 02:36:16 : 84,700,000 : 0 : 9,106,042,400 : 35%
2022-07-12 02:53:21 : 84,800,000 : 0 : 9,116,135,175 : 35%
2022-07-12 03:11:02 : 84,900,000 : 0 : 9,126,227,950 : 35%
2022-07-12 03:29:16 : 85,000,000 : 0 : 9,136,451,800 : 35%
2022-07-12 03:47:59 : 85,100,000 : 0 : 9,146,544,575 : 35%
2022-07-12 04:07:34 : 85,200,000 : 0 : 9,156,637,350 : 35%
2022-07-12 04:28:06 : 85,300,000 : 0 : 9,166,861,200 : 35%
2022-07-12 04:49:29 : 85,400,000 : 0 : 9,176,953,975 : 35%
2022-07-12 05:12:05 : 85,500,000 : 0 : 9,187,046,750 : 35%
2022-07-12 05:35:59 : 85,600,000 : 0 : 9,197,270,600 : 35%
2022-07-12 06:00:54 : 85,700,000 : 0 : 9,207,494,450 : 35%
2022-07-12 06:27:17 : 85,800,000 : 0 : 9,217,718,300 : 35%
2022-07-12 06:54:57 : 85,900,000 : 0 : 9,238,428,150 : 35%
2022-07-12 07:23:44 : 86,000,000 : 0 : 9,248,783,075 : 35%
2022-07-12 07:53:50 : 86,100,000 : 0 : 9,259,269,075 : 35%
2022-07-12 08:24:45 : 86,200,000 : 0 : 9,269,624,000 : 35%
2022-07-12 08:55:47 : 86,300,000 : 0 : 9,280,110,000 : 35%
2022-07-12 09:26:45 : 86,400,000 : 0 : 9,290,464,925 : 35%
2022-07-12 09:57:08 : 86,500,000 : 0 : 9,300,819,850 : 36%
2022-07-12 10:26:09 : 86,600,000 : 0 : 9,311,174,775 : 36%
2022-07-12 10:52:46 : 86,700,000 : 0 : 9,321,398,625 : 36%
2022-07-12 11:17:48 : 86,800,000 : 0 : 9,331,884,625 : 36%
2022-07-12 11:40:56 : 86,900,000 : 0 : 9,342,108,475 : 36%
2022-07-12 12:02:29 : 87,000,000 : 0 : 9,352,594,475 : 36%
2022-07-12 12:22:59 : 87,100,000 : 0 : 9,363,211,550 : 36%
2022-07-12 12:42:23 : 87,200,000 : 0 : 9,373,697,550 : 36%
2022-07-12 13:00:44 : 87,300,000 : 0 : 9,384,314,625 : 36%
2022-07-12 13:18:23 : 87,400,000 : 0 : 9,394,800,625 : 36%
2022-07-12 13:35:10 : 87,500,000 : 0 : 9,405,286,625 : 36%
2022-07-12 13:51:02 : 87,600,000 : 0 : 9,415,903,700 : 36%
2022-07-12 14:06:42 : 87,700,000 : 0 : 9,426,520,775 : 36%
2022-07-12 14:22:10 : 87,800,000 : 0 : 9,437,006,775 : 36%
2022-07-12 14:37:07 : 87,900,000 : 0 : 9,447,623,850 : 36%
2022-07-12 14:51:31 : 88,000,000 : 0 : 9,468,858,000 : 36%
2022-07-12 15:05:40 : 88,100,000 : 0 : 9,479,606,150 : 36%
2022-07-12 15:20:12 : 88,200,000 : 0 : 9,490,223,225 : 36%
2022-07-12 15:34:44 : 88,300,000 : 0 : 9,500,840,300 : 36%
2022-07-12 15:48:57 : 88,400,000 : 0 : 9,511,457,375 : 36%
2022-07-12 16:03:03 : 88,500,000 : 0 : 9,522,205,525 : 36%
2022-07-12 16:17:20 : 88,600,000 : 0 : 9,532,822,600 : 36%
2022-07-12 16:31:10 : 88,700,000 : 0 : 9,543,439,675 : 36%
2022-07-12 16:45:06 : 88,800,000 : 0 : 9,554,187,825 : 36%
2022-07-12 16:59:02 : 88,900,000 : 0 : 9,564,804,900 : 37%
2022-07-12 17:13:12 : 89,000,000 : 0 : 9,575,421,975 : 37%
2022-07-12 17:27:22 : 89,100,000 : 0 : 9,586,039,050 : 37%
2022-07-12 17:41:25 : 89,200,000 : 0 : 9,596,787,200 : 37%
2022-07-12 17:57:18 : 89,300,000 : 0 : 9,607,535,350 : 37%
2022-07-12 18:11:44 : 89,400,000 : 0 : 9,618,021,350 : 37%
2022-07-12 18:26:05 : 89,500,000 : 0 : 9,628,769,500 : 37%
2022-07-12 18:40:16 : 89,600,000 : 0 : 9,639,255,500 : 37%
2022-07-12 18:54:25 : 89,700,000 : 0 : 9,649,872,575 : 37%
2022-07-12 19:08:42 : 89,800,000 : 0 : 9,660,358,575 : 37%
2022-07-12 19:23:03 : 89,900,000 : 0 : 9,670,975,650 : 37%
2022-07-12 19:37:17 : 90,000,000 : 0 : 9,691,947,650 : 37%
2022-07-12 19:51:25 : 90,100,000 : 0 : 9,702,433,650 : 37%
2022-07-12 20:05:32 : 90,200,000 : 0 : 9,712,788,575 : 37%
2022-07-12 20:19:40 : 90,300,000 : 0 : 9,723,274,575 : 37%
2022-07-12 20:33:38 : 90,400,000 : 0 : 9,733,760,575 : 37%
2022-07-12 20:47:44 : 90,500,000 : 0 : 9,744,246,575 : 37%
2022-07-12 21:01:38 : 90,600,000 : 0 : 9,754,601,500 : 37%
2022-07-12 21:16:06 : 90,700,000 : 0 : 9,765,218,575 : 37%
2022-07-12 21:30:38 : 90,800,000 : 0 : 9,775,704,575 : 37%
2022-07-12 21:45:18 : 90,900,000 : 0 : 9,786,190,575 : 37%
2022-07-12 22:00:58 : 91,000,000 : 0 : 9,796,676,575 : 37%
2022-07-12 22:16:18 : 91,100,000 : 0 : 9,807,031,500 : 37%
2022-07-12 22:31:28 : 91,200,000 : 0 : 9,817,517,500 : 38%
2022-07-12 22:46:43 : 91,300,000 : 0 : 9,827,872,425 : 38%
2022-07-12 23:02:09 : 91,400,000 : 0 : 9,838,227,350 : 38%
2022-07-12 23:17:52 : 91,500,000 : 0 : 9,848,582,275 : 38%
2022-07-12 23:33:33 : 91,600,000 : 0 : 9,858,937,200 : 38%
2022-07-12 23:49:30 : 91,700,000 : 0 : 9,869,161,050 : 38%
2022-07-13 00:05:46 : 91,800,000 : 0 : 9,879,515,975 : 38%
2022-07-13 00:22:14 : 91,900,000 : 0 : 9,889,739,825 : 38%
2022-07-13 00:38:42 : 92,000,000 : 0 : 9,899,832,600 : 38%
2022-07-13 00:55:14 : 92,100,000 : 0 : 9,920,149,225 : 38%
2022-07-13 01:11:44 : 92,200,000 : 0 : 9,930,242,000 : 38%
2022-07-13 01:28:00 : 92,300,000 : 0 : 9,940,334,775 : 38%
2022-07-13 01:44:09 : 92,400,000 : 0 : 9,950,296,475 : 38%
2022-07-13 02:00:34 : 92,500,000 : 0 : 9,960,520,325 : 38%
2022-07-13 02:17:29 : 92,600,000 : 0 : 9,970,613,100 : 38%
2022-07-13 02:34:27 : 92,700,000 : 0 : 9,980,705,875 : 38%
2022-07-13 02:51:39 : 92,800,000 : 0 : 9,990,929,725 : 38%
2022-07-13 03:09:26 : 92,900,000 : 0 : 10,001,022,500 : 38%
2022-07-13 03:27:45 : 93,000,000 : 0 : 10,011,246,350 : 38%
2022-07-13 03:46:36 : 93,100,000 : 0 : 10,021,339,125 : 38%
2022-07-13 04:06:37 : 93,200,000 : 0 : 10,031,562,975 : 38%
2022-07-13 04:27:25 : 93,300,000 : 0 : 10,041,655,750 : 38%
2022-07-13 04:49:24 : 93,400,000 : 0 : 10,051,879,600 : 38%
2022-07-13 05:12:30 : 93,500,000 : 0 : 10,062,103,450 : 38%
2022-07-13 05:36:25 : 93,600,000 : 0 : 10,072,327,300 : 38%
2022-07-13 06:01:45 : 93,700,000 : 0 : 10,082,551,150 : 39%
2022-07-13 06:28:01 : 93,800,000 : 0 : 10,092,906,075 : 39%
2022-07-13 06:55:31 : 93,900,000 : 0 : 10,103,261,000 : 39%
2022-07-13 07:23:51 : 94,000,000 : 0 : 10,113,615,925 : 39%
2022-07-13 07:53:11 : 94,100,000 : 0 : 10,123,970,850 : 39%
2022-07-13 08:22:53 : 94,200,000 : 0 : 10,134,325,775 : 39%
2022-07-13 08:52:56 : 94,300,000 : 0 : 10,144,549,625 : 39%
2022-07-13 09:23:33 : 94,400,000 : 0 : 10,165,259,475 : 39%
2022-07-13 09:53:25 : 94,500,000 : 0 : 10,175,614,400 : 39%
2022-07-13 10:21:30 : 94,600,000 : 0 : 10,185,707,175 : 39%
2022-07-13 10:47:49 : 94,700,000 : 0 : 10,196,062,100 : 39%
2022-07-13 11:12:25 : 94,800,000 : 0 : 10,206,285,950 : 39%
2022-07-13 11:34:53 : 94,900,000 : 0 : 10,216,640,875 : 39%
2022-07-13 11:56:17 : 95,000,000 : 0 : 10,226,995,800 : 39%
2022-07-13 12:16:36 : 95,100,000 : 0 : 10,237,350,725 : 39%
2022-07-13 12:35:38 : 95,200,000 : 0 : 10,247,836,725 : 39%
2022-07-13 12:53:32 : 95,300,000 : 0 : 10,258,191,650 : 39%
2022-07-13 13:10:54 : 95,400,000 : 0 : 10,268,677,650 : 39%
2022-07-13 13:27:43 : 95,500,000 : 0 : 10,279,294,725 : 39%
2022-07-13 13:44:01 : 95,600,000 : 0 : 10,289,780,725 : 39%
2022-07-13 13:59:51 : 95,700,000 : 0 : 10,300,528,875 : 39%
2022-07-13 14:15:26 : 95,800,000 : 0 : 10,311,145,950 : 39%
2022-07-13 14:30:20 : 95,900,000 : 0 : 10,321,763,025 : 39%
2022-07-13 14:44:49 : 96,000,000 : 0 : 10,332,249,025 : 39%
2022-07-13 14:59:03 : 96,100,000 : 0 : 10,342,997,175 : 40%
2022-07-13 15:13:24 : 96,200,000 : 0 : 10,353,614,250 : 40%
2022-07-13 15:27:42 : 96,300,000 : 0 : 10,364,362,400 : 40%
2022-07-13 15:41:54 : 96,400,000 : 0 : 10,374,979,475 : 40%
2022-07-13 15:55:54 : 96,500,000 : 0 : 10,396,344,700 : 40%
2022-07-13 16:09:56 : 96,600,000 : 0 : 10,407,092,850 : 40%
2022-07-13 16:23:45 : 96,700,000 : 0 : 10,417,709,925 : 40%
2022-07-13 16:37:37 : 96,800,000 : 0 : 10,428,327,000 : 40%
2022-07-13 16:51:19 : 96,900,000 : 0 : 10,438,944,075 : 40%
2022-07-13 17:05:02 : 97,000,000 : 0 : 10,449,561,150 : 40%
2022-07-13 17:19:01 : 97,100,000 : 0 : 10,460,178,225 : 40%
2022-07-13 17:32:53 : 97,200,000 : 0 : 10,470,795,300 : 40%
2022-07-13 17:46:43 : 97,300,000 : 0 : 10,481,412,375 : 40%
2022-07-13 18:00:45 : 97,400,000 : 0 : 10,492,029,450 : 40%
2022-07-13 18:15:04 : 97,500,000 : 0 : 10,502,646,525 : 40%
2022-07-13 18:29:16 : 97,600,000 : 0 : 10,513,263,600 : 40%
2022-07-13 18:43:13 : 97,700,000 : 0 : 10,523,880,675 : 40%
2022-07-13 18:57:09 : 97,800,000 : 0 : 10,534,366,675 : 40%
2022-07-13 19:11:09 : 97,900,000 : 0 : 10,544,852,675 : 40%
2022-07-13 19:25:02 : 98,000,000 : 0 : 10,555,207,600 : 40%
2022-07-13 19:39:02 : 98,100,000 : 0 : 10,565,824,675 : 40%
2022-07-13 19:53:08 : 98,200,000 : 0 : 10,576,310,675 : 40%
2022-07-13 20:07:12 : 98,300,000 : 0 : 10,586,796,675 : 40%
2022-07-13 20:21:13 : 98,400,000 : 0 : 10,607,899,750 : 41%
2022-07-13 20:35:15 : 98,500,000 : 0 : 10,618,254,675 : 41%
2022-07-13 20:49:25 : 98,600,000 : 0 : 10,628,871,750 : 41%
2022-07-13 21:03:43 : 98,700,000 : 0 : 10,639,488,825 : 41%
2022-07-13 21:18:12 : 98,800,000 : 0 : 10,649,974,825 : 41%
2022-07-13 21:32:52 : 98,900,000 : 0 : 10,660,460,825 : 41%
2022-07-13 21:47:36 : 99,000,000 : 0 : 10,670,946,825 : 41%
2022-07-13 22:02:23 : 99,100,000 : 0 : 10,681,432,825 : 41%
2022-07-13 22:17:38 : 99,200,000 : 0 : 10,691,918,825 : 41%
2022-07-13 22:32:50 : 99,300,000 : 0 : 10,702,273,750 : 41%
2022-07-13 22:48:18 : 99,400,000 : 0 : 10,712,628,675 : 41%
2022-07-13 23:03:50 : 99,500,000 : 0 : 10,722,983,600 : 41%
2022-07-13 23:19:36 : 99,600,000 : 0 : 10,733,207,450 : 41%
2022-07-13 23:35:31 : 99,700,000 : 0 : 10,743,562,375 : 41%
2022-07-13 23:51:20 : 99,800,000 : 0 : 10,753,786,225 : 41%
2022-07-14 00:07:28 : 99,900,000 : 0 : 10,764,010,075 : 41%
2022-07-14 00:23:33 : 100,000,000 : 0 : 10,774,102,850 : 41%
2022-07-14 00:39:37 : 100,100,000 : 0 : 10,784,195,625 : 41%
2022-07-14 00:55:32 : 100,200,000 : 0 : 10,794,157,325 : 41%
2022-07-14 01:11:38 : 100,300,000 : 0 : 10,804,250,100 : 41%
2022-07-14 01:27:51 : 100,400,000 : 0 : 10,814,342,875 : 41%
2022-07-14 01:44:09 : 100,500,000 : 0 : 10,824,435,650 : 41%
2022-07-14 02:00:38 : 100,600,000 : 0 : 10,844,621,200 : 41%
2022-07-14 02:17:20 : 100,700,000 : 0 : 10,854,713,975 : 41%
2022-07-14 02:34:15 : 100,800,000 : 0 : 10,864,806,750 : 42%
2022-07-14 02:51:39 : 100,900,000 : 0 : 10,874,899,525 : 42%
2022-07-14 03:09:24 : 101,000,000 : 0 : 10,884,992,300 : 42%
2022-07-14 03:27:27 : 101,100,000 : 0 : 10,895,216,150 : 42%
2022-07-14 03:45:58 : 101,200,000 : 0 : 10,905,308,925 : 42%
2022-07-14 04:05:19 : 101,300,000 : 0 : 10,915,401,700 : 42%
2022-07-14 04:25:34 : 101,400,000 : 0 : 10,925,494,475 : 42%
2022-07-14 04:46:44 : 101,500,000 : 0 : 10,935,718,325 : 42%
2022-07-14 05:08:52 : 101,600,000 : 0 : 10,945,942,175 : 42%
2022-07-14 05:32:37 : 101,700,000 : 0 : 10,956,166,025 : 42%
2022-07-14 05:56:58 : 101,800,000 : 0 : 10,966,258,800 : 42%
2022-07-14 06:22:41 : 101,900,000 : 0 : 10,976,613,725 : 42%
2022-07-14 06:49:50 : 102,000,000 : 0 : 10,986,837,575 : 42%
2022-07-14 07:18:01 : 102,100,000 : 0 : 10,997,192,500 : 42%
2022-07-14 07:47:02 : 102,200,000 : 0 : 11,007,416,350 : 42%
2022-07-14 08:16:57 : 102,300,000 : 0 : 11,017,771,275 : 42%
2022-07-14 08:46:51 : 102,400,000 : 0 : 11,027,995,125 : 42%
2022-07-14 09:17:08 : 102,500,000 : 0 : 11,038,218,975 : 42%
2022-07-14 09:46:40 : 102,600,000 : 0 : 11,048,442,825 : 42%
2022-07-14 10:15:32 : 102,700,000 : 0 : 11,068,890,525 : 42%
2022-07-14 10:42:34 : 102,800,000 : 0 : 11,079,245,450 : 42%
2022-07-14 11:07:50 : 102,900,000 : 0 : 11,089,600,375 : 42%
2022-07-14 11:31:14 : 103,000,000 : 0 : 11,100,086,375 : 42%
2022-07-14 11:52:48 : 103,100,000 : 0 : 11,110,441,300 : 42%
2022-07-14 12:13:08 : 103,200,000 : 0 : 11,120,927,300 : 42%
2022-07-14 12:31:42 : 103,300,000 : 0 : 11,131,413,300 : 43%
2022-07-14 12:49:20 : 103,400,000 : 0 : 11,142,030,375 : 43%
2022-07-14 13:06:36 : 103,500,000 : 0 : 11,152,516,375 : 43%
2022-07-14 13:23:20 : 103,600,000 : 0 : 11,163,133,450 : 43%
2022-07-14 13:39:43 : 103,700,000 : 0 : 11,173,881,600 : 43%
2022-07-14 13:55:35 : 103,800,000 : 0 : 11,184,498,675 : 43%
2022-07-14 14:10:58 : 103,900,000 : 0 : 11,195,246,825 : 43%
2022-07-14 14:25:53 : 104,000,000 : 0 : 11,205,994,975 : 43%
2022-07-14 14:40:26 : 104,100,000 : 0 : 11,216,612,050 : 43%
2022-07-14 14:54:33 : 104,200,000 : 0 : 11,227,360,200 : 43%
2022-07-14 15:08:47 : 104,300,000 : 0 : 11,237,977,275 : 43%
2022-07-14 15:22:48 : 104,400,000 : 0 : 11,248,725,425 : 43%
2022-07-14 15:36:38 : 104,500,000 : 0 : 11,259,342,500 : 43%
2022-07-14 15:50:24 : 104,600,000 : 0 : 11,270,090,650 : 43%
2022-07-14 16:04:10 : 104,700,000 : 0 : 11,291,455,875 : 43%
2022-07-14 16:17:58 : 104,800,000 : 0 : 11,302,072,950 : 43%
2022-07-14 16:31:31 : 104,900,000 : 0 : 11,312,821,100 : 43%
2022-07-14 16:45:03 : 105,000,000 : 0 : 11,323,569,250 : 43%
2022-07-14 16:58:33 : 105,100,000 : 0 : 11,334,186,325 : 43%
2022-07-14 17:12:06 : 105,200,000 : 0 : 11,344,803,400 : 43%
2022-07-14 17:25:44 : 105,300,000 : 0 : 11,355,551,550 : 43%
2022-07-14 17:39:45 : 105,400,000 : 0 : 11,366,168,625 : 43%
2022-07-14 17:53:42 : 105,500,000 : 0 : 11,376,916,775 : 43%
2022-07-14 18:07:32 : 105,600,000 : 0 : 11,387,664,925 : 44%
2022-07-14 18:21:20 : 105,700,000 : 0 : 11,398,282,000 : 44%
2022-07-14 18:35:00 : 105,800,000 : 0 : 11,408,768,000 : 44%
2022-07-14 18:48:40 : 105,900,000 : 0 : 11,419,385,075 : 44%
2022-07-14 19:02:24 : 106,000,000 : 0 : 11,429,871,075 : 44%
2022-07-14 19:16:13 : 106,100,000 : 0 : 11,440,357,075 : 44%
2022-07-14 19:29:59 : 106,200,000 : 0 : 11,450,843,075 : 44%
2022-07-14 19:43:59 : 106,300,000 : 0 : 11,461,329,075 : 44%
2022-07-14 19:57:51 : 106,400,000 : 0 : 11,471,815,075 : 44%
2022-07-14 20:11:51 : 106,500,000 : 0 : 11,482,301,075 : 44%
2022-07-14 20:25:46 : 106,600,000 : 0 : 11,492,787,075 : 44%
2022-07-14 20:39:48 : 106,700,000 : 0 : 11,513,628,000 : 44%
2022-07-14 20:53:44 : 106,800,000 : 0 : 11,524,114,000 : 44%
2022-07-14 21:07:48 : 106,900,000 : 0 : 11,534,600,000 : 44%
2022-07-14 21:22:04 : 107,000,000 : 0 : 11,544,954,925 : 44%
2022-07-14 21:36:34 : 107,100,000 : 0 : 11,555,440,925 : 44%
2022-07-14 21:51:14 : 107,200,000 : 0 : 11,565,926,925 : 44%
2022-07-14 22:06:03 : 107,300,000 : 0 : 11,576,281,850 : 44%
2022-07-14 22:21:13 : 107,400,000 : 0 : 11,586,636,775 : 44%
2022-07-14 22:36:31 : 107,500,000 : 0 : 11,596,860,625 : 44%
2022-07-14 22:51:55 : 107,600,000 : 0 : 11,607,215,550 : 44%
2022-07-14 23:07:37 : 107,700,000 : 0 : 11,617,439,400 : 44%
2022-07-14 23:23:32 : 107,800,000 : 0 : 11,627,794,325 : 44%
2022-07-14 23:39:44 : 107,900,000 : 0 : 11,638,018,175 : 44%
2022-07-14 23:56:05 : 108,000,000 : 0 : 11,648,242,025 : 44%
2022-07-15 00:12:46 : 108,100,000 : 0 : 11,658,465,875 : 45%
2022-07-15 00:29:18 : 108,200,000 : 0 : 11,668,427,575 : 45%
2022-07-15 00:45:51 : 108,300,000 : 0 : 11,678,520,350 : 45%
2022-07-15 01:02:36 : 108,400,000 : 0 : 11,688,613,125 : 45%
2022-07-15 01:19:21 : 108,500,000 : 0 : 11,698,705,900 : 45%
2022-07-15 01:36:10 : 108,600,000 : 0 : 11,708,667,600 : 45%
2022-07-15 01:52:52 : 108,700,000 : 0 : 11,718,760,375 : 45%
2022-07-15 02:09:30 : 108,800,000 : 0 : 11,728,722,075 : 45%
2022-07-15 02:26:30 : 108,900,000 : 0 : 11,748,776,550 : 45%
2022-07-15 02:43:48 : 109,000,000 : 0 : 11,758,738,250 : 45%
2022-07-15 03:01:16 : 109,100,000 : 0 : 11,768,962,100 : 45%
2022-07-15 03:19:17 : 109,200,000 : 0 : 11,779,054,875 : 45%
2022-07-15 03:37:52 : 109,300,000 : 0 : 11,789,016,575 : 45%
2022-07-15 03:56:54 : 109,400,000 : 0 : 11,799,109,350 : 45%
2022-07-15 04:16:51 : 109,500,000 : 0 : 11,809,202,125 : 45%
2022-07-15 04:37:26 : 109,600,000 : 0 : 11,819,294,900 : 45%
2022-07-15 04:59:11 : 109,700,000 : 0 : 11,829,518,750 : 45%
2022-07-15 05:22:03 : 109,800,000 : 0 : 11,839,611,525 : 45%
2022-07-15 05:45:25 : 109,900,000 : 0 : 11,849,835,375 : 45%
2022-07-15 06:10:03 : 110,000,000 : 0 : 11,860,059,225 : 45%
2022-07-15 06:35:41 : 110,100,000 : 0 : 11,870,283,075 : 45%
2022-07-15 07:02:27 : 110,200,000 : 0 : 11,880,638,000 : 45%
2022-07-15 07:30:02 : 110,300,000 : 0 : 11,890,861,850 : 45%
2022-07-15 07:58:46 : 110,400,000 : 0 : 11,901,216,775 : 45%
2022-07-15 08:28:12 : 110,500,000 : 0 : 11,911,571,700 : 46%
2022-07-15 08:58:36 : 110,600,000 : 0 : 11,921,926,625 : 46%
2022-07-15 09:29:14 : 110,700,000 : 0 : 11,932,281,550 : 46%
2022-07-15 09:58:53 : 110,800,000 : 0 : 11,942,636,475 : 46%
2022-07-15 10:26:41 : 110,900,000 : 0 : 11,952,860,325 : 46%
2022-07-15 10:52:39 : 111,000,000 : 0 : 11,963,084,175 : 46%
2022-07-15 11:16:51 : 111,100,000 : 0 : 11,973,308,025 : 46%
2022-07-15 11:39:20 : 111,200,000 : 0 : 11,993,886,800 : 46%
2022-07-15 12:00:12 : 111,300,000 : 0 : 12,004,241,725 : 46%
2022-07-15 12:20:16 : 111,400,000 : 0 : 12,014,727,725 : 46%
2022-07-15 12:39:23 : 111,500,000 : 0 : 12,025,213,725 : 46%
2022-07-15 12:57:17 : 111,600,000 : 0 : 12,035,699,725 : 46%
2022-07-15 13:14:42 : 111,700,000 : 0 : 12,046,316,800 : 46%
2022-07-15 13:31:22 : 111,800,000 : 0 : 12,057,064,950 : 46%
2022-07-15 13:47:35 : 111,900,000 : 0 : 12,067,682,025 : 46%
2022-07-15 14:03:15 : 112,000,000 : 0 : 12,078,299,100 : 46%
2022-07-15 14:18:43 : 112,100,000 : 0 : 12,089,047,250 : 46%
2022-07-15 14:33:52 : 112,200,000 : 0 : 12,099,664,325 : 46%
2022-07-15 14:48:43 : 112,300,000 : 0 : 12,110,412,475 : 46%
2022-07-15 15:03:22 : 112,400,000 : 0 : 12,121,029,550 : 46%
2022-07-15 15:18:04 : 112,500,000 : 0 : 12,131,777,700 : 46%
2022-07-15 15:32:27 : 112,600,000 : 0 : 12,142,525,850 : 46%
2022-07-15 15:46:41 : 112,700,000 : 0 : 12,153,274,000 : 46%
2022-07-15 16:00:44 : 112,800,000 : 0 : 12,163,891,075 : 46%
2022-07-15 16:15:03 : 112,900,000 : 0 : 12,174,639,225 : 47%
2022-07-15 16:29:11 : 113,000,000 : 0 : 12,185,387,375 : 47%
2022-07-15 16:43:28 : 113,100,000 : 0 : 12,196,135,525 : 47%
2022-07-15 16:57:41 : 113,200,000 : 0 : 12,206,752,600 : 47%
2022-07-15 17:11:54 : 113,300,000 : 0 : 12,227,986,750 : 47%
2022-07-15 17:26:03 : 113,400,000 : 0 : 12,238,734,900 : 47%
2022-07-15 17:40:26 : 113,500,000 : 0 : 12,249,351,975 : 47%
2022-07-15 17:54:42 : 113,600,000 : 0 : 12,259,837,975 : 47%
2022-07-15 18:09:06 : 113,700,000 : 0 : 12,270,455,050 : 47%
2022-07-15 18:23:40 : 113,800,000 : 0 : 12,281,072,125 : 47%
2022-07-15 18:38:14 : 113,900,000 : 0 : 12,291,689,200 : 47%
2022-07-15 18:52:39 : 114,000,000 : 0 : 12,302,175,200 : 47%
2022-07-15 19:07:06 : 114,100,000 : 0 : 12,312,661,200 : 47%
2022-07-15 19:21:42 : 114,200,000 : 0 : 12,323,147,200 : 47%
2022-07-15 19:36:19 : 114,300,000 : 0 : 12,333,633,200 : 47%
2022-07-15 19:51:02 : 114,400,000 : 0 : 12,344,250,275 : 47%
2022-07-15 20:05:41 : 114,500,000 : 0 : 12,354,736,275 : 47%
2022-07-15 20:20:21 : 114,600,000 : 0 : 12,365,091,200 : 47%
2022-07-15 20:34:56 : 114,700,000 : 0 : 12,375,577,200 : 47%
2022-07-15 20:49:51 : 114,800,000 : 0 : 12,385,932,125 : 47%
2022-07-15 21:04:39 : 114,900,000 : 0 : 12,396,287,050 : 47%
2022-07-15 21:19:58 : 115,000,000 : 0 : 12,406,641,975 : 47%
2022-07-15 21:35:10 : 115,100,000 : 0 : 12,416,996,900 : 47%
2022-07-15 21:50:40 : 115,200,000 : 0 : 12,427,351,825 : 47%
2022-07-15 22:06:25 : 115,300,000 : 0 : 12,448,061,675 : 48%
2022-07-15 22:22:26 : 115,400,000 : 0 : 12,458,416,600 : 48%
2022-07-15 22:38:34 : 115,500,000 : 0 : 12,468,771,525 : 48%
2022-07-15 22:54:51 : 115,600,000 : 0 : 12,478,995,375 : 48%
2022-07-15 23:11:31 : 115,700,000 : 0 : 12,489,219,225 : 48%
2022-07-15 23:28:22 : 115,800,000 : 0 : 12,499,443,075 : 48%
2022-07-15 23:45:22 : 115,900,000 : 0 : 12,509,666,925 : 48%
2022-07-16 00:02:54 : 116,000,000 : 0 : 12,519,759,700 : 48%
2022-07-16 00:20:28 : 116,100,000 : 0 : 12,529,852,475 : 48%
2022-07-16 00:38:00 : 116,200,000 : 0 : 12,539,814,175 : 48%
2022-07-16 00:55:37 : 116,300,000 : 0 : 12,549,906,950 : 48%
2022-07-16 01:13:31 : 116,400,000 : 0 : 12,559,868,650 : 48%
2022-07-16 01:31:38 : 116,500,000 : 0 : 12,569,830,350 : 48%
2022-07-16 01:49:36 : 116,600,000 : 0 : 12,579,792,050 : 48%
2022-07-16 02:07:37 : 116,700,000 : 0 : 12,589,753,750 : 48%
2022-07-16 02:25:43 : 116,800,000 : 0 : 12,599,584,375 : 48%
2022-07-16 02:44:06 : 116,900,000 : 0 : 12,609,546,075 : 48%
2022-07-16 03:02:33 : 117,000,000 : 0 : 12,619,376,700 : 48%
2022-07-16 03:21:25 : 117,100,000 : 0 : 12,629,207,325 : 48%
2022-07-16 03:40:51 : 117,200,000 : 0 : 12,639,169,025 : 48%
2022-07-16 04:00:37 : 117,300,000 : 0 : 12,648,999,650 : 48%
2022-07-16 04:20:51 : 117,400,000 : 0 : 12,658,699,200 : 48%
2022-07-16 04:41:59 : 117,500,000 : 0 : 12,668,529,825 : 48%
2022-07-16 05:03:47 : 117,600,000 : 0 : 12,678,360,450 : 48%
2022-07-16 05:26:33 : 117,700,000 : 0 : 12,688,191,075 : 48%
2022-07-16 05:49:58 : 117,800,000 : 0 : 12,698,021,700 : 49%
2022-07-16 06:14:23 : 117,900,000 : 0 : 12,717,814,025 : 49%
2022-07-16 06:39:58 : 118,000,000 : 0 : 12,727,644,650 : 49%
2022-07-16 07:05:49 : 118,100,000 : 0 : 12,737,606,350 : 49%
2022-07-16 07:33:00 : 118,200,000 : 0 : 12,747,436,975 : 49%
2022-07-16 08:00:41 : 118,300,000 : 0 : 12,757,398,675 : 49%
2022-07-16 08:29:06 : 118,400,000 : 0 : 12,767,360,375 : 49%
2022-07-16 08:58:33 : 118,500,000 : 0 : 12,777,191,000 : 49%
2022-07-16 09:27:40 : 118,600,000 : 0 : 12,787,152,700 : 49%
2022-07-16 09:57:20 : 118,700,000 : 0 : 12,796,983,325 : 49%
2022-07-16 10:26:03 : 118,800,000 : 0 : 12,806,945,025 : 49%
2022-07-16 10:53:36 : 118,900,000 : 0 : 12,816,906,725 : 49%
2022-07-16 11:19:19 : 119,000,000 : 0 : 12,826,868,425 : 49%
2022-07-16 11:43:08 : 119,100,000 : 0 : 12,836,830,125 : 49%
2022-07-16 12:05:31 : 119,200,000 : 0 : 12,846,922,900 : 49%
2022-07-16 12:27:08 : 119,300,000 : 0 : 12,857,146,750 : 49%
2022-07-16 12:47:48 : 119,400,000 : 0 : 12,867,370,600 : 49%
2022-07-16 13:07:25 : 119,500,000 : 0 : 12,877,594,450 : 49%
2022-07-16 13:26:21 : 119,600,000 : 0 : 12,887,818,300 : 49%
2022-07-16 13:44:41 : 119,700,000 : 0 : 12,898,042,150 : 49%
2022-07-16 14:02:27 : 119,800,000 : 0 : 12,908,397,075 : 49%
2022-07-16 14:19:35 : 119,900,000 : 0 : 12,918,620,925 : 49%
2022-07-16 14:36:15 : 120,000,000 : 0 : 12,928,844,775 : 49%
2022-07-16 14:52:34 : 120,100,000 : 0 : 12,939,199,700 : 49%
2022-07-16 15:08:38 : 120,200,000 : 0 : 12,949,554,625 : 49%
2022-07-16 15:24:31 : 120,300,000 : 0 : 12,970,002,325 : 50%
2022-07-16 15:40:09 : 120,400,000 : 0 : 12,980,357,250 : 50%
2022-07-16 15:55:42 : 120,500,000 : 0 : 12,990,581,100 : 50%
2022-07-16 16:11:04 : 120,600,000 : 0 : 13,000,936,025 : 50%
2022-07-16 16:26:27 : 120,700,000 : 0 : 13,011,290,950 : 50%
2022-07-16 16:41:36 : 120,800,000 : 0 : 13,021,645,875 : 50%
2022-07-16 16:56:47 : 120,900,000 : 0 : 13,031,869,725 : 50%
2022-07-16 17:11:55 : 121,000,000 : 0 : 13,042,093,575 : 50%
2022-07-16 17:27:16 : 121,100,000 : 0 : 13,052,448,500 : 50%
2022-07-16 17:42:35 : 121,200,000 : 0 : 13,062,672,350 : 50%
2022-07-16 17:57:45 : 121,300,000 : 0 : 13,072,896,200 : 50%
2022-07-16 18:13:04 : 121,400,000 : 0 : 13,083,251,125 : 50%
2022-07-16 18:28:38 : 121,500,000 : 0 : 13,093,343,900 : 50%
2022-07-16 18:44:05 : 121,600,000 : 0 : 13,103,567,750 : 50%
2022-07-16 18:59:44 : 121,700,000 : 0 : 13,113,660,525 : 50%
2022-07-16 19:15:21 : 121,800,000 : 0 : 13,123,884,375 : 50%
2022-07-16 19:30:55 : 121,900,000 : 0 : 13,133,846,075 : 50%
2022-07-16 19:46:31 : 122,000,000 : 0 : 13,143,938,850 : 50%
2022-07-16 20:02:21 : 122,100,000 : 0 : 13,154,162,700 : 50%
2022-07-16 20:18:09 : 122,200,000 : 0 : 13,164,255,475 : 50%
2022-07-16 20:34:05 : 122,300,000 : 0 : 13,174,348,250 : 50%
2022-07-16 20:49:55 : 122,400,000 : 0 : 13,184,572,100 : 50%
2022-07-16 21:05:31 : 122,500,000 : 0 : 13,194,664,875 : 50%
2022-07-16 21:21:31 : 122,600,000 : 0 : 13,214,850,425 : 50%
2022-07-16 21:38:06 : 122,700,000 : 0 : 13,224,943,200 : 51%
2022-07-16 21:54:33 : 122,800,000 : 0 : 13,235,035,975 : 51%
2022-07-16 22:11:13 : 122,900,000 : 0 : 13,245,259,825 : 51%
2022-07-16 22:28:00 : 123,000,000 : 0 : 13,255,352,600 : 51%
2022-07-16 22:44:45 : 123,100,000 : 0 : 13,265,445,375 : 51%
2022-07-16 23:01:50 : 123,200,000 : 0 : 13,275,538,150 : 51%
2022-07-16 23:19:12 : 123,300,000 : 0 : 13,285,630,925 : 51%
2022-07-16 23:36:23 : 123,400,000 : 0 : 13,295,592,625 : 51%
2022-07-16 23:54:03 : 123,500,000 : 0 : 13,305,685,400 : 51%
2022-07-17 00:12:05 : 123,600,000 : 0 : 13,315,647,100 : 51%
2022-07-17 00:30:10 : 123,700,000 : 0 : 13,325,739,875 : 51%
2022-07-17 00:48:32 : 123,800,000 : 0 : 13,335,701,575 : 51%
2022-07-17 01:06:48 : 123,900,000 : 0 : 13,345,663,275 : 51%
2022-07-17 01:25:10 : 124,000,000 : 0 : 13,355,624,975 : 51%
2022-07-17 01:43:32 : 124,100,000 : 0 : 13,365,455,600 : 51%
2022-07-17 02:02:02 : 124,200,000 : 0 : 13,375,417,300 : 51%
2022-07-17 02:20:50 : 124,300,000 : 0 : 13,385,379,000 : 51%
2022-07-17 02:39:50 : 124,400,000 : 0 : 13,395,209,625 : 51%
2022-07-17 02:59:11 : 124,500,000 : 0 : 13,405,302,400 : 51%
2022-07-17 03:18:24 : 124,600,000 : 0 : 13,415,001,950 : 51%
2022-07-17 03:38:15 : 124,700,000 : 0 : 13,424,963,650 : 51%
2022-07-17 03:58:42 : 124,800,000 : 0 : 13,434,925,350 : 51%
2022-07-17 04:19:59 : 124,900,000 : 0 : 13,444,755,975 : 51%
2022-07-17 04:42:23 : 125,000,000 : 0 : 13,464,548,300 : 51%
2022-07-17 05:05:31 : 125,100,000 : 0 : 13,474,510,000 : 51%
2022-07-17 05:29:57 : 125,200,000 : 0 : 13,484,471,700 : 52%
2022-07-17 05:54:51 : 125,300,000 : 0 : 13,494,433,400 : 52%
2022-07-17 06:21:10 : 125,400,000 : 0 : 13,504,264,025 : 52%
2022-07-17 06:48:35 : 125,500,000 : 0 : 13,514,225,725 : 52%
2022-07-17 07:17:00 : 125,600,000 : 0 : 13,524,318,500 : 52%
2022-07-17 07:46:21 : 125,700,000 : 0 : 13,534,280,200 : 52%
2022-07-17 08:15:27 : 125,800,000 : 0 : 13,544,241,900 : 52%
2022-07-17 08:45:45 : 125,900,000 : 0 : 13,554,465,750 : 52%
2022-07-17 09:16:38 : 126,000,000 : 0 : 13,564,558,525 : 52%
2022-07-17 09:48:11 : 126,100,000 : 0 : 13,574,651,300 : 52%
2022-07-17 10:19:25 : 126,200,000 : 0 : 13,584,875,150 : 52%
2022-07-17 10:50:07 : 126,300,000 : 0 : 13,595,099,000 : 52%
2022-07-17 11:18:45 : 126,400,000 : 0 : 13,605,322,850 : 52%
2022-07-17 11:45:11 : 126,500,000 : 0 : 13,615,546,700 : 52%
2022-07-17 12:10:01 : 126,600,000 : 0 : 13,625,901,625 : 52%
2022-07-17 12:33:26 : 126,700,000 : 0 : 13,636,256,550 : 52%
2022-07-17 12:55:15 : 126,800,000 : 0 : 13,646,611,475 : 52%
2022-07-17 13:15:47 : 126,900,000 : 0 : 13,657,097,475 : 52%
2022-07-17 13:35:27 : 127,000,000 : 0 : 13,667,452,400 : 52%
2022-07-17 13:54:06 : 127,100,000 : 0 : 13,677,938,400 : 52%
2022-07-17 14:12:04 : 127,200,000 : 0 : 13,688,293,325 : 52%
2022-07-17 14:29:38 : 127,300,000 : 0 : 13,698,779,325 : 52%
2022-07-17 14:46:31 : 127,400,000 : 0 : 13,719,620,250 : 52%
2022-07-17 15:03:06 : 127,500,000 : 0 : 13,729,975,175 : 52%
2022-07-17 15:19:43 : 127,600,000 : 0 : 13,740,461,175 : 52%
2022-07-17 15:35:48 : 127,700,000 : 0 : 13,750,947,175 : 53%
2022-07-17 15:51:46 : 127,800,000 : 0 : 13,761,433,175 : 53%
2022-07-17 16:07:40 : 127,900,000 : 0 : 13,772,050,250 : 53%
2022-07-17 16:24:17 : 128,000,000 : 0 : 13,782,536,250 : 53%
2022-07-17 16:40:11 : 128,100,000 : 0 : 13,793,022,250 : 53%
2022-07-17 16:55:42 : 128,200,000 : 0 : 13,803,508,250 : 53%
2022-07-17 17:11:31 : 128,300,000 : 0 : 13,814,125,325 : 53%
2022-07-17 17:27:18 : 128,400,000 : 0 : 13,824,611,325 : 53%
2022-07-17 17:42:59 : 128,500,000 : 0 : 13,834,966,250 : 53%
2022-07-17 17:58:33 : 128,600,000 : 0 : 13,845,321,175 : 53%
2022-07-17 18:14:00 : 128,700,000 : 0 : 13,855,676,100 : 53%
2022-07-17 18:29:23 : 128,800,000 : 0 : 13,866,031,025 : 53%
2022-07-17 18:44:58 : 128,900,000 : 0 : 13,876,385,950 : 53%
2022-07-17 19:00:34 : 129,000,000 : 0 : 13,886,740,875 : 53%
2022-07-17 19:16:21 : 129,100,000 : 0 : 13,897,095,800 : 53%
2022-07-17 19:31:54 : 129,200,000 : 0 : 13,907,188,575 : 53%
2022-07-17 19:47:08 : 129,300,000 : 0 : 13,917,412,425 : 53%
2022-07-17 20:02:55 : 129,400,000 : 0 : 13,927,636,275 : 53%
2022-07-17 20:18:28 : 129,500,000 : 0 : 13,948,083,975 : 53%
2022-07-17 20:33:47 : 129,600,000 : 0 : 13,958,307,825 : 53%
2022-07-17 20:49:06 : 129,700,000 : 0 : 13,968,531,675 : 53%
2022-07-17 21:04:33 : 129,800,000 : 0 : 13,978,755,525 : 53%
2022-07-17 21:20:09 : 129,900,000 : 0 : 13,988,979,375 : 53%
2022-07-17 21:35:56 : 130,000,000 : 0 : 13,999,072,150 : 53%
2022-07-17 21:51:51 : 130,100,000 : 0 : 14,009,296,000 : 54%
2022-07-17 22:07:53 : 130,200,000 : 0 : 14,019,519,850 : 54%
2022-07-17 22:23:54 : 130,300,000 : 0 : 14,029,481,550 : 54%
2022-07-17 22:40:15 : 130,400,000 : 0 : 14,039,705,400 : 54%
2022-07-17 22:56:47 : 130,500,000 : 0 : 14,049,798,175 : 54%
2022-07-17 23:13:38 : 130,600,000 : 0 : 14,059,890,950 : 54%
2022-07-17 23:30:46 : 130,700,000 : 0 : 14,070,114,800 : 54%
2022-07-17 23:48:24 : 130,800,000 : 0 : 14,080,207,575 : 54%
2022-07-18 00:06:11 : 130,900,000 : 0 : 14,090,300,350 : 54%
2022-07-18 00:23:51 : 131,000,000 : 0 : 14,100,393,125 : 54%
2022-07-18 00:41:36 : 131,100,000 : 0 : 14,110,485,900 : 54%
2022-07-18 00:59:35 : 131,200,000 : 0 : 14,120,447,600 : 54%
2022-07-18 01:17:27 : 131,300,000 : 0 : 14,130,540,375 : 54%
2022-07-18 01:35:14 : 131,400,000 : 0 : 14,140,502,075 : 54%
2022-07-18 01:53:04 : 131,500,000 : 0 : 14,150,594,850 : 54%
2022-07-18 02:10:57 : 131,600,000 : 0 : 14,170,649,325 : 54%
2022-07-18 02:29:07 : 131,700,000 : 0 : 14,180,742,100 : 54%
2022-07-18 02:47:35 : 131,800,000 : 0 : 14,190,834,875 : 54%
2022-07-18 03:06:48 : 131,900,000 : 0 : 14,200,927,650 : 54%
2022-07-18 03:27:24 : 132,000,000 : 0 : 14,211,020,425 : 54%
2022-07-18 03:49:04 : 132,100,000 : 0 : 14,220,982,125 : 54%
2022-07-18 04:11:38 : 132,200,000 : 0 : 14,230,943,825 : 54%
2022-07-18 04:34:39 : 132,300,000 : 0 : 14,241,036,600 : 54%
2022-07-18 04:57:18 : 132,400,000 : 0 : 14,250,998,300 : 54%
2022-07-18 05:21:13 : 132,500,000 : 0 : 14,261,091,075 : 54%
2022-07-18 05:46:14 : 132,600,000 : 0 : 14,271,183,850 : 55%
2022-07-18 06:12:01 : 132,700,000 : 0 : 14,281,276,625 : 55%
2022-07-18 06:39:10 : 132,800,000 : 0 : 14,291,500,475 : 55%
2022-07-18 07:07:20 : 132,900,000 : 0 : 14,301,593,250 : 55%
2022-07-18 07:36:35 : 133,000,000 : 0 : 14,311,817,100 : 55%
2022-07-18 08:06:36 : 133,100,000 : 0 : 14,322,040,950 : 55%
2022-07-18 08:37:20 : 133,200,000 : 0 : 14,332,264,800 : 55%
2022-07-18 09:08:23 : 133,300,000 : 0 : 14,342,488,650 : 55%
2022-07-18 09:38:50 : 133,400,000 : 0 : 14,352,712,500 : 55%
2022-07-18 10:08:21 : 133,500,000 : 0 : 14,362,936,350 : 55%
2022-07-18 10:36:55 : 133,600,000 : 0 : 14,373,291,275 : 55%
2022-07-18 11:03:47 : 133,700,000 : 0 : 14,393,870,050 : 55%
2022-07-18 11:28:35 : 133,800,000 : 0 : 14,404,224,975 : 55%
2022-07-18 11:51:43 : 133,900,000 : 0 : 14,414,710,975 : 55%
2022-07-18 12:13:19 : 134,000,000 : 0 : 14,425,196,975 : 55%
2022-07-18 12:33:44 : 134,100,000 : 0 : 14,435,682,975 : 55%
2022-07-18 12:52:55 : 134,200,000 : 0 : 14,446,300,050 : 55%
2022-07-18 13:11:25 : 134,300,000 : 0 : 14,456,917,125 : 55%
2022-07-18 13:28:53 : 134,400,000 : 0 : 14,467,534,200 : 55%
2022-07-18 13:45:48 : 134,500,000 : 0 : 14,478,151,275 : 55%
2022-07-18 14:02:11 : 134,600,000 : 0 : 14,488,899,425 : 55%
2022-07-18 14:18:08 : 134,700,000 : 0 : 14,499,385,425 : 55%
2022-07-18 14:33:25 : 134,800,000 : 0 : 14,510,002,500 : 55%
2022-07-18 14:48:33 : 134,900,000 : 0 : 14,520,750,650 : 55%
2022-07-18 15:03:24 : 135,000,000 : 0 : 14,531,367,725 : 56%
2022-07-18 15:18:14 : 135,100,000 : 0 : 14,542,115,875 : 56%
2022-07-18 15:32:48 : 135,200,000 : 0 : 14,552,864,025 : 56%
2022-07-18 15:47:16 : 135,300,000 : 0 : 14,563,612,175 : 56%
2022-07-18 16:01:35 : 135,400,000 : 0 : 14,574,360,325 : 56%
2022-07-18 16:16:09 : 135,500,000 : 0 : 14,585,108,475 : 56%
2022-07-18 16:30:15 : 135,600,000 : 0 : 14,595,725,550 : 56%
2022-07-18 16:44:26 : 135,700,000 : 0 : 14,617,221,850 : 56%
2022-07-18 16:58:37 : 135,800,000 : 0 : 14,627,838,925 : 56%
2022-07-18 17:12:53 : 135,900,000 : 0 : 14,638,587,075 : 56%
2022-07-18 17:27:16 : 136,000,000 : 0 : 14,649,335,225 : 56%
2022-07-18 17:41:35 : 136,100,000 : 0 : 14,660,083,375 : 56%
2022-07-18 17:55:47 : 136,200,000 : 0 : 14,670,700,450 : 56%
2022-07-18 18:10:05 : 136,300,000 : 0 : 14,681,448,600 : 56%
2022-07-18 18:24:29 : 136,400,000 : 0 : 14,692,065,675 : 56%
2022-07-18 18:38:49 : 136,500,000 : 0 : 14,702,682,750 : 56%
2022-07-18 18:53:04 : 136,600,000 : 0 : 14,713,430,900 : 56%
2022-07-18 19:07:18 : 136,700,000 : 0 : 14,724,047,975 : 56%
2022-07-18 19:21:31 : 136,800,000 : 0 : 14,734,665,050 : 56%
2022-07-18 19:35:51 : 136,900,000 : 0 : 14,745,282,125 : 56%
2022-07-18 19:50:16 : 137,000,000 : 0 : 14,755,899,200 : 56%
2022-07-18 20:04:32 : 137,100,000 : 0 : 14,766,516,275 : 56%
2022-07-18 20:18:53 : 137,200,000 : 0 : 14,777,133,350 : 56%
2022-07-18 20:32:58 : 137,300,000 : 0 : 14,787,750,425 : 56%
2022-07-18 20:47:08 : 137,400,000 : 0 : 14,798,236,425 : 57%
2022-07-18 21:01:19 : 137,500,000 : 0 : 14,808,853,500 : 57%
2022-07-18 21:15:43 : 137,600,000 : 0 : 14,829,956,575 : 57%
2022-07-18 21:30:10 : 137,700,000 : 0 : 14,840,442,575 : 57%
2022-07-18 21:44:49 : 137,800,000 : 0 : 14,851,059,650 : 57%
2022-07-18 21:59:39 : 137,900,000 : 0 : 14,861,545,650 : 57%
2022-07-18 22:14:40 : 138,000,000 : 0 : 14,871,900,575 : 57%
2022-07-18 22:29:50 : 138,100,000 : 0 : 14,882,386,575 : 57%
2022-07-18 22:45:13 : 138,200,000 : 0 : 14,892,872,575 : 57%
2022-07-18 23:00:44 : 138,300,000 : 0 : 14,903,358,575 : 57%
2022-07-18 23:16:40 : 138,400,000 : 0 : 14,913,713,500 : 57%
2022-07-18 23:32:42 : 138,500,000 : 0 : 14,924,068,425 : 57%
2022-07-18 23:48:58 : 138,600,000 : 0 : 14,934,423,350 : 57%
2022-07-19 00:05:15 : 138,700,000 : 0 : 14,944,647,200 : 57%
2022-07-19 00:21:21 : 138,800,000 : 0 : 14,954,871,050 : 57%
2022-07-19 00:37:24 : 138,900,000 : 0 : 14,964,963,825 : 57%
2022-07-19 00:53:27 : 139,000,000 : 0 : 14,975,187,675 : 57%
2022-07-19 01:09:42 : 139,100,000 : 0 : 14,985,280,450 : 57%
2022-07-19 01:26:08 : 139,200,000 : 0 : 14,995,504,300 : 57%
2022-07-19 01:42:01 : 139,300,000 : 0 : 15,005,466,000 : 57%
2022-07-19 01:58:09 : 139,400,000 : 0 : 15,015,427,700 : 57%
2022-07-19 02:14:23 : 139,500,000 : 0 : 15,025,520,475 : 57%
2022-07-19 02:30:34 : 139,600,000 : 0 : 15,035,744,325 : 57%
2022-07-19 02:47:17 : 139,700,000 : 0 : 15,045,837,100 : 57%
2022-07-19 03:04:26 : 139,800,000 : 0 : 15,066,153,725 : 58%
2022-07-19 03:22:16 : 139,900,000 : 0 : 15,076,246,500 : 58%
2022-07-19 03:40:40 : 140,000,000 : 0 : 15,086,470,350 : 58%
2022-07-19 03:59:51 : 140,100,000 : 0 : 15,096,563,125 : 58%
2022-07-19 04:20:00 : 140,200,000 : 0 : 15,106,655,900 : 58%
2022-07-19 04:40:52 : 140,300,000 : 0 : 15,116,748,675 : 58%
2022-07-19 05:02:17 : 140,400,000 : 0 : 15,126,710,375 : 58%
2022-07-19 05:24:25 : 140,500,000 : 0 : 15,136,803,150 : 58%
2022-07-19 05:48:17 : 140,600,000 : 0 : 15,147,027,000 : 58%
2022-07-19 06:13:16 : 140,700,000 : 0 : 15,157,381,925 : 58%
2022-07-19 06:39:24 : 140,800,000 : 0 : 15,167,605,775 : 58%
2022-07-19 07:06:38 : 140,900,000 : 0 : 15,177,960,700 : 58%
2022-07-19 07:34:48 : 141,000,000 : 0 : 15,188,184,550 : 58%
2022-07-19 08:03:53 : 141,100,000 : 0 : 15,198,539,475 : 58%
2022-07-19 08:33:23 : 141,200,000 : 0 : 15,208,763,325 : 58%
2022-07-19 09:03:04 : 141,300,000 : 0 : 15,219,118,250 : 58%
2022-07-19 09:32:24 : 141,400,000 : 0 : 15,229,473,175 : 58%
2022-07-19 10:00:57 : 141,500,000 : 0 : 15,239,697,025 : 58%
2022-07-19 10:28:04 : 141,600,000 : 0 : 15,249,920,875 : 58%
2022-07-19 10:53:03 : 141,700,000 : 0 : 15,260,013,650 : 58%
2022-07-19 11:17:17 : 141,800,000 : 0 : 15,270,368,575 : 58%
2022-07-19 11:39:22 : 141,900,000 : 0 : 15,280,723,500 : 58%
2022-07-19 12:00:10 : 142,000,000 : 0 : 15,301,564,425 : 58%
2022-07-19 12:19:56 : 142,100,000 : 0 : 15,312,050,425 : 58%
2022-07-19 12:39:06 : 142,200,000 : 0 : 15,322,667,500 : 59%
2022-07-19 12:57:24 : 142,300,000 : 0 : 15,333,284,575 : 59%
2022-07-19 13:14:32 : 142,400,000 : 0 : 15,343,770,575 : 59%
2022-07-19 13:30:59 : 142,500,000 : 0 : 15,354,256,575 : 59%
2022-07-19 13:46:52 : 142,600,000 : 0 : 15,364,873,650 : 59%
2022-07-19 14:02:23 : 142,700,000 : 0 : 15,375,490,725 : 59%
2022-07-19 14:17:37 : 142,800,000 : 0 : 15,386,107,800 : 59%
2022-07-19 14:32:17 : 142,900,000 : 0 : 15,396,724,875 : 59%
2022-07-19 14:46:41 : 143,000,000 : 0 : 15,407,341,950 : 59%
2022-07-19 15:00:44 : 143,100,000 : 0 : 15,417,959,025 : 59%
2022-07-19 15:14:54 : 143,200,000 : 0 : 15,428,707,175 : 59%
2022-07-19 15:28:50 : 143,300,000 : 0 : 15,439,455,325 : 59%
2022-07-19 15:42:42 : 143,400,000 : 0 : 15,449,941,325 : 59%
2022-07-19 15:56:23 : 143,500,000 : 0 : 15,460,689,475 : 59%
2022-07-19 16:10:10 : 143,600,000 : 0 : 15,471,306,550 : 59%
2022-07-19 16:23:39 : 143,700,000 : 0 : 15,481,923,625 : 59%
2022-07-19 16:37:12 : 143,800,000 : 0 : 15,492,540,700 : 59%
2022-07-19 16:50:30 : 143,900,000 : 0 : 15,513,905,925 : 59%
2022-07-19 17:04:01 : 144,000,000 : 0 : 15,524,523,000 : 59%
2022-07-19 17:17:41 : 144,100,000 : 0 : 15,535,140,075 : 59%
2022-07-19 17:30:55 : 144,200,000 : 0 : 15,545,757,150 : 59%
2022-07-19 17:44:20 : 144,300,000 : 0 : 15,556,374,225 : 59%
2022-07-19 17:57:42 : 144,400,000 : 0 : 15,566,991,300 : 59%
2022-07-19 18:11:07 : 144,500,000 : 0 : 15,577,608,375 : 60%
2022-07-19 18:24:33 : 144,600,000 : 0 : 15,588,225,450 : 60%
2022-07-19 18:37:55 : 144,700,000 : 0 : 15,598,711,450 : 60%
2022-07-19 18:51:27 : 144,800,000 : 0 : 15,609,459,600 : 60%
2022-07-19 19:05:04 : 144,900,000 : 0 : 15,619,945,600 : 60%
2022-07-19 19:18:55 : 145,000,000 : 0 : 15,630,562,675 : 60%
2022-07-19 19:32:34 : 145,100,000 : 0 : 15,641,179,750 : 60%
2022-07-19 19:46:17 : 145,200,000 : 0 : 15,651,665,750 : 60%
2022-07-19 19:59:47 : 145,300,000 : 0 : 15,662,151,750 : 60%
2022-07-19 20:13:03 : 145,400,000 : 0 : 15,672,506,675 : 60%
2022-07-19 20:26:20 : 145,500,000 : 0 : 15,682,861,600 : 60%
2022-07-19 20:39:54 : 145,600,000 : 0 : 15,693,216,525 : 60%
2022-07-19 20:53:24 : 145,700,000 : 0 : 15,703,702,525 : 60%
2022-07-19 21:07:04 : 145,800,000 : 0 : 15,714,057,450 : 60%
2022-07-19 21:20:51 : 145,900,000 : 0 : 15,734,898,375 : 60%
2022-07-19 21:34:45 : 146,000,000 : 0 : 15,745,384,375 : 60%
2022-07-19 21:48:57 : 146,100,000 : 0 : 15,755,870,375 : 60%
2022-07-19 22:03:29 : 146,200,000 : 0 : 15,766,356,375 : 60%
2022-07-19 22:18:17 : 146,300,000 : 0 : 15,776,842,375 : 60%
2022-07-19 22:33:05 : 146,400,000 : 0 : 15,787,328,375 : 60%
2022-07-19 22:48:04 : 146,500,000 : 0 : 15,797,683,300 : 60%
2022-07-19 23:03:23 : 146,600,000 : 0 : 15,808,038,225 : 60%
2022-07-19 23:18:56 : 146,700,000 : 0 : 15,818,393,150 : 60%
2022-07-19 23:34:38 : 146,800,000 : 0 : 15,828,748,075 : 60%
2022-07-19 23:50:31 : 146,900,000 : 0 : 15,838,971,925 : 61%
2022-07-20 00:06:26 : 147,000,000 : 0 : 15,849,195,775 : 61%
2022-07-20 00:22:22 : 147,100,000 : 0 : 15,859,419,625 : 61%
2022-07-20 00:38:15 : 147,200,000 : 0 : 15,869,381,325 : 61%
2022-07-20 00:53:53 : 147,300,000 : 0 : 15,879,605,175 : 61%
2022-07-20 01:09:57 : 147,400,000 : 0 : 15,889,697,950 : 61%
2022-07-20 01:26:12 : 147,500,000 : 0 : 15,899,790,725 : 61%
2022-07-20 01:42:15 : 147,600,000 : 0 : 15,910,014,575 : 61%
2022-07-20 01:58:27 : 147,700,000 : 0 : 15,920,107,350 : 61%
2022-07-20 02:14:43 : 147,800,000 : 0 : 15,930,331,200 : 61%
2022-07-20 02:31:01 : 147,900,000 : 0 : 15,940,423,975 : 61%
2022-07-20 02:47:47 : 148,000,000 : 0 : 15,950,647,825 : 61%
2022-07-20 03:04:49 : 148,100,000 : 0 : 15,970,964,450 : 61%
2022-07-20 03:22:23 : 148,200,000 : 0 : 15,981,188,300 : 61%
2022-07-20 03:40:21 : 148,300,000 : 0 : 15,991,281,075 : 61%
2022-07-20 03:59:28 : 148,400,000 : 0 : 16,001,504,925 : 61%
2022-07-20 04:19:21 : 148,500,000 : 0 : 16,011,728,775 : 61%
2022-07-20 04:40:12 : 148,600,000 : 0 : 16,021,821,550 : 61%
2022-07-20 05:01:58 : 148,700,000 : 0 : 16,032,045,400 : 61%
2022-07-20 05:24:46 : 148,800,000 : 0 : 16,042,269,250 : 61%
2022-07-20 05:48:21 : 148,900,000 : 0 : 16,052,624,175 : 61%
2022-07-20 06:13:10 : 149,000,000 : 0 : 16,062,848,025 : 61%
2022-07-20 06:39:08 : 149,100,000 : 0 : 16,073,202,950 : 61%
2022-07-20 07:05:53 : 149,200,000 : 0 : 16,083,688,950 : 61%
2022-07-20 07:33:45 : 149,300,000 : 0 : 16,094,043,875 : 61%
2022-07-20 08:02:34 : 149,400,000 : 0 : 16,104,398,800 : 62%
2022-07-20 08:32:23 : 149,500,000 : 0 : 16,114,884,800 : 62%
2022-07-20 09:02:04 : 149,600,000 : 0 : 16,125,239,725 : 62%
2022-07-20 09:31:53 : 149,700,000 : 0 : 16,135,594,650 : 62%
2022-07-20 10:00:50 : 149,800,000 : 0 : 16,145,949,575 : 62%
2022-07-20 10:28:23 : 149,900,000 : 0 : 16,156,304,500 : 62%
2022-07-20 10:54:07 : 150,000,000 : 0 : 16,166,528,350 : 62%
2022-07-20 11:18:02 : 150,100,000 : 0 : 16,176,883,275 : 62%
2022-07-20 11:40:17 : 150,200,000 : 0 : 16,197,855,275 : 62%
2022-07-20 12:00:50 : 150,300,000 : 0 : 16,208,472,350 : 62%
2022-07-20 12:20:40 : 150,400,000 : 0 : 16,218,958,350 : 62%
2022-07-20 12:39:20 : 150,500,000 : 0 : 16,229,575,425 : 62%
2022-07-20 12:57:11 : 150,600,000 : 0 : 16,240,192,500 : 62%
2022-07-20 13:14:19 : 150,700,000 : 0 : 16,250,678,500 : 62%
2022-07-20 13:30:49 : 150,800,000 : 0 : 16,261,426,650 : 62%
2022-07-20 13:46:58 : 150,900,000 : 0 : 16,272,043,725 : 62%
2022-07-20 14:02:21 : 151,000,000 : 0 : 16,282,791,875 : 62%
2022-07-20 14:17:26 : 151,100,000 : 0 : 16,293,540,025 : 62%
2022-07-20 14:32:08 : 151,200,000 : 0 : 16,304,288,175 : 62%
2022-07-20 14:46:37 : 151,300,000 : 0 : 16,314,905,250 : 62%
2022-07-20 15:00:40 : 151,400,000 : 0 : 16,325,653,400 : 62%
2022-07-20 15:14:43 : 151,500,000 : 0 : 16,336,401,550 : 62%
2022-07-20 15:28:35 : 151,600,000 : 0 : 16,347,149,700 : 62%
2022-07-20 15:42:16 : 151,700,000 : 0 : 16,357,897,850 : 62%
2022-07-20 15:55:55 : 151,800,000 : 0 : 16,368,646,000 : 63%
2022-07-20 16:09:36 : 151,900,000 : 0 : 16,379,394,150 : 63%
2022-07-20 16:23:14 : 152,000,000 : 0 : 16,390,011,225 : 63%
2022-07-20 16:36:52 : 152,100,000 : 0 : 16,400,759,375 : 63%
2022-07-20 16:50:32 : 152,200,000 : 0 : 16,422,255,675 : 63%
2022-07-20 17:04:17 : 152,300,000 : 0 : 16,433,003,825 : 63%
2022-07-20 17:18:29 : 152,400,000 : 0 : 16,443,751,975 : 63%
2022-07-20 17:32:36 : 152,500,000 : 0 : 16,454,369,050 : 63%
2022-07-20 17:46:53 : 152,600,000 : 0 : 16,465,117,200 : 63%
2022-07-20 18:01:07 : 152,700,000 : 0 : 16,475,865,350 : 63%
2022-07-20 18:15:44 : 152,800,000 : 0 : 16,486,613,500 : 63%
2022-07-20 18:30:32 : 152,900,000 : 0 : 16,497,230,575 : 63%
2022-07-20 18:45:18 : 153,000,000 : 0 : 16,507,847,650 : 63%
2022-07-20 19:00:06 : 153,100,000 : 0 : 16,518,595,800 : 63%
2022-07-20 19:15:14 : 153,200,000 : 0 : 16,529,212,875 : 63%
2022-07-20 19:30:19 : 153,300,000 : 0 : 16,539,698,875 : 63%
2022-07-20 19:45:25 : 153,400,000 : 0 : 16,550,315,950 : 63%
2022-07-20 20:00:31 : 153,500,000 : 0 : 16,560,801,950 : 63%
2022-07-20 20:15:36 : 153,600,000 : 0 : 16,571,419,025 : 63%
2022-07-20 20:30:41 : 153,700,000 : 0 : 16,581,905,025 : 63%
2022-07-20 20:45:55 : 153,800,000 : 0 : 16,592,391,025 : 63%
2022-07-20 21:01:08 : 153,900,000 : 0 : 16,602,877,025 : 63%
2022-07-20 21:16:56 : 154,000,000 : 0 : 16,613,363,025 : 63%
2022-07-20 21:32:46 : 154,100,000 : 0 : 16,634,335,025 : 64%
2022-07-20 21:48:50 : 154,200,000 : 0 : 16,644,689,950 : 64%
2022-07-20 22:04:59 : 154,300,000 : 0 : 16,655,044,875 : 64%
2022-07-20 22:21:28 : 154,400,000 : 0 : 16,665,530,875 : 64%
2022-07-20 22:38:12 : 154,500,000 : 0 : 16,675,885,800 : 64%
2022-07-20 22:55:03 : 154,600,000 : 0 : 16,686,109,650 : 64%
2022-07-20 23:12:14 : 154,700,000 : 0 : 16,696,464,575 : 64%
2022-07-20 23:29:31 : 154,800,000 : 0 : 16,706,819,500 : 64%
2022-07-20 23:46:45 : 154,900,000 : 0 : 16,717,043,350 : 64%
2022-07-21 00:03:53 : 155,000,000 : 0 : 16,727,267,200 : 64%
2022-07-21 00:20:48 : 155,100,000 : 0 : 16,737,359,975 : 64%
2022-07-21 00:37:41 : 155,200,000 : 0 : 16,747,583,825 : 64%
2022-07-21 00:54:21 : 155,300,000 : 0 : 16,757,676,600 : 64%
2022-07-21 01:10:52 : 155,400,000 : 0 : 16,767,769,375 : 64%
2022-07-21 01:27:16 : 155,500,000 : 0 : 16,777,993,225 : 64%
2022-07-21 01:43:42 : 155,600,000 : 0 : 16,787,954,925 : 64%
2022-07-21 02:00:00 : 155,700,000 : 0 : 16,798,178,775 : 64%
2022-07-21 02:16:38 : 155,800,000 : 0 : 16,808,271,550 : 64%
2022-07-21 02:33:31 : 155,900,000 : 0 : 16,818,495,400 : 64%
2022-07-21 02:50:33 : 156,000,000 : 0 : 16,828,719,250 : 64%
2022-07-21 03:08:13 : 156,100,000 : 0 : 16,838,943,100 : 64%
2022-07-21 03:26:30 : 156,200,000 : 0 : 16,859,259,725 : 64%
2022-07-21 03:45:27 : 156,300,000 : 0 : 16,869,614,650 : 64%
2022-07-21 04:05:10 : 156,400,000 : 0 : 16,879,838,500 : 64%
2022-07-21 04:25:56 : 156,500,000 : 0 : 16,890,062,350 : 65%
2022-07-21 04:47:26 : 156,600,000 : 0 : 16,900,286,200 : 65%
2022-07-21 05:09:40 : 156,700,000 : 0 : 16,910,378,975 : 65%
2022-07-21 05:33:02 : 156,800,000 : 0 : 16,920,602,825 : 65%
2022-07-21 05:57:33 : 156,900,000 : 0 : 16,930,957,750 : 65%
2022-07-21 06:23:16 : 157,000,000 : 0 : 16,941,312,675 : 65%
2022-07-21 06:49:38 : 157,100,000 : 0 : 16,951,536,525 : 65%
2022-07-21 07:17:04 : 157,200,000 : 0 : 16,961,891,450 : 65%
2022-07-21 07:45:03 : 157,300,000 : 0 : 16,972,246,375 : 65%
2022-07-21 08:13:51 : 157,400,000 : 0 : 16,982,470,225 : 65%
2022-07-21 08:43:05 : 157,500,000 : 0 : 16,992,825,150 : 65%
2022-07-21 09:12:37 : 157,600,000 : 0 : 17,003,180,075 : 65%
2022-07-21 09:41:32 : 157,700,000 : 0 : 17,013,403,925 : 65%
2022-07-21 10:09:31 : 157,800,000 : 0 : 17,023,758,850 : 65%
2022-07-21 10:35:52 : 157,900,000 : 0 : 17,033,982,700 : 65%
2022-07-21 11:00:40 : 158,000,000 : 0 : 17,044,337,625 : 65%
2022-07-21 11:23:50 : 158,100,000 : 0 : 17,054,692,550 : 65%
2022-07-21 11:45:21 : 158,200,000 : 0 : 17,065,047,475 : 65%
2022-07-21 12:05:28 : 158,300,000 : 0 : 17,085,888,400 : 65%
2022-07-21 12:24:43 : 158,400,000 : 0 : 17,096,505,475 : 65%
2022-07-21 12:43:08 : 158,500,000 : 0 : 17,106,991,475 : 65%
2022-07-21 13:00:31 : 158,600,000 : 0 : 17,117,608,550 : 65%
2022-07-21 13:17:25 : 158,700,000 : 0 : 17,128,225,625 : 65%
2022-07-21 13:33:28 : 158,800,000 : 0 : 17,138,842,700 : 65%
2022-07-21 13:49:01 : 158,900,000 : 0 : 17,149,590,850 : 66%
2022-07-21 14:04:11 : 159,000,000 : 0 : 17,160,207,925 : 66%
2022-07-21 14:19:04 : 159,100,000 : 0 : 17,170,956,075 : 66%
2022-07-21 14:33:26 : 159,200,000 : 0 : 17,181,573,150 : 66%
2022-07-21 14:47:30 : 159,300,000 : 0 : 17,192,321,300 : 66%
2022-07-21 15:01:26 : 159,400,000 : 0 : 17,203,069,450 : 66%
2022-07-21 15:15:28 : 159,500,000 : 0 : 17,213,817,600 : 66%
2022-07-21 15:29:09 : 159,600,000 : 0 : 17,224,434,675 : 66%
2022-07-21 15:42:45 : 159,700,000 : 0 : 17,235,182,825 : 66%
2022-07-21 15:56:09 : 159,800,000 : 0 : 17,245,930,975 : 66%
2022-07-21 16:09:39 : 159,900,000 : 0 : 17,256,679,125 : 66%
2022-07-21 16:23:03 : 160,000,000 : 0 : 17,267,296,200 : 66%
2022-07-21 16:36:11 : 160,100,000 : 0 : 17,278,044,350 : 66%
2022-07-21 16:49:26 : 160,200,000 : 0 : 17,288,792,500 : 66%
2022-07-21 17:02:45 : 160,300,000 : 0 : 17,310,157,725 : 66%
2022-07-21 17:16:13 : 160,400,000 : 0 : 17,320,905,875 : 66%
2022-07-21 17:29:31 : 160,500,000 : 0 : 17,331,522,950 : 66%
2022-07-21 17:42:59 : 160,600,000 : 0 : 17,342,140,025 : 66%
2022-07-21 17:56:25 : 160,700,000 : 0 : 17,352,757,100 : 66%
2022-07-21 18:09:57 : 160,800,000 : 0 : 17,363,505,250 : 66%
2022-07-21 18:23:32 : 160,900,000 : 0 : 17,373,991,250 : 66%
2022-07-21 18:37:02 : 161,000,000 : 0 : 17,384,608,325 : 66%
2022-07-21 18:50:36 : 161,100,000 : 0 : 17,395,225,400 : 66%
2022-07-21 19:04:14 : 161,200,000 : 0 : 17,405,711,400 : 66%
2022-07-21 19:17:56 : 161,300,000 : 0 : 17,416,328,475 : 67%
2022-07-21 19:31:29 : 161,400,000 : 0 : 17,426,945,550 : 67%
2022-07-21 19:45:04 : 161,500,000 : 0 : 17,437,431,550 : 67%
2022-07-21 19:58:45 : 161,600,000 : 0 : 17,448,048,625 : 67%
2022-07-21 20:12:44 : 161,700,000 : 0 : 17,458,403,550 : 67%
2022-07-21 20:26:12 : 161,800,000 : 0 : 17,468,889,550 : 67%
2022-07-21 20:39:42 : 161,900,000 : 0 : 17,479,375,550 : 67%
2022-07-21 20:53:13 : 162,000,000 : 0 : 17,489,861,550 : 67%
2022-07-21 21:06:59 : 162,100,000 : 0 : 17,500,347,550 : 67%
2022-07-21 21:20:58 : 162,200,000 : 0 : 17,521,188,475 : 67%
2022-07-21 21:35:00 : 162,300,000 : 0 : 17,531,805,550 : 67%
2022-07-21 21:49:15 : 162,400,000 : 0 : 17,542,160,475 : 67%
2022-07-21 22:03:42 : 162,500,000 : 0 : 17,552,646,475 : 67%
2022-07-21 22:18:24 : 162,600,000 : 0 : 17,563,001,400 : 67%
2022-07-21 22:33:14 : 162,700,000 : 0 : 17,573,356,325 : 67%
2022-07-21 22:48:21 : 162,800,000 : 0 : 17,583,711,250 : 67%
2022-07-21 23:03:34 : 162,900,000 : 0 : 17,594,197,250 : 67%
2022-07-21 23:19:13 : 163,000,000 : 0 : 17,604,421,100 : 67%
2022-07-21 23:34:55 : 163,100,000 : 0 : 17,614,776,025 : 67%
2022-07-21 23:50:58 : 163,200,000 : 0 : 17,624,999,875 : 67%
2022-07-22 00:07:22 : 163,300,000 : 0 : 17,635,223,725 : 67%
2022-07-22 00:23:46 : 163,400,000 : 0 : 17,645,316,500 : 67%
2022-07-22 00:40:15 : 163,500,000 : 0 : 17,655,540,350 : 67%
2022-07-22 00:57:03 : 163,600,000 : 0 : 17,665,633,125 : 67%
2022-07-22 01:13:41 : 163,700,000 : 0 : 17,675,725,900 : 68%
2022-07-22 01:30:18 : 163,800,000 : 0 : 17,685,949,750 : 68%
2022-07-22 01:47:05 : 163,900,000 : 0 : 17,696,042,525 : 68%
2022-07-22 02:03:46 : 164,000,000 : 0 : 17,706,135,300 : 68%
2022-07-22 02:20:32 : 164,100,000 : 0 : 17,716,097,000 : 68%
2022-07-22 02:37:29 : 164,200,000 : 0 : 17,726,058,700 : 68%
2022-07-22 02:54:55 : 164,300,000 : 0 : 17,736,151,475 : 68%
2022-07-22 03:12:52 : 164,400,000 : 0 : 17,756,337,025 : 68%
2022-07-22 03:31:11 : 164,500,000 : 0 : 17,766,429,800 : 68%
2022-07-22 03:50:03 : 164,600,000 : 0 : 17,776,391,500 : 68%
2022-07-22 04:09:27 : 164,700,000 : 0 : 17,786,484,275 : 68%
2022-07-22 04:29:28 : 164,800,000 : 0 : 17,796,445,975 : 68%
2022-07-22 04:50:22 : 164,900,000 : 0 : 17,806,407,675 : 68%
2022-07-22 05:12:07 : 165,000,000 : 0 : 17,816,369,375 : 68%
2022-07-22 05:34:46 : 165,100,000 : 0 : 17,826,331,075 : 68%
2022-07-22 05:58:29 : 165,200,000 : 0 : 17,836,423,850 : 68%
2022-07-22 06:22:51 : 165,300,000 : 0 : 17,846,647,700 : 68%
2022-07-22 06:48:19 : 165,400,000 : 0 : 17,856,871,550 : 68%
2022-07-22 07:14:44 : 165,500,000 : 0 : 17,867,095,400 : 68%
2022-07-22 07:41:54 : 165,600,000 : 0 : 17,877,319,250 : 68%
2022-07-22 08:10:11 : 165,700,000 : 0 : 17,887,543,100 : 68%
2022-07-22 08:38:50 : 165,800,000 : 0 : 17,897,635,875 : 68%
2022-07-22 09:07:51 : 165,900,000 : 0 : 17,907,859,725 : 68%
2022-07-22 09:37:02 : 166,000,000 : 0 : 17,918,214,650 : 68%
2022-07-22 10:05:00 : 166,100,000 : 0 : 17,928,438,500 : 68%
2022-07-22 10:31:51 : 166,200,000 : 0 : 17,938,662,350 : 69%
2022-07-22 10:57:10 : 166,300,000 : 0 : 17,948,886,200 : 69%
2022-07-22 11:20:44 : 166,400,000 : 0 : 17,959,110,050 : 69%
2022-07-22 11:42:57 : 166,500,000 : 0 : 17,969,464,975 : 69%
2022-07-22 12:03:40 : 166,600,000 : 0 : 17,990,174,825 : 69%
2022-07-22 12:23:07 : 166,700,000 : 0 : 18,000,660,825 : 69%
2022-07-22 12:41:34 : 166,800,000 : 0 : 18,011,146,825 : 69%
2022-07-22 12:59:08 : 166,900,000 : 0 : 18,021,632,825 : 69%
2022-07-22 13:16:02 : 167,000,000 : 0 : 18,032,249,900 : 69%
2022-07-22 13:32:15 : 167,100,000 : 0 : 18,042,735,900 : 69%
2022-07-22 13:47:46 : 167,200,000 : 0 : 18,053,221,900 : 69%
2022-07-22 14:02:58 : 167,300,000 : 0 : 18,063,707,900 : 69%
2022-07-22 14:18:00 : 167,400,000 : 0 : 18,074,324,975 : 69%
2022-07-22 14:32:36 : 167,500,000 : 0 : 18,084,810,975 : 69%
2022-07-22 14:47:03 : 167,600,000 : 0 : 18,095,428,050 : 69%
2022-07-22 15:01:15 : 167,700,000 : 0 : 18,105,914,050 : 69%
2022-07-22 15:15:31 : 167,800,000 : 0 : 18,116,531,125 : 69%
2022-07-22 15:29:32 : 167,900,000 : 0 : 18,127,148,200 : 69%
2022-07-22 15:43:24 : 168,000,000 : 0 : 18,137,634,200 : 69%
2022-07-22 15:57:23 : 168,100,000 : 0 : 18,148,251,275 : 69%
2022-07-22 16:11:14 : 168,200,000 : 0 : 18,158,737,275 : 69%
2022-07-22 16:25:02 : 168,300,000 : 0 : 18,169,354,350 : 69%
2022-07-22 16:38:52 : 168,400,000 : 0 : 18,179,971,425 : 69%
2022-07-22 16:52:43 : 168,500,000 : 0 : 18,201,205,575 : 70%
2022-07-22 17:06:24 : 168,600,000 : 0 : 18,211,691,575 : 70%
2022-07-22 17:20:14 : 168,700,000 : 0 : 18,222,177,575 : 70%
2022-07-22 17:33:54 : 168,800,000 : 0 : 18,232,794,650 : 70%
2022-07-22 17:47:48 : 168,900,000 : 0 : 18,243,280,650 : 70%
2022-07-22 18:01:46 : 169,000,000 : 0 : 18,253,766,650 : 70%
2022-07-22 18:15:58 : 169,100,000 : 0 : 18,264,252,650 : 70%
2022-07-22 18:29:58 : 169,200,000 : 0 : 18,274,738,650 : 70%
2022-07-22 18:44:08 : 169,300,000 : 0 : 18,285,093,575 : 70%
2022-07-22 18:58:17 : 169,400,000 : 0 : 18,295,579,575 : 70%
2022-07-22 19:12:31 : 169,500,000 : 0 : 18,306,065,575 : 70%
2022-07-22 19:26:41 : 169,600,000 : 0 : 18,316,420,500 : 70%
2022-07-22 19:40:54 : 169,700,000 : 0 : 18,326,906,500 : 70%
2022-07-22 19:55:08 : 169,800,000 : 0 : 18,337,261,425 : 70%
2022-07-22 20:09:31 : 169,900,000 : 0 : 18,347,616,350 : 70%
2022-07-22 20:23:48 : 170,000,000 : 0 : 18,357,971,275 : 70%
2022-07-22 20:37:54 : 170,100,000 : 0 : 18,368,326,200 : 70%
2022-07-22 20:51:55 : 170,200,000 : 0 : 18,378,550,050 : 70%
2022-07-22 21:05:56 : 170,300,000 : 0 : 18,388,904,975 : 70%
2022-07-22 21:20:14 : 170,400,000 : 0 : 18,399,128,825 : 70%
2022-07-22 21:34:47 : 170,500,000 : 0 : 18,409,352,675 : 70%
2022-07-22 21:49:30 : 170,600,000 : 0 : 18,429,931,450 : 70%
2022-07-22 22:04:25 : 170,700,000 : 0 : 18,440,155,300 : 70%
2022-07-22 22:19:46 : 170,800,000 : 0 : 18,450,510,225 : 70%
2022-07-22 22:35:11 : 170,900,000 : 0 : 18,460,734,075 : 71%
2022-07-22 22:50:52 : 171,000,000 : 0 : 18,470,957,925 : 71%
2022-07-22 23:06:41 : 171,100,000 : 0 : 18,481,050,700 : 71%
2022-07-22 23:22:49 : 171,200,000 : 0 : 18,491,143,475 : 71%
2022-07-22 23:39:08 : 171,300,000 : 0 : 18,501,236,250 : 71%
2022-07-22 23:55:53 : 171,400,000 : 0 : 18,511,197,950 : 71%
2022-07-23 00:12:45 : 171,500,000 : 0 : 18,521,290,725 : 71%
2022-07-23 00:29:43 : 171,600,000 : 0 : 18,531,252,425 : 71%
2022-07-23 00:46:27 : 171,700,000 : 0 : 18,541,083,050 : 71%
2022-07-23 01:03:25 : 171,800,000 : 0 : 18,551,044,750 : 71%
2022-07-23 01:20:27 : 171,900,000 : 0 : 18,561,006,450 : 71%
2022-07-23 01:37:24 : 172,000,000 : 0 : 18,570,837,075 : 71%
2022-07-23 01:54:36 : 172,100,000 : 0 : 18,580,667,700 : 71%
2022-07-23 02:11:45 : 172,200,000 : 0 : 18,590,498,325 : 71%
2022-07-23 02:29:14 : 172,300,000 : 0 : 18,600,460,025 : 71%
2022-07-23 02:46:46 : 172,400,000 : 0 : 18,610,290,650 : 71%
2022-07-23 03:04:46 : 172,500,000 : 0 : 18,620,252,350 : 71%
2022-07-23 03:23:12 : 172,600,000 : 0 : 18,630,082,975 : 71%
2022-07-23 03:42:10 : 172,700,000 : 0 : 18,639,913,600 : 71%
2022-07-23 04:01:35 : 172,800,000 : 0 : 18,649,875,300 : 71%
2022-07-23 04:21:52 : 172,900,000 : 0 : 18,659,705,925 : 71%
2022-07-23 04:42:50 : 173,000,000 : 0 : 18,679,498,250 : 71%
2022-07-23 05:04:26 : 173,100,000 : 0 : 18,689,328,875 : 71%
2022-07-23 05:27:04 : 173,200,000 : 0 : 18,699,159,500 : 71%
2022-07-23 05:50:51 : 173,300,000 : 0 : 18,709,121,200 : 71%
2022-07-23 06:15:50 : 173,400,000 : 0 : 18,719,082,900 : 72%
2022-07-23 06:41:51 : 173,500,000 : 0 : 18,729,044,600 : 72%
2022-07-23 07:08:30 : 173,600,000 : 0 : 18,739,137,375 : 72%
2022-07-23 07:36:18 : 173,700,000 : 0 : 18,749,099,075 : 72%
2022-07-23 08:04:34 : 173,800,000 : 0 : 18,759,060,775 : 72%
2022-07-23 08:33:51 : 173,900,000 : 0 : 18,769,022,475 : 72%
2022-07-23 09:03:30 : 174,000,000 : 0 : 18,778,984,175 : 72%
2022-07-23 09:33:21 : 174,100,000 : 0 : 18,788,945,875 : 72%
2022-07-23 10:02:56 : 174,200,000 : 0 : 18,798,776,500 : 72%
2022-07-23 10:31:54 : 174,300,000 : 0 : 18,808,869,275 : 72%
2022-07-23 10:59:20 : 174,400,000 : 0 : 18,818,830,975 : 72%
2022-07-23 11:25:16 : 174,500,000 : 0 : 18,828,923,750 : 72%
2022-07-23 11:49:44 : 174,600,000 : 0 : 18,839,016,525 : 72%
2022-07-23 12:12:29 : 174,700,000 : 0 : 18,849,240,375 : 72%
2022-07-23 12:34:07 : 174,800,000 : 0 : 18,859,464,225 : 72%
2022-07-23 12:54:44 : 174,900,000 : 0 : 18,869,688,075 : 72%
2022-07-23 13:14:18 : 175,000,000 : 0 : 18,879,911,925 : 72%
2022-07-23 13:33:07 : 175,100,000 : 0 : 18,900,621,775 : 72%
2022-07-23 13:51:13 : 175,200,000 : 0 : 18,911,107,775 : 72%
2022-07-23 14:08:40 : 175,300,000 : 0 : 18,921,331,625 : 72%
2022-07-23 14:25:30 : 175,400,000 : 0 : 18,931,686,550 : 72%
2022-07-23 14:42:00 : 175,500,000 : 0 : 18,942,041,475 : 72%
2022-07-23 14:58:05 : 175,600,000 : 0 : 18,952,396,400 : 72%
2022-07-23 15:13:51 : 175,700,000 : 0 : 18,962,751,325 : 72%
2022-07-23 15:29:37 : 175,800,000 : 0 : 18,973,237,325 : 72%
2022-07-23 15:45:18 : 175,900,000 : 0 : 18,983,592,250 : 73%
2022-07-23 16:00:44 : 176,000,000 : 0 : 18,994,078,250 : 73%
2022-07-23 16:16:04 : 176,100,000 : 0 : 19,004,564,250 : 73%
2022-07-23 16:31:29 : 176,200,000 : 0 : 19,014,919,175 : 73%
2022-07-23 16:46:48 : 176,300,000 : 0 : 19,025,405,175 : 73%
2022-07-23 17:02:15 : 176,400,000 : 0 : 19,035,891,175 : 73%
2022-07-23 17:17:40 : 176,500,000 : 0 : 19,046,377,175 : 73%
2022-07-23 17:32:59 : 176,600,000 : 0 : 19,056,732,100 : 73%
2022-07-23 17:48:12 : 176,700,000 : 0 : 19,067,087,025 : 73%
2022-07-23 18:03:35 : 176,800,000 : 0 : 19,077,573,025 : 73%
2022-07-23 18:19:12 : 176,900,000 : 0 : 19,087,927,950 : 73%
2022-07-23 18:34:54 : 177,000,000 : 0 : 19,098,282,875 : 73%
2022-07-23 18:50:38 : 177,100,000 : 0 : 19,108,637,800 : 73%
2022-07-23 19:06:28 : 177,200,000 : 0 : 19,129,216,575 : 73%
2022-07-23 19:22:28 : 177,300,000 : 0 : 19,139,571,500 : 73%
2022-07-23 19:38:23 : 177,400,000 : 0 : 19,149,795,350 : 73%
2022-07-23 19:54:17 : 177,500,000 : 0 : 19,160,019,200 : 73%
2022-07-23 20:10:11 : 177,600,000 : 0 : 19,170,243,050 : 73%
2022-07-23 20:25:57 : 177,700,000 : 0 : 19,180,335,825 : 73%
2022-07-23 20:41:49 : 177,800,000 : 0 : 19,190,428,600 : 73%
2022-07-23 20:57:53 : 177,900,000 : 0 : 19,200,652,450 : 73%
2022-07-23 21:13:33 : 178,000,000 : 0 : 19,210,876,300 : 73%
2022-07-23 21:29:19 : 178,100,000 : 0 : 19,220,838,000 : 73%
2022-07-23 21:44:43 : 178,200,000 : 0 : 19,231,061,850 : 73%
2022-07-23 22:00:16 : 178,300,000 : 0 : 19,241,154,625 : 74%
2022-07-23 22:16:01 : 178,400,000 : 0 : 19,251,247,400 : 74%
2022-07-23 22:32:14 : 178,500,000 : 0 : 19,261,209,100 : 74%
2022-07-23 22:48:41 : 178,600,000 : 0 : 19,271,432,950 : 74%
2022-07-23 23:05:22 : 178,700,000 : 0 : 19,281,525,725 : 74%
2022-07-23 23:22:24 : 178,800,000 : 0 : 19,291,487,425 : 74%
2022-07-23 23:39:30 : 178,900,000 : 0 : 19,301,580,200 : 74%
2022-07-23 23:56:53 : 179,000,000 : 0 : 19,311,804,050 : 74%
2022-07-24 00:14:21 : 179,100,000 : 0 : 19,321,765,750 : 74%
2022-07-24 00:31:37 : 179,200,000 : 0 : 19,331,727,450 : 74%
2022-07-24 00:49:06 : 179,300,000 : 0 : 19,341,558,075 : 74%
Decoding error with 134,217,728 bytes, reading another chunk
2022-07-24 01:06:31 : 179,400,000 : 0 : 19,370,918,875 : 74%
2022-07-24 01:23:59 : 179,500,000 : 0 : 19,370,918,875 : 74%
2022-07-24 01:41:26 : 179,600,000 : 0 : 19,380,749,500 : 74%
2022-07-24 01:59:05 : 179,700,000 : 0 : 19,390,580,125 : 74%
2022-07-24 02:16:47 : 179,800,000 : 0 : 19,400,410,750 : 74%
2022-07-24 02:34:36 : 179,900,000 : 0 : 19,410,241,375 : 74%
2022-07-24 02:52:50 : 180,000,000 : 0 : 19,420,072,000 : 74%
2022-07-24 03:11:33 : 180,100,000 : 0 : 19,429,902,625 : 74%
2022-07-24 03:30:46 : 180,200,000 : 0 : 19,439,733,250 : 74%
2022-07-24 03:50:14 : 180,300,000 : 0 : 19,449,563,875 : 74%
2022-07-24 04:10:22 : 180,400,000 : 0 : 19,459,394,500 : 74%
2022-07-24 04:31:13 : 180,500,000 : 0 : 19,469,225,125 : 74%
2022-07-24 04:52:46 : 180,600,000 : 0 : 19,478,924,675 : 74%
2022-07-24 05:15:23 : 180,700,000 : 0 : 19,488,755,300 : 74%
2022-07-24 05:38:58 : 180,800,000 : 0 : 19,498,717,000 : 74%
2022-07-24 06:03:41 : 180,900,000 : 0 : 19,508,547,625 : 75%
2022-07-24 06:29:42 : 181,000,000 : 0 : 19,518,640,400 : 75%
2022-07-24 06:56:39 : 181,100,000 : 0 : 19,528,602,100 : 75%
2022-07-24 07:24:41 : 181,200,000 : 0 : 19,538,694,875 : 75%
2022-07-24 07:53:17 : 181,300,000 : 0 : 19,548,787,650 : 75%
2022-07-24 08:21:52 : 181,400,000 : 0 : 19,558,749,350 : 75%
2022-07-24 08:51:24 : 181,500,000 : 0 : 19,568,842,125 : 75%
2022-07-24 09:21:29 : 181,600,000 : 0 : 19,588,896,600 : 75%
2022-07-24 09:51:55 : 181,700,000 : 0 : 19,598,989,375 : 75%
2022-07-24 10:22:20 : 181,800,000 : 0 : 19,609,082,150 : 75%
2022-07-24 10:51:10 : 181,900,000 : 0 : 19,619,174,925 : 75%
2022-07-24 11:18:15 : 182,000,000 : 0 : 19,629,267,700 : 75%
2022-07-24 11:43:41 : 182,100,000 : 0 : 19,639,360,475 : 75%
2022-07-24 12:07:22 : 182,200,000 : 0 : 19,649,453,250 : 75%
2022-07-24 12:30:03 : 182,300,000 : 0 : 19,659,808,175 : 75%
2022-07-24 12:51:10 : 182,400,000 : 0 : 19,670,032,025 : 75%
2022-07-24 13:11:14 : 182,500,000 : 0 : 19,680,255,875 : 75%
2022-07-24 13:30:22 : 182,600,000 : 0 : 19,690,348,650 : 75%
2022-07-24 13:47:25 : 182,700,000 : 0 : 19,700,441,425 : 75%
2022-07-24 14:04:28 : 182,800,000 : 0 : 19,710,665,275 : 75%
2022-07-24 14:20:35 : 182,900,000 : 0 : 19,720,626,975 : 75%
2022-07-24 14:36:35 : 183,000,000 : 0 : 19,730,850,825 : 75%
2022-07-24 14:51:43 : 183,100,000 : 0 : 19,740,943,600 : 75%
2022-07-24 15:07:09 : 183,200,000 : 0 : 19,751,298,525 : 75%
2022-07-24 15:22:45 : 183,300,000 : 0 : 19,761,653,450 : 75%
2022-07-24 15:38:10 : 183,400,000 : 0 : 19,772,139,450 : 76%
2022-07-24 15:53:26 : 183,500,000 : 0 : 19,792,980,375 : 76%
2022-07-24 16:08:35 : 183,600,000 : 0 : 19,803,335,300 : 76%
2022-07-24 16:23:38 : 183,700,000 : 0 : 19,813,690,225 : 76%
2022-07-24 16:38:43 : 183,800,000 : 0 : 19,824,176,225 : 76%
2022-07-24 16:53:42 : 183,900,000 : 0 : 19,834,662,225 : 76%
2022-07-24 17:08:50 : 184,000,000 : 0 : 19,845,148,225 : 76%
2022-07-24 17:24:02 : 184,100,000 : 0 : 19,855,634,225 : 76%
2022-07-24 17:39:15 : 184,200,000 : 0 : 19,865,989,150 : 76%
2022-07-24 17:54:04 : 184,300,000 : 0 : 19,876,344,075 : 76%
2022-07-24 18:09:07 : 184,400,000 : 0 : 19,886,699,000 : 76%
2022-07-24 18:24:22 : 184,500,000 : 0 : 19,897,053,925 : 76%
2022-07-24 18:39:24 : 184,600,000 : 0 : 19,907,408,850 : 76%
2022-07-24 18:54:58 : 184,700,000 : 0 : 19,917,763,775 : 76%
2022-07-24 19:10:23 : 184,800,000 : 0 : 19,928,118,700 : 76%
2022-07-24 19:25:33 : 184,900,000 : 0 : 19,938,342,550 : 76%
2022-07-24 19:40:49 : 185,000,000 : 0 : 19,948,697,475 : 76%
2022-07-24 19:56:02 : 185,100,000 : 0 : 19,958,921,325 : 76%
2022-07-24 20:11:12 : 185,200,000 : 0 : 19,969,145,175 : 76%
2022-07-24 20:26:18 : 185,300,000 : 0 : 19,979,369,025 : 76%
2022-07-24 20:41:22 : 185,400,000 : 0 : 19,999,685,650 : 76%
2022-07-24 20:56:14 : 185,500,000 : 0 : 20,009,909,500 : 76%
2022-07-24 21:11:21 : 185,600,000 : 0 : 20,020,133,350 : 76%
2022-07-24 21:26:28 : 185,700,000 : 0 : 20,030,357,200 : 77%
2022-07-24 21:41:44 : 185,800,000 : 0 : 20,040,581,050 : 77%
2022-07-24 21:57:10 : 185,900,000 : 0 : 20,050,673,825 : 77%
2022-07-24 22:12:44 : 186,000,000 : 0 : 20,060,897,675 : 77%
2022-07-24 22:28:36 : 186,100,000 : 0 : 20,071,121,525 : 77%
2022-07-24 22:44:33 : 186,200,000 : 0 : 20,081,214,300 : 77%
2022-07-24 23:00:43 : 186,300,000 : 0 : 20,091,307,075 : 77%
2022-07-24 23:17:07 : 186,400,000 : 0 : 20,101,399,850 : 77%
2022-07-24 23:33:45 : 186,500,000 : 0 : 20,111,492,625 : 77%
2022-07-24 23:50:31 : 186,600,000 : 0 : 20,121,716,475 : 77%
2022-07-25 00:07:37 : 186,700,000 : 0 : 20,131,809,250 : 77%
2022-07-25 00:24:42 : 186,800,000 : 0 : 20,141,770,950 : 77%
2022-07-25 00:41:38 : 186,900,000 : 0 : 20,151,732,650 : 77%
2022-07-25 00:58:39 : 187,000,000 : 0 : 20,161,694,350 : 77%
2022-07-25 01:15:40 : 187,100,000 : 0 : 20,171,656,050 : 77%
2022-07-25 01:32:47 : 187,200,000 : 0 : 20,181,617,750 : 77%
2022-07-25 01:49:56 : 187,300,000 : 0 : 20,191,579,450 : 77%
2022-07-25 02:07:17 : 187,400,000 : 0 : 20,211,633,925 : 77%
2022-07-25 02:24:50 : 187,500,000 : 0 : 20,221,726,700 : 77%
2022-07-25 02:42:30 : 187,600,000 : 0 : 20,231,688,400 : 77%
2022-07-25 03:00:35 : 187,700,000 : 0 : 20,241,781,175 : 77%
2022-07-25 03:19:08 : 187,800,000 : 0 : 20,251,873,950 : 77%
2022-07-25 03:37:58 : 187,900,000 : 0 : 20,261,966,725 : 77%
2022-07-25 03:57:33 : 188,000,000 : 0 : 20,272,190,575 : 77%
2022-07-25 04:18:04 : 188,100,000 : 0 : 20,282,283,350 : 77%
2022-07-25 04:39:20 : 188,200,000 : 0 : 20,292,376,125 : 78%
2022-07-25 05:01:33 : 188,300,000 : 0 : 20,302,468,900 : 78%
2022-07-25 05:24:43 : 188,400,000 : 0 : 20,312,561,675 : 78%
2022-07-25 05:49:13 : 188,500,000 : 0 : 20,322,785,525 : 78%
2022-07-25 06:14:54 : 188,600,000 : 0 : 20,332,878,300 : 78%
2022-07-25 06:41:38 : 188,700,000 : 0 : 20,343,233,225 : 78%
2022-07-25 07:09:09 : 188,800,000 : 0 : 20,353,457,075 : 78%
2022-07-25 07:37:49 : 188,900,000 : 0 : 20,363,680,925 : 78%
2022-07-25 08:07:06 : 189,000,000 : 0 : 20,374,035,850 : 78%
2022-07-25 08:36:46 : 189,100,000 : 0 : 20,384,259,700 : 78%
2022-07-25 09:06:53 : 189,200,000 : 0 : 20,394,614,625 : 78%
2022-07-25 09:36:55 : 189,300,000 : 0 : 20,404,838,475 : 78%
2022-07-25 10:06:02 : 189,400,000 : 0 : 20,425,548,325 : 78%
2022-07-25 10:33:32 : 189,500,000 : 0 : 20,435,772,175 : 78%
2022-07-25 10:59:26 : 189,600,000 : 0 : 20,446,127,100 : 78%
2022-07-25 11:23:15 : 189,700,000 : 0 : 20,456,482,025 : 78%
2022-07-25 11:45:36 : 189,800,000 : 0 : 20,466,968,025 : 78%
2022-07-25 12:06:30 : 189,900,000 : 0 : 20,477,454,025 : 78%
2022-07-25 12:26:35 : 190,000,000 : 0 : 20,487,940,025 : 78%
2022-07-25 12:45:49 : 190,100,000 : 0 : 20,498,557,100 : 78%
2022-07-25 13:03:57 : 190,200,000 : 0 : 20,509,043,100 : 78%
2022-07-25 13:21:29 : 190,300,000 : 0 : 20,519,660,175 : 78%
2022-07-25 13:38:16 : 190,400,000 : 0 : 20,530,277,250 : 78%
2022-07-25 13:54:23 : 190,500,000 : 0 : 20,540,894,325 : 78%
2022-07-25 14:10:16 : 190,600,000 : 0 : 20,551,511,400 : 79%
2022-07-25 14:25:37 : 190,700,000 : 0 : 20,562,128,475 : 79%
2022-07-25 14:40:36 : 190,800,000 : 0 : 20,572,876,625 : 79%
2022-07-25 14:55:22 : 190,900,000 : 0 : 20,583,624,775 : 79%
2022-07-25 15:10:05 : 191,000,000 : 0 : 20,594,372,925 : 79%
2022-07-25 15:24:38 : 191,100,000 : 0 : 20,604,990,000 : 79%
2022-07-25 15:38:46 : 191,200,000 : 0 : 20,626,355,225 : 79%
2022-07-25 15:52:35 : 191,300,000 : 0 : 20,636,972,300 : 79%
2022-07-25 16:06:25 : 191,400,000 : 0 : 20,647,589,375 : 79%
2022-07-25 16:20:17 : 191,500,000 : 0 : 20,658,206,450 : 79%
2022-07-25 16:34:01 : 191,600,000 : 0 : 20,668,692,450 : 79%
2022-07-25 16:47:39 : 191,700,000 : 0 : 20,679,440,600 : 79%
2022-07-25 17:01:15 : 191,800,000 : 0 : 20,689,926,600 : 79%
2022-07-25 17:15:02 : 191,900,000 : 0 : 20,700,674,750 : 79%
2022-07-25 17:28:33 : 192,000,000 : 0 : 20,711,291,825 : 79%
2022-07-25 17:42:05 : 192,100,000 : 0 : 20,721,908,900 : 79%
2022-07-25 17:55:45 : 192,200,000 : 0 : 20,732,525,975 : 79%
2022-07-25 18:09:30 : 192,300,000 : 0 : 20,743,143,050 : 79%
2022-07-25 18:23:17 : 192,400,000 : 0 : 20,753,760,125 : 79%
2022-07-25 18:37:08 : 192,500,000 : 0 : 20,764,508,275 : 79%
2022-07-25 18:50:55 : 192,600,000 : 0 : 20,775,125,350 : 79%
2022-07-25 19:04:48 : 192,700,000 : 0 : 20,785,742,425 : 79%
2022-07-25 19:18:40 : 192,800,000 : 0 : 20,796,359,500 : 79%
2022-07-25 19:32:31 : 192,900,000 : 0 : 20,806,976,575 : 79%
2022-07-25 19:46:21 : 193,000,000 : 0 : 20,828,079,650 : 80%
2022-07-25 20:00:04 : 193,100,000 : 0 : 20,838,565,650 : 80%
2022-07-25 20:13:42 : 193,200,000 : 0 : 20,849,051,650 : 80%
2022-07-25 20:27:23 : 193,300,000 : 0 : 20,859,537,650 : 80%
2022-07-25 20:40:42 : 193,400,000 : 0 : 20,869,892,575 : 80%
2022-07-25 20:54:03 : 193,500,000 : 0 : 20,880,378,575 : 80%
2022-07-25 21:07:47 : 193,600,000 : 0 : 20,890,864,575 : 80%
2022-07-25 21:21:58 : 193,700,000 : 0 : 20,901,481,650 : 80%
2022-07-25 21:36:08 : 193,800,000 : 0 : 20,911,967,650 : 80%
2022-07-25 21:50:39 : 193,900,000 : 0 : 20,922,584,725 : 80%
2022-07-25 22:05:09 : 194,000,000 : 0 : 20,932,939,650 : 80%
2022-07-25 22:19:55 : 194,100,000 : 0 : 20,943,425,650 : 80%
2022-07-25 22:34:56 : 194,200,000 : 0 : 20,953,780,575 : 80%
2022-07-25 22:49:59 : 194,300,000 : 0 : 20,964,266,575 : 80%
2022-07-25 23:05:23 : 194,400,000 : 0 : 20,974,621,500 : 80%
2022-07-25 23:21:01 : 194,500,000 : 0 : 20,984,976,425 : 80%
2022-07-25 23:36:46 : 194,600,000 : 0 : 20,995,200,275 : 80%
2022-07-25 23:52:32 : 194,700,000 : 0 : 21,005,424,125 : 80%
2022-07-26 00:08:31 : 194,800,000 : 0 : 21,015,647,975 : 80%
2022-07-26 00:24:39 : 194,900,000 : 0 : 21,025,740,750 : 80%
2022-07-26 00:40:51 : 195,000,000 : 0 : 21,035,964,600 : 80%
2022-07-26 00:57:04 : 195,100,000 : 0 : 21,056,150,150 : 80%
2022-07-26 01:13:03 : 195,200,000 : 0 : 21,066,242,925 : 80%
2022-07-26 01:29:08 : 195,300,000 : 0 : 21,076,204,625 : 81%
2022-07-26 01:45:20 : 195,400,000 : 0 : 21,086,297,400 : 81%
2022-07-26 02:01:20 : 195,500,000 : 0 : 21,096,128,025 : 81%
2022-07-26 02:17:12 : 195,600,000 : 0 : 21,106,220,800 : 81%
2022-07-26 02:33:41 : 195,700,000 : 0 : 21,116,182,500 : 81%
2022-07-26 02:50:31 : 195,800,000 : 0 : 21,126,275,275 : 81%
2022-07-26 03:07:41 : 195,900,000 : 0 : 21,136,368,050 : 81%
2022-07-26 03:25:35 : 196,000,000 : 0 : 21,146,460,825 : 81%
2022-07-26 03:44:08 : 196,100,000 : 0 : 21,156,553,600 : 81%
2022-07-26 04:03:30 : 196,200,000 : 0 : 21,166,646,375 : 81%
2022-07-26 04:23:44 : 196,300,000 : 0 : 21,176,739,150 : 81%
2022-07-26 04:44:58 : 196,400,000 : 0 : 21,186,700,850 : 81%
2022-07-26 05:06:59 : 196,500,000 : 0 : 21,196,793,625 : 81%
2022-07-26 05:29:53 : 196,600,000 : 0 : 21,206,886,400 : 81%
2022-07-26 05:54:10 : 196,700,000 : 0 : 21,216,979,175 : 81%
2022-07-26 06:19:51 : 196,800,000 : 0 : 21,227,203,025 : 81%
2022-07-26 06:46:19 : 196,900,000 : 0 : 21,237,426,875 : 81%
2022-07-26 07:13:43 : 197,000,000 : 0 : 21,247,650,725 : 81%
2022-07-26 07:42:29 : 197,100,000 : 0 : 21,268,229,500 : 81%
2022-07-26 08:11:15 : 197,200,000 : 0 : 21,278,322,275 : 81%
2022-07-26 08:40:40 : 197,300,000 : 0 : 21,288,546,125 : 81%
2022-07-26 09:10:20 : 197,400,000 : 0 : 21,298,769,975 : 81%
2022-07-26 09:39:27 : 197,500,000 : 0 : 21,308,862,750 : 81%
2022-07-26 10:08:08 : 197,600,000 : 0 : 21,319,086,600 : 81%
2022-07-26 10:35:21 : 197,700,000 : 0 : 21,329,441,525 : 81%
2022-07-26 11:00:45 : 197,800,000 : 0 : 21,339,796,450 : 82%
2022-07-26 11:24:20 : 197,900,000 : 0 : 21,350,151,375 : 82%
2022-07-26 11:46:30 : 198,000,000 : 0 : 21,360,506,300 : 82%
2022-07-26 12:07:12 : 198,100,000 : 0 : 21,370,861,225 : 82%
2022-07-26 12:26:51 : 198,200,000 : 0 : 21,381,478,300 : 82%
2022-07-26 12:45:27 : 198,300,000 : 0 : 21,391,964,300 : 82%
2022-07-26 13:03:21 : 198,400,000 : 0 : 21,402,581,375 : 82%
2022-07-26 13:20:29 : 198,500,000 : 0 : 21,413,198,450 : 82%
2022-07-26 13:37:03 : 198,600,000 : 0 : 21,423,815,525 : 82%
2022-07-26 13:53:05 : 198,700,000 : 0 : 21,434,563,675 : 82%
2022-07-26 14:08:55 : 198,800,000 : 0 : 21,445,180,750 : 82%
2022-07-26 14:24:09 : 198,900,000 : 0 : 21,466,545,975 : 82%
2022-07-26 14:39:07 : 199,000,000 : 0 : 21,477,294,125 : 82%
2022-07-26 14:53:43 : 199,100,000 : 0 : 21,487,911,200 : 82%
2022-07-26 15:08:09 : 199,200,000 : 0 : 21,498,659,350 : 82%
2022-07-26 15:22:26 : 199,300,000 : 0 : 21,509,407,500 : 82%
2022-07-26 15:36:44 : 199,400,000 : 0 : 21,520,155,650 : 82%
2022-07-26 15:50:39 : 199,500,000 : 0 : 21,530,903,800 : 82%
2022-07-26 16:04:37 : 199,600,000 : 0 : 21,541,651,950 : 82%
2022-07-26 16:18:32 : 199,700,000 : 0 : 21,552,400,100 : 82%
2022-07-26 16:32:09 : 199,800,000 : 0 : 21,563,148,250 : 82%
2022-07-26 16:45:54 : 199,900,000 : 0 : 21,573,896,400 : 82%
2022-07-26 16:59:20 : 200,000,000 : 0 : 21,584,644,550 : 82%
2022-07-26 17:13:04 : 200,100,000 : 0 : 21,595,261,625 : 82%
2022-07-26 17:26:45 : 200,200,000 : 0 : 21,606,009,775 : 83%
2022-07-26 17:40:27 : 200,300,000 : 0 : 21,616,757,925 : 83%
2022-07-26 17:54:05 : 200,400,000 : 0 : 21,627,375,000 : 83%
2022-07-26 18:07:51 : 200,500,000 : 0 : 21,637,992,075 : 83%
2022-07-26 18:21:52 : 200,600,000 : 0 : 21,648,609,150 : 83%
2022-07-26 18:35:49 : 200,700,000 : 0 : 21,669,843,300 : 83%
2022-07-26 18:49:49 : 200,800,000 : 0 : 21,680,460,375 : 83%
2022-07-26 19:03:42 : 200,900,000 : 0 : 21,691,077,450 : 83%
2022-07-26 19:17:42 : 201,000,000 : 0 : 21,701,694,525 : 83%
2022-07-26 19:31:28 : 201,100,000 : 0 : 21,712,180,525 : 83%
2022-07-26 19:45:11 : 201,200,000 : 0 : 21,722,797,600 : 83%
2022-07-26 19:58:46 : 201,300,000 : 0 : 21,733,283,600 : 83%
2022-07-26 20:12:29 : 201,400,000 : 0 : 21,743,769,600 : 83%
2022-07-26 20:26:02 : 201,500,000 : 0 : 21,754,255,600 : 83%
2022-07-26 20:39:42 : 201,600,000 : 0 : 21,764,741,600 : 83%
2022-07-26 20:53:30 : 201,700,000 : 0 : 21,775,227,600 : 83%
2022-07-26 21:07:21 : 201,800,000 : 0 : 21,785,713,600 : 83%
2022-07-26 21:21:31 : 201,900,000 : 0 : 21,796,199,600 : 83%
2022-07-26 21:35:41 : 202,000,000 : 0 : 21,806,685,600 : 83%
2022-07-26 21:50:04 : 202,100,000 : 0 : 21,817,171,600 : 83%
2022-07-26 22:04:36 : 202,200,000 : 0 : 21,827,657,600 : 83%
2022-07-26 22:19:34 : 202,300,000 : 0 : 21,838,143,600 : 83%
2022-07-26 22:34:37 : 202,400,000 : 0 : 21,848,498,525 : 83%
2022-07-26 22:49:47 : 202,500,000 : 0 : 21,869,208,375 : 84%
2022-07-26 23:05:12 : 202,600,000 : 0 : 21,879,432,225 : 84%
2022-07-26 23:22:26 : 202,700,000 : 0 : 21,889,656,075 : 84%
2022-07-26 23:38:11 : 202,800,000 : 0 : 21,899,748,850 : 84%
2022-07-26 23:53:54 : 202,900,000 : 0 : 21,909,972,700 : 84%
2022-07-27 00:09:50 : 203,000,000 : 0 : 21,920,065,475 : 84%
2022-07-27 00:25:59 : 203,100,000 : 0 : 21,930,289,325 : 84%
2022-07-27 00:42:02 : 203,200,000 : 0 : 21,940,251,025 : 84%
2022-07-27 00:58:06 : 203,300,000 : 0 : 21,950,343,800 : 84%
2022-07-27 01:14:11 : 203,400,000 : 0 : 21,960,436,575 : 84%
2022-07-27 01:30:23 : 203,500,000 : 0 : 21,970,529,350 : 84%
2022-07-27 01:46:54 : 203,600,000 : 0 : 21,980,622,125 : 84%
2022-07-27 02:03:05 : 203,700,000 : 0 : 21,990,714,900 : 84%
2022-07-27 02:19:25 : 203,800,000 : 0 : 22,000,807,675 : 84%
2022-07-27 02:35:43 : 203,900,000 : 0 : 22,010,900,450 : 84%
2022-07-27 02:52:35 : 204,000,000 : 0 : 22,020,993,225 : 84%
2022-07-27 03:10:04 : 204,100,000 : 0 : 22,031,217,075 : 84%
2022-07-27 03:27:51 : 204,200,000 : 0 : 22,041,309,850 : 84%
2022-07-27 03:46:20 : 204,300,000 : 0 : 22,051,533,700 : 84%
2022-07-27 04:05:29 : 204,400,000 : 0 : 22,061,626,475 : 84%
2022-07-27 04:25:44 : 204,500,000 : 0 : 22,071,719,250 : 84%
2022-07-27 04:46:42 : 204,600,000 : 0 : 22,091,904,800 : 84%
2022-07-27 05:08:41 : 204,700,000 : 0 : 22,101,997,575 : 84%
2022-07-27 05:31:47 : 204,800,000 : 0 : 22,112,090,350 : 84%
2022-07-27 05:55:57 : 204,900,000 : 0 : 22,122,314,200 : 85%
2022-07-27 06:21:15 : 205,000,000 : 0 : 22,132,538,050 : 85%
2022-07-27 06:47:45 : 205,100,000 : 0 : 22,142,761,900 : 85%
2022-07-27 07:15:24 : 205,200,000 : 0 : 22,153,116,825 : 85%
2022-07-27 07:43:52 : 205,300,000 : 0 : 22,163,471,750 : 85%
2022-07-27 08:12:56 : 205,400,000 : 0 : 22,173,695,600 : 85%
2022-07-27 08:42:24 : 205,500,000 : 0 : 22,183,919,450 : 85%
2022-07-27 09:11:38 : 205,600,000 : 0 : 22,194,143,300 : 85%
2022-07-27 09:41:05 : 205,700,000 : 0 : 22,204,367,150 : 85%
2022-07-27 10:09:38 : 205,800,000 : 0 : 22,214,591,000 : 85%
2022-07-27 10:36:21 : 205,900,000 : 0 : 22,224,683,775 : 85%
2022-07-27 11:01:27 : 206,000,000 : 0 : 22,235,038,700 : 85%
2022-07-27 11:24:49 : 206,100,000 : 0 : 22,245,262,550 : 85%
2022-07-27 11:46:47 : 206,200,000 : 0 : 22,255,617,475 : 85%
2022-07-27 12:07:23 : 206,300,000 : 0 : 22,266,103,475 : 85%
2022-07-27 12:26:50 : 206,400,000 : 0 : 22,286,944,400 : 85%
2022-07-27 12:45:19 : 206,500,000 : 0 : 22,297,430,400 : 85%
2022-07-27 13:02:53 : 206,600,000 : 0 : 22,307,916,400 : 85%
2022-07-27 13:19:44 : 206,700,000 : 0 : 22,318,533,475 : 85%
2022-07-27 13:35:56 : 206,800,000 : 0 : 22,329,019,475 : 85%
2022-07-27 13:51:51 : 206,900,000 : 0 : 22,339,636,550 : 85%
2022-07-27 14:07:13 : 207,000,000 : 0 : 22,350,253,625 : 85%
2022-07-27 14:22:08 : 207,100,000 : 0 : 22,361,001,775 : 85%
2022-07-27 14:36:50 : 207,200,000 : 0 : 22,371,618,850 : 85%
2022-07-27 14:51:16 : 207,300,000 : 0 : 22,382,367,000 : 86%
2022-07-27 15:05:29 : 207,400,000 : 0 : 22,393,115,150 : 86%
2022-07-27 15:19:44 : 207,500,000 : 0 : 22,403,732,225 : 86%
2022-07-27 15:33:43 : 207,600,000 : 0 : 22,414,480,375 : 86%
2022-07-27 15:47:28 : 207,700,000 : 0 : 22,425,097,450 : 86%
2022-07-27 16:01:03 : 207,800,000 : 0 : 22,435,845,600 : 86%
2022-07-27 16:14:47 : 207,900,000 : 0 : 22,446,462,675 : 86%
2022-07-27 16:28:16 : 208,000,000 : 0 : 22,457,079,750 : 86%
2022-07-27 16:41:37 : 208,100,000 : 0 : 22,467,696,825 : 86%
2022-07-27 16:54:53 : 208,200,000 : 0 : 22,489,062,050 : 86%
2022-07-27 17:08:22 : 208,300,000 : 0 : 22,499,810,200 : 86%
2022-07-27 17:21:56 : 208,400,000 : 0 : 22,510,296,200 : 86%
2022-07-27 17:35:28 : 208,500,000 : 0 : 22,520,913,275 : 86%
2022-07-27 17:48:56 : 208,600,000 : 0 : 22,531,399,275 : 86%
2022-07-27 18:02:22 : 208,700,000 : 0 : 22,542,016,350 : 86%
2022-07-27 18:15:55 : 208,800,000 : 0 : 22,552,502,350 : 86%
2022-07-27 18:29:19 : 208,900,000 : 0 : 22,562,988,350 : 86%
2022-07-27 18:42:35 : 209,000,000 : 0 : 22,573,474,350 : 86%
2022-07-27 18:56:33 : 209,100,000 : 0 : 22,583,829,275 : 86%
2022-07-27 19:10:04 : 209,200,000 : 0 : 22,594,184,200 : 86%
2022-07-27 19:23:45 : 209,300,000 : 0 : 22,604,670,200 : 86%
2022-07-27 19:37:21 : 209,400,000 : 0 : 22,615,156,200 : 86%
2022-07-27 19:50:47 : 209,500,000 : 0 : 22,625,642,200 : 86%
2022-07-27 20:04:12 : 209,600,000 : 0 : 22,635,997,125 : 86%
2022-07-27 20:17:42 : 209,700,000 : 0 : 22,646,483,125 : 87%
2022-07-27 20:30:58 : 209,800,000 : 0 : 22,656,969,125 : 87%
2022-07-27 20:44:26 : 209,900,000 : 0 : 22,677,810,050 : 87%
2022-07-27 20:57:57 : 210,000,000 : 0 : 22,688,296,050 : 87%
2022-07-27 21:11:45 : 210,100,000 : 0 : 22,698,650,975 : 87%
2022-07-27 21:25:36 : 210,200,000 : 0 : 22,709,005,900 : 87%
2022-07-27 21:39:46 : 210,300,000 : 0 : 22,719,360,825 : 87%
2022-07-27 21:53:27 : 210,400,000 : 0 : 22,729,584,675 : 87%
2022-07-27 22:07:55 : 210,500,000 : 0 : 22,739,939,600 : 87%
2022-07-27 22:22:40 : 210,600,000 : 0 : 22,750,294,525 : 87%
2022-07-27 22:37:38 : 210,700,000 : 0 : 22,760,518,375 : 87%
2022-07-27 22:52:35 : 210,800,000 : 0 : 22,770,873,300 : 87%
2022-07-27 23:07:51 : 210,900,000 : 0 : 22,781,228,225 : 87%
2022-07-27 23:23:22 : 211,000,000 : 0 : 22,791,321,000 : 87%
2022-07-27 23:39:05 : 211,100,000 : 0 : 22,801,544,850 : 87%
2022-07-27 23:54:59 : 211,200,000 : 0 : 22,811,768,700 : 87%
2022-07-28 00:10:45 : 211,300,000 : 0 : 22,821,861,475 : 87%
2022-07-28 00:26:31 : 211,400,000 : 0 : 22,831,954,250 : 87%
2022-07-28 00:41:59 : 211,500,000 : 0 : 22,841,784,875 : 87%
2022-07-28 00:57:45 : 211,600,000 : 0 : 22,851,746,575 : 87%
2022-07-28 01:13:34 : 211,700,000 : 0 : 22,861,708,275 : 87%
2022-07-28 01:29:28 : 211,800,000 : 0 : 22,871,669,975 : 87%
2022-07-28 01:45:23 : 211,900,000 : 0 : 22,881,762,750 : 87%
2022-07-28 02:01:28 : 212,000,000 : 0 : 22,901,686,150 : 87%
2022-07-28 02:17:47 : 212,100,000 : 0 : 22,911,778,925 : 88%
2022-07-28 02:34:27 : 212,200,000 : 0 : 22,921,871,700 : 88%
2022-07-28 02:51:26 : 212,300,000 : 0 : 22,932,095,550 : 88%
2022-07-28 03:08:52 : 212,400,000 : 0 : 22,942,319,400 : 88%
2022-07-28 03:27:09 : 212,500,000 : 0 : 22,952,543,250 : 88%
2022-07-28 03:45:55 : 212,600,000 : 0 : 22,962,636,025 : 88%
2022-07-28 04:05:14 : 212,700,000 : 0 : 22,972,728,800 : 88%
2022-07-28 04:25:44 : 212,800,000 : 0 : 22,982,821,575 : 88%
2022-07-28 04:47:09 : 212,900,000 : 0 : 22,992,914,350 : 88%
2022-07-28 05:09:26 : 213,000,000 : 0 : 23,003,007,125 : 88%
2022-07-28 05:32:23 : 213,100,000 : 0 : 23,013,099,900 : 88%
2022-07-28 05:56:19 : 213,200,000 : 0 : 23,023,323,750 : 88%
2022-07-28 06:21:32 : 213,300,000 : 0 : 23,033,547,600 : 88%
2022-07-28 06:47:47 : 213,400,000 : 0 : 23,043,771,450 : 88%
2022-07-28 07:14:48 : 213,500,000 : 0 : 23,053,864,225 : 88%
2022-07-28 07:42:48 : 213,600,000 : 0 : 23,064,088,075 : 88%
2022-07-28 08:11:32 : 213,700,000 : 0 : 23,074,443,000 : 88%
2022-07-28 08:40:29 : 213,800,000 : 0 : 23,084,666,850 : 88%
2022-07-28 09:09:20 : 213,900,000 : 0 : 23,105,114,550 : 88%
2022-07-28 09:38:47 : 214,000,000 : 0 : 23,115,338,400 : 88%
2022-07-28 10:06:52 : 214,100,000 : 0 : 23,125,562,250 : 88%
2022-07-28 10:33:24 : 214,200,000 : 0 : 23,135,786,100 : 88%
2022-07-28 10:58:46 : 214,300,000 : 0 : 23,146,141,025 : 88%
2022-07-28 11:21:58 : 214,400,000 : 0 : 23,156,364,875 : 88%
2022-07-28 11:43:54 : 214,500,000 : 0 : 23,166,719,800 : 89%
2022-07-28 12:04:24 : 214,600,000 : 0 : 23,177,074,725 : 89%
2022-07-28 12:24:03 : 214,700,000 : 0 : 23,187,560,725 : 89%
2022-07-28 12:43:03 : 214,800,000 : 0 : 23,198,177,800 : 89%
2022-07-28 13:02:01 : 214,900,000 : 0 : 23,208,794,875 : 89%
2022-07-28 13:20:15 : 215,000,000 : 0 : 23,219,411,950 : 89%
2022-07-28 13:37:37 : 215,100,000 : 0 : 23,230,029,025 : 89%
2022-07-28 13:53:01 : 215,200,000 : 0 : 23,240,646,100 : 89%
2022-07-28 14:08:11 : 215,300,000 : 0 : 23,251,263,175 : 89%
2022-07-28 14:23:11 : 215,400,000 : 0 : 23,262,011,325 : 89%
2022-07-28 14:38:01 : 215,500,000 : 0 : 23,272,628,400 : 89%
2022-07-28 14:52:38 : 215,600,000 : 0 : 23,283,507,625 : 89%
2022-07-28 15:07:09 : 215,700,000 : 0 : 23,305,003,925 : 89%
2022-07-28 15:21:32 : 215,800,000 : 0 : 23,315,752,075 : 89%
2022-07-28 15:35:34 : 215,900,000 : 0 : 23,326,369,150 : 89%
2022-07-28 15:49:26 : 216,000,000 : 0 : 23,336,986,225 : 89%
2022-07-28 16:03:09 : 216,100,000 : 0 : 23,347,603,300 : 89%
2022-07-28 16:16:55 : 216,200,000 : 0 : 23,358,351,450 : 89%
2022-07-28 16:30:34 : 216,300,000 : 0 : 23,368,968,525 : 89%
2022-07-28 16:44:05 : 216,400,000 : 0 : 23,379,585,600 : 89%
2022-07-28 16:57:36 : 216,500,000 : 0 : 23,390,202,675 : 89%
2022-07-28 17:11:17 : 216,600,000 : 0 : 23,400,819,750 : 89%
2022-07-28 17:25:03 : 216,700,000 : 0 : 23,411,436,825 : 89%
2022-07-28 17:38:51 : 216,800,000 : 0 : 23,422,053,900 : 89%
2022-07-28 17:52:37 : 216,900,000 : 0 : 23,432,670,975 : 90%
2022-07-28 18:06:29 : 217,000,000 : 0 : 23,443,288,050 : 90%
2022-07-28 18:20:33 : 217,100,000 : 0 : 23,453,905,125 : 90%
2022-07-28 18:34:27 : 217,200,000 : 0 : 23,464,391,125 : 90%
2022-07-28 18:48:27 : 217,300,000 : 0 : 23,474,877,125 : 90%
2022-07-28 19:02:26 : 217,400,000 : 0 : 23,485,494,200 : 90%
2022-07-28 19:16:30 : 217,500,000 : 0 : 23,506,597,275 : 90%
2022-07-28 19:30:28 : 217,600,000 : 0 : 23,517,083,275 : 90%
2022-07-28 19:44:24 : 217,700,000 : 0 : 23,527,569,275 : 90%
2022-07-28 19:58:22 : 217,800,000 : 0 : 23,538,055,275 : 90%
2022-07-28 20:12:15 : 217,900,000 : 0 : 23,548,410,200 : 90%
2022-07-28 20:26:08 : 218,000,000 : 0 : 23,558,765,125 : 90%
2022-07-28 20:40:01 : 218,100,000 : 0 : 23,569,120,050 : 90%
2022-07-28 20:53:56 : 218,200,000 : 0 : 23,579,606,050 : 90%
2022-07-28 21:08:06 : 218,300,000 : 0 : 23,589,960,975 : 90%
2022-07-28 21:22:28 : 218,400,000 : 0 : 23,600,446,975 : 90%
2022-07-28 21:36:54 : 218,500,000 : 0 : 23,610,801,900 : 90%
2022-07-28 21:51:21 : 218,600,000 : 0 : 23,621,287,900 : 90%
2022-07-28 22:06:05 : 218,700,000 : 0 : 23,631,642,825 : 90%
2022-07-28 22:21:14 : 218,800,000 : 0 : 23,641,997,750 : 90%
2022-07-28 22:36:23 : 218,900,000 : 0 : 23,652,352,675 : 90%
2022-07-28 22:51:57 : 219,000,000 : 0 : 23,662,707,600 : 90%
2022-07-28 23:07:42 : 219,100,000 : 0 : 23,673,062,525 : 90%
2022-07-28 23:23:38 : 219,200,000 : 0 : 23,683,286,375 : 90%
2022-07-28 23:39:52 : 219,300,000 : 0 : 23,703,865,150 : 91%
2022-07-28 23:56:11 : 219,400,000 : 0 : 23,714,089,000 : 91%
2022-07-29 00:12:56 : 219,500,000 : 0 : 23,724,312,850 : 91%
2022-07-29 00:29:45 : 219,600,000 : 0 : 23,734,405,625 : 91%
2022-07-29 00:46:25 : 219,700,000 : 0 : 23,744,498,400 : 91%
2022-07-29 01:03:03 : 219,800,000 : 0 : 23,754,591,175 : 91%
2022-07-29 01:19:42 : 219,900,000 : 0 : 23,764,552,875 : 91%
2022-07-29 01:36:03 : 220,000,000 : 0 : 23,774,514,575 : 91%
2022-07-29 01:52:18 : 220,100,000 : 0 : 23,784,607,350 : 91%
2022-07-29 02:08:43 : 220,200,000 : 0 : 23,794,569,050 : 91%
2022-07-29 02:25:32 : 220,300,000 : 0 : 23,804,661,825 : 91%
2022-07-29 02:42:39 : 220,400,000 : 0 : 23,814,754,600 : 91%
2022-07-29 03:00:04 : 220,500,000 : 0 : 23,824,978,450 : 91%
2022-07-29 03:17:51 : 220,600,000 : 0 : 23,835,071,225 : 91%
2022-07-29 03:36:11 : 220,700,000 : 0 : 23,845,164,000 : 91%
2022-07-29 03:55:00 : 220,800,000 : 0 : 23,855,125,700 : 91%
2022-07-29 04:14:27 : 220,900,000 : 0 : 23,865,218,475 : 91%
2022-07-29 04:34:27 : 221,000,000 : 0 : 23,875,180,175 : 91%
2022-07-29 04:55:24 : 221,100,000 : 0 : 23,885,141,875 : 91%
2022-07-29 05:17:09 : 221,200,000 : 0 : 23,895,103,575 : 91%
2022-07-29 05:39:44 : 221,300,000 : 0 : 23,905,065,275 : 91%
2022-07-29 06:03:07 : 221,400,000 : 0 : 23,924,988,675 : 91%
2022-07-29 06:27:29 : 221,500,000 : 0 : 23,935,212,525 : 91%
2022-07-29 06:52:37 : 221,600,000 : 0 : 23,945,305,300 : 91%
2022-07-29 07:18:58 : 221,700,000 : 0 : 23,955,398,075 : 92%
2022-07-29 07:46:26 : 221,800,000 : 0 : 23,965,753,000 : 92%
2022-07-29 08:14:49 : 221,900,000 : 0 : 23,975,976,850 : 92%
2022-07-29 08:43:44 : 222,000,000 : 0 : 23,986,200,700 : 92%
2022-07-29 09:13:03 : 222,100,000 : 0 : 23,996,424,550 : 92%
2022-07-29 09:41:43 : 222,200,000 : 0 : 24,006,648,400 : 92%
2022-07-29 10:09:36 : 222,300,000 : 0 : 24,016,872,250 : 92%
2022-07-29 10:35:44 : 222,400,000 : 0 : 24,027,096,100 : 92%
2022-07-29 11:00:22 : 222,500,000 : 0 : 24,037,451,025 : 92%
2022-07-29 11:23:32 : 222,600,000 : 0 : 24,047,674,875 : 92%
2022-07-29 11:45:20 : 222,700,000 : 0 : 24,058,029,800 : 92%
2022-07-29 12:05:50 : 222,800,000 : 0 : 24,068,515,800 : 92%
2022-07-29 12:25:19 : 222,900,000 : 0 : 24,079,132,875 : 92%
2022-07-29 12:43:44 : 223,000,000 : 0 : 24,089,618,875 : 92%
2022-07-29 13:01:22 : 223,100,000 : 0 : 24,100,235,950 : 92%
2022-07-29 13:18:28 : 223,200,000 : 0 : 24,110,721,950 : 92%
2022-07-29 13:34:51 : 223,300,000 : 0 : 24,121,339,025 : 92%
2022-07-29 13:50:37 : 223,400,000 : 0 : 24,142,573,175 : 92%
2022-07-29 14:06:00 : 223,500,000 : 0 : 24,153,190,250 : 92%
2022-07-29 14:20:49 : 223,600,000 : 0 : 24,163,807,325 : 92%
2022-07-29 14:35:22 : 223,700,000 : 0 : 24,174,424,400 : 92%
2022-07-29 14:49:35 : 223,800,000 : 0 : 24,185,041,475 : 92%
2022-07-29 15:03:39 : 223,900,000 : 0 : 24,195,527,475 : 92%
2022-07-29 15:17:45 : 224,000,000 : 0 : 24,206,144,550 : 92%
2022-07-29 15:31:40 : 224,100,000 : 0 : 24,216,761,625 : 93%
2022-07-29 15:45:26 : 224,200,000 : 0 : 24,227,378,700 : 93%
2022-07-29 15:59:11 : 224,300,000 : 0 : 24,237,995,775 : 93%
2022-07-29 16:12:59 : 224,400,000 : 0 : 24,248,612,850 : 93%
2022-07-29 16:26:42 : 224,500,000 : 0 : 24,259,229,925 : 93%
2022-07-29 16:40:28 : 224,600,000 : 0 : 24,269,715,925 : 93%
2022-07-29 16:54:18 : 224,700,000 : 0 : 24,280,464,075 : 93%
2022-07-29 17:08:09 : 224,800,000 : 0 : 24,290,950,075 : 93%
2022-07-29 17:22:10 : 224,900,000 : 0 : 24,301,567,150 : 93%
2022-07-29 17:36:06 : 225,000,000 : 0 : 24,312,184,225 : 93%
2022-07-29 17:50:08 : 225,100,000 : 0 : 24,322,670,225 : 93%
2022-07-29 18:04:25 : 225,200,000 : 0 : 24,333,418,375 : 93%
2022-07-29 18:18:49 : 225,300,000 : 0 : 24,354,652,525 : 93%
2022-07-29 18:33:05 : 225,400,000 : 0 : 24,365,138,525 : 93%
2022-07-29 18:47:24 : 225,500,000 : 0 : 24,375,755,600 : 93%
2022-07-29 19:01:43 : 225,600,000 : 0 : 24,386,372,675 : 93%
2022-07-29 19:16:10 : 225,700,000 : 0 : 24,396,989,750 : 93%
2022-07-29 19:30:32 : 225,800,000 : 0 : 24,407,475,750 : 93%
2022-07-29 19:45:03 : 225,900,000 : 0 : 24,417,961,750 : 93%
2022-07-29 19:59:38 : 226,000,000 : 0 : 24,428,578,825 : 93%
2022-07-29 20:14:15 : 226,100,000 : 0 : 24,439,064,825 : 93%
2022-07-29 20:28:58 : 226,200,000 : 0 : 24,449,550,825 : 93%
2022-07-29 20:43:41 : 226,300,000 : 0 : 24,460,036,825 : 93%
2022-07-29 20:58:34 : 226,400,000 : 0 : 24,470,391,750 : 93%
2022-07-29 21:13:39 : 226,500,000 : 0 : 24,480,877,750 : 94%
2022-07-29 21:28:48 : 226,600,000 : 0 : 24,491,363,750 : 94%
2022-07-29 21:43:54 : 226,700,000 : 0 : 24,501,718,675 : 94%
2022-07-29 21:59:10 : 226,800,000 : 0 : 24,512,073,600 : 94%
2022-07-29 22:14:47 : 226,900,000 : 0 : 24,522,428,525 : 94%
2022-07-29 22:30:39 : 227,000,000 : 0 : 24,532,652,375 : 94%
2022-07-29 22:46:41 : 227,100,000 : 0 : 24,542,876,225 : 94%
2022-07-29 23:02:48 : 227,200,000 : 0 : 24,553,100,075 : 94%
2022-07-29 23:19:15 : 227,300,000 : 0 : 24,563,323,925 : 94%
2022-07-29 23:35:51 : 227,400,000 : 0 : 24,583,509,475 : 94%
2022-07-29 23:52:47 : 227,500,000 : 0 : 24,593,602,250 : 94%
2022-07-30 00:09:58 : 227,600,000 : 0 : 24,603,695,025 : 94%
2022-07-30 00:27:13 : 227,700,000 : 0 : 24,613,656,725 : 94%
2022-07-30 00:44:12 : 227,800,000 : 0 : 24,623,618,425 : 94%
2022-07-30 01:01:20 : 227,900,000 : 0 : 24,633,580,125 : 94%
2022-07-30 01:18:39 : 228,000,000 : 0 : 24,643,410,750 : 94%
2022-07-30 01:35:51 : 228,100,000 : 0 : 24,653,503,525 : 94%
2022-07-30 01:53:24 : 228,200,000 : 0 : 24,663,334,150 : 94%
2022-07-30 02:10:56 : 228,300,000 : 0 : 24,673,295,850 : 94%
2022-07-30 02:28:41 : 228,400,000 : 0 : 24,682,995,400 : 94%
2022-07-30 02:46:31 : 228,500,000 : 0 : 24,692,957,100 : 94%
2022-07-30 03:04:46 : 228,600,000 : 0 : 24,702,787,725 : 94%
2022-07-30 03:23:42 : 228,700,000 : 0 : 24,712,749,425 : 94%
2022-07-30 03:43:11 : 228,800,000 : 0 : 24,722,580,050 : 94%
2022-07-30 04:03:29 : 228,900,000 : 0 : 24,732,410,675 : 94%
2022-07-30 04:24:38 : 229,000,000 : 0 : 24,742,503,450 : 95%
2022-07-30 04:46:41 : 229,100,000 : 0 : 24,752,465,150 : 95%
2022-07-30 05:09:44 : 229,200,000 : 0 : 24,762,295,775 : 95%
2022-07-30 05:33:46 : 229,300,000 : 0 : 24,772,257,475 : 95%
2022-07-30 05:59:09 : 229,400,000 : 0 : 24,782,350,250 : 95%
2022-07-30 06:25:32 : 229,500,000 : 0 : 24,792,443,025 : 95%
2022-07-30 06:52:39 : 229,600,000 : 0 : 24,802,404,725 : 95%
2022-07-30 07:20:53 : 229,700,000 : 0 : 24,822,590,275 : 95%
2022-07-30 07:49:39 : 229,800,000 : 0 : 24,832,683,050 : 95%
2022-07-30 08:19:28 : 229,900,000 : 0 : 24,842,775,825 : 95%
2022-07-30 08:49:41 : 230,000,000 : 0 : 24,852,737,525 : 95%
2022-07-30 09:20:23 : 230,100,000 : 0 : 24,862,830,300 : 95%
2022-07-30 09:50:40 : 230,200,000 : 0 : 24,872,792,000 : 95%
2022-07-30 10:20:52 : 230,300,000 : 0 : 24,882,884,775 : 95%
2022-07-30 10:49:29 : 230,400,000 : 0 : 24,892,846,475 : 95%
2022-07-30 11:16:43 : 230,500,000 : 0 : 24,903,070,325 : 95%
2022-07-30 11:42:06 : 230,600,000 : 0 : 24,913,163,100 : 95%
2022-07-30 12:05:31 : 230,700,000 : 0 : 24,923,386,950 : 95%
2022-07-30 12:27:43 : 230,800,000 : 0 : 24,933,610,800 : 95%
2022-07-30 12:48:37 : 230,900,000 : 0 : 24,943,834,650 : 95%
2022-07-30 13:08:43 : 231,000,000 : 0 : 24,954,189,575 : 95%
2022-07-30 13:28:10 : 231,100,000 : 0 : 24,964,413,425 : 95%
2022-07-30 13:46:43 : 231,200,000 : 0 : 24,974,899,425 : 95%
2022-07-30 14:04:54 : 231,300,000 : 0 : 24,985,385,425 : 95%
2022-07-30 14:22:31 : 231,400,000 : 0 : 24,995,740,350 : 95%
2022-07-30 14:39:41 : 231,500,000 : 0 : 25,006,095,275 : 96%
2022-07-30 14:56:18 : 231,600,000 : 0 : 25,016,581,275 : 96%
2022-07-30 15:12:16 : 231,700,000 : 0 : 25,026,936,200 : 96%
2022-07-30 15:28:40 : 231,800,000 : 0 : 25,037,422,200 : 96%
2022-07-30 15:44:48 : 231,900,000 : 0 : 25,047,908,200 : 96%
2022-07-30 16:00:49 : 232,000,000 : 0 : 25,069,011,275 : 96%
2022-07-30 16:16:55 : 232,100,000 : 0 : 25,079,628,350 : 96%
2022-07-30 16:32:51 : 232,200,000 : 0 : 25,090,114,350 : 96%
2022-07-30 16:48:47 : 232,300,000 : 0 : 25,100,600,350 : 96%
2022-07-30 17:04:35 : 232,400,000 : 0 : 25,111,086,350 : 96%
2022-07-30 17:20:37 : 232,500,000 : 0 : 25,121,572,350 : 96%
2022-07-30 17:36:32 : 232,600,000 : 0 : 25,131,927,275 : 96%
2022-07-30 17:52:11 : 232,700,000 : 0 : 25,142,282,200 : 96%
2022-07-30 18:07:32 : 232,800,000 : 0 : 25,152,637,125 : 96%
2022-07-30 18:23:17 : 232,900,000 : 0 : 25,162,992,050 : 96%
2022-07-30 18:39:01 : 233,000,000 : 0 : 25,173,215,900 : 96%
2022-07-30 18:54:38 : 233,100,000 : 0 : 25,183,439,750 : 96%
2022-07-30 19:10:31 : 233,200,000 : 0 : 25,193,663,600 : 96%
2022-07-30 19:26:25 : 233,300,000 : 0 : 25,203,887,450 : 96%
2022-07-30 19:42:22 : 233,400,000 : 0 : 25,214,242,375 : 96%
2022-07-30 19:58:33 : 233,500,000 : 0 : 25,224,466,225 : 96%
2022-07-30 20:14:40 : 233,600,000 : 0 : 25,234,690,075 : 96%
2022-07-30 20:30:36 : 233,700,000 : 0 : 25,244,782,850 : 96%
2022-07-30 20:46:37 : 233,800,000 : 0 : 25,254,875,625 : 96%
2022-07-30 21:02:59 : 233,900,000 : 0 : 25,265,099,475 : 97%
2022-07-30 21:19:16 : 234,000,000 : 0 : 25,275,192,250 : 97%
2022-07-30 21:35:38 : 234,100,000 : 0 : 25,285,416,100 : 97%
2022-07-30 21:52:00 : 234,200,000 : 0 : 25,295,639,950 : 97%
2022-07-30 22:08:46 : 234,300,000 : 0 : 25,316,218,725 : 97%
2022-07-30 22:25:52 : 234,400,000 : 0 : 25,326,311,500 : 97%
2022-07-30 22:42:41 : 234,500,000 : 0 : 25,336,404,275 : 97%
2022-07-30 22:59:32 : 234,600,000 : 0 : 25,346,497,050 : 97%
2022-07-30 23:16:43 : 234,700,000 : 0 : 25,356,720,900 : 97%
2022-07-30 23:34:15 : 234,800,000 : 0 : 25,366,813,675 : 97%
2022-07-30 23:51:51 : 234,900,000 : 0 : 25,377,037,525 : 97%
2022-07-31 00:09:36 : 235,000,000 : 0 : 25,386,999,225 : 97%
2022-07-31 00:27:19 : 235,100,000 : 0 : 25,396,960,925 : 97%
2022-07-31 00:44:33 : 235,200,000 : 0 : 25,406,922,625 : 97%
2022-07-31 01:01:53 : 235,300,000 : 0 : 25,416,884,325 : 97%
2022-07-31 01:19:46 : 235,400,000 : 0 : 25,426,846,025 : 97%
2022-07-31 01:37:28 : 235,500,000 : 0 : 25,436,676,650 : 97%
2022-07-31 01:55:23 : 235,600,000 : 0 : 25,446,507,275 : 97%
2022-07-31 02:13:07 : 235,700,000 : 0 : 25,456,468,975 : 97%
2022-07-31 02:31:18 : 235,800,000 : 0 : 25,466,299,600 : 97%
2022-07-31 02:49:13 : 235,900,000 : 0 : 25,476,130,225 : 97%
2022-07-31 03:07:19 : 236,000,000 : 0 : 25,485,960,850 : 97%
2022-07-31 03:25:41 : 236,100,000 : 0 : 25,495,791,475 : 97%
2022-07-31 03:44:31 : 236,200,000 : 0 : 25,505,491,025 : 97%
2022-07-31 04:04:04 : 236,300,000 : 0 : 25,515,321,650 : 97%
2022-07-31 04:24:48 : 236,400,000 : 0 : 25,525,152,275 : 98%
2022-07-31 04:46:09 : 236,500,000 : 0 : 25,534,851,825 : 98%
2022-07-31 05:08:19 : 236,600,000 : 0 : 25,544,682,450 : 98%
2022-07-31 05:31:54 : 236,700,000 : 0 : 25,564,212,625 : 98%
2022-07-31 05:56:31 : 236,800,000 : 0 : 25,574,174,325 : 98%
2022-07-31 06:22:52 : 236,900,000 : 0 : 25,584,136,025 : 98%
2022-07-31 06:49:50 : 237,000,000 : 0 : 25,594,097,725 : 98%
2022-07-31 07:18:03 : 237,100,000 : 0 : 25,604,190,500 : 98%
2022-07-31 07:46:44 : 237,200,000 : 0 : 25,614,152,200 : 98%
2022-07-31 08:15:34 : 237,300,000 : 0 : 25,624,113,900 : 98%
2022-07-31 08:44:58 : 237,400,000 : 0 : 25,634,206,675 : 98%
2022-07-31 09:14:51 : 237,500,000 : 0 : 25,644,299,450 : 98%
2022-07-31 09:44:52 : 237,600,000 : 0 : 25,654,261,150 : 98%
2022-07-31 10:15:11 : 237,700,000 : 0 : 25,664,353,925 : 98%
2022-07-31 10:44:51 : 237,800,000 : 0 : 25,674,446,700 : 98%
2022-07-31 11:13:01 : 237,900,000 : 0 : 25,684,539,475 : 98%
2022-07-31 11:39:15 : 238,000,000 : 0 : 25,694,763,325 : 98%
2022-07-31 12:03:18 : 238,100,000 : 0 : 25,704,856,100 : 98%
2022-07-31 12:26:15 : 238,200,000 : 0 : 25,715,211,025 : 98%
2022-07-31 12:47:39 : 238,300,000 : 0 : 25,725,434,875 : 98%
2022-07-31 13:07:40 : 238,400,000 : 0 : 25,735,527,650 : 98%
2022-07-31 13:26:59 : 238,500,000 : 0 : 25,745,751,500 : 98%
2022-07-31 13:45:16 : 238,600,000 : 0 : 25,755,975,350 : 98%
2022-07-31 14:02:36 : 238,700,000 : 0 : 25,766,068,125 : 98%
2022-07-31 14:19:13 : 238,800,000 : 0 : 25,776,291,975 : 98%
2022-07-31 14:35:12 : 238,900,000 : 0 : 25,796,477,525 : 99%
2022-07-31 14:51:03 : 239,000,000 : 0 : 25,806,832,450 : 99%
2022-07-31 15:06:38 : 239,100,000 : 0 : 25,817,318,450 : 99%
2022-07-31 15:22:16 : 239,200,000 : 0 : 25,827,673,375 : 99%
2022-07-31 15:37:46 : 239,300,000 : 0 : 25,838,159,375 : 99%
2022-07-31 15:53:03 : 239,400,000 : 0 : 25,848,645,375 : 99%
2022-07-31 16:08:20 : 239,500,000 : 0 : 25,859,000,300 : 99%
2022-07-31 16:23:43 : 239,600,000 : 0 : 25,869,486,300 : 99%
2022-07-31 16:38:54 : 239,700,000 : 0 : 25,879,841,225 : 99%
2022-07-31 16:53:57 : 239,800,000 : 0 : 25,890,327,225 : 99%
2022-07-31 17:08:54 : 239,900,000 : 0 : 25,900,682,150 : 99%
2022-07-31 17:23:59 : 240,000,000 : 0 : 25,911,168,150 : 99%
2022-07-31 17:39:11 : 240,100,000 : 0 : 25,921,523,075 : 99%
2022-07-31 17:54:22 : 240,200,000 : 0 : 25,931,878,000 : 99%
2022-07-31 18:09:29 : 240,300,000 : 0 : 25,942,232,925 : 99%
2022-07-31 18:24:34 : 240,400,000 : 0 : 25,952,587,850 : 99%
2022-07-31 18:39:34 : 240,500,000 : 0 : 25,962,811,700 : 99%
2022-07-31 18:54:33 : 240,600,000 : 0 : 25,973,166,625 : 99%
2022-07-31 19:09:48 : 240,700,000 : 0 : 25,983,521,550 : 99%
2022-07-31 19:25:21 : 240,800,000 : 0 : 25,993,876,475 : 99%
2022-07-31 19:40:52 : 240,900,000 : 0 : 26,014,455,250 : 99%
2022-07-31 19:56:28 : 241,000,000 : 0 : 26,024,810,175 : 99%
2022-07-31 20:12:02 : 241,100,000 : 0 : 26,035,165,100 : 99%
2022-07-31 20:27:34 : 241,200,000 : 0 : 26,045,388,950 : 99%
2022-07-31 20:42:57 : 241,300,000 : 0 : 26,055,612,800 : 100%
2022-07-31 20:58:28 : 241,400,000 : 0 : 26,065,836,650 : 100%
2022-07-31 21:13:46 : 241,500,000 : 0 : 26,075,929,425 : 100%
2022-07-31 21:29:13 : 241,600,000 : 0 : 26,086,153,275 : 100%
2022-07-31 21:44:50 : 241,700,000 : 0 : 26,096,377,125 : 100%
2022-07-31 22:00:46 : 241,800,000 : 0 : 26,106,600,975 : 100%
2022-07-31 22:17:02 : 241,900,000 : 0 : 26,116,824,825 : 100%
2022-07-31 22:33:31 : 242,000,000 : 0 : 26,127,048,675 : 100%
2022-07-31 22:50:18 : 242,100,000 : 0 : 26,137,272,525 : 100%
2022-07-31 23:07:11 : 242,200,000 : 0 : 26,147,496,375 : 100%
2022-07-31 23:24:20 : 242,300,000 : 0 : 26,157,720,225 : 100%
2022-07-31 23:41:47 : 242,400,000 : 0 : 26,167,944,075 : 100%
2022-07-31 23:59:16 : 242,500,000 : 0 : 26,176,351,341 : 100%
2022-08-01 00:17:33 : 100,000 : 0 : 23,855,650 : 0%
2022-08-01 00:35:09 : 200,000 : 0 : 35,390,250 : 0%
2022-08-01 00:52:59 : 300,000 : 0 : 46,793,775 : 0%
2022-08-01 01:10:48 : 400,000 : 0 : 58,066,225 : 0%
2022-08-01 01:28:48 : 500,000 : 0 : 69,207,600 : 0%
2022-08-01 01:46:48 : 600,000 : 0 : 80,480,050 : 0%
2022-08-01 02:04:43 : 700,000 : 0 : 91,490,350 : 0%
2022-08-01 02:23:04 : 800,000 : 0 : 102,631,725 : 0%
2022-08-01 02:41:38 : 900,000 : 0 : 113,773,100 : 0%
2022-08-01 03:00:26 : 1,000,000 : 0 : 124,783,400 : 0%
2022-08-01 03:20:02 : 1,100,000 : 0 : 135,924,775 : 0%
2022-08-01 03:40:04 : 1,200,000 : 0 : 146,935,075 : 1%
2022-08-01 04:00:50 : 1,300,000 : 0 : 158,076,450 : 1%
2022-08-01 04:22:24 : 1,400,000 : 0 : 169,086,750 : 1%
2022-08-01 04:44:56 : 1,500,000 : 0 : 180,097,050 : 1%
2022-08-01 05:08:30 : 1,600,000 : 0 : 191,107,350 : 1%
2022-08-01 05:33:21 : 1,700,000 : 0 : 201,986,575 : 1%
2022-08-01 05:59:15 : 1,800,000 : 0 : 212,996,875 : 1%
2022-08-01 06:26:28 : 1,900,000 : 0 : 224,138,250 : 1%
2022-08-01 06:54:59 : 2,000,000 : 0 : 246,421,000 : 1%
2022-08-01 07:24:19 : 2,100,000 : 0 : 257,693,450 : 1%
2022-08-01 07:54:46 : 2,200,000 : 0 : 268,834,825 : 1%
2022-08-01 08:25:13 : 2,300,000 : 0 : 279,976,200 : 1%
2022-08-01 08:55:45 : 2,400,000 : 0 : 291,248,650 : 1%
2022-08-01 09:26:47 : 2,500,000 : 0 : 302,521,100 : 1%
2022-08-01 09:57:47 : 2,600,000 : 0 : 313,662,475 : 1%
2022-08-01 10:27:20 : 2,700,000 : 0 : 324,803,850 : 1%
2022-08-01 10:54:44 : 2,800,000 : 0 : 336,076,300 : 1%
2022-08-01 11:20:32 : 2,900,000 : 0 : 347,348,750 : 1%
2022-08-01 11:44:08 : 3,000,000 : 0 : 358,752,275 : 1%
2022-08-01 12:06:24 : 3,100,000 : 0 : 370,024,725 : 1%
2022-08-01 12:27:25 : 3,200,000 : 0 : 381,428,250 : 1%
2022-08-01 12:47:02 : 3,300,000 : 0 : 392,831,775 : 1%
2022-08-01 13:05:37 : 3,400,000 : 0 : 404,235,300 : 1%
2022-08-01 13:23:28 : 3,500,000 : 0 : 415,638,825 : 1%
2022-08-01 13:40:33 : 3,600,000 : 0 : 427,042,350 : 1%
2022-08-01 13:56:57 : 3,700,000 : 0 : 438,708,025 : 2%
2022-08-01 14:12:58 : 3,800,000 : 0 : 450,242,625 : 2%
2022-08-01 14:28:46 : 3,900,000 : 0 : 473,442,900 : 2%
2022-08-01 14:44:17 : 4,000,000 : 0 : 484,977,500 : 2%
2022-08-01 14:59:30 : 4,100,000 : 0 : 496,512,100 : 2%
2022-08-01 15:14:34 : 4,200,000 : 0 : 508,177,775 : 2%
2022-08-01 15:29:19 : 4,300,000 : 0 : 519,843,450 : 2%
2022-08-01 15:43:50 : 4,400,000 : 0 : 531,378,050 : 2%
2022-08-01 15:58:09 : 4,500,000 : 0 : 542,912,650 : 2%
2022-08-01 16:12:21 : 4,600,000 : 0 : 554,447,250 : 2%
2022-08-01 16:26:19 : 4,700,000 : 0 : 565,981,850 : 2%
2022-08-01 16:40:17 : 4,800,000 : 0 : 577,516,450 : 2%
2022-08-01 16:54:02 : 4,900,000 : 0 : 589,051,050 : 2%
2022-08-01 17:07:55 : 5,000,000 : 0 : 600,585,650 : 2%
2022-08-01 17:21:50 : 5,100,000 : 0 : 612,120,250 : 2%
2022-08-01 17:35:34 : 5,200,000 : 0 : 623,654,850 : 2%
2022-08-01 17:49:19 : 5,300,000 : 0 : 635,189,450 : 2%
2022-08-01 18:03:03 : 5,400,000 : 0 : 646,724,050 : 2%
2022-08-01 18:17:20 : 5,500,000 : 0 : 658,389,725 : 2%
2022-08-01 18:31:27 : 5,600,000 : 0 : 669,924,325 : 2%
2022-08-01 18:45:27 : 5,700,000 : 0 : 681,327,850 : 2%
2022-08-01 18:59:32 : 5,800,000 : 0 : 692,731,375 : 2%
2022-08-01 19:13:50 : 5,900,000 : 0 : 715,669,500 : 2%
2022-08-01 19:28:06 : 6,000,000 : 0 : 727,204,100 : 3%
2022-08-01 19:42:05 : 6,100,000 : 0 : 738,476,550 : 3%
2022-08-01 19:56:05 : 6,200,000 : 0 : 749,880,075 : 3%
2022-08-01 20:10:02 : 6,300,000 : 0 : 761,152,525 : 3%
2022-08-01 20:23:55 : 6,400,000 : 0 : 772,293,900 : 3%
2022-08-01 20:37:36 : 6,500,000 : 0 : 783,173,125 : 3%
2022-08-01 20:51:22 : 6,600,000 : 0 : 794,314,500 : 3%
2022-08-01 21:05:12 : 6,700,000 : 0 : 805,586,950 : 3%
2022-08-01 21:19:20 : 6,800,000 : 0 : 816,597,250 : 3%
2022-08-01 21:33:21 : 6,900,000 : 0 : 827,738,625 : 3%
2022-08-01 21:47:40 : 7,000,000 : 0 : 839,142,150 : 3%
2022-08-01 22:02:21 : 7,100,000 : 0 : 850,414,600 : 3%
2022-08-01 22:17:31 : 7,200,000 : 0 : 861,687,050 : 3%
2022-08-01 22:32:45 : 7,300,000 : 0 : 872,959,500 : 3%
2022-08-01 22:48:10 : 7,400,000 : 0 : 884,231,950 : 3%
2022-08-01 23:03:46 : 7,500,000 : 0 : 895,504,400 : 3%
2022-08-01 23:19:40 : 7,600,000 : 0 : 906,645,775 : 3%
2022-08-01 23:35:43 : 7,700,000 : 0 : 917,918,225 : 3%
2022-08-01 23:52:00 : 7,800,000 : 0 : 929,059,600 : 3%
2022-08-02 00:08:24 : 7,900,000 : 0 : 940,069,900 : 3%
2022-08-02 00:24:37 : 8,000,000 : 0 : 962,090,500 : 3%
2022-08-02 00:40:56 : 8,100,000 : 0 : 972,969,725 : 3%
2022-08-02 00:57:11 : 8,200,000 : 0 : 983,848,950 : 3%
2022-08-02 01:13:25 : 8,300,000 : 0 : 994,728,175 : 3%
2022-08-02 01:29:44 : 8,400,000 : 0 : 1,005,607,400 : 3%
2022-08-02 01:45:51 : 8,500,000 : 0 : 1,016,486,625 : 4%
2022-08-02 02:02:11 : 8,600,000 : 0 : 1,027,496,925 : 4%
2022-08-02 02:18:44 : 8,700,000 : 0 : 1,038,376,150 : 4%
2022-08-02 02:35:24 : 8,800,000 : 0 : 1,049,255,375 : 4%
2022-08-02 02:52:34 : 8,900,000 : 0 : 1,060,265,675 : 4%
2022-08-02 03:10:18 : 9,000,000 : 0 : 1,071,275,975 : 4%
2022-08-02 03:28:31 : 9,100,000 : 0 : 1,082,155,200 : 4%
2022-08-02 03:47:34 : 9,200,000 : 0 : 1,093,296,575 : 4%
2022-08-02 04:07:28 : 9,300,000 : 0 : 1,104,306,875 : 4%
2022-08-02 04:28:16 : 9,400,000 : 0 : 1,115,317,175 : 4%
2022-08-02 04:50:00 : 9,500,000 : 0 : 1,126,327,475 : 4%
2022-08-02 05:12:42 : 9,600,000 : 0 : 1,137,337,775 : 4%
2022-08-02 05:36:41 : 9,700,000 : 0 : 1,148,479,150 : 4%
2022-08-02 06:01:27 : 9,800,000 : 0 : 1,159,358,375 : 4%
2022-08-02 06:27:59 : 9,900,000 : 0 : 1,170,630,825 : 4%
2022-08-02 06:55:22 : 10,000,000 : 0 : 1,181,772,200 : 4%
2022-08-02 07:23:52 : 10,100,000 : 0 : 1,192,913,575 : 4%
2022-08-02 07:53:30 : 10,200,000 : 0 : 1,204,186,025 : 4%
2022-08-02 08:23:26 : 10,300,000 : 0 : 1,226,730,925 : 4%
2022-08-02 08:53:53 : 10,400,000 : 0 : 1,237,872,300 : 4%
2022-08-02 09:23:46 : 10,500,000 : 0 : 1,249,144,750 : 4%
2022-08-02 09:53:41 : 10,600,000 : 0 : 1,260,417,200 : 4%
2022-08-02 10:22:33 : 10,700,000 : 0 : 1,271,558,575 : 4%
2022-08-02 10:49:39 : 10,800,000 : 0 : 1,282,831,025 : 4%
2022-08-02 11:14:43 : 10,900,000 : 0 : 1,294,103,475 : 4%
2022-08-02 11:38:03 : 11,000,000 : 0 : 1,305,507,000 : 5%
2022-08-02 11:59:24 : 11,100,000 : 0 : 1,316,910,525 : 5%
2022-08-02 12:19:47 : 11,200,000 : 0 : 1,328,314,050 : 5%
2022-08-02 12:39:02 : 11,300,000 : 0 : 1,339,586,500 : 5%
2022-08-02 12:57:11 : 11,400,000 : 0 : 1,351,121,100 : 5%
2022-08-02 13:14:36 : 11,500,000 : 0 : 1,362,524,625 : 5%
2022-08-02 13:31:14 : 11,600,000 : 0 : 1,373,928,150 : 5%
2022-08-02 13:47:24 : 11,700,000 : 0 : 1,385,331,675 : 5%
2022-08-02 14:02:56 : 11,800,000 : 0 : 1,396,735,200 : 5%
2022-08-02 14:18:16 : 11,900,000 : 0 : 1,408,269,800 : 5%
2022-08-02 14:33:06 : 12,000,000 : 0 : 1,419,804,400 : 5%
2022-08-02 14:47:31 : 12,100,000 : 0 : 1,431,339,000 : 5%
2022-08-02 15:01:44 : 12,200,000 : 0 : 1,442,742,525 : 5%
2022-08-02 15:15:55 : 12,300,000 : 0 : 1,465,811,725 : 5%
2022-08-02 15:29:44 : 12,400,000 : 0 : 1,477,215,250 : 5%
2022-08-02 15:43:29 : 12,500,000 : 0 : 1,488,749,850 : 5%
2022-08-02 15:56:52 : 12,600,000 : 0 : 1,500,153,375 : 5%
2022-08-02 16:10:17 : 12,700,000 : 0 : 1,511,556,900 : 5%
2022-08-02 16:23:32 : 12,800,000 : 0 : 1,522,960,425 : 5%
2022-08-02 16:36:42 : 12,900,000 : 0 : 1,534,363,950 : 5%
2022-08-02 16:49:54 : 13,000,000 : 0 : 1,545,767,475 : 5%
2022-08-02 17:03:08 : 13,100,000 : 0 : 1,557,302,075 : 5%
2022-08-02 17:16:46 : 13,200,000 : 0 : 1,568,705,600 : 5%
2022-08-02 17:30:19 : 13,300,000 : 0 : 1,580,109,125 : 5%
2022-08-02 17:43:56 : 13,400,000 : 0 : 1,591,643,725 : 5%
2022-08-02 17:57:31 : 13,500,000 : 0 : 1,603,178,325 : 6%
2022-08-02 18:11:06 : 13,600,000 : 0 : 1,614,581,850 : 6%
2022-08-02 18:24:42 : 13,700,000 : 0 : 1,625,985,375 : 6%
2022-08-02 18:38:10 : 13,800,000 : 0 : 1,637,388,900 : 6%
2022-08-02 18:52:05 : 13,900,000 : 0 : 1,648,792,425 : 6%
2022-08-02 19:06:22 : 14,000,000 : 0 : 1,660,195,950 : 6%
2022-08-02 19:20:27 : 14,100,000 : 0 : 1,671,468,400 : 6%
2022-08-02 19:34:11 : 14,200,000 : 0 : 1,682,871,925 : 6%
2022-08-02 19:47:54 : 14,300,000 : 0 : 1,705,547,900 : 6%
2022-08-02 20:01:48 : 14,400,000 : 0 : 1,716,558,200 : 6%
2022-08-02 20:15:26 : 14,500,000 : 0 : 1,727,568,500 : 6%
2022-08-02 20:29:04 : 14,600,000 : 0 : 1,738,578,800 : 6%
2022-08-02 20:42:44 : 14,700,000 : 0 : 1,749,851,250 : 6%
2022-08-02 20:56:29 : 14,800,000 : 0 : 1,760,992,625 : 6%
2022-08-02 21:10:06 : 14,900,000 : 0 : 1,772,134,000 : 6%
2022-08-02 21:24:09 : 15,000,000 : 0 : 1,783,406,450 : 6%
2022-08-02 21:38:23 : 15,100,000 : 0 : 1,794,809,975 : 6%
2022-08-02 21:52:31 : 15,200,000 : 0 : 1,805,951,350 : 6%
2022-08-02 22:06:35 : 15,300,000 : 0 : 1,817,092,725 : 6%
2022-08-02 22:20:57 : 15,400,000 : 0 : 1,828,365,175 : 6%
2022-08-02 22:35:40 : 15,500,000 : 0 : 1,839,637,625 : 6%
2022-08-02 22:50:43 : 15,600,000 : 0 : 1,850,910,075 : 6%
2022-08-02 23:05:55 : 15,700,000 : 0 : 1,862,051,450 : 6%
2022-08-02 23:21:25 : 15,800,000 : 0 : 1,873,323,900 : 6%
2022-08-02 23:37:03 : 15,900,000 : 0 : 1,884,465,275 : 6%
2022-08-02 23:52:53 : 16,000,000 : 0 : 1,895,475,575 : 7%
2022-08-03 00:08:38 : 16,100,000 : 0 : 1,906,485,875 : 7%
2022-08-03 00:24:35 : 16,200,000 : 0 : 1,917,627,250 : 7%
2022-08-03 00:40:47 : 16,300,000 : 0 : 1,928,637,550 : 7%
2022-08-03 00:56:55 : 16,400,000 : 0 : 1,939,647,850 : 7%
2022-08-03 01:12:55 : 16,500,000 : 0 : 1,961,537,375 : 7%
2022-08-03 01:28:54 : 16,600,000 : 0 : 1,972,547,675 : 7%
2022-08-03 01:45:02 : 16,700,000 : 0 : 1,983,426,900 : 7%
2022-08-03 02:01:21 : 16,800,000 : 0 : 1,994,568,275 : 7%
2022-08-03 02:17:59 : 16,900,000 : 0 : 2,005,578,575 : 7%
2022-08-03 02:34:44 : 17,000,000 : 0 : 2,016,588,875 : 7%
2022-08-03 02:51:35 : 17,100,000 : 0 : 2,027,468,100 : 7%
2022-08-03 03:08:54 : 17,200,000 : 0 : 2,038,478,400 : 7%
2022-08-03 03:26:54 : 17,300,000 : 0 : 2,049,488,700 : 7%
2022-08-03 03:45:27 : 17,400,000 : 0 : 2,060,499,000 : 7%
2022-08-03 04:04:42 : 17,500,000 : 0 : 2,071,640,375 : 7%
2022-08-03 04:24:56 : 17,600,000 : 0 : 2,082,650,675 : 7%
2022-08-03 04:46:03 : 17,700,000 : 0 : 2,093,660,975 : 7%
2022-08-03 05:08:19 : 17,800,000 : 0 : 2,104,671,275 : 7%
2022-08-03 05:31:48 : 17,900,000 : 0 : 2,115,812,650 : 7%
2022-08-03 05:56:35 : 18,000,000 : 0 : 2,126,954,025 : 7%
2022-08-03 06:22:14 : 18,100,000 : 0 : 2,138,226,475 : 7%
2022-08-03 06:49:16 : 18,200,000 : 0 : 2,149,367,850 : 7%
2022-08-03 07:17:00 : 18,300,000 : 0 : 2,160,640,300 : 7%
2022-08-03 07:45:02 : 18,400,000 : 0 : 2,171,781,675 : 7%
2022-08-03 08:14:02 : 18,500,000 : 0 : 2,183,054,125 : 8%
2022-08-03 08:43:37 : 18,600,000 : 0 : 2,194,457,650 : 8%
2022-08-03 09:13:30 : 18,700,000 : 0 : 2,217,002,550 : 8%
2022-08-03 09:42:46 : 18,800,000 : 0 : 2,228,275,000 : 8%
2022-08-03 10:11:30 : 18,900,000 : 0 : 2,239,547,450 : 8%
2022-08-03 10:38:57 : 19,000,000 : 0 : 2,250,819,900 : 8%
2022-08-03 11:04:15 : 19,100,000 : 0 : 2,262,092,350 : 8%
2022-08-03 11:27:53 : 19,200,000 : 0 : 2,273,495,875 : 8%
2022-08-03 11:49:38 : 19,300,000 : 0 : 2,284,899,400 : 8%
2022-08-03 12:10:02 : 19,400,000 : 0 : 2,296,302,925 : 8%
2022-08-03 12:29:44 : 19,500,000 : 0 : 2,307,706,450 : 8%
2022-08-03 12:48:15 : 19,600,000 : 0 : 2,319,241,050 : 8%
2022-08-03 13:05:54 : 19,700,000 : 0 : 2,330,775,650 : 8%
2022-08-03 13:22:58 : 19,800,000 : 0 : 2,342,310,250 : 8%
2022-08-03 13:39:15 : 19,900,000 : 0 : 2,353,975,925 : 8%
2022-08-03 13:55:02 : 20,000,000 : 0 : 2,365,510,525 : 8%
2022-08-03 14:10:18 : 20,100,000 : 0 : 2,377,045,125 : 8%
2022-08-03 14:25:15 : 20,200,000 : 0 : 2,388,710,800 : 8%
2022-08-03 14:39:56 : 20,300,000 : 0 : 2,400,245,400 : 8%
2022-08-03 14:54:09 : 20,400,000 : 0 : 2,411,780,000 : 8%
2022-08-03 15:08:23 : 20,500,000 : 0 : 2,423,445,675 : 8%
2022-08-03 15:22:36 : 20,600,000 : 0 : 2,434,980,275 : 8%
2022-08-03 15:36:38 : 20,700,000 : 0 : 2,458,311,625 : 8%
2022-08-03 15:50:29 : 20,800,000 : 0 : 2,469,846,225 : 9%
2022-08-03 16:04:08 : 20,900,000 : 0 : 2,481,380,825 : 9%
2022-08-03 16:17:57 : 21,000,000 : 0 : 2,493,046,500 : 9%
2022-08-03 16:31:42 : 21,100,000 : 0 : 2,504,581,100 : 9%
2022-08-03 16:45:32 : 21,200,000 : 0 : 2,516,246,775 : 9%
2022-08-03 16:59:32 : 21,300,000 : 0 : 2,527,781,375 : 9%
2022-08-03 17:13:39 : 21,400,000 : 0 : 2,539,315,975 : 9%
2022-08-03 17:27:37 : 21,500,000 : 0 : 2,550,850,575 : 9%
2022-08-03 17:41:44 : 21,600,000 : 0 : 2,562,254,100 : 9%
2022-08-03 17:56:02 : 21,700,000 : 0 : 2,573,788,700 : 9%
2022-08-03 18:10:32 : 21,800,000 : 0 : 2,585,323,300 : 9%
2022-08-03 18:25:04 : 21,900,000 : 0 : 2,596,726,825 : 9%
2022-08-03 18:39:42 : 22,000,000 : 0 : 2,608,130,350 : 9%
2022-08-03 18:54:20 : 22,100,000 : 0 : 2,619,533,875 : 9%
2022-08-03 19:09:13 : 22,200,000 : 0 : 2,630,937,400 : 9%
2022-08-03 19:24:06 : 22,300,000 : 0 : 2,642,209,850 : 9%
2022-08-03 19:39:08 : 22,400,000 : 0 : 2,653,613,375 : 9%
2022-08-03 19:54:03 : 22,500,000 : 0 : 2,664,885,825 : 9%
2022-08-03 20:08:53 : 22,600,000 : 0 : 2,675,896,125 : 9%
2022-08-03 20:24:02 : 22,700,000 : 0 : 2,698,178,875 : 9%
2022-08-03 20:39:13 : 22,800,000 : 0 : 2,709,320,250 : 9%
2022-08-03 20:54:41 : 22,900,000 : 0 : 2,720,592,700 : 9%
2022-08-03 21:10:22 : 23,000,000 : 0 : 2,731,734,075 : 9%
2022-08-03 21:26:02 : 23,100,000 : 0 : 2,742,875,450 : 9%
2022-08-03 21:41:46 : 23,200,000 : 0 : 2,754,016,825 : 9%
2022-08-03 21:57:27 : 23,300,000 : 0 : 2,765,158,200 : 10%
2022-08-03 22:13:23 : 23,400,000 : 0 : 2,776,299,575 : 10%
2022-08-03 22:29:18 : 23,500,000 : 0 : 2,787,703,100 : 10%
2022-08-03 22:45:37 : 23,600,000 : 0 : 2,798,844,475 : 10%
2022-08-03 23:02:00 : 23,700,000 : 0 : 2,809,985,850 : 10%
2022-08-03 23:18:24 : 23,800,000 : 0 : 2,821,258,300 : 10%
2022-08-03 23:34:47 : 23,900,000 : 0 : 2,832,530,750 : 10%
2022-08-03 23:51:11 : 24,000,000 : 0 : 2,843,672,125 : 10%
2022-08-04 00:07:39 : 24,100,000 : 0 : 2,854,682,425 : 10%
2022-08-04 00:24:21 : 24,200,000 : 0 : 2,865,692,725 : 10%
2022-08-04 00:40:55 : 24,300,000 : 0 : 2,876,571,950 : 10%
2022-08-04 00:57:30 : 24,400,000 : 0 : 2,887,582,250 : 10%
2022-08-04 01:13:54 : 24,500,000 : 0 : 2,898,461,475 : 10%
2022-08-04 01:30:26 : 24,600,000 : 0 : 2,909,471,775 : 10%
2022-08-04 01:47:08 : 24,700,000 : 0 : 2,920,482,075 : 10%
2022-08-04 02:03:47 : 24,800,000 : 0 : 2,931,361,300 : 10%
2022-08-04 02:21:09 : 24,900,000 : 0 : 2,953,250,825 : 10%
2022-08-04 02:39:25 : 25,000,000 : 0 : 2,964,261,125 : 10%
2022-08-04 02:57:51 : 25,100,000 : 0 : 2,975,140,350 : 10%
2022-08-04 03:16:15 : 25,200,000 : 0 : 2,986,019,575 : 10%
2022-08-04 03:34:43 : 25,300,000 : 0 : 2,996,898,800 : 10%
2022-08-04 03:53:52 : 25,400,000 : 0 : 3,007,909,100 : 10%
2022-08-04 04:13:45 : 25,500,000 : 0 : 3,018,919,400 : 10%
2022-08-04 04:34:18 : 25,600,000 : 0 : 3,029,798,625 : 10%
2022-08-04 04:55:50 : 25,700,000 : 0 : 3,040,677,850 : 10%
2022-08-04 05:18:40 : 25,800,000 : 0 : 3,051,688,150 : 11%
2022-08-04 05:42:07 : 25,900,000 : 0 : 3,062,698,450 : 11%
2022-08-04 06:06:55 : 26,000,000 : 0 : 3,073,839,825 : 11%
2022-08-04 06:33:22 : 26,100,000 : 0 : 3,084,981,200 : 11%
2022-08-04 07:00:28 : 26,200,000 : 0 : 3,096,122,575 : 11%
2022-08-04 07:28:33 : 26,300,000 : 0 : 3,107,395,025 : 11%
2022-08-04 07:57:49 : 26,400,000 : 0 : 3,118,667,475 : 11%
2022-08-04 08:27:34 : 26,500,000 : 0 : 3,129,939,925 : 11%
2022-08-04 08:57:27 : 26,600,000 : 0 : 3,141,081,300 : 11%
2022-08-04 09:27:08 : 26,700,000 : 0 : 3,152,353,750 : 11%
2022-08-04 09:56:17 : 26,800,000 : 0 : 3,163,495,125 : 11%
2022-08-04 10:23:38 : 26,900,000 : 0 : 3,174,505,425 : 11%
2022-08-04 10:49:34 : 27,000,000 : 0 : 3,185,646,800 : 11%
2022-08-04 11:13:57 : 27,100,000 : 0 : 3,208,191,700 : 11%
2022-08-04 11:36:28 : 27,200,000 : 0 : 3,219,464,150 : 11%
2022-08-04 11:57:26 : 27,300,000 : 0 : 3,230,736,600 : 11%
2022-08-04 12:17:11 : 27,400,000 : 0 : 3,242,140,125 : 11%
2022-08-04 12:36:08 : 27,500,000 : 0 : 3,253,674,725 : 11%
2022-08-04 12:54:14 : 27,600,000 : 0 : 3,265,209,325 : 11%
2022-08-04 13:11:37 : 27,700,000 : 0 : 3,276,743,925 : 11%
2022-08-04 13:28:20 : 27,800,000 : 0 : 3,288,409,600 : 11%
2022-08-04 13:44:35 : 27,900,000 : 0 : 3,300,075,275 : 11%
2022-08-04 14:00:11 : 28,000,000 : 0 : 3,311,740,950 : 11%
2022-08-04 14:15:24 : 28,100,000 : 0 : 3,323,406,625 : 11%
2022-08-04 14:30:16 : 28,200,000 : 0 : 3,335,072,300 : 11%
2022-08-04 14:44:54 : 28,300,000 : 0 : 3,346,737,975 : 12%
2022-08-04 14:59:05 : 28,400,000 : 0 : 3,358,403,650 : 12%
2022-08-04 15:13:21 : 28,500,000 : 0 : 3,370,069,325 : 12%
2022-08-04 15:27:26 : 28,600,000 : 0 : 3,381,735,000 : 12%
2022-08-04 15:41:23 : 28,700,000 : 0 : 3,393,269,600 : 12%
2022-08-04 15:55:19 : 28,800,000 : 0 : 3,404,935,275 : 12%
2022-08-04 16:09:14 : 28,900,000 : 0 : 3,416,600,950 : 12%
2022-08-04 16:22:59 : 29,000,000 : 0 : 3,428,135,550 : 12%
2022-08-04 16:36:39 : 29,100,000 : 0 : 3,451,204,750 : 12%
2022-08-04 16:50:17 : 29,200,000 : 0 : 3,462,870,425 : 12%
2022-08-04 17:03:52 : 29,300,000 : 0 : 3,474,405,025 : 12%
2022-08-04 17:17:38 : 29,400,000 : 0 : 3,485,939,625 : 12%
2022-08-04 17:31:18 : 29,500,000 : 0 : 3,497,605,300 : 12%
2022-08-04 17:45:10 : 29,600,000 : 0 : 3,509,008,825 : 12%
2022-08-04 17:58:40 : 29,700,000 : 0 : 3,520,543,425 : 12%
2022-08-04 18:12:29 : 29,800,000 : 0 : 3,532,078,025 : 12%
2022-08-04 18:26:19 : 29,900,000 : 0 : 3,543,612,625 : 12%
2022-08-04 18:40:12 : 30,000,000 : 0 : 3,555,016,150 : 12%
2022-08-04 18:53:53 : 30,100,000 : 0 : 3,566,419,675 : 12%
2022-08-04 19:07:38 : 30,200,000 : 0 : 3,577,823,200 : 12%
2022-08-04 19:21:21 : 30,300,000 : 0 : 3,589,226,725 : 12%
2022-08-04 19:35:10 : 30,400,000 : 0 : 3,600,630,250 : 12%
2022-08-04 19:48:56 : 30,500,000 : 0 : 3,612,033,775 : 12%
2022-08-04 20:02:36 : 30,600,000 : 0 : 3,623,437,300 : 12%
2022-08-04 20:16:23 : 30,700,000 : 0 : 3,634,709,750 : 13%
2022-08-04 20:31:59 : 30,800,000 : 0 : 3,645,982,200 : 13%
2022-08-04 20:46:10 : 30,900,000 : 0 : 3,657,385,725 : 13%
2022-08-04 21:00:13 : 31,000,000 : 0 : 3,668,658,175 : 13%
2022-08-04 21:14:17 : 31,100,000 : 0 : 3,679,930,625 : 13%
2022-08-04 21:28:30 : 31,200,000 : 0 : 3,702,475,525 : 13%
2022-08-04 21:42:47 : 31,300,000 : 0 : 3,713,879,050 : 13%
2022-08-04 21:57:05 : 31,400,000 : 0 : 3,725,151,500 : 13%
2022-08-04 22:11:51 : 31,500,000 : 0 : 3,736,292,875 : 13%
2022-08-04 22:26:44 : 31,600,000 : 0 : 3,747,434,250 : 13%
2022-08-04 22:42:01 : 31,700,000 : 0 : 3,758,706,700 : 13%
2022-08-04 22:57:30 : 31,800,000 : 0 : 3,769,848,075 : 13%
2022-08-04 23:13:14 : 31,900,000 : 0 : 3,780,989,450 : 13%
2022-08-04 23:29:02 : 32,000,000 : 0 : 3,791,999,750 : 13%
2022-08-04 23:45:05 : 32,100,000 : 0 : 3,803,010,050 : 13%
2022-08-05 00:01:11 : 32,200,000 : 0 : 3,814,020,350 : 13%
2022-08-05 00:17:25 : 32,300,000 : 0 : 3,825,030,650 : 13%
2022-08-05 00:33:42 : 32,400,000 : 0 : 3,836,040,950 : 13%
2022-08-05 00:50:08 : 32,500,000 : 0 : 3,846,920,175 : 13%
2022-08-05 01:06:13 : 32,600,000 : 0 : 3,857,799,400 : 13%
2022-08-05 01:22:23 : 32,700,000 : 0 : 3,868,678,625 : 13%
2022-08-05 01:38:33 : 32,800,000 : 0 : 3,879,557,850 : 13%
2022-08-05 01:54:40 : 32,900,000 : 0 : 3,890,306,000 : 13%
2022-08-05 02:11:01 : 33,000,000 : 0 : 3,901,054,150 : 13%
2022-08-05 02:27:33 : 33,100,000 : 0 : 3,911,933,375 : 13%
2022-08-05 02:44:29 : 33,200,000 : 0 : 3,922,812,600 : 14%
2022-08-05 03:01:54 : 33,300,000 : 0 : 3,933,691,825 : 14%
2022-08-05 03:20:19 : 33,400,000 : 0 : 3,944,833,200 : 14%
2022-08-05 03:38:51 : 33,500,000 : 0 : 3,966,722,725 : 14%
2022-08-05 03:58:24 : 33,600,000 : 0 : 3,977,733,025 : 14%
2022-08-05 04:18:28 : 33,700,000 : 0 : 3,988,612,250 : 14%
2022-08-05 04:39:21 : 33,800,000 : 0 : 3,999,622,550 : 14%
2022-08-05 05:01:30 : 33,900,000 : 0 : 4,010,632,850 : 14%
2022-08-05 05:24:50 : 34,000,000 : 0 : 4,021,774,225 : 14%
2022-08-05 05:49:03 : 34,100,000 : 0 : 4,032,784,525 : 14%
2022-08-05 06:14:19 : 34,200,000 : 0 : 4,043,925,900 : 14%
2022-08-05 06:40:41 : 34,300,000 : 0 : 4,055,198,350 : 14%
2022-08-05 07:08:15 : 34,400,000 : 0 : 4,066,339,725 : 14%
2022-08-05 07:36:37 : 34,500,000 : 0 : 4,077,612,175 : 14%
2022-08-05 08:05:31 : 34,600,000 : 0 : 4,088,884,625 : 14%
2022-08-05 08:34:45 : 34,700,000 : 0 : 4,100,026,000 : 14%
2022-08-05 09:04:29 : 34,800,000 : 0 : 4,111,167,375 : 14%
2022-08-05 09:33:59 : 34,900,000 : 0 : 4,122,308,750 : 14%
2022-08-05 10:02:51 : 35,000,000 : 0 : 4,133,450,125 : 14%
2022-08-05 10:30:18 : 35,100,000 : 0 : 4,144,591,500 : 14%
2022-08-05 10:55:54 : 35,200,000 : 0 : 4,155,732,875 : 14%
2022-08-05 11:19:44 : 35,300,000 : 0 : 4,166,874,250 : 14%
2022-08-05 11:41:44 : 35,400,000 : 0 : 4,178,015,625 : 14%
2022-08-05 12:02:35 : 35,500,000 : 0 : 4,189,288,075 : 14%
2022-08-05 12:22:16 : 35,600,000 : 0 : 4,200,691,600 : 14%
2022-08-05 12:41:06 : 35,700,000 : 0 : 4,223,367,575 : 15%
2022-08-05 12:58:43 : 35,800,000 : 0 : 4,234,771,100 : 15%
2022-08-05 13:15:45 : 35,900,000 : 0 : 4,246,305,700 : 15%
2022-08-05 13:32:14 : 36,000,000 : 0 : 4,257,709,225 : 15%
2022-08-05 13:48:19 : 36,100,000 : 0 : 4,269,243,825 : 15%
2022-08-05 14:03:37 : 36,200,000 : 0 : 4,280,647,350 : 15%
2022-08-05 14:18:37 : 36,300,000 : 0 : 4,292,313,025 : 15%
2022-08-05 14:33:22 : 36,400,000 : 0 : 4,303,847,625 : 15%
2022-08-05 14:47:54 : 36,500,000 : 0 : 4,315,382,225 : 15%
2022-08-05 15:02:11 : 36,600,000 : 0 : 4,327,047,900 : 15%
2022-08-05 15:16:30 : 36,700,000 : 0 : 4,338,582,500 : 15%
2022-08-05 15:30:43 : 36,800,000 : 0 : 4,350,117,100 : 15%
2022-08-05 15:44:46 : 36,900,000 : 0 : 4,361,651,700 : 15%
2022-08-05 15:58:40 : 37,000,000 : 0 : 4,373,186,300 : 15%
2022-08-05 16:12:42 : 37,100,000 : 0 : 4,384,720,900 : 15%
2022-08-05 16:26:37 : 37,200,000 : 0 : 4,396,255,500 : 15%
2022-08-05 16:40:28 : 37,300,000 : 0 : 4,407,790,100 : 15%
2022-08-05 16:54:14 : 37,400,000 : 0 : 4,419,324,700 : 15%
2022-08-05 17:08:05 : 37,500,000 : 0 : 4,430,859,300 : 15%
2022-08-05 17:21:59 : 37,600,000 : 0 : 4,442,393,900 : 15%
2022-08-05 17:35:40 : 37,700,000 : 0 : 4,453,797,425 : 15%
2022-08-05 17:49:31 : 37,800,000 : 0 : 4,476,604,475 : 15%
2022-08-05 18:03:20 : 37,900,000 : 0 : 4,488,008,000 : 15%
2022-08-05 18:17:22 : 38,000,000 : 0 : 4,499,280,450 : 16%
2022-08-05 18:31:18 : 38,100,000 : 0 : 4,510,683,975 : 16%
2022-08-05 18:45:14 : 38,200,000 : 0 : 4,521,956,425 : 16%
2022-08-05 18:59:11 : 38,300,000 : 0 : 4,533,228,875 : 16%
2022-08-05 19:13:13 : 38,400,000 : 0 : 4,544,632,400 : 16%
2022-08-05 19:27:12 : 38,500,000 : 0 : 4,555,904,850 : 16%
2022-08-05 19:41:18 : 38,600,000 : 0 : 4,567,046,225 : 16%
2022-08-05 19:55:15 : 38,700,000 : 0 : 4,578,318,675 : 16%
2022-08-05 20:09:29 : 38,800,000 : 0 : 4,589,460,050 : 16%
2022-08-05 20:23:38 : 38,900,000 : 0 : 4,600,732,500 : 16%
2022-08-05 20:38:05 : 39,000,000 : 0 : 4,612,004,950 : 16%
2022-08-05 20:52:22 : 39,100,000 : 0 : 4,623,277,400 : 16%
2022-08-05 21:06:54 : 39,200,000 : 0 : 4,634,549,850 : 16%
2022-08-05 21:21:37 : 39,300,000 : 0 : 4,645,822,300 : 16%
2022-08-05 21:36:35 : 39,400,000 : 0 : 4,657,094,750 : 16%
2022-08-05 21:51:46 : 39,500,000 : 0 : 4,668,367,200 : 16%
2022-08-05 22:07:01 : 39,600,000 : 0 : 4,679,508,575 : 16%
2022-08-05 22:22:38 : 39,700,000 : 0 : 4,690,518,875 : 16%
2022-08-05 22:38:21 : 39,800,000 : 0 : 4,701,791,325 : 16%
2022-08-05 22:54:23 : 39,900,000 : 0 : 4,724,074,075 : 16%
2022-08-05 23:10:57 : 40,000,000 : 0 : 4,735,215,450 : 16%
2022-08-05 23:27:41 : 40,100,000 : 0 : 4,746,225,750 : 16%
2022-08-05 23:44:34 : 40,200,000 : 0 : 4,757,236,050 : 16%
2022-08-06 00:01:38 : 40,300,000 : 0 : 4,768,246,350 : 16%
2022-08-06 00:18:52 : 40,400,000 : 0 : 4,779,125,575 : 16%
2022-08-06 00:36:05 : 40,500,000 : 0 : 4,790,135,875 : 17%
2022-08-06 00:53:31 : 40,600,000 : 0 : 4,801,015,100 : 17%
2022-08-06 01:10:54 : 40,700,000 : 0 : 4,811,763,250 : 17%
2022-08-06 01:28:18 : 40,800,000 : 0 : 4,822,642,475 : 17%
2022-08-06 01:45:55 : 40,900,000 : 0 : 4,833,390,625 : 17%
2022-08-06 02:03:45 : 41,000,000 : 0 : 4,844,269,850 : 17%
2022-08-06 02:21:48 : 41,100,000 : 0 : 4,855,018,000 : 17%
2022-08-06 02:39:58 : 41,200,000 : 0 : 4,865,766,150 : 17%
2022-08-06 02:58:04 : 41,300,000 : 0 : 4,876,514,300 : 17%
2022-08-06 03:17:03 : 41,400,000 : 0 : 4,887,262,450 : 17%
2022-08-06 03:36:07 : 41,500,000 : 0 : 4,898,010,600 : 17%
2022-08-06 03:55:54 : 41,600,000 : 0 : 4,908,758,750 : 17%
2022-08-06 04:16:48 : 41,700,000 : 0 : 4,919,637,975 : 17%
2022-08-06 04:38:07 : 41,800,000 : 0 : 4,930,386,125 : 17%
2022-08-06 05:00:38 : 41,900,000 : 0 : 4,941,265,350 : 17%
2022-08-06 05:23:43 : 42,000,000 : 0 : 4,952,013,500 : 17%
2022-08-06 05:48:00 : 42,100,000 : 0 : 4,962,761,650 : 17%
2022-08-06 06:14:01 : 42,200,000 : 0 : 4,973,640,875 : 17%
2022-08-06 06:41:05 : 42,300,000 : 0 : 4,984,520,100 : 17%
2022-08-06 07:09:12 : 42,400,000 : 0 : 5,006,409,625 : 17%
2022-08-06 07:38:36 : 42,500,000 : 0 : 5,017,288,850 : 17%
2022-08-06 08:08:33 : 42,600,000 : 0 : 5,028,299,150 : 17%
2022-08-06 08:38:54 : 42,700,000 : 0 : 5,039,309,450 : 17%
2022-08-06 09:10:15 : 42,800,000 : 0 : 5,050,188,675 : 17%
2022-08-06 09:41:53 : 42,900,000 : 0 : 5,061,067,900 : 17%
2022-08-06 10:12:43 : 43,000,000 : 0 : 5,072,078,200 : 17%
2022-08-06 10:42:43 : 43,100,000 : 0 : 5,082,957,425 : 18%
2022-08-06 11:10:34 : 43,200,000 : 0 : 5,093,836,650 : 18%
2022-08-06 11:36:28 : 43,300,000 : 0 : 5,104,846,950 : 18%
2022-08-06 12:00:42 : 43,400,000 : 0 : 5,115,726,175 : 18%
2022-08-06 12:22:48 : 43,500,000 : 0 : 5,126,736,475 : 18%
2022-08-06 12:44:08 : 43,600,000 : 0 : 5,137,877,850 : 18%
2022-08-06 13:03:43 : 43,700,000 : 0 : 5,148,757,075 : 18%
2022-08-06 13:22:43 : 43,800,000 : 0 : 5,159,767,375 : 18%
2022-08-06 13:40:48 : 43,900,000 : 0 : 5,170,908,750 : 18%
2022-08-06 13:58:33 : 44,000,000 : 0 : 5,182,050,125 : 18%
2022-08-06 14:15:39 : 44,100,000 : 0 : 5,193,191,500 : 18%
2022-08-06 14:32:08 : 44,200,000 : 0 : 5,204,332,875 : 18%
2022-08-06 14:48:13 : 44,300,000 : 0 : 5,215,605,325 : 18%
2022-08-06 15:04:13 : 44,400,000 : 0 : 5,226,746,700 : 18%
2022-08-06 15:20:09 : 44,500,000 : 0 : 5,238,019,150 : 18%
2022-08-06 15:35:30 : 44,600,000 : 0 : 5,260,301,900 : 18%
2022-08-06 15:50:39 : 44,700,000 : 0 : 5,271,443,275 : 18%
2022-08-06 16:05:44 : 44,800,000 : 0 : 5,282,715,725 : 18%
2022-08-06 16:21:00 : 44,900,000 : 0 : 5,293,857,100 : 18%
2022-08-06 16:36:07 : 45,000,000 : 0 : 5,304,998,475 : 18%
2022-08-06 16:51:13 : 45,100,000 : 0 : 5,316,139,850 : 18%
2022-08-06 17:06:09 : 45,200,000 : 0 : 5,327,412,300 : 18%
2022-08-06 17:21:25 : 45,300,000 : 0 : 5,338,553,675 : 18%
2022-08-06 17:36:28 : 45,400,000 : 0 : 5,349,826,125 : 18%
2022-08-06 17:51:33 : 45,500,000 : 0 : 5,360,967,500 : 18%
2022-08-06 18:06:44 : 45,600,000 : 0 : 5,371,977,800 : 19%
2022-08-06 18:22:00 : 45,700,000 : 0 : 5,383,119,175 : 19%
2022-08-06 18:37:14 : 45,800,000 : 0 : 5,394,260,550 : 19%
2022-08-06 18:52:40 : 45,900,000 : 0 : 5,405,533,000 : 19%
2022-08-06 19:08:30 : 46,000,000 : 0 : 5,416,674,375 : 19%
2022-08-06 19:24:30 : 46,100,000 : 0 : 5,427,815,750 : 19%
2022-08-06 19:40:35 : 46,200,000 : 0 : 5,438,957,125 : 19%
2022-08-06 19:56:39 : 46,300,000 : 0 : 5,450,098,500 : 19%
2022-08-06 20:12:36 : 46,400,000 : 0 : 5,461,239,875 : 19%
2022-08-06 20:28:46 : 46,500,000 : 0 : 5,472,250,175 : 19%
2022-08-06 20:44:54 : 46,600,000 : 0 : 5,483,391,550 : 19%
2022-08-06 21:01:14 : 46,700,000 : 0 : 5,494,532,925 : 19%
2022-08-06 21:17:26 : 46,800,000 : 0 : 5,505,543,225 : 19%
2022-08-06 21:33:44 : 46,900,000 : 0 : 5,527,694,900 : 19%
2022-08-06 21:50:18 : 47,000,000 : 0 : 5,538,705,200 : 19%
2022-08-06 22:07:00 : 47,100,000 : 0 : 5,549,846,575 : 19%
2022-08-06 22:23:50 : 47,200,000 : 0 : 5,560,856,875 : 19%
2022-08-06 22:40:39 : 47,300,000 : 0 : 5,571,867,175 : 19%
2022-08-06 22:57:53 : 47,400,000 : 0 : 5,583,008,550 : 19%
2022-08-06 23:15:04 : 47,500,000 : 0 : 5,593,887,775 : 19%
2022-08-06 23:32:28 : 47,600,000 : 0 : 5,604,898,075 : 19%
2022-08-06 23:49:56 : 47,700,000 : 0 : 5,615,777,300 : 19%
2022-08-07 00:07:27 : 47,800,000 : 0 : 5,626,525,450 : 19%
2022-08-07 00:25:00 : 47,900,000 : 0 : 5,637,404,675 : 19%
2022-08-07 00:42:46 : 48,000,000 : 0 : 5,648,283,900 : 19%
2022-08-07 01:00:44 : 48,100,000 : 0 : 5,659,032,050 : 20%
2022-08-07 01:18:13 : 48,200,000 : 0 : 5,669,780,200 : 20%
2022-08-07 01:36:06 : 48,300,000 : 0 : 5,680,528,350 : 20%
2022-08-07 01:53:59 : 48,400,000 : 0 : 5,691,407,575 : 20%
2022-08-07 02:12:10 : 48,500,000 : 0 : 5,702,155,725 : 20%
2022-08-07 02:30:26 : 48,600,000 : 0 : 5,712,903,875 : 20%
2022-08-07 02:49:04 : 48,700,000 : 0 : 5,723,520,950 : 20%
2022-08-07 03:07:47 : 48,800,000 : 0 : 5,734,269,100 : 20%
2022-08-07 03:26:46 : 48,900,000 : 0 : 5,745,017,250 : 20%
2022-08-07 03:46:27 : 49,000,000 : 0 : 5,755,634,325 : 20%
2022-08-07 04:06:39 : 49,100,000 : 0 : 5,766,513,550 : 20%
2022-08-07 04:27:26 : 49,200,000 : 0 : 5,777,130,625 : 20%
2022-08-07 04:49:25 : 49,300,000 : 0 : 5,788,009,850 : 20%
2022-08-07 05:12:11 : 49,400,000 : 0 : 5,809,506,150 : 20%
2022-08-07 05:36:23 : 49,500,000 : 0 : 5,820,254,300 : 20%
2022-08-07 06:01:35 : 49,600,000 : 0 : 5,831,133,525 : 20%
2022-08-07 06:27:20 : 49,700,000 : 0 : 5,841,881,675 : 20%
2022-08-07 06:54:13 : 49,800,000 : 0 : 5,852,760,900 : 20%
2022-08-07 07:21:58 : 49,900,000 : 0 : 5,863,640,125 : 20%
2022-08-07 07:50:53 : 50,000,000 : 0 : 5,874,519,350 : 20%
2022-08-07 08:20:32 : 50,100,000 : 0 : 5,885,398,575 : 20%
2022-08-07 08:50:36 : 50,200,000 : 0 : 5,896,408,875 : 20%
2022-08-07 09:21:25 : 50,300,000 : 0 : 5,907,288,100 : 20%
2022-08-07 09:52:28 : 50,400,000 : 0 : 5,918,298,400 : 20%
2022-08-07 10:23:09 : 50,500,000 : 0 : 5,929,177,625 : 20%
2022-08-07 10:52:56 : 50,600,000 : 0 : 5,940,187,925 : 20%
2022-08-07 11:20:50 : 50,700,000 : 0 : 5,951,198,225 : 21%
2022-08-07 11:46:31 : 50,800,000 : 0 : 5,962,077,450 : 21%
2022-08-07 12:10:18 : 50,900,000 : 0 : 5,973,218,825 : 21%
2022-08-07 12:32:48 : 51,000,000 : 0 : 5,984,360,200 : 21%
2022-08-07 12:53:49 : 51,100,000 : 0 : 5,995,632,650 : 21%
2022-08-07 13:13:51 : 51,200,000 : 0 : 6,006,774,025 : 21%
2022-08-07 13:32:30 : 51,300,000 : 0 : 6,017,784,325 : 21%
2022-08-07 13:49:49 : 51,400,000 : 0 : 6,028,794,625 : 21%
2022-08-07 14:06:52 : 51,500,000 : 0 : 6,039,936,000 : 21%
2022-08-07 14:23:26 : 51,600,000 : 0 : 6,062,218,750 : 21%
2022-08-07 14:39:44 : 51,700,000 : 0 : 6,073,491,200 : 21%
2022-08-07 14:55:35 : 51,800,000 : 0 : 6,084,632,575 : 21%
2022-08-07 15:10:56 : 51,900,000 : 0 : 6,096,036,100 : 21%
2022-08-07 15:26:25 : 52,000,000 : 0 : 6,107,308,550 : 21%
2022-08-07 15:41:46 : 52,100,000 : 0 : 6,118,712,075 : 21%
2022-08-07 15:56:54 : 52,200,000 : 0 : 6,129,853,450 : 21%
2022-08-07 16:11:52 : 52,300,000 : 0 : 6,141,125,900 : 21%
2022-08-07 16:26:37 : 52,400,000 : 0 : 6,152,398,350 : 21%
2022-08-07 16:41:32 : 52,500,000 : 0 : 6,163,670,800 : 21%
2022-08-07 16:56:22 : 52,600,000 : 0 : 6,174,943,250 : 21%
2022-08-07 17:11:04 : 52,700,000 : 0 : 6,186,215,700 : 21%
2022-08-07 17:25:48 : 52,800,000 : 0 : 6,197,488,150 : 21%
2022-08-07 17:40:28 : 52,900,000 : 0 : 6,208,760,600 : 21%
2022-08-07 17:55:11 : 53,000,000 : 0 : 6,220,033,050 : 21%
2022-08-07 18:09:51 : 53,100,000 : 0 : 6,231,174,425 : 21%
2022-08-07 18:24:40 : 53,200,000 : 0 : 6,242,446,875 : 22%
2022-08-07 18:39:27 : 53,300,000 : 0 : 6,253,588,250 : 22%
2022-08-07 18:54:17 : 53,400,000 : 0 : 6,264,729,625 : 22%
2022-08-07 19:09:13 : 53,500,000 : 0 : 6,275,871,000 : 22%
2022-08-07 19:24:00 : 53,600,000 : 0 : 6,298,153,750 : 22%
2022-08-07 19:38:55 : 53,700,000 : 0 : 6,309,295,125 : 22%
2022-08-07 19:54:00 : 53,800,000 : 0 : 6,320,436,500 : 22%
2022-08-07 20:09:01 : 53,900,000 : 0 : 6,331,446,800 : 22%
2022-08-07 20:24:00 : 54,000,000 : 0 : 6,342,457,100 : 22%
2022-08-07 20:38:46 : 54,100,000 : 0 : 6,353,467,400 : 22%
2022-08-07 20:53:31 : 54,200,000 : 0 : 6,364,477,700 : 22%
2022-08-07 21:08:16 : 54,300,000 : 0 : 6,375,356,925 : 22%
2022-08-07 21:23:07 : 54,400,000 : 0 : 6,386,367,225 : 22%
2022-08-07 21:38:00 : 54,500,000 : 0 : 6,397,377,525 : 22%
2022-08-07 21:52:46 : 54,600,000 : 0 : 6,408,256,750 : 22%
2022-08-07 22:07:57 : 54,700,000 : 0 : 6,419,398,125 : 22%
2022-08-07 22:23:22 : 54,800,000 : 0 : 6,430,408,425 : 22%
2022-08-07 22:38:54 : 54,900,000 : 0 : 6,441,287,650 : 22%
2022-08-07 22:54:54 : 55,000,000 : 0 : 6,452,429,025 : 22%
2022-08-07 23:11:16 : 55,100,000 : 0 : 6,463,308,250 : 22%
2022-08-07 23:27:48 : 55,200,000 : 0 : 6,474,318,550 : 22%
2022-08-07 23:44:21 : 55,300,000 : 0 : 6,485,197,775 : 22%
2022-08-08 00:01:26 : 55,400,000 : 0 : 6,496,208,075 : 22%
2022-08-08 00:18:45 : 55,500,000 : 0 : 6,507,218,375 : 22%
2022-08-08 00:35:57 : 55,600,000 : 0 : 6,518,228,675 : 22%
2022-08-08 00:53:09 : 55,700,000 : 0 : 6,529,107,900 : 23%
2022-08-08 01:10:28 : 55,800,000 : 0 : 6,551,128,500 : 23%
2022-08-08 01:27:44 : 55,900,000 : 0 : 6,562,007,725 : 23%
2022-08-08 01:44:57 : 56,000,000 : 0 : 6,572,886,950 : 23%
2022-08-08 02:02:09 : 56,100,000 : 0 : 6,583,897,250 : 23%
2022-08-08 02:19:52 : 56,200,000 : 0 : 6,594,776,475 : 23%
2022-08-08 02:37:46 : 56,300,000 : 0 : 6,605,786,775 : 23%
2022-08-08 02:55:54 : 56,400,000 : 0 : 6,616,666,000 : 23%
2022-08-08 03:14:35 : 56,500,000 : 0 : 6,627,676,300 : 23%
2022-08-08 03:33:47 : 56,600,000 : 0 : 6,638,686,600 : 23%
2022-08-08 03:53:56 : 56,700,000 : 0 : 6,649,696,900 : 23%
2022-08-08 04:14:48 : 56,800,000 : 0 : 6,660,576,125 : 23%
2022-08-08 04:36:26 : 56,900,000 : 0 : 6,671,586,425 : 23%
2022-08-08 04:58:45 : 57,000,000 : 0 : 6,682,465,650 : 23%
2022-08-08 05:22:17 : 57,100,000 : 0 : 6,693,607,025 : 23%
2022-08-08 05:47:00 : 57,200,000 : 0 : 6,704,486,250 : 23%
2022-08-08 06:12:51 : 57,300,000 : 0 : 6,715,627,625 : 23%
2022-08-08 06:39:56 : 57,400,000 : 0 : 6,726,769,000 : 23%
2022-08-08 07:08:08 : 57,500,000 : 0 : 6,737,910,375 : 23%
2022-08-08 07:37:19 : 57,600,000 : 0 : 6,749,051,750 : 23%
2022-08-08 08:06:53 : 57,700,000 : 0 : 6,760,193,125 : 23%
2022-08-08 08:36:57 : 57,800,000 : 0 : 6,771,334,500 : 23%
2022-08-08 09:07:12 : 57,900,000 : 0 : 6,782,475,875 : 23%
2022-08-08 09:37:08 : 58,000,000 : 0 : 6,804,889,700 : 23%
2022-08-08 10:06:22 : 58,100,000 : 0 : 6,816,031,075 : 24%
2022-08-08 10:34:20 : 58,200,000 : 0 : 6,827,303,525 : 24%
2022-08-08 11:00:31 : 58,300,000 : 0 : 6,838,444,900 : 24%
2022-08-08 11:24:48 : 58,400,000 : 0 : 6,849,717,350 : 24%
2022-08-08 11:47:23 : 58,500,000 : 0 : 6,860,989,800 : 24%
2022-08-08 12:08:40 : 58,600,000 : 0 : 6,872,393,325 : 24%
2022-08-08 12:28:32 : 58,700,000 : 0 : 6,883,796,850 : 24%
2022-08-08 12:47:41 : 58,800,000 : 0 : 6,895,200,375 : 24%
2022-08-08 13:05:30 : 58,900,000 : 0 : 6,906,603,900 : 24%
2022-08-08 13:22:32 : 59,000,000 : 0 : 6,918,138,500 : 24%
2022-08-08 13:39:05 : 59,100,000 : 0 : 6,929,410,950 : 24%
2022-08-08 13:54:43 : 59,200,000 : 0 : 6,940,683,400 : 24%
2022-08-08 14:10:19 : 59,300,000 : 0 : 6,952,218,000 : 24%
2022-08-08 14:25:28 : 59,400,000 : 0 : 6,963,752,600 : 24%
2022-08-08 14:40:34 : 59,500,000 : 0 : 6,975,287,200 : 24%
2022-08-08 14:55:21 : 59,600,000 : 0 : 6,986,952,875 : 24%
2022-08-08 15:09:59 : 59,700,000 : 0 : 6,998,487,475 : 24%
2022-08-08 15:24:23 : 59,800,000 : 0 : 7,010,022,075 : 24%
2022-08-08 15:38:39 : 59,900,000 : 0 : 7,021,687,750 : 24%
2022-08-08 15:52:33 : 60,000,000 : 0 : 7,044,756,950 : 24%
2022-08-08 16:06:35 : 60,100,000 : 0 : 7,056,291,550 : 24%
2022-08-08 16:20:44 : 60,200,000 : 0 : 7,067,826,150 : 24%
2022-08-08 16:34:21 : 60,300,000 : 0 : 7,079,360,750 : 24%
2022-08-08 16:48:01 : 60,400,000 : 0 : 7,091,026,425 : 24%
2022-08-08 17:01:39 : 60,500,000 : 0 : 7,102,561,025 : 24%
2022-08-08 17:15:29 : 60,600,000 : 0 : 7,113,964,550 : 25%
2022-08-08 17:29:05 : 60,700,000 : 0 : 7,125,499,150 : 25%
2022-08-08 17:42:39 : 60,800,000 : 0 : 7,137,033,750 : 25%
2022-08-08 17:56:07 : 60,900,000 : 0 : 7,148,568,350 : 25%
2022-08-08 18:09:45 : 61,000,000 : 0 : 7,160,102,950 : 25%
2022-08-08 18:23:28 : 61,100,000 : 0 : 7,171,506,475 : 25%
2022-08-08 18:37:21 : 61,200,000 : 0 : 7,183,041,075 : 25%
2022-08-08 18:51:03 : 61,300,000 : 0 : 7,194,575,675 : 25%
2022-08-08 19:04:43 : 61,400,000 : 0 : 7,205,979,200 : 25%
2022-08-08 19:18:32 : 61,500,000 : 0 : 7,217,382,725 : 25%
2022-08-08 19:32:16 : 61,600,000 : 0 : 7,228,786,250 : 25%
2022-08-08 19:46:10 : 61,700,000 : 0 : 7,240,320,850 : 25%
2022-08-08 20:00:39 : 61,800,000 : 0 : 7,251,855,450 : 25%
2022-08-08 20:15:37 : 61,900,000 : 0 : 7,274,269,275 : 25%
2022-08-08 20:30:25 : 62,000,000 : 0 : 7,285,541,725 : 25%
2022-08-08 20:44:56 : 62,100,000 : 0 : 7,296,945,250 : 25%
2022-08-08 20:59:15 : 62,200,000 : 0 : 7,308,348,775 : 25%
2022-08-08 21:13:47 : 62,300,000 : 0 : 7,319,752,300 : 25%
2022-08-08 21:28:15 : 62,400,000 : 0 : 7,331,155,825 : 25%
2022-08-08 21:42:34 : 62,500,000 : 0 : 7,342,428,275 : 25%
2022-08-08 21:57:03 : 62,600,000 : 0 : 7,353,831,800 : 25%
2022-08-08 22:11:40 : 62,700,000 : 0 : 7,365,104,250 : 25%
2022-08-08 22:26:29 : 62,800,000 : 0 : 7,376,376,700 : 25%
2022-08-08 22:41:37 : 62,900,000 : 0 : 7,387,649,150 : 25%
2022-08-08 22:56:50 : 63,000,000 : 0 : 7,398,921,600 : 26%
2022-08-08 23:12:07 : 63,100,000 : 0 : 7,410,062,975 : 26%
2022-08-08 23:27:33 : 63,200,000 : 0 : 7,421,204,350 : 26%
2022-08-08 23:43:06 : 63,300,000 : 0 : 7,432,345,725 : 26%
2022-08-08 23:58:45 : 63,400,000 : 0 : 7,443,356,025 : 26%
2022-08-09 00:14:20 : 63,500,000 : 0 : 7,454,366,325 : 26%
2022-08-09 00:29:47 : 63,600,000 : 0 : 7,465,376,625 : 26%
2022-08-09 00:45:20 : 63,700,000 : 0 : 7,476,255,850 : 26%
2022-08-09 01:00:59 : 63,800,000 : 0 : 7,487,135,075 : 26%
2022-08-09 01:16:25 : 63,900,000 : 0 : 7,497,883,225 : 26%
2022-08-09 01:31:45 : 64,000,000 : 0 : 7,508,631,375 : 26%
2022-08-09 01:47:25 : 64,100,000 : 0 : 7,530,127,675 : 26%
2022-08-09 02:02:49 : 64,200,000 : 0 : 7,540,875,825 : 26%
2022-08-09 02:18:28 : 64,300,000 : 0 : 7,551,623,975 : 26%
2022-08-09 02:34:10 : 64,400,000 : 0 : 7,562,372,125 : 26%
2022-08-09 02:50:30 : 64,500,000 : 0 : 7,573,251,350 : 26%
2022-08-09 03:07:11 : 64,600,000 : 0 : 7,584,130,575 : 26%
2022-08-09 03:24:49 : 64,700,000 : 0 : 7,595,140,875 : 26%
2022-08-09 03:43:01 : 64,800,000 : 0 : 7,606,020,100 : 26%
2022-08-09 04:02:00 : 64,900,000 : 0 : 7,616,899,325 : 26%
2022-08-09 04:21:43 : 65,000,000 : 0 : 7,627,778,550 : 26%
2022-08-09 04:42:21 : 65,100,000 : 0 : 7,638,657,775 : 26%
2022-08-09 05:04:01 : 65,200,000 : 0 : 7,649,537,000 : 26%
2022-08-09 05:26:39 : 65,300,000 : 0 : 7,660,547,300 : 26%
2022-08-09 05:50:26 : 65,400,000 : 0 : 7,671,557,600 : 26%
2022-08-09 06:15:54 : 65,500,000 : 0 : 7,682,567,900 : 26%
2022-08-09 06:42:40 : 65,600,000 : 0 : 7,693,709,275 : 27%
2022-08-09 07:10:33 : 65,700,000 : 0 : 7,704,850,650 : 27%
2022-08-09 07:39:07 : 65,800,000 : 0 : 7,715,860,950 : 27%
2022-08-09 08:08:44 : 65,900,000 : 0 : 7,727,133,400 : 27%
2022-08-09 08:38:42 : 66,000,000 : 0 : 7,738,274,775 : 27%
2022-08-09 09:08:37 : 66,100,000 : 0 : 7,749,416,150 : 27%
2022-08-09 09:38:20 : 66,200,000 : 0 : 7,760,557,525 : 27%
2022-08-09 10:06:55 : 66,300,000 : 0 : 7,771,698,900 : 27%
2022-08-09 10:33:58 : 66,400,000 : 0 : 7,793,981,650 : 27%
2022-08-09 10:58:59 : 66,500,000 : 0 : 7,805,254,100 : 27%
2022-08-09 11:22:42 : 66,600,000 : 0 : 7,816,526,550 : 27%
2022-08-09 11:44:28 : 66,700,000 : 0 : 7,827,799,000 : 27%
2022-08-09 12:05:13 : 66,800,000 : 0 : 7,839,071,450 : 27%
2022-08-09 12:24:41 : 66,900,000 : 0 : 7,850,474,975 : 27%
2022-08-09 12:43:16 : 67,000,000 : 0 : 7,861,878,500 : 27%
2022-08-09 13:00:55 : 67,100,000 : 0 : 7,873,413,100 : 27%
2022-08-09 13:17:42 : 67,200,000 : 0 : 7,884,816,625 : 27%
2022-08-09 13:34:02 : 67,300,000 : 0 : 7,896,351,225 : 27%
2022-08-09 13:49:44 : 67,400,000 : 0 : 7,907,885,825 : 27%
2022-08-09 14:05:05 : 67,500,000 : 0 : 7,919,420,425 : 27%
2022-08-09 14:19:57 : 67,600,000 : 0 : 7,930,955,025 : 27%
2022-08-09 14:34:37 : 67,700,000 : 0 : 7,942,489,625 : 27%
2022-08-09 14:48:50 : 67,800,000 : 0 : 7,954,024,225 : 27%
2022-08-09 15:02:45 : 67,900,000 : 0 : 7,965,689,900 : 27%
2022-08-09 15:16:57 : 68,000,000 : 0 : 7,977,224,500 : 28%
2022-08-09 15:30:55 : 68,100,000 : 0 : 7,988,890,175 : 28%
2022-08-09 15:44:42 : 68,200,000 : 0 : 8,000,424,775 : 28%
2022-08-09 15:58:19 : 68,300,000 : 0 : 8,011,959,375 : 28%
2022-08-09 16:12:01 : 68,400,000 : 0 : 8,034,897,500 : 28%
2022-08-09 16:25:32 : 68,500,000 : 0 : 8,046,432,100 : 28%
2022-08-09 16:38:56 : 68,600,000 : 0 : 8,057,966,700 : 28%
2022-08-09 16:52:22 : 68,700,000 : 0 : 8,069,501,300 : 28%
2022-08-09 17:05:43 : 68,800,000 : 0 : 8,080,904,825 : 28%
2022-08-09 17:19:08 : 68,900,000 : 0 : 8,092,439,425 : 28%
2022-08-09 17:32:26 : 69,000,000 : 0 : 8,103,842,950 : 28%
2022-08-09 17:45:57 : 69,100,000 : 0 : 8,115,246,475 : 28%
2022-08-09 17:59:23 : 69,200,000 : 0 : 8,126,781,075 : 28%
2022-08-09 18:12:51 : 69,300,000 : 0 : 8,138,184,600 : 28%
2022-08-09 18:26:14 : 69,400,000 : 0 : 8,149,588,125 : 28%
2022-08-09 18:39:44 : 69,500,000 : 0 : 8,160,991,650 : 28%
2022-08-09 18:53:13 : 69,600,000 : 0 : 8,172,395,175 : 28%
2022-08-09 19:07:04 : 69,700,000 : 0 : 8,183,798,700 : 28%
2022-08-09 19:20:58 : 69,800,000 : 0 : 8,195,333,300 : 28%
2022-08-09 19:34:43 : 69,900,000 : 0 : 8,206,736,825 : 28%
2022-08-09 19:48:20 : 70,000,000 : 0 : 8,218,140,350 : 28%
2022-08-09 20:01:58 : 70,100,000 : 0 : 8,229,543,875 : 28%
2022-08-09 20:16:02 : 70,200,000 : 0 : 8,240,816,325 : 28%
2022-08-09 20:30:03 : 70,300,000 : 0 : 8,252,088,775 : 28%
2022-08-09 20:44:07 : 70,400,000 : 0 : 8,274,895,825 : 29%
2022-08-09 20:58:01 : 70,500,000 : 0 : 8,286,299,350 : 29%
2022-08-09 21:12:02 : 70,600,000 : 0 : 8,297,571,800 : 29%
2022-08-09 21:26:30 : 70,700,000 : 0 : 8,308,975,325 : 29%
2022-08-09 21:40:53 : 70,800,000 : 0 : 8,320,378,850 : 29%
2022-08-09 21:55:22 : 70,900,000 : 0 : 8,331,651,300 : 29%
2022-08-09 22:10:13 : 71,000,000 : 0 : 8,342,923,750 : 29%
2022-08-09 22:25:08 : 71,100,000 : 0 : 8,354,065,125 : 29%
2022-08-09 22:40:08 : 71,200,000 : 0 : 8,365,337,575 : 29%
2022-08-09 22:55:25 : 71,300,000 : 0 : 8,376,478,950 : 29%
2022-08-09 23:11:01 : 71,400,000 : 0 : 8,387,751,400 : 29%
2022-08-09 23:26:40 : 71,500,000 : 0 : 8,398,892,775 : 29%
2022-08-09 23:42:26 : 71,600,000 : 0 : 8,410,034,150 : 29%
2022-08-09 23:58:24 : 71,700,000 : 0 : 8,421,175,525 : 29%
2022-08-10 00:14:30 : 71,800,000 : 0 : 8,432,185,825 : 29%
2022-08-10 00:30:38 : 71,900,000 : 0 : 8,443,196,125 : 29%
2022-08-10 00:46:54 : 72,000,000 : 0 : 8,454,337,500 : 29%
2022-08-10 01:03:05 : 72,100,000 : 0 : 8,465,216,725 : 29%
2022-08-10 01:19:19 : 72,200,000 : 0 : 8,476,358,100 : 29%
2022-08-10 01:35:28 : 72,300,000 : 0 : 8,487,368,400 : 29%
2022-08-10 01:51:30 : 72,400,000 : 0 : 8,498,247,625 : 29%
2022-08-10 02:07:53 : 72,500,000 : 0 : 8,509,126,850 : 29%
2022-08-10 02:24:29 : 72,600,000 : 0 : 8,531,016,375 : 29%
2022-08-10 02:41:33 : 72,700,000 : 0 : 8,542,026,675 : 29%
2022-08-10 02:58:34 : 72,800,000 : 0 : 8,552,905,900 : 29%
2022-08-10 03:15:55 : 72,900,000 : 0 : 8,563,785,125 : 30%
2022-08-10 03:33:56 : 73,000,000 : 0 : 8,574,795,425 : 30%
2022-08-10 03:52:37 : 73,100,000 : 0 : 8,585,805,725 : 30%
2022-08-10 04:12:01 : 73,200,000 : 0 : 8,596,684,950 : 30%
2022-08-10 04:32:15 : 73,300,000 : 0 : 8,607,564,175 : 30%
2022-08-10 04:53:15 : 73,400,000 : 0 : 8,618,443,400 : 30%
2022-08-10 05:15:13 : 73,500,000 : 0 : 8,629,322,625 : 30%
2022-08-10 05:37:57 : 73,600,000 : 0 : 8,640,201,850 : 30%
2022-08-10 06:02:02 : 73,700,000 : 0 : 8,651,081,075 : 30%
2022-08-10 06:27:26 : 73,800,000 : 0 : 8,662,222,450 : 30%
2022-08-10 06:54:48 : 73,900,000 : 0 : 8,673,363,825 : 30%
2022-08-10 07:22:53 : 74,000,000 : 0 : 8,684,636,275 : 30%
2022-08-10 07:51:44 : 74,100,000 : 0 : 8,695,777,650 : 30%
2022-08-10 08:21:29 : 74,200,000 : 0 : 8,706,919,025 : 30%
2022-08-10 08:50:59 : 74,300,000 : 0 : 8,718,191,475 : 30%
2022-08-10 09:20:58 : 74,400,000 : 0 : 8,729,332,850 : 30%
2022-08-10 09:49:54 : 74,500,000 : 0 : 8,740,474,225 : 30%
2022-08-10 10:18:13 : 74,600,000 : 0 : 8,751,615,600 : 30%
2022-08-10 10:44:17 : 74,700,000 : 0 : 8,762,756,975 : 30%
2022-08-10 11:08:59 : 74,800,000 : 0 : 8,774,029,425 : 30%
2022-08-10 11:31:46 : 74,900,000 : 0 : 8,796,574,325 : 30%
2022-08-10 11:53:02 : 75,000,000 : 0 : 8,807,846,775 : 30%
2022-08-10 12:13:17 : 75,100,000 : 0 : 8,819,250,300 : 30%
2022-08-10 12:32:21 : 75,200,000 : 0 : 8,830,653,825 : 30%
2022-08-10 12:50:15 : 75,300,000 : 0 : 8,842,057,350 : 30%
2022-08-10 13:07:29 : 75,400,000 : 0 : 8,853,460,875 : 31%
2022-08-10 13:24:08 : 75,500,000 : 0 : 8,864,995,475 : 31%
2022-08-10 13:40:08 : 75,600,000 : 0 : 8,876,399,000 : 31%
2022-08-10 13:55:29 : 75,700,000 : 0 : 8,887,802,525 : 31%
2022-08-10 14:10:32 : 75,800,000 : 0 : 8,899,337,125 : 31%
2022-08-10 14:25:18 : 75,900,000 : 0 : 8,910,871,725 : 31%
2022-08-10 14:40:00 : 76,000,000 : 0 : 8,922,406,325 : 31%
2022-08-10 14:54:19 : 76,100,000 : 0 : 8,933,940,925 : 31%
2022-08-10 15:08:31 : 76,200,000 : 0 : 8,945,475,525 : 31%
2022-08-10 15:22:34 : 76,300,000 : 0 : 8,956,879,050 : 31%
2022-08-10 15:36:24 : 76,400,000 : 0 : 8,968,413,650 : 31%
2022-08-10 15:50:15 : 76,500,000 : 0 : 8,980,079,325 : 31%
2022-08-10 16:03:49 : 76,600,000 : 0 : 8,991,613,925 : 31%
2022-08-10 16:17:29 : 76,700,000 : 0 : 9,003,148,525 : 31%
2022-08-10 16:30:53 : 76,800,000 : 0 : 9,014,552,050 : 31%
2022-08-10 16:44:15 : 76,900,000 : 0 : 9,037,621,250 : 31%
2022-08-10 16:57:28 : 77,000,000 : 0 : 9,049,155,850 : 31%
2022-08-10 17:10:57 : 77,100,000 : 0 : 9,060,690,450 : 31%
2022-08-10 17:24:19 : 77,200,000 : 0 : 9,072,093,975 : 31%
2022-08-10 17:37:33 : 77,300,000 : 0 : 9,083,497,500 : 31%
2022-08-10 17:50:51 : 77,400,000 : 0 : 9,094,901,025 : 31%
2022-08-10 18:04:13 : 77,500,000 : 0 : 9,106,304,550 : 31%
2022-08-10 18:17:46 : 77,600,000 : 0 : 9,117,708,075 : 31%
2022-08-10 18:31:16 : 77,700,000 : 0 : 9,129,111,600 : 31%
2022-08-10 18:44:50 : 77,800,000 : 0 : 9,140,515,125 : 32%
2022-08-10 18:58:26 : 77,900,000 : 0 : 9,151,918,650 : 32%
2022-08-10 19:12:12 : 78,000,000 : 0 : 9,163,322,175 : 32%
2022-08-10 19:25:53 : 78,100,000 : 0 : 9,174,725,700 : 32%
2022-08-10 19:39:24 : 78,200,000 : 0 : 9,186,129,225 : 32%
2022-08-10 19:52:53 : 78,300,000 : 0 : 9,197,401,675 : 32%
2022-08-10 20:06:30 : 78,400,000 : 0 : 9,208,805,200 : 32%
2022-08-10 20:20:10 : 78,500,000 : 0 : 9,220,208,725 : 32%
2022-08-10 20:33:38 : 78,600,000 : 0 : 9,231,481,175 : 32%
2022-08-10 20:47:13 : 78,700,000 : 0 : 9,242,753,625 : 32%
2022-08-10 21:00:32 : 78,800,000 : 0 : 9,254,026,075 : 32%
2022-08-10 21:14:25 : 78,900,000 : 0 : 9,276,833,125 : 32%
2022-08-10 21:28:20 : 79,000,000 : 0 : 9,287,974,500 : 32%
2022-08-10 21:42:24 : 79,100,000 : 0 : 9,299,378,025 : 32%
2022-08-10 21:56:39 : 79,200,000 : 0 : 9,310,650,475 : 32%
2022-08-10 22:11:00 : 79,300,000 : 0 : 9,321,922,925 : 32%
2022-08-10 22:25:39 : 79,400,000 : 0 : 9,333,064,300 : 32%
2022-08-10 22:40:12 : 79,500,000 : 0 : 9,344,205,675 : 32%
2022-08-10 22:55:03 : 79,600,000 : 0 : 9,355,347,050 : 32%
2022-08-10 23:10:20 : 79,700,000 : 0 : 9,366,488,425 : 32%
2022-08-10 23:26:04 : 79,800,000 : 0 : 9,377,629,800 : 32%
2022-08-10 23:41:58 : 79,900,000 : 0 : 9,388,771,175 : 32%
2022-08-10 23:58:04 : 80,000,000 : 0 : 9,399,912,550 : 32%
2022-08-11 00:14:05 : 80,100,000 : 0 : 9,410,922,850 : 32%
2022-08-11 00:29:56 : 80,200,000 : 0 : 9,421,802,075 : 32%
2022-08-11 00:45:57 : 80,300,000 : 0 : 9,432,812,375 : 33%
2022-08-11 01:01:45 : 80,400,000 : 0 : 9,443,691,600 : 33%
2022-08-11 01:17:40 : 80,500,000 : 0 : 9,454,570,825 : 33%
2022-08-11 01:33:31 : 80,600,000 : 0 : 9,465,450,050 : 33%
2022-08-11 01:49:33 : 80,700,000 : 0 : 9,476,460,350 : 33%
2022-08-11 02:05:36 : 80,800,000 : 0 : 9,487,339,575 : 33%
2022-08-11 02:22:07 : 80,900,000 : 0 : 9,498,349,875 : 33%
2022-08-11 02:38:58 : 81,000,000 : 0 : 9,509,360,175 : 33%
2022-08-11 02:56:07 : 81,100,000 : 0 : 9,520,370,475 : 33%
2022-08-11 03:13:41 : 81,200,000 : 0 : 9,542,391,075 : 33%
2022-08-11 03:31:55 : 81,300,000 : 0 : 9,553,401,375 : 33%
2022-08-11 03:51:06 : 81,400,000 : 0 : 9,564,411,675 : 33%
2022-08-11 04:10:48 : 81,500,000 : 0 : 9,575,421,975 : 33%
2022-08-11 04:31:32 : 81,600,000 : 0 : 9,586,432,275 : 33%
2022-08-11 04:53:24 : 81,700,000 : 0 : 9,597,573,650 : 33%
2022-08-11 05:16:29 : 81,800,000 : 0 : 9,608,583,950 : 33%
2022-08-11 05:40:33 : 81,900,000 : 0 : 9,619,725,325 : 33%
2022-08-11 06:05:53 : 82,000,000 : 0 : 9,630,866,700 : 33%
2022-08-11 06:32:37 : 82,100,000 : 0 : 9,642,008,075 : 33%
2022-08-11 07:00:21 : 82,200,000 : 0 : 9,653,280,525 : 33%
2022-08-11 07:28:44 : 82,300,000 : 0 : 9,664,552,975 : 33%
2022-08-11 07:57:55 : 82,400,000 : 0 : 9,675,694,350 : 33%
2022-08-11 08:27:27 : 82,500,000 : 0 : 9,686,835,725 : 33%
2022-08-11 08:57:59 : 82,600,000 : 0 : 9,698,108,175 : 33%
2022-08-11 09:28:16 : 82,700,000 : 0 : 9,709,249,550 : 33%
2022-08-11 09:57:38 : 82,800,000 : 0 : 9,720,390,925 : 34%
2022-08-11 10:25:43 : 82,900,000 : 0 : 9,731,532,300 : 34%
2022-08-11 10:51:37 : 83,000,000 : 0 : 9,742,804,750 : 34%
2022-08-11 11:16:10 : 83,100,000 : 0 : 9,753,946,125 : 34%
2022-08-11 11:39:00 : 83,200,000 : 0 : 9,765,218,575 : 34%
2022-08-11 12:00:15 : 83,300,000 : 0 : 9,776,622,100 : 34%
2022-08-11 12:20:19 : 83,400,000 : 0 : 9,799,429,150 : 34%
2022-08-11 12:39:35 : 83,500,000 : 0 : 9,810,963,750 : 34%
2022-08-11 12:57:43 : 83,600,000 : 0 : 9,822,367,275 : 34%
2022-08-11 13:15:05 : 83,700,000 : 0 : 9,834,032,950 : 34%
2022-08-11 13:31:49 : 83,800,000 : 0 : 9,845,567,550 : 34%
2022-08-11 13:48:00 : 83,900,000 : 0 : 9,857,233,225 : 34%
2022-08-11 14:03:35 : 84,000,000 : 0 : 9,868,767,825 : 34%
2022-08-11 14:18:40 : 84,100,000 : 0 : 9,880,302,425 : 34%
2022-08-11 14:33:25 : 84,200,000 : 0 : 9,891,968,100 : 34%
2022-08-11 14:48:01 : 84,300,000 : 0 : 9,903,633,775 : 34%
2022-08-11 15:02:21 : 84,400,000 : 0 : 9,915,168,375 : 34%
2022-08-11 15:16:42 : 84,500,000 : 0 : 9,926,834,050 : 34%
2022-08-11 15:30:49 : 84,600,000 : 0 : 9,938,499,725 : 34%
2022-08-11 15:44:32 : 84,700,000 : 0 : 9,950,034,325 : 34%
2022-08-11 15:58:16 : 84,800,000 : 0 : 9,961,568,925 : 34%
2022-08-11 16:11:56 : 84,900,000 : 0 : 9,972,972,450 : 34%
2022-08-11 16:25:25 : 85,000,000 : 0 : 9,984,375,975 : 34%
2022-08-11 16:38:46 : 85,100,000 : 0 : 9,995,910,575 : 34%
2022-08-11 16:52:19 : 85,200,000 : 0 : 10,007,445,175 : 35%
2022-08-11 17:05:56 : 85,300,000 : 0 : 10,030,514,375 : 35%
2022-08-11 17:19:44 : 85,400,000 : 0 : 10,042,180,050 : 35%
2022-08-11 17:33:26 : 85,500,000 : 0 : 10,053,714,650 : 35%
2022-08-11 17:47:05 : 85,600,000 : 0 : 10,065,249,250 : 35%
2022-08-11 18:00:43 : 85,700,000 : 0 : 10,076,783,850 : 35%
2022-08-11 18:14:32 : 85,800,000 : 0 : 10,088,318,450 : 35%
2022-08-11 18:28:16 : 85,900,000 : 0 : 10,099,853,050 : 35%
2022-08-11 18:42:04 : 86,000,000 : 0 : 10,111,256,575 : 35%
2022-08-11 18:55:49 : 86,100,000 : 0 : 10,122,660,100 : 35%
2022-08-11 19:09:25 : 86,200,000 : 0 : 10,134,194,700 : 35%
2022-08-11 19:23:08 : 86,300,000 : 0 : 10,145,467,150 : 35%
2022-08-11 19:36:54 : 86,400,000 : 0 : 10,156,870,675 : 35%
2022-08-11 19:50:30 : 86,500,000 : 0 : 10,168,274,200 : 35%
2022-08-11 20:04:19 : 86,600,000 : 0 : 10,179,677,725 : 35%
2022-08-11 20:18:14 : 86,700,000 : 0 : 10,190,950,175 : 35%
2022-08-11 20:32:02 : 86,800,000 : 0 : 10,202,353,700 : 35%
2022-08-11 20:45:56 : 86,900,000 : 0 : 10,213,757,225 : 35%
2022-08-11 20:59:59 : 87,000,000 : 0 : 10,225,291,825 : 35%
2022-08-11 21:14:15 : 87,100,000 : 0 : 10,236,695,350 : 35%
2022-08-11 21:28:33 : 87,200,000 : 0 : 10,248,098,875 : 35%
2022-08-11 21:42:59 : 87,300,000 : 0 : 10,270,774,850 : 35%
2022-08-11 21:57:24 : 87,400,000 : 0 : 10,282,047,300 : 35%
2022-08-11 22:12:10 : 87,500,000 : 0 : 10,293,319,750 : 35%
2022-08-11 22:27:06 : 87,600,000 : 0 : 10,304,592,200 : 36%
2022-08-11 22:42:13 : 87,700,000 : 0 : 10,315,733,575 : 36%
2022-08-11 22:57:33 : 87,800,000 : 0 : 10,327,006,025 : 36%
2022-08-11 23:13:12 : 87,900,000 : 0 : 10,338,016,325 : 36%
2022-08-11 23:28:57 : 88,000,000 : 0 : 10,349,288,775 : 36%
2022-08-11 23:44:49 : 88,100,000 : 0 : 10,360,299,075 : 36%
2022-08-12 00:00:57 : 88,200,000 : 0 : 10,371,309,375 : 36%
2022-08-12 00:17:15 : 88,300,000 : 0 : 10,382,319,675 : 36%
2022-08-12 00:33:39 : 88,400,000 : 0 : 10,393,329,975 : 36%
2022-08-12 00:50:13 : 88,500,000 : 0 : 10,404,340,275 : 36%
2022-08-12 01:06:45 : 88,600,000 : 0 : 10,415,219,500 : 36%
2022-08-12 01:23:05 : 88,700,000 : 0 : 10,426,229,800 : 36%
2022-08-12 01:39:17 : 88,800,000 : 0 : 10,436,977,950 : 36%
2022-08-12 01:55:35 : 88,900,000 : 0 : 10,447,857,175 : 36%
2022-08-12 02:11:55 : 89,000,000 : 0 : 10,458,736,400 : 36%
2022-08-12 02:28:23 : 89,100,000 : 0 : 10,469,484,550 : 36%
2022-08-12 02:45:10 : 89,200,000 : 0 : 10,480,363,775 : 36%
2022-08-12 03:02:36 : 89,300,000 : 0 : 10,491,243,000 : 36%
2022-08-12 03:20:36 : 89,400,000 : 0 : 10,502,253,300 : 36%
2022-08-12 03:39:24 : 89,500,000 : 0 : 10,524,273,900 : 36%
2022-08-12 03:59:00 : 89,600,000 : 0 : 10,535,284,200 : 36%
2022-08-12 04:19:10 : 89,700,000 : 0 : 10,546,163,425 : 36%
2022-08-12 04:40:09 : 89,800,000 : 0 : 10,557,173,725 : 36%
2022-08-12 05:01:53 : 89,900,000 : 0 : 10,568,315,100 : 36%
2022-08-12 05:25:02 : 90,000,000 : 0 : 10,579,325,400 : 36%
2022-08-12 05:49:14 : 90,100,000 : 0 : 10,590,466,775 : 37%
2022-08-12 06:14:53 : 90,200,000 : 0 : 10,601,608,150 : 37%
2022-08-12 06:41:12 : 90,300,000 : 0 : 10,612,749,525 : 37%
2022-08-12 07:08:31 : 90,400,000 : 0 : 10,624,021,975 : 37%
2022-08-12 07:36:52 : 90,500,000 : 0 : 10,635,163,350 : 37%
2022-08-12 08:05:51 : 90,600,000 : 0 : 10,646,435,800 : 37%
2022-08-12 08:35:29 : 90,700,000 : 0 : 10,657,708,250 : 37%
2022-08-12 09:04:48 : 90,800,000 : 0 : 10,668,849,625 : 37%
2022-08-12 09:34:05 : 90,900,000 : 0 : 10,680,122,075 : 37%
2022-08-12 10:02:29 : 91,000,000 : 0 : 10,691,263,450 : 37%
2022-08-12 10:29:35 : 91,100,000 : 0 : 10,702,273,750 : 37%
2022-08-12 10:54:57 : 91,200,000 : 0 : 10,713,546,200 : 37%
2022-08-12 11:18:48 : 91,300,000 : 0 : 10,724,556,500 : 37%
2022-08-12 11:40:42 : 91,400,000 : 0 : 10,735,828,950 : 37%
2022-08-12 12:01:30 : 91,500,000 : 0 : 10,747,101,400 : 37%
2022-08-12 12:21:12 : 91,600,000 : 0 : 10,758,373,850 : 37%
2022-08-12 12:39:51 : 91,700,000 : 0 : 10,781,180,900 : 37%
2022-08-12 12:57:44 : 91,800,000 : 0 : 10,792,715,500 : 37%
2022-08-12 13:14:58 : 91,900,000 : 0 : 10,804,119,025 : 37%
2022-08-12 13:31:22 : 92,000,000 : 0 : 10,815,653,625 : 37%
2022-08-12 13:47:15 : 92,100,000 : 0 : 10,827,188,225 : 37%
2022-08-12 14:02:36 : 92,200,000 : 0 : 10,838,722,825 : 37%
2022-08-12 14:17:41 : 92,300,000 : 0 : 10,850,257,425 : 37%
2022-08-12 14:32:21 : 92,400,000 : 0 : 10,861,792,025 : 37%
2022-08-12 14:46:53 : 92,500,000 : 0 : 10,873,326,625 : 37%
2022-08-12 15:01:10 : 92,600,000 : 0 : 10,884,599,075 : 38%
2022-08-12 15:15:15 : 92,700,000 : 0 : 10,896,002,600 : 38%
2022-08-12 15:29:02 : 92,800,000 : 0 : 10,907,406,125 : 38%
2022-08-12 15:43:02 : 92,900,000 : 0 : 10,918,940,725 : 38%
2022-08-12 15:56:53 : 93,000,000 : 0 : 10,930,344,250 : 38%
2022-08-12 16:10:46 : 93,100,000 : 0 : 10,941,747,775 : 38%
2022-08-12 16:24:26 : 93,200,000 : 0 : 10,953,020,225 : 38%
2022-08-12 16:38:03 : 93,300,000 : 0 : 10,964,292,675 : 38%
2022-08-12 16:51:11 : 93,400,000 : 0 : 10,975,434,050 : 38%
2022-08-12 17:04:16 : 93,500,000 : 0 : 10,986,444,350 : 38%
2022-08-12 17:17:44 : 93,600,000 : 0 : 10,997,585,725 : 38%
2022-08-12 17:31:25 : 93,700,000 : 0 : 11,008,858,175 : 38%
2022-08-12 17:45:13 : 93,800,000 : 0 : 11,031,534,150 : 38%
2022-08-12 17:58:58 : 93,900,000 : 0 : 11,042,675,525 : 38%
2022-08-12 18:12:51 : 94,000,000 : 0 : 11,053,816,900 : 38%
2022-08-12 18:26:37 : 94,100,000 : 0 : 11,064,958,275 : 38%
2022-08-12 18:40:18 : 94,200,000 : 0 : 11,076,230,725 : 38%
2022-08-12 18:54:21 : 94,300,000 : 0 : 11,087,372,100 : 38%
2022-08-12 19:08:24 : 94,400,000 : 0 : 11,098,644,550 : 38%
2022-08-12 19:22:43 : 94,500,000 : 0 : 11,109,785,925 : 38%
2022-08-12 19:37:15 : 94,600,000 : 0 : 11,121,058,375 : 38%
2022-08-12 19:51:30 : 94,700,000 : 0 : 11,132,330,825 : 38%
2022-08-12 20:05:36 : 94,800,000 : 0 : 11,143,341,125 : 38%
2022-08-12 20:19:54 : 94,900,000 : 0 : 11,154,613,575 : 38%
2022-08-12 20:34:11 : 95,000,000 : 0 : 11,165,754,950 : 39%
2022-08-12 20:48:33 : 95,100,000 : 0 : 11,176,896,325 : 39%
2022-08-12 21:03:14 : 95,200,000 : 0 : 11,188,037,700 : 39%
2022-08-12 21:18:21 : 95,300,000 : 0 : 11,199,179,075 : 39%
2022-08-12 21:33:16 : 95,400,000 : 0 : 11,210,320,450 : 39%
2022-08-12 21:48:26 : 95,500,000 : 0 : 11,221,330,750 : 39%
2022-08-12 22:03:41 : 95,600,000 : 0 : 11,232,472,125 : 39%
2022-08-12 22:19:17 : 95,700,000 : 0 : 11,243,482,425 : 39%
2022-08-12 22:34:49 : 95,800,000 : 0 : 11,254,492,725 : 39%
2022-08-12 22:50:34 : 95,900,000 : 0 : 11,265,503,025 : 39%
2022-08-12 23:06:13 : 96,000,000 : 0 : 11,276,382,250 : 39%
2022-08-12 23:22:17 : 96,100,000 : 0 : 11,298,140,700 : 39%
2022-08-12 23:38:29 : 96,200,000 : 0 : 11,308,888,850 : 39%
2022-08-12 23:54:39 : 96,300,000 : 0 : 11,319,637,000 : 39%
2022-08-13 00:11:07 : 96,400,000 : 0 : 11,330,254,075 : 39%
2022-08-13 00:27:41 : 96,500,000 : 0 : 11,341,002,225 : 39%
2022-08-13 00:44:27 : 96,600,000 : 0 : 11,351,619,300 : 39%
2022-08-13 01:01:10 : 96,700,000 : 0 : 11,362,367,450 : 39%
2022-08-13 01:17:39 : 96,800,000 : 0 : 11,372,984,525 : 39%
2022-08-13 01:34:12 : 96,900,000 : 0 : 11,383,601,600 : 39%
2022-08-13 01:50:56 : 97,000,000 : 0 : 11,394,218,675 : 39%
2022-08-13 02:07:57 : 97,100,000 : 0 : 11,404,835,750 : 39%
2022-08-13 02:25:07 : 97,200,000 : 0 : 11,415,452,825 : 39%
2022-08-13 02:42:41 : 97,300,000 : 0 : 11,426,200,975 : 39%
2022-08-13 03:00:52 : 97,400,000 : 0 : 11,436,818,050 : 39%
2022-08-13 03:19:44 : 97,500,000 : 0 : 11,447,566,200 : 39%
2022-08-13 03:38:59 : 97,600,000 : 0 : 11,458,314,350 : 40%
2022-08-13 03:58:55 : 97,700,000 : 0 : 11,468,931,425 : 40%
2022-08-13 04:19:43 : 97,800,000 : 0 : 11,479,679,575 : 40%
2022-08-13 04:41:13 : 97,900,000 : 0 : 11,490,427,725 : 40%
2022-08-13 05:04:00 : 98,000,000 : 0 : 11,501,306,950 : 40%
2022-08-13 05:27:27 : 98,100,000 : 0 : 11,512,186,175 : 40%
2022-08-13 05:51:53 : 98,200,000 : 0 : 11,522,934,325 : 40%
2022-08-13 06:17:27 : 98,300,000 : 0 : 11,533,813,550 : 40%
2022-08-13 06:43:50 : 98,400,000 : 0 : 11,544,561,700 : 40%
2022-08-13 07:11:22 : 98,500,000 : 0 : 11,555,440,925 : 40%
2022-08-13 07:39:57 : 98,600,000 : 0 : 11,577,330,450 : 40%
2022-08-13 08:09:19 : 98,700,000 : 0 : 11,588,209,675 : 40%
2022-08-13 08:39:40 : 98,800,000 : 0 : 11,599,219,975 : 40%
2022-08-13 09:10:16 : 98,900,000 : 0 : 11,610,099,200 : 40%
2022-08-13 09:41:17 : 99,000,000 : 0 : 11,620,978,425 : 40%
2022-08-13 10:11:59 : 99,100,000 : 0 : 11,631,857,650 : 40%
2022-08-13 10:41:18 : 99,200,000 : 0 : 11,642,867,950 : 40%
2022-08-13 11:09:02 : 99,300,000 : 0 : 11,653,747,175 : 40%
2022-08-13 11:34:58 : 99,400,000 : 0 : 11,664,888,550 : 40%
2022-08-13 11:58:43 : 99,500,000 : 0 : 11,675,636,700 : 40%
2022-08-13 12:21:01 : 99,600,000 : 0 : 11,686,778,075 : 40%
2022-08-13 12:42:21 : 99,700,000 : 0 : 11,697,788,375 : 40%
2022-08-13 13:02:35 : 99,800,000 : 0 : 11,709,060,825 : 40%
2022-08-13 13:21:50 : 99,900,000 : 0 : 11,720,202,200 : 40%
2022-08-13 13:40:27 : 100,000,000 : 0 : 11,731,343,575 : 40%
2022-08-13 13:58:23 : 100,100,000 : 0 : 11,742,616,025 : 40%
2022-08-13 14:15:38 : 100,200,000 : 0 : 11,753,888,475 : 41%
2022-08-13 14:31:57 : 100,300,000 : 0 : 11,764,898,775 : 41%
2022-08-13 14:47:44 : 100,400,000 : 0 : 11,775,909,075 : 41%
2022-08-13 15:03:22 : 100,500,000 : 0 : 11,787,050,450 : 41%
2022-08-13 15:18:39 : 100,600,000 : 0 : 11,798,060,750 : 41%
2022-08-13 15:34:11 : 100,700,000 : 0 : 11,809,333,200 : 41%
2022-08-13 15:49:31 : 100,800,000 : 0 : 11,831,615,950 : 41%
2022-08-13 16:04:45 : 100,900,000 : 0 : 11,842,888,400 : 41%
2022-08-13 16:20:13 : 101,000,000 : 0 : 11,854,160,850 : 41%
2022-08-13 16:35:28 : 101,100,000 : 0 : 11,865,302,225 : 41%
2022-08-13 16:50:16 : 101,200,000 : 0 : 11,876,181,450 : 41%
2022-08-13 17:04:34 : 101,300,000 : 0 : 11,886,929,600 : 41%
2022-08-13 17:18:48 : 101,400,000 : 0 : 11,897,939,900 : 41%
2022-08-13 17:33:24 : 101,500,000 : 0 : 11,909,081,275 : 41%
2022-08-13 17:48:42 : 101,600,000 : 0 : 11,920,353,725 : 41%
2022-08-13 18:04:16 : 101,700,000 : 0 : 11,931,495,100 : 41%
2022-08-13 18:19:48 : 101,800,000 : 0 : 11,942,505,400 : 41%
2022-08-13 18:35:09 : 101,900,000 : 0 : 11,953,646,775 : 41%
2022-08-13 18:50:40 : 102,000,000 : 0 : 11,964,788,150 : 41%
2022-08-13 19:06:11 : 102,100,000 : 0 : 11,975,798,450 : 41%
2022-08-13 19:22:02 : 102,200,000 : 0 : 11,986,808,750 : 41%
2022-08-13 19:37:57 : 102,300,000 : 0 : 11,997,950,125 : 41%
2022-08-13 19:53:57 : 102,400,000 : 0 : 12,009,091,500 : 41%
2022-08-13 20:09:59 : 102,500,000 : 0 : 12,020,232,875 : 41%
2022-08-13 20:26:02 : 102,600,000 : 0 : 12,031,374,250 : 41%
2022-08-13 20:42:02 : 102,700,000 : 0 : 12,042,384,550 : 42%
2022-08-13 20:57:57 : 102,800,000 : 0 : 12,053,525,925 : 42%
2022-08-13 21:14:08 : 102,900,000 : 0 : 12,064,667,300 : 42%
2022-08-13 21:30:23 : 103,000,000 : 0 : 12,075,677,600 : 42%
2022-08-13 21:46:51 : 103,100,000 : 0 : 12,097,960,350 : 42%
2022-08-13 22:03:29 : 103,200,000 : 0 : 12,109,101,725 : 42%
2022-08-13 22:20:20 : 103,300,000 : 0 : 12,120,112,025 : 42%
2022-08-13 22:37:14 : 103,400,000 : 0 : 12,131,122,325 : 42%
2022-08-13 22:54:29 : 103,500,000 : 0 : 12,142,132,625 : 42%
2022-08-13 23:11:47 : 103,600,000 : 0 : 12,153,142,925 : 42%
2022-08-13 23:29:03 : 103,700,000 : 0 : 12,164,022,150 : 42%
2022-08-13 23:46:17 : 103,800,000 : 0 : 12,174,901,375 : 42%
2022-08-14 00:03:51 : 103,900,000 : 0 : 12,185,780,600 : 42%
2022-08-14 00:21:34 : 104,000,000 : 0 : 12,196,790,900 : 42%
2022-08-14 00:39:13 : 104,100,000 : 0 : 12,207,539,050 : 42%
2022-08-14 00:56:56 : 104,200,000 : 0 : 12,218,418,275 : 42%
2022-08-14 01:14:42 : 104,300,000 : 0 : 12,229,166,425 : 42%
2022-08-14 01:32:05 : 104,400,000 : 0 : 12,239,783,500 : 42%
2022-08-14 01:49:33 : 104,500,000 : 0 : 12,250,531,650 : 42%
2022-08-14 02:06:56 : 104,600,000 : 0 : 12,261,148,725 : 42%
2022-08-14 02:24:37 : 104,700,000 : 0 : 12,271,896,875 : 42%
2022-08-14 02:42:55 : 104,800,000 : 0 : 12,282,776,100 : 42%
2022-08-14 03:01:53 : 104,900,000 : 0 : 12,293,655,325 : 42%
2022-08-14 03:21:17 : 105,000,000 : 0 : 12,304,665,625 : 42%
2022-08-14 03:41:41 : 105,100,000 : 0 : 12,315,544,850 : 42%
2022-08-14 04:02:35 : 105,200,000 : 0 : 12,326,424,075 : 43%
2022-08-14 04:24:23 : 105,300,000 : 0 : 12,337,434,375 : 43%
2022-08-14 04:47:03 : 105,400,000 : 0 : 12,348,313,600 : 43%
2022-08-14 05:10:27 : 105,500,000 : 0 : 12,370,203,125 : 43%
2022-08-14 05:34:48 : 105,600,000 : 0 : 12,381,082,350 : 43%
2022-08-14 06:00:14 : 105,700,000 : 0 : 12,392,092,650 : 43%
2022-08-14 06:26:39 : 105,800,000 : 0 : 12,403,102,950 : 43%
2022-08-14 06:54:10 : 105,900,000 : 0 : 12,413,982,175 : 43%
2022-08-14 07:22:11 : 106,000,000 : 0 : 12,424,861,400 : 43%
2022-08-14 07:50:42 : 106,100,000 : 0 : 12,435,871,700 : 43%
2022-08-14 08:20:08 : 106,200,000 : 0 : 12,446,882,000 : 43%
2022-08-14 08:50:10 : 106,300,000 : 0 : 12,457,892,300 : 43%
2022-08-14 09:20:38 : 106,400,000 : 0 : 12,468,902,600 : 43%
2022-08-14 09:51:16 : 106,500,000 : 0 : 12,479,912,900 : 43%
2022-08-14 10:21:39 : 106,600,000 : 0 : 12,491,054,275 : 43%
2022-08-14 10:51:01 : 106,700,000 : 0 : 12,502,064,575 : 43%
2022-08-14 11:18:57 : 106,800,000 : 0 : 12,513,205,950 : 43%
2022-08-14 11:44:42 : 106,900,000 : 0 : 12,524,347,325 : 43%
2022-08-14 12:08:48 : 107,000,000 : 0 : 12,535,488,700 : 43%
2022-08-14 12:31:14 : 107,100,000 : 0 : 12,546,761,150 : 43%
2022-08-14 12:52:03 : 107,200,000 : 0 : 12,557,902,525 : 43%
2022-08-14 13:12:10 : 107,300,000 : 0 : 12,569,174,975 : 43%
2022-08-14 13:31:25 : 107,400,000 : 0 : 12,580,578,500 : 43%
2022-08-14 13:49:44 : 107,500,000 : 0 : 12,591,850,950 : 43%
2022-08-14 14:07:03 : 107,600,000 : 0 : 12,602,992,325 : 43%
2022-08-14 14:24:07 : 107,700,000 : 0 : 12,625,537,225 : 44%
2022-08-14 14:40:22 : 107,800,000 : 0 : 12,636,809,675 : 44%
2022-08-14 14:56:30 : 107,900,000 : 0 : 12,648,213,200 : 44%
2022-08-14 15:12:21 : 108,000,000 : 0 : 12,659,616,725 : 44%
2022-08-14 15:27:57 : 108,100,000 : 0 : 12,670,889,175 : 44%
2022-08-14 15:43:29 : 108,200,000 : 0 : 12,682,292,700 : 44%
2022-08-14 15:58:30 : 108,300,000 : 0 : 12,693,565,150 : 44%
2022-08-14 16:13:28 : 108,400,000 : 0 : 12,704,837,600 : 44%
2022-08-14 16:28:16 : 108,500,000 : 0 : 12,716,241,125 : 44%
2022-08-14 16:43:16 : 108,600,000 : 0 : 12,727,644,650 : 44%
2022-08-14 16:58:11 : 108,700,000 : 0 : 12,738,917,100 : 44%
2022-08-14 17:12:33 : 108,800,000 : 0 : 12,750,058,475 : 44%
2022-08-14 17:27:01 : 108,900,000 : 0 : 12,761,068,775 : 44%
2022-08-14 17:41:03 : 109,000,000 : 0 : 12,772,210,150 : 44%
2022-08-14 17:55:46 : 109,100,000 : 0 : 12,783,482,600 : 44%
2022-08-14 18:10:32 : 109,200,000 : 0 : 12,794,755,050 : 44%
2022-08-14 18:25:31 : 109,300,000 : 0 : 12,806,027,500 : 44%
2022-08-14 18:40:32 : 109,400,000 : 0 : 12,817,299,950 : 44%
2022-08-14 18:55:39 : 109,500,000 : 0 : 12,828,572,400 : 44%
2022-08-14 19:10:37 : 109,600,000 : 0 : 12,839,713,775 : 44%
2022-08-14 19:25:49 : 109,700,000 : 0 : 12,862,127,600 : 44%
2022-08-14 19:40:56 : 109,800,000 : 0 : 12,873,268,975 : 44%
2022-08-14 19:56:06 : 109,900,000 : 0 : 12,884,410,350 : 44%
2022-08-14 20:11:16 : 110,000,000 : 0 : 12,895,551,725 : 44%
2022-08-14 20:26:20 : 110,100,000 : 0 : 12,906,562,025 : 45%
2022-08-14 20:41:34 : 110,200,000 : 0 : 12,917,703,400 : 45%
2022-08-14 20:56:51 : 110,300,000 : 0 : 12,928,713,700 : 45%
2022-08-14 21:12:01 : 110,400,000 : 0 : 12,939,855,075 : 45%
2022-08-14 21:27:24 : 110,500,000 : 0 : 12,950,996,450 : 45%
2022-08-14 21:43:05 : 110,600,000 : 0 : 12,962,137,825 : 45%
2022-08-14 21:58:40 : 110,700,000 : 0 : 12,973,148,125 : 45%
2022-08-14 22:14:32 : 110,800,000 : 0 : 12,984,289,500 : 45%
2022-08-14 22:30:17 : 110,900,000 : 0 : 12,995,299,800 : 45%
2022-08-14 22:46:25 : 111,000,000 : 0 : 13,006,310,100 : 45%
2022-08-14 23:02:51 : 111,100,000 : 0 : 13,017,451,475 : 45%
2022-08-14 23:19:44 : 111,200,000 : 0 : 13,028,461,775 : 45%
2022-08-14 23:36:28 : 111,300,000 : 0 : 13,039,603,150 : 45%
2022-08-14 23:53:25 : 111,400,000 : 0 : 13,050,613,450 : 45%
2022-08-15 00:10:48 : 111,500,000 : 0 : 13,061,623,750 : 45%
2022-08-15 00:28:04 : 111,600,000 : 0 : 13,072,634,050 : 45%
2022-08-15 00:45:19 : 111,700,000 : 0 : 13,083,644,350 : 45%
2022-08-15 01:02:20 : 111,800,000 : 0 : 13,105,402,800 : 45%
2022-08-15 01:19:20 : 111,900,000 : 0 : 13,116,413,100 : 45%
2022-08-15 01:36:15 : 112,000,000 : 0 : 13,127,292,325 : 45%
2022-08-15 01:53:25 : 112,100,000 : 0 : 13,138,302,625 : 45%
2022-08-15 02:10:53 : 112,200,000 : 0 : 13,149,312,925 : 45%
2022-08-15 02:28:29 : 112,300,000 : 0 : 13,160,192,150 : 45%
2022-08-15 02:46:24 : 112,400,000 : 0 : 13,171,333,525 : 45%
2022-08-15 03:04:49 : 112,500,000 : 0 : 13,182,343,825 : 45%
2022-08-15 03:23:43 : 112,600,000 : 0 : 13,193,354,125 : 45%
2022-08-15 03:43:30 : 112,700,000 : 0 : 13,204,364,425 : 46%
2022-08-15 04:03:54 : 112,800,000 : 0 : 13,215,374,725 : 46%
2022-08-15 04:25:04 : 112,900,000 : 0 : 13,226,385,025 : 46%
2022-08-15 04:47:34 : 113,000,000 : 0 : 13,237,264,250 : 46%
2022-08-15 05:10:46 : 113,100,000 : 0 : 13,248,274,550 : 46%
2022-08-15 05:35:32 : 113,200,000 : 0 : 13,259,284,850 : 46%
2022-08-15 06:01:14 : 113,300,000 : 0 : 13,270,295,150 : 46%
2022-08-15 06:27:53 : 113,400,000 : 0 : 13,281,305,450 : 46%
2022-08-15 06:56:03 : 113,500,000 : 0 : 13,292,446,825 : 46%
2022-08-15 07:24:59 : 113,600,000 : 0 : 13,303,588,200 : 46%
2022-08-15 07:54:44 : 113,700,000 : 0 : 13,314,729,575 : 46%
2022-08-15 08:24:34 : 113,800,000 : 0 : 13,325,870,950 : 46%
2022-08-15 08:54:32 : 113,900,000 : 0 : 13,337,012,325 : 46%
2022-08-15 09:24:15 : 114,000,000 : 0 : 13,359,164,000 : 46%
2022-08-15 09:53:29 : 114,100,000 : 0 : 13,370,305,375 : 46%
2022-08-15 10:21:40 : 114,200,000 : 0 : 13,381,577,825 : 46%
2022-08-15 10:48:33 : 114,300,000 : 0 : 13,392,850,275 : 46%
2022-08-15 11:13:29 : 114,400,000 : 0 : 13,404,253,800 : 46%
2022-08-15 11:36:50 : 114,500,000 : 0 : 13,415,526,250 : 46%
2022-08-15 11:58:45 : 114,600,000 : 0 : 13,426,929,775 : 46%
2022-08-15 12:19:36 : 114,700,000 : 0 : 13,438,333,300 : 46%
2022-08-15 12:39:02 : 114,800,000 : 0 : 13,449,605,750 : 46%
2022-08-15 12:57:37 : 114,900,000 : 0 : 13,461,140,350 : 46%
2022-08-15 13:15:31 : 115,000,000 : 0 : 13,472,543,875 : 46%
2022-08-15 13:32:29 : 115,100,000 : 0 : 13,484,078,475 : 46%
2022-08-15 13:48:52 : 115,200,000 : 0 : 13,495,613,075 : 47%
2022-08-15 14:04:37 : 115,300,000 : 0 : 13,507,016,600 : 47%
2022-08-15 14:20:11 : 115,400,000 : 0 : 13,518,682,275 : 47%
2022-08-15 14:35:08 : 115,500,000 : 0 : 13,530,216,875 : 47%
2022-08-15 14:50:04 : 115,600,000 : 0 : 13,541,882,550 : 47%
2022-08-15 15:04:57 : 115,700,000 : 0 : 13,553,548,225 : 47%
2022-08-15 15:19:47 : 115,800,000 : 0 : 13,565,344,975 : 47%
2022-08-15 15:34:20 : 115,900,000 : 0 : 13,576,879,575 : 47%
2022-08-15 15:48:45 : 116,000,000 : 0 : 13,600,210,925 : 47%
2022-08-15 16:03:01 : 116,100,000 : 0 : 13,611,876,600 : 47%
2022-08-15 16:17:15 : 116,200,000 : 0 : 13,623,542,275 : 47%
2022-08-15 16:31:18 : 116,300,000 : 0 : 13,635,076,875 : 47%
2022-08-15 16:45:19 : 116,400,000 : 0 : 13,646,742,550 : 47%
2022-08-15 16:59:18 : 116,500,000 : 0 : 13,658,408,225 : 47%
2022-08-15 17:13:20 : 116,600,000 : 0 : 13,670,073,900 : 47%
2022-08-15 17:27:17 : 116,700,000 : 0 : 13,681,739,575 : 47%
2022-08-15 17:41:22 : 116,800,000 : 0 : 13,693,274,175 : 47%
2022-08-15 17:55:24 : 116,900,000 : 0 : 13,704,939,850 : 47%
2022-08-15 18:09:24 : 117,000,000 : 0 : 13,716,343,375 : 47%
2022-08-15 18:23:14 : 117,100,000 : 0 : 13,727,877,975 : 47%
2022-08-15 18:37:09 : 117,200,000 : 0 : 13,739,412,575 : 47%
2022-08-15 18:51:06 : 117,300,000 : 0 : 13,750,947,175 : 47%
2022-08-15 19:05:10 : 117,400,000 : 0 : 13,762,481,775 : 47%
2022-08-15 19:19:12 : 117,500,000 : 0 : 13,773,885,300 : 47%
2022-08-15 19:32:59 : 117,600,000 : 0 : 13,785,288,825 : 48%
2022-08-15 19:46:32 : 117,700,000 : 0 : 13,796,561,275 : 48%
2022-08-15 20:00:24 : 117,800,000 : 0 : 13,819,368,325 : 48%
2022-08-15 20:14:27 : 117,900,000 : 0 : 13,830,640,775 : 48%
2022-08-15 20:27:55 : 118,000,000 : 0 : 13,841,913,225 : 48%
2022-08-15 20:41:44 : 118,100,000 : 0 : 13,853,185,675 : 48%
2022-08-15 20:55:28 : 118,200,000 : 0 : 13,864,589,200 : 48%
2022-08-15 21:09:18 : 118,300,000 : 0 : 13,875,992,725 : 48%
2022-08-15 21:23:33 : 118,400,000 : 0 : 13,887,396,250 : 48%
2022-08-15 21:38:08 : 118,500,000 : 0 : 13,898,668,700 : 48%
2022-08-15 21:52:46 : 118,600,000 : 0 : 13,910,072,225 : 48%
2022-08-15 22:07:43 : 118,700,000 : 0 : 13,921,344,675 : 48%
2022-08-15 22:22:53 : 118,800,000 : 0 : 13,932,617,125 : 48%
2022-08-15 22:38:19 : 118,900,000 : 0 : 13,943,889,575 : 48%
2022-08-15 22:53:54 : 119,000,000 : 0 : 13,955,162,025 : 48%
2022-08-15 23:09:40 : 119,100,000 : 0 : 13,966,303,400 : 48%
2022-08-15 23:25:31 : 119,200,000 : 0 : 13,977,444,775 : 48%
2022-08-15 23:41:36 : 119,300,000 : 0 : 13,988,586,150 : 48%
2022-08-15 23:57:44 : 119,400,000 : 0 : 13,999,727,525 : 48%
2022-08-16 00:13:45 : 119,500,000 : 0 : 14,010,737,825 : 48%
2022-08-16 00:29:43 : 119,600,000 : 0 : 14,021,748,125 : 48%
2022-08-16 00:45:51 : 119,700,000 : 0 : 14,032,758,425 : 48%
2022-08-16 01:01:44 : 119,800,000 : 0 : 14,054,385,800 : 48%
2022-08-16 01:17:32 : 119,900,000 : 0 : 14,065,133,950 : 48%
2022-08-16 01:33:07 : 120,000,000 : 0 : 14,075,882,100 : 49%
2022-08-16 01:48:42 : 120,100,000 : 0 : 14,086,630,250 : 49%
2022-08-16 02:04:31 : 120,200,000 : 0 : 14,097,378,400 : 49%
2022-08-16 02:20:51 : 120,300,000 : 0 : 14,108,126,550 : 49%
2022-08-16 02:36:59 : 120,400,000 : 0 : 14,118,874,700 : 49%
2022-08-16 02:53:31 : 120,500,000 : 0 : 14,129,885,000 : 49%
2022-08-16 03:11:00 : 120,600,000 : 0 : 14,140,764,225 : 49%
2022-08-16 03:29:04 : 120,700,000 : 0 : 14,151,774,525 : 49%
2022-08-16 03:47:53 : 120,800,000 : 0 : 14,162,653,750 : 49%
2022-08-16 04:07:47 : 120,900,000 : 0 : 14,173,664,050 : 49%
2022-08-16 04:28:33 : 121,000,000 : 0 : 14,184,674,350 : 49%
2022-08-16 04:50:10 : 121,100,000 : 0 : 14,195,684,650 : 49%
2022-08-16 05:12:48 : 121,200,000 : 0 : 14,206,694,950 : 49%
2022-08-16 05:36:57 : 121,300,000 : 0 : 14,217,836,325 : 49%
2022-08-16 06:02:15 : 121,400,000 : 0 : 14,228,846,625 : 49%
2022-08-16 06:28:50 : 121,500,000 : 0 : 14,239,988,000 : 49%
2022-08-16 06:56:31 : 121,600,000 : 0 : 14,251,129,375 : 49%
2022-08-16 07:25:19 : 121,700,000 : 0 : 14,262,401,825 : 49%
2022-08-16 07:55:26 : 121,800,000 : 0 : 14,273,543,200 : 49%
2022-08-16 08:25:43 : 121,900,000 : 0 : 14,295,825,950 : 49%
2022-08-16 08:56:07 : 122,000,000 : 0 : 14,307,098,400 : 49%
2022-08-16 09:26:20 : 122,100,000 : 0 : 14,318,239,775 : 49%
2022-08-16 09:55:51 : 122,200,000 : 0 : 14,329,381,150 : 49%
2022-08-16 10:24:03 : 122,300,000 : 0 : 14,340,522,525 : 49%
2022-08-16 10:49:58 : 122,400,000 : 0 : 14,351,794,975 : 49%
2022-08-16 11:14:10 : 122,500,000 : 0 : 14,363,067,425 : 50%
2022-08-16 11:36:50 : 122,600,000 : 0 : 14,374,339,875 : 50%
2022-08-16 11:58:03 : 122,700,000 : 0 : 14,385,612,325 : 50%
2022-08-16 12:18:10 : 122,800,000 : 0 : 14,397,146,925 : 50%
2022-08-16 12:36:57 : 122,900,000 : 0 : 14,408,550,450 : 50%
2022-08-16 12:54:55 : 123,000,000 : 0 : 14,420,085,050 : 50%
2022-08-16 13:12:26 : 123,100,000 : 0 : 14,431,488,575 : 50%
2022-08-16 13:29:12 : 123,200,000 : 0 : 14,443,023,175 : 50%
2022-08-16 13:45:35 : 123,300,000 : 0 : 14,454,557,775 : 50%
2022-08-16 14:01:17 : 123,400,000 : 0 : 14,466,223,450 : 50%
2022-08-16 14:16:27 : 123,500,000 : 0 : 14,477,626,975 : 50%
2022-08-16 14:31:09 : 123,600,000 : 0 : 14,489,161,575 : 50%
2022-08-16 14:45:37 : 123,700,000 : 0 : 14,500,565,100 : 50%
2022-08-16 14:59:56 : 123,800,000 : 0 : 14,512,230,775 : 50%
2022-08-16 15:11:29 : 123,900,000 : 0 : 14,533,464,925 : 50%
2022-08-16 15:25:09 : 124,000,000 : 0 : 14,544,737,375 : 50%
2022-08-16 15:38:29 : 124,100,000 : 0 : 14,556,140,900 : 50%
2022-08-16 15:51:57 : 124,200,000 : 0 : 14,567,544,425 : 50%
2022-08-16 16:05:30 : 124,300,000 : 0 : 14,579,079,025 : 50%
2022-08-16 16:19:08 : 124,400,000 : 0 : 14,590,482,550 : 50%
2022-08-16 16:32:25 : 124,500,000 : 0 : 14,601,886,075 : 50%
2022-08-16 16:45:53 : 124,600,000 : 0 : 14,613,420,675 : 50%
2022-08-16 16:59:19 : 124,700,000 : 0 : 14,624,955,275 : 50%
2022-08-16 17:12:58 : 124,800,000 : 0 : 14,636,489,875 : 50%
2022-08-16 17:26:33 : 124,900,000 : 0 : 14,648,024,475 : 51%
2022-08-16 17:40:12 : 125,000,000 : 0 : 14,659,559,075 : 51%
2022-08-16 17:53:47 : 125,100,000 : 0 : 14,671,093,675 : 51%
2022-08-16 18:07:33 : 125,200,000 : 0 : 14,682,497,200 : 51%
2022-08-16 18:21:28 : 125,300,000 : 0 : 14,694,031,800 : 51%
2022-08-16 18:35:27 : 125,400,000 : 0 : 14,705,566,400 : 51%
2022-08-16 18:49:01 : 125,500,000 : 0 : 14,716,838,850 : 51%
2022-08-16 19:02:28 : 125,600,000 : 0 : 14,728,373,450 : 51%
2022-08-16 19:16:16 : 125,700,000 : 0 : 14,739,776,975 : 51%
2022-08-16 19:30:10 : 125,800,000 : 0 : 14,762,715,100 : 51%
2022-08-16 19:44:01 : 125,900,000 : 0 : 14,774,118,625 : 51%
2022-08-16 19:57:59 : 126,000,000 : 0 : 14,785,522,150 : 51%
2022-08-16 20:12:14 : 126,100,000 : 0 : 14,797,056,750 : 51%
2022-08-16 20:26:27 : 126,200,000 : 0 : 14,808,591,350 : 51%
2022-08-16 20:40:49 : 126,300,000 : 0 : 14,819,994,875 : 51%
2022-08-16 20:55:06 : 126,400,000 : 0 : 14,831,398,400 : 51%
2022-08-16 21:09:29 : 126,500,000 : 0 : 14,842,933,000 : 51%
2022-08-16 21:24:13 : 126,600,000 : 0 : 14,854,336,525 : 51%
2022-08-16 21:38:52 : 126,700,000 : 0 : 14,865,740,050 : 51%
2022-08-16 21:53:51 : 126,800,000 : 0 : 14,877,012,500 : 51%
2022-08-16 22:09:15 : 126,900,000 : 0 : 14,888,284,950 : 51%
2022-08-16 22:25:01 : 127,000,000 : 0 : 14,899,426,325 : 51%
2022-08-16 22:40:41 : 127,100,000 : 0 : 14,910,698,775 : 51%
2022-08-16 22:56:21 : 127,200,000 : 0 : 14,921,971,225 : 51%
2022-08-16 23:12:23 : 127,300,000 : 0 : 14,933,243,675 : 51%
2022-08-16 23:28:04 : 127,400,000 : 0 : 14,944,385,050 : 52%
2022-08-16 23:43:56 : 127,500,000 : 0 : 14,955,526,425 : 52%
2022-08-17 00:00:01 : 127,600,000 : 0 : 14,966,667,800 : 52%
2022-08-17 00:16:14 : 127,700,000 : 0 : 14,977,809,175 : 52%
2022-08-17 00:32:14 : 127,800,000 : 0 : 14,999,698,700 : 52%
2022-08-17 00:48:18 : 127,900,000 : 0 : 15,010,709,000 : 52%
2022-08-17 01:04:18 : 128,000,000 : 0 : 15,021,719,300 : 52%
2022-08-17 01:20:30 : 128,100,000 : 0 : 15,032,598,525 : 52%
2022-08-17 01:36:37 : 128,200,000 : 0 : 15,043,608,825 : 52%
2022-08-17 01:52:40 : 128,300,000 : 0 : 15,054,619,125 : 52%
2022-08-17 02:08:54 : 128,400,000 : 0 : 15,065,498,350 : 52%
2022-08-17 02:25:32 : 128,500,000 : 0 : 15,076,508,650 : 52%
2022-08-17 02:42:35 : 128,600,000 : 0 : 15,087,518,950 : 52%
2022-08-17 03:00:02 : 128,700,000 : 0 : 15,098,529,250 : 52%
2022-08-17 03:18:08 : 128,800,000 : 0 : 15,109,539,550 : 52%
2022-08-17 03:36:33 : 128,900,000 : 0 : 15,120,549,850 : 52%
2022-08-17 03:56:04 : 129,000,000 : 0 : 15,131,691,225 : 52%
2022-08-17 04:16:16 : 129,100,000 : 0 : 15,142,570,450 : 52%
2022-08-17 04:37:36 : 129,200,000 : 0 : 15,153,711,825 : 52%
2022-08-17 05:00:21 : 129,300,000 : 0 : 15,164,722,125 : 52%
2022-08-17 05:24:14 : 129,400,000 : 0 : 15,175,863,500 : 52%
2022-08-17 05:49:27 : 129,500,000 : 0 : 15,187,135,950 : 52%
2022-08-17 06:15:56 : 129,600,000 : 0 : 15,198,277,325 : 52%
2022-08-17 06:43:15 : 129,700,000 : 0 : 15,209,549,775 : 52%
2022-08-17 07:11:41 : 129,800,000 : 0 : 15,220,691,150 : 52%
2022-08-17 07:40:42 : 129,900,000 : 0 : 15,231,832,525 : 53%
2022-08-17 08:10:37 : 130,000,000 : 0 : 15,254,377,425 : 53%
2022-08-17 08:40:43 : 130,100,000 : 0 : 15,265,518,800 : 53%
2022-08-17 09:10:32 : 130,200,000 : 0 : 15,276,791,250 : 53%
2022-08-17 09:40:09 : 130,300,000 : 0 : 15,288,063,700 : 53%
2022-08-17 10:08:59 : 130,400,000 : 0 : 15,299,205,075 : 53%
2022-08-17 10:35:49 : 130,500,000 : 0 : 15,310,346,450 : 53%
2022-08-17 11:00:37 : 130,600,000 : 0 : 15,321,618,900 : 53%
2022-08-17 11:23:44 : 130,700,000 : 0 : 15,332,891,350 : 53%
2022-08-17 11:45:17 : 130,800,000 : 0 : 15,344,163,800 : 53%
2022-08-17 12:05:31 : 130,900,000 : 0 : 15,355,567,325 : 53%
2022-08-17 12:24:47 : 131,000,000 : 0 : 15,366,839,775 : 53%
2022-08-17 12:42:54 : 131,100,000 : 0 : 15,378,243,300 : 53%
2022-08-17 13:00:15 : 131,200,000 : 0 : 15,389,646,825 : 53%
2022-08-17 13:16:48 : 131,300,000 : 0 : 15,401,050,350 : 53%
2022-08-17 13:32:52 : 131,400,000 : 0 : 15,412,584,950 : 53%
2022-08-17 13:48:18 : 131,500,000 : 0 : 15,424,119,550 : 53%
2022-08-17 14:03:07 : 131,600,000 : 0 : 15,435,523,075 : 53%
2022-08-17 14:17:58 : 131,700,000 : 0 : 15,447,057,675 : 53%
2022-08-17 14:32:29 : 131,800,000 : 0 : 15,458,723,350 : 53%
2022-08-17 14:46:50 : 131,900,000 : 0 : 15,481,923,625 : 53%
2022-08-17 15:01:01 : 132,000,000 : 0 : 15,493,458,225 : 53%
2022-08-17 15:15:09 : 132,100,000 : 0 : 15,505,123,900 : 53%
2022-08-17 15:29:10 : 132,200,000 : 0 : 15,516,789,575 : 54%
2022-08-17 15:43:06 : 132,300,000 : 0 : 15,528,324,175 : 54%
2022-08-17 15:56:55 : 132,400,000 : 0 : 15,539,989,850 : 54%
2022-08-17 16:10:48 : 132,500,000 : 0 : 15,551,655,525 : 54%
2022-08-17 16:24:29 : 132,600,000 : 0 : 15,563,190,125 : 54%
2022-08-17 16:38:06 : 132,700,000 : 0 : 15,574,724,725 : 54%
2022-08-17 16:51:36 : 132,800,000 : 0 : 15,586,259,325 : 54%
2022-08-17 17:05:09 : 132,900,000 : 0 : 15,597,925,000 : 54%
2022-08-17 17:18:59 : 133,000,000 : 0 : 15,609,459,600 : 54%
2022-08-17 17:32:34 : 133,100,000 : 0 : 15,620,994,200 : 54%
2022-08-17 17:46:05 : 133,200,000 : 0 : 15,632,397,725 : 54%
2022-08-17 17:59:33 : 133,300,000 : 0 : 15,643,932,325 : 54%
2022-08-17 18:13:11 : 133,400,000 : 0 : 15,655,335,850 : 54%
2022-08-17 18:26:37 : 133,500,000 : 0 : 15,666,870,450 : 54%
2022-08-17 18:40:08 : 133,600,000 : 0 : 15,678,273,975 : 54%
2022-08-17 18:53:38 : 133,700,000 : 0 : 15,689,808,575 : 54%
2022-08-17 19:07:13 : 133,800,000 : 0 : 15,701,212,100 : 54%
2022-08-17 19:21:03 : 133,900,000 : 0 : 15,724,019,150 : 54%
2022-08-17 19:34:44 : 134,000,000 : 0 : 15,735,291,600 : 54%
2022-08-17 19:48:20 : 134,100,000 : 0 : 15,746,695,125 : 54%
2022-08-17 20:01:48 : 134,200,000 : 0 : 15,757,967,575 : 54%
2022-08-17 20:15:11 : 134,300,000 : 0 : 15,769,240,025 : 54%
2022-08-17 20:28:32 : 134,400,000 : 0 : 15,780,643,550 : 54%
2022-08-17 20:41:55 : 134,500,000 : 0 : 15,791,916,000 : 54%
2022-08-17 20:55:21 : 134,600,000 : 0 : 15,803,188,450 : 54%
2022-08-17 21:08:59 : 134,700,000 : 0 : 15,814,460,900 : 55%
2022-08-17 21:22:40 : 134,800,000 : 0 : 15,825,733,350 : 55%
2022-08-17 21:36:36 : 134,900,000 : 0 : 15,836,874,725 : 55%
2022-08-17 21:50:40 : 135,000,000 : 0 : 15,848,147,175 : 55%
2022-08-17 22:04:47 : 135,100,000 : 0 : 15,859,419,625 : 55%
2022-08-17 22:19:31 : 135,200,000 : 0 : 15,870,561,000 : 55%
2022-08-17 22:34:22 : 135,300,000 : 0 : 15,881,833,450 : 55%
2022-08-17 22:49:20 : 135,400,000 : 0 : 15,892,974,825 : 55%
2022-08-17 23:04:47 : 135,500,000 : 0 : 15,904,247,275 : 55%
2022-08-17 23:20:27 : 135,600,000 : 0 : 15,915,388,650 : 55%
2022-08-17 23:36:12 : 135,700,000 : 0 : 15,926,530,025 : 55%
2022-08-17 23:51:53 : 135,800,000 : 0 : 15,937,671,400 : 55%
2022-08-18 00:07:40 : 135,900,000 : 0 : 15,959,692,000 : 55%
2022-08-18 00:23:31 : 136,000,000 : 0 : 15,970,702,300 : 55%
2022-08-18 00:39:41 : 136,100,000 : 0 : 15,981,581,525 : 55%
2022-08-18 00:55:51 : 136,200,000 : 0 : 15,992,460,750 : 55%
2022-08-18 01:11:34 : 136,300,000 : 0 : 16,003,339,975 : 55%
2022-08-18 01:27:23 : 136,400,000 : 0 : 16,014,219,200 : 55%
2022-08-18 01:43:17 : 136,500,000 : 0 : 16,025,229,500 : 55%
2022-08-18 01:59:22 : 136,600,000 : 0 : 16,036,239,800 : 55%
2022-08-18 02:15:34 : 136,700,000 : 0 : 16,047,250,100 : 55%
2022-08-18 02:32:17 : 136,800,000 : 0 : 16,058,129,325 : 55%
2022-08-18 02:49:15 : 136,900,000 : 0 : 16,069,139,625 : 55%
2022-08-18 03:06:34 : 137,000,000 : 0 : 16,080,018,850 : 55%
2022-08-18 03:24:29 : 137,100,000 : 0 : 16,091,160,225 : 55%
2022-08-18 03:43:11 : 137,200,000 : 0 : 16,102,039,450 : 56%
2022-08-18 04:02:34 : 137,300,000 : 0 : 16,113,049,750 : 56%
2022-08-18 04:23:07 : 137,400,000 : 0 : 16,124,060,050 : 56%
2022-08-18 04:44:58 : 137,500,000 : 0 : 16,135,201,425 : 56%
2022-08-18 05:08:05 : 137,600,000 : 0 : 16,146,342,800 : 56%
2022-08-18 05:32:12 : 137,700,000 : 0 : 16,157,353,100 : 56%
2022-08-18 05:57:38 : 137,800,000 : 0 : 16,168,625,550 : 56%
2022-08-18 06:24:15 : 137,900,000 : 0 : 16,179,766,925 : 56%
2022-08-18 06:52:01 : 138,000,000 : 0 : 16,190,908,300 : 56%
2022-08-18 07:20:18 : 138,100,000 : 0 : 16,202,180,750 : 56%
2022-08-18 07:48:58 : 138,200,000 : 0 : 16,224,463,500 : 56%
2022-08-18 08:18:22 : 138,300,000 : 0 : 16,235,735,950 : 56%
2022-08-18 08:48:07 : 138,400,000 : 0 : 16,247,008,400 : 56%
2022-08-18 09:17:39 : 138,500,000 : 0 : 16,258,280,850 : 56%
2022-08-18 09:46:38 : 138,600,000 : 0 : 16,269,422,225 : 56%
2022-08-18 10:14:14 : 138,700,000 : 0 : 16,280,563,600 : 56%
2022-08-18 10:39:57 : 138,800,000 : 0 : 16,291,704,975 : 56%
2022-08-18 11:03:54 : 138,900,000 : 0 : 16,302,846,350 : 56%
2022-08-18 11:26:01 : 139,000,000 : 0 : 16,313,987,725 : 56%
2022-08-18 11:46:38 : 139,100,000 : 0 : 16,325,260,175 : 56%
2022-08-18 12:06:19 : 139,200,000 : 0 : 16,336,532,625 : 56%
2022-08-18 12:25:23 : 139,300,000 : 0 : 16,347,936,150 : 56%
2022-08-18 12:43:28 : 139,400,000 : 0 : 16,359,339,675 : 56%
2022-08-18 13:00:50 : 139,500,000 : 0 : 16,370,743,200 : 56%
2022-08-18 13:17:24 : 139,600,000 : 0 : 16,382,146,725 : 56%
2022-08-18 13:33:19 : 139,700,000 : 0 : 16,393,681,325 : 57%
2022-08-18 13:48:52 : 139,800,000 : 0 : 16,405,084,850 : 57%
2022-08-18 14:03:49 : 139,900,000 : 0 : 16,416,619,450 : 57%
2022-08-18 14:18:31 : 140,000,000 : 0 : 16,428,154,050 : 57%
2022-08-18 14:32:58 : 140,100,000 : 0 : 16,439,557,575 : 57%
2022-08-18 14:47:10 : 140,200,000 : 0 : 16,462,757,850 : 57%
2022-08-18 15:01:27 : 140,300,000 : 0 : 16,474,423,525 : 57%
2022-08-18 15:16:04 : 140,400,000 : 0 : 16,486,089,200 : 57%
2022-08-18 15:30:38 : 140,500,000 : 0 : 16,497,754,875 : 57%
2022-08-18 15:45:15 : 140,600,000 : 0 : 16,509,420,550 : 57%
2022-08-18 15:59:36 : 140,700,000 : 0 : 16,521,086,225 : 57%
2022-08-18 16:13:53 : 140,800,000 : 0 : 16,532,489,750 : 57%
2022-08-18 16:28:04 : 140,900,000 : 0 : 16,544,155,425 : 57%
2022-08-18 16:42:05 : 141,000,000 : 0 : 16,555,558,950 : 57%
2022-08-18 16:56:04 : 141,100,000 : 0 : 16,567,093,550 : 57%
2022-08-18 17:10:11 : 141,200,000 : 0 : 16,578,497,075 : 57%
2022-08-18 17:24:28 : 141,300,000 : 0 : 16,590,162,750 : 57%
2022-08-18 17:38:41 : 141,400,000 : 0 : 16,601,566,275 : 57%
2022-08-18 17:52:49 : 141,500,000 : 0 : 16,613,100,875 : 57%
2022-08-18 18:06:48 : 141,600,000 : 0 : 16,624,635,475 : 57%
2022-08-18 18:20:57 : 141,700,000 : 0 : 16,636,170,075 : 57%
2022-08-18 18:34:56 : 141,800,000 : 0 : 16,647,573,600 : 57%
2022-08-18 18:48:52 : 141,900,000 : 0 : 16,659,108,200 : 57%
2022-08-18 19:02:38 : 142,000,000 : 0 : 16,670,511,725 : 57%
2022-08-18 19:16:37 : 142,100,000 : 0 : 16,693,449,850 : 58%
2022-08-18 19:30:30 : 142,200,000 : 0 : 16,704,853,375 : 58%
2022-08-18 19:44:20 : 142,300,000 : 0 : 16,716,256,900 : 58%
2022-08-18 19:58:04 : 142,400,000 : 0 : 16,727,660,425 : 58%
2022-08-18 20:11:55 : 142,500,000 : 0 : 16,738,932,875 : 58%
2022-08-18 20:25:37 : 142,600,000 : 0 : 16,750,074,250 : 58%
2022-08-18 20:39:02 : 142,700,000 : 0 : 16,761,346,700 : 58%
2022-08-18 20:52:11 : 142,800,000 : 0 : 16,772,488,075 : 58%
2022-08-18 21:05:43 : 142,900,000 : 0 : 16,783,760,525 : 58%
2022-08-18 21:19:33 : 143,000,000 : 0 : 16,794,901,900 : 58%
2022-08-18 21:33:16 : 143,100,000 : 0 : 16,806,043,275 : 58%
2022-08-18 21:47:13 : 143,200,000 : 0 : 16,817,184,650 : 58%
2022-08-18 22:01:10 : 143,300,000 : 0 : 16,828,326,025 : 58%
2022-08-18 22:15:28 : 143,400,000 : 0 : 16,839,467,400 : 58%
2022-08-18 22:29:53 : 143,500,000 : 0 : 16,850,608,775 : 58%
2022-08-18 22:44:26 : 143,600,000 : 0 : 16,861,619,075 : 58%
2022-08-18 22:59:28 : 143,700,000 : 0 : 16,872,760,450 : 58%
2022-08-18 23:14:44 : 143,800,000 : 0 : 16,883,901,825 : 58%
2022-08-18 23:30:11 : 143,900,000 : 0 : 16,895,043,200 : 58%
2022-08-18 23:46:01 : 144,000,000 : 0 : 16,906,053,500 : 58%
2022-08-19 00:01:49 : 144,100,000 : 0 : 16,917,194,875 : 58%
2022-08-19 00:17:59 : 144,200,000 : 0 : 16,928,074,100 : 58%
2022-08-19 00:34:11 : 144,300,000 : 0 : 16,950,094,700 : 58%
2022-08-19 00:50:24 : 144,400,000 : 0 : 16,960,973,925 : 58%
2022-08-19 01:06:43 : 144,500,000 : 0 : 16,971,853,150 : 59%
2022-08-19 01:22:56 : 144,600,000 : 0 : 16,982,732,375 : 59%
2022-08-19 01:39:04 : 144,700,000 : 0 : 16,993,611,600 : 59%
2022-08-19 01:55:24 : 144,800,000 : 0 : 17,004,359,750 : 59%
2022-08-19 02:11:52 : 144,900,000 : 0 : 17,015,238,975 : 59%
2022-08-19 02:28:39 : 145,000,000 : 0 : 17,026,118,200 : 59%
2022-08-19 02:45:40 : 145,100,000 : 0 : 17,036,997,425 : 59%
2022-08-19 03:03:04 : 145,200,000 : 0 : 17,047,876,650 : 59%
2022-08-19 03:21:14 : 145,300,000 : 0 : 17,058,755,875 : 59%
2022-08-19 03:39:51 : 145,400,000 : 0 : 17,069,766,175 : 59%
2022-08-19 03:59:04 : 145,500,000 : 0 : 17,080,645,400 : 59%
2022-08-19 04:19:14 : 145,600,000 : 0 : 17,091,524,625 : 59%
2022-08-19 04:40:25 : 145,700,000 : 0 : 17,102,534,925 : 59%
2022-08-19 05:02:34 : 145,800,000 : 0 : 17,113,545,225 : 59%
2022-08-19 05:25:46 : 145,900,000 : 0 : 17,124,686,600 : 59%
2022-08-19 05:49:57 : 146,000,000 : 0 : 17,135,696,900 : 59%
2022-08-19 06:15:21 : 146,100,000 : 0 : 17,146,838,275 : 59%
2022-08-19 06:41:38 : 146,200,000 : 0 : 17,158,110,725 : 59%
2022-08-19 07:09:06 : 146,300,000 : 0 : 17,169,252,100 : 59%
2022-08-19 07:37:29 : 146,400,000 : 0 : 17,180,524,550 : 59%
2022-08-19 08:06:12 : 146,500,000 : 0 : 17,191,665,925 : 59%
2022-08-19 08:35:21 : 146,600,000 : 0 : 17,214,210,825 : 59%
2022-08-19 09:04:44 : 146,700,000 : 0 : 17,225,352,200 : 59%
2022-08-19 09:33:58 : 146,800,000 : 0 : 17,236,493,575 : 59%
2022-08-19 10:02:09 : 146,900,000 : 0 : 17,247,503,875 : 59%
2022-08-19 10:28:36 : 147,000,000 : 0 : 17,258,645,250 : 60%
2022-08-19 10:52:50 : 147,100,000 : 0 : 17,269,655,550 : 60%
2022-08-19 11:15:42 : 147,200,000 : 0 : 17,280,796,925 : 60%
2022-08-19 11:37:01 : 147,300,000 : 0 : 17,291,938,300 : 60%
2022-08-19 11:57:05 : 147,400,000 : 0 : 17,303,210,750 : 60%
2022-08-19 12:16:15 : 147,500,000 : 0 : 17,314,483,200 : 60%
2022-08-19 12:34:27 : 147,600,000 : 0 : 17,325,755,650 : 60%
2022-08-19 12:51:46 : 147,700,000 : 0 : 17,337,159,175 : 60%
2022-08-19 13:08:34 : 147,800,000 : 0 : 17,348,562,700 : 60%
2022-08-19 13:24:31 : 147,900,000 : 0 : 17,359,966,225 : 60%
2022-08-19 13:40:04 : 148,000,000 : 0 : 17,371,369,750 : 60%
2022-08-19 13:55:06 : 148,100,000 : 0 : 17,382,773,275 : 60%
2022-08-19 14:09:57 : 148,200,000 : 0 : 17,394,307,875 : 60%
2022-08-19 14:24:29 : 148,300,000 : 0 : 17,405,842,475 : 60%
2022-08-19 14:38:51 : 148,400,000 : 0 : 17,417,377,075 : 60%
2022-08-19 14:52:57 : 148,500,000 : 0 : 17,428,911,675 : 60%
2022-08-19 15:07:01 : 148,600,000 : 0 : 17,451,980,875 : 60%
2022-08-19 15:21:08 : 148,700,000 : 0 : 17,463,646,550 : 60%
2022-08-19 15:35:10 : 148,800,000 : 0 : 17,475,181,150 : 60%
2022-08-19 15:49:03 : 148,900,000 : 0 : 17,486,715,750 : 60%
2022-08-19 16:02:58 : 149,000,000 : 0 : 17,498,250,350 : 60%
2022-08-19 16:16:58 : 149,100,000 : 0 : 17,509,784,950 : 60%
2022-08-19 16:30:37 : 149,200,000 : 0 : 17,521,188,475 : 60%
2022-08-19 16:44:28 : 149,300,000 : 0 : 17,532,723,075 : 60%
2022-08-19 16:58:23 : 149,400,000 : 0 : 17,544,257,675 : 60%
2022-08-19 17:12:20 : 149,500,000 : 0 : 17,555,792,275 : 61%
2022-08-19 17:26:16 : 149,600,000 : 0 : 17,567,326,875 : 61%
2022-08-19 17:40:13 : 149,700,000 : 0 : 17,578,730,400 : 61%
2022-08-19 17:54:04 : 149,800,000 : 0 : 17,590,265,000 : 61%
2022-08-19 18:08:08 : 149,900,000 : 0 : 17,601,668,525 : 61%
2022-08-19 18:22:23 : 150,000,000 : 0 : 17,613,072,050 : 61%
2022-08-19 18:36:40 : 150,100,000 : 0 : 17,624,606,650 : 61%
2022-08-19 18:50:49 : 150,200,000 : 0 : 17,636,010,175 : 61%
2022-08-19 19:05:02 : 150,300,000 : 0 : 17,647,413,700 : 61%
2022-08-19 19:19:15 : 150,400,000 : 0 : 17,658,817,225 : 61%
2022-08-19 19:33:23 : 150,500,000 : 0 : 17,670,089,675 : 61%
2022-08-19 19:47:31 : 150,600,000 : 0 : 17,692,765,650 : 61%
2022-08-19 20:01:31 : 150,700,000 : 0 : 17,704,169,175 : 61%
2022-08-19 20:15:44 : 150,800,000 : 0 : 17,715,441,625 : 61%
2022-08-19 20:30:03 : 150,900,000 : 0 : 17,726,583,000 : 61%
2022-08-19 20:44:22 : 151,000,000 : 0 : 17,737,855,450 : 61%
2022-08-19 20:58:56 : 151,100,000 : 0 : 17,749,258,975 : 61%
2022-08-19 21:13:47 : 151,200,000 : 0 : 17,760,531,425 : 61%
2022-08-19 21:28:34 : 151,300,000 : 0 : 17,771,672,800 : 61%
2022-08-19 21:43:27 : 151,400,000 : 0 : 17,782,814,175 : 61%
2022-08-19 21:58:33 : 151,500,000 : 0 : 17,793,955,550 : 61%
2022-08-19 22:13:59 : 151,600,000 : 0 : 17,805,096,925 : 61%
2022-08-19 22:29:30 : 151,700,000 : 0 : 17,816,238,300 : 61%
2022-08-19 22:45:04 : 151,800,000 : 0 : 17,827,248,600 : 61%
2022-08-19 23:00:53 : 151,900,000 : 0 : 17,838,258,900 : 62%
2022-08-19 23:16:55 : 152,000,000 : 0 : 17,849,269,200 : 62%
2022-08-19 23:33:00 : 152,100,000 : 0 : 17,860,279,500 : 62%
2022-08-19 23:49:19 : 152,200,000 : 0 : 17,871,158,725 : 62%
2022-08-20 00:05:51 : 152,300,000 : 0 : 17,882,037,950 : 62%
2022-08-20 00:22:24 : 152,400,000 : 0 : 17,892,917,175 : 62%
2022-08-20 00:39:20 : 152,500,000 : 0 : 17,903,665,325 : 62%
2022-08-20 00:56:18 : 152,600,000 : 0 : 17,914,544,550 : 62%
2022-08-20 01:13:29 : 152,700,000 : 0 : 17,925,292,700 : 62%
2022-08-20 01:30:27 : 152,800,000 : 0 : 17,935,909,775 : 62%
2022-08-20 01:47:34 : 152,900,000 : 0 : 17,957,406,075 : 62%
2022-08-20 02:04:49 : 153,000,000 : 0 : 17,968,154,225 : 62%
2022-08-20 02:22:27 : 153,100,000 : 0 : 17,978,902,375 : 62%
2022-08-20 02:40:28 : 153,200,000 : 0 : 17,989,519,450 : 62%
2022-08-20 02:58:47 : 153,300,000 : 0 : 18,000,398,675 : 62%
2022-08-20 03:17:34 : 153,400,000 : 0 : 18,011,146,825 : 62%
2022-08-20 03:36:50 : 153,500,000 : 0 : 18,021,894,975 : 62%
2022-08-20 03:56:58 : 153,600,000 : 0 : 18,032,643,125 : 62%
2022-08-20 04:17:54 : 153,700,000 : 0 : 18,043,391,275 : 62%
2022-08-20 04:39:39 : 153,800,000 : 0 : 18,054,139,425 : 62%
2022-08-20 05:02:44 : 153,900,000 : 0 : 18,064,887,575 : 62%
2022-08-20 05:26:28 : 154,000,000 : 0 : 18,075,766,800 : 62%
2022-08-20 05:51:19 : 154,100,000 : 0 : 18,086,646,025 : 62%
2022-08-20 06:17:45 : 154,200,000 : 0 : 18,097,525,250 : 62%
2022-08-20 06:45:23 : 154,300,000 : 0 : 18,108,404,475 : 62%
2022-08-20 07:14:09 : 154,400,000 : 0 : 18,119,283,700 : 62%
2022-08-20 07:43:46 : 154,500,000 : 0 : 18,130,294,000 : 63%
2022-08-20 08:14:22 : 154,600,000 : 0 : 18,141,173,225 : 63%
2022-08-20 08:44:21 : 154,700,000 : 0 : 18,152,052,450 : 63%
2022-08-20 09:14:41 : 154,800,000 : 0 : 18,162,800,600 : 63%
2022-08-20 09:44:10 : 154,900,000 : 0 : 18,173,417,675 : 63%
2022-08-20 10:13:44 : 155,000,000 : 0 : 18,184,165,825 : 63%
2022-08-20 10:42:40 : 155,100,000 : 0 : 18,195,045,050 : 63%
2022-08-20 11:09:51 : 155,200,000 : 0 : 18,205,924,275 : 63%
2022-08-20 11:35:11 : 155,300,000 : 0 : 18,216,934,575 : 63%
2022-08-20 11:58:44 : 155,400,000 : 0 : 18,238,824,100 : 63%
2022-08-20 12:20:21 : 155,500,000 : 0 : 18,249,703,325 : 63%
2022-08-20 12:40:43 : 155,600,000 : 0 : 18,260,713,625 : 63%
2022-08-20 13:00:13 : 155,700,000 : 0 : 18,271,592,850 : 63%
2022-08-20 13:18:37 : 155,800,000 : 0 : 18,282,603,150 : 63%
2022-08-20 13:36:31 : 155,900,000 : 0 : 18,293,744,525 : 63%
2022-08-20 13:54:11 : 156,000,000 : 0 : 18,305,016,975 : 63%
2022-08-20 14:11:29 : 156,100,000 : 0 : 18,316,158,350 : 63%
2022-08-20 14:27:58 : 156,200,000 : 0 : 18,327,299,725 : 63%
2022-08-20 14:44:03 : 156,300,000 : 0 : 18,338,572,175 : 63%
2022-08-20 14:59:55 : 156,400,000 : 0 : 18,349,844,625 : 63%
2022-08-20 15:15:36 : 156,500,000 : 0 : 18,361,117,075 : 63%
2022-08-20 15:31:00 : 156,600,000 : 0 : 18,372,389,525 : 63%
2022-08-20 15:46:06 : 156,700,000 : 0 : 18,383,530,900 : 63%
2022-08-20 16:01:14 : 156,800,000 : 0 : 18,394,803,350 : 63%
2022-08-20 16:16:23 : 156,900,000 : 0 : 18,406,206,875 : 63%
2022-08-20 16:31:37 : 157,000,000 : 0 : 18,417,479,325 : 64%
2022-08-20 16:46:34 : 157,100,000 : 0 : 18,428,620,700 : 64%
2022-08-20 17:02:01 : 157,200,000 : 0 : 18,439,893,150 : 64%
2022-08-20 17:17:33 : 157,300,000 : 0 : 18,451,165,600 : 64%
2022-08-20 17:32:43 : 157,400,000 : 0 : 18,462,306,975 : 64%
2022-08-20 17:47:55 : 157,500,000 : 0 : 18,473,579,425 : 64%
2022-08-20 18:03:07 : 157,600,000 : 0 : 18,484,720,800 : 64%
2022-08-20 18:18:49 : 157,700,000 : 0 : 18,507,265,700 : 64%
2022-08-20 18:34:14 : 157,800,000 : 0 : 18,518,407,075 : 64%
2022-08-20 18:49:50 : 157,900,000 : 0 : 18,529,548,450 : 64%
2022-08-20 19:05:23 : 158,000,000 : 0 : 18,540,558,750 : 64%
2022-08-20 19:20:59 : 158,100,000 : 0 : 18,551,569,050 : 64%
2022-08-20 19:36:37 : 158,200,000 : 0 : 18,562,579,350 : 64%
2022-08-20 19:52:09 : 158,300,000 : 0 : 18,573,720,725 : 64%
2022-08-20 20:08:23 : 158,400,000 : 0 : 18,584,862,100 : 64%
2022-08-20 20:24:19 : 158,500,000 : 0 : 18,596,003,475 : 64%
2022-08-20 20:40:14 : 158,600,000 : 0 : 18,607,013,775 : 64%
2022-08-20 20:56:00 : 158,700,000 : 0 : 18,618,024,075 : 64%
2022-08-20 21:11:54 : 158,800,000 : 0 : 18,629,034,375 : 64%
2022-08-20 21:27:54 : 158,900,000 : 0 : 18,640,175,750 : 64%
2022-08-20 21:44:04 : 159,000,000 : 0 : 18,651,186,050 : 64%
2022-08-20 22:00:15 : 159,100,000 : 0 : 18,662,196,350 : 64%
2022-08-20 22:16:38 : 159,200,000 : 0 : 18,673,206,650 : 64%
2022-08-20 22:33:12 : 159,300,000 : 0 : 18,684,216,950 : 64%
2022-08-20 22:49:58 : 159,400,000 : 0 : 18,695,096,175 : 64%
2022-08-20 23:06:54 : 159,500,000 : 0 : 18,705,975,400 : 64%
2022-08-20 23:23:37 : 159,600,000 : 0 : 18,716,854,625 : 65%
2022-08-20 23:40:40 : 159,700,000 : 0 : 18,727,864,925 : 65%
2022-08-20 23:58:07 : 159,800,000 : 0 : 18,738,744,150 : 65%
2022-08-21 00:16:03 : 159,900,000 : 0 : 18,749,623,375 : 65%
2022-08-21 00:33:45 : 160,000,000 : 0 : 18,760,502,600 : 65%
2022-08-21 00:51:28 : 160,100,000 : 0 : 18,781,998,900 : 65%
2022-08-21 01:09:06 : 160,200,000 : 0 : 18,792,747,050 : 65%
2022-08-21 01:26:51 : 160,300,000 : 0 : 18,803,495,200 : 65%
2022-08-21 01:44:37 : 160,400,000 : 0 : 18,814,112,275 : 65%
2022-08-21 02:02:20 : 160,500,000 : 0 : 18,824,729,350 : 65%
2022-08-21 02:20:05 : 160,600,000 : 0 : 18,835,346,425 : 65%
2022-08-21 02:37:52 : 160,700,000 : 0 : 18,845,963,500 : 65%
2022-08-21 02:56:08 : 160,800,000 : 0 : 18,856,580,575 : 65%
2022-08-21 03:15:03 : 160,900,000 : 0 : 18,867,197,650 : 65%
2022-08-21 03:33:49 : 161,000,000 : 0 : 18,877,814,725 : 65%
2022-08-21 03:53:05 : 161,100,000 : 0 : 18,888,300,725 : 65%
2022-08-21 04:12:29 : 161,200,000 : 0 : 18,899,048,875 : 65%
2022-08-21 04:33:29 : 161,300,000 : 0 : 18,909,665,950 : 65%
2022-08-21 04:55:38 : 161,400,000 : 0 : 18,920,020,875 : 65%
2022-08-21 05:16:38 : 161,500,000 : 0 : 18,930,769,025 : 65%
2022-08-21 05:40:20 : 161,600,000 : 0 : 18,941,517,175 : 65%
2022-08-21 06:06:10 : 161,700,000 : 0 : 18,952,396,400 : 65%
2022-08-21 06:33:00 : 161,800,000 : 0 : 18,963,275,625 : 65%
2022-08-21 07:01:02 : 161,900,000 : 0 : 18,974,154,850 : 65%
2022-08-21 07:30:04 : 162,000,000 : 0 : 18,985,034,075 : 65%
2022-08-21 08:00:01 : 162,100,000 : 0 : 18,996,044,375 : 66%
2022-08-21 08:30:31 : 162,200,000 : 0 : 19,007,185,750 : 66%
2022-08-21 09:01:38 : 162,300,000 : 0 : 19,018,196,050 : 66%
2022-08-21 09:33:03 : 162,400,000 : 0 : 19,029,337,425 : 66%
2022-08-21 10:04:17 : 162,500,000 : 0 : 19,040,347,725 : 66%
2022-08-21 10:34:53 : 162,600,000 : 0 : 19,062,368,325 : 66%
2022-08-21 11:04:06 : 162,700,000 : 0 : 19,073,378,625 : 66%
2022-08-21 11:31:01 : 162,800,000 : 0 : 19,084,520,000 : 66%
2022-08-21 11:56:08 : 162,900,000 : 0 : 19,095,530,300 : 66%
2022-08-21 12:19:26 : 163,000,000 : 0 : 19,106,671,675 : 66%
2022-08-21 12:41:07 : 163,100,000 : 0 : 19,117,944,125 : 66%
2022-08-21 13:01:45 : 163,200,000 : 0 : 19,129,085,500 : 66%
2022-08-21 13:21:20 : 163,300,000 : 0 : 19,140,226,875 : 66%
2022-08-21 13:39:21 : 163,400,000 : 0 : 19,151,368,250 : 66%
2022-08-21 13:56:42 : 163,500,000 : 0 : 19,162,509,625 : 66%
2022-08-21 14:13:45 : 163,600,000 : 0 : 19,173,782,075 : 66%
2022-08-21 14:30:11 : 163,700,000 : 0 : 19,185,054,525 : 66%
2022-08-21 14:45:47 : 163,800,000 : 0 : 19,196,195,900 : 66%
2022-08-21 15:01:13 : 163,900,000 : 0 : 19,207,337,275 : 66%
2022-08-21 15:16:46 : 164,000,000 : 0 : 19,218,740,800 : 66%
2022-08-21 15:32:14 : 164,100,000 : 0 : 19,230,144,325 : 66%
2022-08-21 15:47:23 : 164,200,000 : 0 : 19,241,416,775 : 66%
2022-08-21 16:02:06 : 164,300,000 : 0 : 19,252,689,225 : 66%
2022-08-21 16:16:54 : 164,400,000 : 0 : 19,263,961,675 : 66%
2022-08-21 16:31:37 : 164,500,000 : 0 : 19,275,234,125 : 66%
2022-08-21 16:46:17 : 164,600,000 : 0 : 19,297,779,025 : 67%
2022-08-21 17:00:51 : 164,700,000 : 0 : 19,308,920,400 : 67%
2022-08-21 17:15:39 : 164,800,000 : 0 : 19,320,192,850 : 67%
2022-08-21 17:30:23 : 164,900,000 : 0 : 19,331,465,300 : 67%
2022-08-21 17:45:07 : 165,000,000 : 0 : 19,342,868,825 : 67%
2022-08-21 18:00:08 : 165,100,000 : 0 : 19,354,141,275 : 67%
2022-08-21 18:15:07 : 165,200,000 : 0 : 19,365,413,725 : 67%
2022-08-21 18:30:11 : 165,300,000 : 0 : 19,376,817,250 : 67%
2022-08-21 18:45:15 : 165,400,000 : 0 : 19,388,089,700 : 67%
2022-08-21 19:00:30 : 165,500,000 : 0 : 19,399,362,150 : 67%
2022-08-21 19:15:53 : 165,600,000 : 0 : 19,410,634,600 : 67%
2022-08-21 19:30:51 : 165,700,000 : 0 : 19,421,775,975 : 67%
2022-08-21 19:45:49 : 165,800,000 : 0 : 19,432,917,350 : 67%
2022-08-21 20:01:04 : 165,900,000 : 0 : 19,444,189,800 : 67%
2022-08-21 20:16:09 : 166,000,000 : 0 : 19,455,331,175 : 67%
2022-08-21 20:30:59 : 166,100,000 : 0 : 19,466,472,550 : 67%
2022-08-21 20:46:05 : 166,200,000 : 0 : 19,477,613,925 : 67%
2022-08-21 21:01:01 : 166,300,000 : 0 : 19,488,755,300 : 67%
2022-08-21 21:16:13 : 166,400,000 : 0 : 19,499,896,675 : 67%
2022-08-21 21:31:34 : 166,500,000 : 0 : 19,511,038,050 : 67%
2022-08-21 21:46:57 : 166,600,000 : 0 : 19,522,048,350 : 67%
2022-08-21 22:02:27 : 166,700,000 : 0 : 19,544,331,100 : 67%
2022-08-21 22:18:19 : 166,800,000 : 0 : 19,555,341,400 : 67%
2022-08-21 22:34:06 : 166,900,000 : 0 : 19,566,351,700 : 67%
2022-08-21 22:49:59 : 167,000,000 : 0 : 19,577,362,000 : 68%
2022-08-21 23:06:17 : 167,100,000 : 0 : 19,588,503,375 : 68%
2022-08-21 23:22:45 : 167,200,000 : 0 : 19,599,513,675 : 68%
2022-08-21 23:39:34 : 167,300,000 : 0 : 19,610,523,975 : 68%
2022-08-21 23:56:41 : 167,400,000 : 0 : 19,621,534,275 : 68%
2022-08-22 00:14:01 : 167,500,000 : 0 : 19,632,544,575 : 68%
2022-08-22 00:31:18 : 167,600,000 : 0 : 19,643,423,800 : 68%
2022-08-22 00:48:32 : 167,700,000 : 0 : 19,654,434,100 : 68%
2022-08-22 01:05:39 : 167,800,000 : 0 : 19,665,313,325 : 68%
2022-08-22 01:23:17 : 167,900,000 : 0 : 19,676,323,625 : 68%
2022-08-22 01:41:08 : 168,000,000 : 0 : 19,687,333,925 : 68%
2022-08-22 01:59:02 : 168,100,000 : 0 : 19,698,344,225 : 68%
2022-08-22 02:16:59 : 168,200,000 : 0 : 19,709,354,525 : 68%
2022-08-22 02:34:58 : 168,300,000 : 0 : 19,720,364,825 : 68%
2022-08-22 02:53:27 : 168,400,000 : 0 : 19,731,375,125 : 68%
2022-08-22 03:12:34 : 168,500,000 : 0 : 19,742,254,350 : 68%
2022-08-22 03:32:07 : 168,600,000 : 0 : 19,753,395,725 : 68%
2022-08-22 03:52:08 : 168,700,000 : 0 : 19,764,274,950 : 68%
2022-08-22 04:13:11 : 168,800,000 : 0 : 19,775,416,325 : 68%
2022-08-22 04:35:27 : 168,900,000 : 0 : 19,797,568,000 : 68%
2022-08-22 04:59:00 : 169,000,000 : 0 : 19,808,578,300 : 68%
2022-08-22 05:23:37 : 169,100,000 : 0 : 19,819,588,600 : 68%
2022-08-22 05:49:17 : 169,200,000 : 0 : 19,830,729,975 : 68%
2022-08-22 06:16:09 : 169,300,000 : 0 : 19,841,871,350 : 68%
2022-08-22 06:44:06 : 169,400,000 : 0 : 19,853,012,725 : 68%
2022-08-22 07:13:12 : 169,500,000 : 0 : 19,864,154,100 : 68%
2022-08-22 07:43:23 : 169,600,000 : 0 : 19,875,557,625 : 69%
2022-08-22 08:14:03 : 169,700,000 : 0 : 19,886,699,000 : 69%
2022-08-22 08:44:51 : 169,800,000 : 0 : 19,897,971,450 : 69%
2022-08-22 09:15:44 : 169,900,000 : 0 : 19,909,112,825 : 69%
2022-08-22 09:45:50 : 170,000,000 : 0 : 19,920,385,275 : 69%
2022-08-22 10:14:57 : 170,100,000 : 0 : 19,931,526,650 : 69%
2022-08-22 10:41:59 : 170,200,000 : 0 : 19,942,668,025 : 69%
2022-08-22 11:07:07 : 170,300,000 : 0 : 19,953,940,475 : 69%
2022-08-22 11:30:31 : 170,400,000 : 0 : 19,965,212,925 : 69%
2022-08-22 11:52:10 : 170,500,000 : 0 : 19,976,485,375 : 69%
2022-08-22 12:12:45 : 170,600,000 : 0 : 19,987,888,900 : 69%
2022-08-22 12:32:18 : 170,700,000 : 0 : 19,999,423,500 : 69%
2022-08-22 12:50:48 : 170,800,000 : 0 : 20,010,827,025 : 69%
2022-08-22 13:08:22 : 170,900,000 : 0 : 20,033,634,075 : 69%
2022-08-22 13:25:12 : 171,000,000 : 0 : 20,045,037,600 : 69%
2022-08-22 13:41:22 : 171,100,000 : 0 : 20,056,441,125 : 69%
2022-08-22 13:56:53 : 171,200,000 : 0 : 20,067,844,650 : 69%
2022-08-22 14:12:14 : 171,300,000 : 0 : 20,079,379,250 : 69%
2022-08-22 14:27:11 : 171,400,000 : 0 : 20,090,913,850 : 69%
2022-08-22 14:42:06 : 171,500,000 : 0 : 20,102,448,450 : 69%
2022-08-22 14:56:41 : 171,600,000 : 0 : 20,114,114,125 : 69%
2022-08-22 15:11:09 : 171,700,000 : 0 : 20,125,648,725 : 69%
2022-08-22 15:25:26 : 171,800,000 : 0 : 20,137,183,325 : 69%
2022-08-22 15:39:37 : 171,900,000 : 0 : 20,148,717,925 : 69%
2022-08-22 15:53:36 : 172,000,000 : 0 : 20,160,383,600 : 70%
2022-08-22 16:07:46 : 172,100,000 : 0 : 20,171,918,200 : 70%
2022-08-22 16:21:49 : 172,200,000 : 0 : 20,183,583,875 : 70%
2022-08-22 16:35:37 : 172,300,000 : 0 : 20,195,118,475 : 70%
2022-08-22 16:49:25 : 172,400,000 : 0 : 20,206,653,075 : 70%
2022-08-22 17:03:16 : 172,500,000 : 0 : 20,218,187,675 : 70%
2022-08-22 17:17:13 : 172,600,000 : 0 : 20,229,722,275 : 70%
2022-08-22 17:30:59 : 172,700,000 : 0 : 20,241,387,950 : 70%
2022-08-22 17:44:43 : 172,800,000 : 0 : 20,264,457,150 : 70%
2022-08-22 17:58:27 : 172,900,000 : 0 : 20,275,991,750 : 70%
2022-08-22 18:12:21 : 173,000,000 : 0 : 20,287,526,350 : 70%
2022-08-22 18:26:24 : 173,100,000 : 0 : 20,299,060,950 : 70%
2022-08-22 18:40:31 : 173,200,000 : 0 : 20,310,595,550 : 70%
2022-08-22 18:54:54 : 173,300,000 : 0 : 20,322,261,225 : 70%
2022-08-22 19:09:27 : 173,400,000 : 0 : 20,333,664,750 : 70%
2022-08-22 19:23:31 : 173,500,000 : 0 : 20,344,937,200 : 70%
2022-08-22 19:37:45 : 173,600,000 : 0 : 20,356,209,650 : 70%
2022-08-22 19:51:58 : 173,700,000 : 0 : 20,367,613,175 : 70%
2022-08-22 20:06:30 : 173,800,000 : 0 : 20,378,885,625 : 70%
2022-08-22 20:20:54 : 173,900,000 : 0 : 20,390,027,000 : 70%
2022-08-22 20:35:34 : 174,000,000 : 0 : 20,401,168,375 : 70%
2022-08-22 20:50:16 : 174,100,000 : 0 : 20,412,440,825 : 70%
2022-08-22 21:04:35 : 174,200,000 : 0 : 20,423,713,275 : 70%
2022-08-22 21:19:17 : 174,300,000 : 0 : 20,434,985,725 : 70%
2022-08-22 21:34:21 : 174,400,000 : 0 : 20,446,389,250 : 71%
2022-08-22 21:49:32 : 174,500,000 : 0 : 20,457,661,700 : 71%
2022-08-22 22:05:10 : 174,600,000 : 0 : 20,469,065,225 : 71%
2022-08-22 22:21:13 : 174,700,000 : 0 : 20,491,610,125 : 71%
2022-08-22 22:37:13 : 174,800,000 : 0 : 20,502,882,575 : 71%
2022-08-22 22:53:09 : 174,900,000 : 0 : 20,514,155,025 : 71%
2022-08-22 23:09:04 : 175,000,000 : 0 : 20,525,427,475 : 71%
2022-08-22 23:25:43 : 175,100,000 : 0 : 20,536,568,850 : 71%
2022-08-22 23:42:44 : 175,200,000 : 0 : 20,547,710,225 : 71%
2022-08-22 23:59:56 : 175,300,000 : 0 : 20,558,851,600 : 71%
2022-08-23 00:16:55 : 175,400,000 : 0 : 20,569,861,900 : 71%
2022-08-23 00:33:26 : 175,500,000 : 0 : 20,580,872,200 : 71%
2022-08-23 00:49:36 : 175,600,000 : 0 : 20,591,882,500 : 71%
2022-08-23 01:05:50 : 175,700,000 : 0 : 20,602,761,725 : 71%
2022-08-23 01:21:51 : 175,800,000 : 0 : 20,613,640,950 : 71%
2022-08-23 01:38:02 : 175,900,000 : 0 : 20,624,651,250 : 71%
2022-08-23 01:54:09 : 176,000,000 : 0 : 20,635,530,475 : 71%
2022-08-23 02:10:34 : 176,100,000 : 0 : 20,646,540,775 : 71%
2022-08-23 02:27:12 : 176,200,000 : 0 : 20,657,551,075 : 71%
2022-08-23 02:44:21 : 176,300,000 : 0 : 20,668,430,300 : 71%
2022-08-23 03:01:41 : 176,400,000 : 0 : 20,679,571,675 : 71%
2022-08-23 03:19:53 : 176,500,000 : 0 : 20,690,581,975 : 71%
2022-08-23 03:38:52 : 176,600,000 : 0 : 20,701,592,275 : 71%
2022-08-23 03:58:36 : 176,700,000 : 0 : 20,712,602,575 : 71%
2022-08-23 04:19:30 : 176,800,000 : 0 : 20,723,743,950 : 71%
2022-08-23 04:41:16 : 176,900,000 : 0 : 20,745,764,550 : 72%
2022-08-23 05:03:59 : 177,000,000 : 0 : 20,756,905,925 : 72%
2022-08-23 05:28:10 : 177,100,000 : 0 : 20,768,178,375 : 72%
2022-08-23 05:53:51 : 177,200,000 : 0 : 20,779,319,750 : 72%
2022-08-23 06:20:45 : 177,300,000 : 0 : 20,790,592,200 : 72%
2022-08-23 06:48:47 : 177,400,000 : 0 : 20,801,864,650 : 72%
2022-08-23 07:17:25 : 177,500,000 : 0 : 20,813,137,100 : 72%
2022-08-23 07:47:11 : 177,600,000 : 0 : 20,824,409,550 : 72%
2022-08-23 08:17:38 : 177,700,000 : 0 : 20,835,682,000 : 72%
2022-08-23 08:47:58 : 177,800,000 : 0 : 20,846,954,450 : 72%
2022-08-23 09:18:12 : 177,900,000 : 0 : 20,858,226,900 : 72%
2022-08-23 09:47:38 : 178,000,000 : 0 : 20,869,368,275 : 72%
2022-08-23 10:15:51 : 178,100,000 : 0 : 20,880,640,725 : 72%
2022-08-23 10:42:26 : 178,200,000 : 0 : 20,891,782,100 : 72%
2022-08-23 11:07:01 : 178,300,000 : 0 : 20,903,054,550 : 72%
2022-08-23 11:29:44 : 178,400,000 : 0 : 20,914,458,075 : 72%
2022-08-23 11:50:51 : 178,500,000 : 0 : 20,925,861,600 : 72%
2022-08-23 12:10:41 : 178,600,000 : 0 : 20,937,265,125 : 72%
2022-08-23 12:29:23 : 178,700,000 : 0 : 20,948,668,650 : 72%
2022-08-23 12:47:18 : 178,800,000 : 0 : 20,960,072,175 : 72%
2022-08-23 13:04:17 : 178,900,000 : 0 : 20,971,475,700 : 72%
2022-08-23 13:20:37 : 179,000,000 : 0 : 20,994,413,825 : 72%
2022-08-23 13:36:29 : 179,100,000 : 0 : 21,005,948,425 : 72%
2022-08-23 13:51:51 : 179,200,000 : 0 : 21,017,483,025 : 72%
2022-08-23 14:06:50 : 179,300,000 : 0 : 21,028,886,550 : 73%
2022-08-23 14:21:36 : 179,400,000 : 0 : 21,040,421,150 : 73%
2022-08-23 14:36:09 : 179,500,000 : 0 : 21,052,086,825 : 73%
2022-08-23 14:50:34 : 179,600,000 : 0 : 21,063,752,500 : 73%
2022-08-23 15:04:57 : 179,700,000 : 0 : 21,075,156,025 : 73%
2022-08-23 15:19:02 : 179,800,000 : 0 : 21,086,690,625 : 73%
2022-08-23 15:33:01 : 179,900,000 : 0 : 21,098,356,300 : 73%
2022-08-23 15:46:51 : 180,000,000 : 0 : 21,109,890,900 : 73%
2022-08-23 16:00:39 : 180,100,000 : 0 : 21,121,425,500 : 73%
2022-08-23 16:14:45 : 180,200,000 : 0 : 21,133,091,175 : 73%
2022-08-23 16:28:22 : 180,300,000 : 0 : 21,144,625,775 : 73%
2022-08-23 16:42:00 : 180,400,000 : 0 : 21,156,160,375 : 73%
2022-08-23 16:55:34 : 180,500,000 : 0 : 21,167,563,900 : 73%
2022-08-23 17:09:11 : 180,600,000 : 0 : 21,179,098,500 : 73%
2022-08-23 17:22:52 : 180,700,000 : 0 : 21,190,633,100 : 73%
2022-08-23 17:36:31 : 180,800,000 : 0 : 21,202,036,625 : 73%
2022-08-23 17:50:16 : 180,900,000 : 0 : 21,213,571,225 : 73%
2022-08-23 18:04:07 : 181,000,000 : 0 : 21,236,509,350 : 73%
2022-08-23 18:18:12 : 181,100,000 : 0 : 21,248,043,950 : 73%
2022-08-23 18:32:09 : 181,200,000 : 0 : 21,259,447,475 : 73%
2022-08-23 18:46:04 : 181,300,000 : 0 : 21,270,851,000 : 73%
2022-08-23 18:59:52 : 181,400,000 : 0 : 21,282,254,525 : 73%
2022-08-23 19:13:48 : 181,500,000 : 0 : 21,293,526,975 : 73%
2022-08-23 19:27:29 : 181,600,000 : 0 : 21,304,930,500 : 73%
2022-08-23 19:41:14 : 181,700,000 : 0 : 21,316,202,950 : 74%
2022-08-23 19:54:50 : 181,800,000 : 0 : 21,327,475,400 : 74%
2022-08-23 20:08:33 : 181,900,000 : 0 : 21,338,878,925 : 74%
2022-08-23 20:22:23 : 182,000,000 : 0 : 21,350,151,375 : 74%
2022-08-23 20:36:10 : 182,100,000 : 0 : 21,361,554,900 : 74%
2022-08-23 20:49:58 : 182,200,000 : 0 : 21,372,827,350 : 74%
2022-08-23 21:03:51 : 182,300,000 : 0 : 21,384,099,800 : 74%
2022-08-23 21:18:00 : 182,400,000 : 0 : 21,395,372,250 : 74%
2022-08-23 21:32:10 : 182,500,000 : 0 : 21,406,644,700 : 74%
2022-08-23 21:46:29 : 182,600,000 : 0 : 21,417,917,150 : 74%
2022-08-23 22:00:51 : 182,700,000 : 0 : 21,429,058,525 : 74%
2022-08-23 22:15:46 : 182,800,000 : 0 : 21,440,330,975 : 74%
2022-08-23 22:30:39 : 182,900,000 : 0 : 21,451,603,425 : 74%
2022-08-23 22:45:31 : 183,000,000 : 0 : 21,473,886,175 : 74%
2022-08-23 23:00:44 : 183,100,000 : 0 : 21,485,027,550 : 74%
2022-08-23 23:16:19 : 183,200,000 : 0 : 21,496,037,850 : 74%
2022-08-23 23:31:49 : 183,300,000 : 0 : 21,507,179,225 : 74%
2022-08-23 23:47:39 : 183,400,000 : 0 : 21,518,189,525 : 74%
2022-08-24 00:03:39 : 183,500,000 : 0 : 21,529,330,900 : 74%
2022-08-24 00:19:42 : 183,600,000 : 0 : 21,540,341,200 : 74%
2022-08-24 00:35:34 : 183,700,000 : 0 : 21,551,220,425 : 74%
2022-08-24 00:51:17 : 183,800,000 : 0 : 21,562,230,725 : 74%
2022-08-24 01:07:01 : 183,900,000 : 0 : 21,573,109,950 : 74%
2022-08-24 01:22:40 : 184,000,000 : 0 : 21,583,989,175 : 74%
2022-08-24 01:38:43 : 184,100,000 : 0 : 21,594,868,400 : 74%
2022-08-24 01:54:21 : 184,200,000 : 0 : 21,605,878,700 : 74%
2022-08-24 02:10:09 : 184,300,000 : 0 : 21,616,757,925 : 75%
2022-08-24 02:26:16 : 184,400,000 : 0 : 21,627,637,150 : 75%
2022-08-24 02:42:34 : 184,500,000 : 0 : 21,638,516,375 : 75%
2022-08-24 02:59:35 : 184,600,000 : 0 : 21,649,526,675 : 75%
2022-08-24 03:17:17 : 184,700,000 : 0 : 21,660,536,975 : 75%
2022-08-24 03:35:29 : 184,800,000 : 0 : 21,671,547,275 : 75%
2022-08-24 03:54:30 : 184,900,000 : 0 : 21,682,557,575 : 75%
2022-08-24 04:14:38 : 185,000,000 : 0 : 21,693,567,875 : 75%
2022-08-24 04:35:36 : 185,100,000 : 0 : 21,704,578,175 : 75%
2022-08-24 04:57:52 : 185,200,000 : 0 : 21,715,719,550 : 75%
2022-08-24 05:21:31 : 185,300,000 : 0 : 21,726,729,850 : 75%
2022-08-24 05:46:19 : 185,400,000 : 0 : 21,748,881,525 : 75%
2022-08-24 06:12:03 : 185,500,000 : 0 : 21,760,153,975 : 75%
2022-08-24 06:38:45 : 185,600,000 : 0 : 21,771,426,425 : 75%
2022-08-24 07:06:22 : 185,700,000 : 0 : 21,782,698,875 : 75%
2022-08-24 07:35:00 : 185,800,000 : 0 : 21,793,971,325 : 75%
2022-08-24 08:04:11 : 185,900,000 : 0 : 21,805,112,700 : 75%
2022-08-24 08:34:11 : 186,000,000 : 0 : 21,816,385,150 : 75%
2022-08-24 09:04:17 : 186,100,000 : 0 : 21,827,657,600 : 75%
2022-08-24 09:34:07 : 186,200,000 : 0 : 21,838,930,050 : 75%
2022-08-24 10:02:47 : 186,300,000 : 0 : 21,850,071,425 : 75%
2022-08-24 10:29:42 : 186,400,000 : 0 : 21,861,212,800 : 75%
2022-08-24 10:54:39 : 186,500,000 : 0 : 21,872,485,250 : 75%
2022-08-24 11:17:55 : 186,600,000 : 0 : 21,883,757,700 : 75%
2022-08-24 11:39:17 : 186,700,000 : 0 : 21,895,030,150 : 75%
2022-08-24 11:59:13 : 186,800,000 : 0 : 21,906,302,600 : 76%
2022-08-24 12:18:19 : 186,900,000 : 0 : 21,917,575,050 : 76%
2022-08-24 12:36:30 : 187,000,000 : 0 : 21,929,109,650 : 76%
2022-08-24 12:53:56 : 187,100,000 : 0 : 21,940,513,175 : 76%
2022-08-24 13:10:34 : 187,200,000 : 0 : 21,951,916,700 : 76%
2022-08-24 13:26:41 : 187,300,000 : 0 : 21,963,582,375 : 76%
2022-08-24 13:42:20 : 187,400,000 : 0 : 21,986,651,575 : 76%
2022-08-24 13:57:35 : 187,500,000 : 0 : 21,998,186,175 : 76%
2022-08-24 14:12:27 : 187,600,000 : 0 : 22,009,720,775 : 76%
2022-08-24 14:27:09 : 187,700,000 : 0 : 22,021,386,450 : 76%
2022-08-24 14:41:42 : 187,800,000 : 0 : 22,033,183,200 : 76%
2022-08-24 14:56:16 : 187,900,000 : 0 : 22,044,848,875 : 76%
2022-08-24 15:10:42 : 188,000,000 : 0 : 22,056,383,475 : 76%
2022-08-24 15:24:52 : 188,100,000 : 0 : 22,068,049,150 : 76%
2022-08-24 15:39:01 : 188,200,000 : 0 : 22,079,583,750 : 76%
2022-08-24 15:52:57 : 188,300,000 : 0 : 22,091,249,425 : 76%
2022-08-24 16:06:42 : 188,400,000 : 0 : 22,102,784,025 : 76%
2022-08-24 16:20:23 : 188,500,000 : 0 : 22,114,318,625 : 76%
2022-08-24 16:33:46 : 188,600,000 : 0 : 22,125,853,225 : 76%
2022-08-24 16:47:12 : 188,700,000 : 0 : 22,137,387,825 : 76%
2022-08-24 17:00:37 : 188,800,000 : 0 : 22,148,922,425 : 76%
2022-08-24 17:14:15 : 188,900,000 : 0 : 22,160,457,025 : 76%
2022-08-24 17:27:41 : 189,000,000 : 0 : 22,171,991,625 : 76%
2022-08-24 17:41:10 : 189,100,000 : 0 : 22,183,526,225 : 76%
2022-08-24 17:54:36 : 189,200,000 : 0 : 22,195,060,825 : 77%
2022-08-24 18:08:16 : 189,300,000 : 0 : 22,217,998,950 : 77%
2022-08-24 18:22:07 : 189,400,000 : 0 : 22,229,533,550 : 77%
2022-08-24 18:35:55 : 189,500,000 : 0 : 22,240,937,075 : 77%
2022-08-24 18:49:30 : 189,600,000 : 0 : 22,252,471,675 : 77%
2022-08-24 19:03:13 : 189,700,000 : 0 : 22,263,875,200 : 77%
2022-08-24 19:16:55 : 189,800,000 : 0 : 22,275,278,725 : 77%
2022-08-24 19:30:30 : 189,900,000 : 0 : 22,286,682,250 : 77%
2022-08-24 19:44:19 : 190,000,000 : 0 : 22,298,216,850 : 77%
2022-08-24 19:57:44 : 190,100,000 : 0 : 22,309,620,375 : 77%
2022-08-24 20:11:22 : 190,200,000 : 0 : 22,320,892,825 : 77%
2022-08-24 20:25:00 : 190,300,000 : 0 : 22,332,296,350 : 77%
2022-08-24 20:38:42 : 190,400,000 : 0 : 22,343,699,875 : 77%
2022-08-24 20:52:22 : 190,500,000 : 0 : 22,355,103,400 : 77%
2022-08-24 21:06:01 : 190,600,000 : 0 : 22,366,375,850 : 77%
2022-08-24 21:19:52 : 190,700,000 : 0 : 22,377,648,300 : 77%
2022-08-24 21:33:41 : 190,800,000 : 0 : 22,388,920,750 : 77%
2022-08-24 21:47:38 : 190,900,000 : 0 : 22,400,193,200 : 77%
2022-08-24 22:01:50 : 191,000,000 : 0 : 22,411,465,650 : 77%
2022-08-24 22:16:15 : 191,100,000 : 0 : 22,422,607,025 : 77%
2022-08-24 22:30:44 : 191,200,000 : 0 : 22,433,879,475 : 77%
2022-08-24 22:45:28 : 191,300,000 : 0 : 22,445,020,850 : 77%
2022-08-24 23:00:30 : 191,400,000 : 0 : 22,467,303,600 : 77%
2022-08-24 23:15:43 : 191,500,000 : 0 : 22,478,444,975 : 78%
2022-08-24 23:31:00 : 191,600,000 : 0 : 22,489,455,275 : 78%
2022-08-24 23:46:31 : 191,700,000 : 0 : 22,500,465,575 : 78%
2022-08-25 00:02:21 : 191,800,000 : 0 : 22,511,475,875 : 78%
2022-08-25 00:18:05 : 191,900,000 : 0 : 22,522,486,175 : 78%
2022-08-25 00:33:39 : 192,000,000 : 0 : 22,533,496,475 : 78%
2022-08-25 00:49:12 : 192,100,000 : 0 : 22,544,375,700 : 78%
2022-08-25 01:04:35 : 192,200,000 : 0 : 22,555,254,925 : 78%
2022-08-25 01:19:50 : 192,300,000 : 0 : 22,566,134,150 : 78%
2022-08-25 01:35:17 : 192,400,000 : 0 : 22,577,144,450 : 78%
2022-08-25 01:50:59 : 192,500,000 : 0 : 22,588,154,750 : 78%
2022-08-25 02:06:45 : 192,600,000 : 0 : 22,599,165,050 : 78%
2022-08-25 02:23:02 : 192,700,000 : 0 : 22,610,175,350 : 78%
2022-08-25 02:39:39 : 192,800,000 : 0 : 22,621,185,650 : 78%
2022-08-25 02:56:49 : 192,900,000 : 0 : 22,632,327,025 : 78%
2022-08-25 03:14:36 : 193,000,000 : 0 : 22,643,468,400 : 78%
2022-08-25 03:32:56 : 193,100,000 : 0 : 22,654,609,775 : 78%
2022-08-25 03:51:59 : 193,200,000 : 0 : 22,665,751,150 : 78%
2022-08-25 04:11:59 : 193,300,000 : 0 : 22,676,761,450 : 78%
2022-08-25 04:32:59 : 193,400,000 : 0 : 22,687,902,825 : 78%
2022-08-25 04:55:08 : 193,500,000 : 0 : 22,699,044,200 : 78%
2022-08-25 05:18:18 : 193,600,000 : 0 : 22,721,458,025 : 78%
2022-08-25 05:42:22 : 193,700,000 : 0 : 22,732,599,400 : 78%
2022-08-25 06:07:52 : 193,800,000 : 0 : 22,744,002,925 : 78%
2022-08-25 06:35:00 : 193,900,000 : 0 : 22,755,406,450 : 78%
2022-08-25 07:03:06 : 194,000,000 : 0 : 22,766,678,900 : 79%
2022-08-25 07:32:00 : 194,100,000 : 0 : 22,777,951,350 : 79%
2022-08-25 08:01:41 : 194,200,000 : 0 : 22,789,354,875 : 79%
2022-08-25 08:31:36 : 194,300,000 : 0 : 22,800,627,325 : 79%
2022-08-25 09:01:45 : 194,400,000 : 0 : 22,812,030,850 : 79%
2022-08-25 09:31:14 : 194,500,000 : 0 : 22,823,303,300 : 79%
2022-08-25 10:00:03 : 194,600,000 : 0 : 22,834,575,750 : 79%
2022-08-25 10:26:48 : 194,700,000 : 0 : 22,845,717,125 : 79%
2022-08-25 10:51:33 : 194,800,000 : 0 : 22,856,858,500 : 79%
2022-08-25 11:14:49 : 194,900,000 : 0 : 22,868,130,950 : 79%
2022-08-25 11:36:07 : 195,000,000 : 0 : 22,879,403,400 : 79%
2022-08-25 11:56:19 : 195,100,000 : 0 : 22,890,544,775 : 79%
2022-08-25 12:15:36 : 195,200,000 : 0 : 22,901,948,300 : 79%
2022-08-25 12:33:48 : 195,300,000 : 0 : 22,913,351,825 : 79%
2022-08-25 12:51:05 : 195,400,000 : 0 : 22,924,755,350 : 79%
2022-08-25 13:07:52 : 195,500,000 : 0 : 22,936,289,950 : 79%
2022-08-25 13:24:03 : 195,600,000 : 0 : 22,959,228,075 : 79%
2022-08-25 13:39:53 : 195,700,000 : 0 : 22,970,893,750 : 79%
2022-08-25 13:55:05 : 195,800,000 : 0 : 22,982,428,350 : 79%
2022-08-25 14:09:51 : 195,900,000 : 0 : 22,993,962,950 : 79%
2022-08-25 14:24:21 : 196,000,000 : 0 : 23,005,628,625 : 79%
2022-08-25 14:38:40 : 196,100,000 : 0 : 23,017,163,225 : 79%
2022-08-25 14:52:51 : 196,200,000 : 0 : 23,028,828,900 : 79%
2022-08-25 15:06:53 : 196,300,000 : 0 : 23,040,494,575 : 79%
2022-08-25 15:20:57 : 196,400,000 : 0 : 23,052,160,250 : 79%
2022-08-25 15:34:52 : 196,500,000 : 0 : 23,063,825,925 : 80%
2022-08-25 15:48:39 : 196,600,000 : 0 : 23,075,360,525 : 80%
2022-08-25 16:02:08 : 196,700,000 : 0 : 23,086,895,125 : 80%
2022-08-25 16:15:41 : 196,800,000 : 0 : 23,098,429,725 : 80%
2022-08-25 16:29:09 : 196,900,000 : 0 : 23,109,964,325 : 80%
2022-08-25 16:42:31 : 197,000,000 : 0 : 23,121,367,850 : 80%
2022-08-25 16:55:40 : 197,100,000 : 0 : 23,132,902,450 : 80%
2022-08-25 17:09:09 : 197,200,000 : 0 : 23,144,305,975 : 80%
2022-08-25 17:22:45 : 197,300,000 : 0 : 23,155,971,650 : 80%
2022-08-25 17:36:28 : 197,400,000 : 0 : 23,167,375,175 : 80%
2022-08-25 17:50:13 : 197,500,000 : 0 : 23,190,575,450 : 80%
2022-08-25 18:04:04 : 197,600,000 : 0 : 23,202,110,050 : 80%
2022-08-25 18:18:07 : 197,700,000 : 0 : 23,213,644,650 : 80%
2022-08-25 18:32:01 : 197,800,000 : 0 : 23,225,179,250 : 80%
2022-08-25 18:45:56 : 197,900,000 : 0 : 23,236,582,775 : 80%
2022-08-25 18:59:48 : 198,000,000 : 0 : 23,248,117,375 : 80%
2022-08-25 19:14:01 : 198,100,000 : 0 : 23,259,651,975 : 80%
2022-08-25 19:28:04 : 198,200,000 : 0 : 23,271,186,575 : 80%
2022-08-25 19:42:05 : 198,300,000 : 0 : 23,282,590,100 : 80%
2022-08-25 19:56:04 : 198,400,000 : 0 : 23,293,993,625 : 80%
2022-08-25 20:10:03 : 198,500,000 : 0 : 23,305,397,150 : 80%
2022-08-25 20:24:08 : 198,600,000 : 0 : 23,316,800,675 : 80%
2022-08-25 20:38:06 : 198,700,000 : 0 : 23,328,204,200 : 80%
2022-08-25 20:52:14 : 198,800,000 : 0 : 23,339,607,725 : 80%
2022-08-25 21:06:28 : 198,900,000 : 0 : 23,351,011,250 : 81%
2022-08-25 21:21:06 : 199,000,000 : 0 : 23,362,414,775 : 81%
2022-08-25 21:35:38 : 199,100,000 : 0 : 23,373,687,225 : 81%
2022-08-25 21:50:15 : 199,200,000 : 0 : 23,385,090,750 : 81%
2022-08-25 22:05:10 : 199,300,000 : 0 : 23,396,363,200 : 81%
2022-08-25 22:20:17 : 199,400,000 : 0 : 23,407,635,650 : 81%
2022-08-25 22:35:33 : 199,500,000 : 0 : 23,430,049,475 : 81%
2022-08-25 22:51:09 : 199,600,000 : 0 : 23,441,321,925 : 81%
2022-08-25 23:06:57 : 199,700,000 : 0 : 23,452,463,300 : 81%
2022-08-25 23:22:56 : 199,800,000 : 0 : 23,463,604,675 : 81%
2022-08-25 23:39:13 : 199,900,000 : 0 : 23,474,746,050 : 81%
2022-08-25 23:55:39 : 200,000,000 : 0 : 23,485,756,350 : 81%
2022-08-26 00:12:14 : 200,100,000 : 0 : 23,496,897,725 : 81%
2022-08-26 00:28:47 : 200,200,000 : 0 : 23,507,908,025 : 81%
2022-08-26 00:45:09 : 200,300,000 : 0 : 23,518,918,325 : 81%
2022-08-26 01:01:33 : 200,400,000 : 0 : 23,529,928,625 : 81%
2022-08-26 01:17:54 : 200,500,000 : 0 : 23,540,938,925 : 81%
2022-08-26 01:34:21 : 200,600,000 : 0 : 23,551,818,150 : 81%
2022-08-26 01:50:44 : 200,700,000 : 0 : 23,562,828,450 : 81%
2022-08-26 02:07:18 : 200,800,000 : 0 : 23,573,707,675 : 81%
2022-08-26 02:24:06 : 200,900,000 : 0 : 23,584,586,900 : 81%
2022-08-26 02:41:13 : 201,000,000 : 0 : 23,595,597,200 : 81%
2022-08-26 02:58:57 : 201,100,000 : 0 : 23,606,476,425 : 81%
2022-08-26 03:17:09 : 201,200,000 : 0 : 23,617,355,650 : 81%
2022-08-26 03:35:42 : 201,300,000 : 0 : 23,628,365,950 : 81%
2022-08-26 03:55:14 : 201,400,000 : 0 : 23,639,376,250 : 82%
2022-08-26 04:15:39 : 201,500,000 : 0 : 23,650,386,550 : 82%
2022-08-26 04:36:45 : 201,600,000 : 0 : 23,661,396,850 : 82%
2022-08-26 04:59:09 : 201,700,000 : 0 : 23,683,548,525 : 82%
2022-08-26 05:22:44 : 201,800,000 : 0 : 23,694,689,900 : 82%
2022-08-26 05:47:24 : 201,900,000 : 0 : 23,705,962,350 : 82%
2022-08-26 06:13:34 : 202,000,000 : 0 : 23,716,972,650 : 82%
2022-08-26 06:40:17 : 202,100,000 : 0 : 23,728,114,025 : 82%
2022-08-26 07:08:17 : 202,200,000 : 0 : 23,739,255,400 : 82%
2022-08-26 07:37:34 : 202,300,000 : 0 : 23,750,527,850 : 82%
2022-08-26 08:07:36 : 202,400,000 : 0 : 23,761,800,300 : 82%
2022-08-26 08:38:03 : 202,500,000 : 0 : 23,773,203,825 : 82%
2022-08-26 09:08:21 : 202,600,000 : 0 : 23,784,476,275 : 82%
2022-08-26 09:38:27 : 202,700,000 : 0 : 23,795,748,725 : 82%
2022-08-26 10:07:20 : 202,800,000 : 0 : 23,806,890,100 : 82%
2022-08-26 10:34:15 : 202,900,000 : 0 : 23,818,031,475 : 82%
2022-08-26 10:59:04 : 203,000,000 : 0 : 23,829,041,775 : 82%
2022-08-26 11:21:37 : 203,100,000 : 0 : 23,840,183,150 : 82%
2022-08-26 11:42:50 : 203,200,000 : 0 : 23,851,455,600 : 82%
2022-08-26 12:02:54 : 203,300,000 : 0 : 23,862,728,050 : 82%
2022-08-26 12:22:03 : 203,400,000 : 0 : 23,874,000,500 : 82%
2022-08-26 12:40:11 : 203,500,000 : 0 : 23,885,404,025 : 82%
2022-08-26 12:57:31 : 203,600,000 : 0 : 23,896,807,550 : 82%
2022-08-26 13:14:17 : 203,700,000 : 0 : 23,919,614,600 : 82%
2022-08-26 13:30:28 : 203,800,000 : 0 : 23,931,149,200 : 83%
2022-08-26 13:46:16 : 203,900,000 : 0 : 23,942,683,800 : 83%
2022-08-26 14:01:33 : 204,000,000 : 0 : 23,954,218,400 : 83%
2022-08-26 14:16:28 : 204,100,000 : 0 : 23,965,753,000 : 83%
2022-08-26 14:30:58 : 204,200,000 : 0 : 23,977,287,600 : 83%
2022-08-26 14:45:24 : 204,300,000 : 0 : 23,988,822,200 : 83%
2022-08-26 14:59:42 : 204,400,000 : 0 : 24,000,487,875 : 83%
2022-08-26 15:14:04 : 204,500,000 : 0 : 24,012,022,475 : 83%
2022-08-26 15:28:07 : 204,600,000 : 0 : 24,023,557,075 : 83%
2022-08-26 15:42:10 : 204,700,000 : 0 : 24,035,091,675 : 83%
2022-08-26 15:56:01 : 204,800,000 : 0 : 24,046,757,350 : 83%
2022-08-26 16:10:07 : 204,900,000 : 0 : 24,058,291,950 : 83%
2022-08-26 16:24:04 : 205,000,000 : 0 : 24,069,826,550 : 83%
2022-08-26 16:37:57 : 205,100,000 : 0 : 24,081,361,150 : 83%
2022-08-26 16:51:42 : 205,200,000 : 0 : 24,092,895,750 : 83%
2022-08-26 17:05:35 : 205,300,000 : 0 : 24,104,430,350 : 83%
2022-08-26 17:19:43 : 205,400,000 : 0 : 24,115,964,950 : 83%
2022-08-26 17:33:48 : 205,500,000 : 0 : 24,127,368,475 : 83%
2022-08-26 17:47:53 : 205,600,000 : 0 : 24,138,903,075 : 83%
2022-08-26 18:02:00 : 205,700,000 : 0 : 24,161,841,200 : 83%
2022-08-26 18:16:25 : 205,800,000 : 0 : 24,173,375,800 : 83%
2022-08-26 18:30:46 : 205,900,000 : 0 : 24,184,910,400 : 83%
2022-08-26 18:45:12 : 206,000,000 : 0 : 24,196,313,925 : 83%
2022-08-26 18:59:34 : 206,100,000 : 0 : 24,207,717,450 : 83%
2022-08-26 19:14:08 : 206,200,000 : 0 : 24,219,120,975 : 84%
2022-08-26 19:28:37 : 206,300,000 : 0 : 24,230,524,500 : 84%
2022-08-26 19:43:02 : 206,400,000 : 0 : 24,241,796,950 : 84%
2022-08-26 19:57:28 : 206,500,000 : 0 : 24,253,069,400 : 84%
2022-08-26 20:12:00 : 206,600,000 : 0 : 24,264,341,850 : 84%
2022-08-26 20:26:35 : 206,700,000 : 0 : 24,275,745,375 : 84%
2022-08-26 20:41:15 : 206,800,000 : 0 : 24,287,017,825 : 84%
2022-08-26 20:55:53 : 206,900,000 : 0 : 24,298,159,200 : 84%
2022-08-26 21:10:35 : 207,000,000 : 0 : 24,309,562,725 : 84%
2022-08-26 21:25:33 : 207,100,000 : 0 : 24,320,835,175 : 84%
2022-08-26 21:40:36 : 207,200,000 : 0 : 24,332,107,625 : 84%
2022-08-26 21:55:40 : 207,300,000 : 0 : 24,343,249,000 : 84%
2022-08-26 22:10:56 : 207,400,000 : 0 : 24,354,390,375 : 84%
2022-08-26 22:26:22 : 207,500,000 : 0 : 24,365,531,750 : 84%
2022-08-26 22:42:15 : 207,600,000 : 0 : 24,376,673,125 : 84%
2022-08-26 22:58:20 : 207,700,000 : 0 : 24,387,683,425 : 84%
2022-08-26 23:14:59 : 207,800,000 : 0 : 24,409,835,100 : 84%
2022-08-26 23:31:38 : 207,900,000 : 0 : 24,420,845,400 : 84%
2022-08-26 23:48:30 : 208,000,000 : 0 : 24,431,855,700 : 84%
2022-08-27 00:05:28 : 208,100,000 : 0 : 24,442,734,925 : 84%
2022-08-27 00:22:29 : 208,200,000 : 0 : 24,453,483,075 : 84%
2022-08-27 00:39:37 : 208,300,000 : 0 : 24,464,231,225 : 84%
2022-08-27 00:56:42 : 208,400,000 : 0 : 24,475,110,450 : 84%
2022-08-27 01:14:06 : 208,500,000 : 0 : 24,485,858,600 : 84%
2022-08-27 01:31:35 : 208,600,000 : 0 : 24,496,475,675 : 84%
2022-08-27 01:48:52 : 208,700,000 : 0 : 24,507,223,825 : 85%
2022-08-27 02:06:18 : 208,800,000 : 0 : 24,517,971,975 : 85%
2022-08-27 02:23:56 : 208,900,000 : 0 : 24,528,589,050 : 85%
2022-08-27 02:42:00 : 209,000,000 : 0 : 24,539,337,200 : 85%
2022-08-27 03:00:24 : 209,100,000 : 0 : 24,549,954,275 : 85%
2022-08-27 03:19:19 : 209,200,000 : 0 : 24,560,571,350 : 85%
2022-08-27 03:38:40 : 209,300,000 : 0 : 24,571,319,500 : 85%
2022-08-27 03:58:56 : 209,400,000 : 0 : 24,582,067,650 : 85%
2022-08-27 04:20:04 : 209,500,000 : 0 : 24,592,684,725 : 85%
2022-08-27 04:41:54 : 209,600,000 : 0 : 24,603,301,800 : 85%
2022-08-27 05:05:04 : 209,700,000 : 0 : 24,614,049,950 : 85%
2022-08-27 05:28:58 : 209,800,000 : 0 : 24,624,667,025 : 85%
2022-08-27 05:54:09 : 209,900,000 : 0 : 24,635,415,175 : 85%
2022-08-27 06:20:29 : 210,000,000 : 0 : 24,646,032,250 : 85%
2022-08-27 06:46:56 : 210,100,000 : 0 : 24,656,780,400 : 85%
2022-08-27 07:13:45 : 210,200,000 : 0 : 24,667,266,400 : 85%
2022-08-27 07:41:14 : 210,300,000 : 0 : 24,688,500,550 : 85%
2022-08-27 08:09:30 : 210,400,000 : 0 : 24,698,986,550 : 85%
2022-08-27 08:38:20 : 210,500,000 : 0 : 24,709,603,625 : 85%
2022-08-27 09:07:23 : 210,600,000 : 0 : 24,720,089,625 : 85%
2022-08-27 09:35:45 : 210,700,000 : 0 : 24,729,920,250 : 85%
2022-08-27 10:02:02 : 210,800,000 : 0 : 24,740,275,175 : 85%
2022-08-27 10:29:34 : 210,900,000 : 0 : 24,750,761,175 : 85%
2022-08-27 10:56:39 : 211,000,000 : 0 : 24,761,640,400 : 85%
2022-08-27 11:22:36 : 211,100,000 : 0 : 24,772,519,625 : 85%
2022-08-27 11:46:42 : 211,200,000 : 0 : 24,783,398,850 : 85%
2022-08-27 12:09:00 : 211,300,000 : 0 : 24,794,278,075 : 85%
2022-08-27 12:30:14 : 211,400,000 : 0 : 24,805,288,375 : 86%
2022-08-27 12:50:21 : 211,500,000 : 0 : 24,816,429,750 : 86%
2022-08-27 13:09:31 : 211,600,000 : 0 : 24,827,440,050 : 86%
2022-08-27 13:27:43 : 211,700,000 : 0 : 24,838,450,350 : 86%
2022-08-27 13:45:31 : 211,800,000 : 0 : 24,849,591,725 : 86%
2022-08-27 14:02:38 : 211,900,000 : 0 : 24,860,602,025 : 86%
2022-08-27 14:18:51 : 212,000,000 : 0 : 24,871,612,325 : 86%
2022-08-27 14:34:22 : 212,100,000 : 0 : 24,882,491,550 : 86%
2022-08-27 14:49:40 : 212,200,000 : 0 : 24,893,370,775 : 86%
2022-08-27 15:04:52 : 212,300,000 : 0 : 24,904,381,075 : 86%
2022-08-27 15:19:41 : 212,400,000 : 0 : 24,915,260,300 : 86%
2022-08-27 15:34:20 : 212,500,000 : 0 : 24,926,008,450 : 86%
2022-08-27 15:48:54 : 212,600,000 : 0 : 24,937,018,750 : 86%
2022-08-27 16:03:39 : 212,700,000 : 0 : 24,948,029,050 : 86%
2022-08-27 16:18:40 : 212,800,000 : 0 : 24,959,170,425 : 86%
2022-08-27 16:33:42 : 212,900,000 : 0 : 24,970,311,800 : 86%
2022-08-27 16:48:39 : 213,000,000 : 0 : 24,992,463,475 : 86%
2022-08-27 17:03:39 : 213,100,000 : 0 : 25,003,473,775 : 86%
2022-08-27 17:18:32 : 213,200,000 : 0 : 25,014,484,075 : 86%
2022-08-27 17:33:18 : 213,300,000 : 0 : 25,025,494,375 : 86%
2022-08-27 17:48:08 : 213,400,000 : 0 : 25,036,373,600 : 86%
2022-08-27 18:02:56 : 213,500,000 : 0 : 25,047,252,825 : 86%
2022-08-27 18:17:47 : 213,600,000 : 0 : 25,058,263,125 : 86%
2022-08-27 18:32:38 : 213,700,000 : 0 : 25,069,142,350 : 86%
2022-08-27 18:47:40 : 213,800,000 : 0 : 25,080,152,650 : 86%
2022-08-27 19:02:57 : 213,900,000 : 0 : 25,091,031,875 : 87%
2022-08-27 19:18:22 : 214,000,000 : 0 : 25,102,042,175 : 87%
2022-08-27 19:33:48 : 214,100,000 : 0 : 25,112,921,400 : 87%
2022-08-27 19:49:21 : 214,200,000 : 0 : 25,123,931,700 : 87%
2022-08-27 20:04:53 : 214,300,000 : 0 : 25,134,810,925 : 87%
2022-08-27 20:20:05 : 214,400,000 : 0 : 25,145,559,075 : 87%
2022-08-27 20:35:48 : 214,500,000 : 0 : 25,156,438,300 : 87%
2022-08-27 20:51:38 : 214,600,000 : 0 : 25,167,448,600 : 87%
2022-08-27 21:07:48 : 214,700,000 : 0 : 25,178,458,900 : 87%
2022-08-27 21:24:08 : 214,800,000 : 0 : 25,189,338,125 : 87%
2022-08-27 21:40:20 : 214,900,000 : 0 : 25,200,348,425 : 87%
2022-08-27 21:56:36 : 215,000,000 : 0 : 25,211,227,650 : 87%
2022-08-27 22:12:58 : 215,100,000 : 0 : 25,221,975,800 : 87%
2022-08-27 22:29:34 : 215,200,000 : 0 : 25,232,986,100 : 87%
2022-08-27 22:46:15 : 215,300,000 : 0 : 25,243,865,325 : 87%
2022-08-27 23:03:17 : 215,400,000 : 0 : 25,265,492,700 : 87%
2022-08-27 23:20:22 : 215,500,000 : 0 : 25,276,371,925 : 87%
2022-08-27 23:37:34 : 215,600,000 : 0 : 25,287,120,075 : 87%
2022-08-27 23:54:58 : 215,700,000 : 0 : 25,297,868,225 : 87%
2022-08-28 00:12:36 : 215,800,000 : 0 : 25,308,616,375 : 87%
2022-08-28 00:29:59 : 215,900,000 : 0 : 25,319,364,525 : 87%
2022-08-28 00:47:44 : 216,000,000 : 0 : 25,330,243,750 : 87%
2022-08-28 01:05:38 : 216,100,000 : 0 : 25,340,991,900 : 87%
2022-08-28 01:23:35 : 216,200,000 : 0 : 25,351,740,050 : 87%
2022-08-28 01:41:55 : 216,300,000 : 0 : 25,362,488,200 : 87%
2022-08-28 02:00:18 : 216,400,000 : 0 : 25,373,236,350 : 87%
2022-08-28 02:18:36 : 216,500,000 : 0 : 25,383,984,500 : 88%
2022-08-28 02:36:58 : 216,600,000 : 0 : 25,394,601,575 : 88%
2022-08-28 02:55:47 : 216,700,000 : 0 : 25,405,349,725 : 88%
2022-08-28 03:15:31 : 216,800,000 : 0 : 25,416,228,950 : 88%
2022-08-28 03:35:29 : 216,900,000 : 0 : 25,426,977,100 : 88%
2022-08-28 03:55:50 : 217,000,000 : 0 : 25,437,725,250 : 88%
2022-08-28 04:16:55 : 217,100,000 : 0 : 25,448,342,325 : 88%
2022-08-28 04:38:53 : 217,200,000 : 0 : 25,459,090,475 : 88%
2022-08-28 05:01:58 : 217,300,000 : 0 : 25,469,969,700 : 88%
2022-08-28 05:26:16 : 217,400,000 : 0 : 25,480,717,850 : 88%
2022-08-28 05:51:46 : 217,500,000 : 0 : 25,491,466,000 : 88%
2022-08-28 06:18:25 : 217,600,000 : 0 : 25,502,345,225 : 88%
2022-08-28 06:46:11 : 217,700,000 : 0 : 25,513,224,450 : 88%
2022-08-28 07:14:46 : 217,800,000 : 0 : 25,534,982,900 : 88%
2022-08-28 07:44:07 : 217,900,000 : 0 : 25,545,862,125 : 88%
2022-08-28 08:13:52 : 218,000,000 : 0 : 25,556,741,350 : 88%
2022-08-28 08:44:11 : 218,100,000 : 0 : 25,567,751,650 : 88%
2022-08-28 09:15:14 : 218,200,000 : 0 : 25,578,630,875 : 88%
2022-08-28 09:46:01 : 218,300,000 : 0 : 25,589,641,175 : 88%
2022-08-28 10:16:36 : 218,400,000 : 0 : 25,600,520,400 : 88%
2022-08-28 10:46:37 : 218,500,000 : 0 : 25,611,399,625 : 88%
2022-08-28 11:14:49 : 218,600,000 : 0 : 25,622,278,850 : 88%
2022-08-28 11:40:43 : 218,700,000 : 0 : 25,633,289,150 : 88%
2022-08-28 12:04:33 : 218,800,000 : 0 : 25,644,299,450 : 88%
2022-08-28 12:27:06 : 218,900,000 : 0 : 25,655,309,750 : 88%
2022-08-28 12:48:29 : 219,000,000 : 0 : 25,666,451,125 : 89%
2022-08-28 13:08:12 : 219,100,000 : 0 : 25,677,199,275 : 89%
2022-08-28 13:26:32 : 219,200,000 : 0 : 25,688,209,575 : 89%
2022-08-28 13:44:45 : 219,300,000 : 0 : 25,699,088,800 : 89%
2022-08-28 14:02:26 : 219,400,000 : 0 : 25,710,230,175 : 89%
2022-08-28 14:19:04 : 219,500,000 : 0 : 25,721,109,400 : 89%
2022-08-28 14:34:55 : 219,600,000 : 0 : 25,731,988,625 : 89%
2022-08-28 14:49:57 : 219,700,000 : 0 : 25,742,867,850 : 89%
2022-08-28 15:05:18 : 219,800,000 : 0 : 25,765,281,675 : 89%
2022-08-28 15:20:44 : 219,900,000 : 0 : 25,776,423,050 : 89%
2022-08-28 15:35:53 : 220,000,000 : 0 : 25,787,564,425 : 89%
2022-08-28 15:50:47 : 220,100,000 : 0 : 25,798,705,800 : 89%
2022-08-28 16:05:34 : 220,200,000 : 0 : 25,809,847,175 : 89%
2022-08-28 16:20:05 : 220,300,000 : 0 : 25,820,988,550 : 89%
2022-08-28 16:34:32 : 220,400,000 : 0 : 25,831,998,850 : 89%
2022-08-28 16:48:43 : 220,500,000 : 0 : 25,843,140,225 : 89%
2022-08-28 17:03:12 : 220,600,000 : 0 : 25,854,281,600 : 89%
2022-08-28 17:17:55 : 220,700,000 : 0 : 25,865,554,050 : 89%
2022-08-28 17:32:45 : 220,800,000 : 0 : 25,876,695,425 : 89%
2022-08-28 17:47:36 : 220,900,000 : 0 : 25,887,967,875 : 89%
2022-08-28 18:02:08 : 221,000,000 : 0 : 25,899,109,250 : 89%
2022-08-28 18:16:52 : 221,100,000 : 0 : 25,910,250,625 : 89%
2022-08-28 18:31:44 : 221,200,000 : 0 : 25,921,392,000 : 89%
2022-08-28 18:46:41 : 221,300,000 : 0 : 25,932,533,375 : 89%
2022-08-28 19:01:34 : 221,400,000 : 0 : 25,943,674,750 : 89%
2022-08-28 19:16:36 : 221,500,000 : 0 : 25,954,816,125 : 89%
2022-08-28 19:31:50 : 221,600,000 : 0 : 25,965,957,500 : 90%
2022-08-28 19:46:54 : 221,700,000 : 0 : 25,977,098,875 : 90%
2022-08-28 20:02:01 : 221,800,000 : 0 : 25,988,240,250 : 90%
2022-08-28 20:17:04 : 221,900,000 : 0 : 26,010,260,850 : 90%
2022-08-28 20:32:04 : 222,000,000 : 0 : 26,021,402,225 : 90%
2022-08-28 20:47:12 : 222,100,000 : 0 : 26,032,543,600 : 90%
2022-08-28 21:02:19 : 222,200,000 : 0 : 26,043,684,975 : 90%
2022-08-28 21:17:38 : 222,300,000 : 0 : 26,054,695,275 : 90%
2022-08-28 21:32:54 : 222,400,000 : 0 : 26,065,705,575 : 90%
2022-08-28 21:48:12 : 222,500,000 : 0 : 26,076,715,875 : 90%
2022-08-28 22:03:41 : 222,600,000 : 0 : 26,087,726,175 : 90%
2022-08-28 22:19:36 : 222,700,000 : 0 : 26,098,867,550 : 90%
2022-08-28 22:35:44 : 222,800,000 : 0 : 26,109,746,775 : 90%
2022-08-28 22:51:55 : 222,900,000 : 0 : 26,120,757,075 : 90%
2022-08-28 23:08:30 : 223,000,000 : 0 : 26,131,767,375 : 90%
2022-08-28 23:25:28 : 223,100,000 : 0 : 26,142,777,675 : 90%
2022-08-28 23:42:18 : 223,200,000 : 0 : 26,153,787,975 : 90%
2022-08-28 23:59:31 : 223,300,000 : 0 : 26,164,798,275 : 90%
2022-08-29 00:17:04 : 223,400,000 : 0 : 26,175,808,575 : 90%
2022-08-29 00:34:16 : 223,500,000 : 0 : 26,186,687,800 : 90%
2022-08-29 00:51:21 : 223,600,000 : 0 : 26,197,698,100 : 90%
2022-08-29 01:08:43 : 223,700,000 : 0 : 26,208,577,325 : 90%
2022-08-29 01:26:17 : 223,800,000 : 0 : 26,219,587,625 : 90%
2022-08-29 01:43:38 : 223,900,000 : 0 : 26,230,466,850 : 90%
2022-08-29 02:01:23 : 224,000,000 : 0 : 26,241,346,075 : 90%
2022-08-29 02:18:56 : 224,100,000 : 0 : 26,263,104,525 : 91%
2022-08-29 02:36:40 : 224,200,000 : 0 : 26,273,983,750 : 91%
2022-08-29 02:54:53 : 224,300,000 : 0 : 26,284,862,975 : 91%
2022-08-29 03:13:42 : 224,400,000 : 0 : 26,295,873,275 : 91%
2022-08-29 03:32:57 : 224,500,000 : 0 : 26,306,752,500 : 91%
2022-08-29 03:53:07 : 224,600,000 : 0 : 26,317,762,800 : 91%
2022-08-29 04:14:08 : 224,700,000 : 0 : 26,328,773,100 : 91%
2022-08-29 04:36:10 : 224,800,000 : 0 : 26,339,652,325 : 91%
2022-08-29 04:59:31 : 224,900,000 : 0 : 26,350,793,700 : 91%
2022-08-29 05:24:00 : 225,000,000 : 0 : 26,361,804,000 : 91%
2022-08-29 05:49:37 : 225,100,000 : 0 : 26,372,945,375 : 91%
2022-08-29 06:17:01 : 225,200,000 : 0 : 26,384,217,825 : 91%
2022-08-29 06:45:28 : 225,300,000 : 0 : 26,395,490,275 : 91%
2022-08-29 07:15:32 : 225,400,000 : 0 : 26,406,762,725 : 91%
2022-08-29 07:46:33 : 225,500,000 : 0 : 26,418,035,175 : 91%
2022-08-29 08:18:16 : 225,600,000 : 0 : 26,429,307,625 : 91%
2022-08-29 08:50:00 : 225,700,000 : 0 : 26,440,711,150 : 91%
2022-08-29 09:21:25 : 225,800,000 : 0 : 26,451,983,600 : 91%
2022-08-29 09:52:06 : 225,900,000 : 0 : 26,463,256,050 : 91%
2022-08-29 10:21:20 : 226,000,000 : 0 : 26,474,397,425 : 91%
2022-08-29 10:48:18 : 226,100,000 : 0 : 26,485,538,800 : 91%
2022-08-29 11:13:20 : 226,200,000 : 0 : 26,496,680,175 : 91%
2022-08-29 11:36:38 : 226,300,000 : 0 : 26,519,356,150 : 91%
2022-08-29 11:58:23 : 226,400,000 : 0 : 26,530,628,600 : 91%
2022-08-29 12:19:04 : 226,500,000 : 0 : 26,542,032,125 : 92%
2022-08-29 12:38:18 : 226,600,000 : 0 : 26,553,435,650 : 92%
2022-08-29 12:56:43 : 226,700,000 : 0 : 26,564,839,175 : 92%
2022-08-29 13:14:12 : 226,800,000 : 0 : 26,576,242,700 : 92%
2022-08-29 13:31:17 : 226,900,000 : 0 : 26,587,777,300 : 92%
2022-08-29 13:47:56 : 227,000,000 : 0 : 26,599,180,825 : 92%
2022-08-29 14:03:51 : 227,100,000 : 0 : 26,610,715,425 : 92%
2022-08-29 14:19:22 : 227,200,000 : 0 : 26,622,250,025 : 92%
2022-08-29 14:34:33 : 227,300,000 : 0 : 26,633,784,625 : 92%
2022-08-29 14:49:29 : 227,400,000 : 0 : 26,645,319,225 : 92%
2022-08-29 15:04:29 : 227,500,000 : 0 : 26,656,984,900 : 92%
2022-08-29 15:19:28 : 227,600,000 : 0 : 26,668,650,575 : 92%
2022-08-29 15:34:02 : 227,700,000 : 0 : 26,680,185,175 : 92%
2022-08-29 15:48:32 : 227,800,000 : 0 : 26,691,850,850 : 92%
2022-08-29 16:03:00 : 227,900,000 : 0 : 26,703,516,525 : 92%
2022-08-29 16:17:33 : 228,000,000 : 0 : 26,715,051,125 : 92%
2022-08-29 16:31:44 : 228,100,000 : 0 : 26,738,251,400 : 92%
2022-08-29 16:45:55 : 228,200,000 : 0 : 26,749,917,075 : 92%
2022-08-29 17:00:01 : 228,300,000 : 0 : 26,761,451,675 : 92%
2022-08-29 17:14:09 : 228,400,000 : 0 : 26,772,986,275 : 92%
2022-08-29 17:28:09 : 228,500,000 : 0 : 26,784,520,875 : 92%
2022-08-29 17:42:15 : 228,600,000 : 0 : 26,796,186,550 : 92%
2022-08-29 17:56:26 : 228,700,000 : 0 : 26,807,721,150 : 92%
2022-08-29 18:10:54 : 228,800,000 : 0 : 26,819,386,825 : 92%
2022-08-29 18:25:34 : 228,900,000 : 0 : 26,830,921,425 : 93%
2022-08-29 18:40:22 : 229,000,000 : 0 : 26,842,456,025 : 93%
2022-08-29 18:55:18 : 229,100,000 : 0 : 26,853,990,625 : 93%
2022-08-29 19:10:21 : 229,200,000 : 0 : 26,865,525,225 : 93%
2022-08-29 19:25:26 : 229,300,000 : 0 : 26,876,928,750 : 93%
2022-08-29 19:40:36 : 229,400,000 : 0 : 26,888,463,350 : 93%
2022-08-29 19:55:46 : 229,500,000 : 0 : 26,899,866,875 : 93%
2022-08-29 20:11:11 : 229,600,000 : 0 : 26,911,270,400 : 93%
2022-08-29 20:26:41 : 229,700,000 : 0 : 26,922,673,925 : 93%
2022-08-29 20:42:08 : 229,800,000 : 0 : 26,934,077,450 : 93%
2022-08-29 20:57:48 : 229,900,000 : 0 : 26,945,480,975 : 93%
2022-08-29 21:13:44 : 230,000,000 : 0 : 26,968,156,950 : 93%
2022-08-29 21:29:35 : 230,100,000 : 0 : 26,979,429,400 : 93%
2022-08-29 21:45:43 : 230,200,000 : 0 : 26,990,701,850 : 93%
2022-08-29 22:01:48 : 230,300,000 : 0 : 27,001,974,300 : 93%
2022-08-29 22:18:12 : 230,400,000 : 0 : 27,013,115,675 : 93%
2022-08-29 22:34:37 : 230,500,000 : 0 : 27,024,388,125 : 93%
2022-08-29 22:51:10 : 230,600,000 : 0 : 27,035,529,500 : 93%
2022-08-29 23:07:59 : 230,700,000 : 0 : 27,046,670,875 : 93%
2022-08-29 23:24:45 : 230,800,000 : 0 : 27,057,943,325 : 93%
2022-08-29 23:41:44 : 230,900,000 : 0 : 27,069,084,700 : 93%
2022-08-29 23:58:55 : 231,000,000 : 0 : 27,080,357,150 : 93%
2022-08-30 00:15:46 : 231,100,000 : 0 : 27,091,367,450 : 93%
2022-08-30 00:32:22 : 231,200,000 : 0 : 27,102,508,825 : 93%
2022-08-30 00:48:38 : 231,300,000 : 0 : 27,113,519,125 : 93%
2022-08-30 01:04:51 : 231,400,000 : 0 : 27,124,529,425 : 94%
2022-08-30 01:21:26 : 231,500,000 : 0 : 27,135,408,650 : 94%
2022-08-30 01:37:57 : 231,600,000 : 0 : 27,146,550,025 : 94%
2022-08-30 01:54:24 : 231,700,000 : 0 : 27,157,429,250 : 94%
2022-08-30 02:10:55 : 231,800,000 : 0 : 27,168,439,550 : 94%
2022-08-30 02:27:44 : 231,900,000 : 0 : 27,179,318,775 : 94%
2022-08-30 02:44:49 : 232,000,000 : 0 : 27,190,329,075 : 94%
2022-08-30 03:02:31 : 232,100,000 : 0 : 27,212,349,675 : 94%
2022-08-30 03:20:47 : 232,200,000 : 0 : 27,223,359,975 : 94%
2022-08-30 03:40:01 : 232,300,000 : 0 : 27,234,370,275 : 94%
2022-08-30 03:59:53 : 232,400,000 : 0 : 27,245,380,575 : 94%
2022-08-30 04:21:16 : 232,500,000 : 0 : 27,256,390,875 : 94%
2022-08-30 04:43:42 : 232,600,000 : 0 : 27,267,401,175 : 94%
2022-08-30 05:07:36 : 232,700,000 : 0 : 27,278,542,550 : 94%
2022-08-30 05:32:49 : 232,800,000 : 0 : 27,289,683,925 : 94%
2022-08-30 05:59:02 : 232,900,000 : 0 : 27,300,956,375 : 94%
2022-08-30 06:27:05 : 233,000,000 : 0 : 27,312,228,825 : 94%
2022-08-30 06:56:35 : 233,100,000 : 0 : 27,323,501,275 : 94%
2022-08-30 07:27:14 : 233,200,000 : 0 : 27,334,904,800 : 94%
2022-08-30 07:58:53 : 233,300,000 : 0 : 27,346,308,325 : 94%
2022-08-30 08:30:39 : 233,400,000 : 0 : 27,357,580,775 : 94%
2022-08-30 09:02:36 : 233,500,000 : 0 : 27,368,984,300 : 94%
2022-08-30 09:34:07 : 233,600,000 : 0 : 27,380,256,750 : 94%
2022-08-30 10:03:34 : 233,700,000 : 0 : 27,391,529,200 : 94%
2022-08-30 10:31:43 : 233,800,000 : 0 : 27,402,801,650 : 94%
2022-08-30 10:57:31 : 233,900,000 : 0 : 27,414,074,100 : 95%
2022-08-30 11:21:07 : 234,000,000 : 0 : 27,425,346,550 : 95%
2022-08-30 11:43:19 : 234,100,000 : 0 : 27,448,022,525 : 95%
2022-08-30 12:04:17 : 234,200,000 : 0 : 27,459,426,050 : 95%
2022-08-30 12:23:52 : 234,300,000 : 0 : 27,470,829,575 : 95%
2022-08-30 12:42:24 : 234,400,000 : 0 : 27,482,364,175 : 95%
2022-08-30 12:59:59 : 234,500,000 : 0 : 27,493,898,775 : 95%
2022-08-30 13:17:10 : 234,600,000 : 0 : 27,505,302,300 : 95%
2022-08-30 13:33:34 : 234,700,000 : 0 : 27,516,836,900 : 95%
2022-08-30 13:49:30 : 234,800,000 : 0 : 27,528,502,575 : 95%
2022-08-30 14:04:49 : 234,900,000 : 0 : 27,540,168,250 : 95%
2022-08-30 14:20:03 : 235,000,000 : 0 : 27,551,702,850 : 95%
2022-08-30 14:34:54 : 235,100,000 : 0 : 27,563,368,525 : 95%
2022-08-30 14:49:28 : 235,200,000 : 0 : 27,575,034,200 : 95%
2022-08-30 15:03:49 : 235,300,000 : 0 : 27,586,699,875 : 95%
2022-08-30 15:18:18 : 235,400,000 : 0 : 27,598,365,550 : 95%
2022-08-30 15:32:33 : 235,500,000 : 0 : 27,609,900,150 : 95%
2022-08-30 15:46:38 : 235,600,000 : 0 : 27,621,565,825 : 95%
2022-08-30 16:00:34 : 235,700,000 : 0 : 27,633,231,500 : 95%
2022-08-30 16:14:33 : 235,800,000 : 0 : 27,644,766,100 : 95%
2022-08-30 16:28:25 : 235,900,000 : 0 : 27,656,431,775 : 95%
2022-08-30 16:42:16 : 236,000,000 : 0 : 27,679,500,975 : 95%
2022-08-30 16:56:08 : 236,100,000 : 0 : 27,691,035,575 : 95%
2022-08-30 17:10:02 : 236,200,000 : 0 : 27,702,701,250 : 96%
2022-08-30 17:23:57 : 236,300,000 : 0 : 27,714,104,775 : 96%
2022-08-30 17:37:42 : 236,400,000 : 0 : 27,725,639,375 : 96%
2022-08-30 17:51:28 : 236,500,000 : 0 : 27,737,305,050 : 96%
2022-08-30 18:05:24 : 236,600,000 : 0 : 27,748,839,650 : 96%
2022-08-30 18:19:27 : 236,700,000 : 0 : 27,760,374,250 : 96%
2022-08-30 18:33:22 : 236,800,000 : 0 : 27,771,777,775 : 96%
2022-08-30 18:47:21 : 236,900,000 : 0 : 27,783,181,300 : 96%
2022-08-30 19:01:15 : 237,000,000 : 0 : 27,794,715,900 : 96%
2022-08-30 19:15:07 : 237,100,000 : 0 : 27,806,119,425 : 96%
2022-08-30 19:28:54 : 237,200,000 : 0 : 27,817,522,950 : 96%
2022-08-30 19:42:27 : 237,300,000 : 0 : 27,828,795,400 : 96%
2022-08-30 19:56:09 : 237,400,000 : 0 : 27,840,330,000 : 96%
2022-08-30 20:10:01 : 237,500,000 : 0 : 27,851,602,450 : 96%
2022-08-30 20:23:50 : 237,600,000 : 0 : 27,863,005,975 : 96%
2022-08-30 20:37:36 : 237,700,000 : 0 : 27,874,409,500 : 96%
2022-08-30 20:51:15 : 237,800,000 : 0 : 27,885,681,950 : 96%
2022-08-30 21:05:02 : 237,900,000 : 0 : 27,908,489,000 : 96%
2022-08-30 21:19:15 : 238,000,000 : 0 : 27,919,761,450 : 96%
2022-08-30 21:33:30 : 238,100,000 : 0 : 27,931,164,975 : 96%
2022-08-30 21:48:10 : 238,200,000 : 0 : 27,942,568,500 : 96%
2022-08-30 22:02:47 : 238,300,000 : 0 : 27,953,709,875 : 96%
2022-08-30 22:17:49 : 238,400,000 : 0 : 27,964,982,325 : 96%
2022-08-30 22:33:09 : 238,500,000 : 0 : 27,976,123,700 : 96%
2022-08-30 22:48:39 : 238,600,000 : 0 : 27,987,396,150 : 97%
2022-08-30 23:04:20 : 238,700,000 : 0 : 27,998,537,525 : 97%
2022-08-30 23:20:23 : 238,800,000 : 0 : 28,009,678,900 : 97%
2022-08-30 23:36:19 : 238,900,000 : 0 : 28,020,689,200 : 97%
2022-08-30 23:52:31 : 239,000,000 : 0 : 28,031,830,575 : 97%
2022-08-31 00:08:44 : 239,100,000 : 0 : 28,042,840,875 : 97%
2022-08-31 00:25:03 : 239,200,000 : 0 : 28,053,982,250 : 97%
2022-08-31 00:41:23 : 239,300,000 : 0 : 28,064,992,550 : 97%
2022-08-31 00:57:34 : 239,400,000 : 0 : 28,076,002,850 : 97%
2022-08-31 01:13:53 : 239,500,000 : 0 : 28,087,013,150 : 97%
2022-08-31 01:30:16 : 239,600,000 : 0 : 28,098,023,450 : 97%
2022-08-31 01:46:39 : 239,700,000 : 0 : 28,109,033,750 : 97%
2022-08-31 02:03:05 : 239,800,000 : 0 : 28,120,175,125 : 97%
2022-08-31 02:19:41 : 239,900,000 : 0 : 28,131,185,425 : 97%
2022-08-31 02:36:39 : 240,000,000 : 0 : 28,142,195,725 : 97%
2022-08-31 02:54:17 : 240,100,000 : 0 : 28,164,347,400 : 97%
2022-08-31 03:12:37 : 240,200,000 : 0 : 28,175,357,700 : 97%
2022-08-31 03:31:30 : 240,300,000 : 0 : 28,186,499,075 : 97%
2022-08-31 03:50:51 : 240,400,000 : 0 : 28,197,509,375 : 97%
2022-08-31 04:11:13 : 240,500,000 : 0 : 28,208,650,750 : 97%
2022-08-31 04:32:44 : 240,600,000 : 0 : 28,219,661,050 : 97%
2022-08-31 04:55:27 : 240,700,000 : 0 : 28,230,933,500 : 97%
2022-08-31 05:19:27 : 240,800,000 : 0 : 28,241,943,800 : 97%
2022-08-31 05:44:29 : 240,900,000 : 0 : 28,253,085,175 : 97%
2022-08-31 06:11:18 : 241,000,000 : 0 : 28,264,357,625 : 97%
2022-08-31 06:39:16 : 241,100,000 : 0 : 28,275,630,075 : 97%
2022-08-31 07:08:25 : 241,200,000 : 0 : 28,286,902,525 : 98%
2022-08-31 07:38:41 : 241,300,000 : 0 : 28,298,174,975 : 98%
2022-08-31 08:09:05 : 241,400,000 : 0 : 28,309,578,500 : 98%
2022-08-31 08:39:53 : 241,500,000 : 0 : 28,320,850,950 : 98%
2022-08-31 09:10:48 : 241,600,000 : 0 : 28,332,254,475 : 98%
2022-08-31 09:41:07 : 241,700,000 : 0 : 28,343,395,850 : 98%
2022-08-31 10:10:07 : 241,800,000 : 0 : 28,354,668,300 : 98%
2022-08-31 10:37:02 : 241,900,000 : 0 : 28,365,809,675 : 98%
2022-08-31 11:01:24 : 242,000,000 : 0 : 28,376,951,050 : 98%
2022-08-31 11:24:01 : 242,100,000 : 0 : 28,399,495,950 : 98%
2022-08-31 11:45:04 : 242,200,000 : 0 : 28,410,768,400 : 98%
2022-08-31 12:04:55 : 242,300,000 : 0 : 28,422,171,925 : 98%
2022-08-31 12:23:55 : 242,400,000 : 0 : 28,433,575,450 : 98%
2022-08-31 12:41:54 : 242,500,000 : 0 : 28,444,978,975 : 98%
2022-08-31 12:58:54 : 242,600,000 : 0 : 28,456,382,500 : 98%
2022-08-31 13:15:23 : 242,700,000 : 0 : 28,467,917,100 : 98%
2022-08-31 13:31:36 : 242,800,000 : 0 : 28,479,451,700 : 98%
2022-08-31 13:47:14 : 242,900,000 : 0 : 28,490,986,300 : 98%
2022-08-31 14:02:34 : 243,000,000 : 0 : 28,502,520,900 : 98%
2022-08-31 14:17:25 : 243,100,000 : 0 : 28,514,186,575 : 98%
2022-08-31 14:31:55 : 243,200,000 : 0 : 28,525,721,175 : 98%
2022-08-31 14:46:22 : 243,300,000 : 0 : 28,537,386,850 : 98%
2022-08-31 15:00:24 : 243,400,000 : 0 : 28,548,921,450 : 98%
2022-08-31 15:14:31 : 243,500,000 : 0 : 28,560,456,050 : 98%
2022-08-31 15:28:29 : 243,600,000 : 0 : 28,572,121,725 : 99%
2022-08-31 15:42:34 : 243,700,000 : 0 : 28,583,656,325 : 99%
2022-08-31 15:56:26 : 243,800,000 : 0 : 28,595,322,000 : 99%
2022-08-31 16:10:25 : 243,900,000 : 0 : 28,606,856,600 : 99%
2022-08-31 16:24:06 : 244,000,000 : 0 : 28,630,056,875 : 99%
2022-08-31 16:37:48 : 244,100,000 : 0 : 28,641,591,475 : 99%
2022-08-31 16:51:28 : 244,200,000 : 0 : 28,653,257,150 : 99%
2022-08-31 17:05:14 : 244,300,000 : 0 : 28,664,791,750 : 99%
2022-08-31 17:19:12 : 244,400,000 : 0 : 28,676,457,425 : 99%
2022-08-31 17:32:59 : 244,500,000 : 0 : 28,687,992,025 : 99%
2022-08-31 17:46:48 : 244,600,000 : 0 : 28,699,526,625 : 99%
2022-08-31 18:00:39 : 244,700,000 : 0 : 28,711,061,225 : 99%
2022-08-31 18:14:42 : 244,800,000 : 0 : 28,722,464,750 : 99%
2022-08-31 18:28:40 : 244,900,000 : 0 : 28,733,868,275 : 99%
2022-08-31 18:42:34 : 245,000,000 : 0 : 28,745,271,800 : 99%
2022-08-31 18:56:12 : 245,100,000 : 0 : 28,756,675,325 : 99%
2022-08-31 19:09:46 : 245,200,000 : 0 : 28,767,816,700 : 99%
2022-08-31 19:23:18 : 245,300,000 : 0 : 28,779,089,150 : 99%
2022-08-31 19:37:00 : 245,400,000 : 0 : 28,790,361,600 : 99%
2022-08-31 19:50:22 : 245,500,000 : 0 : 28,801,634,050 : 99%
2022-08-31 20:03:41 : 245,600,000 : 0 : 28,812,775,425 : 99%
2022-08-31 20:17:00 : 245,700,000 : 0 : 28,824,047,875 : 99%
2022-08-31 20:30:21 : 245,800,000 : 0 : 28,835,189,250 : 99%
2022-08-31 20:44:02 : 245,900,000 : 0 : 28,857,734,150 : 100%
2022-08-31 20:57:36 : 246,000,000 : 0 : 28,868,875,525 : 100%
2022-08-31 21:10:55 : 246,100,000 : 0 : 28,880,147,975 : 100%
2022-08-31 21:24:48 : 246,200,000 : 0 : 28,891,551,500 : 100%
2022-08-31 21:39:04 : 246,300,000 : 0 : 28,902,823,950 : 100%
2022-08-31 21:53:28 : 246,400,000 : 0 : 28,914,227,475 : 100%
2022-08-31 22:08:09 : 246,500,000 : 0 : 28,925,499,925 : 100%
2022-08-31 22:23:12 : 246,600,000 : 0 : 28,936,772,375 : 100%
2022-08-31 22:38:26 : 246,700,000 : 0 : 28,948,044,825 : 100%
2022-08-31 22:53:58 : 246,800,000 : 0 : 28,959,186,200 : 100%
2022-08-31 23:09:45 : 246,900,000 : 0 : 28,970,458,650 : 100%
2022-08-31 23:25:40 : 247,000,000 : 0 : 28,981,600,025 : 100%
2022-08-31 23:41:30 : 247,100,000 : 0 : 28,992,741,400 : 100%
2022-08-31 23:57:30 : 247,200,000 : 0 : 29,001,520,105 : 100%
2022-09-01 00:15:52 : 100,000 : 0 : 22,020,600 : 0%
2022-09-01 00:31:44 : 200,000 : 0 : 32,375,525 : 0%
2022-09-01 00:47:25 : 300,000 : 0 : 42,730,450 : 0%
2022-09-01 01:02:47 : 400,000 : 0 : 52,954,300 : 0%
2022-09-01 01:18:20 : 500,000 : 0 : 63,178,150 : 0%
2022-09-01 01:34:12 : 600,000 : 0 : 73,402,000 : 0%
2022-09-01 01:50:02 : 700,000 : 0 : 83,625,850 : 0%
2022-09-01 02:06:04 : 800,000 : 0 : 93,849,700 : 0%
2022-09-01 02:22:28 : 900,000 : 0 : 104,073,550 : 0%
2022-09-01 02:39:12 : 1,000,000 : 0 : 114,297,400 : 0%
2022-09-01 02:56:25 : 1,100,000 : 0 : 124,521,250 : 0%
2022-09-01 03:14:18 : 1,200,000 : 0 : 134,614,025 : 1%
2022-09-01 03:32:37 : 1,300,000 : 0 : 144,837,875 : 1%
2022-09-01 03:51:56 : 1,400,000 : 0 : 155,192,800 : 1%
2022-09-01 04:12:17 : 1,500,000 : 0 : 165,285,575 : 1%
2022-09-01 04:33:11 : 1,600,000 : 0 : 175,509,425 : 1%
2022-09-01 04:55:28 : 1,700,000 : 0 : 185,733,275 : 1%
2022-09-01 05:18:59 : 1,800,000 : 0 : 195,957,125 : 1%
2022-09-01 05:43:14 : 1,900,000 : 0 : 206,180,975 : 1%
2022-09-01 06:08:59 : 2,000,000 : 0 : 216,535,900 : 1%
2022-09-01 06:35:49 : 2,100,000 : 0 : 226,890,825 : 1%
2022-09-01 07:04:06 : 2,200,000 : 0 : 247,731,750 : 1%
2022-09-01 07:33:12 : 2,300,000 : 0 : 258,086,675 : 1%
2022-09-01 08:03:09 : 2,400,000 : 0 : 268,441,600 : 1%
2022-09-01 08:33:39 : 2,500,000 : 0 : 278,665,450 : 1%
2022-09-01 09:04:03 : 2,600,000 : 0 : 288,758,225 : 1%
2022-09-01 09:33:11 : 2,700,000 : 0 : 298,851,000 : 1%
2022-09-01 10:01:03 : 2,800,000 : 0 : 308,943,775 : 1%
2022-09-01 10:27:49 : 2,900,000 : 0 : 319,036,550 : 1%
2022-09-01 10:52:52 : 3,000,000 : 0 : 329,260,400 : 1%
2022-09-01 11:16:11 : 3,100,000 : 0 : 339,484,250 : 1%
2022-09-01 11:37:31 : 3,200,000 : 0 : 349,708,100 : 1%
2022-09-01 11:57:46 : 3,300,000 : 0 : 360,063,025 : 1%
2022-09-01 12:17:01 : 3,400,000 : 0 : 370,417,950 : 1%
2022-09-01 12:35:27 : 3,500,000 : 0 : 380,903,950 : 2%
2022-09-01 12:53:07 : 3,600,000 : 0 : 391,521,025 : 2%
2022-09-01 13:10:26 : 3,700,000 : 0 : 402,138,100 : 2%
2022-09-01 13:26:52 : 3,800,000 : 0 : 412,624,100 : 2%
2022-09-01 13:43:00 : 3,900,000 : 0 : 423,241,175 : 2%
2022-09-01 13:58:32 : 4,000,000 : 0 : 433,858,250 : 2%
2022-09-01 14:13:56 : 4,100,000 : 0 : 444,606,400 : 2%
2022-09-01 14:28:45 : 4,200,000 : 0 : 465,840,550 : 2%
2022-09-01 14:43:26 : 4,300,000 : 0 : 476,588,700 : 2%
2022-09-01 14:57:53 : 4,400,000 : 0 : 487,336,850 : 2%
2022-09-01 15:12:18 : 4,500,000 : 0 : 497,953,925 : 2%
2022-09-01 15:26:35 : 4,600,000 : 0 : 508,702,075 : 2%
2022-09-01 15:40:45 : 4,700,000 : 0 : 519,319,150 : 2%
2022-09-01 15:54:37 : 4,800,000 : 0 : 529,936,225 : 2%
2022-09-01 16:08:42 : 4,900,000 : 0 : 540,553,300 : 2%
2022-09-01 16:22:45 : 5,000,000 : 0 : 551,170,375 : 2%
2022-09-01 16:36:41 : 5,100,000 : 0 : 561,787,450 : 2%
2022-09-01 16:50:36 : 5,200,000 : 0 : 572,535,600 : 2%
2022-09-01 17:04:35 : 5,300,000 : 0 : 583,152,675 : 2%
2022-09-01 17:18:37 : 5,400,000 : 0 : 593,769,750 : 2%
2022-09-01 17:32:36 : 5,500,000 : 0 : 604,517,900 : 2%
2022-09-01 17:46:31 : 5,600,000 : 0 : 615,003,900 : 2%
2022-09-01 18:00:26 : 5,700,000 : 0 : 625,620,975 : 2%
2022-09-01 18:14:36 : 5,800,000 : 0 : 636,106,975 : 3%
2022-09-01 18:28:45 : 5,900,000 : 0 : 646,724,050 : 3%
2022-09-01 18:42:47 : 6,000,000 : 0 : 657,210,050 : 3%
2022-09-01 18:56:47 : 6,100,000 : 0 : 678,182,050 : 3%
2022-09-01 19:11:03 : 6,200,000 : 0 : 688,799,125 : 3%
2022-09-01 19:25:20 : 6,300,000 : 0 : 699,285,125 : 3%
2022-09-01 19:39:31 : 6,400,000 : 0 : 709,640,050 : 3%
2022-09-01 19:53:02 : 6,500,000 : 0 : 720,126,050 : 3%
2022-09-01 20:06:48 : 6,600,000 : 0 : 730,480,975 : 3%
2022-09-01 20:20:47 : 6,700,000 : 0 : 740,966,975 : 3%
2022-09-01 20:34:28 : 6,800,000 : 0 : 751,321,900 : 3%
2022-09-01 20:48:17 : 6,900,000 : 0 : 761,676,825 : 3%
2022-09-01 21:02:07 : 7,000,000 : 0 : 772,162,825 : 3%
2022-09-01 21:16:23 : 7,100,000 : 0 : 782,517,750 : 3%
2022-09-01 21:30:43 : 7,200,000 : 0 : 793,003,750 : 3%
2022-09-01 21:45:17 : 7,300,000 : 0 : 803,358,675 : 3%
2022-09-01 22:00:07 : 7,400,000 : 0 : 813,713,600 : 3%
2022-09-01 22:15:16 : 7,500,000 : 0 : 824,068,525 : 3%
2022-09-01 22:30:34 : 7,600,000 : 0 : 834,292,375 : 3%
2022-09-01 22:46:05 : 7,700,000 : 0 : 844,647,300 : 3%
2022-09-01 23:01:49 : 7,800,000 : 0 : 854,740,075 : 3%
2022-09-01 23:17:48 : 7,900,000 : 0 : 864,963,925 : 3%
2022-09-01 23:34:00 : 8,000,000 : 0 : 875,056,700 : 3%
2022-09-01 23:50:27 : 8,100,000 : 0 : 895,242,250 : 4%
2022-09-02 00:07:16 : 8,200,000 : 0 : 905,203,950 : 4%
2022-09-02 00:23:39 : 8,300,000 : 0 : 915,296,725 : 4%
2022-09-02 00:40:06 : 8,400,000 : 0 : 925,258,425 : 4%
2022-09-02 00:56:47 : 8,500,000 : 0 : 935,351,200 : 4%
2022-09-02 01:13:17 : 8,600,000 : 0 : 945,312,900 : 4%
2022-09-02 01:29:59 : 8,700,000 : 0 : 955,274,600 : 4%
2022-09-02 01:46:37 : 8,800,000 : 0 : 965,236,300 : 4%
2022-09-02 02:03:15 : 8,900,000 : 0 : 975,198,000 : 4%
2022-09-02 02:19:55 : 9,000,000 : 0 : 985,028,625 : 4%
2022-09-02 02:36:37 : 9,100,000 : 0 : 994,859,250 : 4%
2022-09-02 02:53:29 : 9,200,000 : 0 : 1,004,558,800 : 4%
2022-09-02 03:10:44 : 9,300,000 : 0 : 1,014,389,425 : 4%
2022-09-02 03:28:43 : 9,400,000 : 0 : 1,024,220,050 : 4%
2022-09-02 03:47:36 : 9,500,000 : 0 : 1,034,181,750 : 4%
2022-09-02 04:07:04 : 9,600,000 : 0 : 1,044,274,525 : 4%
2022-09-02 04:28:16 : 9,700,000 : 0 : 1,054,367,300 : 4%
2022-09-02 04:50:41 : 9,800,000 : 0 : 1,064,722,225 : 4%
2022-09-02 05:14:11 : 9,900,000 : 0 : 1,074,946,075 : 4%
2022-09-02 05:39:05 : 10,000,000 : 0 : 1,085,169,925 : 4%
2022-09-02 06:05:00 : 10,100,000 : 0 : 1,095,393,775 : 4%
2022-09-02 06:32:17 : 10,200,000 : 0 : 1,105,748,700 : 4%
2022-09-02 07:00:50 : 10,300,000 : 0 : 1,126,720,700 : 4%
2022-09-02 07:31:59 : 10,400,000 : 0 : 1,137,075,625 : 5%
2022-09-02 08:03:31 : 10,500,000 : 0 : 1,147,561,625 : 5%
2022-09-02 08:35:07 : 10,600,000 : 0 : 1,158,047,625 : 5%
2022-09-02 09:06:17 : 10,700,000 : 0 : 1,168,271,475 : 5%
2022-09-02 09:36:52 : 10,800,000 : 0 : 1,178,626,400 : 5%
2022-09-02 10:06:01 : 10,900,000 : 0 : 1,188,981,325 : 5%
2022-09-02 10:33:32 : 11,000,000 : 0 : 1,199,205,175 : 5%
2022-09-02 10:58:44 : 11,100,000 : 0 : 1,209,429,025 : 5%
2022-09-02 11:22:07 : 11,200,000 : 0 : 1,219,783,950 : 5%
2022-09-02 11:43:37 : 11,300,000 : 0 : 1,230,138,875 : 5%
2022-09-02 12:03:47 : 11,400,000 : 0 : 1,240,624,875 : 5%
2022-09-02 12:22:57 : 11,500,000 : 0 : 1,251,110,875 : 5%
2022-09-02 12:41:11 : 11,600,000 : 0 : 1,261,596,875 : 5%
2022-09-02 12:58:41 : 11,700,000 : 0 : 1,272,082,875 : 5%
2022-09-02 13:15:44 : 11,800,000 : 0 : 1,282,699,950 : 5%
2022-09-02 13:32:12 : 11,900,000 : 0 : 1,293,317,025 : 5%
2022-09-02 13:48:18 : 12,000,000 : 0 : 1,304,065,175 : 5%
2022-09-02 14:03:47 : 12,100,000 : 0 : 1,314,813,325 : 5%
2022-09-02 14:19:05 : 12,200,000 : 0 : 1,325,430,400 : 5%
2022-09-02 14:33:57 : 12,300,000 : 0 : 1,336,178,550 : 5%
2022-09-02 14:48:34 : 12,400,000 : 0 : 1,357,543,775 : 5%
2022-09-02 15:03:00 : 12,500,000 : 0 : 1,368,291,925 : 5%
2022-09-02 15:17:23 : 12,600,000 : 0 : 1,378,909,000 : 5%
2022-09-02 15:31:37 : 12,700,000 : 0 : 1,389,526,075 : 6%
2022-09-02 15:45:47 : 12,800,000 : 0 : 1,400,274,225 : 6%
2022-09-02 15:59:49 : 12,900,000 : 0 : 1,410,891,300 : 6%
2022-09-02 16:14:05 : 13,000,000 : 0 : 1,421,508,375 : 6%
2022-09-02 16:28:06 : 13,100,000 : 0 : 1,432,256,525 : 6%
2022-09-02 16:42:13 : 13,200,000 : 0 : 1,442,742,525 : 6%
2022-09-02 16:56:22 : 13,300,000 : 0 : 1,453,359,600 : 6%
2022-09-02 17:10:38 : 13,400,000 : 0 : 1,463,976,675 : 6%
2022-09-02 17:24:54 : 13,500,000 : 0 : 1,474,593,750 : 6%
2022-09-02 17:39:10 : 13,600,000 : 0 : 1,485,210,825 : 6%
2022-09-02 17:53:34 : 13,700,000 : 0 : 1,495,827,900 : 6%
2022-09-02 18:08:00 : 13,800,000 : 0 : 1,506,444,975 : 6%
2022-09-02 18:22:37 : 13,900,000 : 0 : 1,516,930,975 : 6%
2022-09-02 18:37:11 : 14,000,000 : 0 : 1,527,548,050 : 6%
2022-09-02 18:51:42 : 14,100,000 : 0 : 1,538,165,125 : 6%
2022-09-02 19:06:29 : 14,200,000 : 0 : 1,548,651,125 : 6%
2022-09-02 19:21:17 : 14,300,000 : 0 : 1,559,137,125 : 6%
2022-09-02 19:36:11 : 14,400,000 : 0 : 1,580,109,125 : 6%
2022-09-02 19:50:51 : 14,500,000 : 0 : 1,590,595,125 : 6%
2022-09-02 20:05:40 : 14,600,000 : 0 : 1,601,081,125 : 6%
2022-09-02 20:20:41 : 14,700,000 : 0 : 1,611,436,050 : 6%
2022-09-02 20:35:42 : 14,800,000 : 0 : 1,621,922,050 : 6%
2022-09-02 20:50:51 : 14,900,000 : 0 : 1,632,408,050 : 6%
2022-09-02 21:06:08 : 15,000,000 : 0 : 1,642,762,975 : 7%
2022-09-02 21:21:35 : 15,100,000 : 0 : 1,653,117,900 : 7%
2022-09-02 21:37:09 : 15,200,000 : 0 : 1,663,472,825 : 7%
2022-09-02 21:53:02 : 15,300,000 : 0 : 1,673,827,750 : 7%
2022-09-02 22:09:10 : 15,400,000 : 0 : 1,684,182,675 : 7%
2022-09-02 22:25:29 : 15,500,000 : 0 : 1,694,406,525 : 7%
2022-09-02 22:42:00 : 15,600,000 : 0 : 1,704,630,375 : 7%
2022-09-02 22:58:37 : 15,700,000 : 0 : 1,714,854,225 : 7%
2022-09-02 23:15:49 : 15,800,000 : 0 : 1,724,947,000 : 7%
2022-09-02 23:32:59 : 15,900,000 : 0 : 1,735,039,775 : 7%
2022-09-02 23:50:26 : 16,000,000 : 0 : 1,745,263,625 : 7%
2022-09-03 00:08:07 : 16,100,000 : 0 : 1,755,225,325 : 7%
2022-09-03 00:25:45 : 16,200,000 : 0 : 1,765,187,025 : 7%
2022-09-03 00:43:11 : 16,300,000 : 0 : 1,775,017,650 : 7%
2022-09-03 01:01:06 : 16,400,000 : 0 : 1,784,979,350 : 7%
2022-09-03 01:18:45 : 16,500,000 : 0 : 1,804,640,600 : 7%
2022-09-03 01:36:34 : 16,600,000 : 0 : 1,814,471,225 : 7%
2022-09-03 01:54:38 : 16,700,000 : 0 : 1,824,301,850 : 7%
2022-09-03 02:13:08 : 16,800,000 : 0 : 1,834,132,475 : 7%
2022-09-03 02:31:36 : 16,900,000 : 0 : 1,843,832,025 : 7%
2022-09-03 02:50:25 : 17,000,000 : 0 : 1,853,793,725 : 7%
2022-09-03 03:09:59 : 17,100,000 : 0 : 1,863,624,350 : 7%
2022-09-03 03:29:56 : 17,200,000 : 0 : 1,873,323,900 : 7%
2022-09-03 03:50:12 : 17,300,000 : 0 : 1,883,285,600 : 7%
2022-09-03 04:11:29 : 17,400,000 : 0 : 1,893,116,225 : 8%
2022-09-03 04:34:04 : 17,500,000 : 0 : 1,903,077,925 : 8%
2022-09-03 04:58:00 : 17,600,000 : 0 : 1,913,039,625 : 8%
2022-09-03 05:22:57 : 17,700,000 : 0 : 1,922,870,250 : 8%
2022-09-03 05:48:58 : 17,800,000 : 0 : 1,932,700,875 : 8%
2022-09-03 06:16:42 : 17,900,000 : 0 : 1,942,793,650 : 8%
2022-09-03 06:45:16 : 18,000,000 : 0 : 1,952,755,350 : 8%
2022-09-03 07:14:57 : 18,100,000 : 0 : 1,962,848,125 : 8%
2022-09-03 07:45:30 : 18,200,000 : 0 : 1,972,809,825 : 8%
2022-09-03 08:16:36 : 18,300,000 : 0 : 1,982,771,525 : 8%
2022-09-03 08:47:41 : 18,400,000 : 0 : 1,992,733,225 : 8%
2022-09-03 09:19:03 : 18,500,000 : 0 : 2,012,656,625 : 8%
2022-09-03 09:50:48 : 18,600,000 : 0 : 2,022,749,400 : 8%
2022-09-03 10:21:51 : 18,700,000 : 0 : 2,032,711,100 : 8%
2022-09-03 10:50:53 : 18,800,000 : 0 : 2,042,672,800 : 8%
2022-09-03 11:17:55 : 18,900,000 : 0 : 2,052,765,575 : 8%
2022-09-03 11:42:58 : 19,000,000 : 0 : 2,062,858,350 : 8%
2022-09-03 12:06:13 : 19,100,000 : 0 : 2,072,951,125 : 8%
2022-09-03 12:27:52 : 19,200,000 : 0 : 2,083,306,050 : 8%
2022-09-03 12:48:40 : 19,300,000 : 0 : 2,093,398,825 : 8%
2022-09-03 13:07:44 : 19,400,000 : 0 : 2,103,622,675 : 8%
2022-09-03 13:26:12 : 19,500,000 : 0 : 2,113,584,375 : 8%
2022-09-03 13:43:23 : 19,600,000 : 0 : 2,123,808,225 : 8%
2022-09-03 14:00:56 : 19,700,000 : 0 : 2,134,032,075 : 8%
2022-09-03 14:17:37 : 19,800,000 : 0 : 2,144,255,925 : 9%
2022-09-03 14:33:47 : 19,900,000 : 0 : 2,154,479,775 : 9%
2022-09-03 14:49:39 : 20,000,000 : 0 : 2,164,703,625 : 9%
2022-09-03 15:05:18 : 20,100,000 : 0 : 2,175,058,550 : 9%
2022-09-03 15:20:47 : 20,200,000 : 0 : 2,185,151,325 : 9%
2022-09-03 15:35:52 : 20,300,000 : 0 : 2,195,375,175 : 9%
2022-09-03 15:50:42 : 20,400,000 : 0 : 2,205,467,950 : 9%
2022-09-03 16:05:15 : 20,500,000 : 0 : 2,215,691,800 : 9%
2022-09-03 16:20:11 : 20,600,000 : 0 : 2,225,915,650 : 9%
2022-09-03 16:34:55 : 20,700,000 : 0 : 2,236,139,500 : 9%
2022-09-03 16:49:37 : 20,800,000 : 0 : 2,256,587,200 : 9%
2022-09-03 17:04:22 : 20,900,000 : 0 : 2,266,811,050 : 9%
2022-09-03 17:19:19 : 21,000,000 : 0 : 2,276,903,825 : 9%
2022-09-03 17:34:14 : 21,100,000 : 0 : 2,287,127,675 : 9%
2022-09-03 17:49:06 : 21,200,000 : 0 : 2,297,351,525 : 9%
2022-09-03 18:04:13 : 21,300,000 : 0 : 2,307,444,300 : 9%
2022-09-03 18:19:26 : 21,400,000 : 0 : 2,317,668,150 : 9%
2022-09-03 18:34:39 : 21,500,000 : 0 : 2,327,629,850 : 9%
2022-09-03 18:49:57 : 21,600,000 : 0 : 2,337,722,625 : 9%
2022-09-03 19:05:11 : 21,700,000 : 0 : 2,347,815,400 : 9%
2022-09-03 19:20:45 : 21,800,000 : 0 : 2,357,908,175 : 9%
2022-09-03 19:36:16 : 21,900,000 : 0 : 2,367,869,875 : 9%
2022-09-03 19:51:23 : 22,000,000 : 0 : 2,377,700,500 : 9%
2022-09-03 20:06:35 : 22,100,000 : 0 : 2,387,662,200 : 9%
2022-09-03 20:21:40 : 22,200,000 : 0 : 2,397,492,825 : 10%
2022-09-03 20:36:23 : 22,300,000 : 0 : 2,407,323,450 : 10%
2022-09-03 20:51:50 : 22,400,000 : 0 : 2,417,416,225 : 10%
2022-09-03 21:07:11 : 22,500,000 : 0 : 2,427,246,850 : 10%
2022-09-03 21:22:54 : 22,600,000 : 0 : 2,437,339,625 : 10%
2022-09-03 21:38:49 : 22,700,000 : 0 : 2,447,301,325 : 10%
2022-09-03 21:54:33 : 22,800,000 : 0 : 2,457,263,025 : 10%
2022-09-03 22:10:43 : 22,900,000 : 0 : 2,477,317,500 : 10%
2022-09-03 22:26:48 : 23,000,000 : 0 : 2,487,279,200 : 10%
2022-09-03 22:43:26 : 23,100,000 : 0 : 2,497,240,900 : 10%
2022-09-03 23:00:03 : 23,200,000 : 0 : 2,507,202,600 : 10%
2022-09-03 23:17:07 : 23,300,000 : 0 : 2,517,164,300 : 10%
2022-09-03 23:34:15 : 23,400,000 : 0 : 2,527,126,000 : 10%
2022-09-03 23:51:42 : 23,500,000 : 0 : 2,536,825,550 : 10%
2022-09-04 00:09:07 : 23,600,000 : 0 : 2,546,656,175 : 10%
2022-09-04 00:26:32 : 23,700,000 : 0 : 2,556,617,875 : 10%
2022-09-04 00:44:11 : 23,800,000 : 0 : 2,566,317,425 : 10%
2022-09-04 01:01:46 : 23,900,000 : 0 : 2,576,148,050 : 10%
2022-09-04 01:19:13 : 24,000,000 : 0 : 2,585,978,675 : 10%
2022-09-04 01:36:51 : 24,100,000 : 0 : 2,595,809,300 : 10%
2022-09-04 01:54:26 : 24,200,000 : 0 : 2,605,508,850 : 10%
2022-09-04 02:12:23 : 24,300,000 : 0 : 2,615,339,475 : 10%
2022-09-04 02:30:30 : 24,400,000 : 0 : 2,625,039,025 : 10%
2022-09-04 02:48:30 : 24,500,000 : 0 : 2,634,738,575 : 10%
2022-09-04 03:07:21 : 24,600,000 : 0 : 2,644,569,200 : 10%
2022-09-04 03:27:08 : 24,700,000 : 0 : 2,654,399,825 : 11%
2022-09-04 03:47:42 : 24,800,000 : 0 : 2,664,361,525 : 11%
2022-09-04 04:08:56 : 24,900,000 : 0 : 2,674,323,225 : 11%
2022-09-04 04:31:15 : 25,000,000 : 0 : 2,694,115,550 : 11%
2022-09-04 04:54:50 : 25,100,000 : 0 : 2,704,077,250 : 11%
2022-09-04 05:19:23 : 25,200,000 : 0 : 2,714,170,025 : 11%
2022-09-04 05:44:59 : 25,300,000 : 0 : 2,724,131,725 : 11%
2022-09-04 06:12:07 : 25,400,000 : 0 : 2,734,224,500 : 11%
2022-09-04 06:40:16 : 25,500,000 : 0 : 2,744,317,275 : 11%
2022-09-04 07:08:50 : 25,600,000 : 0 : 2,754,410,050 : 11%
2022-09-04 07:38:39 : 25,700,000 : 0 : 2,764,502,825 : 11%
2022-09-04 08:08:48 : 25,800,000 : 0 : 2,774,595,600 : 11%
2022-09-04 08:39:27 : 25,900,000 : 0 : 2,784,819,450 : 11%
2022-09-04 09:10:34 : 26,000,000 : 0 : 2,795,043,300 : 11%
2022-09-04 09:41:43 : 26,100,000 : 0 : 2,805,267,150 : 11%
2022-09-04 10:12:40 : 26,200,000 : 0 : 2,815,359,925 : 11%
2022-09-04 10:42:53 : 26,300,000 : 0 : 2,825,452,700 : 11%
2022-09-04 11:11:13 : 26,400,000 : 0 : 2,835,545,475 : 11%
2022-09-04 11:37:26 : 26,500,000 : 0 : 2,845,638,250 : 11%
2022-09-04 12:01:51 : 26,600,000 : 0 : 2,855,599,950 : 11%
2022-09-04 12:24:23 : 26,700,000 : 0 : 2,865,692,725 : 11%
2022-09-04 12:45:35 : 26,800,000 : 0 : 2,875,785,500 : 11%
2022-09-04 13:05:20 : 26,900,000 : 0 : 2,895,839,975 : 11%
2022-09-04 13:23:55 : 27,000,000 : 0 : 2,905,801,675 : 12%
2022-09-04 13:41:29 : 27,100,000 : 0 : 2,915,763,375 : 12%
2022-09-04 13:58:26 : 27,200,000 : 0 : 2,925,725,075 : 12%
2022-09-04 14:14:07 : 27,300,000 : 0 : 2,935,424,625 : 12%
2022-09-04 14:29:04 : 27,400,000 : 0 : 2,945,255,250 : 12%
2022-09-04 14:44:01 : 27,500,000 : 0 : 2,955,216,950 : 12%
2022-09-04 14:58:46 : 27,600,000 : 0 : 2,965,309,725 : 12%
2022-09-04 15:13:40 : 27,700,000 : 0 : 2,975,533,575 : 12%
2022-09-04 15:28:23 : 27,800,000 : 0 : 2,985,757,425 : 12%
2022-09-04 15:43:04 : 27,900,000 : 0 : 2,995,850,200 : 12%
2022-09-04 15:57:07 : 28,000,000 : 0 : 3,005,942,975 : 12%
2022-09-04 16:11:18 : 28,100,000 : 0 : 3,016,035,750 : 12%
2022-09-04 16:25:25 : 28,200,000 : 0 : 3,026,259,600 : 12%
2022-09-04 16:39:47 : 28,300,000 : 0 : 3,036,483,450 : 12%
2022-09-04 16:54:13 : 28,400,000 : 0 : 3,046,707,300 : 12%
2022-09-04 17:08:20 : 28,500,000 : 0 : 3,056,800,075 : 12%
2022-09-04 17:22:49 : 28,600,000 : 0 : 3,067,023,925 : 12%
2022-09-04 17:37:05 : 28,700,000 : 0 : 3,077,247,775 : 12%
2022-09-04 17:51:43 : 28,800,000 : 0 : 3,097,695,475 : 12%
2022-09-04 18:06:27 : 28,900,000 : 0 : 3,108,181,475 : 12%
2022-09-04 18:21:28 : 29,000,000 : 0 : 3,118,536,400 : 12%
2022-09-04 18:36:35 : 29,100,000 : 0 : 3,128,891,325 : 12%
2022-09-04 18:51:43 : 29,200,000 : 0 : 3,139,246,250 : 12%
2022-09-04 19:07:04 : 29,300,000 : 0 : 3,149,732,250 : 12%
2022-09-04 19:22:28 : 29,400,000 : 0 : 3,160,087,175 : 13%
2022-09-04 19:38:11 : 29,500,000 : 0 : 3,170,442,100 : 13%
2022-09-04 19:53:45 : 29,600,000 : 0 : 3,180,665,950 : 13%
2022-09-04 20:09:20 : 29,700,000 : 0 : 3,191,020,875 : 13%
2022-09-04 20:25:03 : 29,800,000 : 0 : 3,201,375,800 : 13%
2022-09-04 20:40:36 : 29,900,000 : 0 : 3,211,599,650 : 13%
2022-09-04 20:56:13 : 30,000,000 : 0 : 3,221,954,575 : 13%
2022-09-04 21:11:55 : 30,100,000 : 0 : 3,232,178,425 : 13%
2022-09-04 21:27:33 : 30,200,000 : 0 : 3,242,402,275 : 13%
2022-09-04 21:43:32 : 30,300,000 : 0 : 3,252,495,050 : 13%
2022-09-04 21:59:38 : 30,400,000 : 0 : 3,262,718,900 : 13%
2022-09-04 22:16:04 : 30,500,000 : 0 : 3,272,811,675 : 13%
2022-09-04 22:33:01 : 30,600,000 : 0 : 3,282,904,450 : 13%
2022-09-04 22:50:11 : 30,700,000 : 0 : 3,293,128,300 : 13%
2022-09-04 23:07:35 : 30,800,000 : 0 : 3,303,221,075 : 13%
2022-09-04 23:25:07 : 30,900,000 : 0 : 3,323,144,475 : 13%
2022-09-04 23:42:43 : 31,000,000 : 0 : 3,333,106,175 : 13%
2022-09-05 00:00:18 : 31,100,000 : 0 : 3,342,936,800 : 13%
2022-09-05 00:18:01 : 31,200,000 : 0 : 3,352,767,425 : 13%
2022-09-05 00:34:52 : 31,300,000 : 0 : 3,362,598,050 : 13%
2022-09-05 00:51:44 : 31,400,000 : 0 : 3,372,297,600 : 13%
2022-09-05 01:08:42 : 31,500,000 : 0 : 3,382,128,225 : 13%
2022-09-05 01:26:24 : 31,600,000 : 0 : 3,391,958,850 : 13%
2022-09-05 01:44:00 : 31,700,000 : 0 : 3,401,920,550 : 13%
2022-09-05 02:01:43 : 31,800,000 : 0 : 3,411,620,100 : 14%
2022-09-05 02:19:12 : 31,900,000 : 0 : 3,421,319,650 : 14%
2022-09-05 02:36:38 : 32,000,000 : 0 : 3,431,019,200 : 14%
2022-09-05 02:54:29 : 32,100,000 : 0 : 3,440,718,750 : 14%
2022-09-05 03:12:34 : 32,200,000 : 0 : 3,450,418,300 : 14%
2022-09-05 03:30:36 : 32,300,000 : 0 : 3,460,117,850 : 14%
2022-09-05 03:50:14 : 32,400,000 : 0 : 3,470,079,550 : 14%
2022-09-05 04:10:31 : 32,500,000 : 0 : 3,480,172,325 : 14%
2022-09-05 04:31:53 : 32,600,000 : 0 : 3,490,134,025 : 14%
2022-09-05 04:53:59 : 32,700,000 : 0 : 3,500,226,800 : 14%
2022-09-05 05:17:15 : 32,800,000 : 0 : 3,510,319,575 : 14%
2022-09-05 05:41:12 : 32,900,000 : 0 : 3,520,543,425 : 14%
2022-09-05 06:06:22 : 33,000,000 : 0 : 3,530,636,200 : 14%
2022-09-05 06:32:32 : 33,100,000 : 0 : 3,551,214,975 : 14%
2022-09-05 06:59:23 : 33,200,000 : 0 : 3,561,438,825 : 14%
2022-09-05 07:27:37 : 33,300,000 : 0 : 3,571,924,825 : 14%
2022-09-05 07:57:35 : 33,400,000 : 0 : 3,582,279,750 : 14%
2022-09-05 08:27:55 : 33,500,000 : 0 : 3,592,634,675 : 14%
2022-09-05 08:59:26 : 33,600,000 : 0 : 3,602,858,525 : 14%
2022-09-05 09:31:02 : 33,700,000 : 0 : 3,613,213,450 : 14%
2022-09-05 10:02:27 : 33,800,000 : 0 : 3,623,568,375 : 14%
2022-09-05 10:33:05 : 33,900,000 : 0 : 3,633,792,225 : 14%
2022-09-05 11:02:08 : 34,000,000 : 0 : 3,644,147,150 : 14%
2022-09-05 11:29:20 : 34,100,000 : 0 : 3,654,633,150 : 14%
2022-09-05 11:53:46 : 34,200,000 : 0 : 3,664,988,075 : 15%
2022-09-05 12:16:39 : 34,300,000 : 0 : 3,675,474,075 : 15%
2022-09-05 12:37:53 : 34,400,000 : 0 : 3,685,960,075 : 15%
2022-09-05 12:58:01 : 34,500,000 : 0 : 3,696,446,075 : 15%
2022-09-05 13:17:10 : 34,600,000 : 0 : 3,706,932,075 : 15%
2022-09-05 13:35:26 : 34,700,000 : 0 : 3,717,549,150 : 15%
2022-09-05 13:52:58 : 34,800,000 : 0 : 3,728,035,150 : 15%
2022-09-05 14:09:38 : 34,900,000 : 0 : 3,738,652,225 : 15%
2022-09-05 14:25:48 : 35,000,000 : 0 : 3,749,269,300 : 15%
2022-09-05 14:41:40 : 35,100,000 : 0 : 3,759,886,375 : 15%
2022-09-05 14:57:09 : 35,200,000 : 0 : 3,781,120,525 : 15%
2022-09-05 15:12:26 : 35,300,000 : 0 : 3,791,737,600 : 15%
2022-09-05 15:27:32 : 35,400,000 : 0 : 3,802,354,675 : 15%
2022-09-05 15:42:27 : 35,500,000 : 0 : 3,812,971,750 : 15%
2022-09-05 15:57:23 : 35,600,000 : 0 : 3,823,457,750 : 15%
2022-09-05 16:12:09 : 35,700,000 : 0 : 3,834,074,825 : 15%
2022-09-05 16:26:40 : 35,800,000 : 0 : 3,844,560,825 : 15%
2022-09-05 16:41:12 : 35,900,000 : 0 : 3,854,915,750 : 15%
2022-09-05 16:55:40 : 36,000,000 : 0 : 3,865,532,825 : 15%
2022-09-05 17:10:21 : 36,100,000 : 0 : 3,876,018,825 : 15%
2022-09-05 17:24:51 : 36,200,000 : 0 : 3,886,504,825 : 15%
2022-09-05 17:39:26 : 36,300,000 : 0 : 3,896,990,825 : 15%
2022-09-05 17:54:06 : 36,400,000 : 0 : 3,907,476,825 : 15%
2022-09-05 18:08:57 : 36,500,000 : 0 : 3,917,962,825 : 16%
2022-09-05 18:23:53 : 36,600,000 : 0 : 3,928,317,750 : 16%
2022-09-05 18:39:07 : 36,700,000 : 0 : 3,938,803,750 : 16%
2022-09-05 18:54:14 : 36,800,000 : 0 : 3,949,289,750 : 16%
2022-09-05 19:09:30 : 36,900,000 : 0 : 3,959,644,675 : 16%
2022-09-05 19:25:05 : 37,000,000 : 0 : 3,970,130,675 : 16%
2022-09-05 19:40:39 : 37,100,000 : 0 : 3,980,485,600 : 16%
2022-09-05 19:56:13 : 37,200,000 : 0 : 3,990,840,525 : 16%
2022-09-05 20:11:44 : 37,300,000 : 0 : 4,011,550,375 : 16%
2022-09-05 20:27:17 : 37,400,000 : 0 : 4,022,036,375 : 16%
2022-09-05 20:43:00 : 37,500,000 : 0 : 4,032,391,300 : 16%
2022-09-05 20:58:56 : 37,600,000 : 0 : 4,042,746,225 : 16%
2022-09-05 21:14:47 : 37,700,000 : 0 : 4,053,101,150 : 16%
2022-09-05 21:30:46 : 37,800,000 : 0 : 4,063,325,000 : 16%
2022-09-05 21:46:59 : 37,900,000 : 0 : 4,073,679,925 : 16%
2022-09-05 22:03:31 : 38,000,000 : 0 : 4,084,034,850 : 16%
2022-09-05 22:20:18 : 38,100,000 : 0 : 4,094,389,775 : 16%
2022-09-05 22:37:09 : 38,200,000 : 0 : 4,104,613,625 : 16%
2022-09-05 22:54:09 : 38,300,000 : 0 : 4,114,968,550 : 16%
2022-09-05 23:11:39 : 38,400,000 : 0 : 4,125,061,325 : 16%
2022-09-05 23:29:02 : 38,500,000 : 0 : 4,135,285,175 : 16%
2022-09-05 23:46:27 : 38,600,000 : 0 : 4,145,377,950 : 16%
2022-09-06 00:03:56 : 38,700,000 : 0 : 4,155,601,800 : 16%
2022-09-06 00:20:58 : 38,800,000 : 0 : 4,165,694,575 : 17%
2022-09-06 00:37:49 : 38,900,000 : 0 : 4,175,656,275 : 17%
2022-09-06 00:54:21 : 39,000,000 : 0 : 4,185,486,900 : 17%
2022-09-06 01:11:25 : 39,100,000 : 0 : 4,195,448,600 : 17%
2022-09-06 01:28:18 : 39,200,000 : 0 : 4,205,410,300 : 17%
2022-09-06 01:45:01 : 39,300,000 : 0 : 4,215,372,000 : 17%
2022-09-06 02:02:14 : 39,400,000 : 0 : 4,225,464,775 : 17%
2022-09-06 02:19:40 : 39,500,000 : 0 : 4,245,519,250 : 17%
2022-09-06 02:37:10 : 39,600,000 : 0 : 4,255,480,950 : 17%
2022-09-06 02:55:13 : 39,700,000 : 0 : 4,265,573,725 : 17%
2022-09-06 03:13:53 : 39,800,000 : 0 : 4,275,666,500 : 17%
2022-09-06 03:32:59 : 39,900,000 : 0 : 4,285,759,275 : 17%
2022-09-06 03:52:57 : 40,000,000 : 0 : 4,295,852,050 : 17%
2022-09-06 04:13:58 : 40,100,000 : 0 : 4,305,944,825 : 17%
2022-09-06 04:35:59 : 40,200,000 : 0 : 4,316,168,675 : 17%
2022-09-06 04:58:49 : 40,300,000 : 0 : 4,326,261,450 : 17%
2022-09-06 05:22:32 : 40,400,000 : 0 : 4,336,485,300 : 17%
2022-09-06 05:47:23 : 40,500,000 : 0 : 4,346,709,150 : 17%
2022-09-06 06:14:00 : 40,600,000 : 0 : 4,357,064,075 : 17%
2022-09-06 06:41:24 : 40,700,000 : 0 : 4,367,419,000 : 17%
2022-09-06 07:10:05 : 40,800,000 : 0 : 4,377,773,925 : 17%
2022-09-06 07:40:32 : 40,900,000 : 0 : 4,388,128,850 : 17%
2022-09-06 08:11:39 : 41,000,000 : 0 : 4,398,745,925 : 17%
2022-09-06 08:43:31 : 41,100,000 : 0 : 4,409,100,850 : 17%
2022-09-06 09:15:26 : 41,200,000 : 0 : 4,419,455,775 : 18%
2022-09-06 09:46:25 : 41,300,000 : 0 : 4,429,810,700 : 18%
2022-09-06 10:16:10 : 41,400,000 : 0 : 4,440,034,550 : 18%
2022-09-06 10:43:39 : 41,500,000 : 0 : 4,450,389,475 : 18%
2022-09-06 11:09:05 : 41,600,000 : 0 : 4,460,744,400 : 18%
2022-09-06 11:32:27 : 41,700,000 : 0 : 4,471,099,325 : 18%
2022-09-06 11:54:07 : 41,800,000 : 0 : 4,492,071,325 : 18%
2022-09-06 12:15:11 : 41,900,000 : 0 : 4,502,557,325 : 18%
2022-09-06 12:34:53 : 42,000,000 : 0 : 4,513,174,400 : 18%
2022-09-06 12:53:47 : 42,100,000 : 0 : 4,523,660,400 : 18%
2022-09-06 13:12:05 : 42,200,000 : 0 : 4,534,277,475 : 18%
2022-09-06 13:29:14 : 42,300,000 : 0 : 4,544,894,550 : 18%
2022-09-06 13:46:02 : 42,400,000 : 0 : 4,555,511,625 : 18%
2022-09-06 14:02:23 : 42,500,000 : 0 : 4,566,128,700 : 18%
2022-09-06 14:18:21 : 42,600,000 : 0 : 4,576,745,775 : 18%
2022-09-06 14:33:37 : 42,700,000 : 0 : 4,587,493,925 : 18%
2022-09-06 14:48:46 : 42,800,000 : 0 : 4,598,111,000 : 18%
2022-09-06 15:03:45 : 42,900,000 : 0 : 4,608,728,075 : 18%
2022-09-06 15:18:51 : 43,000,000 : 0 : 4,619,345,150 : 18%
2022-09-06 15:33:29 : 43,100,000 : 0 : 4,630,093,300 : 18%
2022-09-06 15:47:55 : 43,200,000 : 0 : 4,640,710,375 : 18%
2022-09-06 16:02:21 : 43,300,000 : 0 : 4,651,458,525 : 18%
2022-09-06 16:16:58 : 43,400,000 : 0 : 4,662,075,600 : 18%
2022-09-06 16:31:14 : 43,500,000 : 0 : 4,672,823,750 : 19%
2022-09-06 16:45:23 : 43,600,000 : 0 : 4,683,309,750 : 19%
2022-09-06 16:59:37 : 43,700,000 : 0 : 4,694,057,900 : 19%
2022-09-06 17:13:51 : 43,800,000 : 0 : 4,715,292,050 : 19%
2022-09-06 17:28:00 : 43,900,000 : 0 : 4,725,778,050 : 19%
2022-09-06 17:42:09 : 44,000,000 : 0 : 4,736,395,125 : 19%
2022-09-06 17:56:12 : 44,100,000 : 0 : 4,746,881,125 : 19%
2022-09-06 18:10:21 : 44,200,000 : 0 : 4,757,498,200 : 19%
2022-09-06 18:24:22 : 44,300,000 : 0 : 4,767,984,200 : 19%
2022-09-06 18:38:28 : 44,400,000 : 0 : 4,778,470,200 : 19%
2022-09-06 18:52:13 : 44,500,000 : 0 : 4,789,087,275 : 19%
2022-09-06 19:06:12 : 44,600,000 : 0 : 4,799,573,275 : 19%
2022-09-06 19:20:25 : 44,700,000 : 0 : 4,810,059,275 : 19%
2022-09-06 19:34:21 : 44,800,000 : 0 : 4,820,545,275 : 19%
Decoding error with 134,217,728 bytes, reading another chunk
2022-09-06 19:48:13 : 44,900,000 : 0 : 4,841,517,275 : 19%
2022-09-06 20:01:53 : 45,000,000 : 0 : 4,841,517,275 : 19%
2022-09-06 20:15:48 : 45,100,000 : 0 : 4,851,872,200 : 19%
2022-09-06 20:29:24 : 45,200,000 : 0 : 4,862,358,200 : 19%
2022-09-06 20:43:16 : 45,300,000 : 0 : 4,872,844,200 : 19%
2022-09-06 20:57:11 : 45,400,000 : 0 : 4,883,330,200 : 19%
2022-09-06 21:11:18 : 45,500,000 : 0 : 4,893,816,200 : 19%
2022-09-06 21:25:39 : 45,600,000 : 0 : 4,904,302,200 : 19%
2022-09-06 21:40:21 : 45,700,000 : 0 : 4,914,788,200 : 19%
2022-09-06 21:55:25 : 45,800,000 : 0 : 4,925,274,200 : 20%
2022-09-06 22:10:36 : 45,900,000 : 0 : 4,945,984,050 : 20%
2022-09-06 22:26:00 : 46,000,000 : 0 : 4,956,207,900 : 20%
2022-09-06 22:41:34 : 46,100,000 : 0 : 4,966,431,750 : 20%
2022-09-06 22:58:20 : 46,200,000 : 0 : 4,976,786,675 : 20%
2022-09-06 23:14:38 : 46,300,000 : 0 : 4,987,141,600 : 20%
2022-09-06 23:30:49 : 46,400,000 : 0 : 4,997,365,450 : 20%
2022-09-06 23:47:25 : 46,500,000 : 0 : 5,007,720,375 : 20%
2022-09-07 00:04:24 : 46,600,000 : 0 : 5,017,813,150 : 20%
2022-09-07 00:21:21 : 46,700,000 : 0 : 5,028,037,000 : 20%
2022-09-07 00:38:16 : 46,800,000 : 0 : 5,038,129,775 : 20%
2022-09-07 00:54:48 : 46,900,000 : 0 : 5,048,353,625 : 20%
2022-09-07 01:11:22 : 47,000,000 : 0 : 5,058,446,400 : 20%
2022-09-07 01:27:28 : 47,100,000 : 0 : 5,068,539,175 : 20%
2022-09-07 01:43:35 : 47,200,000 : 0 : 5,078,500,875 : 20%
2022-09-07 01:59:40 : 47,300,000 : 0 : 5,088,462,575 : 20%
2022-09-07 02:16:05 : 47,400,000 : 0 : 5,098,686,425 : 20%
2022-09-07 02:32:39 : 47,500,000 : 0 : 5,108,648,125 : 20%
2022-09-07 02:49:43 : 47,600,000 : 0 : 5,118,740,900 : 20%
2022-09-07 03:07:05 : 47,700,000 : 0 : 5,128,833,675 : 20%
2022-09-07 03:25:02 : 47,800,000 : 0 : 5,138,926,450 : 20%
2022-09-07 03:43:38 : 47,900,000 : 0 : 5,149,019,225 : 20%
2022-09-07 04:03:10 : 48,000,000 : 0 : 5,169,466,925 : 20%
2022-09-07 04:23:47 : 48,100,000 : 0 : 5,179,559,700 : 21%
2022-09-07 04:45:16 : 48,200,000 : 0 : 5,189,652,475 : 21%
2022-09-07 05:07:17 : 48,300,000 : 0 : 5,199,876,325 : 21%
2022-09-07 05:30:50 : 48,400,000 : 0 : 5,210,231,250 : 21%
2022-09-07 05:55:40 : 48,500,000 : 0 : 5,220,455,100 : 21%
2022-09-07 06:21:44 : 48,600,000 : 0 : 5,230,810,025 : 21%
2022-09-07 06:48:48 : 48,700,000 : 0 : 5,241,164,950 : 21%
2022-09-07 07:17:16 : 48,800,000 : 0 : 5,251,519,875 : 21%
2022-09-07 07:47:12 : 48,900,000 : 0 : 5,261,874,800 : 21%
2022-09-07 08:18:07 : 49,000,000 : 0 : 5,272,229,725 : 21%
2022-09-07 08:49:15 : 49,100,000 : 0 : 5,282,584,650 : 21%
2022-09-07 09:20:16 : 49,200,000 : 0 : 5,292,939,575 : 21%
2022-09-07 09:49:56 : 49,300,000 : 0 : 5,303,294,500 : 21%
2022-09-07 10:18:18 : 49,400,000 : 0 : 5,313,518,350 : 21%
2022-09-07 10:44:22 : 49,500,000 : 0 : 5,323,742,200 : 21%
2022-09-07 11:08:31 : 49,600,000 : 0 : 5,334,097,125 : 21%
Decoding error with 134,217,728 bytes, reading another chunk
2022-09-07 11:30:42 : 49,700,000 : 0 : 5,354,806,975 : 21%
2022-09-07 11:51:26 : 49,800,000 : 0 : 5,354,806,975 : 21%
2022-09-07 12:11:31 : 49,900,000 : 0 : 5,365,424,050 : 21%
2022-09-07 12:30:23 : 50,000,000 : 0 : 5,375,910,050 : 21%
2022-09-07 12:48:22 : 50,100,000 : 0 : 5,386,527,125 : 21%
2022-09-07 13:05:42 : 50,200,000 : 0 : 5,397,013,125 : 21%
2022-09-07 13:22:36 : 50,300,000 : 0 : 5,418,378,350 : 21%
2022-09-07 13:38:53 : 50,400,000 : 0 : 5,429,126,500 : 22%
2022-09-07 13:54:36 : 50,500,000 : 0 : 5,439,874,650 : 22%
2022-09-07 14:10:11 : 50,600,000 : 0 : 5,450,622,800 : 22%
2022-09-07 14:25:22 : 50,700,000 : 0 : 5,461,370,950 : 22%
2022-09-07 14:40:16 : 50,800,000 : 0 : 5,472,119,100 : 22%
2022-09-07 14:54:48 : 50,900,000 : 0 : 5,482,867,250 : 22%
2022-09-07 15:09:20 : 51,000,000 : 0 : 5,493,615,400 : 22%
2022-09-07 15:23:53 : 51,100,000 : 0 : 5,504,363,550 : 22%
2022-09-07 15:38:22 : 51,200,000 : 0 : 5,515,111,700 : 22%
2022-09-07 15:52:29 : 51,300,000 : 0 : 5,525,859,850 : 22%
2022-09-07 16:06:35 : 51,400,000 : 0 : 5,536,608,000 : 22%
2022-09-07 16:20:39 : 51,500,000 : 0 : 5,547,225,075 : 22%
2022-09-07 16:34:29 : 51,600,000 : 0 : 5,557,973,225 : 22%
2022-09-07 16:48:17 : 51,700,000 : 0 : 5,568,590,300 : 22%
2022-09-07 17:02:08 : 51,800,000 : 0 : 5,579,207,375 : 22%
2022-09-07 17:15:54 : 51,900,000 : 0 : 5,589,693,375 : 22%
2022-09-07 17:29:27 : 52,000,000 : 0 : 5,600,179,375 : 22%
2022-09-07 17:42:58 : 52,100,000 : 0 : 5,610,665,375 : 22%
2022-09-07 17:56:38 : 52,200,000 : 0 : 5,631,637,375 : 22%
2022-09-07 18:10:24 : 52,300,000 : 0 : 5,642,123,375 : 22%
2022-09-07 18:24:25 : 52,400,000 : 0 : 5,652,609,375 : 22%
2022-09-07 18:38:26 : 52,500,000 : 0 : 5,663,095,375 : 22%
2022-09-07 18:52:15 : 52,600,000 : 0 : 5,673,712,450 : 22%
2022-09-07 19:06:09 : 52,700,000 : 0 : 5,684,198,450 : 23%
2022-09-07 19:19:53 : 52,800,000 : 0 : 5,694,553,375 : 23%
2022-09-07 19:33:13 : 52,900,000 : 0 : 5,704,908,300 : 23%
2022-09-07 19:46:30 : 53,000,000 : 0 : 5,715,132,150 : 23%
2022-09-07 19:59:38 : 53,100,000 : 0 : 5,725,487,075 : 23%
2022-09-07 20:12:50 : 53,200,000 : 0 : 5,735,842,000 : 23%
2022-09-07 20:26:09 : 53,300,000 : 0 : 5,746,196,925 : 23%
2022-09-07 20:39:24 : 53,400,000 : 0 : 5,756,420,775 : 23%
2022-09-07 20:52:50 : 53,500,000 : 0 : 5,766,906,775 : 23%
2022-09-07 21:06:23 : 53,600,000 : 0 : 5,777,261,700 : 23%
2022-09-07 21:20:24 : 53,700,000 : 0 : 5,787,747,700 : 23%
2022-09-07 21:34:35 : 53,800,000 : 0 : 5,798,102,625 : 23%
2022-09-07 21:48:55 : 53,900,000 : 0 : 5,808,457,550 : 23%
2022-09-07 22:03:31 : 54,000,000 : 0 : 5,818,943,550 : 23%
2022-09-07 22:18:24 : 54,100,000 : 0 : 5,829,298,475 : 23%
2022-09-07 22:33:29 : 54,200,000 : 0 : 5,839,653,400 : 23%
2022-09-07 22:48:56 : 54,300,000 : 0 : 5,860,363,250 : 23%
2022-09-07 23:04:38 : 54,400,000 : 0 : 5,870,587,100 : 23%
2022-09-07 23:20:37 : 54,500,000 : 0 : 5,880,679,875 : 23%
2022-09-07 23:36:48 : 54,600,000 : 0 : 5,890,903,725 : 23%
2022-09-07 23:53:16 : 54,700,000 : 0 : 5,901,127,575 : 23%
2022-09-08 00:09:31 : 54,800,000 : 0 : 5,911,220,350 : 23%
2022-09-08 00:25:24 : 54,900,000 : 0 : 5,921,313,125 : 23%
2022-09-08 00:41:36 : 55,000,000 : 0 : 5,931,405,900 : 24%
2022-09-08 00:57:40 : 55,100,000 : 0 : 5,941,367,600 : 24%
2022-09-08 01:13:43 : 55,200,000 : 0 : 5,951,591,450 : 24%
2022-09-08 01:29:56 : 55,300,000 : 0 : 5,961,684,225 : 24%
2022-09-08 01:46:10 : 55,400,000 : 0 : 5,971,645,925 : 24%
2022-09-08 02:02:49 : 55,500,000 : 0 : 5,981,738,700 : 24%
2022-09-08 02:20:00 : 55,600,000 : 0 : 5,991,962,550 : 24%
2022-09-08 02:37:30 : 55,700,000 : 0 : 6,002,186,400 : 24%
2022-09-08 02:55:32 : 55,800,000 : 0 : 6,012,541,325 : 24%
2022-09-08 03:13:56 : 55,900,000 : 0 : 6,022,634,100 : 24%
2022-09-08 03:32:44 : 56,000,000 : 0 : 6,032,857,950 : 24%
2022-09-08 03:52:12 : 56,100,000 : 0 : 6,043,081,800 : 24%
2022-09-08 04:12:46 : 56,200,000 : 0 : 6,053,305,650 : 24%
2022-09-08 04:34:34 : 56,300,000 : 0 : 6,063,529,500 : 24%
2022-09-08 04:57:01 : 56,400,000 : 0 : 6,084,108,275 : 24%
2022-09-08 05:20:35 : 56,500,000 : 0 : 6,094,332,125 : 24%
2022-09-08 05:45:20 : 56,600,000 : 0 : 6,104,687,050 : 24%
2022-09-08 06:11:21 : 56,700,000 : 0 : 6,115,041,975 : 24%
2022-09-08 06:38:21 : 56,800,000 : 0 : 6,125,396,900 : 24%
2022-09-08 07:06:15 : 56,900,000 : 0 : 6,135,882,900 : 24%
2022-09-08 07:35:45 : 57,000,000 : 0 : 6,146,237,825 : 24%
2022-09-08 08:06:00 : 57,100,000 : 0 : 6,156,723,825 : 24%
2022-09-08 08:37:56 : 57,200,000 : 0 : 6,167,078,750 : 24%
2022-09-08 09:09:57 : 57,300,000 : 0 : 6,177,433,675 : 24%
2022-09-08 09:40:56 : 57,400,000 : 0 : 6,187,919,675 : 25%
2022-09-08 10:10:11 : 57,500,000 : 0 : 6,198,274,600 : 25%
2022-09-08 10:37:41 : 57,600,000 : 0 : 6,208,629,525 : 25%
2022-09-08 11:02:34 : 57,700,000 : 0 : 6,218,984,450 : 25%
2022-09-08 11:25:53 : 57,800,000 : 0 : 6,229,470,450 : 25%
2022-09-08 11:47:38 : 57,900,000 : 0 : 6,239,956,450 : 25%
2022-09-08 12:08:05 : 58,000,000 : 0 : 6,250,442,450 : 25%
2022-09-08 12:27:33 : 58,100,000 : 0 : 6,260,928,450 : 25%
2022-09-08 12:45:45 : 58,200,000 : 0 : 6,271,414,450 : 25%
2022-09-08 13:03:11 : 58,300,000 : 0 : 6,282,031,525 : 25%
2022-09-08 13:20:08 : 58,400,000 : 0 : 6,292,517,525 : 25%
2022-09-08 13:36:34 : 58,500,000 : 0 : 6,313,882,750 : 25%
2022-09-08 13:52:24 : 58,600,000 : 0 : 6,324,499,825 : 25%
2022-09-08 14:07:52 : 58,700,000 : 0 : 6,335,247,975 : 25%
2022-09-08 14:23:09 : 58,800,000 : 0 : 6,345,996,125 : 25%
2022-09-08 14:38:04 : 58,900,000 : 0 : 6,356,613,200 : 25%
2022-09-08 14:52:33 : 59,000,000 : 0 : 6,367,230,275 : 25%
2022-09-08 15:07:03 : 59,100,000 : 0 : 6,377,847,350 : 25%
2022-09-08 15:21:20 : 59,200,000 : 0 : 6,388,333,350 : 25%
2022-09-08 15:35:13 : 59,300,000 : 0 : 6,398,950,425 : 25%
2022-09-08 15:49:11 : 59,400,000 : 0 : 6,409,567,500 : 25%
2022-09-08 16:03:09 : 59,500,000 : 0 : 6,420,315,650 : 25%
2022-09-08 16:17:09 : 59,600,000 : 0 : 6,430,801,650 : 25%
2022-09-08 16:31:02 : 59,700,000 : 0 : 6,441,418,725 : 26%
2022-09-08 16:44:54 : 59,800,000 : 0 : 6,452,035,800 : 26%
2022-09-08 16:58:38 : 59,900,000 : 0 : 6,462,521,800 : 26%
2022-09-08 17:12:33 : 60,000,000 : 0 : 6,472,876,725 : 26%
2022-09-08 17:26:33 : 60,100,000 : 0 : 6,483,493,800 : 26%
2022-09-08 17:40:03 : 60,200,000 : 0 : 6,493,586,575 : 26%
2022-09-08 17:52:44 : 60,300,000 : 0 : 6,503,286,125 : 26%
2022-09-08 18:05:43 : 60,400,000 : 0 : 6,513,116,750 : 26%
2022-09-08 18:19:08 : 60,500,000 : 0 : 6,533,040,150 : 26%
2022-09-08 18:33:52 : 60,600,000 : 0 : 6,543,264,000 : 26%
2022-09-08 18:50:10 : 60,700,000 : 0 : 6,553,487,850 : 26%
2022-09-08 19:07:32 : 60,800,000 : 0 : 6,563,711,700 : 26%
2022-09-08 19:22:31 : 60,900,000 : 0 : 6,573,804,475 : 26%
2022-09-08 19:36:33 : 61,000,000 : 0 : 6,584,028,325 : 26%
2022-09-08 19:50:32 : 61,100,000 : 0 : 6,594,252,175 : 26%
2022-09-08 20:04:30 : 61,200,000 : 0 : 6,604,476,025 : 26%
2022-09-08 20:18:35 : 61,300,000 : 0 : 6,614,699,875 : 26%
2022-09-08 20:32:21 : 61,400,000 : 0 : 6,624,923,725 : 26%
2022-09-08 20:46:26 : 61,500,000 : 0 : 6,635,147,575 : 26%
2022-09-08 21:00:19 : 61,600,000 : 0 : 6,645,371,425 : 26%
2022-09-08 21:14:40 : 61,700,000 : 0 : 6,655,726,350 : 26%
2022-09-08 21:29:08 : 61,800,000 : 0 : 6,665,950,200 : 26%
2022-09-08 21:43:49 : 61,900,000 : 0 : 6,676,174,050 : 26%
2022-09-08 21:58:44 : 62,000,000 : 0 : 6,686,528,975 : 27%
2022-09-08 22:13:56 : 62,100,000 : 0 : 6,696,883,900 : 27%
2022-09-08 22:29:22 : 62,200,000 : 0 : 6,706,976,675 : 27%
2022-09-08 22:45:00 : 62,300,000 : 0 : 6,717,200,525 : 27%
2022-09-08 23:00:44 : 62,400,000 : 0 : 6,727,424,375 : 27%
2022-09-08 23:17:06 : 62,500,000 : 0 : 6,737,648,225 : 27%
2022-09-08 23:33:36 : 62,600,000 : 0 : 6,747,872,075 : 27%
2022-09-08 23:50:09 : 62,700,000 : 0 : 6,768,057,625 : 27%
2022-09-09 00:06:42 : 62,800,000 : 0 : 6,778,019,325 : 27%
2022-09-09 00:22:59 : 62,900,000 : 0 : 6,787,981,025 : 27%
2022-09-09 00:39:24 : 63,000,000 : 0 : 6,797,811,650 : 27%
2022-09-09 00:55:10 : 63,100,000 : 0 : 6,807,642,275 : 27%
2022-09-09 01:10:49 : 63,200,000 : 0 : 6,817,472,900 : 27%
2022-09-09 01:26:53 : 63,300,000 : 0 : 6,827,303,525 : 27%
2022-09-09 01:42:44 : 63,400,000 : 0 : 6,837,134,150 : 27%
2022-09-09 01:58:32 : 63,500,000 : 0 : 6,847,095,850 : 27%
2022-09-09 02:14:37 : 63,600,000 : 0 : 6,856,926,475 : 27%
2022-09-09 02:30:44 : 63,700,000 : 0 : 6,866,626,025 : 27%
2022-09-09 02:46:34 : 63,800,000 : 0 : 6,876,194,500 : 27%
2022-09-09 03:02:53 : 63,900,000 : 0 : 6,886,025,125 : 27%
2022-09-09 03:20:18 : 64,000,000 : 0 : 6,895,986,825 : 27%
2022-09-09 03:38:46 : 64,100,000 : 0 : 6,905,948,525 : 27%
2022-09-09 03:57:39 : 64,200,000 : 0 : 6,915,910,225 : 27%
2022-09-09 04:18:07 : 64,300,000 : 0 : 6,926,003,000 : 27%
2022-09-09 04:39:38 : 64,400,000 : 0 : 6,936,095,775 : 27%
2022-09-09 05:02:27 : 64,500,000 : 0 : 6,946,319,625 : 28%
2022-09-09 05:25:56 : 64,600,000 : 0 : 6,956,412,400 : 28%
2022-09-09 05:50:42 : 64,700,000 : 0 : 6,966,636,250 : 28%
2022-09-09 06:16:48 : 64,800,000 : 0 : 6,976,860,100 : 28%
2022-09-09 06:43:56 : 64,900,000 : 0 : 6,987,083,950 : 28%
2022-09-09 07:11:46 : 65,000,000 : 0 : 6,997,307,800 : 28%
2022-09-09 07:41:16 : 65,100,000 : 0 : 7,017,886,575 : 28%
2022-09-09 08:12:11 : 65,200,000 : 0 : 7,028,241,500 : 28%
2022-09-09 08:43:26 : 65,300,000 : 0 : 7,038,596,425 : 28%
2022-09-09 09:15:02 : 65,400,000 : 0 : 7,048,820,275 : 28%
2022-09-09 09:45:30 : 65,500,000 : 0 : 7,059,044,125 : 28%
2022-09-09 10:14:36 : 65,600,000 : 0 : 7,069,136,900 : 28%
2022-09-09 10:41:12 : 65,700,000 : 0 : 7,079,360,750 : 28%
2022-09-09 11:05:30 : 65,800,000 : 0 : 7,089,584,600 : 28%
2022-09-09 11:28:15 : 65,900,000 : 0 : 7,099,808,450 : 28%
2022-09-09 11:49:28 : 66,000,000 : 0 : 7,110,163,375 : 28%
2022-09-09 12:09:30 : 66,100,000 : 0 : 7,120,518,300 : 28%
2022-09-09 12:28:37 : 66,200,000 : 0 : 7,130,873,225 : 28%
2022-09-09 12:46:43 : 66,300,000 : 0 : 7,141,228,150 : 28%
2022-09-09 13:04:19 : 66,400,000 : 0 : 7,151,714,150 : 28%
2022-09-09 13:21:27 : 66,500,000 : 0 : 7,162,200,150 : 28%
2022-09-09 13:38:22 : 66,600,000 : 0 : 7,172,817,225 : 28%
2022-09-09 13:54:39 : 66,700,000 : 0 : 7,183,434,300 : 28%
2022-09-09 14:10:27 : 66,800,000 : 0 : 7,194,182,450 : 29%
2022-09-09 14:25:55 : 66,900,000 : 0 : 7,204,799,525 : 29%
2022-09-09 14:41:01 : 67,000,000 : 0 : 7,215,416,600 : 29%
2022-09-09 14:55:55 : 67,100,000 : 0 : 7,226,033,675 : 29%
2022-09-09 15:10:52 : 67,200,000 : 0 : 7,247,398,900 : 29%
2022-09-09 15:25:34 : 67,300,000 : 0 : 7,258,015,975 : 29%
2022-09-09 15:40:08 : 67,400,000 : 0 : 7,268,764,125 : 29%
2022-09-09 15:54:31 : 67,500,000 : 0 : 7,279,381,200 : 29%
2022-09-09 16:09:02 : 67,600,000 : 0 : 7,289,998,275 : 29%
2022-09-09 16:23:29 : 67,700,000 : 0 : 7,300,615,350 : 29%
2022-09-09 16:37:52 : 67,800,000 : 0 : 7,311,232,425 : 29%
2022-09-09 16:52:11 : 67,900,000 : 0 : 7,321,849,500 : 29%
2022-09-09 17:06:40 : 68,000,000 : 0 : 7,332,466,575 : 29%
2022-09-09 17:21:10 : 68,100,000 : 0 : 7,343,083,650 : 29%
2022-09-09 17:35:35 : 68,200,000 : 0 : 7,353,700,725 : 29%
2022-09-09 17:49:51 : 68,300,000 : 0 : 7,364,317,800 : 29%
2022-09-09 18:04:16 : 68,400,000 : 0 : 7,374,803,800 : 29%
2022-09-09 18:19:11 : 68,500,000 : 0 : 7,385,420,875 : 29%
2022-09-09 18:33:56 : 68,600,000 : 0 : 7,395,906,875 : 29%
2022-09-09 18:48:34 : 68,700,000 : 0 : 7,406,523,950 : 29%
2022-09-09 19:03:21 : 68,800,000 : 0 : 7,417,141,025 : 29%
2022-09-09 19:18:19 : 68,900,000 : 0 : 7,427,758,100 : 29%
2022-09-09 19:33:20 : 69,000,000 : 0 : 7,438,113,025 : 29%
2022-09-09 19:48:13 : 69,100,000 : 0 : 7,448,599,025 : 30%
2022-09-09 20:03:02 : 69,200,000 : 0 : 7,469,571,025 : 30%
2022-09-09 20:18:06 : 69,300,000 : 0 : 7,480,057,025 : 30%
2022-09-09 20:33:02 : 69,400,000 : 0 : 7,490,543,025 : 30%
2022-09-09 20:48:04 : 69,500,000 : 0 : 7,501,029,025 : 30%
2022-09-09 21:03:13 : 69,600,000 : 0 : 7,511,515,025 : 30%
2022-09-09 21:18:45 : 69,700,000 : 0 : 7,521,869,950 : 30%
2022-09-09 21:34:15 : 69,800,000 : 0 : 7,532,355,950 : 30%
2022-09-09 21:49:56 : 69,900,000 : 0 : 7,542,710,875 : 30%
2022-09-09 22:06:03 : 70,000,000 : 0 : 7,553,065,800 : 30%
2022-09-09 22:22:11 : 70,100,000 : 0 : 7,563,289,650 : 30%
2022-09-09 22:38:23 : 70,200,000 : 0 : 7,573,644,575 : 30%
2022-09-09 22:54:53 : 70,300,000 : 0 : 7,583,999,500 : 30%
2022-09-09 23:11:48 : 70,400,000 : 0 : 7,594,354,425 : 30%
2022-09-09 23:29:06 : 70,500,000 : 0 : 7,604,578,275 : 30%
2022-09-09 23:46:34 : 70,600,000 : 0 : 7,614,671,050 : 30%
2022-09-10 00:04:10 : 70,700,000 : 0 : 7,624,763,825 : 30%
2022-09-10 00:21:58 : 70,800,000 : 0 : 7,634,725,525 : 30%
2022-09-10 00:39:40 : 70,900,000 : 0 : 7,644,818,300 : 30%
2022-09-10 00:57:29 : 71,000,000 : 0 : 7,654,780,000 : 30%
2022-09-10 01:15:10 : 71,100,000 : 0 : 7,664,741,700 : 30%
2022-09-10 01:33:09 : 71,200,000 : 0 : 7,674,834,475 : 30%
2022-09-10 01:50:59 : 71,300,000 : 0 : 7,684,796,175 : 30%
2022-09-10 02:09:02 : 71,400,000 : 0 : 7,704,719,575 : 31%
2022-09-10 02:27:18 : 71,500,000 : 0 : 7,714,550,200 : 31%
2022-09-10 02:45:49 : 71,600,000 : 0 : 7,724,511,900 : 31%
2022-09-10 03:04:51 : 71,700,000 : 0 : 7,734,342,525 : 31%
2022-09-10 03:24:20 : 71,800,000 : 0 : 7,744,435,300 : 31%
2022-09-10 03:44:41 : 71,900,000 : 0 : 7,754,397,000 : 31%
2022-09-10 04:05:32 : 72,000,000 : 0 : 7,764,489,775 : 31%
2022-09-10 04:27:24 : 72,100,000 : 0 : 7,774,451,475 : 31%
2022-09-10 04:50:36 : 72,200,000 : 0 : 7,784,544,250 : 31%
2022-09-10 05:15:13 : 72,300,000 : 0 : 7,794,637,025 : 31%
2022-09-10 05:40:53 : 72,400,000 : 0 : 7,804,860,875 : 31%
2022-09-10 06:08:09 : 72,500,000 : 0 : 7,814,822,575 : 31%
2022-09-10 06:36:14 : 72,600,000 : 0 : 7,825,046,425 : 31%
2022-09-10 07:05:42 : 72,700,000 : 0 : 7,835,270,275 : 31%
2022-09-10 07:36:28 : 72,800,000 : 0 : 7,845,625,200 : 31%
2022-09-10 08:07:44 : 72,900,000 : 0 : 7,855,849,050 : 31%
2022-09-10 08:39:23 : 73,000,000 : 0 : 7,865,941,825 : 31%
2022-09-10 09:11:25 : 73,100,000 : 0 : 7,876,034,600 : 31%
2022-09-10 09:43:01 : 73,200,000 : 0 : 7,885,996,300 : 31%
2022-09-10 10:14:24 : 73,300,000 : 0 : 7,896,089,075 : 31%
2022-09-10 10:44:33 : 73,400,000 : 0 : 7,906,181,850 : 31%
2022-09-10 11:13:01 : 73,500,000 : 0 : 7,916,274,625 : 31%
2022-09-10 11:38:43 : 73,600,000 : 0 : 7,926,498,475 : 31%
2022-09-10 12:02:31 : 73,700,000 : 0 : 7,946,946,175 : 32%
2022-09-10 12:24:52 : 73,800,000 : 0 : 7,957,170,025 : 32%
2022-09-10 12:46:19 : 73,900,000 : 0 : 7,967,524,950 : 32%
2022-09-10 13:06:24 : 74,000,000 : 0 : 7,977,879,875 : 32%
2022-09-10 13:25:47 : 74,100,000 : 0 : 7,988,365,875 : 32%
2022-09-10 13:44:13 : 74,200,000 : 0 : 7,998,720,800 : 32%
2022-09-10 14:01:47 : 74,300,000 : 0 : 8,009,075,725 : 32%
2022-09-10 14:18:45 : 74,400,000 : 0 : 8,019,430,650 : 32%
2022-09-10 14:35:07 : 74,500,000 : 0 : 8,029,785,575 : 32%
2022-09-10 14:50:59 : 74,600,000 : 0 : 8,040,140,500 : 32%
2022-09-10 15:06:44 : 74,700,000 : 0 : 8,050,495,425 : 32%
2022-09-10 15:22:16 : 74,800,000 : 0 : 8,060,850,350 : 32%
2022-09-10 15:37:55 : 74,900,000 : 0 : 8,071,336,350 : 32%
2022-09-10 15:53:29 : 75,000,000 : 0 : 8,081,822,350 : 32%
2022-09-10 16:08:58 : 75,100,000 : 0 : 8,092,177,275 : 32%
2022-09-10 16:24:03 : 75,200,000 : 0 : 8,102,401,125 : 32%
2022-09-10 16:38:52 : 75,300,000 : 0 : 8,112,624,975 : 32%
2022-09-10 16:53:18 : 75,400,000 : 0 : 8,122,848,825 : 32%
2022-09-10 17:07:54 : 75,500,000 : 0 : 8,132,941,600 : 32%
2022-09-10 17:22:36 : 75,600,000 : 0 : 8,143,165,450 : 32%
2022-09-10 17:37:10 : 75,700,000 : 0 : 8,153,258,225 : 32%
2022-09-10 17:52:01 : 75,800,000 : 0 : 8,173,574,850 : 32%
2022-09-10 18:07:06 : 75,900,000 : 0 : 8,183,405,475 : 32%
2022-09-10 18:21:04 : 76,000,000 : 0 : 8,193,367,175 : 32%
2022-09-10 18:35:42 : 76,100,000 : 0 : 8,203,328,875 : 33%
2022-09-10 18:50:05 : 76,200,000 : 0 : 8,213,290,575 : 33%
2022-09-10 19:04:41 : 76,300,000 : 0 : 8,223,121,200 : 33%
2022-09-10 19:19:18 : 76,400,000 : 0 : 8,232,951,825 : 33%
2022-09-10 19:33:48 : 76,500,000 : 0 : 8,242,651,375 : 33%
2022-09-10 19:48:15 : 76,600,000 : 0 : 8,252,744,150 : 33%
2022-09-10 20:03:21 : 76,700,000 : 0 : 8,262,836,925 : 33%
2022-09-10 20:18:28 : 76,800,000 : 0 : 8,272,929,700 : 33%
2022-09-10 20:33:29 : 76,900,000 : 0 : 8,282,891,400 : 33%
2022-09-10 20:48:44 : 77,000,000 : 0 : 8,292,984,175 : 33%
2022-09-10 21:04:12 : 77,100,000 : 0 : 8,302,945,875 : 33%
2022-09-10 21:19:47 : 77,200,000 : 0 : 8,313,038,650 : 33%
2022-09-10 21:35:27 : 77,300,000 : 0 : 8,323,131,425 : 33%
2022-09-10 21:51:03 : 77,400,000 : 0 : 8,333,093,125 : 33%
2022-09-10 22:06:47 : 77,500,000 : 0 : 8,343,185,900 : 33%
2022-09-10 22:22:55 : 77,600,000 : 0 : 8,353,147,600 : 33%
2022-09-10 22:39:05 : 77,700,000 : 0 : 8,363,240,375 : 33%
2022-09-10 22:55:22 : 77,800,000 : 0 : 8,382,901,625 : 33%
2022-09-10 23:11:45 : 77,900,000 : 0 : 8,392,732,250 : 33%
2022-09-10 23:28:52 : 78,000,000 : 0 : 8,402,693,950 : 33%
2022-09-10 23:46:08 : 78,100,000 : 0 : 8,412,524,575 : 33%
2022-09-11 00:03:15 : 78,200,000 : 0 : 8,422,486,275 : 33%
2022-09-11 00:20:30 : 78,300,000 : 0 : 8,432,185,825 : 33%
2022-09-11 00:37:29 : 78,400,000 : 0 : 8,442,147,525 : 33%
2022-09-11 00:54:27 : 78,500,000 : 0 : 8,451,978,150 : 34%
2022-09-11 01:11:52 : 78,600,000 : 0 : 8,461,939,850 : 34%
2022-09-11 01:29:27 : 78,700,000 : 0 : 8,471,770,475 : 34%
2022-09-11 01:47:14 : 78,800,000 : 0 : 8,481,732,175 : 34%
2022-09-11 02:05:04 : 78,900,000 : 0 : 8,491,562,800 : 34%
2022-09-11 02:23:00 : 79,000,000 : 0 : 8,501,393,425 : 34%
2022-09-11 02:40:49 : 79,100,000 : 0 : 8,511,092,975 : 34%
2022-09-11 02:59:24 : 79,200,000 : 0 : 8,520,923,600 : 34%
2022-09-11 03:18:19 : 79,300,000 : 0 : 8,530,754,225 : 34%
2022-09-11 03:36:58 : 79,400,000 : 0 : 8,540,322,700 : 34%
2022-09-11 03:55:58 : 79,500,000 : 0 : 8,549,891,175 : 34%
2022-09-11 04:15:34 : 79,600,000 : 0 : 8,559,721,800 : 34%
2022-09-11 04:37:13 : 79,700,000 : 0 : 8,569,552,425 : 34%
2022-09-11 04:59:32 : 79,800,000 : 0 : 8,579,383,050 : 34%
2022-09-11 05:23:36 : 79,900,000 : 0 : 8,589,344,750 : 34%
2022-09-11 05:48:55 : 80,000,000 : 0 : 8,609,399,225 : 34%
2022-09-11 06:15:08 : 80,100,000 : 0 : 8,619,229,850 : 34%
2022-09-11 06:41:01 : 80,200,000 : 0 : 8,629,060,475 : 34%
2022-09-11 07:08:39 : 80,300,000 : 0 : 8,639,022,175 : 34%
2022-09-11 07:37:11 : 80,400,000 : 0 : 8,649,114,950 : 34%
2022-09-11 08:06:18 : 80,500,000 : 0 : 8,659,076,650 : 34%
2022-09-11 08:36:06 : 80,600,000 : 0 : 8,669,300,500 : 34%
2022-09-11 09:06:26 : 80,700,000 : 0 : 8,679,262,200 : 34%
2022-09-11 09:37:23 : 80,800,000 : 0 : 8,689,486,050 : 34%
2022-09-11 10:08:14 : 80,900,000 : 0 : 8,699,578,825 : 34%
2022-09-11 10:38:24 : 81,000,000 : 0 : 8,709,540,525 : 35%
2022-09-11 11:07:41 : 81,100,000 : 0 : 8,719,633,300 : 35%
2022-09-11 11:34:54 : 81,200,000 : 0 : 8,729,726,075 : 35%
2022-09-11 11:59:28 : 81,300,000 : 0 : 8,739,818,850 : 35%
2022-09-11 12:22:13 : 81,400,000 : 0 : 8,749,911,625 : 35%
2022-09-11 12:43:37 : 81,500,000 : 0 : 8,760,135,475 : 35%
2022-09-11 13:03:30 : 81,600,000 : 0 : 8,770,228,250 : 35%
2022-09-11 13:22:25 : 81,700,000 : 0 : 8,780,189,950 : 35%
2022-09-11 13:40:33 : 81,800,000 : 0 : 8,790,151,650 : 35%
2022-09-11 13:57:21 : 81,900,000 : 0 : 8,800,244,425 : 35%
2022-09-11 14:13:52 : 82,000,000 : 0 : 8,810,206,125 : 35%
2022-09-11 14:29:00 : 82,100,000 : 0 : 8,830,129,525 : 35%
2022-09-11 14:43:58 : 82,200,000 : 0 : 8,840,353,375 : 35%
2022-09-11 14:59:13 : 82,300,000 : 0 : 8,850,577,225 : 35%
2022-09-11 15:14:21 : 82,400,000 : 0 : 8,860,801,075 : 35%
2022-09-11 15:29:33 : 82,500,000 : 0 : 8,871,156,000 : 35%
2022-09-11 15:44:36 : 82,600,000 : 0 : 8,881,642,000 : 35%
2022-09-11 15:59:22 : 82,700,000 : 0 : 8,891,996,925 : 35%
2022-09-11 16:14:07 : 82,800,000 : 0 : 8,902,220,775 : 35%
2022-09-11 16:28:46 : 82,900,000 : 0 : 8,912,575,700 : 35%
2022-09-11 16:43:21 : 83,000,000 : 0 : 8,922,930,625 : 35%
2022-09-11 16:57:54 : 83,100,000 : 0 : 8,933,285,550 : 35%
2022-09-11 17:12:03 : 83,200,000 : 0 : 8,943,247,250 : 35%
2022-09-11 17:25:34 : 83,300,000 : 0 : 8,953,077,875 : 35%
2022-09-11 17:38:39 : 83,400,000 : 0 : 8,963,039,575 : 36%
2022-09-11 17:51:38 : 83,500,000 : 0 : 8,972,870,200 : 36%
2022-09-11 18:04:25 : 83,600,000 : 0 : 8,982,700,825 : 36%
2022-09-11 18:17:12 : 83,700,000 : 0 : 8,992,400,375 : 36%
2022-09-11 18:30:08 : 83,800,000 : 0 : 9,002,362,075 : 36%
2022-09-11 18:43:34 : 83,900,000 : 0 : 9,012,323,775 : 36%
2022-09-11 18:57:07 : 84,000,000 : 0 : 9,022,416,550 : 36%
2022-09-11 19:10:22 : 84,100,000 : 0 : 9,032,247,175 : 36%
2022-09-11 19:23:34 : 84,200,000 : 0 : 9,042,077,800 : 36%
2022-09-11 19:36:26 : 84,300,000 : 0 : 9,061,476,900 : 36%
2022-09-11 19:49:03 : 84,400,000 : 0 : 9,071,176,450 : 36%
2022-09-11 20:02:06 : 84,500,000 : 0 : 9,080,744,925 : 36%
2022-09-11 20:14:55 : 84,600,000 : 0 : 9,090,444,475 : 36%
2022-09-11 20:27:56 : 84,700,000 : 0 : 9,100,144,025 : 36%
2022-09-11 20:41:08 : 84,800,000 : 0 : 9,109,843,575 : 36%
2022-09-11 20:54:23 : 84,900,000 : 0 : 9,119,805,275 : 36%
2022-09-11 21:08:11 : 85,000,000 : 0 : 9,129,898,050 : 36%
2022-09-11 21:22:14 : 85,100,000 : 0 : 9,139,728,675 : 36%
2022-09-11 21:36:27 : 85,200,000 : 0 : 9,149,690,375 : 36%
2022-09-11 21:50:32 : 85,300,000 : 0 : 9,159,652,075 : 36%
2022-09-11 22:05:07 : 85,400,000 : 0 : 9,169,744,850 : 36%
2022-09-11 22:20:05 : 85,500,000 : 0 : 9,179,706,550 : 36%
2022-09-11 22:35:05 : 85,600,000 : 0 : 9,189,537,175 : 36%
2022-09-11 22:50:17 : 85,700,000 : 0 : 9,199,629,950 : 36%
2022-09-11 23:05:44 : 85,800,000 : 0 : 9,209,460,575 : 37%
2022-09-11 23:21:34 : 85,900,000 : 0 : 9,219,422,275 : 37%
2022-09-11 23:37:08 : 86,000,000 : 0 : 9,229,252,900 : 37%
2022-09-11 23:53:37 : 86,100,000 : 0 : 9,239,345,675 : 37%
2022-09-12 00:10:32 : 86,200,000 : 0 : 9,249,438,450 : 37%
2022-09-12 00:27:39 : 86,300,000 : 0 : 9,259,531,225 : 37%
2022-09-12 00:44:34 : 86,400,000 : 0 : 9,269,624,000 : 37%
2022-09-12 01:01:28 : 86,500,000 : 0 : 9,279,585,700 : 37%
2022-09-12 01:18:32 : 86,600,000 : 0 : 9,299,640,175 : 37%
2022-09-12 01:35:21 : 86,700,000 : 0 : 9,309,732,950 : 37%
2022-09-12 01:52:35 : 86,800,000 : 0 : 9,319,825,725 : 37%
2022-09-12 02:10:18 : 86,900,000 : 0 : 9,329,918,500 : 37%
2022-09-12 02:27:40 : 87,000,000 : 0 : 9,339,880,200 : 37%
2022-09-12 02:45:15 : 87,100,000 : 0 : 9,349,972,975 : 37%
2022-09-12 03:03:17 : 87,200,000 : 0 : 9,360,065,750 : 37%
2022-09-12 03:21:49 : 87,300,000 : 0 : 9,370,158,525 : 37%
2022-09-12 03:41:27 : 87,400,000 : 0 : 9,380,251,300 : 37%
Decoding error with 134,217,728 bytes, reading another chunk
2022-09-12 04:02:17 : 87,500,000 : 0 : 9,400,699,000 : 37%
2022-09-12 04:24:08 : 87,600,000 : 0 : 9,400,699,000 : 37%
2022-09-12 04:47:21 : 87,700,000 : 0 : 9,411,053,925 : 37%
2022-09-12 05:11:50 : 87,800,000 : 0 : 9,421,277,775 : 37%
2022-09-12 05:37:09 : 87,900,000 : 0 : 9,431,632,700 : 37%
2022-09-12 06:03:59 : 88,000,000 : 0 : 9,441,987,625 : 37%
2022-09-12 06:32:16 : 88,100,000 : 0 : 9,452,342,550 : 37%
2022-09-12 07:01:55 : 88,200,000 : 0 : 9,462,697,475 : 38%
2022-09-12 07:33:10 : 88,300,000 : 0 : 9,473,183,475 : 38%
2022-09-12 08:05:37 : 88,400,000 : 0 : 9,483,669,475 : 38%
2022-09-12 08:39:12 : 88,500,000 : 0 : 9,494,155,475 : 38%
2022-09-12 09:12:52 : 88,600,000 : 0 : 9,504,772,550 : 38%
2022-09-12 09:45:27 : 88,700,000 : 0 : 9,515,127,475 : 38%
2022-09-12 10:16:27 : 88,800,000 : 0 : 9,535,968,400 : 38%
2022-09-12 10:45:06 : 88,900,000 : 0 : 9,546,323,325 : 38%
2022-09-12 11:11:31 : 89,000,000 : 0 : 9,556,809,325 : 38%
2022-09-12 11:35:58 : 89,100,000 : 0 : 9,567,295,325 : 38%
2022-09-12 11:58:34 : 89,200,000 : 0 : 9,577,781,325 : 38%
2022-09-12 12:19:50 : 89,300,000 : 0 : 9,588,398,400 : 38%
2022-09-12 12:39:47 : 89,400,000 : 0 : 9,599,015,475 : 38%
2022-09-12 12:58:21 : 89,500,000 : 0 : 9,609,632,550 : 38%
2022-09-12 13:16:16 : 89,600,000 : 0 : 9,620,118,550 : 38%
2022-09-12 13:33:32 : 89,700,000 : 0 : 9,630,735,625 : 38%
2022-09-12 13:50:22 : 89,800,000 : 0 : 9,641,483,775 : 38%
2022-09-12 14:06:24 : 89,900,000 : 0 : 9,652,100,850 : 38%
2022-09-12 14:22:07 : 90,000,000 : 0 : 9,662,717,925 : 38%
2022-09-12 14:37:31 : 90,100,000 : 0 : 9,673,466,075 : 38%
2022-09-12 14:52:49 : 90,200,000 : 0 : 9,684,214,225 : 38%
2022-09-12 15:07:53 : 90,300,000 : 0 : 9,694,962,375 : 38%
2022-09-12 15:22:52 : 90,400,000 : 0 : 9,705,710,525 : 38%
2022-09-12 15:37:47 : 90,500,000 : 0 : 9,716,458,675 : 39%
2022-09-12 15:52:20 : 90,600,000 : 0 : 9,727,206,825 : 39%
2022-09-12 16:06:49 : 90,700,000 : 0 : 9,748,834,200 : 39%
2022-09-12 16:21:13 : 90,800,000 : 0 : 9,759,582,350 : 39%
2022-09-12 16:35:34 : 90,900,000 : 0 : 9,770,330,500 : 39%
2022-09-12 16:49:53 : 91,000,000 : 0 : 9,781,078,650 : 39%
2022-09-12 17:04:08 : 91,100,000 : 0 : 9,791,826,800 : 39%
2022-09-12 17:18:38 : 91,200,000 : 0 : 9,802,574,950 : 39%
2022-09-12 17:32:53 : 91,300,000 : 0 : 9,813,192,025 : 39%
2022-09-12 17:47:19 : 91,400,000 : 0 : 9,823,940,175 : 39%
2022-09-12 18:01:46 : 91,500,000 : 0 : 9,834,557,250 : 39%
2022-09-12 18:16:27 : 91,600,000 : 0 : 9,845,174,325 : 39%
2022-09-12 18:30:55 : 91,700,000 : 0 : 9,855,922,475 : 39%
2022-09-12 18:45:19 : 91,800,000 : 0 : 9,866,670,625 : 39%
2022-09-12 19:00:03 : 91,900,000 : 0 : 9,877,287,700 : 39%
2022-09-12 19:15:24 : 92,000,000 : 0 : 9,887,904,775 : 39%
2022-09-12 19:29:59 : 92,100,000 : 0 : 9,898,521,850 : 39%
2022-09-12 19:44:38 : 92,200,000 : 0 : 9,909,138,925 : 39%
2022-09-12 20:01:58 : 92,300,000 : 0 : 9,919,756,000 : 39%
2022-09-12 20:16:52 : 92,400,000 : 0 : 9,930,373,075 : 39%
2022-09-12 20:31:15 : 92,500,000 : 0 : 9,940,990,150 : 39%
2022-09-12 20:45:42 : 92,600,000 : 0 : 9,962,093,225 : 39%
2022-09-12 21:00:19 : 92,700,000 : 0 : 9,972,710,300 : 40%
2022-09-12 21:15:09 : 92,800,000 : 0 : 9,983,327,375 : 40%
2022-09-12 21:30:13 : 92,900,000 : 0 : 9,993,944,450 : 40%
2022-09-12 21:45:28 : 93,000,000 : 0 : 10,004,430,450 : 40%
2022-09-12 22:00:47 : 93,100,000 : 0 : 10,014,916,450 : 40%
2022-09-12 22:16:17 : 93,200,000 : 0 : 10,025,533,525 : 40%
2022-09-12 22:31:53 : 93,300,000 : 0 : 10,035,888,450 : 40%
2022-09-12 22:47:55 : 93,400,000 : 0 : 10,046,374,450 : 40%
2022-09-12 23:04:05 : 93,500,000 : 0 : 10,056,729,375 : 40%
2022-09-12 23:20:37 : 93,600,000 : 0 : 10,067,215,375 : 40%
2022-09-12 23:37:08 : 93,700,000 : 0 : 10,077,570,300 : 40%
2022-09-12 23:53:51 : 93,800,000 : 0 : 10,087,794,150 : 40%
2022-09-13 00:10:16 : 93,900,000 : 0 : 10,097,886,925 : 40%
2022-09-13 00:26:15 : 94,000,000 : 0 : 10,107,979,700 : 40%
2022-09-13 00:42:13 : 94,100,000 : 0 : 10,117,941,400 : 40%
2022-09-13 00:58:11 : 94,200,000 : 0 : 10,127,903,100 : 40%
2022-09-13 01:13:49 : 94,300,000 : 0 : 10,137,864,800 : 40%
2022-09-13 01:29:18 : 94,400,000 : 0 : 10,147,695,425 : 40%
2022-09-13 01:45:23 : 94,500,000 : 0 : 10,157,788,200 : 40%
2022-09-13 02:01:26 : 94,600,000 : 0 : 10,167,749,900 : 40%
2022-09-13 02:17:06 : 94,700,000 : 0 : 10,187,411,150 : 40%
2022-09-13 02:32:57 : 94,800,000 : 0 : 10,197,503,925 : 40%
2022-09-13 02:49:43 : 94,900,000 : 0 : 10,207,334,550 : 40%
2022-09-13 03:06:18 : 95,000,000 : 0 : 10,217,034,100 : 41%
2022-09-13 03:22:41 : 95,100,000 : 0 : 10,227,126,875 : 41%
2022-09-13 03:41:17 : 95,200,000 : 0 : 10,237,350,725 : 41%
2022-09-13 04:00:37 : 95,300,000 : 0 : 10,247,574,575 : 41%
2022-09-13 04:21:06 : 95,400,000 : 0 : 10,257,798,425 : 41%
2022-09-13 04:43:06 : 95,500,000 : 0 : 10,268,153,350 : 41%
2022-09-13 05:06:25 : 95,600,000 : 0 : 10,278,377,200 : 41%
2022-09-13 05:31:02 : 95,700,000 : 0 : 10,288,601,050 : 41%
2022-09-13 05:56:40 : 95,800,000 : 0 : 10,298,824,900 : 41%
2022-09-13 06:23:41 : 95,900,000 : 0 : 10,309,179,825 : 41%
2022-09-13 06:51:51 : 96,000,000 : 0 : 10,319,403,675 : 41%
2022-09-13 07:21:36 : 96,100,000 : 0 : 10,329,889,675 : 41%
2022-09-13 07:52:26 : 96,200,000 : 0 : 10,340,244,600 : 41%
2022-09-13 08:24:37 : 96,300,000 : 0 : 10,350,730,600 : 41%
2022-09-13 08:57:17 : 96,400,000 : 0 : 10,361,085,525 : 41%
2022-09-13 09:29:23 : 96,500,000 : 0 : 10,371,440,450 : 41%
2022-09-13 10:00:00 : 96,600,000 : 0 : 10,381,795,375 : 41%
2022-09-13 10:28:24 : 96,700,000 : 0 : 10,392,019,225 : 41%
2022-09-13 10:53:48 : 96,800,000 : 0 : 10,402,112,000 : 41%
2022-09-13 11:18:11 : 96,900,000 : 0 : 10,412,598,000 : 41%
2022-09-13 11:40:42 : 97,000,000 : 0 : 10,433,438,925 : 41%
2022-09-13 12:01:39 : 97,100,000 : 0 : 10,443,924,925 : 41%
2022-09-13 12:21:31 : 97,200,000 : 0 : 10,454,279,850 : 41%
2022-09-13 12:39:41 : 97,300,000 : 0 : 10,464,372,625 : 41%
2022-09-13 12:56:08 : 97,400,000 : 0 : 10,474,465,400 : 42%
2022-09-13 13:12:07 : 97,500,000 : 0 : 10,484,951,400 : 42%
2022-09-13 13:27:47 : 97,600,000 : 0 : 10,495,437,400 : 42%
2022-09-13 13:43:43 : 97,700,000 : 0 : 10,505,661,250 : 42%
2022-09-13 13:58:16 : 97,800,000 : 0 : 10,516,016,175 : 42%
2022-09-13 14:12:40 : 97,900,000 : 0 : 10,526,502,175 : 42%
2022-09-13 14:27:29 : 98,000,000 : 0 : 10,536,988,175 : 42%
2022-09-13 14:41:42 : 98,100,000 : 0 : 10,547,474,175 : 42%
2022-09-13 14:55:25 : 98,200,000 : 0 : 10,557,829,100 : 42%
2022-09-13 15:08:51 : 98,300,000 : 0 : 10,568,315,100 : 42%
2022-09-13 15:22:40 : 98,400,000 : 0 : 10,578,932,175 : 42%
2022-09-13 15:36:13 : 98,500,000 : 0 : 10,589,418,175 : 42%
2022-09-13 15:49:53 : 98,600,000 : 0 : 10,599,904,175 : 42%
2022-09-13 16:03:04 : 98,700,000 : 0 : 10,610,390,175 : 42%
2022-09-13 16:16:43 : 98,800,000 : 0 : 10,621,007,250 : 42%
2022-09-13 16:30:10 : 98,900,000 : 0 : 10,631,624,325 : 42%
2022-09-13 16:43:37 : 99,000,000 : 0 : 10,642,110,325 : 42%
2022-09-13 16:57:05 : 99,100,000 : 0 : 10,652,727,400 : 42%
2022-09-13 17:10:33 : 99,200,000 : 0 : 10,663,213,400 : 42%
2022-09-13 17:23:55 : 99,300,000 : 0 : 10,684,054,325 : 42%
2022-09-13 17:40:26 : 99,400,000 : 0 : 10,694,540,325 : 42%
2022-09-13 18:04:41 : 99,500,000 : 0 : 10,705,026,325 : 42%
2022-09-13 18:19:43 : 99,600,000 : 0 : 10,715,512,325 : 42%
2022-09-13 18:34:06 : 99,700,000 : 0 : 10,725,867,250 : 43%
2022-09-13 18:47:52 : 99,800,000 : 0 : 10,736,484,325 : 43%
2022-09-13 19:01:50 : 99,900,000 : 0 : 10,747,101,400 : 43%
2022-09-13 19:15:55 : 100,000,000 : 0 : 10,757,456,325 : 43%
2022-09-13 19:29:30 : 100,100,000 : 0 : 10,767,942,325 : 43%
2022-09-13 19:43:07 : 100,200,000 : 0 : 10,778,428,325 : 43%
2022-09-13 19:56:29 : 100,300,000 : 0 : 10,788,914,325 : 43%
2022-09-13 20:09:55 : 100,400,000 : 0 : 10,799,269,250 : 43%
2022-09-13 20:23:28 : 100,500,000 : 0 : 10,809,755,250 : 43%
2022-09-13 20:37:12 : 100,600,000 : 0 : 10,820,241,250 : 43%
2022-09-13 20:50:50 : 100,700,000 : 0 : 10,830,727,250 : 43%
2022-09-13 21:04:31 : 100,800,000 : 0 : 10,841,082,175 : 43%
2022-09-13 21:18:49 : 100,900,000 : 0 : 10,851,568,175 : 43%
2022-09-13 21:33:10 : 101,000,000 : 0 : 10,862,054,175 : 43%
2022-09-13 21:47:51 : 101,100,000 : 0 : 10,872,540,175 : 43%
2022-09-13 22:02:43 : 101,200,000 : 0 : 10,883,026,175 : 43%
2022-09-13 22:18:10 : 101,300,000 : 0 : 10,893,381,100 : 43%
2022-09-13 22:33:36 : 101,400,000 : 0 : 10,914,090,950 : 43%
2022-09-13 22:49:10 : 101,500,000 : 0 : 10,924,445,875 : 43%
2022-09-13 23:05:12 : 101,600,000 : 0 : 10,934,800,800 : 43%
2022-09-13 23:21:22 : 101,700,000 : 0 : 10,945,024,650 : 43%
2022-09-13 23:37:49 : 101,800,000 : 0 : 10,955,379,575 : 43%
2022-09-13 23:54:24 : 101,900,000 : 0 : 10,965,603,425 : 43%
2022-09-14 00:10:54 : 102,000,000 : 0 : 10,975,827,275 : 44%
2022-09-14 00:27:11 : 102,100,000 : 0 : 10,985,920,050 : 44%
2022-09-14 00:43:21 : 102,200,000 : 0 : 10,996,143,900 : 44%
2022-09-14 00:59:28 : 102,300,000 : 0 : 11,006,236,675 : 44%
2022-09-14 01:15:35 : 102,400,000 : 0 : 11,016,329,450 : 44%
2022-09-14 01:31:50 : 102,500,000 : 0 : 11,026,422,225 : 44%
2022-09-14 01:47:52 : 102,600,000 : 0 : 11,036,515,000 : 44%
2022-09-14 02:04:13 : 102,700,000 : 0 : 11,046,607,775 : 44%
2022-09-14 02:20:45 : 102,800,000 : 0 : 11,056,700,550 : 44%
2022-09-14 02:37:31 : 102,900,000 : 0 : 11,066,793,325 : 44%
2022-09-14 02:54:54 : 103,000,000 : 0 : 11,077,017,175 : 44%
2022-09-14 03:13:13 : 103,100,000 : 0 : 11,087,372,100 : 44%
2022-09-14 03:31:57 : 103,200,000 : 0 : 11,097,595,950 : 44%
2022-09-14 03:51:28 : 103,300,000 : 0 : 11,107,950,875 : 44%
2022-09-14 04:09:45 : 103,400,000 : 0 : 11,117,650,425 : 44%
2022-09-14 04:29:45 : 103,500,000 : 0 : 11,127,481,050 : 44%
2022-09-14 04:51:32 : 103,600,000 : 0 : 11,137,573,825 : 44%
2022-09-14 05:13:14 : 103,700,000 : 0 : 11,147,404,450 : 44%
2022-09-14 05:36:11 : 103,800,000 : 0 : 11,167,458,925 : 44%
2022-09-14 06:01:17 : 103,900,000 : 0 : 11,177,289,550 : 44%
2022-09-14 06:25:35 : 104,000,000 : 0 : 11,187,251,250 : 44%
2022-09-14 06:52:03 : 104,100,000 : 0 : 11,197,212,950 : 44%
2022-09-14 07:18:43 : 104,200,000 : 0 : 11,207,305,725 : 44%
2022-09-14 07:47:46 : 104,300,000 : 0 : 11,217,136,350 : 44%
2022-09-14 08:15:59 : 104,400,000 : 0 : 11,227,229,125 : 45%
2022-09-14 08:46:18 : 104,500,000 : 0 : 11,237,321,900 : 45%
2022-09-14 09:14:46 : 104,600,000 : 0 : 11,247,152,525 : 45%
2022-09-14 09:44:14 : 104,700,000 : 0 : 11,257,376,375 : 45%
2022-09-14 10:11:48 : 104,800,000 : 0 : 11,267,338,075 : 45%
2022-09-14 10:36:40 : 104,900,000 : 0 : 11,277,430,850 : 45%
2022-09-14 11:02:05 : 105,000,000 : 0 : 11,287,261,475 : 45%
2022-09-14 11:23:13 : 105,100,000 : 0 : 11,297,354,250 : 45%
2022-09-14 11:43:37 : 105,200,000 : 0 : 11,307,840,250 : 45%
2022-09-14 12:03:57 : 105,300,000 : 0 : 11,317,933,025 : 45%
2022-09-14 12:21:33 : 105,400,000 : 0 : 11,328,287,950 : 45%
2022-09-14 12:39:02 : 105,500,000 : 0 : 11,338,642,875 : 45%
2022-09-14 12:56:56 : 105,600,000 : 0 : 11,349,259,950 : 45%
2022-09-14 13:13:45 : 105,700,000 : 0 : 11,359,877,025 : 45%
2022-09-14 13:29:52 : 105,800,000 : 0 : 11,370,231,950 : 45%
2022-09-14 13:45:06 : 105,900,000 : 0 : 11,380,717,950 : 45%
2022-09-14 14:00:25 : 106,000,000 : 0 : 11,391,466,100 : 45%
2022-09-14 14:15:50 : 106,100,000 : 0 : 11,402,214,250 : 45%
2022-09-14 14:30:31 : 106,200,000 : 0 : 11,412,831,325 : 45%
2022-09-14 14:44:39 : 106,300,000 : 0 : 11,423,448,400 : 45%
2022-09-14 14:58:51 : 106,400,000 : 0 : 11,434,196,550 : 45%
2022-09-14 15:13:11 : 106,500,000 : 0 : 11,444,813,625 : 45%
2022-09-14 15:27:00 : 106,600,000 : 0 : 11,466,178,850 : 45%
2022-09-14 15:40:53 : 106,700,000 : 0 : 11,476,795,925 : 46%
2022-09-14 15:54:43 : 106,800,000 : 0 : 11,487,413,000 : 46%
2022-09-14 16:08:30 : 106,900,000 : 0 : 11,498,161,150 : 46%
2022-09-14 16:22:25 : 107,000,000 : 0 : 11,508,778,225 : 46%
2022-09-14 16:36:07 : 107,100,000 : 0 : 11,519,395,300 : 46%
2022-09-14 16:49:51 : 107,200,000 : 0 : 11,530,143,450 : 46%
2022-09-14 17:03:44 : 107,300,000 : 0 : 11,540,760,525 : 46%
2022-09-14 17:18:01 : 107,400,000 : 0 : 11,551,639,750 : 46%
2022-09-14 17:32:03 : 107,500,000 : 0 : 11,562,256,825 : 46%
2022-09-14 17:46:10 : 107,600,000 : 0 : 11,573,004,975 : 46%
2022-09-14 18:00:17 : 107,700,000 : 0 : 11,583,753,125 : 46%
2022-09-14 18:14:52 : 107,800,000 : 0 : 11,594,501,275 : 46%
2022-09-14 18:29:24 : 107,900,000 : 0 : 11,605,118,350 : 46%
2022-09-14 18:44:09 : 108,000,000 : 0 : 11,615,866,500 : 46%
2022-09-14 18:58:48 : 108,100,000 : 0 : 11,626,483,575 : 46%
2022-09-14 19:13:53 : 108,200,000 : 0 : 11,637,100,650 : 46%
2022-09-14 19:28:48 : 108,300,000 : 0 : 11,647,717,725 : 46%
2022-09-14 19:43:36 : 108,400,000 : 0 : 11,658,203,725 : 46%
2022-09-14 19:58:22 : 108,500,000 : 0 : 11,679,306,800 : 46%
2022-09-14 20:13:28 : 108,600,000 : 0 : 11,689,661,725 : 46%
2022-09-14 20:28:27 : 108,700,000 : 0 : 11,700,147,725 : 46%
2022-09-14 20:43:34 : 108,800,000 : 0 : 11,710,502,650 : 46%
2022-09-14 20:58:46 : 108,900,000 : 0 : 11,720,988,650 : 46%
2022-09-14 21:14:00 : 109,000,000 : 0 : 11,731,343,575 : 47%
2022-09-14 21:29:31 : 109,100,000 : 0 : 11,741,829,575 : 47%
2022-09-14 21:45:11 : 109,200,000 : 0 : 11,752,315,575 : 47%
2022-09-14 22:01:11 : 109,300,000 : 0 : 11,762,801,575 : 47%
2022-09-14 22:17:48 : 109,400,000 : 0 : 11,773,287,575 : 47%
2022-09-14 22:34:40 : 109,500,000 : 0 : 11,783,773,575 : 47%
2022-09-14 22:51:40 : 109,600,000 : 0 : 11,794,259,575 : 47%
2022-09-14 23:08:43 : 109,700,000 : 0 : 11,804,614,500 : 47%
2022-09-14 23:25:50 : 109,800,000 : 0 : 11,815,100,500 : 47%
2022-09-14 23:42:56 : 109,900,000 : 0 : 11,825,455,425 : 47%
2022-09-14 23:59:54 : 110,000,000 : 0 : 11,835,810,350 : 47%
2022-09-15 00:16:46 : 110,100,000 : 0 : 11,846,034,200 : 47%
2022-09-15 00:33:17 : 110,200,000 : 0 : 11,856,126,975 : 47%
2022-09-15 00:49:43 : 110,300,000 : 0 : 11,866,350,825 : 47%
2022-09-15 01:06:05 : 110,400,000 : 0 : 11,876,443,600 : 47%
2022-09-15 01:22:42 : 110,500,000 : 0 : 11,886,667,450 : 47%
2022-09-15 01:39:19 : 110,600,000 : 0 : 11,906,853,000 : 47%
2022-09-15 01:55:54 : 110,700,000 : 0 : 11,917,076,850 : 47%
2022-09-15 02:12:38 : 110,800,000 : 0 : 11,927,169,625 : 47%
2022-09-15 02:29:32 : 110,900,000 : 0 : 11,937,393,475 : 47%
2022-09-15 02:46:56 : 111,000,000 : 0 : 11,947,617,325 : 47%
2022-09-15 03:05:00 : 111,100,000 : 0 : 11,957,841,175 : 47%
2022-09-15 03:23:36 : 111,200,000 : 0 : 11,968,065,025 : 47%
2022-09-15 03:42:49 : 111,300,000 : 0 : 11,978,288,875 : 47%
2022-09-15 04:02:12 : 111,400,000 : 0 : 11,988,381,650 : 48%
2022-09-15 04:23:17 : 111,500,000 : 0 : 11,998,736,575 : 48%
2022-09-15 04:45:12 : 111,600,000 : 0 : 12,008,829,350 : 48%
2022-09-15 05:08:15 : 111,700,000 : 0 : 12,019,053,200 : 48%
2022-09-15 05:32:33 : 111,800,000 : 0 : 12,029,408,125 : 48%
2022-09-15 05:58:02 : 111,900,000 : 0 : 12,039,631,975 : 48%
2022-09-15 06:24:56 : 112,000,000 : 0 : 12,050,117,975 : 48%
2022-09-15 06:53:10 : 112,100,000 : 0 : 12,060,472,900 : 48%
2022-09-15 07:22:33 : 112,200,000 : 0 : 12,070,827,825 : 48%
2022-09-15 07:53:43 : 112,300,000 : 0 : 12,081,313,825 : 48%
2022-09-15 08:25:11 : 112,400,000 : 0 : 12,091,668,750 : 48%
2022-09-15 08:58:04 : 112,500,000 : 0 : 12,102,154,750 : 48%
2022-09-15 09:30:29 : 112,600,000 : 0 : 12,112,640,750 : 48%
2022-09-15 10:00:25 : 112,700,000 : 0 : 12,122,995,675 : 48%
2022-09-15 10:28:46 : 112,800,000 : 0 : 12,143,443,375 : 48%
2022-09-15 10:54:27 : 112,900,000 : 0 : 12,153,798,300 : 48%
2022-09-15 11:18:05 : 113,000,000 : 0 : 12,164,153,225 : 48%
2022-09-15 11:39:50 : 113,100,000 : 0 : 12,174,639,225 : 48%
2022-09-15 12:00:04 : 113,200,000 : 0 : 12,184,994,150 : 48%
2022-09-15 12:19:31 : 113,300,000 : 0 : 12,195,480,150 : 48%
2022-09-15 12:38:09 : 113,400,000 : 0 : 12,206,097,225 : 48%
2022-09-15 12:55:41 : 113,500,000 : 0 : 12,216,714,300 : 48%
2022-09-15 13:12:41 : 113,600,000 : 0 : 12,227,331,375 : 48%
2022-09-15 13:28:53 : 113,700,000 : 0 : 12,237,948,450 : 49%
2022-09-15 13:44:52 : 113,800,000 : 0 : 12,248,696,600 : 49%
2022-09-15 14:00:19 : 113,900,000 : 0 : 12,259,313,675 : 49%
2022-09-15 14:15:28 : 114,000,000 : 0 : 12,269,930,750 : 49%
2022-09-15 14:30:16 : 114,100,000 : 0 : 12,280,678,900 : 49%
2022-09-15 14:44:47 : 114,200,000 : 0 : 12,291,427,050 : 49%
2022-09-15 14:59:03 : 114,300,000 : 0 : 12,302,175,200 : 49%
2022-09-15 15:13:25 : 114,400,000 : 0 : 12,312,923,350 : 49%
2022-09-15 15:27:34 : 114,500,000 : 0 : 12,323,671,500 : 49%
2022-09-15 15:41:47 : 114,600,000 : 0 : 12,334,419,650 : 49%
2022-09-15 15:55:48 : 114,700,000 : 0 : 12,345,167,800 : 49%
2022-09-15 16:09:57 : 114,800,000 : 0 : 12,366,664,100 : 49%
2022-09-15 16:23:46 : 114,900,000 : 0 : 12,377,281,175 : 49%
2022-09-15 16:37:40 : 115,000,000 : 0 : 12,388,029,325 : 49%
2022-09-15 16:51:37 : 115,100,000 : 0 : 12,398,777,475 : 49%
2022-09-15 17:05:39 : 115,200,000 : 0 : 12,409,394,550 : 49%
2022-09-15 17:19:56 : 115,300,000 : 0 : 12,420,142,700 : 49%
2022-09-15 17:34:05 : 115,400,000 : 0 : 12,430,759,775 : 49%
2022-09-15 17:48:14 : 115,500,000 : 0 : 12,441,376,850 : 49%
2022-09-15 18:02:32 : 115,600,000 : 0 : 12,452,125,000 : 49%
2022-09-15 18:16:55 : 115,700,000 : 0 : 12,462,742,075 : 49%
2022-09-15 18:31:17 : 115,800,000 : 0 : 12,473,359,150 : 49%
2022-09-15 18:45:40 : 115,900,000 : 0 : 12,483,976,225 : 49%
2022-09-15 18:59:59 : 116,000,000 : 0 : 12,494,593,300 : 50%
2022-09-15 19:14:28 : 116,100,000 : 0 : 12,505,210,375 : 50%
2022-09-15 19:28:52 : 116,200,000 : 0 : 12,515,827,450 : 50%
2022-09-15 19:43:16 : 116,300,000 : 0 : 12,526,444,525 : 50%
2022-09-15 19:57:25 : 116,400,000 : 0 : 12,536,930,525 : 50%
2022-09-15 20:11:52 : 116,500,000 : 0 : 12,547,547,600 : 50%
2022-09-15 20:26:17 : 116,600,000 : 0 : 12,558,164,675 : 50%
2022-09-15 20:40:51 : 116,700,000 : 0 : 12,568,650,675 : 50%
2022-09-15 20:55:15 : 116,800,000 : 0 : 12,589,753,750 : 50%
2022-09-15 21:09:55 : 116,900,000 : 0 : 12,600,370,825 : 50%
2022-09-15 21:24:50 : 117,000,000 : 0 : 12,610,856,825 : 50%
2022-09-15 21:40:08 : 117,100,000 : 0 : 12,621,342,825 : 50%
2022-09-15 21:55:19 : 117,200,000 : 0 : 12,631,828,825 : 50%
2022-09-15 22:10:50 : 117,300,000 : 0 : 12,642,183,750 : 50%
2022-09-15 22:26:43 : 117,400,000 : 0 : 12,652,538,675 : 50%
2022-09-15 22:42:50 : 117,500,000 : 0 : 12,662,893,600 : 50%
2022-09-15 22:59:12 : 117,600,000 : 0 : 12,673,248,525 : 50%
2022-09-15 23:15:53 : 117,700,000 : 0 : 12,683,603,450 : 50%
2022-09-15 23:32:52 : 117,800,000 : 0 : 12,693,958,375 : 50%
2022-09-15 23:50:00 : 117,900,000 : 0 : 12,704,313,300 : 50%
2022-09-16 00:07:13 : 118,000,000 : 0 : 12,714,537,150 : 50%
2022-09-16 00:24:18 : 118,100,000 : 0 : 12,724,498,850 : 50%
2022-09-16 00:41:12 : 118,200,000 : 0 : 12,734,591,625 : 50%
2022-09-16 00:57:31 : 118,300,000 : 0 : 12,744,422,250 : 51%
2022-09-16 01:13:49 : 118,400,000 : 0 : 12,754,383,950 : 51%
2022-09-16 01:30:03 : 118,500,000 : 0 : 12,764,345,650 : 51%
2022-09-16 01:46:24 : 118,600,000 : 0 : 12,774,307,350 : 51%
2022-09-16 02:02:30 : 118,700,000 : 0 : 12,784,269,050 : 51%
2022-09-16 02:18:55 : 118,800,000 : 0 : 12,794,099,675 : 51%
2022-09-16 02:35:41 : 118,900,000 : 0 : 12,804,061,375 : 51%
2022-09-16 02:52:51 : 119,000,000 : 0 : 12,813,892,000 : 51%
2022-09-16 03:10:29 : 119,100,000 : 0 : 12,833,684,325 : 51%
2022-09-16 03:29:24 : 119,200,000 : 0 : 12,843,777,100 : 51%
2022-09-16 03:49:53 : 119,300,000 : 0 : 12,854,000,950 : 51%
2022-09-16 04:11:32 : 119,400,000 : 0 : 12,864,224,800 : 51%
2022-09-16 04:34:19 : 119,500,000 : 0 : 12,874,448,650 : 51%
2022-09-16 04:58:07 : 119,600,000 : 0 : 12,884,672,500 : 51%
2022-09-16 05:22:58 : 119,700,000 : 0 : 12,895,027,425 : 51%
2022-09-16 05:48:32 : 119,800,000 : 0 : 12,905,382,350 : 51%
2022-09-16 06:15:36 : 119,900,000 : 0 : 12,915,737,275 : 51%
2022-09-16 06:43:16 : 120,000,000 : 0 : 12,926,223,275 : 51%
2022-09-16 07:11:46 : 120,100,000 : 0 : 12,936,578,200 : 51%
2022-09-16 07:41:52 : 120,200,000 : 0 : 12,946,802,050 : 51%
2022-09-16 08:12:41 : 120,300,000 : 0 : 12,957,156,975 : 51%
2022-09-16 08:44:18 : 120,400,000 : 0 : 12,967,642,975 : 51%
2022-09-16 09:15:53 : 120,500,000 : 0 : 12,977,997,900 : 51%
2022-09-16 09:46:21 : 120,600,000 : 0 : 12,988,352,825 : 51%
2022-09-16 10:14:50 : 120,700,000 : 0 : 12,998,445,600 : 52%
2022-09-16 10:41:12 : 120,800,000 : 0 : 13,008,669,450 : 52%
2022-09-16 11:05:56 : 120,900,000 : 0 : 13,019,024,375 : 52%
2022-09-16 11:29:01 : 121,000,000 : 0 : 13,029,379,300 : 52%
2022-09-16 11:50:12 : 121,100,000 : 0 : 13,039,603,150 : 52%
2022-09-16 12:09:58 : 121,200,000 : 0 : 13,049,958,075 : 52%
2022-09-16 12:28:50 : 121,300,000 : 0 : 13,060,313,000 : 52%
2022-09-16 12:47:03 : 121,400,000 : 0 : 13,081,153,925 : 52%
2022-09-16 13:04:08 : 121,500,000 : 0 : 13,091,639,925 : 52%
2022-09-16 13:20:46 : 121,600,000 : 0 : 13,102,125,925 : 52%
2022-09-16 13:36:55 : 121,700,000 : 0 : 13,112,874,075 : 52%
2022-09-16 13:52:30 : 121,800,000 : 0 : 13,123,491,150 : 52%
2022-09-16 14:07:48 : 121,900,000 : 0 : 13,134,108,225 : 52%
2022-09-16 14:22:37 : 122,000,000 : 0 : 13,144,725,300 : 52%
2022-09-16 14:37:22 : 122,100,000 : 0 : 13,155,342,375 : 52%
2022-09-16 14:51:44 : 122,200,000 : 0 : 13,166,090,525 : 52%
2022-09-16 15:06:05 : 122,300,000 : 0 : 13,176,838,675 : 52%
2022-09-16 15:20:25 : 122,400,000 : 0 : 13,187,586,825 : 52%
2022-09-16 15:34:38 : 122,500,000 : 0 : 13,198,203,900 : 52%
2022-09-16 15:48:48 : 122,600,000 : 0 : 13,208,952,050 : 52%
2022-09-16 16:02:48 : 122,700,000 : 0 : 13,219,700,200 : 52%
2022-09-16 16:16:55 : 122,800,000 : 0 : 13,230,317,275 : 52%
2022-09-16 16:30:48 : 122,900,000 : 0 : 13,240,934,350 : 52%
2022-09-16 16:44:51 : 123,000,000 : 0 : 13,251,682,500 : 53%
2022-09-16 16:58:56 : 123,100,000 : 0 : 13,262,299,575 : 53%
2022-09-16 17:13:01 : 123,200,000 : 0 : 13,272,785,575 : 53%
2022-09-16 17:27:06 : 123,300,000 : 0 : 13,283,402,650 : 53%
2022-09-16 17:41:15 : 123,400,000 : 0 : 13,304,636,800 : 53%
2022-09-16 17:55:23 : 123,500,000 : 0 : 13,315,253,875 : 53%
2022-09-16 18:09:50 : 123,600,000 : 0 : 13,325,739,875 : 53%
2022-09-16 18:24:15 : 123,700,000 : 0 : 13,336,356,950 : 53%
2022-09-16 18:38:42 : 123,800,000 : 0 : 13,346,842,950 : 53%
2022-09-16 18:53:07 : 123,900,000 : 0 : 13,357,460,025 : 53%
2022-09-16 19:07:37 : 124,000,000 : 0 : 13,368,077,100 : 53%
2022-09-16 19:22:08 : 124,100,000 : 0 : 13,378,432,025 : 53%
2022-09-16 19:36:41 : 124,200,000 : 0 : 13,388,918,025 : 53%
2022-09-16 19:51:15 : 124,300,000 : 0 : 13,399,404,025 : 53%
2022-09-16 20:05:53 : 124,400,000 : 0 : 13,409,890,025 : 53%
2022-09-16 20:20:38 : 124,500,000 : 0 : 13,420,244,950 : 53%
2022-09-16 20:35:19 : 124,600,000 : 0 : 13,430,730,950 : 53%
2022-09-16 20:50:08 : 124,700,000 : 0 : 13,441,216,950 : 53%
2022-09-16 21:05:15 : 124,800,000 : 0 : 13,451,702,950 : 53%
2022-09-16 21:20:46 : 124,900,000 : 0 : 13,462,057,875 : 53%
2022-09-16 21:36:25 : 125,000,000 : 0 : 13,472,543,875 : 53%
2022-09-16 21:52:07 : 125,100,000 : 0 : 13,482,898,800 : 53%
2022-09-16 22:08:09 : 125,200,000 : 0 : 13,493,384,800 : 53%
2022-09-16 22:24:20 : 125,300,000 : 0 : 13,503,739,725 : 54%
2022-09-16 22:40:49 : 125,400,000 : 0 : 13,514,094,650 : 54%
2022-09-16 22:57:23 : 125,500,000 : 0 : 13,524,318,500 : 54%
2022-09-16 23:14:31 : 125,600,000 : 0 : 13,544,897,275 : 54%
2022-09-16 23:31:57 : 125,700,000 : 0 : 13,554,990,050 : 54%
2022-09-16 23:49:32 : 125,800,000 : 0 : 13,565,213,900 : 54%
2022-09-17 00:07:16 : 125,900,000 : 0 : 13,575,306,675 : 54%
2022-09-17 00:24:53 : 126,000,000 : 0 : 13,585,268,375 : 54%
2022-09-17 00:42:26 : 126,100,000 : 0 : 13,595,361,150 : 54%
2022-09-17 01:00:09 : 126,200,000 : 0 : 13,605,322,850 : 54%
2022-09-17 01:17:57 : 126,300,000 : 0 : 13,615,153,475 : 54%
2022-09-17 01:35:52 : 126,400,000 : 0 : 13,625,115,175 : 54%
2022-09-17 01:53:34 : 126,500,000 : 0 : 13,634,945,800 : 54%
2022-09-17 02:11:31 : 126,600,000 : 0 : 13,644,907,500 : 54%
2022-09-17 02:29:47 : 126,700,000 : 0 : 13,654,869,200 : 54%
2022-09-17 02:48:21 : 126,800,000 : 0 : 13,664,830,900 : 54%
2022-09-17 03:07:35 : 126,900,000 : 0 : 13,674,792,600 : 54%
2022-09-17 03:27:17 : 127,000,000 : 0 : 13,684,754,300 : 54%
2022-09-17 03:47:41 : 127,100,000 : 0 : 13,694,716,000 : 54%
2022-09-17 04:08:53 : 127,200,000 : 0 : 13,704,677,700 : 54%
2022-09-17 04:30:51 : 127,300,000 : 0 : 13,714,639,400 : 54%
2022-09-17 04:54:06 : 127,400,000 : 0 : 13,724,601,100 : 54%
2022-09-17 05:18:10 : 127,500,000 : 0 : 13,734,562,800 : 54%
2022-09-17 05:43:13 : 127,600,000 : 0 : 13,744,524,500 : 54%
2022-09-17 06:10:03 : 127,700,000 : 0 : 13,754,617,275 : 55%
2022-09-17 06:37:17 : 127,800,000 : 0 : 13,764,578,975 : 55%
2022-09-17 07:05:35 : 127,900,000 : 0 : 13,774,671,750 : 55%
2022-09-17 07:35:00 : 128,000,000 : 0 : 13,784,764,525 : 55%
2022-09-17 08:04:46 : 128,100,000 : 0 : 13,804,556,850 : 55%
2022-09-17 08:34:06 : 128,200,000 : 0 : 13,814,518,550 : 55%
2022-09-17 09:04:40 : 128,300,000 : 0 : 13,824,218,100 : 55%
2022-09-17 09:34:27 : 128,400,000 : 0 : 13,833,786,575 : 55%
2022-09-17 10:03:28 : 128,500,000 : 0 : 13,843,486,125 : 55%
2022-09-17 10:32:15 : 128,600,000 : 0 : 13,853,316,750 : 55%
2022-09-17 11:00:24 : 128,700,000 : 0 : 13,863,409,525 : 55%
2022-09-17 11:26:46 : 128,800,000 : 0 : 13,873,502,300 : 55%
2022-09-17 11:51:00 : 128,900,000 : 0 : 13,883,595,075 : 55%
2022-09-17 12:13:37 : 129,000,000 : 0 : 13,893,950,000 : 55%
2022-09-17 12:35:04 : 129,100,000 : 0 : 13,904,173,850 : 55%
2022-09-17 12:55:32 : 129,200,000 : 0 : 13,914,528,775 : 55%
2022-09-17 13:14:45 : 129,300,000 : 0 : 13,924,752,625 : 55%
2022-09-17 13:33:20 : 129,400,000 : 0 : 13,935,107,550 : 55%
2022-09-17 13:51:15 : 129,500,000 : 0 : 13,945,462,475 : 55%
2022-09-17 14:08:17 : 129,600,000 : 0 : 13,955,686,325 : 55%
2022-09-17 14:24:55 : 129,700,000 : 0 : 13,966,041,250 : 55%
2022-09-17 14:41:13 : 129,800,000 : 0 : 13,976,396,175 : 55%
2022-09-17 14:57:00 : 129,900,000 : 0 : 13,986,751,100 : 55%
2022-09-17 15:12:46 : 130,000,000 : 0 : 13,997,106,025 : 55%
2022-09-17 15:28:07 : 130,100,000 : 0 : 14,007,460,950 : 56%
2022-09-17 15:43:14 : 130,200,000 : 0 : 14,017,815,875 : 56%
2022-09-17 15:58:33 : 130,300,000 : 0 : 14,028,170,800 : 56%
2022-09-17 16:13:47 : 130,400,000 : 0 : 14,038,656,800 : 56%
2022-09-17 16:28:48 : 130,500,000 : 0 : 14,049,011,725 : 56%
2022-09-17 16:43:40 : 130,600,000 : 0 : 14,069,459,425 : 56%
2022-09-17 16:58:34 : 130,700,000 : 0 : 14,079,683,275 : 56%
2022-09-17 17:13:31 : 130,800,000 : 0 : 14,089,907,125 : 56%
2022-09-17 17:28:20 : 130,900,000 : 0 : 14,100,130,975 : 56%
2022-09-17 17:43:14 : 131,000,000 : 0 : 14,110,354,825 : 56%
2022-09-17 17:58:23 : 131,100,000 : 0 : 14,120,578,675 : 56%
2022-09-17 18:13:31 : 131,200,000 : 0 : 14,130,671,450 : 56%
2022-09-17 18:28:41 : 131,300,000 : 0 : 14,140,895,300 : 56%
2022-09-17 18:44:06 : 131,400,000 : 0 : 14,151,119,150 : 56%
2022-09-17 18:59:42 : 131,500,000 : 0 : 14,161,343,000 : 56%
2022-09-17 19:15:09 : 131,600,000 : 0 : 14,171,566,850 : 56%
2022-09-17 19:30:47 : 131,700,000 : 0 : 14,181,659,625 : 56%
2022-09-17 19:46:22 : 131,800,000 : 0 : 14,191,621,325 : 56%
2022-09-17 20:01:54 : 131,900,000 : 0 : 14,201,845,175 : 56%
2022-09-17 20:17:53 : 132,000,000 : 0 : 14,211,937,950 : 56%
2022-09-17 20:33:42 : 132,100,000 : 0 : 14,222,161,800 : 56%
2022-09-17 20:49:37 : 132,200,000 : 0 : 14,232,254,575 : 56%
2022-09-17 21:05:29 : 132,300,000 : 0 : 14,242,347,350 : 56%
2022-09-17 21:21:25 : 132,400,000 : 0 : 14,252,309,050 : 57%
2022-09-17 21:37:20 : 132,500,000 : 0 : 14,262,401,825 : 57%
2022-09-17 21:53:14 : 132,600,000 : 0 : 14,272,363,525 : 57%
2022-09-17 22:09:20 : 132,700,000 : 0 : 14,282,325,225 : 57%
2022-09-17 22:25:40 : 132,800,000 : 0 : 14,302,248,625 : 57%
2022-09-17 22:42:18 : 132,900,000 : 0 : 14,312,210,325 : 57%
2022-09-17 22:59:07 : 133,000,000 : 0 : 14,322,040,950 : 57%
2022-09-17 23:16:23 : 133,100,000 : 0 : 14,332,002,650 : 57%
2022-09-17 23:33:54 : 133,200,000 : 0 : 14,341,833,275 : 57%
2022-09-17 23:51:10 : 133,300,000 : 0 : 14,351,794,975 : 57%
2022-09-18 00:08:40 : 133,400,000 : 0 : 14,361,625,600 : 57%
2022-09-18 00:26:06 : 133,500,000 : 0 : 14,371,456,225 : 57%
2022-09-18 00:43:23 : 133,600,000 : 0 : 14,381,286,850 : 57%
2022-09-18 01:00:43 : 133,700,000 : 0 : 14,391,117,475 : 57%
2022-09-18 01:18:06 : 133,800,000 : 0 : 14,400,817,025 : 57%
2022-09-18 01:35:35 : 133,900,000 : 0 : 14,410,516,575 : 57%
2022-09-18 01:52:46 : 134,000,000 : 0 : 14,420,216,125 : 57%
2022-09-18 02:10:13 : 134,100,000 : 0 : 14,430,046,750 : 57%
2022-09-18 02:28:03 : 134,200,000 : 0 : 14,439,746,300 : 57%
2022-09-18 02:45:57 : 134,300,000 : 0 : 14,449,445,850 : 57%
2022-09-18 03:04:19 : 134,400,000 : 0 : 14,459,145,400 : 57%
2022-09-18 03:23:09 : 134,500,000 : 0 : 14,468,844,950 : 57%
2022-09-18 03:42:43 : 134,600,000 : 0 : 14,478,675,575 : 57%
2022-09-18 04:03:16 : 134,700,000 : 0 : 14,488,637,275 : 57%
2022-09-18 04:24:40 : 134,800,000 : 0 : 14,498,467,900 : 57%
2022-09-18 04:47:02 : 134,900,000 : 0 : 14,508,298,525 : 58%
2022-09-18 05:10:30 : 135,000,000 : 0 : 14,518,129,150 : 58%
2022-09-18 05:34:57 : 135,100,000 : 0 : 14,527,959,775 : 58%
2022-09-18 06:00:50 : 135,200,000 : 0 : 14,547,752,100 : 58%
2022-09-18 06:27:26 : 135,300,000 : 0 : 14,557,713,800 : 58%
2022-09-18 06:54:07 : 135,400,000 : 0 : 14,567,675,500 : 58%
2022-09-18 07:22:40 : 135,500,000 : 0 : 14,577,768,275 : 58%
2022-09-18 07:51:41 : 135,600,000 : 0 : 14,587,598,900 : 58%
2022-09-18 08:21:00 : 135,700,000 : 0 : 14,597,691,675 : 58%
2022-09-18 08:50:34 : 135,800,000 : 0 : 14,607,653,375 : 58%
2022-09-18 09:21:01 : 135,900,000 : 0 : 14,617,615,075 : 58%
2022-09-18 09:51:21 : 136,000,000 : 0 : 14,627,314,625 : 58%
2022-09-18 10:20:08 : 136,100,000 : 0 : 14,636,752,025 : 58%
2022-09-18 10:45:49 : 136,200,000 : 0 : 14,646,058,350 : 58%
2022-09-18 11:09:48 : 136,300,000 : 0 : 14,655,233,600 : 58%
2022-09-18 11:31:29 : 136,400,000 : 0 : 14,664,539,925 : 58%
2022-09-18 11:52:59 : 136,500,000 : 0 : 14,674,108,400 : 58%
2022-09-18 12:13:54 : 136,600,000 : 0 : 14,683,676,875 : 58%
2022-09-18 12:32:38 : 136,700,000 : 0 : 14,693,114,275 : 58%
2022-09-18 12:50:29 : 136,800,000 : 0 : 14,702,551,675 : 58%
2022-09-18 13:07:54 : 136,900,000 : 0 : 14,712,382,300 : 58%
2022-09-18 13:25:40 : 137,000,000 : 0 : 14,722,475,075 : 58%
2022-09-18 13:43:08 : 137,100,000 : 0 : 14,732,436,775 : 58%
2022-09-18 13:59:49 : 137,200,000 : 0 : 14,742,529,550 : 58%
2022-09-18 14:16:10 : 137,300,000 : 0 : 14,752,753,400 : 58%
2022-09-18 14:31:49 : 137,400,000 : 0 : 14,762,715,100 : 59%
2022-09-18 14:47:07 : 137,500,000 : 0 : 14,772,938,950 : 59%
2022-09-18 15:02:36 : 137,600,000 : 0 : 14,783,162,800 : 59%
2022-09-18 15:17:18 : 137,700,000 : 0 : 14,793,386,650 : 59%
2022-09-18 15:31:55 : 137,800,000 : 0 : 14,803,479,425 : 59%
2022-09-18 15:46:39 : 137,900,000 : 0 : 14,813,834,350 : 59%
2022-09-18 16:01:23 : 138,000,000 : 0 : 14,824,058,200 : 59%
2022-09-18 16:15:35 : 138,100,000 : 0 : 14,834,282,050 : 59%
2022-09-18 16:29:51 : 138,200,000 : 0 : 14,854,729,750 : 59%
2022-09-18 16:44:13 : 138,300,000 : 0 : 14,865,084,675 : 59%
2022-09-18 16:58:45 : 138,400,000 : 0 : 14,875,046,375 : 59%
2022-09-18 17:12:36 : 138,500,000 : 0 : 14,885,008,075 : 59%
2022-09-18 17:26:16 : 138,600,000 : 0 : 14,894,838,700 : 59%
2022-09-18 17:39:42 : 138,700,000 : 0 : 14,904,800,400 : 59%
2022-09-18 17:53:01 : 138,800,000 : 0 : 14,914,631,025 : 59%
2022-09-18 18:06:23 : 138,900,000 : 0 : 14,924,461,650 : 59%
2022-09-18 18:19:36 : 139,000,000 : 0 : 14,934,292,275 : 59%
2022-09-18 18:32:53 : 139,100,000 : 0 : 14,944,253,975 : 59%
2022-09-18 18:46:25 : 139,200,000 : 0 : 14,954,084,600 : 59%
2022-09-18 18:59:48 : 139,300,000 : 0 : 14,963,915,225 : 59%
2022-09-18 19:12:56 : 139,400,000 : 0 : 14,973,614,775 : 59%
2022-09-18 19:26:02 : 139,500,000 : 0 : 14,983,183,250 : 59%
2022-09-18 19:39:28 : 139,600,000 : 0 : 14,992,882,800 : 59%
2022-09-18 19:52:23 : 139,700,000 : 0 : 15,002,451,275 : 59%
2022-09-18 20:05:29 : 139,800,000 : 0 : 15,012,019,750 : 60%
2022-09-18 20:18:56 : 139,900,000 : 0 : 15,021,719,300 : 60%
2022-09-18 20:32:25 : 140,000,000 : 0 : 15,031,549,925 : 60%
2022-09-18 20:45:48 : 140,100,000 : 0 : 15,041,249,475 : 60%
2022-09-18 20:59:10 : 140,200,000 : 0 : 15,050,949,025 : 60%
2022-09-18 21:13:02 : 140,300,000 : 0 : 15,060,779,650 : 60%
2022-09-18 21:27:24 : 140,400,000 : 0 : 15,070,610,275 : 60%
2022-09-18 21:41:43 : 140,500,000 : 0 : 15,080,440,900 : 60%
2022-09-18 21:55:58 : 140,600,000 : 0 : 15,090,271,525 : 60%
2022-09-18 22:10:43 : 140,700,000 : 0 : 15,100,102,150 : 60%
2022-09-18 22:25:49 : 140,800,000 : 0 : 15,109,932,775 : 60%
2022-09-18 22:40:49 : 140,900,000 : 0 : 15,129,331,875 : 60%
2022-09-18 22:55:32 : 141,000,000 : 0 : 15,139,162,500 : 60%
2022-09-18 23:11:17 : 141,100,000 : 0 : 15,148,993,125 : 60%
2022-09-18 23:27:20 : 141,200,000 : 0 : 15,158,692,675 : 60%
2022-09-18 23:43:28 : 141,300,000 : 0 : 15,168,654,375 : 60%
2022-09-18 23:59:36 : 141,400,000 : 0 : 15,178,485,000 : 60%
2022-09-19 00:15:51 : 141,500,000 : 0 : 15,188,446,700 : 60%
2022-09-19 00:32:25 : 141,600,000 : 0 : 15,198,408,400 : 60%
2022-09-19 00:48:36 : 141,700,000 : 0 : 15,208,107,950 : 60%
2022-09-19 01:04:38 : 141,800,000 : 0 : 15,217,938,575 : 60%
2022-09-19 01:20:46 : 141,900,000 : 0 : 15,227,769,200 : 60%
2022-09-19 01:37:06 : 142,000,000 : 0 : 15,237,730,900 : 60%
2022-09-19 01:53:30 : 142,100,000 : 0 : 15,247,561,525 : 60%
2022-09-19 02:10:00 : 142,200,000 : 0 : 15,257,392,150 : 60%
2022-09-19 02:26:11 : 142,300,000 : 0 : 15,267,353,850 : 61%
2022-09-19 02:42:56 : 142,400,000 : 0 : 15,277,053,400 : 61%
2022-09-19 02:59:23 : 142,500,000 : 0 : 15,286,884,025 : 61%
2022-09-19 03:16:39 : 142,600,000 : 0 : 15,296,714,650 : 61%
2022-09-19 03:35:04 : 142,700,000 : 0 : 15,306,676,350 : 61%
2022-09-19 03:54:42 : 142,800,000 : 0 : 15,316,638,050 : 61%
2022-09-19 04:15:01 : 142,900,000 : 0 : 15,326,730,825 : 61%
2022-09-19 04:36:20 : 143,000,000 : 0 : 15,336,692,525 : 61%
2022-09-19 04:58:44 : 143,100,000 : 0 : 15,346,654,225 : 61%
2022-09-19 05:22:27 : 143,200,000 : 0 : 15,356,747,000 : 61%
2022-09-19 05:47:55 : 143,300,000 : 0 : 15,366,970,850 : 61%
2022-09-19 06:15:22 : 143,400,000 : 0 : 15,377,325,775 : 61%
2022-09-19 06:44:18 : 143,500,000 : 0 : 15,398,035,625 : 61%
2022-09-19 07:14:31 : 143,600,000 : 0 : 15,408,259,475 : 61%
2022-09-19 07:46:07 : 143,700,000 : 0 : 15,418,614,400 : 61%
2022-09-19 08:17:55 : 143,800,000 : 0 : 15,428,969,325 : 61%
2022-09-19 08:50:14 : 143,900,000 : 0 : 15,439,193,175 : 61%
2022-09-19 09:21:54 : 144,000,000 : 0 : 15,449,548,100 : 61%
2022-09-19 09:53:08 : 144,100,000 : 0 : 15,459,771,950 : 61%
2022-09-19 10:22:19 : 144,200,000 : 0 : 15,469,864,725 : 61%
2022-09-19 10:48:25 : 144,300,000 : 0 : 15,480,088,575 : 61%
2022-09-19 11:12:40 : 144,400,000 : 0 : 15,490,312,425 : 61%
2022-09-19 11:35:43 : 144,500,000 : 0 : 15,500,536,275 : 61%
2022-09-19 11:57:06 : 144,600,000 : 0 : 15,510,891,200 : 61%
2022-09-19 12:17:07 : 144,700,000 : 0 : 15,521,246,125 : 62%
2022-09-19 12:36:22 : 144,800,000 : 0 : 15,531,732,125 : 62%
2022-09-19 12:54:55 : 144,900,000 : 0 : 15,542,087,050 : 62%
2022-09-19 13:12:22 : 145,000,000 : 0 : 15,552,704,125 : 62%
2022-09-19 13:29:10 : 145,100,000 : 0 : 15,563,190,125 : 62%
2022-09-19 13:45:35 : 145,200,000 : 0 : 15,573,807,200 : 62%
2022-09-19 14:01:28 : 145,300,000 : 0 : 15,584,424,275 : 62%
2022-09-19 14:17:06 : 145,400,000 : 0 : 15,595,041,350 : 62%
2022-09-19 14:32:26 : 145,500,000 : 0 : 15,605,658,425 : 62%
2022-09-19 14:47:18 : 145,600,000 : 0 : 15,616,406,575 : 62%
2022-09-19 15:02:06 : 145,700,000 : 0 : 15,637,771,800 : 62%
2022-09-19 15:17:02 : 145,800,000 : 0 : 15,648,388,875 : 62%
2022-09-19 15:31:38 : 145,900,000 : 0 : 15,659,137,025 : 62%
2022-09-19 15:46:04 : 146,000,000 : 0 : 15,669,754,100 : 62%
2022-09-19 16:00:31 : 146,100,000 : 0 : 15,680,371,175 : 62%
2022-09-19 16:14:59 : 146,200,000 : 0 : 15,691,119,325 : 62%
2022-09-19 16:29:12 : 146,300,000 : 0 : 15,701,736,400 : 62%
2022-09-19 16:43:24 : 146,400,000 : 0 : 15,712,353,475 : 62%
2022-09-19 16:57:26 : 146,500,000 : 0 : 15,722,970,550 : 62%
2022-09-19 17:11:26 : 146,600,000 : 0 : 15,733,587,625 : 62%
2022-09-19 17:25:26 : 146,700,000 : 0 : 15,744,204,700 : 62%
2022-09-19 17:39:39 : 146,800,000 : 0 : 15,754,952,850 : 62%
2022-09-19 17:53:55 : 146,900,000 : 0 : 15,765,569,925 : 63%
2022-09-19 18:08:13 : 147,000,000 : 0 : 15,776,187,000 : 63%
2022-09-19 18:22:32 : 147,100,000 : 0 : 15,786,804,075 : 63%
2022-09-19 18:36:42 : 147,200,000 : 0 : 15,797,421,150 : 63%
2022-09-19 18:50:51 : 147,300,000 : 0 : 15,808,038,225 : 63%
2022-09-19 19:05:30 : 147,400,000 : 0 : 15,818,524,225 : 63%
2022-09-19 19:20:38 : 147,500,000 : 0 : 15,829,010,225 : 63%
2022-09-19 19:35:59 : 147,600,000 : 0 : 15,850,113,300 : 63%
2022-09-19 19:51:30 : 147,700,000 : 0 : 15,860,730,375 : 63%
2022-09-19 20:07:04 : 147,800,000 : 0 : 15,871,216,375 : 63%
2022-09-19 20:22:46 : 147,900,000 : 0 : 15,881,702,375 : 63%
2022-09-19 20:38:36 : 148,000,000 : 0 : 15,892,319,450 : 63%
2022-09-19 20:53:51 : 148,100,000 : 0 : 15,902,674,375 : 63%
2022-09-19 21:08:51 : 148,200,000 : 0 : 15,913,160,375 : 63%
2022-09-19 21:24:09 : 148,300,000 : 0 : 15,923,777,450 : 63%
2022-09-19 21:39:52 : 148,400,000 : 0 : 15,934,263,450 : 63%
2022-09-19 21:55:45 : 148,500,000 : 0 : 15,944,749,450 : 63%
2022-09-19 22:11:49 : 148,600,000 : 0 : 15,955,235,450 : 63%
2022-09-19 22:28:11 : 148,700,000 : 0 : 15,965,721,450 : 63%
2022-09-19 22:44:58 : 148,800,000 : 0 : 15,976,076,375 : 63%
2022-09-19 23:01:54 : 148,900,000 : 0 : 15,986,562,375 : 63%
2022-09-19 23:19:07 : 149,000,000 : 0 : 15,996,917,300 : 63%
2022-09-19 23:36:27 : 149,100,000 : 0 : 16,007,141,150 : 63%
2022-09-19 23:53:51 : 149,200,000 : 0 : 16,017,496,075 : 64%
2022-09-20 00:11:28 : 149,300,000 : 0 : 16,027,588,850 : 64%
2022-09-20 00:28:35 : 149,400,000 : 0 : 16,037,681,625 : 64%
2022-09-20 00:45:41 : 149,500,000 : 0 : 16,047,512,250 : 64%
2022-09-20 01:02:43 : 149,600,000 : 0 : 16,057,473,950 : 64%
2022-09-20 01:19:50 : 149,700,000 : 0 : 16,077,135,200 : 64%
2022-09-20 01:37:04 : 149,800,000 : 0 : 16,086,834,750 : 64%
2022-09-20 01:53:45 : 149,900,000 : 0 : 16,096,665,375 : 64%
2022-09-20 02:10:56 : 150,000,000 : 0 : 16,106,364,925 : 64%
2022-09-20 02:28:36 : 150,100,000 : 0 : 16,116,195,550 : 64%
2022-09-20 02:46:33 : 150,200,000 : 0 : 16,126,026,175 : 64%
2022-09-20 03:05:00 : 150,300,000 : 0 : 16,135,856,800 : 64%
2022-09-20 03:24:51 : 150,400,000 : 0 : 16,145,949,575 : 64%
2022-09-20 03:45:58 : 150,500,000 : 0 : 16,156,042,350 : 64%
2022-09-20 04:08:21 : 150,600,000 : 0 : 16,166,135,125 : 64%
2022-09-20 04:32:13 : 150,700,000 : 0 : 16,176,490,050 : 64%
2022-09-20 04:57:22 : 150,800,000 : 0 : 16,186,713,900 : 64%
2022-09-20 05:23:35 : 150,900,000 : 0 : 16,197,068,825 : 64%
2022-09-20 05:50:39 : 151,000,000 : 0 : 16,207,423,750 : 64%
2022-09-20 06:19:29 : 151,100,000 : 0 : 16,217,778,675 : 64%
2022-09-20 06:48:45 : 151,200,000 : 0 : 16,228,133,600 : 64%
2022-09-20 07:19:27 : 151,300,000 : 0 : 16,238,488,525 : 64%
2022-09-20 07:51:51 : 151,400,000 : 0 : 16,249,105,600 : 64%
2022-09-20 08:25:52 : 151,500,000 : 0 : 16,259,460,525 : 64%
2022-09-20 08:59:56 : 151,600,000 : 0 : 16,269,946,525 : 65%
2022-09-20 09:33:01 : 151,700,000 : 0 : 16,280,301,450 : 65%
2022-09-20 10:04:11 : 151,800,000 : 0 : 16,290,656,375 : 65%
2022-09-20 10:33:45 : 151,900,000 : 0 : 16,311,366,225 : 65%
2022-09-20 11:00:14 : 152,000,000 : 0 : 16,321,852,225 : 65%
2022-09-20 11:24:40 : 152,100,000 : 0 : 16,332,338,225 : 65%
2022-09-20 11:47:00 : 152,200,000 : 0 : 16,342,824,225 : 65%
2022-09-20 12:07:57 : 152,300,000 : 0 : 16,353,310,225 : 65%
2022-09-20 12:27:53 : 152,400,000 : 0 : 16,363,927,300 : 65%
2022-09-20 12:46:53 : 152,500,000 : 0 : 16,374,544,375 : 65%
2022-09-20 13:04:39 : 152,600,000 : 0 : 16,385,161,450 : 65%
2022-09-20 13:21:34 : 152,700,000 : 0 : 16,395,647,450 : 65%
2022-09-20 13:38:01 : 152,800,000 : 0 : 16,406,395,600 : 65%
2022-09-20 13:53:55 : 152,900,000 : 0 : 16,417,012,675 : 65%
2022-09-20 14:09:23 : 153,000,000 : 0 : 16,427,760,825 : 65%
2022-09-20 14:24:40 : 153,100,000 : 0 : 16,438,508,975 : 65%
2022-09-20 14:39:31 : 153,200,000 : 0 : 16,449,126,050 : 65%
2022-09-20 14:53:59 : 153,300,000 : 0 : 16,459,874,200 : 65%
2022-09-20 15:08:32 : 153,400,000 : 0 : 16,470,622,350 : 65%
2022-09-20 15:22:55 : 153,500,000 : 0 : 16,481,370,500 : 65%
2022-09-20 15:37:18 : 153,600,000 : 0 : 16,492,118,650 : 65%
2022-09-20 15:50:58 : 153,700,000 : 0 : 16,502,604,650 : 65%
2022-09-20 16:05:00 : 153,800,000 : 0 : 16,513,352,800 : 65%
2022-09-20 16:19:01 : 153,900,000 : 0 : 16,534,718,025 : 66%
2022-09-20 16:32:46 : 154,000,000 : 0 : 16,545,335,100 : 66%
2022-09-20 16:46:22 : 154,100,000 : 0 : 16,555,952,175 : 66%
2022-09-20 16:59:54 : 154,200,000 : 0 : 16,566,569,250 : 66%
2022-09-20 17:13:35 : 154,300,000 : 0 : 16,577,186,325 : 66%
2022-09-20 17:27:20 : 154,400,000 : 0 : 16,587,934,475 : 66%
2022-09-20 17:41:06 : 154,500,000 : 0 : 16,598,551,550 : 66%
2022-09-20 17:54:43 : 154,600,000 : 0 : 16,609,168,625 : 66%
2022-09-20 18:08:46 : 154,700,000 : 0 : 16,619,916,775 : 66%
2022-09-20 18:23:05 : 154,800,000 : 0 : 16,630,533,850 : 66%
2022-09-20 18:37:34 : 154,900,000 : 0 : 16,641,282,000 : 66%
2022-09-20 18:51:58 : 155,000,000 : 0 : 16,652,030,150 : 66%
2022-09-20 19:06:15 : 155,100,000 : 0 : 16,662,516,150 : 66%
2022-09-20 19:20:26 : 155,200,000 : 0 : 16,673,133,225 : 66%
2022-09-20 19:34:19 : 155,300,000 : 0 : 16,683,619,225 : 66%
2022-09-20 19:48:15 : 155,400,000 : 0 : 16,694,236,300 : 66%
2022-09-20 20:02:14 : 155,500,000 : 0 : 16,704,853,375 : 66%
2022-09-20 20:16:21 : 155,600,000 : 0 : 16,715,470,450 : 66%
2022-09-20 20:30:20 : 155,700,000 : 0 : 16,725,956,450 : 66%
2022-09-20 20:44:24 : 155,800,000 : 0 : 16,736,573,525 : 66%
2022-09-20 20:58:30 : 155,900,000 : 0 : 16,757,676,600 : 66%
2022-09-20 21:13:05 : 156,000,000 : 0 : 16,768,293,675 : 66%
2022-09-20 21:28:02 : 156,100,000 : 0 : 16,778,779,675 : 67%
2022-09-20 21:42:58 : 156,200,000 : 0 : 16,789,265,675 : 67%
2022-09-20 21:58:12 : 156,300,000 : 0 : 16,799,882,750 : 67%
2022-09-20 22:13:51 : 156,400,000 : 0 : 16,810,368,750 : 67%
2022-09-20 22:29:35 : 156,500,000 : 0 : 16,820,723,675 : 67%
2022-09-20 22:45:18 : 156,600,000 : 0 : 16,831,209,675 : 67%
2022-09-20 23:01:19 : 156,700,000 : 0 : 16,841,564,600 : 67%
2022-09-20 23:17:38 : 156,800,000 : 0 : 16,851,919,525 : 67%
2022-09-20 23:33:48 : 156,900,000 : 0 : 16,862,274,450 : 67%
2022-09-20 23:50:24 : 157,000,000 : 0 : 16,872,629,375 : 67%
2022-09-21 00:07:18 : 157,100,000 : 0 : 16,882,853,225 : 67%
2022-09-21 00:24:16 : 157,200,000 : 0 : 16,893,077,075 : 67%
2022-09-21 00:41:08 : 157,300,000 : 0 : 16,903,169,850 : 67%
2022-09-21 00:58:05 : 157,400,000 : 0 : 16,913,262,625 : 67%
2022-09-21 01:14:48 : 157,500,000 : 0 : 16,923,355,400 : 67%
2022-09-21 01:31:24 : 157,600,000 : 0 : 16,933,317,100 : 67%
2022-09-21 01:48:20 : 157,700,000 : 0 : 16,943,409,875 : 67%
2022-09-21 02:05:20 : 157,800,000 : 0 : 16,953,633,725 : 67%
2022-09-21 02:22:15 : 157,900,000 : 0 : 16,963,726,500 : 67%
2022-09-21 02:39:17 : 158,000,000 : 0 : 16,983,912,050 : 67%
2022-09-21 02:56:28 : 158,100,000 : 0 : 16,994,135,900 : 67%
2022-09-21 03:14:15 : 158,200,000 : 0 : 17,004,228,675 : 67%
2022-09-21 03:32:42 : 158,300,000 : 0 : 17,014,452,525 : 67%
2022-09-21 03:51:49 : 158,400,000 : 0 : 17,024,545,300 : 67%
2022-09-21 04:11:40 : 158,500,000 : 0 : 17,034,638,075 : 68%
2022-09-21 04:32:20 : 158,600,000 : 0 : 17,044,861,925 : 68%
2022-09-21 04:54:11 : 158,700,000 : 0 : 17,054,954,700 : 68%
2022-09-21 05:16:49 : 158,800,000 : 0 : 17,065,178,550 : 68%
2022-09-21 05:40:48 : 158,900,000 : 0 : 17,075,271,325 : 68%
2022-09-21 06:06:43 : 159,000,000 : 0 : 17,085,495,175 : 68%
2022-09-21 06:32:37 : 159,100,000 : 0 : 17,095,587,950 : 68%
2022-09-21 07:00:05 : 159,200,000 : 0 : 17,105,811,800 : 68%
2022-09-21 07:28:27 : 159,300,000 : 0 : 17,116,035,650 : 68%
2022-09-21 07:58:47 : 159,400,000 : 0 : 17,126,521,650 : 68%
2022-09-21 08:29:01 : 159,500,000 : 0 : 17,136,745,500 : 68%
2022-09-21 09:00:59 : 159,600,000 : 0 : 17,147,100,425 : 68%
2022-09-21 09:31:11 : 159,700,000 : 0 : 17,157,455,350 : 68%
2022-09-21 10:01:12 : 159,800,000 : 0 : 17,167,810,275 : 68%
Decoding error with 134,217,728 bytes, reading another chunk
2022-09-21 10:28:56 : 159,900,000 : 0 : 17,188,257,975 : 68%
2022-09-21 10:54:39 : 160,000,000 : 0 : 17,188,257,975 : 68%
2022-09-21 11:18:20 : 160,100,000 : 0 : 17,198,612,900 : 68%
2022-09-21 11:40:10 : 160,200,000 : 0 : 17,208,967,825 : 68%
2022-09-21 12:01:03 : 160,300,000 : 0 : 17,219,453,825 : 68%
2022-09-21 12:20:33 : 160,400,000 : 0 : 17,240,425,825 : 68%
2022-09-21 12:38:46 : 160,500,000 : 0 : 17,250,911,825 : 68%
2022-09-21 12:56:19 : 160,600,000 : 0 : 17,261,659,975 : 68%
2022-09-21 13:13:26 : 160,700,000 : 0 : 17,272,145,975 : 68%
2022-09-21 13:29:43 : 160,800,000 : 0 : 17,282,763,050 : 69%
2022-09-21 13:45:31 : 160,900,000 : 0 : 17,293,511,200 : 69%
2022-09-21 14:00:50 : 161,000,000 : 0 : 17,304,128,275 : 69%
2022-09-21 14:15:58 : 161,100,000 : 0 : 17,314,745,350 : 69%
2022-09-21 14:30:24 : 161,200,000 : 0 : 17,325,362,425 : 69%
2022-09-21 14:44:35 : 161,300,000 : 0 : 17,335,979,500 : 69%
2022-09-21 14:58:43 : 161,400,000 : 0 : 17,346,727,650 : 69%
2022-09-21 15:12:49 : 161,500,000 : 0 : 17,357,344,725 : 69%
2022-09-21 15:26:28 : 161,600,000 : 0 : 17,367,961,800 : 69%
2022-09-21 15:40:16 : 161,700,000 : 0 : 17,378,578,875 : 69%
2022-09-21 15:54:00 : 161,800,000 : 0 : 17,389,327,025 : 69%
2022-09-21 16:07:40 : 161,900,000 : 0 : 17,400,075,175 : 69%
2022-09-21 16:21:21 : 162,000,000 : 0 : 17,410,692,250 : 69%
2022-09-21 16:34:53 : 162,100,000 : 0 : 17,421,309,325 : 69%
2022-09-21 16:48:17 : 162,200,000 : 0 : 17,431,926,400 : 69%
2022-09-21 17:01:44 : 162,300,000 : 0 : 17,442,674,550 : 69%
2022-09-21 17:15:35 : 162,400,000 : 0 : 17,453,291,625 : 69%
2022-09-21 17:29:05 : 162,500,000 : 0 : 17,474,394,700 : 69%
2022-09-21 17:42:43 : 162,600,000 : 0 : 17,485,011,775 : 69%
2022-09-21 17:56:25 : 162,700,000 : 0 : 17,495,628,850 : 69%
2022-09-21 18:10:03 : 162,800,000 : 0 : 17,505,983,775 : 69%
2022-09-21 18:23:29 : 162,900,000 : 0 : 17,516,469,775 : 69%
2022-09-21 18:36:48 : 163,000,000 : 0 : 17,526,955,775 : 69%
2022-09-21 18:50:19 : 163,100,000 : 0 : 17,537,572,850 : 70%
2022-09-21 19:04:05 : 163,200,000 : 0 : 17,548,058,850 : 70%
2022-09-21 19:17:50 : 163,300,000 : 0 : 17,558,675,925 : 70%
2022-09-21 19:31:32 : 163,400,000 : 0 : 17,569,161,925 : 70%
2022-09-21 19:45:26 : 163,500,000 : 0 : 17,579,647,925 : 70%
2022-09-21 19:59:16 : 163,600,000 : 0 : 17,590,265,000 : 70%
2022-09-21 20:13:05 : 163,700,000 : 0 : 17,600,619,925 : 70%
2022-09-21 20:26:48 : 163,800,000 : 0 : 17,611,105,925 : 70%
2022-09-21 20:40:36 : 163,900,000 : 0 : 17,621,591,925 : 70%
2022-09-21 20:54:51 : 164,000,000 : 0 : 17,632,077,925 : 70%
2022-09-21 21:09:33 : 164,100,000 : 0 : 17,642,563,925 : 70%
2022-09-21 21:24:27 : 164,200,000 : 0 : 17,653,049,925 : 70%
2022-09-21 21:39:23 : 164,300,000 : 0 : 17,663,404,850 : 70%
2022-09-21 21:54:19 : 164,400,000 : 0 : 17,673,890,850 : 70%
2022-09-21 22:09:38 : 164,500,000 : 0 : 17,684,376,850 : 70%
2022-09-21 22:25:03 : 164,600,000 : 0 : 17,705,086,700 : 70%
2022-09-21 22:40:33 : 164,700,000 : 0 : 17,715,441,625 : 70%
2022-09-21 22:56:23 : 164,800,000 : 0 : 17,725,796,550 : 70%
2022-09-21 23:12:30 : 164,900,000 : 0 : 17,736,151,475 : 70%
2022-09-21 23:28:43 : 165,000,000 : 0 : 17,746,244,250 : 70%
2022-09-21 23:44:55 : 165,100,000 : 0 : 17,756,599,175 : 70%
2022-09-22 00:01:29 : 165,200,000 : 0 : 17,766,691,950 : 70%
2022-09-22 00:17:59 : 165,300,000 : 0 : 17,776,784,725 : 70%
2022-09-22 00:33:54 : 165,400,000 : 0 : 17,786,877,500 : 71%
2022-09-22 00:49:57 : 165,500,000 : 0 : 17,796,970,275 : 71%
2022-09-22 01:06:05 : 165,600,000 : 0 : 17,807,063,050 : 71%
2022-09-22 01:22:17 : 165,700,000 : 0 : 17,817,024,750 : 71%
2022-09-22 01:38:10 : 165,800,000 : 0 : 17,827,117,525 : 71%
2022-09-22 01:54:06 : 165,900,000 : 0 : 17,837,210,300 : 71%
2022-09-22 02:10:15 : 166,000,000 : 0 : 17,847,303,075 : 71%
2022-09-22 02:27:10 : 166,100,000 : 0 : 17,857,395,850 : 71%
2022-09-22 02:44:19 : 166,200,000 : 0 : 17,867,488,625 : 71%
2022-09-22 03:01:40 : 166,300,000 : 0 : 17,877,581,400 : 71%
2022-09-22 03:19:34 : 166,400,000 : 0 : 17,887,674,175 : 71%
2022-09-22 03:38:00 : 166,500,000 : 0 : 17,897,898,025 : 71%
2022-09-22 03:57:15 : 166,600,000 : 0 : 17,907,990,800 : 71%
2022-09-22 04:17:48 : 166,700,000 : 0 : 17,918,083,575 : 71%
2022-09-22 04:39:39 : 166,800,000 : 0 : 17,928,438,500 : 71%
2022-09-22 05:03:04 : 166,900,000 : 0 : 17,938,662,350 : 71%
2022-09-22 05:27:27 : 167,000,000 : 0 : 17,959,241,125 : 71%
2022-09-22 05:52:57 : 167,100,000 : 0 : 17,969,596,050 : 71%
2022-09-22 06:20:06 : 167,200,000 : 0 : 17,980,082,050 : 71%
2022-09-22 06:48:09 : 167,300,000 : 0 : 17,990,436,975 : 71%
2022-09-22 07:17:32 : 167,400,000 : 0 : 18,000,922,975 : 71%
2022-09-22 07:48:26 : 167,500,000 : 0 : 18,011,408,975 : 71%
2022-09-22 08:20:31 : 167,600,000 : 0 : 18,021,894,975 : 71%
2022-09-22 08:53:02 : 167,700,000 : 0 : 18,032,380,975 : 71%
2022-09-22 09:25:09 : 167,800,000 : 0 : 18,042,866,975 : 72%
2022-09-22 09:55:46 : 167,900,000 : 0 : 18,053,221,900 : 72%
2022-09-22 10:24:47 : 168,000,000 : 0 : 18,063,707,900 : 72%
2022-09-22 10:51:21 : 168,100,000 : 0 : 18,074,062,825 : 72%
2022-09-22 11:15:33 : 168,200,000 : 0 : 18,084,417,750 : 72%
2022-09-22 11:37:54 : 168,300,000 : 0 : 18,095,034,825 : 72%
2022-09-22 11:58:57 : 168,400,000 : 0 : 18,105,520,825 : 72%
2022-09-22 12:18:49 : 168,500,000 : 0 : 18,115,875,750 : 72%
2022-09-22 12:37:11 : 168,600,000 : 0 : 18,126,492,825 : 72%
2022-09-22 12:55:05 : 168,700,000 : 0 : 18,137,109,900 : 72%
2022-09-22 13:12:17 : 168,800,000 : 0 : 18,147,858,050 : 72%
2022-09-22 13:28:48 : 168,900,000 : 0 : 18,158,475,125 : 72%
2022-09-22 13:44:42 : 169,000,000 : 0 : 18,169,223,275 : 72%
2022-09-22 14:00:12 : 169,100,000 : 0 : 18,190,719,575 : 72%
2022-09-22 14:15:15 : 169,200,000 : 0 : 18,201,336,650 : 72%
2022-09-22 14:29:51 : 169,300,000 : 0 : 18,212,084,800 : 72%
2022-09-22 14:44:16 : 169,400,000 : 0 : 18,222,832,950 : 72%
2022-09-22 14:58:27 : 169,500,000 : 0 : 18,233,581,100 : 72%
2022-09-22 15:12:41 : 169,600,000 : 0 : 18,244,329,250 : 72%
2022-09-22 15:26:43 : 169,700,000 : 0 : 18,255,208,475 : 72%
2022-09-22 15:40:44 : 169,800,000 : 0 : 18,265,956,625 : 72%
2022-09-22 15:54:23 : 169,900,000 : 0 : 18,276,704,775 : 72%
2022-09-22 16:08:19 : 170,000,000 : 0 : 18,287,584,000 : 73%
2022-09-22 16:22:09 : 170,100,000 : 0 : 18,298,201,075 : 73%
2022-09-22 16:35:48 : 170,200,000 : 0 : 18,309,080,300 : 73%
2022-09-22 16:49:12 : 170,300,000 : 0 : 18,319,697,375 : 73%
2022-09-22 17:02:39 : 170,400,000 : 0 : 18,330,445,525 : 73%
2022-09-22 17:16:19 : 170,500,000 : 0 : 18,341,193,675 : 73%
2022-09-22 17:29:58 : 170,600,000 : 0 : 18,351,941,825 : 73%
2022-09-22 17:43:43 : 170,700,000 : 0 : 18,362,689,975 : 73%
2022-09-22 17:57:28 : 170,800,000 : 0 : 18,373,438,125 : 73%
2022-09-22 18:11:10 : 170,900,000 : 0 : 18,383,924,125 : 73%
2022-09-22 18:24:54 : 171,000,000 : 0 : 18,394,410,125 : 73%
2022-09-22 18:38:25 : 171,100,000 : 0 : 18,415,513,200 : 73%
2022-09-22 18:52:12 : 171,200,000 : 0 : 18,425,999,200 : 73%
2022-09-22 19:06:09 : 171,300,000 : 0 : 18,436,616,275 : 73%
2022-09-22 19:20:18 : 171,400,000 : 0 : 18,447,102,275 : 73%
2022-09-22 19:34:19 : 171,500,000 : 0 : 18,457,588,275 : 73%
2022-09-22 19:48:15 : 171,600,000 : 0 : 18,468,205,350 : 73%
2022-09-22 20:02:14 : 171,700,000 : 0 : 18,478,691,350 : 73%
2022-09-22 20:16:29 : 171,800,000 : 0 : 18,489,177,350 : 73%
2022-09-22 20:30:54 : 171,900,000 : 0 : 18,499,663,350 : 73%
2022-09-22 20:45:15 : 172,000,000 : 0 : 18,510,280,425 : 73%
2022-09-22 20:59:42 : 172,100,000 : 0 : 18,520,635,350 : 73%
2022-09-22 21:14:42 : 172,200,000 : 0 : 18,531,121,350 : 73%
2022-09-22 21:30:11 : 172,300,000 : 0 : 18,541,607,350 : 74%
2022-09-22 21:45:55 : 172,400,000 : 0 : 18,552,093,350 : 74%
2022-09-22 22:01:59 : 172,500,000 : 0 : 18,562,579,350 : 74%
2022-09-22 22:18:43 : 172,600,000 : 0 : 18,572,934,275 : 74%
2022-09-22 22:35:41 : 172,700,000 : 0 : 18,583,289,200 : 74%
2022-09-22 22:53:06 : 172,800,000 : 0 : 18,593,513,050 : 74%
2022-09-22 23:11:04 : 172,900,000 : 0 : 18,603,736,900 : 74%
2022-09-22 23:29:04 : 173,000,000 : 0 : 18,613,960,750 : 74%
2022-09-22 23:47:13 : 173,100,000 : 0 : 18,624,053,525 : 74%
2022-09-23 00:05:35 : 173,200,000 : 0 : 18,634,146,300 : 74%
2022-09-23 00:23:45 : 173,300,000 : 0 : 18,654,069,700 : 74%
2022-09-23 00:41:42 : 173,400,000 : 0 : 18,663,900,325 : 74%
2022-09-23 00:59:21 : 173,500,000 : 0 : 18,673,730,950 : 74%
2022-09-23 01:17:02 : 173,600,000 : 0 : 18,683,692,650 : 74%
2022-09-23 01:34:43 : 173,700,000 : 0 : 18,693,523,275 : 74%
2022-09-23 01:52:33 : 173,800,000 : 0 : 18,703,353,900 : 74%
2022-09-23 02:10:34 : 173,900,000 : 0 : 18,713,184,525 : 74%
2022-09-23 02:29:09 : 174,000,000 : 0 : 18,723,015,150 : 74%
2022-09-23 02:47:47 : 174,100,000 : 0 : 18,732,845,775 : 74%
2022-09-23 03:07:20 : 174,200,000 : 0 : 18,742,676,400 : 74%
2022-09-23 03:27:54 : 174,300,000 : 0 : 18,752,638,100 : 74%
2022-09-23 03:49:34 : 174,400,000 : 0 : 18,762,730,875 : 74%
2022-09-23 04:13:10 : 174,500,000 : 0 : 18,772,692,575 : 74%
2022-09-23 04:38:00 : 174,600,000 : 0 : 18,782,785,350 : 74%
2022-09-23 05:03:54 : 174,700,000 : 0 : 18,792,878,125 : 75%
2022-09-23 05:30:52 : 174,800,000 : 0 : 18,802,970,900 : 75%
2022-09-23 05:59:40 : 174,900,000 : 0 : 18,813,194,750 : 75%
2022-09-23 06:29:47 : 175,000,000 : 0 : 18,823,418,600 : 75%
2022-09-23 07:00:50 : 175,100,000 : 0 : 18,833,642,450 : 75%
2022-09-23 07:34:21 : 175,200,000 : 0 : 18,843,997,375 : 75%
2022-09-23 08:09:12 : 175,300,000 : 0 : 18,854,352,300 : 75%
2022-09-23 08:45:06 : 175,400,000 : 0 : 18,864,707,225 : 75%
2022-09-23 09:20:24 : 175,500,000 : 0 : 18,875,062,150 : 75%
2022-09-23 09:54:36 : 175,600,000 : 0 : 18,895,378,775 : 75%
2022-09-23 10:26:41 : 175,700,000 : 0 : 18,905,602,625 : 75%
2022-09-23 10:56:06 : 175,800,000 : 0 : 18,915,695,400 : 75%
2022-09-23 11:22:33 : 175,900,000 : 0 : 18,925,919,250 : 75%
2022-09-23 11:47:06 : 176,000,000 : 0 : 18,936,274,175 : 75%
2022-09-23 12:10:14 : 176,100,000 : 0 : 18,946,629,100 : 75%
2022-09-23 12:32:37 : 176,200,000 : 0 : 18,956,984,025 : 75%
2022-09-23 12:53:13 : 176,300,000 : 0 : 18,967,470,025 : 75%
2022-09-23 13:12:51 : 176,400,000 : 0 : 18,977,956,025 : 75%
2022-09-23 13:31:29 : 176,500,000 : 0 : 18,988,310,950 : 75%
2022-09-23 13:49:35 : 176,600,000 : 0 : 18,998,796,950 : 75%
2022-09-23 14:07:09 : 176,700,000 : 0 : 19,009,282,950 : 75%
2022-09-23 14:24:35 : 176,800,000 : 0 : 19,019,900,025 : 75%
2022-09-23 14:41:46 : 176,900,000 : 0 : 19,030,517,100 : 75%
2022-09-23 14:58:45 : 177,000,000 : 0 : 19,041,134,175 : 75%
2022-09-23 15:15:42 : 177,100,000 : 0 : 19,051,751,250 : 76%
2022-09-23 15:32:16 : 177,200,000 : 0 : 19,062,368,325 : 76%
2022-09-23 15:48:40 : 177,300,000 : 0 : 19,072,985,400 : 76%
2022-09-23 16:05:04 : 177,400,000 : 0 : 19,083,602,475 : 76%
2022-09-23 16:21:29 : 177,500,000 : 0 : 19,094,219,550 : 76%
2022-09-23 16:37:36 : 177,600,000 : 0 : 19,115,322,625 : 76%
2022-09-23 16:53:29 : 177,700,000 : 0 : 19,125,808,625 : 76%
2022-09-23 17:09:42 : 177,800,000 : 0 : 19,136,294,625 : 76%
2022-09-23 17:25:42 : 177,900,000 : 0 : 19,146,780,625 : 76%
2022-09-23 17:41:33 : 178,000,000 : 0 : 19,157,266,625 : 76%
2022-09-23 17:57:37 : 178,100,000 : 0 : 19,167,883,700 : 76%
2022-09-23 18:13:57 : 178,200,000 : 0 : 19,178,369,700 : 76%
2022-09-23 18:29:59 : 178,300,000 : 0 : 19,188,724,625 : 76%
2022-09-23 18:46:18 : 178,400,000 : 0 : 19,199,210,625 : 76%
2022-09-23 19:02:38 : 178,500,000 : 0 : 19,209,565,550 : 76%
2022-09-23 19:19:00 : 178,600,000 : 0 : 19,219,920,475 : 76%
2022-09-23 19:35:13 : 178,700,000 : 0 : 19,230,406,475 : 76%
2022-09-23 19:51:39 : 178,800,000 : 0 : 19,240,761,400 : 76%
2022-09-23 20:08:20 : 178,900,000 : 0 : 19,251,247,400 : 76%
2022-09-23 20:24:37 : 179,000,000 : 0 : 19,261,602,325 : 76%
2022-09-23 20:40:41 : 179,100,000 : 0 : 19,271,826,175 : 76%
2022-09-23 20:56:34 : 179,200,000 : 0 : 19,282,312,175 : 76%
2022-09-23 21:12:51 : 179,300,000 : 0 : 19,292,667,100 : 76%
2022-09-23 21:29:15 : 179,400,000 : 0 : 19,303,022,025 : 77%
2022-09-23 21:45:32 : 179,500,000 : 0 : 19,313,245,875 : 77%
2022-09-23 22:02:04 : 179,600,000 : 0 : 19,323,469,725 : 77%
2022-09-23 22:19:12 : 179,700,000 : 0 : 19,344,179,575 : 77%
2022-09-23 22:36:30 : 179,800,000 : 0 : 19,354,403,425 : 77%
2022-09-23 22:53:59 : 179,900,000 : 0 : 19,364,627,275 : 77%
2022-09-23 23:11:47 : 180,000,000 : 0 : 19,374,851,125 : 77%
2022-09-23 23:29:39 : 180,100,000 : 0 : 19,384,943,900 : 77%
2022-09-23 23:48:03 : 180,200,000 : 0 : 19,395,036,675 : 77%
2022-09-24 00:06:52 : 180,300,000 : 0 : 19,405,129,450 : 77%
2022-09-24 00:25:25 : 180,400,000 : 0 : 19,415,222,225 : 77%
2022-09-24 00:44:01 : 180,500,000 : 0 : 19,425,052,850 : 77%
2022-09-24 01:02:18 : 180,600,000 : 0 : 19,434,883,475 : 77%
2022-09-24 01:20:59 : 180,700,000 : 0 : 19,444,714,100 : 77%
2022-09-24 01:40:01 : 180,800,000 : 0 : 19,454,675,800 : 77%
2022-09-24 01:59:08 : 180,900,000 : 0 : 19,464,506,425 : 77%
2022-09-24 02:18:32 : 181,000,000 : 0 : 19,474,468,125 : 77%
2022-09-24 02:38:00 : 181,100,000 : 0 : 19,484,298,750 : 77%
2022-09-24 02:58:20 : 181,200,000 : 0 : 19,494,260,450 : 77%
2022-09-24 03:19:26 : 181,300,000 : 0 : 19,504,091,075 : 77%
2022-09-24 03:40:30 : 181,400,000 : 0 : 19,513,921,700 : 77%
2022-09-24 04:02:33 : 181,500,000 : 0 : 19,523,883,400 : 77%
2022-09-24 04:26:02 : 181,600,000 : 0 : 19,533,845,100 : 77%
2022-09-24 04:50:59 : 181,700,000 : 0 : 19,543,937,875 : 77%
2022-09-24 05:16:30 : 181,800,000 : 0 : 19,553,899,575 : 78%
2022-09-24 05:43:26 : 181,900,000 : 0 : 19,563,861,275 : 78%
2022-09-24 06:11:50 : 182,000,000 : 0 : 19,573,954,050 : 78%
2022-09-24 06:40:41 : 182,100,000 : 0 : 19,583,915,750 : 78%
2022-09-24 07:10:09 : 182,200,000 : 0 : 19,604,101,300 : 78%
2022-09-24 07:40:56 : 182,300,000 : 0 : 19,614,194,075 : 78%
2022-09-24 08:12:26 : 182,400,000 : 0 : 19,624,417,925 : 78%
2022-09-24 08:44:28 : 182,500,000 : 0 : 19,634,510,700 : 78%
2022-09-24 09:17:31 : 182,600,000 : 0 : 19,644,734,550 : 78%
2022-09-24 09:50:03 : 182,700,000 : 0 : 19,654,827,325 : 78%
2022-09-24 10:22:10 : 182,800,000 : 0 : 19,664,920,100 : 78%
2022-09-24 10:52:33 : 182,900,000 : 0 : 19,675,012,875 : 78%
2022-09-24 11:20:41 : 183,000,000 : 0 : 19,685,236,725 : 78%
2022-09-24 11:46:25 : 183,100,000 : 0 : 19,695,460,575 : 78%
2022-09-24 12:11:06 : 183,200,000 : 0 : 19,705,815,500 : 78%
2022-09-24 12:34:22 : 183,300,000 : 0 : 19,716,170,425 : 78%
2022-09-24 12:55:51 : 183,400,000 : 0 : 19,726,525,350 : 78%
2022-09-24 13:16:31 : 183,500,000 : 0 : 19,736,880,275 : 78%
2022-09-24 13:36:16 : 183,600,000 : 0 : 19,747,235,200 : 78%
2022-09-24 13:55:04 : 183,700,000 : 0 : 19,757,721,200 : 78%
2022-09-24 14:13:16 : 183,800,000 : 0 : 19,768,076,125 : 78%
2022-09-24 14:30:39 : 183,900,000 : 0 : 19,778,562,125 : 78%
2022-09-24 14:47:41 : 184,000,000 : 0 : 19,788,917,050 : 78%
2022-09-24 15:04:17 : 184,100,000 : 0 : 19,799,403,050 : 78%
2022-09-24 15:20:56 : 184,200,000 : 0 : 19,809,889,050 : 79%
2022-09-24 15:37:20 : 184,300,000 : 0 : 19,820,243,975 : 79%
2022-09-24 15:53:19 : 184,400,000 : 0 : 19,840,953,825 : 79%
2022-09-24 16:09:03 : 184,500,000 : 0 : 19,851,308,750 : 79%
2022-09-24 16:24:39 : 184,600,000 : 0 : 19,861,532,600 : 79%
2022-09-24 16:40:20 : 184,700,000 : 0 : 19,871,887,525 : 79%
2022-09-24 16:55:57 : 184,800,000 : 0 : 19,882,111,375 : 79%
2022-09-24 17:11:13 : 184,900,000 : 0 : 19,892,073,075 : 79%
2022-09-24 17:26:26 : 185,000,000 : 0 : 19,902,296,925 : 79%
2022-09-24 17:41:50 : 185,100,000 : 0 : 19,912,651,850 : 79%
2022-09-24 17:57:30 : 185,200,000 : 0 : 19,922,875,700 : 79%
2022-09-24 18:13:02 : 185,300,000 : 0 : 19,933,099,550 : 79%
2022-09-24 18:28:35 : 185,400,000 : 0 : 19,943,192,325 : 79%
2022-09-24 18:44:10 : 185,500,000 : 0 : 19,953,285,100 : 79%
2022-09-24 18:59:47 : 185,600,000 : 0 : 19,963,508,950 : 79%
2022-09-24 19:15:23 : 185,700,000 : 0 : 19,973,601,725 : 79%
2022-09-24 19:31:08 : 185,800,000 : 0 : 19,983,694,500 : 79%
2022-09-24 19:46:49 : 185,900,000 : 0 : 19,993,787,275 : 79%
2022-09-24 20:02:47 : 186,000,000 : 0 : 20,004,011,125 : 79%
2022-09-24 20:19:00 : 186,100,000 : 0 : 20,014,103,900 : 79%
2022-09-24 20:35:06 : 186,200,000 : 0 : 20,024,196,675 : 79%
2022-09-24 20:51:01 : 186,300,000 : 0 : 20,034,158,375 : 79%
2022-09-24 21:07:24 : 186,400,000 : 0 : 20,044,382,225 : 79%
2022-09-24 21:23:55 : 186,500,000 : 0 : 20,054,343,925 : 80%
2022-09-24 21:40:40 : 186,600,000 : 0 : 20,074,660,550 : 80%
2022-09-24 21:57:28 : 186,700,000 : 0 : 20,084,622,250 : 80%
2022-09-24 22:14:27 : 186,800,000 : 0 : 20,094,583,950 : 80%
2022-09-24 22:31:40 : 186,900,000 : 0 : 20,104,545,650 : 80%
2022-09-24 22:48:55 : 187,000,000 : 0 : 20,114,507,350 : 80%
2022-09-24 23:06:06 : 187,100,000 : 0 : 20,124,337,975 : 80%
2022-09-24 23:23:24 : 187,200,000 : 0 : 20,134,168,600 : 80%
2022-09-24 23:41:03 : 187,300,000 : 0 : 20,144,130,300 : 80%
2022-09-24 23:58:56 : 187,400,000 : 0 : 20,154,092,000 : 80%
2022-09-25 00:16:57 : 187,500,000 : 0 : 20,163,922,625 : 80%
2022-09-25 00:34:55 : 187,600,000 : 0 : 20,173,884,325 : 80%
2022-09-25 00:53:18 : 187,700,000 : 0 : 20,183,846,025 : 80%
2022-09-25 01:12:05 : 187,800,000 : 0 : 20,193,676,650 : 80%
2022-09-25 01:31:03 : 187,900,000 : 0 : 20,203,638,350 : 80%
2022-09-25 01:50:16 : 188,000,000 : 0 : 20,213,600,050 : 80%
2022-09-25 02:09:16 : 188,100,000 : 0 : 20,223,430,675 : 80%
2022-09-25 02:28:24 : 188,200,000 : 0 : 20,233,261,300 : 80%
2022-09-25 02:48:06 : 188,300,000 : 0 : 20,243,091,925 : 80%
2022-09-25 03:08:32 : 188,400,000 : 0 : 20,252,922,550 : 80%
2022-09-25 03:29:31 : 188,500,000 : 0 : 20,262,753,175 : 80%
2022-09-25 03:50:58 : 188,600,000 : 0 : 20,272,583,800 : 80%
2022-09-25 04:13:32 : 188,700,000 : 0 : 20,292,507,200 : 80%
2022-09-25 04:36:35 : 188,800,000 : 0 : 20,302,468,900 : 80%
2022-09-25 05:00:45 : 188,900,000 : 0 : 20,312,430,600 : 81%
2022-09-25 05:26:36 : 189,000,000 : 0 : 20,322,392,300 : 81%
2022-09-25 05:53:21 : 189,100,000 : 0 : 20,332,354,000 : 81%
2022-09-25 06:21:23 : 189,200,000 : 0 : 20,342,446,775 : 81%
2022-09-25 06:50:07 : 189,300,000 : 0 : 20,352,539,550 : 81%
2022-09-25 07:19:48 : 189,400,000 : 0 : 20,362,632,325 : 81%
2022-09-25 07:50:36 : 189,500,000 : 0 : 20,372,856,175 : 81%
2022-09-25 08:21:30 : 189,600,000 : 0 : 20,383,080,025 : 81%
2022-09-25 08:52:45 : 189,700,000 : 0 : 20,393,303,875 : 81%
2022-09-25 09:24:43 : 189,800,000 : 0 : 20,403,396,650 : 81%
2022-09-25 09:56:11 : 189,900,000 : 0 : 20,413,489,425 : 81%
2022-09-25 10:27:16 : 190,000,000 : 0 : 20,423,451,125 : 81%
2022-09-25 10:56:55 : 190,100,000 : 0 : 20,433,281,750 : 81%
2022-09-25 11:24:18 : 190,200,000 : 0 : 20,443,243,450 : 81%
2022-09-25 11:49:35 : 190,300,000 : 0 : 20,453,336,225 : 81%
2022-09-25 12:12:41 : 190,400,000 : 0 : 20,463,166,850 : 81%
2022-09-25 12:34:11 : 190,500,000 : 0 : 20,473,128,550 : 81%
2022-09-25 12:55:23 : 190,600,000 : 0 : 20,483,352,400 : 81%
2022-09-25 13:14:35 : 190,700,000 : 0 : 20,493,314,100 : 81%
2022-09-25 13:32:40 : 190,800,000 : 0 : 20,503,275,800 : 81%
2022-09-25 13:50:21 : 190,900,000 : 0 : 20,513,368,575 : 81%
2022-09-25 14:08:02 : 191,000,000 : 0 : 20,523,723,500 : 81%
2022-09-25 14:25:04 : 191,100,000 : 0 : 20,544,302,275 : 81%
2022-09-25 14:41:40 : 191,200,000 : 0 : 20,554,657,200 : 81%
2022-09-25 14:57:55 : 191,300,000 : 0 : 20,565,012,125 : 82%
2022-09-25 15:13:45 : 191,400,000 : 0 : 20,575,498,125 : 82%
2022-09-25 15:29:23 : 191,500,000 : 0 : 20,585,853,050 : 82%
2022-09-25 15:44:57 : 191,600,000 : 0 : 20,596,339,050 : 82%
2022-09-25 16:00:24 : 191,700,000 : 0 : 20,606,693,975 : 82%
2022-09-25 16:15:37 : 191,800,000 : 0 : 20,617,048,900 : 82%
2022-09-25 16:30:43 : 191,900,000 : 0 : 20,627,534,900 : 82%
2022-09-25 16:45:35 : 192,000,000 : 0 : 20,637,889,825 : 82%
2022-09-25 17:00:27 : 192,100,000 : 0 : 20,648,244,750 : 82%
2022-09-25 17:14:45 : 192,200,000 : 0 : 20,658,468,600 : 82%
2022-09-25 17:28:26 : 192,300,000 : 0 : 20,668,430,300 : 82%
2022-09-25 17:41:58 : 192,400,000 : 0 : 20,678,523,075 : 82%
2022-09-25 17:55:16 : 192,500,000 : 0 : 20,688,484,775 : 82%
2022-09-25 18:08:40 : 192,600,000 : 0 : 20,698,446,475 : 82%
2022-09-25 18:22:00 : 192,700,000 : 0 : 20,708,277,100 : 82%
2022-09-25 18:35:06 : 192,800,000 : 0 : 20,718,238,800 : 82%
2022-09-25 18:48:39 : 192,900,000 : 0 : 20,728,331,575 : 82%
2022-09-25 19:02:31 : 193,000,000 : 0 : 20,738,424,350 : 82%
2022-09-25 19:16:23 : 193,100,000 : 0 : 20,748,386,050 : 82%
2022-09-25 19:30:02 : 193,200,000 : 0 : 20,758,085,600 : 82%
2022-09-25 19:43:30 : 193,300,000 : 0 : 20,777,746,850 : 82%
2022-09-25 19:56:58 : 193,400,000 : 0 : 20,787,446,400 : 82%
2022-09-25 20:10:17 : 193,500,000 : 0 : 20,797,277,025 : 82%
2022-09-25 20:23:38 : 193,600,000 : 0 : 20,807,369,800 : 82%
2022-09-25 20:37:53 : 193,700,000 : 0 : 20,817,462,575 : 83%
2022-09-25 20:52:17 : 193,800,000 : 0 : 20,827,555,350 : 83%
2022-09-25 21:06:49 : 193,900,000 : 0 : 20,837,648,125 : 83%
2022-09-25 21:21:51 : 194,000,000 : 0 : 20,847,740,900 : 83%
2022-09-25 21:37:00 : 194,100,000 : 0 : 20,857,833,675 : 83%
2022-09-25 21:52:27 : 194,200,000 : 0 : 20,867,926,450 : 83%
2022-09-25 22:08:21 : 194,300,000 : 0 : 20,878,019,225 : 83%
2022-09-25 22:24:26 : 194,400,000 : 0 : 20,888,112,000 : 83%
2022-09-25 22:40:37 : 194,500,000 : 0 : 20,898,073,700 : 83%
2022-09-25 22:56:45 : 194,600,000 : 0 : 20,908,035,400 : 83%
2022-09-25 23:13:06 : 194,700,000 : 0 : 20,918,128,175 : 83%
2022-09-25 23:29:50 : 194,800,000 : 0 : 20,928,089,875 : 83%
2022-09-25 23:47:09 : 194,900,000 : 0 : 20,938,182,650 : 83%
2022-09-26 00:04:44 : 195,000,000 : 0 : 20,948,406,500 : 83%
2022-09-26 00:22:06 : 195,100,000 : 0 : 20,958,368,200 : 83%
2022-09-26 00:39:12 : 195,200,000 : 0 : 20,968,460,975 : 83%
2022-09-26 00:56:00 : 195,300,000 : 0 : 20,978,422,675 : 83%
2022-09-26 01:12:55 : 195,400,000 : 0 : 20,988,253,300 : 83%
2022-09-26 01:29:56 : 195,500,000 : 0 : 20,998,083,925 : 83%
2022-09-26 01:47:21 : 195,600,000 : 0 : 21,017,876,250 : 83%
2022-09-26 02:04:43 : 195,700,000 : 0 : 21,027,837,950 : 83%
2022-09-26 02:21:58 : 195,800,000 : 0 : 21,037,668,575 : 83%
2022-09-26 02:39:20 : 195,900,000 : 0 : 21,047,630,275 : 83%
2022-09-26 02:56:51 : 196,000,000 : 0 : 21,057,591,975 : 83%
2022-09-26 03:15:14 : 196,100,000 : 0 : 21,067,291,525 : 84%
2022-09-26 03:33:49 : 196,200,000 : 0 : 21,077,384,300 : 84%
2022-09-26 03:53:47 : 196,300,000 : 0 : 21,087,477,075 : 84%
2022-09-26 04:15:32 : 196,400,000 : 0 : 21,097,832,000 : 84%
2022-09-26 04:38:37 : 196,500,000 : 0 : 21,108,055,850 : 84%
2022-09-26 05:03:04 : 196,600,000 : 0 : 21,118,410,775 : 84%
2022-09-26 05:28:46 : 196,700,000 : 0 : 21,128,634,625 : 84%
2022-09-26 05:55:29 : 196,800,000 : 0 : 21,138,989,550 : 84%
2022-09-26 06:23:47 : 196,900,000 : 0 : 21,149,344,475 : 84%
2022-09-26 06:53:01 : 197,000,000 : 0 : 21,159,699,400 : 84%
2022-09-26 07:23:18 : 197,100,000 : 0 : 21,170,185,400 : 84%
2022-09-26 07:55:34 : 197,200,000 : 0 : 21,180,671,400 : 84%
2022-09-26 08:28:26 : 197,300,000 : 0 : 21,191,157,400 : 84%
2022-09-26 09:01:43 : 197,400,000 : 0 : 21,201,643,400 : 84%
2022-09-26 09:34:40 : 197,500,000 : 0 : 21,212,129,400 : 84%
2022-09-26 10:06:25 : 197,600,000 : 0 : 21,222,484,325 : 84%
2022-09-26 10:36:12 : 197,700,000 : 0 : 21,243,325,250 : 84%
2022-09-26 11:03:13 : 197,800,000 : 0 : 21,253,811,250 : 84%
2022-09-26 11:28:06 : 197,900,000 : 0 : 21,264,297,250 : 84%
2022-09-26 11:51:14 : 198,000,000 : 0 : 21,274,783,250 : 84%
2022-09-26 12:13:19 : 198,100,000 : 0 : 21,285,400,325 : 84%
2022-09-26 12:33:48 : 198,200,000 : 0 : 21,296,017,400 : 84%
2022-09-26 12:52:53 : 198,300,000 : 0 : 21,306,503,400 : 84%
2022-09-26 13:11:05 : 198,400,000 : 0 : 21,317,120,475 : 85%
2022-09-26 13:28:34 : 198,500,000 : 0 : 21,327,737,550 : 85%
2022-09-26 13:45:16 : 198,600,000 : 0 : 21,338,485,700 : 85%
2022-09-26 14:01:30 : 198,700,000 : 0 : 21,349,102,775 : 85%
2022-09-26 14:17:15 : 198,800,000 : 0 : 21,359,850,925 : 85%
2022-09-26 14:32:42 : 198,900,000 : 0 : 21,370,468,000 : 85%
2022-09-26 14:47:51 : 199,000,000 : 0 : 21,381,085,075 : 85%
2022-09-26 15:02:50 : 199,100,000 : 0 : 21,391,833,225 : 85%
2022-09-26 15:17:42 : 199,200,000 : 0 : 21,402,581,375 : 85%
2022-09-26 15:32:14 : 199,300,000 : 0 : 21,413,198,450 : 85%
2022-09-26 15:46:37 : 199,400,000 : 0 : 21,423,946,600 : 85%
2022-09-26 16:00:43 : 199,500,000 : 0 : 21,434,694,750 : 85%
2022-09-26 16:15:03 : 199,600,000 : 0 : 21,445,442,900 : 85%
2022-09-26 16:29:08 : 199,700,000 : 0 : 21,466,808,125 : 85%
2022-09-26 16:43:12 : 199,800,000 : 0 : 21,477,425,200 : 85%
2022-09-26 16:57:16 : 199,900,000 : 0 : 21,488,042,275 : 85%
2022-09-26 17:11:23 : 200,000,000 : 0 : 21,498,659,350 : 85%
2022-09-26 17:25:31 : 200,100,000 : 0 : 21,509,407,500 : 85%
2022-09-26 17:39:41 : 200,200,000 : 0 : 21,520,024,575 : 85%
2022-09-26 17:53:40 : 200,300,000 : 0 : 21,530,641,650 : 85%
2022-09-26 18:07:34 : 200,400,000 : 0 : 21,541,389,800 : 85%
2022-09-26 18:21:38 : 200,500,000 : 0 : 21,552,137,950 : 85%
2022-09-26 18:35:45 : 200,600,000 : 0 : 21,562,755,025 : 85%
2022-09-26 18:49:48 : 200,700,000 : 0 : 21,573,503,175 : 86%
2022-09-26 19:03:54 : 200,800,000 : 0 : 21,584,120,250 : 86%
2022-09-26 19:18:09 : 200,900,000 : 0 : 21,594,737,325 : 86%
2022-09-26 19:32:08 : 201,000,000 : 0 : 21,605,354,400 : 86%
2022-09-26 19:46:19 : 201,100,000 : 0 : 21,615,971,475 : 86%
2022-09-26 20:00:13 : 201,200,000 : 0 : 21,626,457,475 : 86%
2022-09-26 20:14:11 : 201,300,000 : 0 : 21,637,074,550 : 86%
2022-09-26 20:27:54 : 201,400,000 : 0 : 21,647,560,550 : 86%
2022-09-26 20:41:40 : 201,500,000 : 0 : 21,668,663,625 : 86%
2022-09-26 20:55:24 : 201,600,000 : 0 : 21,679,149,625 : 86%
2022-09-26 21:09:38 : 201,700,000 : 0 : 21,689,766,700 : 86%
2022-09-26 21:24:10 : 201,800,000 : 0 : 21,700,252,700 : 86%
2022-09-26 21:39:03 : 201,900,000 : 0 : 21,710,738,700 : 86%
2022-09-26 21:54:06 : 202,000,000 : 0 : 21,721,355,775 : 86%
2022-09-26 22:09:38 : 202,100,000 : 0 : 21,731,841,775 : 86%
2022-09-26 22:25:30 : 202,200,000 : 0 : 21,742,327,775 : 86%
2022-09-26 22:41:45 : 202,300,000 : 0 : 21,752,682,700 : 86%
2022-09-26 22:58:04 : 202,400,000 : 0 : 21,763,168,700 : 86%
2022-09-26 23:14:30 : 202,500,000 : 0 : 21,773,523,625 : 86%
2022-09-26 23:31:09 : 202,600,000 : 0 : 21,783,878,550 : 86%
2022-09-26 23:47:48 : 202,700,000 : 0 : 21,794,233,475 : 86%
2022-09-27 00:04:34 : 202,800,000 : 0 : 21,804,457,325 : 86%
2022-09-27 00:21:13 : 202,900,000 : 0 : 21,814,681,175 : 86%
2022-09-27 00:37:45 : 203,000,000 : 0 : 21,824,905,025 : 87%
2022-09-27 00:54:10 : 203,100,000 : 0 : 21,834,997,800 : 87%
2022-09-27 01:10:31 : 203,200,000 : 0 : 21,845,090,575 : 87%
2022-09-27 01:26:57 : 203,300,000 : 0 : 21,855,183,350 : 87%
2022-09-27 01:43:21 : 203,400,000 : 0 : 21,865,145,050 : 87%
2022-09-27 01:59:58 : 203,500,000 : 0 : 21,875,237,825 : 87%
2022-09-27 02:16:34 : 203,600,000 : 0 : 21,895,161,225 : 87%
2022-09-27 02:33:18 : 203,700,000 : 0 : 21,905,254,000 : 87%
2022-09-27 02:50:20 : 203,800,000 : 0 : 21,915,215,700 : 87%
2022-09-27 03:07:39 : 203,900,000 : 0 : 21,925,308,475 : 87%
2022-09-27 03:25:44 : 204,000,000 : 0 : 21,935,401,250 : 87%
2022-09-27 03:44:53 : 204,100,000 : 0 : 21,945,625,100 : 87%
2022-09-27 04:05:26 : 204,200,000 : 0 : 21,955,980,025 : 87%
2022-09-27 04:27:22 : 204,300,000 : 0 : 21,966,203,875 : 87%
2022-09-27 04:50:33 : 204,400,000 : 0 : 21,976,558,800 : 87%
2022-09-27 05:14:56 : 204,500,000 : 0 : 21,986,913,725 : 87%
2022-09-27 05:40:41 : 204,600,000 : 0 : 21,997,137,575 : 87%
2022-09-27 06:07:39 : 204,700,000 : 0 : 22,007,492,500 : 87%
2022-09-27 06:35:57 : 204,800,000 : 0 : 22,017,978,500 : 87%
2022-09-27 07:05:28 : 204,900,000 : 0 : 22,028,464,500 : 87%
2022-09-27 07:36:45 : 205,000,000 : 0 : 22,038,950,500 : 87%
2022-09-27 08:09:14 : 205,100,000 : 0 : 22,049,305,425 : 87%
2022-09-27 08:42:15 : 205,200,000 : 0 : 22,059,791,425 : 87%
2022-09-27 09:15:41 : 205,300,000 : 0 : 22,070,277,425 : 88%
2022-09-27 09:47:55 : 205,400,000 : 0 : 22,080,763,425 : 88%
2022-09-27 10:18:27 : 205,500,000 : 0 : 22,091,118,350 : 88%
2022-09-27 10:46:36 : 205,600,000 : 0 : 22,101,604,350 : 88%
2022-09-27 11:12:05 : 205,700,000 : 0 : 22,111,959,275 : 88%
2022-09-27 11:35:47 : 205,800,000 : 0 : 22,132,931,275 : 88%
2022-09-27 11:57:38 : 205,900,000 : 0 : 22,143,548,350 : 88%
2022-09-27 12:18:29 : 206,000,000 : 0 : 22,154,034,350 : 88%
2022-09-27 12:38:02 : 206,100,000 : 0 : 22,164,782,500 : 88%
2022-09-27 12:56:35 : 206,200,000 : 0 : 22,175,399,575 : 88%
2022-09-27 13:14:39 : 206,300,000 : 0 : 22,186,147,725 : 88%
2022-09-27 13:31:57 : 206,400,000 : 0 : 22,196,764,800 : 88%
2022-09-27 13:48:45 : 206,500,000 : 0 : 22,207,512,950 : 88%
2022-09-27 14:04:48 : 206,600,000 : 0 : 22,218,261,100 : 88%
2022-09-27 14:20:28 : 206,700,000 : 0 : 22,229,009,250 : 88%
2022-09-27 14:35:43 : 206,800,000 : 0 : 22,239,626,325 : 88%
2022-09-27 14:50:49 : 206,900,000 : 0 : 22,250,374,475 : 88%
2022-09-27 15:05:39 : 207,000,000 : 0 : 22,261,122,625 : 88%
2022-09-27 15:20:27 : 207,100,000 : 0 : 22,271,870,775 : 88%
2022-09-27 15:34:48 : 207,200,000 : 0 : 22,282,618,925 : 88%
2022-09-27 15:49:06 : 207,300,000 : 0 : 22,293,367,075 : 88%
2022-09-27 16:03:18 : 207,400,000 : 0 : 22,303,984,150 : 88%
2022-09-27 16:17:32 : 207,500,000 : 0 : 22,314,732,300 : 88%
2022-09-27 16:31:28 : 207,600,000 : 0 : 22,325,480,450 : 89%
2022-09-27 16:45:23 : 207,700,000 : 0 : 22,346,845,675 : 89%
2022-09-27 16:59:24 : 207,800,000 : 0 : 22,357,593,825 : 89%
2022-09-27 17:13:34 : 207,900,000 : 0 : 22,368,210,900 : 89%
2022-09-27 17:27:41 : 208,000,000 : 0 : 22,378,827,975 : 89%
2022-09-27 17:41:44 : 208,100,000 : 0 : 22,389,576,125 : 89%
2022-09-27 17:55:39 : 208,200,000 : 0 : 22,400,193,200 : 89%
2022-09-27 18:09:34 : 208,300,000 : 0 : 22,410,679,200 : 89%
2022-09-27 18:23:37 : 208,400,000 : 0 : 22,421,296,275 : 89%
2022-09-27 18:37:36 : 208,500,000 : 0 : 22,431,913,350 : 89%
2022-09-27 18:51:27 : 208,600,000 : 0 : 22,442,530,425 : 89%
2022-09-27 19:05:26 : 208,700,000 : 0 : 22,453,147,500 : 89%
2022-09-27 19:19:26 : 208,800,000 : 0 : 22,463,633,500 : 89%
2022-09-27 19:33:15 : 208,900,000 : 0 : 22,474,119,500 : 89%
2022-09-27 19:47:07 : 209,000,000 : 0 : 22,484,736,575 : 89%
2022-09-27 20:00:52 : 209,100,000 : 0 : 22,495,222,575 : 89%
2022-09-27 20:14:42 : 209,200,000 : 0 : 22,505,708,575 : 89%
2022-09-27 20:28:42 : 209,300,000 : 0 : 22,516,194,575 : 89%
2022-09-27 20:42:37 : 209,400,000 : 0 : 22,526,811,650 : 89%
2022-09-27 20:56:40 : 209,500,000 : 0 : 22,537,297,650 : 89%
2022-09-27 21:11:02 : 209,600,000 : 0 : 22,547,914,725 : 89%
2022-09-27 21:25:26 : 209,700,000 : 0 : 22,568,755,650 : 89%
2022-09-27 21:40:17 : 209,800,000 : 0 : 22,579,241,650 : 90%
2022-09-27 21:55:19 : 209,900,000 : 0 : 22,589,727,650 : 90%
2022-09-27 22:10:44 : 210,000,000 : 0 : 22,600,213,650 : 90%
2022-09-27 22:26:34 : 210,100,000 : 0 : 22,610,568,575 : 90%
2022-09-27 22:43:00 : 210,200,000 : 0 : 22,621,054,575 : 90%
2022-09-27 22:59:34 : 210,300,000 : 0 : 22,631,409,500 : 90%
2022-09-27 23:16:17 : 210,400,000 : 0 : 22,641,895,500 : 90%
2022-09-27 23:32:49 : 210,500,000 : 0 : 22,652,250,425 : 90%
2022-09-27 23:49:41 : 210,600,000 : 0 : 22,662,605,350 : 90%
2022-09-28 00:06:50 : 210,700,000 : 0 : 22,672,829,200 : 90%
2022-09-28 00:24:08 : 210,800,000 : 0 : 22,683,053,050 : 90%
2022-09-28 00:41:16 : 210,900,000 : 0 : 22,693,276,900 : 90%
2022-09-28 00:58:18 : 211,000,000 : 0 : 22,703,369,675 : 90%
2022-09-28 01:15:15 : 211,100,000 : 0 : 22,713,593,525 : 90%
2022-09-28 01:32:08 : 211,200,000 : 0 : 22,723,686,300 : 90%
2022-09-28 01:48:55 : 211,300,000 : 0 : 22,733,910,150 : 90%
2022-09-28 02:05:46 : 211,400,000 : 0 : 22,744,002,925 : 90%
2022-09-28 02:23:06 : 211,500,000 : 0 : 22,754,095,700 : 90%
2022-09-28 02:40:54 : 211,600,000 : 0 : 22,764,188,475 : 90%
2022-09-28 02:59:30 : 211,700,000 : 0 : 22,774,412,325 : 90%
2022-09-28 03:18:43 : 211,800,000 : 0 : 22,794,728,950 : 90%
2022-09-28 03:38:28 : 211,900,000 : 0 : 22,804,821,725 : 90%
2022-09-28 03:58:57 : 212,000,000 : 0 : 22,815,045,575 : 90%
2022-09-28 04:20:30 : 212,100,000 : 0 : 22,825,269,425 : 90%
2022-09-28 04:43:24 : 212,200,000 : 0 : 22,835,493,275 : 91%
2022-09-28 05:07:25 : 212,300,000 : 0 : 22,845,717,125 : 91%
2022-09-28 05:32:47 : 212,400,000 : 0 : 22,855,940,975 : 91%
2022-09-28 05:59:17 : 212,500,000 : 0 : 22,866,295,900 : 91%
2022-09-28 06:27:30 : 212,600,000 : 0 : 22,876,781,900 : 91%
2022-09-28 06:56:51 : 212,700,000 : 0 : 22,887,267,900 : 91%
2022-09-28 07:27:33 : 212,800,000 : 0 : 22,897,753,900 : 91%
2022-09-28 07:59:53 : 212,900,000 : 0 : 22,908,239,900 : 91%
2022-09-28 08:32:54 : 213,000,000 : 0 : 22,918,725,900 : 91%
2022-09-28 09:05:53 : 213,100,000 : 0 : 22,929,211,900 : 91%
2022-09-28 09:38:24 : 213,200,000 : 0 : 22,939,566,825 : 91%
2022-09-28 10:09:23 : 213,300,000 : 0 : 22,950,052,825 : 91%
2022-09-28 10:38:15 : 213,400,000 : 0 : 22,960,407,750 : 91%
2022-09-28 11:04:28 : 213,500,000 : 0 : 22,970,762,675 : 91%
2022-09-28 11:28:29 : 213,600,000 : 0 : 22,981,248,675 : 91%
2022-09-28 11:50:59 : 213,700,000 : 0 : 22,991,865,750 : 91%
2022-09-28 12:12:11 : 213,800,000 : 0 : 23,012,837,750 : 91%
2022-09-28 12:32:01 : 213,900,000 : 0 : 23,023,454,825 : 91%
2022-09-28 12:50:51 : 214,000,000 : 0 : 23,034,071,900 : 91%
2022-09-28 13:08:52 : 214,100,000 : 0 : 23,044,688,975 : 91%
2022-09-28 13:26:06 : 214,200,000 : 0 : 23,055,306,050 : 91%
2022-09-28 13:42:50 : 214,300,000 : 0 : 23,066,054,200 : 91%
2022-09-28 13:58:51 : 214,400,000 : 0 : 23,076,671,275 : 91%
2022-09-28 14:14:28 : 214,500,000 : 0 : 23,087,419,425 : 92%
2022-09-28 14:29:32 : 214,600,000 : 0 : 23,098,167,575 : 92%
2022-09-28 14:44:23 : 214,700,000 : 0 : 23,108,915,725 : 92%
2022-09-28 14:59:05 : 214,800,000 : 0 : 23,119,532,800 : 92%
2022-09-28 15:13:48 : 214,900,000 : 0 : 23,130,412,025 : 92%
2022-09-28 15:28:08 : 215,000,000 : 0 : 23,141,029,100 : 92%
2022-09-28 15:42:29 : 215,100,000 : 0 : 23,151,646,175 : 92%
2022-09-28 15:56:35 : 215,200,000 : 0 : 23,162,394,325 : 92%
2022-09-28 16:10:45 : 215,300,000 : 0 : 23,173,011,400 : 92%
2022-09-28 16:24:49 : 215,400,000 : 0 : 23,183,628,475 : 92%
2022-09-28 16:38:57 : 215,500,000 : 0 : 23,194,245,550 : 92%
2022-09-28 16:52:57 : 215,600,000 : 0 : 23,204,862,625 : 92%
2022-09-28 17:06:55 : 215,700,000 : 0 : 23,215,610,775 : 92%
2022-09-28 17:20:51 : 215,800,000 : 0 : 23,236,713,850 : 92%
2022-09-28 17:34:49 : 215,900,000 : 0 : 23,247,330,925 : 92%
2022-09-28 17:48:38 : 216,000,000 : 0 : 23,258,079,075 : 92%
2022-09-28 18:02:41 : 216,100,000 : 0 : 23,268,696,150 : 92%
2022-09-28 18:16:56 : 216,200,000 : 0 : 23,279,051,075 : 92%
2022-09-28 18:30:06 : 216,300,000 : 0 : 23,289,406,000 : 92%
2022-09-28 18:43:53 : 216,400,000 : 0 : 23,299,892,000 : 92%
2022-09-28 18:58:03 : 216,500,000 : 0 : 23,310,378,000 : 92%
2022-09-28 19:12:11 : 216,600,000 : 0 : 23,320,995,075 : 92%
2022-09-28 19:26:26 : 216,700,000 : 0 : 23,331,481,075 : 93%
2022-09-28 19:40:44 : 216,800,000 : 0 : 23,342,098,150 : 93%
2022-09-28 19:54:48 : 216,900,000 : 0 : 23,352,584,150 : 93%
2022-09-28 20:08:59 : 217,000,000 : 0 : 23,363,201,225 : 93%
2022-09-28 20:23:26 : 217,100,000 : 0 : 23,373,687,225 : 93%
2022-09-28 20:37:41 : 217,200,000 : 0 : 23,384,173,225 : 93%
2022-09-28 20:51:57 : 217,300,000 : 0 : 23,394,659,225 : 93%
2022-09-28 21:06:31 : 217,400,000 : 0 : 23,405,145,225 : 93%
2022-09-28 21:21:22 : 217,500,000 : 0 : 23,415,631,225 : 93%
2022-09-28 21:38:36 : 217,600,000 : 0 : 23,426,248,300 : 93%
2022-09-28 21:53:57 : 217,700,000 : 0 : 23,436,734,300 : 93%
2022-09-28 22:09:39 : 217,800,000 : 0 : 23,457,444,150 : 93%
2022-09-28 22:25:32 : 217,900,000 : 0 : 23,467,799,075 : 93%
2022-09-28 22:41:47 : 218,000,000 : 0 : 23,478,022,925 : 93%
2022-09-28 22:58:00 : 218,100,000 : 0 : 23,488,377,850 : 93%
2022-09-28 23:14:42 : 218,200,000 : 0 : 23,498,470,625 : 93%
2022-09-28 23:30:33 : 218,300,000 : 0 : 23,508,039,100 : 93%
2022-09-28 23:45:54 : 218,400,000 : 0 : 23,518,131,875 : 93%
2022-09-29 00:02:43 : 218,500,000 : 0 : 23,528,224,650 : 93%
2022-09-29 00:19:29 : 218,600,000 : 0 : 23,538,317,425 : 93%
2022-09-29 00:36:00 : 218,700,000 : 0 : 23,548,410,200 : 93%
2022-09-29 00:52:36 : 218,800,000 : 0 : 23,558,502,975 : 93%
2022-09-29 01:09:13 : 218,900,000 : 0 : 23,568,464,675 : 93%
2022-09-29 01:25:35 : 219,000,000 : 0 : 23,578,426,375 : 93%
2022-09-29 01:42:23 : 219,100,000 : 0 : 23,588,519,150 : 94%
2022-09-29 01:59:21 : 219,200,000 : 0 : 23,598,480,850 : 94%
2022-09-29 02:16:17 : 219,300,000 : 0 : 23,608,573,625 : 94%
2022-09-29 02:33:32 : 219,400,000 : 0 : 23,618,535,325 : 94%
2022-09-29 02:51:18 : 219,500,000 : 0 : 23,628,628,100 : 94%
2022-09-29 03:10:02 : 219,600,000 : 0 : 23,638,720,875 : 94%
2022-09-29 03:29:37 : 219,700,000 : 0 : 23,648,944,725 : 94%
2022-09-29 03:49:54 : 219,800,000 : 0 : 23,659,037,500 : 94%
2022-09-29 04:11:04 : 219,900,000 : 0 : 23,669,130,275 : 94%
2022-09-29 04:33:23 : 220,000,000 : 0 : 23,689,446,900 : 94%
2022-09-29 04:56:49 : 220,100,000 : 0 : 23,699,670,750 : 94%
2022-09-29 05:21:20 : 220,200,000 : 0 : 23,709,763,525 : 94%
2022-09-29 05:47:01 : 220,300,000 : 0 : 23,719,987,375 : 94%
2022-09-29 06:14:20 : 220,400,000 : 0 : 23,730,211,225 : 94%
2022-09-29 06:42:48 : 220,500,000 : 0 : 23,740,566,150 : 94%
2022-09-29 07:12:31 : 220,600,000 : 0 : 23,750,921,075 : 94%
2022-09-29 07:43:50 : 220,700,000 : 0 : 23,761,276,000 : 94%
2022-09-29 08:16:05 : 220,800,000 : 0 : 23,771,762,000 : 94%
2022-09-29 08:48:59 : 220,900,000 : 0 : 23,782,116,925 : 94%
2022-09-29 09:21:36 : 221,000,000 : 0 : 23,792,471,850 : 94%
2022-09-29 09:53:01 : 221,100,000 : 0 : 23,802,695,700 : 94%
2022-09-29 10:22:57 : 221,200,000 : 0 : 23,813,050,625 : 94%
2022-09-29 10:50:31 : 221,300,000 : 0 : 23,823,274,475 : 94%
2022-09-29 11:15:41 : 221,400,000 : 0 : 23,833,498,325 : 94%
2022-09-29 11:38:33 : 221,500,000 : 0 : 23,843,853,250 : 95%
2022-09-29 11:59:46 : 221,600,000 : 0 : 23,854,339,250 : 95%
2022-09-29 12:20:06 : 221,700,000 : 0 : 23,864,694,175 : 95%
2022-09-29 12:39:25 : 221,800,000 : 0 : 23,875,180,175 : 95%
2022-09-29 12:57:32 : 221,900,000 : 0 : 23,885,666,175 : 95%
2022-09-29 13:15:14 : 222,000,000 : 0 : 23,896,152,175 : 95%
2022-09-29 13:32:01 : 222,100,000 : 0 : 23,906,769,250 : 95%
2022-09-29 13:48:17 : 222,200,000 : 0 : 23,927,872,325 : 95%
2022-09-29 14:03:59 : 222,300,000 : 0 : 23,938,489,400 : 95%
2022-09-29 14:19:33 : 222,400,000 : 0 : 23,949,106,475 : 95%
2022-09-29 14:34:43 : 222,500,000 : 0 : 23,959,854,625 : 95%
2022-09-29 14:49:35 : 222,600,000 : 0 : 23,970,602,775 : 95%
2022-09-29 15:04:23 : 222,700,000 : 0 : 23,981,350,925 : 95%
2022-09-29 15:19:20 : 222,800,000 : 0 : 23,991,968,000 : 95%
2022-09-29 15:33:55 : 222,900,000 : 0 : 24,002,716,150 : 95%
2022-09-29 15:48:19 : 223,000,000 : 0 : 24,013,333,225 : 95%
2022-09-29 16:02:47 : 223,100,000 : 0 : 24,024,081,375 : 95%
2022-09-29 16:17:20 : 223,200,000 : 0 : 24,034,829,525 : 95%
2022-09-29 16:31:31 : 223,300,000 : 0 : 24,045,446,600 : 95%
2022-09-29 16:45:44 : 223,400,000 : 0 : 24,056,194,750 : 95%
2022-09-29 16:59:53 : 223,500,000 : 0 : 24,066,942,900 : 95%
2022-09-29 17:14:12 : 223,600,000 : 0 : 24,077,559,975 : 95%
2022-09-29 17:28:16 : 223,700,000 : 0 : 24,088,177,050 : 96%
2022-09-29 17:42:27 : 223,800,000 : 0 : 24,098,794,125 : 96%
2022-09-29 17:56:37 : 223,900,000 : 0 : 24,109,542,275 : 96%
2022-09-29 18:10:42 : 224,000,000 : 0 : 24,120,028,275 : 96%
2022-09-29 18:24:53 : 224,100,000 : 0 : 24,130,645,350 : 96%
2022-09-29 18:38:39 : 224,200,000 : 0 : 24,151,748,425 : 96%
2022-09-29 18:52:59 : 224,300,000 : 0 : 24,162,365,500 : 96%
2022-09-29 19:07:08 : 224,400,000 : 0 : 24,172,851,500 : 96%
2022-09-29 19:21:24 : 224,500,000 : 0 : 24,183,468,575 : 96%
2022-09-29 19:35:47 : 224,600,000 : 0 : 24,193,954,575 : 96%
2022-09-29 19:50:09 : 224,700,000 : 0 : 24,204,571,650 : 96%
2022-09-29 20:04:30 : 224,800,000 : 0 : 24,215,057,650 : 96%
2022-09-29 20:18:51 : 224,900,000 : 0 : 24,225,543,650 : 96%
2022-09-29 20:33:06 : 225,000,000 : 0 : 24,236,029,650 : 96%
2022-09-29 20:47:21 : 225,100,000 : 0 : 24,246,646,725 : 96%
2022-09-29 21:01:51 : 225,200,000 : 0 : 24,257,132,725 : 96%
2022-09-29 21:16:55 : 225,300,000 : 0 : 24,267,618,725 : 96%
2022-09-29 21:31:58 : 225,400,000 : 0 : 24,278,104,725 : 96%
2022-09-29 21:47:21 : 225,500,000 : 0 : 24,288,590,725 : 96%
2022-09-29 22:02:50 : 225,600,000 : 0 : 24,298,945,650 : 96%
2022-09-29 22:18:50 : 225,700,000 : 0 : 24,309,300,575 : 96%
2022-09-29 22:34:49 : 225,800,000 : 0 : 24,319,655,500 : 96%
2022-09-29 22:51:24 : 225,900,000 : 0 : 24,330,141,500 : 96%
2022-09-29 23:08:20 : 226,000,000 : 0 : 24,340,496,425 : 97%
2022-09-29 23:24:57 : 226,100,000 : 0 : 24,350,720,275 : 97%
2022-09-29 23:41:43 : 226,200,000 : 0 : 24,371,299,050 : 97%
2022-09-29 23:58:46 : 226,300,000 : 0 : 24,381,522,900 : 97%
2022-09-30 00:15:53 : 226,400,000 : 0 : 24,391,615,675 : 97%
2022-09-30 00:32:53 : 226,500,000 : 0 : 24,401,708,450 : 97%
2022-09-30 00:49:46 : 226,600,000 : 0 : 24,411,670,150 : 97%
2022-09-30 01:06:11 : 226,700,000 : 0 : 24,421,762,925 : 97%
2022-09-30 01:22:47 : 226,800,000 : 0 : 24,431,331,400 : 97%
2022-09-30 01:37:54 : 226,900,000 : 0 : 24,441,030,950 : 97%
2022-09-30 01:53:20 : 227,000,000 : 0 : 24,450,992,650 : 97%
2022-09-30 02:09:20 : 227,100,000 : 0 : 24,460,823,275 : 97%
2022-09-30 02:25:47 : 227,200,000 : 0 : 24,470,653,900 : 97%
2022-09-30 02:42:26 : 227,300,000 : 0 : 24,480,484,525 : 97%
2022-09-30 02:59:47 : 227,400,000 : 0 : 24,490,315,150 : 97%
2022-09-30 03:17:45 : 227,500,000 : 0 : 24,500,145,775 : 97%
2022-09-30 03:36:11 : 227,600,000 : 0 : 24,509,976,400 : 97%
2022-09-30 03:55:42 : 227,700,000 : 0 : 24,520,069,175 : 97%
2022-09-30 04:16:27 : 227,800,000 : 0 : 24,530,030,875 : 97%
2022-09-30 04:38:05 : 227,900,000 : 0 : 24,540,123,650 : 97%
2022-09-30 05:00:59 : 228,000,000 : 0 : 24,550,085,350 : 97%
2022-09-30 05:25:20 : 228,100,000 : 0 : 24,560,309,200 : 97%
2022-09-30 05:50:31 : 228,200,000 : 0 : 24,570,401,975 : 97%
2022-09-30 06:16:59 : 228,300,000 : 0 : 24,580,756,900 : 97%
2022-09-30 06:44:43 : 228,400,000 : 0 : 24,601,466,750 : 98%
2022-09-30 07:13:32 : 228,500,000 : 0 : 24,611,821,675 : 98%
2022-09-30 07:43:59 : 228,600,000 : 0 : 24,622,307,675 : 98%
2022-09-30 08:15:48 : 228,700,000 : 0 : 24,632,662,600 : 98%
2022-09-30 08:48:07 : 228,800,000 : 0 : 24,643,017,525 : 98%
2022-09-30 09:20:21 : 228,900,000 : 0 : 24,653,372,450 : 98%
Decoding error with 134,217,728 bytes, reading another chunk
2022-09-30 09:51:25 : 229,000,000 : 0 : 24,674,082,300 : 98%
2022-09-30 10:21:04 : 229,100,000 : 0 : 24,674,082,300 : 98%
2022-09-30 10:48:22 : 229,200,000 : 0 : 24,684,306,150 : 98%
2022-09-30 11:13:19 : 229,300,000 : 0 : 24,694,530,000 : 98%
2022-09-30 11:36:34 : 229,400,000 : 0 : 24,704,884,925 : 98%
2022-09-30 11:58:07 : 229,500,000 : 0 : 24,715,370,925 : 98%
2022-09-30 12:18:40 : 229,600,000 : 0 : 24,725,725,850 : 98%
2022-09-30 12:37:44 : 229,700,000 : 0 : 24,736,211,850 : 98%
2022-09-30 12:56:02 : 229,800,000 : 0 : 24,746,697,850 : 98%
2022-09-30 13:13:28 : 229,900,000 : 0 : 24,757,183,850 : 98%
2022-09-30 13:30:14 : 230,000,000 : 0 : 24,767,800,925 : 98%
2022-09-30 13:46:27 : 230,100,000 : 0 : 24,778,418,000 : 98%
2022-09-30 14:02:15 : 230,200,000 : 0 : 24,789,035,075 : 98%
2022-09-30 14:18:01 : 230,300,000 : 0 : 24,799,783,225 : 98%
2022-09-30 14:33:19 : 230,400,000 : 0 : 24,821,148,450 : 98%
2022-09-30 14:48:10 : 230,500,000 : 0 : 24,831,765,525 : 98%
2022-09-30 15:02:47 : 230,600,000 : 0 : 24,842,513,675 : 98%
2022-09-30 15:17:28 : 230,700,000 : 0 : 24,853,130,750 : 99%
2022-09-30 15:31:45 : 230,800,000 : 0 : 24,863,878,900 : 99%
2022-09-30 15:46:00 : 230,900,000 : 0 : 24,874,627,050 : 99%
2022-09-30 16:00:17 : 231,000,000 : 0 : 24,885,375,200 : 99%
2022-09-30 16:14:53 : 231,100,000 : 0 : 24,896,123,350 : 99%
2022-09-30 16:29:05 : 231,200,000 : 0 : 24,906,740,425 : 99%
2022-09-30 16:43:20 : 231,300,000 : 0 : 24,917,357,500 : 99%
2022-09-30 16:57:40 : 231,400,000 : 0 : 24,928,105,650 : 99%
2022-09-30 17:12:08 : 231,500,000 : 0 : 24,938,853,800 : 99%
2022-09-30 17:26:25 : 231,600,000 : 0 : 24,949,470,875 : 99%
2022-09-30 17:40:46 : 231,700,000 : 0 : 24,960,087,950 : 99%
2022-09-30 17:55:15 : 231,800,000 : 0 : 24,970,836,100 : 99%
2022-09-30 18:09:47 : 231,900,000 : 0 : 24,981,322,100 : 99%
2022-09-30 18:24:15 : 232,000,000 : 0 : 24,991,939,175 : 99%
2022-09-30 18:38:45 : 232,100,000 : 0 : 25,002,556,250 : 99%
2022-09-30 18:53:17 : 232,200,000 : 0 : 25,013,173,325 : 99%
2022-09-30 19:07:56 : 232,300,000 : 0 : 25,034,145,325 : 99%
2022-09-30 19:22:27 : 232,400,000 : 0 : 25,044,762,400 : 99%
2022-09-30 19:37:09 : 232,500,000 : 0 : 25,055,248,400 : 99%
2022-09-30 19:51:53 : 232,600,000 : 0 : 25,065,734,400 : 99%
2022-09-30 20:06:34 : 232,700,000 : 0 : 25,076,220,400 : 99%
2022-09-30 20:21:27 : 232,800,000 : 0 : 25,086,706,400 : 99%
2022-09-30 20:36:27 : 232,900,000 : 0 : 25,097,061,325 : 100%
2022-09-30 20:51:30 : 233,000,000 : 0 : 25,107,547,325 : 100%
2022-09-30 21:06:57 : 233,100,000 : 0 : 25,118,033,325 : 100%
2022-09-30 21:22:36 : 233,200,000 : 0 : 25,128,519,325 : 100%
2022-09-30 21:38:25 : 233,300,000 : 0 : 25,138,874,250 : 100%
2022-09-30 21:54:25 : 233,400,000 : 0 : 25,149,229,175 : 100%
2022-09-30 22:10:48 : 233,500,000 : 0 : 25,159,584,100 : 100%
2022-09-30 22:27:32 : 233,600,000 : 0 : 25,169,939,025 : 100%
2022-09-30 22:44:42 : 233,700,000 : 0 : 25,180,162,875 : 100%
2022-09-30 23:02:02 : 233,800,000 : 0 : 25,190,386,725 : 100%
2022-09-30 23:19:37 : 233,900,000 : 0 : 25,200,610,575 : 100%
2022-09-30 23:36:55 : 234,000,000 : 0 : 25,210,834,425 : 100%
2022-09-30 23:54:28 : 234,100,000 : 0 : 25,220,927,200 : 100%
