Requirement already satisfied: zstandard in /software/python-anaconda-2023.09-el8-x86_64/envs/rapids-24.12/lib/python3.12/site-packages (0.23.0)
Running scraper.py for YEAR=2022, months 1-3
2022-01-01 02:37:59 : 100,000 : 0 : 30,671,550 : 0%
2022-01-01 05:33:45 : 200,000 : 0 : 59,901,275 : 1%
2022-01-01 08:58:23 : 300,000 : 0 : 88,606,700 : 1%
2022-01-01 12:39:09 : 400,000 : 0 : 116,263,525 : 1%
2022-01-01 15:31:37 : 500,000 : 0 : 144,182,500 : 2%
2022-01-01 17:46:42 : 600,000 : 0 : 173,019,000 : 2%
2022-01-01 19:53:34 : 700,000 : 0 : 202,379,800 : 2%
2022-01-01 21:58:19 : 800,000 : 0 : 221,909,975 : 3%
2022-01-02 00:05:10 : 900,000 : 0 : 250,222,175 : 3%
2022-01-02 02:22:56 : 1,000,000 : 0 : 279,058,675 : 3%
2022-01-02 04:50:33 : 1,100,000 : 0 : 307,501,950 : 3%
2022-01-02 07:45:24 : 1,200,000 : 0 : 335,552,000 : 4%
2022-01-02 11:18:14 : 1,300,000 : 0 : 363,208,825 : 4%
2022-01-02 14:19:25 : 1,400,000 : 0 : 381,297,175 : 4%
2022-01-02 16:35:26 : 1,500,000 : 0 : 409,085,075 : 5%
2022-01-02 18:36:54 : 1,600,000 : 0 : 437,790,500 : 5%
2022-01-02 20:35:57 : 1,700,000 : 0 : 466,495,925 : 5%
2022-01-02 22:35:39 : 1,800,000 : 0 : 494,545,975 : 6%
2022-01-03 00:37:37 : 1,900,000 : 0 : 522,858,175 : 6%
2022-01-03 02:46:59 : 2,000,000 : 0 : 551,432,525 : 6%
2022-01-03 05:08:23 : 2,100,000 : 0 : 579,875,800 : 7%
2022-01-03 07:57:10 : 2,200,000 : 0 : 598,750,600 : 7%
2022-01-03 11:12:34 : 2,300,000 : 0 : 626,931,725 : 7%
2022-01-03 13:56:27 : 2,400,000 : 0 : 655,243,925 : 7%
2022-01-03 16:05:15 : 2,500,000 : 0 : 683,949,350 : 8%
2022-01-03 17:59:53 : 2,600,000 : 0 : 713,441,225 : 8%
2022-01-03 19:50:21 : 2,700,000 : 0 : 742,670,950 : 8%
2022-01-03 21:42:06 : 2,800,000 : 0 : 771,638,525 : 9%
2022-01-03 23:34:59 : 2,900,000 : 0 : 790,775,475 : 9%
2022-01-04 01:36:05 : 3,000,000 : 0 : 819,218,750 : 9%
2022-01-04 03:45:09 : 3,100,000 : 0 : 847,662,025 : 10%
2022-01-04 06:09:59 : 3,200,000 : 0 : 876,105,300 : 10%
2022-01-04 09:13:43 : 3,300,000 : 0 : 904,417,500 : 10%
2022-01-04 12:20:14 : 3,400,000 : 0 : 932,205,400 : 11%
2022-01-04 14:45:17 : 3,500,000 : 0 : 961,041,900 : 11%
2022-01-04 16:44:51 : 3,600,000 : 0 : 980,834,225 : 11%
2022-01-04 18:38:00 : 3,700,000 : 0 : 1,010,063,950 : 11%
2022-01-04 20:31:49 : 3,800,000 : 0 : 1,039,031,525 : 12%
2022-01-04 22:24:22 : 3,900,000 : 0 : 1,067,868,025 : 12%
2022-01-05 00:23:13 : 4,000,000 : 0 : 1,096,704,525 : 12%
2022-01-05 02:29:36 : 4,100,000 : 0 : 1,125,016,725 : 13%
2022-01-05 04:45:05 : 4,200,000 : 0 : 1,153,591,075 : 13%
2022-01-05 07:27:10 : 4,300,000 : 0 : 1,172,728,025 : 13%
2022-01-05 10:40:24 : 4,400,000 : 0 : 1,200,909,150 : 14%
2022-01-05 13:29:40 : 4,500,000 : 0 : 1,228,959,200 : 14%
2022-01-05 15:39:57 : 4,600,000 : 0 : 1,257,664,625 : 14%
2022-01-05 17:36:47 : 4,700,000 : 0 : 1,286,763,275 : 15%
2022-01-05 19:29:26 : 4,800,000 : 0 : 1,315,468,700 : 15%
2022-01-05 21:39:44 : 4,900,000 : 0 : 1,344,567,350 : 15%
2022-01-05 23:35:05 : 5,000,000 : 0 : 1,372,617,400 : 16%
2022-01-06 01:41:59 : 5,100,000 : 0 : 1,391,885,425 : 16%
2022-01-06 04:32:32 : 5,200,000 : 0 : 1,420,197,625 : 16%
2022-01-06 07:11:12 : 5,300,000 : 0 : 1,448,509,825 : 16%
2022-01-06 10:29:18 : 5,400,000 : 0 : 1,476,428,800 : 17%
2022-01-06 13:18:30 : 5,500,000 : 0 : 1,503,954,550 : 17%
2022-01-06 15:29:26 : 5,600,000 : 0 : 1,532,135,675 : 17%
2022-01-06 17:26:06 : 5,700,000 : 0 : 1,561,496,475 : 18%
2022-01-06 19:18:15 : 5,800,000 : 0 : 1,590,595,125 : 18%
2022-01-06 21:12:58 : 5,900,000 : 0 : 1,619,562,700 : 18%
2022-01-06 23:08:11 : 6,000,000 : 0 : 1,638,568,575 : 19%
2022-01-07 01:08:42 : 6,100,000 : 0 : 1,666,880,775 : 19%
2022-01-07 03:19:05 : 6,200,000 : 0 : 1,695,717,275 : 19%
2022-01-07 05:39:47 : 6,300,000 : 0 : 1,723,898,400 : 20%
2022-01-07 08:36:51 : 6,400,000 : 0 : 1,752,079,525 : 20%
2022-01-07 11:47:46 : 6,500,000 : 0 : 1,779,998,500 : 20%
2022-01-07 14:16:56 : 6,600,000 : 0 : 1,808,179,625 : 20%
2022-01-07 16:17:43 : 6,700,000 : 0 : 1,827,316,575 : 21%
2022-01-07 18:10:24 : 6,800,000 : 0 : 1,856,546,300 : 21%
2022-01-07 20:04:57 : 6,900,000 : 0 : 1,885,907,100 : 21%
2022-01-07 21:58:20 : 7,000,000 : 0 : 1,914,481,450 : 22%
2022-01-07 23:56:49 : 7,100,000 : 0 : 1,942,924,725 : 22%
2022-01-08 02:06:09 : 7,200,000 : 0 : 1,971,105,850 : 22%
2022-01-08 04:27:42 : 7,300,000 : 0 : 1,999,286,975 : 23%
2022-01-08 07:12:51 : 7,400,000 : 0 : 2,018,161,775 : 23%
2022-01-08 10:36:41 : 7,500,000 : 0 : 2,045,818,600 : 23%
2022-01-08 13:37:29 : 7,600,000 : 0 : 2,073,344,350 : 23%
2022-01-08 15:54:36 : 7,700,000 : 0 : 2,101,525,475 : 24%
2022-01-08 17:56:22 : 7,800,000 : 0 : 2,130,099,825 : 24%
2022-01-08 19:54:30 : 7,900,000 : 0 : 2,158,674,175 : 24%
2022-01-08 21:54:51 : 8,000,000 : 0 : 2,187,248,525 : 25%
2022-01-08 23:55:57 : 8,100,000 : 0 : 2,215,298,575 : 25%
2022-01-09 02:05:08 : 8,200,000 : 0 : 2,243,217,550 : 25%
2022-01-09 04:24:27 : 8,300,000 : 0 : 2,261,961,275 : 26%
2022-01-09 07:06:01 : 8,400,000 : 0 : 2,289,880,250 : 26%
2022-01-09 10:22:24 : 8,500,000 : 0 : 2,317,274,925 : 26%
2022-01-09 13:25:06 : 8,600,000 : 0 : 2,344,276,375 : 27%
2022-01-09 15:42:08 : 8,700,000 : 0 : 2,372,195,350 : 27%
2022-01-09 17:41:44 : 8,800,000 : 0 : 2,401,162,925 : 27%
2022-01-09 19:34:56 : 8,900,000 : 0 : 2,429,999,425 : 28%
2022-01-09 21:26:28 : 9,000,000 : 0 : 2,458,311,625 : 28%
2022-01-09 23:23:11 : 9,100,000 : 0 : 2,486,623,825 : 28%
2022-01-10 01:28:48 : 9,200,000 : 0 : 2,515,329,250 : 28%
2022-01-10 03:42:36 : 9,300,000 : 0 : 2,534,335,125 : 29%
2022-01-10 06:10:35 : 9,400,000 : 0 : 2,562,778,400 : 29%
2022-01-10 09:11:00 : 9,500,000 : 0 : 2,590,173,075 : 29%
2022-01-10 12:17:28 : 9,600,000 : 0 : 2,617,829,900 : 30%
2022-01-10 14:38:53 : 9,700,000 : 0 : 2,646,404,250 : 30%
2022-01-10 16:37:47 : 9,800,000 : 0 : 2,675,633,975 : 30%
2022-01-10 18:28:00 : 9,900,000 : 0 : 2,704,601,550 : 31%
2022-01-10 20:19:27 : 10,000,000 : 0 : 2,733,438,050 : 31%
2022-01-10 22:09:39 : 10,100,000 : 0 : 2,752,575,000 : 31%
2022-01-11 00:05:44 : 10,200,000 : 0 : 2,781,018,275 : 31%
2022-01-11 02:11:41 : 10,300,000 : 0 : 2,809,723,700 : 32%
2022-01-11 04:24:24 : 10,400,000 : 0 : 2,838,429,125 : 32%
2022-01-11 07:02:08 : 10,500,000 : 0 : 2,867,003,475 : 32%
2022-01-11 10:18:17 : 10,600,000 : 0 : 2,894,791,375 : 33%
2022-01-11 13:11:41 : 10,700,000 : 0 : 2,922,710,350 : 33%
2022-01-11 15:22:00 : 10,800,000 : 0 : 2,951,284,700 : 33%
2022-01-11 17:15:53 : 10,900,000 : 0 : 2,980,121,200 : 34%
2022-01-11 19:05:37 : 11,000,000 : 0 : 3,008,957,700 : 34%
2022-01-11 20:57:58 : 11,100,000 : 0 : 3,028,225,725 : 34%
2022-01-11 22:49:44 : 11,200,000 : 0 : 3,056,406,850 : 35%
2022-01-12 00:50:46 : 11,300,000 : 0 : 3,084,719,050 : 35%
2022-01-12 03:00:20 : 11,400,000 : 0 : 3,112,900,175 : 35%
2022-01-12 05:21:46 : 11,500,000 : 0 : 3,141,605,600 : 36%
2022-01-12 08:15:20 : 11,600,000 : 0 : 3,169,524,575 : 36%
2022-01-12 11:29:21 : 11,700,000 : 0 : 3,197,181,400 : 36%
2022-01-12 14:05:05 : 11,800,000 : 0 : 3,224,969,300 : 37%
2022-01-12 16:04:24 : 11,900,000 : 0 : 3,253,674,725 : 37%
2022-01-12 17:56:45 : 12,000,000 : 0 : 3,282,642,300 : 37%
2022-01-12 19:50:34 : 12,100,000 : 0 : 3,301,779,250 : 37%
2022-01-12 21:44:09 : 12,200,000 : 0 : 3,330,615,750 : 38%
2022-01-12 23:41:50 : 12,300,000 : 0 : 3,359,321,175 : 38%
2022-01-13 01:52:00 : 12,400,000 : 0 : 3,387,371,225 : 38%
2022-01-13 04:05:27 : 12,500,000 : 0 : 3,415,814,500 : 39%
2022-01-13 06:38:09 : 12,600,000 : 0 : 3,443,733,475 : 39%
2022-01-13 09:48:43 : 12,700,000 : 0 : 3,471,128,150 : 39%
2022-01-13 12:51:10 : 12,800,000 : 0 : 3,498,522,825 : 40%
2022-01-13 15:04:37 : 12,900,000 : 0 : 3,526,966,100 : 40%
2022-01-13 17:02:23 : 13,000,000 : 0 : 3,555,802,600 : 40%
2022-01-13 18:53:51 : 13,100,000 : 0 : 3,574,939,550 : 40%
2022-01-13 20:46:28 : 13,200,000 : 0 : 3,603,907,125 : 41%
2022-01-13 22:41:25 : 13,300,000 : 0 : 3,632,219,325 : 41%
2022-01-14 00:41:44 : 13,400,000 : 0 : 3,660,138,300 : 41%
2022-01-14 02:52:20 : 13,500,000 : 0 : 3,688,712,650 : 42%
2022-01-14 05:12:13 : 13,600,000 : 0 : 3,717,155,925 : 42%
2022-01-14 08:02:12 : 13,700,000 : 0 : 3,744,812,750 : 42%
2022-01-14 11:17:19 : 13,800,000 : 0 : 3,771,945,275 : 43%
2022-01-14 13:52:57 : 13,900,000 : 0 : 3,799,864,250 : 43%
2022-01-14 15:57:09 : 14,000,000 : 0 : 3,828,569,675 : 43%
2022-01-14 17:53:45 : 14,100,000 : 0 : 3,848,493,075 : 44%
2022-01-14 19:53:24 : 14,200,000 : 0 : 3,877,853,875 : 44%
2022-01-14 21:51:32 : 14,300,000 : 0 : 3,906,821,450 : 44%
2022-01-14 23:51:37 : 14,400,000 : 0 : 3,935,002,575 : 45%
2022-01-15 02:06:17 : 14,500,000 : 0 : 3,963,314,775 : 45%
2022-01-15 04:32:05 : 14,600,000 : 0 : 3,991,889,125 : 45%
2022-01-15 07:21:24 : 14,700,000 : 0 : 4,020,332,400 : 46%
2022-01-15 10:45:09 : 14,800,000 : 0 : 4,039,076,125 : 46%
2022-01-15 13:45:25 : 14,900,000 : 0 : 4,066,470,800 : 46%
2022-01-15 16:01:09 : 15,000,000 : 0 : 4,094,914,075 : 46%
2022-01-15 18:01:46 : 15,100,000 : 0 : 4,123,750,575 : 47%
2022-01-15 20:00:25 : 15,200,000 : 0 : 4,152,456,000 : 47%
2022-01-15 22:00:14 : 15,300,000 : 0 : 4,181,161,425 : 47%
2022-01-16 00:03:22 : 15,400,000 : 0 : 4,209,211,475 : 48%
2022-01-16 02:18:42 : 15,500,000 : 0 : 4,237,392,600 : 48%
2022-01-16 04:43:06 : 15,600,000 : 0 : 4,265,704,800 : 48%
2022-01-16 07:33:23 : 15,700,000 : 0 : 4,284,186,375 : 49%
2022-01-16 10:58:25 : 15,800,000 : 0 : 4,311,843,200 : 49%
2022-01-16 13:57:03 : 15,900,000 : 0 : 4,339,631,100 : 49%
2022-01-16 16:11:23 : 16,000,000 : 0 : 4,368,205,450 : 49%
2022-01-16 18:07:38 : 16,100,000 : 0 : 4,397,566,250 : 50%
2022-01-16 20:02:25 : 16,200,000 : 0 : 4,427,320,275 : 50%
2022-01-16 21:56:30 : 16,300,000 : 0 : 4,456,681,075 : 50%
2022-01-16 23:56:15 : 16,400,000 : 0 : 4,485,779,725 : 51%
2022-01-17 02:06:48 : 16,500,000 : 0 : 4,504,785,600 : 51%
2022-01-17 04:25:53 : 16,600,000 : 0 : 4,533,884,250 : 51%
2022-01-17 07:02:00 : 16,700,000 : 0 : 4,562,982,900 : 52%
2022-01-17 10:09:39 : 16,800,000 : 0 : 4,591,032,950 : 52%
2022-01-17 13:03:09 : 16,900,000 : 0 : 4,619,083,000 : 52%
2022-01-17 15:18:15 : 17,000,000 : 0 : 4,647,788,425 : 53%
2022-01-17 17:11:33 : 17,100,000 : 0 : 4,677,411,375 : 53%
2022-01-17 18:57:09 : 17,200,000 : 0 : 4,696,810,475 : 53%
2022-01-17 20:44:17 : 17,300,000 : 0 : 4,725,909,125 : 54%
2022-01-17 22:33:31 : 17,400,000 : 0 : 4,754,745,625 : 54%
2022-01-18 00:32:52 : 17,500,000 : 0 : 4,783,319,975 : 54%
2022-01-18 02:40:33 : 17,600,000 : 0 : 4,812,025,400 : 54%
2022-01-18 04:57:30 : 17,700,000 : 0 : 4,840,599,750 : 55%
2022-01-18 07:40:21 : 17,800,000 : 0 : 4,869,174,100 : 55%
2022-01-18 10:56:30 : 17,900,000 : 0 : 4,897,224,150 : 55%
2022-01-18 13:38:52 : 18,000,000 : 0 : 4,925,405,275 : 56%
Decoding error with 134,217,728 bytes, reading another chunk
2022-01-18 15:43:42 : 18,100,000 : 0 : 4,954,241,775 : 56%
2022-01-18 17:37:10 : 18,200,000 : 0 : 4,973,771,950 : 56%
2022-01-18 19:25:21 : 18,300,000 : 0 : 5,003,001,675 : 57%
2022-01-18 21:14:48 : 18,400,000 : 0 : 5,032,100,325 : 57%
2022-01-18 23:06:00 : 18,500,000 : 0 : 5,060,674,675 : 57%
2022-01-19 01:07:16 : 18,600,000 : 0 : 5,089,511,175 : 58%
2022-01-19 03:18:58 : 18,700,000 : 0 : 5,118,609,825 : 58%
2022-01-19 05:43:59 : 18,800,000 : 0 : 5,147,577,400 : 58%
2022-01-19 08:46:20 : 18,900,000 : 0 : 5,166,583,275 : 59%
2022-01-19 11:58:39 : 19,000,000 : 0 : 5,195,288,700 : 59%
2022-01-19 14:24:59 : 19,100,000 : 0 : 5,224,125,200 : 59%
2022-01-19 16:25:34 : 19,200,000 : 0 : 5,253,223,850 : 59%
2022-01-19 18:17:32 : 19,300,000 : 0 : 5,282,322,500 : 60%
2022-01-19 20:08:40 : 19,400,000 : 0 : 5,311,421,150 : 60%
2022-01-19 22:02:07 : 19,500,000 : 0 : 5,340,257,650 : 60%
2022-01-19 23:58:04 : 19,600,000 : 0 : 5,368,569,850 : 61%
2022-01-20 02:07:03 : 19,700,000 : 0 : 5,397,406,350 : 61%
2022-01-20 04:22:18 : 19,800,000 : 0 : 5,416,674,375 : 61%
2022-01-20 06:57:46 : 19,900,000 : 0 : 5,445,379,800 : 62%
2022-01-20 10:14:24 : 20,000,000 : 0 : 5,474,347,375 : 62%
2022-01-20 13:08:29 : 20,100,000 : 0 : 5,503,314,950 : 62%
2022-01-20 15:17:19 : 20,200,000 : 0 : 5,532,544,675 : 63%
Decoding error with 134,217,728 bytes, reading another chunk
2022-01-20 17:12:04 : 20,300,000 : 0 : 5,562,167,625 : 63%
2022-01-20 19:02:47 : 20,400,000 : 0 : 5,591,659,500 : 63%
2022-01-20 20:59:54 : 20,500,000 : 0 : 5,621,020,300 : 64%
2022-01-20 22:59:26 : 20,600,000 : 0 : 5,649,070,350 : 64%
2022-01-21 01:01:15 : 20,700,000 : 0 : 5,677,382,550 : 64%
2022-01-21 03:13:06 : 20,800,000 : 0 : 5,696,650,575 : 65%
2022-01-21 05:38:39 : 20,900,000 : 0 : 5,725,356,000 : 65%
2022-01-21 08:40:28 : 21,000,000 : 0 : 5,753,930,350 : 65%
2022-01-21 11:55:33 : 21,100,000 : 0 : 5,782,373,625 : 65%
2022-01-21 14:22:47 : 21,200,000 : 0 : 5,810,816,900 : 66%
2022-01-21 16:22:50 : 21,300,000 : 0 : 5,839,784,475 : 66%
2022-01-21 18:16:15 : 21,400,000 : 0 : 5,869,669,575 : 66%
2022-01-21 20:13:45 : 21,500,000 : 0 : 5,899,292,525 : 67%
2022-01-21 22:10:31 : 21,600,000 : 0 : 5,928,260,100 : 67%
2022-01-22 00:13:35 : 21,700,000 : 0 : 5,947,265,975 : 67%
2022-01-22 02:32:03 : 21,800,000 : 0 : 5,975,971,400 : 68%
2022-01-22 05:03:48 : 21,900,000 : 0 : 6,004,938,975 : 68%
2022-01-22 08:01:08 : 22,000,000 : 0 : 6,033,382,250 : 68%
2022-01-22 11:24:04 : 22,100,000 : 0 : 6,061,563,375 : 69%
2022-01-22 14:12:20 : 22,200,000 : 0 : 6,089,875,575 : 69%
2022-01-22 16:21:21 : 22,300,000 : 0 : 6,118,449,925 : 69%
2022-01-22 18:18:27 : 22,400,000 : 0 : 6,147,548,575 : 70%
2022-01-22 20:16:04 : 22,500,000 : 0 : 6,166,947,675 : 70%
2022-01-22 22:15:40 : 22,600,000 : 0 : 6,196,046,325 : 70%
2022-01-23 00:21:51 : 22,700,000 : 0 : 6,224,751,750 : 70%
2022-01-23 02:38:18 : 22,800,000 : 0 : 6,253,195,025 : 71%
2022-01-23 05:03:36 : 22,900,000 : 0 : 6,281,245,075 : 71%
2022-01-23 07:55:09 : 23,000,000 : 0 : 6,308,770,825 : 71%
2022-01-23 11:05:30 : 23,100,000 : 0 : 6,335,903,350 : 72%
2022-01-23 13:54:14 : 23,200,000 : 0 : 6,354,122,775 : 72%
2022-01-23 16:04:55 : 23,300,000 : 0 : 6,382,828,200 : 72%
2022-01-23 18:01:46 : 23,400,000 : 0 : 6,412,320,075 : 73%
2022-01-23 19:54:31 : 23,500,000 : 0 : 6,441,811,950 : 73%
2022-01-23 21:48:57 : 23,600,000 : 0 : 6,470,910,600 : 73%
2022-01-23 23:47:55 : 23,700,000 : 0 : 6,499,878,175 : 74%
2022-01-24 01:57:57 : 23,800,000 : 0 : 6,528,714,675 : 74%
2022-01-24 04:14:13 : 23,900,000 : 0 : 6,557,551,175 : 74%
2022-01-24 06:48:30 : 24,000,000 : 0 : 6,585,863,375 : 75%
2022-01-24 10:00:02 : 24,100,000 : 0 : 6,605,000,325 : 75%
2022-01-24 12:52:17 : 24,200,000 : 0 : 6,633,836,825 : 75%
Decoding error with 134,217,728 bytes, reading another chunk
2022-01-24 15:07:59 : 24,300,000 : 0 : 6,663,066,550 : 75%
2022-01-24 17:01:29 : 24,400,000 : 0 : 6,692,558,425 : 76%
2022-01-24 18:49:09 : 24,500,000 : 0 : 6,721,788,150 : 76%
2022-01-24 20:37:02 : 24,600,000 : 0 : 6,750,886,800 : 76%
2022-01-24 22:24:30 : 24,700,000 : 0 : 6,779,592,225 : 77%
2022-01-25 01:06:26 : 24,800,000 : 0 : 6,808,428,725 : 77%
2022-01-25 03:08:23 : 24,900,000 : 0 : 6,837,527,375 : 77%
2022-01-25 05:29:19 : 25,000,000 : 0 : 6,856,926,475 : 78%
2022-01-25 08:25:05 : 25,100,000 : 0 : 6,886,025,125 : 78%
2022-01-25 11:36:17 : 25,200,000 : 0 : 6,914,337,325 : 78%
Decoding error with 134,217,728 bytes, reading another chunk
2022-01-25 14:01:48 : 25,300,000 : 0 : 6,952,873,375 : 79%
2022-01-25 16:00:16 : 25,400,000 : 0 : 6,972,403,550 : 79%
2022-01-25 17:49:45 : 25,500,000 : 0 : 7,001,633,275 : 79%
2022-01-25 19:39:13 : 25,600,000 : 0 : 7,030,994,075 : 80%
2022-01-25 21:31:07 : 25,700,000 : 0 : 7,060,223,800 : 80%
2022-01-25 23:27:38 : 25,800,000 : 0 : 7,089,060,300 : 80%
2022-01-26 01:30:07 : 25,900,000 : 0 : 7,108,197,250 : 80%
2022-01-26 03:40:24 : 26,000,000 : 0 : 7,137,426,975 : 81%
2022-01-26 06:10:39 : 26,100,000 : 0 : 7,165,870,250 : 81%
2022-01-26 09:18:44 : 26,200,000 : 0 : 7,193,527,075 : 81%
2022-01-26 12:24:05 : 26,300,000 : 0 : 7,221,708,200 : 82%
2022-01-26 14:41:51 : 26,400,000 : 0 : 7,250,544,700 : 82%
2022-01-26 16:35:35 : 26,500,000 : 0 : 7,279,905,500 : 82%
2022-01-26 18:22:20 : 26,600,000 : 0 : 7,308,873,075 : 83%
2022-01-26 20:10:11 : 26,700,000 : 0 : 7,337,709,575 : 83%
2022-01-26 21:59:04 : 26,800,000 : 0 : 7,366,283,925 : 83%
2022-01-26 23:52:47 : 26,900,000 : 0 : 7,385,289,800 : 84%
2022-01-27 02:00:53 : 27,000,000 : 0 : 7,413,995,225 : 84%
2022-01-27 04:14:56 : 27,100,000 : 0 : 7,442,831,725 : 84%
2022-01-27 06:52:18 : 27,200,000 : 0 : 7,471,668,225 : 85%
2022-01-27 10:10:00 : 27,300,000 : 0 : 7,500,373,650 : 85%
2022-01-27 13:05:18 : 27,400,000 : 0 : 7,528,685,850 : 85%
2022-01-27 15:13:12 : 27,500,000 : 0 : 7,557,391,275 : 86%
2022-01-27 17:06:49 : 27,600,000 : 0 : 7,586,489,925 : 86%
2022-01-27 18:55:41 : 27,700,000 : 0 : 7,615,457,500 : 86%
2022-01-27 20:46:11 : 27,800,000 : 0 : 7,644,687,225 : 87%
2022-01-27 22:36:30 : 27,900,000 : 0 : 7,673,392,650 : 87%
2022-01-28 00:34:32 : 28,000,000 : 0 : 7,692,398,525 : 87%
2022-01-28 02:42:56 : 28,100,000 : 0 : 7,721,235,025 : 87%
2022-01-28 05:03:41 : 28,200,000 : 0 : 7,749,940,450 : 88%
2022-01-28 07:58:50 : 28,300,000 : 0 : 7,778,776,950 : 88%
2022-01-28 11:12:02 : 28,400,000 : 0 : 7,807,351,300 : 88%
2022-01-28 13:49:59 : 28,500,000 : 0 : 7,835,401,350 : 89%
2022-01-28 15:54:27 : 28,600,000 : 0 : 7,864,893,225 : 89%
2022-01-28 17:50:08 : 28,700,000 : 0 : 7,894,647,250 : 89%
2022-01-28 19:43:06 : 28,800,000 : 0 : 7,923,745,900 : 90%
2022-01-28 21:38:45 : 28,900,000 : 0 : 7,952,582,400 : 90%
2022-01-28 23:37:22 : 29,000,000 : 0 : 7,981,156,750 : 90%
2022-01-29 01:48:12 : 29,100,000 : 0 : 8,000,162,625 : 91%
2022-01-29 04:09:36 : 29,200,000 : 0 : 8,028,605,900 : 91%
2022-01-29 06:52:08 : 29,300,000 : 0 : 8,057,311,325 : 91%
2022-01-29 10:12:49 : 29,400,000 : 0 : 8,085,361,375 : 92%
2022-01-29 13:23:02 : 29,500,000 : 0 : 8,113,149,275 : 92%
2022-01-29 15:42:08 : 29,600,000 : 0 : 8,141,985,775 : 92%
2022-01-29 17:41:15 : 29,700,000 : 0 : 8,171,477,650 : 93%
2022-01-29 19:38:07 : 29,800,000 : 0 : 8,200,707,375 : 93%
2022-01-29 21:37:48 : 29,900,000 : 0 : 8,230,068,175 : 93%
2022-01-29 23:40:53 : 30,000,000 : 0 : 8,258,904,675 : 94%
2022-01-30 01:55:53 : 30,100,000 : 0 : 8,277,910,550 : 94%
2022-01-30 04:21:45 : 30,200,000 : 0 : 8,306,747,050 : 94%
2022-01-30 07:10:26 : 30,300,000 : 0 : 8,335,059,250 : 94%
2022-01-30 10:31:40 : 30,400,000 : 0 : 8,362,585,000 : 95%
2022-01-30 13:34:49 : 30,500,000 : 0 : 8,390,372,900 : 95%
2022-01-30 15:51:19 : 30,600,000 : 0 : 8,419,340,475 : 95%
2022-01-30 17:48:26 : 30,700,000 : 0 : 8,448,570,200 : 96%
2022-01-30 19:41:49 : 30,800,000 : 0 : 8,477,799,925 : 96%
2022-01-30 21:36:05 : 30,900,000 : 0 : 8,507,160,725 : 96%
2022-01-30 23:36:27 : 31,000,000 : 0 : 8,536,128,300 : 97%
2022-01-31 01:44:56 : 31,100,000 : 0 : 8,564,833,725 : 97%
2022-01-31 04:00:35 : 31,200,000 : 0 : 8,583,839,600 : 97%
2022-01-31 06:35:09 : 31,300,000 : 0 : 8,612,676,100 : 98%
2022-01-31 09:48:31 : 31,400,000 : 0 : 8,641,250,450 : 98%
2022-01-31 12:43:23 : 31,500,000 : 0 : 8,669,169,425 : 98%
2022-01-31 14:57:00 : 31,600,000 : 0 : 8,697,481,625 : 98%
2022-01-31 16:50:39 : 31,700,000 : 0 : 8,726,580,275 : 99%
2022-01-31 18:39:18 : 31,800,000 : 0 : 8,756,072,150 : 99%
2022-01-31 20:27:28 : 31,900,000 : 0 : 8,785,039,725 : 99%
2022-01-31 22:16:13 : 32,000,000 : 0 : 8,814,138,375 : 100%
2022-02-01 02:07:05 : 100,000 : 0 : 30,409,400 : 0%
2022-02-01 04:20:36 : 200,000 : 0 : 59,639,125 : 1%
2022-02-01 06:59:09 : 300,000 : 0 : 88,868,850 : 1%
2022-02-01 10:13:28 : 400,000 : 0 : 117,049,975 : 1%
2022-02-01 13:05:07 : 500,000 : 0 : 145,624,325 : 2%
2022-02-01 15:13:28 : 600,000 : 0 : 174,854,050 : 2%
2022-02-01 17:06:17 : 700,000 : 0 : 204,214,850 : 2%
2022-02-01 18:55:32 : 800,000 : 0 : 233,706,725 : 3%
2022-02-01 20:45:56 : 900,000 : 0 : 262,936,450 : 3%
2022-02-01 22:35:26 : 1,000,000 : 0 : 291,641,875 : 3%
2022-02-02 00:34:14 : 1,100,000 : 0 : 310,778,825 : 4%
2022-02-02 02:42:32 : 1,200,000 : 0 : 339,615,325 : 4%
2022-02-02 04:59:30 : 1,300,000 : 0 : 368,320,750 : 4%
2022-02-02 07:46:42 : 1,400,000 : 0 : 396,764,025 : 5%
2022-02-02 11:02:48 : 1,500,000 : 0 : 425,076,225 : 5%
2022-02-02 13:39:05 : 1,600,000 : 0 : 453,388,425 : 5%
2022-02-02 15:40:14 : 1,700,000 : 0 : 482,356,000 : 6%
2022-02-02 17:28:42 : 1,800,000 : 0 : 511,585,725 : 6%
2022-02-02 19:15:09 : 1,900,000 : 0 : 540,815,450 : 6%
2022-02-02 21:03:20 : 2,000,000 : 0 : 570,045,175 : 7%
2022-02-02 22:53:38 : 2,100,000 : 0 : 598,750,600 : 7%
2022-02-03 00:52:45 : 2,200,000 : 0 : 627,456,025 : 8%
2022-02-03 03:02:55 : 2,300,000 : 0 : 646,330,825 : 8%
2022-02-03 05:25:14 : 2,400,000 : 0 : 675,036,250 : 8%
2022-02-03 08:18:55 : 2,500,000 : 0 : 703,479,525 : 8%
2022-02-03 11:30:09 : 2,600,000 : 0 : 731,398,500 : 9%
2022-02-03 14:03:35 : 2,700,000 : 0 : 759,710,700 : 9%
2022-02-03 16:03:53 : 2,800,000 : 0 : 788,809,350 : 9%
2022-02-03 17:54:09 : 2,900,000 : 0 : 818,301,225 : 10%
2022-02-03 19:42:39 : 3,000,000 : 0 : 847,662,025 : 10%
2022-02-03 21:32:24 : 3,100,000 : 0 : 876,498,525 : 10%
2022-02-03 23:24:10 : 3,200,000 : 0 : 905,203,950 : 11%
2022-02-04 01:27:04 : 3,300,000 : 0 : 933,516,150 : 11%
2022-02-04 03:41:18 : 3,400,000 : 0 : 961,828,350 : 12%
2022-02-04 06:09:14 : 3,500,000 : 0 : 990,271,625 : 12%
2022-02-04 09:15:10 : 3,600,000 : 0 : 1,009,277,500 : 12%
2022-02-04 12:20:47 : 3,700,000 : 0 : 1,037,065,400 : 12%
2022-02-04 14:39:52 : 3,800,000 : 0 : 1,065,246,525 : 13%
2022-02-04 16:31:30 : 3,900,000 : 0 : 1,094,214,100 : 13%
2022-02-04 18:18:49 : 4,000,000 : 0 : 1,123,443,825 : 13%
2022-02-04 20:09:05 : 4,100,000 : 0 : 1,152,673,550 : 14%
2022-02-04 22:01:42 : 4,200,000 : 0 : 1,181,641,125 : 14%
2022-02-04 23:58:47 : 4,300,000 : 0 : 1,210,215,475 : 14%
2022-02-05 02:08:27 : 4,400,000 : 0 : 1,238,789,825 : 15%
2022-02-05 04:32:05 : 4,500,000 : 0 : 1,267,233,100 : 15%
2022-02-05 07:17:11 : 4,600,000 : 0 : 1,295,021,000 : 16%
2022-02-05 10:31:45 : 4,700,000 : 0 : 1,322,284,600 : 16%
2022-02-05 13:29:20 : 4,800,000 : 0 : 1,350,727,875 : 16%
2022-02-05 15:39:54 : 4,900,000 : 0 : 1,379,695,450 : 17%
2022-02-05 17:37:56 : 5,000,000 : 0 : 1,399,094,550 : 17%
2022-02-05 19:55:00 : 5,100,000 : 0 : 1,428,848,575 : 17%
2022-02-05 21:58:49 : 5,200,000 : 0 : 1,457,685,075 : 17%
2022-02-06 00:02:41 : 5,300,000 : 0 : 1,485,997,275 : 18%
2022-02-06 02:17:06 : 5,400,000 : 0 : 1,514,178,400 : 18%
2022-02-06 06:47:52 : 5,500,000 : 0 : 1,542,359,525 : 18%
2022-02-06 09:55:29 : 5,600,000 : 0 : 1,570,540,650 : 19%
2022-02-06 12:59:04 : 5,700,000 : 0 : 1,598,328,550 : 19%
2022-02-06 15:11:15 : 5,800,000 : 0 : 1,617,072,275 : 19%
2022-02-06 17:06:22 : 5,900,000 : 0 : 1,646,170,925 : 20%
2022-02-06 18:57:38 : 6,000,000 : 0 : 1,675,531,725 : 20%
2022-02-06 20:50:19 : 6,100,000 : 0 : 1,705,416,825 : 20%
2022-02-06 22:43:43 : 6,200,000 : 0 : 1,734,253,325 : 21%
2022-02-07 00:47:31 : 6,300,000 : 0 : 1,763,351,975 : 21%
2022-02-07 03:00:08 : 6,400,000 : 0 : 1,792,319,550 : 21%
2022-02-07 05:25:21 : 6,500,000 : 0 : 1,821,156,050 : 22%
2022-02-07 08:14:47 : 6,600,000 : 0 : 1,849,599,325 : 22%
2022-02-07 11:28:18 : 6,700,000 : 0 : 1,877,911,525 : 22%
2022-02-07 13:58:15 : 6,800,000 : 0 : 1,906,354,800 : 23%
2022-02-07 15:58:43 : 6,900,000 : 0 : 1,935,977,750 : 23%
2022-02-07 17:47:29 : 7,000,000 : 0 : 1,956,163,300 : 23%
2022-02-07 19:36:47 : 7,100,000 : 0 : 1,985,786,250 : 24%
2022-02-07 21:23:26 : 7,200,000 : 0 : 2,014,884,900 : 24%
2022-02-07 23:11:44 : 7,300,000 : 0 : 2,043,590,325 : 24%
2022-02-08 01:14:09 : 7,400,000 : 0 : 2,072,688,975 : 25%
2022-02-08 03:22:40 : 7,500,000 : 0 : 2,101,787,625 : 25%
2022-02-08 05:44:07 : 7,600,000 : 0 : 2,131,279,500 : 26%
2022-02-08 08:37:43 : 7,700,000 : 0 : 2,159,722,775 : 26%
2022-02-08 11:46:46 : 7,800,000 : 0 : 2,188,428,200 : 26%
2022-02-08 14:09:50 : 7,900,000 : 0 : 2,217,133,625 : 27%
2022-02-08 16:09:05 : 8,000,000 : 0 : 2,236,794,875 : 27%
2022-02-08 17:58:01 : 8,100,000 : 0 : 2,266,155,675 : 27%
2022-02-08 19:44:18 : 8,200,000 : 0 : 2,295,385,400 : 27%
2022-02-08 21:34:12 : 8,300,000 : 0 : 2,324,877,275 : 28%
2022-02-08 23:27:10 : 8,400,000 : 0 : 2,353,582,700 : 28%
2022-02-09 01:29:46 : 8,500,000 : 0 : 2,382,550,275 : 29%
2022-02-09 03:41:00 : 8,600,000 : 0 : 2,411,648,925 : 29%
2022-02-09 06:06:41 : 8,700,000 : 0 : 2,440,878,650 : 29%
2022-02-09 09:04:37 : 8,800,000 : 0 : 2,459,884,525 : 29%
2022-02-09 12:07:26 : 8,900,000 : 0 : 2,488,458,875 : 30%
2022-02-09 14:25:12 : 9,000,000 : 0 : 2,517,557,525 : 30%
2022-02-09 16:21:13 : 9,100,000 : 0 : 2,546,787,250 : 30%
2022-02-09 18:11:51 : 9,200,000 : 0 : 2,576,672,350 : 31%
2022-02-09 20:03:29 : 9,300,000 : 0 : 2,605,902,075 : 31%
2022-02-09 21:54:34 : 9,400,000 : 0 : 2,635,131,800 : 32%
2022-02-09 23:49:08 : 9,500,000 : 0 : 2,663,968,300 : 32%
2022-02-10 01:54:40 : 9,600,000 : 0 : 2,693,066,950 : 32%
2022-02-10 04:03:31 : 9,700,000 : 0 : 2,722,165,600 : 33%
2022-02-10 06:33:21 : 9,800,000 : 0 : 2,741,433,625 : 33%
2022-02-10 09:39:27 : 9,900,000 : 0 : 2,770,007,975 : 33%
2022-02-10 12:37:27 : 10,000,000 : 0 : 2,798,320,175 : 33%
2022-02-10 14:50:13 : 10,100,000 : 0 : 2,827,287,750 : 34%
2022-02-10 16:43:03 : 10,200,000 : 0 : 2,856,386,400 : 34%
2022-02-10 18:33:16 : 10,300,000 : 0 : 2,885,878,275 : 35%
2022-02-10 20:22:33 : 10,400,000 : 0 : 2,915,239,075 : 35%
2022-02-10 22:31:11 : 10,500,000 : 0 : 2,944,468,800 : 35%
2022-02-11 00:32:08 : 10,600,000 : 0 : 2,973,305,300 : 36%
2022-02-11 02:41:54 : 10,700,000 : 0 : 2,992,704,400 : 36%
2022-02-11 05:00:12 : 10,800,000 : 0 : 3,021,671,975 : 36%
2022-02-11 07:43:24 : 10,900,000 : 0 : 3,049,984,175 : 37%
2022-02-11 10:54:53 : 11,000,000 : 0 : 3,078,034,225 : 37%
2022-02-11 13:34:25 : 11,100,000 : 0 : 3,106,215,350 : 37%
2022-02-11 15:37:23 : 11,200,000 : 0 : 3,135,314,000 : 38%
2022-02-11 17:30:37 : 11,300,000 : 0 : 3,164,805,875 : 38%
2022-02-11 19:23:53 : 11,400,000 : 0 : 3,194,428,825 : 38%
2022-02-11 21:17:47 : 11,500,000 : 0 : 3,223,527,475 : 39%
2022-02-11 23:13:05 : 11,600,000 : 0 : 3,251,839,675 : 39%
2022-02-12 01:19:41 : 11,700,000 : 0 : 3,270,976,625 : 39%
2022-02-12 03:36:36 : 11,800,000 : 0 : 3,299,157,750 : 39%
2022-02-12 06:08:22 : 11,900,000 : 0 : 3,327,338,875 : 40%
2022-02-12 09:12:13 : 12,000,000 : 0 : 3,354,995,700 : 40%
2022-02-12 12:22:47 : 12,100,000 : 0 : 3,382,914,675 : 40%
2022-02-12 14:50:47 : 12,200,000 : 0 : 3,411,095,800 : 41%
2022-02-12 16:50:42 : 12,300,000 : 0 : 3,440,194,450 : 41%
2022-02-12 18:48:16 : 12,400,000 : 0 : 3,469,293,100 : 42%
2022-02-12 20:46:38 : 12,500,000 : 0 : 3,498,784,975 : 42%
2022-02-12 22:48:37 : 12,600,000 : 0 : 3,527,621,475 : 42%
2022-02-13 00:59:18 : 12,700,000 : 0 : 3,547,020,575 : 42%
2022-02-13 03:20:16 : 12,800,000 : 0 : 3,575,594,925 : 43%
2022-02-13 05:56:31 : 12,900,000 : 0 : 3,603,513,900 : 43%
2022-02-13 08:58:09 : 13,000,000 : 0 : 3,631,170,725 : 43%
2022-02-13 12:11:55 : 13,100,000 : 0 : 3,658,696,475 : 44%
2022-02-13 14:42:22 : 13,200,000 : 0 : 3,686,746,525 : 44%
2022-02-13 16:40:32 : 13,300,000 : 0 : 3,716,238,400 : 44%
2022-02-13 18:31:24 : 13,400,000 : 0 : 3,745,861,350 : 45%
2022-02-13 20:23:08 : 13,500,000 : 0 : 3,776,139,675 : 45%
2022-02-13 22:18:04 : 13,600,000 : 0 : 3,806,286,925 : 46%
2022-02-14 00:28:10 : 13,700,000 : 0 : 3,836,040,950 : 46%
2022-02-14 02:52:43 : 13,800,000 : 0 : 3,865,532,825 : 46%
2022-02-14 05:14:20 : 13,900,000 : 0 : 3,884,800,850 : 47%
2022-02-14 08:00:21 : 14,000,000 : 0 : 3,913,506,275 : 47%
2022-02-14 11:06:51 : 14,100,000 : 0 : 3,942,342,775 : 47%
2022-02-14 13:38:57 : 14,200,000 : 0 : 3,980,354,525 : 48%
2022-02-14 15:39:05 : 14,300,000 : 0 : 4,009,977,475 : 48%
2022-02-14 17:27:38 : 14,400,000 : 0 : 4,029,900,875 : 48%
2022-02-14 19:14:49 : 14,500,000 : 0 : 4,059,654,900 : 49%
2022-02-14 21:02:58 : 14,600,000 : 0 : 4,089,802,150 : 49%
2022-02-14 23:16:55 : 14,700,000 : 0 : 4,119,949,400 : 49%
2022-02-15 01:18:03 : 14,800,000 : 0 : 4,149,310,200 : 50%
2022-02-15 03:30:26 : 14,900,000 : 0 : 4,178,802,075 : 50%
2022-02-15 05:56:37 : 15,000,000 : 0 : 4,207,900,725 : 50%
2022-02-15 08:56:20 : 15,100,000 : 0 : 4,236,868,300 : 51%
2022-02-15 12:00:35 : 15,200,000 : 0 : 4,265,835,875 : 51%
2022-02-15 14:22:03 : 15,300,000 : 0 : 4,294,934,525 : 51%
2022-02-15 16:16:49 : 15,400,000 : 0 : 4,324,688,550 : 52%
2022-02-15 18:03:17 : 15,500,000 : 0 : 4,354,442,575 : 52%
2022-02-15 19:49:13 : 15,600,000 : 0 : 4,373,710,600 : 52%
2022-02-15 21:37:19 : 15,700,000 : 0 : 4,403,333,550 : 53%
2022-02-15 23:26:41 : 15,800,000 : 0 : 4,432,170,050 : 53%
2022-02-16 01:24:41 : 15,900,000 : 0 : 4,460,744,400 : 53%
2022-02-16 03:32:24 : 16,000,000 : 0 : 4,489,711,975 : 54%
2022-02-16 05:55:19 : 16,100,000 : 0 : 4,518,548,475 : 54%
2022-02-16 08:46:55 : 16,200,000 : 0 : 4,547,253,900 : 54%
2022-02-16 11:47:19 : 16,300,000 : 0 : 4,575,959,325 : 55%
2022-02-16 14:07:05 : 16,400,000 : 0 : 4,604,664,750 : 55%
2022-02-16 15:58:54 : 16,500,000 : 0 : 4,633,632,325 : 55%
2022-02-16 17:42:29 : 16,600,000 : 0 : 4,653,162,500 : 56%
2022-02-16 19:34:52 : 16,700,000 : 0 : 4,682,654,375 : 56%
2022-02-16 21:21:29 : 16,800,000 : 0 : 4,712,146,250 : 56%
2022-02-16 23:11:27 : 16,900,000 : 0 : 4,740,851,675 : 57%
2022-02-17 01:11:29 : 17,000,000 : 0 : 4,769,819,250 : 57%
2022-02-17 03:18:36 : 17,100,000 : 0 : 4,798,786,825 : 57%
2022-02-17 05:40:51 : 17,200,000 : 0 : 4,827,623,325 : 58%
2022-02-17 08:32:05 : 17,300,000 : 0 : 4,856,328,750 : 58%
2022-02-17 11:36:04 : 17,400,000 : 0 : 4,884,640,950 : 58%
2022-02-17 13:58:44 : 17,500,000 : 0 : 4,903,777,900 : 59%
2022-02-17 15:55:17 : 17,600,000 : 0 : 4,932,876,550 : 59%
2022-02-17 17:43:43 : 17,700,000 : 0 : 4,962,499,500 : 59%
2022-02-17 19:33:43 : 17,800,000 : 0 : 4,991,991,375 : 60%
2022-02-17 21:22:42 : 17,900,000 : 0 : 5,020,827,875 : 60%
2022-02-17 23:15:10 : 18,000,000 : 0 : 5,049,533,300 : 60%
2022-02-18 01:17:29 : 18,100,000 : 0 : 5,078,631,950 : 61%
2022-02-18 03:28:49 : 18,200,000 : 0 : 5,107,730,600 : 61%
2022-02-18 05:53:12 : 18,300,000 : 0 : 5,136,304,950 : 61%
2022-02-18 08:48:26 : 18,400,000 : 0 : 5,164,617,150 : 62%
2022-02-18 11:52:57 : 18,500,000 : 0 : 5,192,798,275 : 62%
2022-02-18 14:09:42 : 18,600,000 : 0 : 5,221,372,625 : 63%
2022-02-18 16:04:43 : 18,700,000 : 0 : 5,250,733,425 : 63%
2022-02-18 17:51:36 : 18,800,000 : 0 : 5,280,356,375 : 63%
2022-02-18 19:41:26 : 18,900,000 : 0 : 5,299,755,475 : 63%
2022-02-18 21:31:54 : 19,000,000 : 0 : 5,328,985,200 : 64%
2022-02-18 23:27:15 : 19,100,000 : 0 : 5,357,690,625 : 64%
2022-02-19 01:36:03 : 19,200,000 : 0 : 5,386,527,125 : 64%
2022-02-19 03:53:56 : 19,300,000 : 0 : 5,415,494,700 : 65%
2022-02-19 06:33:01 : 19,400,000 : 0 : 5,444,200,125 : 65%
2022-02-19 09:41:42 : 19,500,000 : 0 : 5,472,512,325 : 66%
2022-02-19 12:46:13 : 19,600,000 : 0 : 5,500,300,225 : 66%
2022-02-19 15:03:14 : 19,700,000 : 0 : 5,529,005,650 : 66%
2022-02-19 17:02:08 : 19,800,000 : 0 : 5,558,235,375 : 67%
2022-02-19 18:59:21 : 19,900,000 : 0 : 5,587,596,175 : 67%
2022-02-19 20:58:49 : 20,000,000 : 0 : 5,617,088,050 : 67%
2022-02-19 22:59:49 : 20,100,000 : 0 : 5,646,055,625 : 68%
2022-02-20 01:12:01 : 20,200,000 : 0 : 5,674,892,125 : 68%
2022-02-20 03:33:44 : 20,300,000 : 0 : 5,693,898,000 : 68%
2022-02-20 06:07:54 : 20,400,000 : 0 : 5,722,079,125 : 68%
2022-02-20 09:16:25 : 20,500,000 : 0 : 5,750,391,325 : 69%
2022-02-20 12:21:18 : 20,600,000 : 0 : 5,778,441,375 : 69%
2022-02-20 14:46:59 : 20,700,000 : 0 : 5,807,015,725 : 70%
2022-02-20 16:44:01 : 20,800,000 : 0 : 5,836,114,375 : 70%
2022-02-20 18:35:51 : 20,900,000 : 0 : 5,865,344,100 : 70%
2022-02-20 20:27:32 : 21,000,000 : 0 : 5,895,098,125 : 71%
2022-02-20 22:21:48 : 21,100,000 : 0 : 5,923,934,625 : 71%
2022-02-21 00:23:41 : 21,200,000 : 0 : 5,952,902,200 : 71%
2022-02-21 02:36:25 : 21,300,000 : 0 : 5,972,170,225 : 71%
2022-02-21 04:59:15 : 21,400,000 : 0 : 6,001,137,800 : 72%
2022-02-21 07:40:13 : 21,500,000 : 0 : 6,029,974,300 : 72%
2022-02-21 10:47:21 : 21,600,000 : 0 : 6,058,548,650 : 73%
2022-02-21 13:26:21 : 21,700,000 : 0 : 6,086,860,850 : 73%
2022-02-21 15:28:27 : 21,800,000 : 0 : 6,115,828,425 : 73%
2022-02-21 17:17:18 : 21,900,000 : 0 : 6,145,451,375 : 74%
2022-02-21 19:03:56 : 22,000,000 : 0 : 6,175,205,400 : 74%
2022-02-21 20:52:31 : 22,100,000 : 0 : 6,204,828,350 : 74%
2022-02-21 22:40:21 : 22,200,000 : 0 : 6,233,795,925 : 75%
2022-02-22 00:36:22 : 22,300,000 : 0 : 6,262,370,275 : 75%
2022-02-22 02:41:15 : 22,400,000 : 0 : 6,291,337,850 : 75%
2022-02-22 04:53:04 : 22,500,000 : 0 : 6,310,343,725 : 76%
2022-02-22 07:27:05 : 22,600,000 : 0 : 6,338,787,000 : 76%
2022-02-22 10:34:31 : 22,700,000 : 0 : 6,367,361,350 : 76%
2022-02-22 13:11:24 : 22,800,000 : 0 : 6,395,542,475 : 77%
2022-02-22 15:14:06 : 22,900,000 : 0 : 6,424,641,125 : 77%
2022-02-22 17:03:11 : 23,000,000 : 0 : 6,454,133,000 : 77%
2022-02-22 18:48:02 : 23,100,000 : 0 : 6,483,362,725 : 78%
2022-02-22 20:36:10 : 23,200,000 : 0 : 6,513,247,825 : 78%
2022-02-22 22:20:51 : 23,300,000 : 0 : 6,542,346,475 : 78%
2022-02-23 00:14:11 : 23,400,000 : 0 : 6,571,314,050 : 79%
2022-02-23 02:19:00 : 23,500,000 : 0 : 6,600,805,925 : 79%
2022-02-23 04:26:52 : 23,600,000 : 0 : 6,620,467,175 : 79%
2022-02-23 06:55:54 : 23,700,000 : 0 : 6,649,696,900 : 80%
2022-02-23 09:59:53 : 23,800,000 : 0 : 6,678,271,250 : 80%
2022-02-23 12:45:23 : 23,900,000 : 0 : 6,706,714,525 : 80%
2022-02-23 14:53:14 : 24,000,000 : 0 : 6,735,288,875 : 81%
2022-02-23 16:45:17 : 24,100,000 : 0 : 6,765,305,050 : 81%
2022-02-23 18:33:33 : 24,200,000 : 0 : 6,794,534,775 : 81%
2022-02-23 20:21:46 : 24,300,000 : 0 : 6,823,764,500 : 82%
2022-02-23 22:08:55 : 24,400,000 : 0 : 6,852,863,150 : 82%
2022-02-24 00:02:03 : 24,500,000 : 0 : 6,881,568,575 : 82%
2022-02-24 02:06:55 : 24,600,000 : 0 : 6,910,536,150 : 83%
2022-02-24 04:16:03 : 24,700,000 : 0 : 6,939,372,650 : 83%
2022-02-24 06:41:08 : 24,800,000 : 0 : 6,967,553,775 : 83%
2022-02-24 09:38:04 : 24,900,000 : 0 : 6,985,904,275 : 84%
2022-02-24 12:31:04 : 25,000,000 : 0 : 7,013,823,250 : 84%
2022-02-24 14:42:30 : 25,100,000 : 0 : 7,041,873,300 : 84%
2022-02-24 16:36:43 : 25,200,000 : 0 : 7,070,709,800 : 85%
2022-02-24 18:26:44 : 25,300,000 : 0 : 7,098,890,925 : 85%
2022-02-24 20:19:12 : 25,400,000 : 0 : 7,127,203,125 : 85%
2022-02-24 22:10:20 : 25,500,000 : 0 : 7,154,991,025 : 86%
2022-02-25 00:06:14 : 25,600,000 : 0 : 7,182,254,625 : 86%
2022-02-25 02:10:21 : 25,700,000 : 0 : 7,209,649,300 : 86%
2022-02-25 04:20:28 : 25,800,000 : 0 : 7,236,912,900 : 87%
2022-02-25 06:47:53 : 25,900,000 : 0 : 7,264,176,500 : 87%
2022-02-25 09:50:52 : 26,000,000 : 0 : 7,291,440,100 : 87%
2022-02-25 12:43:25 : 26,100,000 : 0 : 7,319,228,000 : 88%
2022-02-25 14:53:08 : 26,200,000 : 0 : 7,347,146,975 : 88%
2022-02-25 16:46:22 : 26,300,000 : 0 : 7,375,459,175 : 88%
2022-02-25 18:34:39 : 26,400,000 : 0 : 7,404,033,525 : 89%
2022-02-25 20:27:04 : 26,500,000 : 0 : 7,432,345,725 : 89%
2022-02-25 22:20:56 : 26,600,000 : 0 : 7,460,789,000 : 89%
2022-02-26 00:21:25 : 26,700,000 : 0 : 7,488,707,975 : 90%
2022-02-26 02:29:02 : 26,800,000 : 0 : 7,516,495,875 : 90%
2022-02-26 04:44:37 : 26,900,000 : 0 : 7,544,545,925 : 90%
2022-02-26 07:20:30 : 27,000,000 : 0 : 7,571,547,375 : 91%
2022-02-26 10:20:50 : 27,100,000 : 0 : 7,598,679,900 : 91%
2022-02-26 13:13:28 : 27,200,000 : 0 : 7,625,812,425 : 91%
2022-02-26 15:25:25 : 27,300,000 : 0 : 7,653,600,325 : 92%
2022-02-26 17:20:03 : 27,400,000 : 0 : 7,681,388,225 : 92%
2022-02-26 19:13:33 : 27,500,000 : 0 : 7,700,394,100 : 92%
2022-02-26 21:09:37 : 27,600,000 : 0 : 7,728,968,450 : 93%
2022-02-26 23:08:17 : 27,700,000 : 0 : 7,757,149,575 : 93%
2022-02-27 01:18:31 : 27,800,000 : 0 : 7,785,330,700 : 93%
2022-02-27 03:41:19 : 27,900,000 : 0 : 7,814,036,125 : 94%
2022-02-27 06:13:38 : 28,000,000 : 0 : 7,841,955,100 : 94%
2022-02-27 09:16:59 : 28,100,000 : 0 : 7,870,136,225 : 94%
2022-02-27 12:26:48 : 28,200,000 : 0 : 7,898,579,500 : 95%
2022-02-27 14:52:56 : 28,300,000 : 0 : 7,926,891,700 : 95%
2022-02-27 16:53:33 : 28,400,000 : 0 : 7,956,121,425 : 95%
2022-02-27 18:47:05 : 28,500,000 : 0 : 7,985,351,150 : 96%
2022-02-27 20:43:01 : 28,600,000 : 0 : 8,014,711,950 : 96%
2022-02-27 22:39:50 : 28,700,000 : 0 : 8,043,810,600 : 96%
2022-02-28 00:44:50 : 28,800,000 : 0 : 8,062,947,550 : 97%
2022-02-28 02:55:38 : 28,900,000 : 0 : 8,091,521,900 : 97%
2022-02-28 05:16:41 : 29,000,000 : 0 : 8,120,227,325 : 97%
2022-02-28 08:00:50 : 29,100,000 : 0 : 8,148,539,525 : 98%
2022-02-28 11:11:02 : 29,200,000 : 0 : 8,176,851,725 : 98%
2022-02-28 13:45:47 : 29,300,000 : 0 : 8,205,032,850 : 98%
2022-02-28 15:47:22 : 29,400,000 : 0 : 8,233,869,350 : 99%
2022-02-28 17:39:01 : 29,500,000 : 0 : 8,263,230,150 : 99%
2022-02-28 19:27:37 : 29,600,000 : 0 : 8,292,722,025 : 99%
2022-02-28 21:16:20 : 29,700,000 : 0 : 8,321,558,525 : 100%
2022-02-28 23:07:52 : 29,800,000 : 0 : 8,350,001,800 : 100%
2022-03-01 02:06:03 : 100,000 : 0 : 30,540,475 : 0%
2022-03-01 04:14:30 : 200,000 : 0 : 60,294,500 : 1%
2022-03-01 06:42:19 : 300,000 : 0 : 89,655,300 : 1%
2022-03-01 09:48:15 : 400,000 : 0 : 119,016,100 : 1%
2022-03-01 12:39:02 : 500,000 : 0 : 147,066,150 : 2%
2022-03-01 14:51:33 : 600,000 : 0 : 175,509,425 : 2%
2022-03-01 16:42:47 : 700,000 : 0 : 205,001,300 : 2%
2022-03-01 18:31:23 : 800,000 : 0 : 234,493,175 : 2%
2022-03-01 20:20:08 : 900,000 : 0 : 264,116,125 : 3%
2022-03-01 22:10:08 : 1,000,000 : 0 : 293,345,850 : 3%
2022-03-02 00:05:31 : 1,100,000 : 0 : 321,789,125 : 3%
2022-03-02 02:10:42 : 1,200,000 : 0 : 350,363,475 : 4%
2022-03-02 04:21:24 : 1,300,000 : 0 : 379,068,900 : 4%
2022-03-02 06:49:50 : 1,400,000 : 0 : 398,336,925 : 4%
2022-03-02 09:55:25 : 1,500,000 : 0 : 426,780,200 : 4%
2022-03-02 12:45:02 : 1,600,000 : 0 : 455,878,850 : 5%
2022-03-02 14:56:38 : 1,700,000 : 0 : 484,584,275 : 5%
2022-03-02 16:48:56 : 1,800,000 : 0 : 514,076,150 : 5%
2022-03-02 18:36:29 : 1,900,000 : 0 : 543,568,025 : 6%
2022-03-02 20:26:10 : 2,000,000 : 0 : 573,322,050 : 6%
2022-03-02 22:21:06 : 2,100,000 : 0 : 602,813,925 : 6%
2022-03-03 00:18:38 : 2,200,000 : 0 : 631,912,575 : 7%
2022-03-03 02:25:16 : 2,300,000 : 0 : 660,618,000 : 7%
2022-03-03 04:38:43 : 2,400,000 : 0 : 689,716,650 : 7%
2022-03-03 07:14:25 : 2,500,000 : 0 : 718,291,000 : 8%
2022-03-03 10:19:00 : 2,600,000 : 0 : 747,127,500 : 8%
2022-03-03 13:02:48 : 2,700,000 : 0 : 776,226,150 : 8%
2022-03-03 15:10:26 : 2,800,000 : 0 : 805,586,950 : 8%
2022-03-03 17:04:32 : 2,900,000 : 0 : 825,772,500 : 9%
2022-03-03 18:54:48 : 3,000,000 : 0 : 855,526,525 : 9%
2022-03-03 20:48:05 : 3,100,000 : 0 : 885,149,475 : 9%
2022-03-03 22:45:54 : 3,200,000 : 0 : 914,641,350 : 10%
2022-03-04 00:50:31 : 3,300,000 : 0 : 943,871,075 : 10%
2022-03-04 03:06:15 : 3,400,000 : 0 : 973,100,800 : 10%
2022-03-04 05:30:12 : 3,500,000 : 0 : 1,002,068,375 : 11%
2022-03-04 08:21:16 : 3,600,000 : 0 : 1,030,773,800 : 11%
2022-03-04 11:31:34 : 3,700,000 : 0 : 1,059,086,000 : 11%
2022-03-04 13:59:26 : 3,800,000 : 0 : 1,087,660,350 : 11%
2022-03-04 15:59:10 : 3,900,000 : 0 : 1,116,890,075 : 12%
2022-03-04 17:53:32 : 4,000,000 : 0 : 1,146,513,025 : 12%
2022-03-04 19:48:11 : 4,100,000 : 0 : 1,176,135,975 : 12%
2022-03-04 21:45:43 : 4,200,000 : 0 : 1,205,627,850 : 13%
2022-03-04 23:49:16 : 4,300,000 : 0 : 1,234,988,650 : 13%
2022-03-05 02:04:53 : 4,400,000 : 0 : 1,264,218,375 : 13%
2022-03-05 04:30:41 : 4,500,000 : 0 : 1,293,185,950 : 14%
2022-03-05 07:15:13 : 4,600,000 : 0 : 1,322,284,600 : 14%
2022-03-05 10:30:06 : 4,700,000 : 0 : 1,350,465,725 : 14%
2022-03-05 13:25:38 : 4,800,000 : 0 : 1,379,040,075 : 14%
2022-03-05 15:40:10 : 4,900,000 : 0 : 1,408,138,725 : 15%
2022-03-05 17:39:55 : 5,000,000 : 0 : 1,437,368,450 : 15%
2022-03-05 19:41:33 : 5,100,000 : 0 : 1,467,384,625 : 15%
2022-03-05 21:49:33 : 5,200,000 : 0 : 1,497,269,725 : 16%
2022-03-06 00:00:14 : 5,300,000 : 0 : 1,526,368,375 : 16%
2022-03-06 02:24:26 : 5,400,000 : 0 : 1,546,029,625 : 16%
2022-03-06 04:58:14 : 5,500,000 : 0 : 1,575,390,425 : 17%
2022-03-06 07:56:25 : 5,600,000 : 0 : 1,604,226,925 : 17%
2022-03-06 11:14:08 : 5,700,000 : 0 : 1,633,063,425 : 17%
2022-03-06 14:01:45 : 5,800,000 : 0 : 1,661,375,625 : 17%
2022-03-06 16:09:33 : 5,900,000 : 0 : 1,690,867,500 : 18%
2022-03-06 18:05:04 : 6,000,000 : 0 : 1,720,359,375 : 18%
2022-03-06 20:02:04 : 6,100,000 : 0 : 1,750,113,400 : 18%
2022-03-06 21:59:02 : 6,200,000 : 0 : 1,779,998,500 : 19%
2022-03-07 00:02:38 : 6,300,000 : 0 : 1,809,490,375 : 19%
2022-03-07 02:16:02 : 6,400,000 : 0 : 1,838,851,175 : 19%
2022-03-07 04:37:40 : 6,500,000 : 0 : 1,868,080,900 : 20%
2022-03-07 07:21:51 : 6,600,000 : 0 : 1,897,179,550 : 20%
2022-03-07 10:31:41 : 6,700,000 : 0 : 1,925,622,825 : 20%
2022-03-07 13:14:28 : 6,800,000 : 0 : 1,954,197,175 : 20%
2022-03-07 15:21:06 : 6,900,000 : 0 : 1,983,426,900 : 21%
2022-03-07 17:14:24 : 7,000,000 : 0 : 2,013,574,150 : 21%
2022-03-07 19:03:25 : 7,100,000 : 0 : 2,033,497,550 : 21%
2022-03-07 20:51:49 : 7,200,000 : 0 : 2,063,120,500 : 22%
2022-03-07 22:40:48 : 7,300,000 : 0 : 2,092,481,300 : 22%
2022-03-08 00:43:29 : 7,400,000 : 0 : 2,121,842,100 : 22%
2022-03-08 02:51:13 : 7,500,000 : 0 : 2,150,678,600 : 23%
2022-03-08 05:09:23 : 7,600,000 : 0 : 2,180,301,550 : 23%
2022-03-08 07:55:38 : 7,700,000 : 0 : 2,209,400,200 : 23%
2022-03-08 11:07:30 : 7,800,000 : 0 : 2,237,581,325 : 23%
2022-03-08 13:42:40 : 7,900,000 : 0 : 2,266,155,675 : 24%
2022-03-08 15:44:53 : 8,000,000 : 0 : 2,296,171,850 : 24%
2022-03-08 17:32:52 : 8,100,000 : 0 : 2,325,925,875 : 24%
2022-03-08 19:22:03 : 8,200,000 : 0 : 2,355,942,050 : 25%
2022-03-08 21:14:37 : 8,300,000 : 0 : 2,386,089,300 : 25%
2022-03-08 23:11:31 : 8,400,000 : 0 : 2,405,488,400 : 25%
2022-03-09 01:17:10 : 8,500,000 : 0 : 2,434,849,200 : 26%
2022-03-09 03:30:33 : 8,600,000 : 0 : 2,464,734,300 : 26%
2022-03-09 05:57:34 : 8,700,000 : 0 : 2,493,964,025 : 26%
2022-03-09 08:53:45 : 8,800,000 : 0 : 2,522,931,600 : 26%
2022-03-09 12:00:05 : 8,900,000 : 0 : 2,551,637,025 : 27%
2022-03-09 14:19:13 : 9,000,000 : 0 : 2,580,866,750 : 27%
2022-03-09 16:17:35 : 9,100,000 : 0 : 2,611,014,000 : 27%
2022-03-09 18:08:41 : 9,200,000 : 0 : 2,641,423,400 : 28%
2022-03-09 20:04:46 : 9,300,000 : 0 : 2,671,439,575 : 28%
2022-03-09 21:59:10 : 9,400,000 : 0 : 2,701,193,600 : 28%
2022-03-09 23:56:11 : 9,500,000 : 0 : 2,730,030,100 : 29%
2022-03-10 02:03:20 : 9,600,000 : 0 : 2,759,521,975 : 29%
2022-03-10 04:17:07 : 9,700,000 : 0 : 2,779,183,225 : 29%
2022-03-10 06:52:20 : 9,800,000 : 0 : 2,808,281,875 : 29%
2022-03-10 10:00:43 : 9,900,000 : 0 : 2,837,118,375 : 30%
2022-03-10 12:54:03 : 10,000,000 : 0 : 2,865,430,575 : 30%
2022-03-10 15:06:06 : 10,100,000 : 0 : 2,894,660,300 : 30%
2022-03-10 17:02:13 : 10,200,000 : 0 : 2,924,676,475 : 31%
2022-03-10 18:56:57 : 10,300,000 : 0 : 2,955,085,875 : 31%
2022-03-10 20:53:06 : 10,400,000 : 0 : 2,984,839,900 : 31%
2022-03-10 22:44:38 : 10,500,000 : 0 : 3,014,200,700 : 32%
2022-03-11 00:48:52 : 10,600,000 : 0 : 3,043,430,425 : 32%
2022-03-11 03:02:04 : 10,700,000 : 0 : 3,072,922,300 : 32%
2022-03-11 05:25:59 : 10,800,000 : 0 : 3,101,889,875 : 33%
2022-03-11 08:16:13 : 10,900,000 : 0 : 3,120,895,750 : 33%
2022-03-11 11:26:42 : 11,000,000 : 0 : 3,149,339,025 : 33%
2022-03-11 13:56:55 : 11,100,000 : 0 : 3,177,520,150 : 33%
2022-03-11 15:59:56 : 11,200,000 : 0 : 3,207,012,025 : 34%
2022-03-11 17:54:31 : 11,300,000 : 0 : 3,237,290,350 : 34%
2022-03-11 19:49:12 : 11,400,000 : 0 : 3,266,913,300 : 34%
2022-03-11 21:45:40 : 11,500,000 : 0 : 3,296,405,175 : 35%
2022-03-11 23:47:40 : 11,600,000 : 0 : 3,325,897,050 : 35%
2022-03-12 02:04:08 : 11,700,000 : 0 : 3,355,651,075 : 35%
2022-03-12 04:32:58 : 11,800,000 : 0 : 3,385,011,875 : 35%
2022-03-12 07:19:20 : 11,900,000 : 0 : 3,413,455,150 : 36%
2022-03-12 10:30:29 : 12,000,000 : 0 : 3,441,898,425 : 36%
2022-03-12 13:24:43 : 12,100,000 : 0 : 3,470,472,775 : 36%
2022-03-12 15:37:45 : 12,200,000 : 0 : 3,500,095,725 : 37%
2022-03-12 17:36:40 : 12,300,000 : 0 : 3,530,242,975 : 37%
2022-03-12 19:35:54 : 12,400,000 : 0 : 3,560,128,075 : 37%
2022-03-12 21:37:56 : 12,500,000 : 0 : 3,580,051,475 : 38%
2022-03-12 23:43:14 : 12,600,000 : 0 : 3,609,543,350 : 38%
2022-03-13 02:00:51 : 12,700,000 : 0 : 3,638,904,150 : 38%
2022-03-13 04:29:50 : 12,800,000 : 0 : 3,668,002,800 : 38%
2022-03-13 07:16:41 : 12,900,000 : 0 : 3,696,970,375 : 39%
2022-03-13 10:28:24 : 13,000,000 : 0 : 3,725,020,425 : 39%
2022-03-13 13:23:11 : 13,100,000 : 0 : 3,753,332,625 : 39%
Decoding error with 134,217,728 bytes, reading another chunk
2022-03-13 15:35:45 : 13,200,000 : 0 : 3,782,824,500 : 40%
2022-03-13 17:34:28 : 13,300,000 : 0 : 3,812,971,750 : 40%
2022-03-13 19:30:23 : 13,400,000 : 0 : 3,843,119,000 : 40%
2022-03-13 21:25:11 : 13,500,000 : 0 : 3,873,004,100 : 41%
2022-03-13 23:23:51 : 13,600,000 : 0 : 3,902,364,900 : 41%
2022-03-14 01:32:53 : 13,700,000 : 0 : 3,922,026,150 : 41%
2022-03-14 03:50:47 : 13,800,000 : 0 : 3,951,911,250 : 41%
2022-03-14 06:31:04 : 13,900,000 : 0 : 3,981,403,125 : 42%
2022-03-14 09:36:30 : 14,000,000 : 0 : 4,011,026,075 : 42%
2022-03-14 12:23:37 : 14,100,000 : 0 : 4,040,255,800 : 42%
2022-03-14 14:30:15 : 14,200,000 : 0 : 4,069,878,750 : 43%
2022-03-14 16:22:54 : 14,300,000 : 0 : 4,100,157,075 : 43%
2022-03-14 18:10:08 : 14,400,000 : 0 : 4,130,304,325 : 43%
2022-03-14 19:58:28 : 14,500,000 : 0 : 4,160,844,800 : 44%
2022-03-14 21:51:12 : 14,600,000 : 0 : 4,191,254,200 : 44%
2022-03-14 23:47:26 : 14,700,000 : 0 : 4,221,270,375 : 44%
2022-03-15 01:52:30 : 14,800,000 : 0 : 4,250,893,325 : 45%
2022-03-15 04:03:33 : 14,900,000 : 0 : 4,280,516,275 : 45%
2022-03-15 06:43:43 : 15,000,000 : 0 : 4,300,177,525 : 45%
2022-03-15 09:56:57 : 15,100,000 : 0 : 4,329,407,250 : 45%
2022-03-15 12:36:06 : 15,200,000 : 0 : 4,358,374,825 : 46%
2022-03-15 14:41:19 : 15,300,000 : 0 : 4,388,128,850 : 46%
2022-03-15 16:33:06 : 15,400,000 : 0 : 4,418,276,100 : 46%
2022-03-15 18:21:22 : 15,500,000 : 0 : 4,448,292,275 : 47%
2022-03-15 20:11:05 : 15,600,000 : 0 : 4,478,570,600 : 47%
2022-03-15 22:02:22 : 15,700,000 : 0 : 4,508,324,625 : 47%
2022-03-16 00:00:40 : 15,800,000 : 0 : 4,538,340,800 : 48%
2022-03-16 02:07:10 : 15,900,000 : 0 : 4,568,094,825 : 48%
2022-03-16 04:24:49 : 16,000,000 : 0 : 4,597,979,925 : 48%
2022-03-16 07:13:04 : 16,100,000 : 0 : 4,627,340,725 : 49%
2022-03-16 10:21:55 : 16,200,000 : 0 : 4,646,739,825 : 49%
2022-03-16 12:56:14 : 16,300,000 : 0 : 4,676,100,625 : 49%
2022-03-16 15:00:06 : 16,400,000 : 0 : 4,706,510,025 : 49%
2022-03-16 16:51:57 : 16,500,000 : 0 : 4,737,312,650 : 50%
2022-03-16 18:41:54 : 16,600,000 : 0 : 4,767,722,050 : 50%
2022-03-16 20:33:31 : 16,700,000 : 0 : 4,798,262,525 : 50%
2022-03-16 22:27:08 : 16,800,000 : 0 : 4,828,409,775 : 51%
2022-03-17 00:26:45 : 16,900,000 : 0 : 4,858,163,800 : 51%
2022-03-17 02:36:26 : 17,000,000 : 0 : 4,888,048,900 : 51%
2022-03-17 05:00:00 : 17,100,000 : 0 : 4,917,802,925 : 52%
2022-03-17 07:55:33 : 17,200,000 : 0 : 4,947,163,725 : 52%
2022-03-17 11:04:19 : 17,300,000 : 0 : 4,976,262,375 : 52%
2022-03-17 13:29:35 : 17,400,000 : 0 : 5,005,623,175 : 52%
2022-03-17 15:28:45 : 17,500,000 : 0 : 5,036,032,575 : 53%
2022-03-17 17:19:47 : 17,600,000 : 0 : 5,066,310,900 : 53%
2022-03-17 19:13:25 : 17,700,000 : 0 : 5,096,589,225 : 53%
2022-03-17 21:04:52 : 17,800,000 : 0 : 5,116,512,625 : 54%
2022-03-17 23:00:39 : 17,900,000 : 0 : 5,146,922,025 : 54%
2022-03-18 01:03:35 : 18,000,000 : 0 : 5,176,020,675 : 54%
2022-03-18 03:14:44 : 18,100,000 : 0 : 5,205,774,700 : 55%
2022-03-18 05:51:59 : 18,200,000 : 0 : 5,235,135,500 : 55%
2022-03-18 09:06:26 : 18,300,000 : 0 : 5,264,496,300 : 55%
2022-03-18 12:05:11 : 18,400,000 : 0 : 5,293,070,650 : 56%
2022-03-18 14:15:56 : 18,500,000 : 0 : 5,322,693,600 : 56%
2022-03-18 16:10:20 : 18,600,000 : 0 : 5,352,840,850 : 56%
2022-03-18 18:01:09 : 18,700,000 : 0 : 5,383,643,475 : 56%
2022-03-18 19:55:35 : 18,800,000 : 0 : 5,414,708,250 : 57%
2022-03-18 21:52:05 : 18,900,000 : 0 : 5,445,248,725 : 57%
2022-03-18 23:56:04 : 19,000,000 : 0 : 5,464,909,975 : 57%
2022-03-19 02:10:09 : 19,100,000 : 0 : 5,495,188,300 : 58%
2022-03-19 04:38:37 : 19,200,000 : 0 : 5,525,335,550 : 58%
2022-03-19 07:44:23 : 19,300,000 : 0 : 5,555,351,725 : 58%
2022-03-19 11:03:04 : 19,400,000 : 0 : 5,584,712,525 : 59%
2022-03-19 13:43:06 : 19,500,000 : 0 : 5,614,466,550 : 59%
2022-03-19 15:48:38 : 19,600,000 : 0 : 5,644,744,875 : 59%
2022-03-19 17:43:56 : 19,700,000 : 0 : 5,675,023,200 : 60%
2022-03-19 19:42:05 : 19,800,000 : 0 : 5,705,301,525 : 60%
2022-03-19 21:42:09 : 19,900,000 : 0 : 5,735,710,925 : 60%
2022-03-19 23:49:27 : 20,000,000 : 0 : 5,765,858,175 : 60%
2022-03-20 02:06:57 : 20,100,000 : 0 : 5,795,612,200 : 61%
2022-03-20 04:37:40 : 20,200,000 : 0 : 5,815,666,675 : 61%
2022-03-20 07:36:18 : 20,300,000 : 0 : 5,844,896,400 : 61%
2022-03-20 10:56:03 : 20,400,000 : 0 : 5,873,995,050 : 62%
2022-03-20 13:34:56 : 20,500,000 : 0 : 5,902,700,475 : 62%
2022-03-20 15:40:16 : 20,600,000 : 0 : 5,932,454,500 : 62%
2022-03-20 17:35:10 : 20,700,000 : 0 : 5,962,994,975 : 63%
2022-03-20 19:31:00 : 20,800,000 : 0 : 5,993,666,525 : 63%
2022-03-20 21:26:36 : 20,900,000 : 0 : 6,024,207,000 : 63%
2022-03-20 23:28:25 : 21,000,000 : 0 : 6,054,354,250 : 63%
2022-03-21 01:38:09 : 21,100,000 : 0 : 6,084,501,500 : 64%
2022-03-21 03:56:10 : 21,200,000 : 0 : 6,114,517,675 : 64%
2022-03-21 06:43:50 : 21,300,000 : 0 : 6,144,140,625 : 64%
2022-03-21 09:54:01 : 21,400,000 : 0 : 6,163,801,875 : 65%
2022-03-21 12:33:48 : 21,500,000 : 0 : 6,193,031,600 : 65%
2022-03-21 14:39:41 : 21,600,000 : 0 : 6,222,261,325 : 65%
2022-03-21 16:30:49 : 21,700,000 : 0 : 6,252,539,650 : 66%
2022-03-21 18:20:39 : 21,800,000 : 0 : 6,283,342,275 : 66%
2022-03-21 20:09:59 : 21,900,000 : 0 : 6,314,013,825 : 66%
2022-03-21 22:02:15 : 22,000,000 : 0 : 6,344,292,150 : 67%
2022-03-21 23:58:25 : 22,100,000 : 0 : 6,374,177,250 : 67%
2022-03-22 02:04:14 : 22,200,000 : 0 : 6,404,586,650 : 67%
2022-03-22 04:24:16 : 22,300,000 : 0 : 6,434,864,975 : 67%
2022-03-22 07:19:57 : 22,400,000 : 0 : 6,464,356,850 : 68%
2022-03-22 10:36:14 : 22,500,000 : 0 : 6,493,848,725 : 68%
2022-03-22 13:05:21 : 22,600,000 : 0 : 6,523,471,675 : 68%
2022-03-22 15:07:12 : 22,700,000 : 0 : 6,553,881,075 : 69%
2022-03-22 16:59:12 : 22,800,000 : 0 : 6,584,814,775 : 69%
2022-03-22 18:48:29 : 22,900,000 : 0 : 6,615,617,400 : 69%
2022-03-22 20:38:13 : 23,000,000 : 0 : 6,646,288,950 : 70%
2022-03-22 22:30:10 : 23,100,000 : 0 : 6,676,567,275 : 70%
2022-03-23 00:29:15 : 23,200,000 : 0 : 6,696,359,600 : 70%
2022-03-23 02:38:22 : 23,300,000 : 0 : 6,726,769,000 : 71%
2022-03-23 05:04:58 : 23,400,000 : 0 : 6,756,916,250 : 71%
2022-03-23 08:10:35 : 23,500,000 : 0 : 6,786,932,425 : 71%
2022-03-23 11:20:13 : 23,600,000 : 0 : 6,817,079,675 : 71%
2022-03-23 13:40:00 : 23,700,000 : 0 : 6,846,964,775 : 72%
2022-03-23 15:35:02 : 23,800,000 : 0 : 6,877,374,175 : 72%
2022-03-23 17:24:53 : 23,900,000 : 0 : 6,908,045,725 : 72%
2022-03-23 19:12:43 : 24,000,000 : 0 : 6,938,455,125 : 73%
2022-03-23 21:04:18 : 24,100,000 : 0 : 6,969,519,900 : 73%
2022-03-23 22:59:47 : 24,200,000 : 0 : 7,000,322,525 : 73%
2022-03-24 01:04:17 : 24,300,000 : 0 : 7,030,863,000 : 74%
2022-03-24 03:14:00 : 24,400,000 : 0 : 7,062,058,850 : 74%
2022-03-24 05:46:16 : 24,500,000 : 0 : 7,092,075,025 : 74%
2022-03-24 08:55:46 : 24,600,000 : 0 : 7,122,877,650 : 75%
2022-03-24 11:51:50 : 24,700,000 : 0 : 7,152,762,750 : 75%
2022-03-24 14:06:50 : 24,800,000 : 0 : 7,183,434,300 : 75%
2022-03-24 16:02:01 : 24,900,000 : 0 : 7,214,761,225 : 76%
2022-03-24 17:53:28 : 25,000,000 : 0 : 7,245,957,075 : 76%
2022-03-24 19:46:33 : 25,100,000 : 0 : 7,277,152,925 : 76%
2022-03-24 21:40:28 : 25,200,000 : 0 : 7,308,086,625 : 77%
2022-03-24 23:39:22 : 25,300,000 : 0 : 7,338,496,025 : 77%
2022-03-25 01:50:46 : 25,400,000 : 0 : 7,369,429,725 : 77%
2022-03-25 04:11:55 : 25,500,000 : 0 : 7,399,576,975 : 78%
2022-03-25 07:03:13 : 25,600,000 : 0 : 7,419,631,450 : 78%
2022-03-25 10:20:17 : 25,700,000 : 0 : 7,450,171,925 : 78%
2022-03-25 12:56:51 : 25,800,000 : 0 : 7,480,319,175 : 78%
2022-03-25 14:59:30 : 25,900,000 : 0 : 7,510,597,500 : 79%
2022-03-25 16:54:15 : 26,000,000 : 0 : 7,541,531,200 : 79%
2022-03-25 18:45:52 : 26,100,000 : 0 : 7,572,333,825 : 79%
2022-03-25 20:41:33 : 26,200,000 : 0 : 7,603,136,450 : 80%
2022-03-25 22:41:06 : 26,300,000 : 0 : 7,633,283,700 : 80%
2022-03-26 00:50:51 : 26,400,000 : 0 : 7,663,168,800 : 80%
2022-03-26 03:11:58 : 26,500,000 : 0 : 7,693,447,125 : 81%
2022-03-26 05:56:49 : 26,600,000 : 0 : 7,723,463,300 : 81%
2022-03-26 09:14:16 : 26,700,000 : 0 : 7,753,610,550 : 81%
2022-03-26 12:18:23 : 26,800,000 : 0 : 7,782,840,275 : 82%
2022-03-26 14:37:47 : 26,900,000 : 0 : 7,813,118,600 : 82%
2022-03-26 16:43:35 : 27,000,000 : 0 : 7,844,445,525 : 82%
2022-03-26 18:42:34 : 27,100,000 : 0 : 7,875,117,075 : 83%
2022-03-26 20:43:55 : 27,200,000 : 0 : 7,906,050,775 : 83%
2022-03-26 22:49:11 : 27,300,000 : 0 : 7,936,329,100 : 83%
2022-03-27 01:04:29 : 27,400,000 : 0 : 7,966,738,500 : 84%
2022-03-27 03:31:56 : 27,500,000 : 0 : 7,997,278,975 : 84%
2022-03-27 06:21:41 : 27,600,000 : 0 : 8,017,464,525 : 84%
2022-03-27 09:43:10 : 27,700,000 : 0 : 8,047,611,775 : 84%
2022-03-27 12:41:56 : 27,800,000 : 0 : 8,077,234,725 : 85%
2022-03-27 14:56:54 : 27,900,000 : 0 : 8,107,381,975 : 85%
2022-03-27 16:56:16 : 28,000,000 : 0 : 8,138,315,675 : 85%
2022-03-27 18:54:19 : 28,100,000 : 0 : 8,169,511,525 : 86%
2022-03-27 20:50:20 : 28,200,000 : 0 : 8,200,576,300 : 86%
2022-03-27 22:51:54 : 28,300,000 : 0 : 8,231,247,850 : 86%
2022-03-28 01:09:20 : 28,400,000 : 0 : 8,262,050,475 : 87%
2022-03-28 03:29:10 : 28,500,000 : 0 : 8,292,197,725 : 87%
2022-03-28 06:04:41 : 28,600,000 : 0 : 8,322,344,975 : 87%
2022-03-28 09:10:41 : 28,700,000 : 0 : 8,352,230,075 : 88%
2022-03-28 12:02:04 : 28,800,000 : 0 : 8,382,115,175 : 88%
2022-03-28 14:10:06 : 28,900,000 : 0 : 8,412,131,350 : 88%
2022-03-28 16:01:32 : 29,000,000 : 0 : 8,443,065,050 : 89%
2022-03-28 17:48:32 : 29,100,000 : 0 : 8,473,867,675 : 89%
2022-03-28 19:37:13 : 29,200,000 : 0 : 8,504,670,300 : 89%
2022-03-28 21:28:06 : 29,300,000 : 0 : 8,535,341,850 : 89%
2022-03-28 23:28:29 : 29,400,000 : 0 : 8,565,358,025 : 90%
2022-03-29 01:39:20 : 29,500,000 : 0 : 8,585,150,350 : 90%
2022-03-29 03:56:47 : 29,600,000 : 0 : 8,615,297,600 : 90%
2022-03-29 06:38:15 : 29,700,000 : 0 : 8,644,920,550 : 91%
2022-03-29 09:49:03 : 29,800,000 : 0 : 8,674,805,650 : 91%
2022-03-29 12:29:31 : 29,900,000 : 0 : 8,704,690,750 : 91%
2022-03-29 14:34:09 : 30,000,000 : 0 : 8,735,100,150 : 92%
2022-03-29 16:25:30 : 30,100,000 : 0 : 8,765,902,775 : 92%
2022-03-29 18:13:49 : 30,200,000 : 0 : 8,796,836,475 : 92%
2022-03-29 20:04:37 : 30,300,000 : 0 : 8,827,770,175 : 93%
2022-03-29 21:54:45 : 30,400,000 : 0 : 8,858,310,650 : 93%
2022-03-29 23:53:30 : 30,500,000 : 0 : 8,888,720,050 : 93%
2022-03-30 02:03:54 : 30,600,000 : 0 : 8,919,391,600 : 94%
2022-03-30 04:20:15 : 30,700,000 : 0 : 8,949,801,000 : 94%
2022-03-30 07:04:53 : 30,800,000 : 0 : 8,979,948,250 : 94%
2022-03-30 10:17:28 : 30,900,000 : 0 : 9,010,619,800 : 94%
2022-03-30 12:48:05 : 31,000,000 : 0 : 9,041,029,200 : 95%
2022-03-30 14:48:21 : 31,100,000 : 0 : 9,071,438,600 : 95%
2022-03-30 16:37:52 : 31,200,000 : 0 : 9,102,110,150 : 95%
2022-03-30 18:26:35 : 31,300,000 : 0 : 9,132,650,625 : 96%
2022-03-30 20:14:25 : 31,400,000 : 0 : 9,163,715,400 : 96%
2022-03-30 22:04:51 : 31,500,000 : 0 : 9,184,032,025 : 96%
2022-03-31 00:04:59 : 31,600,000 : 0 : 9,213,786,050 : 97%
2022-03-31 02:14:46 : 31,700,000 : 0 : 9,243,802,225 : 97%
2022-03-31 04:33:00 : 31,800,000 : 0 : 9,274,211,625 : 97%
2022-03-31 07:21:55 : 31,900,000 : 0 : 9,304,621,025 : 98%
2022-03-31 10:33:01 : 32,000,000 : 0 : 9,334,768,275 : 98%
2022-03-31 13:04:01 : 32,100,000 : 0 : 9,364,784,450 : 98%
2022-03-31 15:02:49 : 32,200,000 : 0 : 9,395,456,000 : 99%
2022-03-31 16:53:46 : 32,300,000 : 0 : 9,426,782,925 : 99%
2022-03-31 18:42:06 : 32,400,000 : 0 : 9,457,978,775 : 99%
2022-03-31 20:32:33 : 32,500,000 : 0 : 9,488,781,400 : 99%
2022-03-31 22:24:06 : 32,600,000 : 0 : 9,519,190,800 : 100%
2022-01-01 00:17:35 : 100,000 : 0 : 21,496,300 : 0%
2022-01-01 00:34:51 : 200,000 : 0 : 31,720,150 : 0%
2022-01-01 00:51:59 : 300,000 : 0 : 41,681,850 : 0%
2022-01-01 01:09:14 : 400,000 : 0 : 51,643,550 : 0%
2022-01-01 01:26:24 : 500,000 : 0 : 61,605,250 : 0%
2022-01-01 01:44:07 : 600,000 : 0 : 71,435,875 : 0%
2022-01-01 02:01:24 : 700,000 : 0 : 81,004,350 : 0%
2022-01-01 02:18:59 : 800,000 : 0 : 90,703,900 : 0%
2022-01-01 02:37:06 : 900,000 : 0 : 100,403,450 : 0%
2022-01-01 02:55:25 : 1,000,000 : 0 : 110,103,000 : 0%
2022-01-01 03:14:21 : 1,100,000 : 0 : 119,671,475 : 0%
2022-01-01 03:33:12 : 1,200,000 : 0 : 129,239,950 : 0%
2022-01-01 03:52:10 : 1,300,000 : 0 : 138,808,425 : 1%
2022-01-01 04:12:08 : 1,400,000 : 0 : 148,507,975 : 1%
2022-01-01 04:33:03 : 1,500,000 : 0 : 158,076,450 : 1%
2022-01-01 04:54:27 : 1,600,000 : 0 : 167,513,850 : 1%
2022-01-01 05:18:08 : 1,700,000 : 0 : 177,082,325 : 1%
2022-01-01 05:40:36 : 1,800,000 : 0 : 186,650,800 : 1%
2022-01-01 06:03:56 : 1,900,000 : 0 : 196,219,275 : 1%
2022-01-01 06:27:57 : 2,000,000 : 0 : 205,787,750 : 1%
2022-01-01 06:53:11 : 2,100,000 : 0 : 215,356,225 : 1%
2022-01-01 07:20:12 : 2,200,000 : 0 : 225,055,775 : 1%
2022-01-01 07:48:20 : 2,300,000 : 0 : 234,624,250 : 1%
2022-01-01 08:18:49 : 2,400,000 : 0 : 244,192,725 : 1%
2022-01-01 08:49:38 : 2,500,000 : 0 : 253,892,275 : 1%
2022-01-01 09:21:30 : 2,600,000 : 0 : 263,591,825 : 1%
2022-01-01 09:54:25 : 2,700,000 : 0 : 273,291,375 : 1%
2022-01-01 10:27:22 : 2,800,000 : 0 : 282,990,925 : 1%
2022-01-01 11:00:55 : 2,900,000 : 0 : 292,690,475 : 1%
2022-01-01 11:34:13 : 3,000,000 : 0 : 302,521,100 : 1%
2022-01-01 12:07:01 : 3,100,000 : 0 : 312,351,725 : 1%
2022-01-01 12:37:59 : 3,200,000 : 0 : 322,182,350 : 1%
2022-01-01 13:06:03 : 3,300,000 : 0 : 331,881,900 : 1%
2022-01-01 13:31:48 : 3,400,000 : 0 : 341,712,525 : 1%
2022-01-01 13:54:53 : 3,500,000 : 0 : 351,281,000 : 1%
2022-01-01 14:17:10 : 3,600,000 : 0 : 361,111,625 : 1%
2022-01-01 14:37:25 : 3,700,000 : 0 : 370,680,100 : 1%
2022-01-01 14:57:12 : 3,800,000 : 0 : 390,472,425 : 1%
2022-01-01 15:16:22 : 3,900,000 : 0 : 400,303,050 : 1%
2022-01-01 15:34:40 : 4,000,000 : 0 : 410,264,750 : 2%
2022-01-01 15:52:18 : 4,100,000 : 0 : 420,226,450 : 2%
2022-01-01 16:09:31 : 4,200,000 : 0 : 430,188,150 : 2%
2022-01-01 16:26:01 : 4,300,000 : 0 : 440,280,925 : 2%
2022-01-01 16:42:03 : 4,400,000 : 0 : 450,242,625 : 2%
2022-01-01 16:57:41 : 4,500,000 : 0 : 460,335,400 : 2%
2022-01-01 17:13:10 : 4,600,000 : 0 : 470,297,100 : 2%
2022-01-01 17:28:34 : 4,700,000 : 0 : 480,389,875 : 2%
2022-01-01 17:43:46 : 4,800,000 : 0 : 490,351,575 : 2%
2022-01-01 17:58:49 : 4,900,000 : 0 : 500,444,350 : 2%
2022-01-01 18:13:47 : 5,000,000 : 0 : 510,537,125 : 2%
2022-01-01 18:28:34 : 5,100,000 : 0 : 520,498,825 : 2%
2022-01-01 18:43:24 : 5,200,000 : 0 : 530,591,600 : 2%
2022-01-01 18:58:21 : 5,300,000 : 0 : 540,553,300 : 2%
2022-01-01 19:13:08 : 5,400,000 : 0 : 550,515,000 : 2%
2022-01-01 19:27:58 : 5,500,000 : 0 : 560,476,700 : 2%
2022-01-01 19:42:41 : 5,600,000 : 0 : 570,569,475 : 2%
2022-01-01 19:57:37 : 5,700,000 : 0 : 580,531,175 : 2%
2022-01-01 20:12:37 : 5,800,000 : 0 : 590,492,875 : 2%
2022-01-01 20:27:38 : 5,900,000 : 0 : 600,585,650 : 2%
2022-01-01 20:42:44 : 6,000,000 : 0 : 610,547,350 : 2%
2022-01-01 20:57:44 : 6,100,000 : 0 : 620,509,050 : 2%
2022-01-01 21:12:42 : 6,200,000 : 0 : 630,339,675 : 2%
2022-01-01 21:27:54 : 6,300,000 : 0 : 640,301,375 : 2%
2022-01-01 21:43:00 : 6,400,000 : 0 : 650,263,075 : 2%
2022-01-01 21:58:21 : 6,500,000 : 0 : 660,224,775 : 2%
2022-01-01 22:13:50 : 6,600,000 : 0 : 670,317,550 : 2%
2022-01-01 22:29:33 : 6,700,000 : 0 : 690,372,025 : 3%
2022-01-01 22:45:09 : 6,800,000 : 0 : 700,333,725 : 3%
2022-01-01 23:00:32 : 6,900,000 : 0 : 710,295,425 : 3%
2022-01-01 23:16:11 : 7,000,000 : 0 : 720,126,050 : 3%
2022-01-01 23:31:32 : 7,100,000 : 0 : 729,956,675 : 3%
2022-01-01 23:46:45 : 7,200,000 : 0 : 739,787,300 : 3%
2022-01-02 00:02:40 : 7,300,000 : 0 : 749,749,000 : 3%
2022-01-02 00:18:38 : 7,400,000 : 0 : 759,710,700 : 3%
2022-01-02 00:34:42 : 7,500,000 : 0 : 769,672,400 : 3%
2022-01-02 00:50:57 : 7,600,000 : 0 : 779,634,100 : 3%
2022-01-02 01:07:17 : 7,700,000 : 0 : 789,464,725 : 3%
2022-01-02 01:23:20 : 7,800,000 : 0 : 799,295,350 : 3%
2022-01-02 01:39:23 : 7,900,000 : 0 : 808,994,900 : 3%
2022-01-02 01:55:16 : 8,000,000 : 0 : 818,563,375 : 3%
2022-01-02 02:11:24 : 8,100,000 : 0 : 828,394,000 : 3%
2022-01-02 02:28:05 : 8,200,000 : 0 : 838,224,625 : 3%
2022-01-02 02:44:27 : 8,300,000 : 0 : 847,793,100 : 3%
2022-01-02 03:00:49 : 8,400,000 : 0 : 857,492,650 : 3%
2022-01-02 03:17:37 : 8,500,000 : 0 : 867,323,275 : 3%
2022-01-02 03:34:35 : 8,600,000 : 0 : 877,022,825 : 3%
2022-01-02 03:51:40 : 8,700,000 : 0 : 886,853,450 : 3%
2022-01-02 04:09:14 : 8,800,000 : 0 : 896,684,075 : 3%
2022-01-02 04:27:12 : 8,900,000 : 0 : 906,514,700 : 3%
2022-01-02 04:45:35 : 9,000,000 : 0 : 916,345,325 : 3%
2022-01-02 05:04:19 : 9,100,000 : 0 : 926,175,950 : 3%
2022-01-02 05:23:48 : 9,200,000 : 0 : 936,006,575 : 3%
2022-01-02 05:43:59 : 9,300,000 : 0 : 945,837,200 : 3%
2022-01-02 06:05:25 : 9,400,000 : 0 : 955,667,825 : 4%
2022-01-02 06:27:47 : 9,500,000 : 0 : 965,629,525 : 4%
2022-01-02 06:51:36 : 9,600,000 : 0 : 975,460,150 : 4%
2022-01-02 07:16:53 : 9,700,000 : 0 : 995,383,550 : 4%
2022-01-02 07:43:29 : 9,800,000 : 0 : 1,005,345,250 : 4%
2022-01-02 08:11:30 : 9,900,000 : 0 : 1,015,175,875 : 4%
2022-01-02 08:40:29 : 10,000,000 : 0 : 1,025,006,500 : 4%
2022-01-02 09:09:54 : 10,100,000 : 0 : 1,034,968,200 : 4%
2022-01-02 09:40:10 : 10,200,000 : 0 : 1,045,060,975 : 4%
2022-01-02 10:10:34 : 10,300,000 : 0 : 1,055,022,675 : 4%
2022-01-02 10:40:58 : 10,400,000 : 0 : 1,065,115,450 : 4%
2022-01-02 11:11:10 : 10,500,000 : 0 : 1,075,208,225 : 4%
2022-01-02 11:41:23 : 10,600,000 : 0 : 1,085,301,000 : 4%
2022-01-02 12:10:12 : 10,700,000 : 0 : 1,095,393,775 : 4%
2022-01-02 12:37:21 : 10,800,000 : 0 : 1,105,355,475 : 4%
2022-01-02 13:03:16 : 10,900,000 : 0 : 1,115,579,325 : 4%
2022-01-02 13:27:08 : 11,000,000 : 0 : 1,125,672,100 : 4%
2022-01-02 13:49:12 : 11,100,000 : 0 : 1,135,764,875 : 4%
2022-01-02 14:10:08 : 11,200,000 : 0 : 1,145,988,725 : 4%
2022-01-02 14:29:56 : 11,300,000 : 0 : 1,156,081,500 : 4%
2022-01-02 14:48:22 : 11,400,000 : 0 : 1,166,305,350 : 4%
2022-01-02 15:06:11 : 11,500,000 : 0 : 1,176,529,200 : 4%
2022-01-02 15:23:31 : 11,600,000 : 0 : 1,186,753,050 : 4%
2022-01-02 15:40:01 : 11,700,000 : 0 : 1,196,845,825 : 4%
2022-01-02 15:55:54 : 11,800,000 : 0 : 1,207,200,750 : 4%
2022-01-02 16:11:14 : 11,900,000 : 0 : 1,217,293,525 : 4%
2022-01-02 16:26:30 : 12,000,000 : 0 : 1,227,517,375 : 5%
2022-01-02 16:41:14 : 12,100,000 : 0 : 1,237,741,225 : 5%
2022-01-02 16:55:40 : 12,200,000 : 0 : 1,247,965,075 : 5%
2022-01-02 17:09:45 : 12,300,000 : 0 : 1,258,188,925 : 5%
2022-01-02 17:23:31 : 12,400,000 : 0 : 1,268,150,625 : 5%
2022-01-02 17:37:24 : 12,500,000 : 0 : 1,278,374,475 : 5%
2022-01-02 17:51:25 : 12,600,000 : 0 : 1,288,729,400 : 5%
2022-01-02 18:05:15 : 12,700,000 : 0 : 1,308,914,950 : 5%
2022-01-02 18:18:40 : 12,800,000 : 0 : 1,318,876,650 : 5%
2022-01-02 18:31:46 : 12,900,000 : 0 : 1,328,707,275 : 5%
2022-01-02 18:44:42 : 13,000,000 : 0 : 1,338,668,975 : 5%
2022-01-02 18:57:48 : 13,100,000 : 0 : 1,348,761,750 : 5%
2022-01-02 19:11:00 : 13,200,000 : 0 : 1,358,592,375 : 5%
2022-01-02 19:24:08 : 13,300,000 : 0 : 1,368,685,150 : 5%
2022-01-02 19:37:36 : 13,400,000 : 0 : 1,378,646,850 : 5%
2022-01-02 19:50:59 : 13,500,000 : 0 : 1,388,477,475 : 5%
2022-01-02 20:04:03 : 13,600,000 : 0 : 1,398,308,100 : 5%
2022-01-02 20:17:02 : 13,700,000 : 0 : 1,408,138,725 : 5%
2022-01-02 20:30:13 : 13,800,000 : 0 : 1,417,969,350 : 5%
2022-01-02 20:43:21 : 13,900,000 : 0 : 1,427,668,900 : 5%
2022-01-02 20:56:07 : 14,000,000 : 0 : 1,437,368,450 : 5%
2022-01-02 21:08:56 : 14,100,000 : 0 : 1,446,936,925 : 5%
2022-01-02 21:26:05 : 14,200,000 : 0 : 1,456,374,325 : 5%
2022-01-02 21:40:42 : 14,300,000 : 0 : 1,466,204,950 : 5%
2022-01-02 21:54:48 : 14,400,000 : 0 : 1,476,297,725 : 5%
2022-01-02 22:08:59 : 14,500,000 : 0 : 1,486,390,500 : 5%
2022-01-02 22:23:03 : 14,600,000 : 0 : 1,496,352,200 : 6%
2022-01-02 22:37:05 : 14,700,000 : 0 : 1,506,313,900 : 6%
2022-01-02 22:51:16 : 14,800,000 : 0 : 1,516,406,675 : 6%
2022-01-02 23:05:35 : 14,900,000 : 0 : 1,526,368,375 : 6%
2022-01-02 23:19:58 : 15,000,000 : 0 : 1,536,330,075 : 6%
2022-01-02 23:34:12 : 15,100,000 : 0 : 1,546,291,775 : 6%
2022-01-02 23:48:33 : 15,200,000 : 0 : 1,556,253,475 : 6%
2022-01-03 00:03:14 : 15,300,000 : 0 : 1,566,346,250 : 6%
2022-01-03 00:17:56 : 15,400,000 : 0 : 1,576,439,025 : 6%
2022-01-03 00:32:47 : 15,500,000 : 0 : 1,596,493,500 : 6%
2022-01-03 00:47:40 : 15,600,000 : 0 : 1,606,586,275 : 6%
2022-01-03 01:02:49 : 15,700,000 : 0 : 1,616,547,975 : 6%
2022-01-03 01:18:03 : 15,800,000 : 0 : 1,626,509,675 : 6%
2022-01-03 01:33:18 : 15,900,000 : 0 : 1,636,340,300 : 6%
2022-01-03 01:48:16 : 16,000,000 : 0 : 1,646,170,925 : 6%
2022-01-03 02:03:10 : 16,100,000 : 0 : 1,656,001,550 : 6%
2022-01-03 02:18:21 : 16,200,000 : 0 : 1,665,832,175 : 6%
2022-01-03 02:33:31 : 16,300,000 : 0 : 1,675,662,800 : 6%
2022-01-03 02:48:48 : 16,400,000 : 0 : 1,685,624,500 : 6%
2022-01-03 03:04:32 : 16,500,000 : 0 : 1,695,586,200 : 6%
2022-01-03 03:20:26 : 16,600,000 : 0 : 1,705,547,900 : 6%
2022-01-03 03:36:27 : 16,700,000 : 0 : 1,715,509,600 : 6%
2022-01-03 03:52:42 : 16,800,000 : 0 : 1,725,340,225 : 6%
2022-01-03 04:09:13 : 16,900,000 : 0 : 1,735,170,850 : 6%
2022-01-03 04:26:18 : 17,000,000 : 0 : 1,745,132,550 : 6%
2022-01-03 04:43:45 : 17,100,000 : 0 : 1,755,094,250 : 6%
2022-01-03 05:02:17 : 17,200,000 : 0 : 1,765,055,950 : 7%
2022-01-03 05:21:35 : 17,300,000 : 0 : 1,775,148,725 : 7%
2022-01-03 05:41:49 : 17,400,000 : 0 : 1,785,241,500 : 7%
2022-01-03 06:02:57 : 17,500,000 : 0 : 1,795,334,275 : 7%
2022-01-03 06:25:20 : 17,600,000 : 0 : 1,805,427,050 : 7%
2022-01-03 06:48:29 : 17,700,000 : 0 : 1,815,388,750 : 7%
2022-01-03 07:12:58 : 17,800,000 : 0 : 1,825,350,450 : 7%
2022-01-03 07:38:11 : 17,900,000 : 0 : 1,835,312,150 : 7%
2022-01-03 08:04:56 : 18,000,000 : 0 : 1,845,273,850 : 7%
2022-01-03 08:33:06 : 18,100,000 : 0 : 1,855,366,625 : 7%
2022-01-03 09:01:53 : 18,200,000 : 0 : 1,865,328,325 : 7%
2022-01-03 09:30:28 : 18,300,000 : 0 : 1,875,290,025 : 7%
2022-01-03 09:59:30 : 18,400,000 : 0 : 1,885,251,725 : 7%
2022-01-03 10:28:47 : 18,500,000 : 0 : 1,895,344,500 : 7%
2022-01-03 10:57:28 : 18,600,000 : 0 : 1,915,530,050 : 7%
2022-01-03 11:25:32 : 18,700,000 : 0 : 1,925,491,750 : 7%
2022-01-03 11:51:37 : 18,800,000 : 0 : 1,935,715,600 : 7%
2022-01-03 12:16:55 : 18,900,000 : 0 : 1,945,939,450 : 7%
2022-01-03 12:40:31 : 19,000,000 : 0 : 1,956,163,300 : 7%
2022-01-03 13:02:35 : 19,100,000 : 0 : 1,966,256,075 : 7%
2022-01-03 13:23:32 : 19,200,000 : 0 : 1,976,479,925 : 7%
2022-01-03 13:43:28 : 19,300,000 : 0 : 1,986,834,850 : 7%
2022-01-03 14:02:17 : 19,400,000 : 0 : 1,997,189,775 : 7%
2022-01-03 14:20:15 : 19,500,000 : 0 : 2,007,675,775 : 7%
2022-01-03 14:37:39 : 19,600,000 : 0 : 2,018,030,700 : 7%
2022-01-03 14:54:34 : 19,700,000 : 0 : 2,028,516,700 : 7%
2022-01-03 15:10:56 : 19,800,000 : 0 : 2,039,002,700 : 8%
2022-01-03 15:26:42 : 19,900,000 : 0 : 2,049,357,625 : 8%
2022-01-03 15:42:05 : 20,000,000 : 0 : 2,059,843,625 : 8%
2022-01-03 15:57:06 : 20,100,000 : 0 : 2,070,329,625 : 8%
2022-01-03 16:11:57 : 20,200,000 : 0 : 2,080,815,625 : 8%
2022-01-03 16:26:21 : 20,300,000 : 0 : 2,091,301,625 : 8%
2022-01-03 16:40:25 : 20,400,000 : 0 : 2,101,656,550 : 8%
2022-01-03 16:54:15 : 20,500,000 : 0 : 2,112,142,550 : 8%
2022-01-03 17:08:00 : 20,600,000 : 0 : 2,122,628,550 : 8%
2022-01-03 17:21:38 : 20,700,000 : 0 : 2,132,983,475 : 8%
2022-01-03 17:35:09 : 20,800,000 : 0 : 2,143,469,475 : 8%
2022-01-03 17:48:32 : 20,900,000 : 0 : 2,153,955,475 : 8%
2022-01-03 18:01:51 : 21,000,000 : 0 : 2,164,441,475 : 8%
2022-01-03 18:15:07 : 21,100,000 : 0 : 2,174,796,400 : 8%
2022-01-03 18:28:12 : 21,200,000 : 0 : 2,195,637,325 : 8%
2022-01-03 18:41:30 : 21,300,000 : 0 : 2,206,123,325 : 8%
2022-01-03 18:54:50 : 21,400,000 : 0 : 2,216,609,325 : 8%
2022-01-03 19:08:14 : 21,500,000 : 0 : 2,226,964,250 : 8%
2022-01-03 19:21:30 : 21,600,000 : 0 : 2,237,319,175 : 8%
2022-01-03 19:34:42 : 21,700,000 : 0 : 2,247,805,175 : 8%
2022-01-03 19:48:12 : 21,800,000 : 0 : 2,258,291,175 : 8%
2022-01-03 20:01:43 : 21,900,000 : 0 : 2,268,777,175 : 8%
2022-01-03 20:15:29 : 22,000,000 : 0 : 2,279,263,175 : 8%
2022-01-03 20:29:12 : 22,100,000 : 0 : 2,289,618,100 : 8%
2022-01-03 20:42:57 : 22,200,000 : 0 : 2,300,104,100 : 8%
2022-01-03 20:56:52 : 22,300,000 : 0 : 2,310,721,175 : 9%
2022-01-03 21:10:56 : 22,400,000 : 0 : 2,321,207,175 : 9%
2022-01-03 21:24:59 : 22,500,000 : 0 : 2,331,693,175 : 9%
2022-01-03 21:39:00 : 22,600,000 : 0 : 2,342,179,175 : 9%
2022-01-03 21:52:55 : 22,700,000 : 0 : 2,352,665,175 : 9%
2022-01-03 22:06:54 : 22,800,000 : 0 : 2,363,151,175 : 9%
2022-01-03 22:21:14 : 22,900,000 : 0 : 2,373,506,100 : 9%
2022-01-03 22:35:32 : 23,000,000 : 0 : 2,383,992,100 : 9%
2022-01-03 22:50:00 : 23,100,000 : 0 : 2,394,347,025 : 9%
2022-01-03 23:04:36 : 23,200,000 : 0 : 2,404,833,025 : 9%
2022-01-03 23:19:21 : 23,300,000 : 0 : 2,415,187,950 : 9%
2022-01-03 23:34:05 : 23,400,000 : 0 : 2,425,542,875 : 9%
2022-01-03 23:49:10 : 23,500,000 : 0 : 2,436,028,875 : 9%
2022-01-04 00:04:12 : 23,600,000 : 0 : 2,456,607,650 : 9%
2022-01-04 00:19:19 : 23,700,000 : 0 : 2,466,831,500 : 9%
2022-01-04 00:34:21 : 23,800,000 : 0 : 2,477,055,350 : 9%
2022-01-04 00:49:36 : 23,900,000 : 0 : 2,487,279,200 : 9%
2022-01-04 01:04:59 : 24,000,000 : 0 : 2,497,371,975 : 9%
2022-01-04 01:20:09 : 24,100,000 : 0 : 2,507,464,750 : 9%
2022-01-04 01:35:19 : 24,200,000 : 0 : 2,517,557,525 : 9%
2022-01-04 01:50:33 : 24,300,000 : 0 : 2,527,519,225 : 9%
2022-01-04 02:05:30 : 24,400,000 : 0 : 2,537,480,925 : 9%
2022-01-04 02:20:22 : 24,500,000 : 0 : 2,547,311,550 : 9%
2022-01-04 02:35:07 : 24,600,000 : 0 : 2,557,273,250 : 9%
2022-01-04 02:50:19 : 24,700,000 : 0 : 2,567,234,950 : 9%
2022-01-04 03:05:51 : 24,800,000 : 0 : 2,577,196,650 : 9%
2022-01-04 03:21:38 : 24,900,000 : 0 : 2,587,158,350 : 10%
2022-01-04 03:37:16 : 25,000,000 : 0 : 2,596,988,975 : 10%
2022-01-04 03:53:19 : 25,100,000 : 0 : 2,606,950,675 : 10%
2022-01-04 04:09:43 : 25,200,000 : 0 : 2,616,912,375 : 10%
2022-01-04 04:26:26 : 25,300,000 : 0 : 2,626,874,075 : 10%
2022-01-04 04:43:38 : 25,400,000 : 0 : 2,636,835,775 : 10%
2022-01-04 05:01:29 : 25,500,000 : 0 : 2,646,797,475 : 10%
2022-01-04 05:19:55 : 25,600,000 : 0 : 2,656,759,175 : 10%
2022-01-04 05:39:17 : 25,700,000 : 0 : 2,666,851,950 : 10%
2022-01-04 06:00:01 : 25,800,000 : 0 : 2,676,944,725 : 10%
2022-01-04 06:21:55 : 25,900,000 : 0 : 2,686,906,425 : 10%
2022-01-04 06:45:17 : 26,000,000 : 0 : 2,697,130,275 : 10%
2022-01-04 07:10:00 : 26,100,000 : 0 : 2,707,223,050 : 10%
2022-01-04 07:35:37 : 26,200,000 : 0 : 2,717,184,750 : 10%
2022-01-04 08:02:41 : 26,300,000 : 0 : 2,727,277,525 : 10%
2022-01-04 08:30:35 : 26,400,000 : 0 : 2,747,463,075 : 10%
2022-01-04 08:58:40 : 26,500,000 : 0 : 2,757,424,775 : 10%
2022-01-04 09:27:38 : 26,600,000 : 0 : 2,767,517,550 : 10%
2022-01-04 09:56:43 : 26,700,000 : 0 : 2,777,610,325 : 10%
2022-01-04 10:25:27 : 26,800,000 : 0 : 2,787,703,100 : 10%
2022-01-04 10:53:45 : 26,900,000 : 0 : 2,797,795,875 : 10%
2022-01-04 11:20:51 : 27,000,000 : 0 : 2,807,888,650 : 10%
2022-01-04 11:46:29 : 27,100,000 : 0 : 2,817,981,425 : 10%
2022-01-04 12:10:35 : 27,200,000 : 0 : 2,828,074,200 : 10%
2022-01-04 12:33:22 : 27,300,000 : 0 : 2,838,298,050 : 10%
2022-01-04 12:54:52 : 27,400,000 : 0 : 2,848,652,975 : 10%
2022-01-04 13:15:12 : 27,500,000 : 0 : 2,859,007,900 : 11%
2022-01-04 13:34:25 : 27,600,000 : 0 : 2,869,362,825 : 11%
2022-01-04 13:52:39 : 27,700,000 : 0 : 2,879,717,750 : 11%
2022-01-04 14:10:10 : 27,800,000 : 0 : 2,890,072,675 : 11%
2022-01-04 14:27:05 : 27,900,000 : 0 : 2,900,558,675 : 11%
2022-01-04 14:43:29 : 28,000,000 : 0 : 2,910,913,600 : 11%
2022-01-04 14:59:28 : 28,100,000 : 0 : 2,921,399,600 : 11%
2022-01-04 15:14:56 : 28,200,000 : 0 : 2,931,885,600 : 11%
2022-01-04 15:29:54 : 28,300,000 : 0 : 2,942,371,600 : 11%
2022-01-04 15:44:40 : 28,400,000 : 0 : 2,952,988,675 : 11%
2022-01-04 15:59:16 : 28,500,000 : 0 : 2,963,605,750 : 11%
2022-01-04 16:13:54 : 28,600,000 : 0 : 2,974,222,825 : 11%
2022-01-04 16:28:18 : 28,700,000 : 0 : 2,984,839,900 : 11%
2022-01-04 16:42:39 : 28,800,000 : 0 : 2,995,456,975 : 11%
2022-01-04 16:56:54 : 28,900,000 : 0 : 3,006,074,050 : 11%
2022-01-04 17:11:17 : 29,000,000 : 0 : 3,016,822,200 : 11%
2022-01-04 17:25:20 : 29,100,000 : 0 : 3,037,925,275 : 11%
2022-01-04 17:39:18 : 29,200,000 : 0 : 3,048,542,350 : 11%
2022-01-04 17:53:13 : 29,300,000 : 0 : 3,059,159,425 : 11%
2022-01-04 18:07:13 : 29,400,000 : 0 : 3,069,776,500 : 11%
2022-01-04 18:21:35 : 29,500,000 : 0 : 3,080,524,650 : 11%
2022-01-04 18:35:26 : 29,600,000 : 0 : 3,091,141,725 : 11%
2022-01-04 18:49:19 : 29,700,000 : 0 : 3,101,758,800 : 11%
2022-01-04 19:03:07 : 29,800,000 : 0 : 3,112,375,875 : 11%
2022-01-04 19:17:10 : 29,900,000 : 0 : 3,122,992,950 : 12%
2022-01-04 19:31:10 : 30,000,000 : 0 : 3,133,610,025 : 12%
2022-01-04 19:45:11 : 30,100,000 : 0 : 3,144,227,100 : 12%
2022-01-04 19:59:11 : 30,200,000 : 0 : 3,154,844,175 : 12%
2022-01-04 20:13:08 : 30,300,000 : 0 : 3,165,461,250 : 12%
2022-01-04 20:26:59 : 30,400,000 : 0 : 3,175,947,250 : 12%
2022-01-04 20:40:45 : 30,500,000 : 0 : 3,186,433,250 : 12%
2022-01-04 20:54:25 : 30,600,000 : 0 : 3,197,050,325 : 12%
2022-01-04 21:08:14 : 30,700,000 : 0 : 3,207,667,400 : 12%
2022-01-04 21:21:57 : 30,800,000 : 0 : 3,218,153,400 : 12%
2022-01-04 21:35:45 : 30,900,000 : 0 : 3,228,639,400 : 12%
2022-01-04 21:49:37 : 31,000,000 : 0 : 3,239,256,475 : 12%
2022-01-04 22:03:35 : 31,100,000 : 0 : 3,249,742,475 : 12%
2022-01-04 22:17:50 : 31,200,000 : 0 : 3,260,097,400 : 12%
2022-01-04 22:31:52 : 31,300,000 : 0 : 3,281,069,400 : 12%
2022-01-04 22:46:06 : 31,400,000 : 0 : 3,291,555,400 : 12%
2022-01-04 23:00:21 : 31,500,000 : 0 : 3,302,041,400 : 12%
2022-01-04 23:14:52 : 31,600,000 : 0 : 3,312,396,325 : 12%
2022-01-04 23:29:13 : 31,700,000 : 0 : 3,322,751,250 : 12%
2022-01-04 23:43:45 : 31,800,000 : 0 : 3,333,106,175 : 12%
2022-01-04 23:58:25 : 31,900,000 : 0 : 3,343,461,100 : 12%
2022-01-05 00:13:22 : 32,000,000 : 0 : 3,353,684,950 : 12%
2022-01-05 00:28:11 : 32,100,000 : 0 : 3,364,039,875 : 12%
2022-01-05 00:43:06 : 32,200,000 : 0 : 3,374,263,725 : 12%
2022-01-05 00:58:02 : 32,300,000 : 0 : 3,384,356,500 : 12%
2022-01-05 01:13:08 : 32,400,000 : 0 : 3,394,580,350 : 13%
2022-01-05 01:28:29 : 32,500,000 : 0 : 3,404,673,125 : 13%
2022-01-05 01:43:49 : 32,600,000 : 0 : 3,414,765,900 : 13%
2022-01-05 01:59:03 : 32,700,000 : 0 : 3,424,858,675 : 13%
2022-01-05 02:14:19 : 32,800,000 : 0 : 3,434,951,450 : 13%
2022-01-05 02:29:23 : 32,900,000 : 0 : 3,444,782,075 : 13%
2022-01-05 02:44:40 : 33,000,000 : 0 : 3,454,874,850 : 13%
2022-01-05 03:00:15 : 33,100,000 : 0 : 3,464,836,550 : 13%
2022-01-05 03:16:09 : 33,200,000 : 0 : 3,474,929,325 : 13%
2022-01-05 03:32:19 : 33,300,000 : 0 : 3,485,022,100 : 13%
2022-01-05 03:48:52 : 33,400,000 : 0 : 3,495,114,875 : 13%
2022-01-05 04:05:45 : 33,500,000 : 0 : 3,505,338,725 : 13%
2022-01-05 04:22:51 : 33,600,000 : 0 : 3,515,300,425 : 13%
2022-01-05 04:40:39 : 33,700,000 : 0 : 3,525,393,200 : 13%
2022-01-05 04:59:01 : 33,800,000 : 0 : 3,535,485,975 : 13%
2022-01-05 05:18:03 : 33,900,000 : 0 : 3,545,578,750 : 13%
2022-01-05 05:37:53 : 34,000,000 : 0 : 3,565,633,225 : 13%
2022-01-05 05:58:28 : 34,100,000 : 0 : 3,575,726,000 : 13%
2022-01-05 06:20:19 : 34,200,000 : 0 : 3,585,818,775 : 13%
2022-01-05 06:43:16 : 34,300,000 : 0 : 3,595,911,550 : 13%
2022-01-05 07:07:14 : 34,400,000 : 0 : 3,605,873,250 : 13%
2022-01-05 07:32:19 : 34,500,000 : 0 : 3,615,966,025 : 13%
2022-01-05 07:58:40 : 34,600,000 : 0 : 3,626,058,800 : 13%
2022-01-05 08:25:45 : 34,700,000 : 0 : 3,636,151,575 : 13%
2022-01-05 08:53:12 : 34,800,000 : 0 : 3,646,244,350 : 13%
2022-01-05 09:20:54 : 34,900,000 : 0 : 3,656,337,125 : 13%
2022-01-05 09:49:05 : 35,000,000 : 0 : 3,666,429,900 : 14%
2022-01-05 10:17:34 : 35,100,000 : 0 : 3,676,653,750 : 14%
2022-01-05 10:45:19 : 35,200,000 : 0 : 3,686,746,525 : 14%
2022-01-05 11:11:58 : 35,300,000 : 0 : 3,696,839,300 : 14%
2022-01-05 11:37:24 : 35,400,000 : 0 : 3,707,063,150 : 14%
2022-01-05 12:01:29 : 35,500,000 : 0 : 3,717,287,000 : 14%
2022-01-05 12:24:24 : 35,600,000 : 0 : 3,727,379,775 : 14%
2022-01-05 12:45:41 : 35,700,000 : 0 : 3,737,603,625 : 14%
2022-01-05 13:05:51 : 35,800,000 : 0 : 3,747,958,550 : 14%
2022-01-05 13:25:03 : 35,900,000 : 0 : 3,758,182,400 : 14%
2022-01-05 13:43:19 : 36,000,000 : 0 : 3,768,668,400 : 14%
2022-01-05 14:00:48 : 36,100,000 : 0 : 3,779,023,325 : 14%
2022-01-05 14:17:43 : 36,200,000 : 0 : 3,789,509,325 : 14%
2022-01-05 14:33:51 : 36,300,000 : 0 : 3,799,995,325 : 14%
2022-01-05 14:49:17 : 36,400,000 : 0 : 3,810,481,325 : 14%
2022-01-05 15:04:27 : 36,500,000 : 0 : 3,821,098,400 : 14%
2022-01-05 15:19:15 : 36,600,000 : 0 : 3,831,584,400 : 14%
2022-01-05 15:33:50 : 36,700,000 : 0 : 3,842,201,475 : 14%
2022-01-05 15:48:05 : 36,800,000 : 0 : 3,863,566,700 : 14%
2022-01-05 16:02:05 : 36,900,000 : 0 : 3,874,183,775 : 14%
2022-01-05 16:15:59 : 37,000,000 : 0 : 3,884,800,850 : 14%
2022-01-05 16:29:37 : 37,100,000 : 0 : 3,895,417,925 : 14%
2022-01-05 16:43:04 : 37,200,000 : 0 : 3,906,035,000 : 14%
2022-01-05 16:56:18 : 37,300,000 : 0 : 3,916,652,075 : 14%
2022-01-05 17:09:29 : 37,400,000 : 0 : 3,927,138,075 : 14%
2022-01-05 17:22:33 : 37,500,000 : 0 : 3,937,755,150 : 15%
2022-01-05 17:35:37 : 37,600,000 : 0 : 3,948,503,300 : 15%
2022-01-05 17:48:37 : 37,700,000 : 0 : 3,958,989,300 : 15%
2022-01-05 18:01:22 : 37,800,000 : 0 : 3,969,475,300 : 15%
2022-01-05 18:14:20 : 37,900,000 : 0 : 3,980,092,375 : 15%
2022-01-05 18:27:15 : 38,000,000 : 0 : 3,990,578,375 : 15%
2022-01-05 18:40:10 : 38,100,000 : 0 : 4,001,195,450 : 15%
2022-01-05 18:53:10 : 38,200,000 : 0 : 4,011,681,450 : 15%
2022-01-05 19:06:09 : 38,300,000 : 0 : 4,022,298,525 : 15%
2022-01-05 19:21:35 : 38,400,000 : 0 : 4,031,998,075 : 15%
2022-01-05 19:36:03 : 38,500,000 : 0 : 4,042,353,000 : 15%
2022-01-05 19:51:49 : 38,600,000 : 0 : 4,051,790,400 : 15%
2022-01-05 20:05:59 : 38,700,000 : 0 : 4,062,014,250 : 15%
2022-01-05 20:21:31 : 38,800,000 : 0 : 4,072,238,100 : 15%
2022-01-05 20:36:17 : 38,900,000 : 0 : 4,082,593,025 : 15%
2022-01-05 20:51:36 : 39,000,000 : 0 : 4,092,947,950 : 15%
2022-01-05 21:06:37 : 39,100,000 : 0 : 4,113,788,875 : 15%
2022-01-05 21:21:50 : 39,200,000 : 0 : 4,124,143,800 : 15%
2022-01-05 21:36:51 : 39,300,000 : 0 : 4,134,498,725 : 15%
2022-01-05 21:51:40 : 39,400,000 : 0 : 4,144,853,650 : 15%
2022-01-05 22:06:23 : 39,500,000 : 0 : 4,155,208,575 : 15%
2022-01-05 22:20:11 : 39,600,000 : 0 : 4,165,432,425 : 15%
2022-01-05 22:33:43 : 39,700,000 : 0 : 4,175,656,275 : 15%
2022-01-05 22:47:11 : 39,800,000 : 0 : 4,186,011,200 : 15%
2022-01-05 23:00:46 : 39,900,000 : 0 : 4,196,366,125 : 15%
2022-01-05 23:14:38 : 40,000,000 : 0 : 4,206,589,975 : 15%
2022-01-05 23:28:31 : 40,100,000 : 0 : 4,216,813,825 : 16%
2022-01-05 23:42:36 : 40,200,000 : 0 : 4,227,168,750 : 16%
2022-01-05 23:56:58 : 40,300,000 : 0 : 4,237,523,675 : 16%
2022-01-06 00:11:30 : 40,400,000 : 0 : 4,247,747,525 : 16%
2022-01-06 00:26:00 : 40,500,000 : 0 : 4,257,971,375 : 16%
2022-01-06 00:40:37 : 40,600,000 : 0 : 4,268,195,225 : 16%
2022-01-06 00:55:28 : 40,700,000 : 0 : 4,278,288,000 : 16%
2022-01-06 01:10:14 : 40,800,000 : 0 : 4,288,511,850 : 16%
2022-01-06 01:25:11 : 40,900,000 : 0 : 4,298,604,625 : 16%
2022-01-06 01:42:44 : 41,000,000 : 0 : 4,308,959,550 : 16%
2022-01-06 02:17:35 : 41,100,000 : 0 : 4,319,445,550 : 16%
2022-01-06 02:53:20 : 41,200,000 : 0 : 4,328,620,800 : 16%
2022-01-06 03:11:34 : 41,300,000 : 0 : 4,338,320,350 : 16%
2022-01-06 03:27:14 : 41,400,000 : 0 : 4,348,282,050 : 16%
2022-01-06 03:43:03 : 41,500,000 : 0 : 4,358,243,750 : 16%
2022-01-06 03:58:58 : 41,600,000 : 0 : 4,378,298,225 : 16%
2022-01-06 04:15:25 : 41,700,000 : 0 : 4,388,259,925 : 16%
2022-01-06 04:33:59 : 41,800,000 : 0 : 4,398,221,625 : 16%
2022-01-06 04:52:44 : 41,900,000 : 0 : 4,408,314,400 : 16%
2022-01-06 05:10:52 : 42,000,000 : 0 : 4,418,276,100 : 16%
2022-01-06 05:29:45 : 42,100,000 : 0 : 4,428,237,800 : 16%
2022-01-06 05:49:35 : 42,200,000 : 0 : 4,438,330,575 : 16%
2022-01-06 06:10:32 : 42,300,000 : 0 : 4,448,292,275 : 16%
2022-01-06 06:32:45 : 42,400,000 : 0 : 4,458,253,975 : 16%
2022-01-06 06:56:01 : 42,500,000 : 0 : 4,468,346,750 : 16%
2022-01-06 07:20:28 : 42,600,000 : 0 : 4,478,439,525 : 16%
2022-01-06 07:45:34 : 42,700,000 : 0 : 4,488,401,225 : 17%
2022-01-06 08:11:45 : 42,800,000 : 0 : 4,498,362,925 : 17%
2022-01-06 08:38:40 : 42,900,000 : 0 : 4,508,455,700 : 17%
2022-01-06 09:07:46 : 43,000,000 : 0 : 4,518,679,550 : 17%
2022-01-06 09:36:21 : 43,100,000 : 0 : 4,528,903,400 : 17%
2022-01-06 10:04:56 : 43,200,000 : 0 : 4,538,996,175 : 17%
2022-01-06 10:33:28 : 43,300,000 : 0 : 4,549,220,025 : 17%
2022-01-06 11:00:51 : 43,400,000 : 0 : 4,559,312,800 : 17%
2022-01-06 11:26:57 : 43,500,000 : 0 : 4,569,405,575 : 17%
2022-01-06 11:51:47 : 43,600,000 : 0 : 4,579,629,425 : 17%
2022-01-06 12:14:58 : 43,700,000 : 0 : 4,589,722,200 : 17%
2022-01-06 12:36:54 : 43,800,000 : 0 : 4,600,077,125 : 17%
2022-01-06 12:57:32 : 43,900,000 : 0 : 4,610,300,975 : 17%
2022-01-06 13:16:53 : 44,000,000 : 0 : 4,620,655,900 : 17%
2022-01-06 13:35:09 : 44,100,000 : 0 : 4,631,141,900 : 17%
2022-01-06 13:52:26 : 44,200,000 : 0 : 4,641,496,825 : 17%
2022-01-06 14:08:54 : 44,300,000 : 0 : 4,651,851,750 : 17%
2022-01-06 14:24:42 : 44,400,000 : 0 : 4,662,337,750 : 17%
2022-01-06 14:40:02 : 44,500,000 : 0 : 4,683,178,675 : 17%
2022-01-06 14:54:58 : 44,600,000 : 0 : 4,693,664,675 : 17%
2022-01-06 15:09:44 : 44,700,000 : 0 : 4,704,150,675 : 17%
2022-01-06 15:24:08 : 44,800,000 : 0 : 4,714,636,675 : 17%
2022-01-06 15:38:28 : 44,900,000 : 0 : 4,725,253,750 : 17%
2022-01-06 15:52:17 : 45,000,000 : 0 : 4,735,739,750 : 17%
2022-01-06 16:06:01 : 45,100,000 : 0 : 4,746,356,825 : 17%
2022-01-06 16:19:44 : 45,200,000 : 0 : 4,756,973,900 : 18%
2022-01-06 16:33:08 : 45,300,000 : 0 : 4,767,590,975 : 18%
2022-01-06 16:46:32 : 45,400,000 : 0 : 4,778,208,050 : 18%
2022-01-06 16:59:50 : 45,500,000 : 0 : 4,788,825,125 : 18%
2022-01-06 17:13:19 : 45,600,000 : 0 : 4,799,573,275 : 18%
2022-01-06 17:26:51 : 45,700,000 : 0 : 4,810,190,350 : 18%
2022-01-06 17:40:00 : 45,800,000 : 0 : 4,820,676,350 : 18%
2022-01-06 17:52:57 : 45,900,000 : 0 : 4,831,424,500 : 18%
2022-01-06 18:06:13 : 46,000,000 : 0 : 4,842,041,575 : 18%
2022-01-06 18:19:29 : 46,100,000 : 0 : 4,852,658,650 : 18%
2022-01-06 18:32:40 : 46,200,000 : 0 : 4,863,406,800 : 18%
2022-01-06 18:45:54 : 46,300,000 : 0 : 4,874,023,875 : 18%
2022-01-06 18:59:34 : 46,400,000 : 0 : 4,884,640,950 : 18%
2022-01-06 19:12:53 : 46,500,000 : 0 : 4,895,258,025 : 18%
2022-01-06 19:26:01 : 46,600,000 : 0 : 4,905,744,025 : 18%
2022-01-06 19:39:19 : 46,700,000 : 0 : 4,926,978,175 : 18%
2022-01-06 19:52:26 : 46,800,000 : 0 : 4,937,464,175 : 18%
2022-01-06 20:05:46 : 46,900,000 : 0 : 4,948,081,250 : 18%
2022-01-06 20:19:17 : 47,000,000 : 0 : 4,958,567,250 : 18%
2022-01-06 20:32:40 : 47,100,000 : 0 : 4,969,053,250 : 18%
2022-01-06 20:45:59 : 47,200,000 : 0 : 4,979,539,250 : 18%
2022-01-06 20:59:21 : 47,300,000 : 0 : 4,990,025,250 : 18%
2022-01-06 21:12:54 : 47,400,000 : 0 : 5,000,642,325 : 18%
2022-01-06 21:26:25 : 47,500,000 : 0 : 5,011,128,325 : 18%
2022-01-06 21:39:46 : 47,600,000 : 0 : 5,021,483,250 : 18%
2022-01-06 21:52:59 : 47,700,000 : 0 : 5,031,838,175 : 19%
2022-01-06 22:06:03 : 47,800,000 : 0 : 5,042,193,100 : 19%
2022-01-06 22:19:30 : 47,900,000 : 0 : 5,052,548,025 : 19%
2022-01-06 22:32:50 : 48,000,000 : 0 : 5,062,902,950 : 19%
2022-01-06 22:46:25 : 48,100,000 : 0 : 5,073,257,875 : 19%
2022-01-06 23:00:03 : 48,200,000 : 0 : 5,083,612,800 : 19%
2022-01-06 23:13:55 : 48,300,000 : 0 : 5,093,967,725 : 19%
2022-01-06 23:27:59 : 48,400,000 : 0 : 5,104,322,650 : 19%
2022-01-06 23:42:13 : 48,500,000 : 0 : 5,114,677,575 : 19%
2022-01-06 23:56:34 : 48,600,000 : 0 : 5,124,901,425 : 19%
2022-01-07 00:11:08 : 48,700,000 : 0 : 5,135,256,350 : 19%
2022-01-07 00:25:52 : 48,800,000 : 0 : 5,145,480,200 : 19%
2022-01-07 00:40:30 : 48,900,000 : 0 : 5,155,704,050 : 19%
2022-01-07 00:55:14 : 49,000,000 : 0 : 5,165,796,825 : 19%
2022-01-07 01:10:24 : 49,100,000 : 0 : 5,176,020,675 : 19%
2022-01-07 01:25:28 : 49,200,000 : 0 : 5,196,206,225 : 19%
2022-01-07 01:40:26 : 49,300,000 : 0 : 5,206,299,000 : 19%
2022-01-07 01:55:32 : 49,400,000 : 0 : 5,216,260,700 : 19%
2022-01-07 02:10:45 : 49,500,000 : 0 : 5,226,353,475 : 19%
2022-01-07 02:25:54 : 49,600,000 : 0 : 5,236,315,175 : 19%
2022-01-07 02:41:10 : 49,700,000 : 0 : 5,246,276,875 : 19%
2022-01-07 02:56:25 : 49,800,000 : 0 : 5,256,369,650 : 19%
2022-01-07 03:11:56 : 49,900,000 : 0 : 5,266,331,350 : 19%
2022-01-07 03:27:32 : 50,000,000 : 0 : 5,276,293,050 : 19%
2022-01-07 03:43:15 : 50,100,000 : 0 : 5,286,254,750 : 19%
2022-01-07 03:59:27 : 50,200,000 : 0 : 5,296,216,450 : 20%
2022-01-07 04:16:01 : 50,300,000 : 0 : 5,306,178,150 : 20%
2022-01-07 04:33:02 : 50,400,000 : 0 : 5,316,139,850 : 20%
2022-01-07 04:50:39 : 50,500,000 : 0 : 5,326,101,550 : 20%
2022-01-07 05:08:53 : 50,600,000 : 0 : 5,336,194,325 : 20%
2022-01-07 05:27:39 : 50,700,000 : 0 : 5,346,156,025 : 20%
2022-01-07 05:47:23 : 50,800,000 : 0 : 5,356,117,725 : 20%
2022-01-07 06:08:18 : 50,900,000 : 0 : 5,366,210,500 : 20%
2022-01-07 06:30:02 : 51,000,000 : 0 : 5,376,172,200 : 20%
2022-01-07 06:52:32 : 51,100,000 : 0 : 5,386,264,975 : 20%
2022-01-07 07:16:11 : 51,200,000 : 0 : 5,396,095,600 : 20%
2022-01-07 07:40:41 : 51,300,000 : 0 : 5,406,188,375 : 20%
2022-01-07 08:06:31 : 51,400,000 : 0 : 5,416,281,150 : 20%
2022-01-07 08:33:15 : 51,500,000 : 0 : 5,426,505,000 : 20%
2022-01-07 09:00:39 : 51,600,000 : 0 : 5,436,597,775 : 20%
2022-01-07 09:28:32 : 51,700,000 : 0 : 5,446,821,625 : 20%
2022-01-07 09:56:49 : 51,800,000 : 0 : 5,457,045,475 : 20%
2022-01-07 10:24:53 : 51,900,000 : 0 : 5,467,269,325 : 20%
2022-01-07 10:52:37 : 52,000,000 : 0 : 5,477,362,100 : 20%
2022-01-07 11:19:33 : 52,100,000 : 0 : 5,497,809,800 : 20%
2022-01-07 11:45:16 : 52,200,000 : 0 : 5,508,164,725 : 20%
2022-01-07 12:09:41 : 52,300,000 : 0 : 5,518,388,575 : 20%
2022-01-07 12:32:18 : 52,400,000 : 0 : 5,528,743,500 : 20%
2022-01-07 12:53:19 : 52,500,000 : 0 : 5,538,967,350 : 20%
2022-01-07 13:13:04 : 52,600,000 : 0 : 5,549,453,350 : 20%
2022-01-07 13:31:25 : 52,700,000 : 0 : 5,559,808,275 : 20%
2022-01-07 13:48:42 : 52,800,000 : 0 : 5,570,294,275 : 21%
2022-01-07 14:05:14 : 52,900,000 : 0 : 5,580,649,200 : 21%
2022-01-07 14:21:06 : 53,000,000 : 0 : 5,591,004,125 : 21%
2022-01-07 14:36:26 : 53,100,000 : 0 : 5,601,359,050 : 21%
2022-01-07 14:51:08 : 53,200,000 : 0 : 5,611,845,050 : 21%
2022-01-07 15:05:31 : 53,300,000 : 0 : 5,622,331,050 : 21%
2022-01-07 15:19:50 : 53,400,000 : 0 : 5,632,948,125 : 21%
2022-01-07 15:33:47 : 53,500,000 : 0 : 5,643,434,125 : 21%
2022-01-07 15:47:14 : 53,600,000 : 0 : 5,653,920,125 : 21%
2022-01-07 16:00:27 : 53,700,000 : 0 : 5,664,406,125 : 21%
2022-01-07 16:13:40 : 53,800,000 : 0 : 5,674,892,125 : 21%
2022-01-07 16:26:49 : 53,900,000 : 0 : 5,685,378,125 : 21%
2022-01-07 16:39:58 : 54,000,000 : 0 : 5,695,995,200 : 21%
2022-01-07 16:52:51 : 54,100,000 : 0 : 5,706,612,275 : 21%
2022-01-07 17:05:59 : 54,200,000 : 0 : 5,717,098,275 : 21%
2022-01-07 17:19:03 : 54,300,000 : 0 : 5,727,715,350 : 21%
2022-01-07 17:32:03 : 54,400,000 : 0 : 5,738,201,350 : 21%
2022-01-07 17:44:55 : 54,500,000 : 0 : 5,748,556,275 : 21%
2022-01-07 17:57:41 : 54,600,000 : 0 : 5,769,397,200 : 21%
2022-01-07 18:10:35 : 54,700,000 : 0 : 5,779,883,200 : 21%
2022-01-07 18:23:31 : 54,800,000 : 0 : 5,790,369,200 : 21%
2022-01-07 18:36:27 : 54,900,000 : 0 : 5,800,986,275 : 21%
2022-01-07 18:49:35 : 55,000,000 : 0 : 5,811,603,350 : 21%
2022-01-07 19:02:48 : 55,100,000 : 0 : 5,822,089,350 : 21%
2022-01-07 19:16:08 : 55,200,000 : 0 : 5,832,575,350 : 21%
2022-01-07 19:29:29 : 55,300,000 : 0 : 5,843,192,425 : 22%
2022-01-07 19:42:53 : 55,400,000 : 0 : 5,853,678,425 : 22%
2022-01-07 19:56:16 : 55,500,000 : 0 : 5,864,295,500 : 22%
2022-01-07 20:09:50 : 55,600,000 : 0 : 5,874,781,500 : 22%
2022-01-07 20:23:27 : 55,700,000 : 0 : 5,885,267,500 : 22%
2022-01-07 20:37:02 : 55,800,000 : 0 : 5,895,753,500 : 22%
2022-01-07 20:50:32 : 55,900,000 : 0 : 5,906,239,500 : 22%
2022-01-07 21:03:59 : 56,000,000 : 0 : 5,916,725,500 : 22%
2022-01-07 21:17:42 : 56,100,000 : 0 : 5,927,211,500 : 22%
2022-01-07 21:31:19 : 56,200,000 : 0 : 5,937,566,425 : 22%
2022-01-07 21:45:01 : 56,300,000 : 0 : 5,948,052,425 : 22%
2022-01-07 21:58:39 : 56,400,000 : 0 : 5,958,276,275 : 22%
2022-01-07 22:12:32 : 56,500,000 : 0 : 5,968,631,200 : 22%
2022-01-07 22:26:34 : 56,600,000 : 0 : 5,978,986,125 : 22%
2022-01-07 22:40:40 : 56,700,000 : 0 : 5,989,209,975 : 22%
2022-01-07 22:54:50 : 56,800,000 : 0 : 5,999,564,900 : 22%
2022-01-07 23:09:17 : 56,900,000 : 0 : 6,009,919,825 : 22%
2022-01-07 23:23:50 : 57,000,000 : 0 : 6,030,498,600 : 22%
2022-01-07 23:38:34 : 57,100,000 : 0 : 6,040,722,450 : 22%
2022-01-07 23:53:22 : 57,200,000 : 0 : 6,050,946,300 : 22%
2022-01-08 00:08:12 : 57,300,000 : 0 : 6,061,170,150 : 22%
2022-01-08 00:23:17 : 57,400,000 : 0 : 6,071,394,000 : 22%
2022-01-08 00:38:37 : 57,500,000 : 0 : 6,081,486,775 : 22%
2022-01-08 00:54:10 : 57,600,000 : 0 : 6,091,579,550 : 22%
2022-01-08 01:09:42 : 57,700,000 : 0 : 6,101,541,250 : 22%
2022-01-08 01:25:14 : 57,800,000 : 0 : 6,111,634,025 : 23%
2022-01-08 01:40:54 : 57,900,000 : 0 : 6,121,595,725 : 23%
2022-01-08 01:56:44 : 58,000,000 : 0 : 6,131,557,425 : 23%
2022-01-08 02:12:42 : 58,100,000 : 0 : 6,141,519,125 : 23%
2022-01-08 02:28:34 : 58,200,000 : 0 : 6,151,349,750 : 23%
2022-01-08 02:44:44 : 58,300,000 : 0 : 6,161,180,375 : 23%
2022-01-08 03:00:55 : 58,400,000 : 0 : 6,171,011,000 : 23%
2022-01-08 03:17:18 : 58,500,000 : 0 : 6,180,972,700 : 23%
2022-01-08 03:33:56 : 58,600,000 : 0 : 6,190,803,325 : 23%
2022-01-08 03:50:45 : 58,700,000 : 0 : 6,200,633,950 : 23%
2022-01-08 04:08:09 : 58,800,000 : 0 : 6,210,595,650 : 23%
2022-01-08 04:26:34 : 58,900,000 : 0 : 6,220,557,350 : 23%
2022-01-08 04:45:21 : 59,000,000 : 0 : 6,230,519,050 : 23%
2022-01-08 05:04:28 : 59,100,000 : 0 : 6,240,480,750 : 23%
2022-01-08 05:24:09 : 59,200,000 : 0 : 6,250,311,375 : 23%
2022-01-08 05:44:23 : 59,300,000 : 0 : 6,260,010,925 : 23%
2022-01-08 06:05:50 : 59,400,000 : 0 : 6,269,841,550 : 23%
2022-01-08 06:28:28 : 59,500,000 : 0 : 6,279,803,250 : 23%
2022-01-08 06:52:32 : 59,600,000 : 0 : 6,289,764,950 : 23%
2022-01-08 07:17:34 : 59,700,000 : 0 : 6,299,595,575 : 23%
2022-01-08 07:43:56 : 59,800,000 : 0 : 6,309,557,275 : 23%
2022-01-08 08:10:58 : 59,900,000 : 0 : 6,319,387,900 : 23%
2022-01-08 08:38:46 : 60,000,000 : 0 : 6,339,442,375 : 23%
2022-01-08 09:07:07 : 60,100,000 : 0 : 6,349,404,075 : 23%
2022-01-08 09:35:53 : 60,200,000 : 0 : 6,359,365,775 : 23%
2022-01-08 10:05:07 : 60,300,000 : 0 : 6,369,196,400 : 23%
2022-01-08 10:34:14 : 60,400,000 : 0 : 6,379,289,175 : 23%
2022-01-08 11:03:20 : 60,500,000 : 0 : 6,389,250,875 : 24%
2022-01-08 11:31:39 : 60,600,000 : 0 : 6,399,212,575 : 24%
2022-01-08 11:58:47 : 60,700,000 : 0 : 6,409,305,350 : 24%
2022-01-08 12:24:35 : 60,800,000 : 0 : 6,419,398,125 : 24%
2022-01-08 12:48:59 : 60,900,000 : 0 : 6,429,621,975 : 24%
2022-01-08 13:11:41 : 61,000,000 : 0 : 6,439,976,900 : 24%
2022-01-08 13:32:54 : 61,100,000 : 0 : 6,450,200,750 : 24%
2022-01-08 13:52:54 : 61,200,000 : 0 : 6,460,424,600 : 24%
2022-01-08 14:11:51 : 61,300,000 : 0 : 6,470,779,525 : 24%
2022-01-08 14:30:00 : 61,400,000 : 0 : 6,481,134,450 : 24%
2022-01-08 14:47:27 : 61,500,000 : 0 : 6,491,358,300 : 24%
2022-01-08 15:04:21 : 61,600,000 : 0 : 6,501,713,225 : 24%
2022-01-08 15:20:34 : 61,700,000 : 0 : 6,512,068,150 : 24%
2022-01-08 15:36:30 : 61,800,000 : 0 : 6,522,554,150 : 24%
2022-01-08 15:52:04 : 61,900,000 : 0 : 6,532,909,075 : 24%
2022-01-08 16:07:23 : 62,000,000 : 0 : 6,543,395,075 : 24%
2022-01-08 16:22:22 : 62,100,000 : 0 : 6,553,881,075 : 24%
2022-01-08 16:37:08 : 62,200,000 : 0 : 6,564,367,075 : 24%
2022-01-08 16:51:38 : 62,300,000 : 0 : 6,574,853,075 : 24%
2022-01-08 17:05:58 : 62,400,000 : 0 : 6,585,208,000 : 24%
2022-01-08 17:20:10 : 62,500,000 : 0 : 6,595,694,000 : 24%
2022-01-08 17:34:24 : 62,600,000 : 0 : 6,606,048,925 : 24%
2022-01-08 17:48:31 : 62,700,000 : 0 : 6,626,758,775 : 24%
2022-01-08 18:02:33 : 62,800,000 : 0 : 6,637,113,700 : 24%
2022-01-08 18:16:40 : 62,900,000 : 0 : 6,647,468,625 : 24%
2022-01-08 18:31:02 : 63,000,000 : 0 : 6,657,823,550 : 25%
2022-01-08 18:45:16 : 63,100,000 : 0 : 6,668,178,475 : 25%
2022-01-08 18:59:26 : 63,200,000 : 0 : 6,678,533,400 : 25%
2022-01-08 19:13:42 : 63,300,000 : 0 : 6,688,757,250 : 25%
2022-01-08 19:27:54 : 63,400,000 : 0 : 6,699,112,175 : 25%
2022-01-08 19:42:15 : 63,500,000 : 0 : 6,709,336,025 : 25%
2022-01-08 19:56:40 : 63,600,000 : 0 : 6,719,690,950 : 25%
2022-01-08 20:11:12 : 63,700,000 : 0 : 6,729,914,800 : 25%
2022-01-08 20:25:37 : 63,800,000 : 0 : 6,740,269,725 : 25%
2022-01-08 20:40:25 : 63,900,000 : 0 : 6,750,493,575 : 25%
2022-01-08 20:55:05 : 64,000,000 : 0 : 6,760,848,500 : 25%
2022-01-08 21:09:53 : 64,100,000 : 0 : 6,771,072,350 : 25%
2022-01-08 21:24:40 : 64,200,000 : 0 : 6,781,296,200 : 25%
2022-01-08 21:39:27 : 64,300,000 : 0 : 6,791,388,975 : 25%
2022-01-08 21:54:08 : 64,400,000 : 0 : 6,801,612,825 : 25%
2022-01-08 22:08:52 : 64,500,000 : 0 : 6,811,836,675 : 25%
2022-01-08 22:23:36 : 64,600,000 : 0 : 6,821,929,450 : 25%
2022-01-08 22:38:26 : 64,700,000 : 0 : 6,832,022,225 : 25%
2022-01-08 22:53:20 : 64,800,000 : 0 : 6,842,246,075 : 25%
2022-01-08 23:08:24 : 64,900,000 : 0 : 6,852,469,925 : 25%
2022-01-08 23:23:27 : 65,000,000 : 0 : 6,862,562,700 : 25%
2022-01-08 23:38:28 : 65,100,000 : 0 : 6,872,655,475 : 25%
2022-01-08 23:53:33 : 65,200,000 : 0 : 6,892,709,950 : 25%
2022-01-09 00:08:37 : 65,300,000 : 0 : 6,902,671,650 : 25%
2022-01-09 00:23:40 : 65,400,000 : 0 : 6,912,764,425 : 25%
2022-01-09 00:38:54 : 65,500,000 : 0 : 6,922,726,125 : 25%
2022-01-09 00:54:12 : 65,600,000 : 0 : 6,932,425,675 : 26%
2022-01-09 01:09:12 : 65,700,000 : 0 : 6,942,387,375 : 26%
2022-01-09 01:24:41 : 65,800,000 : 0 : 6,952,218,000 : 26%
2022-01-09 01:40:10 : 65,900,000 : 0 : 6,962,179,700 : 26%
2022-01-09 01:55:42 : 66,000,000 : 0 : 6,972,141,400 : 26%
2022-01-09 02:11:23 : 66,100,000 : 0 : 6,981,972,025 : 26%
2022-01-09 02:27:04 : 66,200,000 : 0 : 6,991,933,725 : 26%
2022-01-09 02:42:36 : 66,300,000 : 0 : 7,001,633,275 : 26%
2022-01-09 02:58:30 : 66,400,000 : 0 : 7,011,594,975 : 26%
2022-01-09 03:14:51 : 66,500,000 : 0 : 7,021,425,600 : 26%
2022-01-09 03:31:11 : 66,600,000 : 0 : 7,031,125,150 : 26%
2022-01-09 03:47:31 : 66,700,000 : 0 : 7,040,955,775 : 26%
2022-01-09 04:04:13 : 66,800,000 : 0 : 7,050,655,325 : 26%
2022-01-09 04:21:20 : 66,900,000 : 0 : 7,060,485,950 : 26%
2022-01-09 04:39:06 : 67,000,000 : 0 : 7,070,316,575 : 26%
2022-01-09 04:57:45 : 67,100,000 : 0 : 7,080,278,275 : 26%
2022-01-09 05:17:03 : 67,200,000 : 0 : 7,090,108,900 : 26%
2022-01-09 05:36:51 : 67,300,000 : 0 : 7,099,939,525 : 26%
2022-01-09 05:57:13 : 67,400,000 : 0 : 7,109,639,075 : 26%
2022-01-09 06:18:17 : 67,500,000 : 0 : 7,119,469,700 : 26%
2022-01-09 06:39:41 : 67,600,000 : 0 : 7,129,169,250 : 26%
2022-01-09 07:02:43 : 67,700,000 : 0 : 7,138,999,875 : 26%
2022-01-09 07:26:55 : 67,800,000 : 0 : 7,148,830,500 : 26%
2022-01-09 07:51:57 : 67,900,000 : 0 : 7,158,530,050 : 26%
2022-01-09 08:17:50 : 68,000,000 : 0 : 7,168,491,750 : 26%
2022-01-09 08:44:41 : 68,100,000 : 0 : 7,178,453,450 : 26%
2022-01-09 09:11:44 : 68,200,000 : 0 : 7,188,284,075 : 26%
2022-01-09 09:39:26 : 68,300,000 : 0 : 7,208,338,550 : 27%
2022-01-09 10:07:51 : 68,400,000 : 0 : 7,218,431,325 : 27%
2022-01-09 10:36:17 : 68,500,000 : 0 : 7,228,524,100 : 27%
2022-01-09 11:04:43 : 68,600,000 : 0 : 7,238,485,800 : 27%
2022-01-09 11:32:34 : 68,700,000 : 0 : 7,248,447,500 : 27%
2022-01-09 11:58:50 : 68,800,000 : 0 : 7,258,278,125 : 27%
2022-01-09 12:24:12 : 68,900,000 : 0 : 7,268,239,825 : 27%
2022-01-09 12:47:55 : 69,000,000 : 0 : 7,278,201,525 : 27%
2022-01-09 13:10:18 : 69,100,000 : 0 : 7,288,163,225 : 27%
2022-01-09 13:31:40 : 69,200,000 : 0 : 7,298,124,925 : 27%
2022-01-09 13:51:11 : 69,300,000 : 0 : 7,308,217,700 : 27%
2022-01-09 14:10:03 : 69,400,000 : 0 : 7,318,310,475 : 27%
2022-01-09 14:28:09 : 69,500,000 : 0 : 7,328,403,250 : 27%
2022-01-09 14:45:17 : 69,600,000 : 0 : 7,338,496,025 : 27%
2022-01-09 15:01:41 : 69,700,000 : 0 : 7,348,588,800 : 27%
2022-01-09 15:17:20 : 69,800,000 : 0 : 7,358,681,575 : 27%
2022-01-09 15:32:22 : 69,900,000 : 0 : 7,368,774,350 : 27%
2022-01-09 15:47:09 : 70,000,000 : 0 : 7,378,867,125 : 27%
2022-01-09 16:01:36 : 70,100,000 : 0 : 7,389,090,975 : 27%
2022-01-09 16:15:54 : 70,200,000 : 0 : 7,399,314,825 : 27%
2022-01-09 16:29:55 : 70,300,000 : 0 : 7,409,407,600 : 27%
2022-01-09 16:43:55 : 70,400,000 : 0 : 7,419,762,525 : 27%
2022-01-09 16:57:52 : 70,500,000 : 0 : 7,429,986,375 : 27%
2022-01-09 17:11:50 : 70,600,000 : 0 : 7,440,341,300 : 27%
2022-01-09 17:25:26 : 70,700,000 : 0 : 7,450,565,150 : 27%
2022-01-09 17:38:58 : 70,800,000 : 0 : 7,460,920,075 : 27%
2022-01-09 17:52:20 : 70,900,000 : 0 : 7,471,143,925 : 28%
2022-01-09 18:05:42 : 71,000,000 : 0 : 7,481,498,850 : 28%
2022-01-09 18:18:51 : 71,100,000 : 0 : 7,491,591,625 : 28%
2022-01-09 18:31:38 : 71,200,000 : 0 : 7,511,908,250 : 28%
2022-01-09 18:44:20 : 71,300,000 : 0 : 7,522,001,025 : 28%
2022-01-09 18:56:59 : 71,400,000 : 0 : 7,531,962,725 : 28%
2022-01-09 19:09:32 : 71,500,000 : 0 : 7,542,055,500 : 28%
2022-01-09 19:22:20 : 71,600,000 : 0 : 7,552,148,275 : 28%
2022-01-09 19:35:06 : 71,700,000 : 0 : 7,562,241,050 : 28%
2022-01-09 19:48:01 : 71,800,000 : 0 : 7,572,333,825 : 28%
2022-01-09 20:00:54 : 71,900,000 : 0 : 7,582,295,525 : 28%
2022-01-09 20:13:41 : 72,000,000 : 0 : 7,592,257,225 : 28%
2022-01-09 20:26:29 : 72,100,000 : 0 : 7,602,218,925 : 28%
2022-01-09 20:39:08 : 72,200,000 : 0 : 7,612,049,550 : 28%
2022-01-09 20:51:46 : 72,300,000 : 0 : 7,621,880,175 : 28%
2022-01-09 21:04:29 : 72,400,000 : 0 : 7,631,710,800 : 28%
2022-01-09 21:17:33 : 72,500,000 : 0 : 7,641,803,575 : 28%
2022-01-09 21:30:51 : 72,600,000 : 0 : 7,651,634,200 : 28%
2022-01-09 21:43:31 : 72,700,000 : 0 : 7,661,595,900 : 28%
2022-01-09 21:56:24 : 72,800,000 : 0 : 7,671,557,600 : 28%
2022-01-09 22:09:23 : 72,900,000 : 0 : 7,681,388,225 : 28%
2022-01-09 22:22:30 : 73,000,000 : 0 : 7,691,349,925 : 28%
2022-01-09 22:35:55 : 73,100,000 : 0 : 7,701,180,550 : 28%
2022-01-09 22:49:22 : 73,200,000 : 0 : 7,711,142,250 : 28%
2022-01-09 23:02:59 : 73,300,000 : 0 : 7,721,103,950 : 28%
2022-01-09 23:16:45 : 73,400,000 : 0 : 7,731,065,650 : 28%
2022-01-09 23:30:32 : 73,500,000 : 0 : 7,740,896,275 : 29%
2022-01-09 23:44:20 : 73,600,000 : 0 : 7,750,726,900 : 29%
2022-01-09 23:58:03 : 73,700,000 : 0 : 7,760,557,525 : 29%
2022-01-10 00:11:58 : 73,800,000 : 0 : 7,770,257,075 : 29%
2022-01-10 00:26:00 : 73,900,000 : 0 : 7,780,087,700 : 29%
2022-01-10 00:39:49 : 74,000,000 : 0 : 7,799,486,800 : 29%
2022-01-10 00:53:50 : 74,100,000 : 0 : 7,809,317,425 : 29%
2022-01-10 01:08:38 : 74,200,000 : 0 : 7,819,279,125 : 29%
2022-01-10 01:23:39 : 74,300,000 : 0 : 7,829,109,750 : 29%
2022-01-10 01:38:36 : 74,400,000 : 0 : 7,838,940,375 : 29%
2022-01-10 01:53:21 : 74,500,000 : 0 : 7,848,902,075 : 29%
2022-01-10 02:08:16 : 74,600,000 : 0 : 7,858,732,700 : 29%
2022-01-10 02:23:08 : 74,700,000 : 0 : 7,868,563,325 : 29%
2022-01-10 02:37:57 : 74,800,000 : 0 : 7,878,262,875 : 29%
2022-01-10 02:52:42 : 74,900,000 : 0 : 7,887,962,425 : 29%
2022-01-10 03:07:48 : 75,000,000 : 0 : 7,897,793,050 : 29%
2022-01-10 03:23:11 : 75,100,000 : 0 : 7,907,623,675 : 29%
2022-01-10 03:38:37 : 75,200,000 : 0 : 7,917,323,225 : 29%
2022-01-10 03:54:10 : 75,300,000 : 0 : 7,927,153,850 : 29%
2022-01-10 04:09:51 : 75,400,000 : 0 : 7,936,853,400 : 29%
2022-01-10 04:25:39 : 75,500,000 : 0 : 7,946,552,950 : 29%
2022-01-10 04:42:15 : 75,600,000 : 0 : 7,955,859,275 : 29%
2022-01-10 04:57:49 : 75,700,000 : 0 : 7,965,165,600 : 29%
2022-01-10 05:13:25 : 75,800,000 : 0 : 7,974,078,700 : 29%
2022-01-10 05:28:53 : 75,900,000 : 0 : 7,983,647,175 : 29%
2022-01-10 05:47:33 : 76,000,000 : 0 : 7,993,608,875 : 29%
2022-01-10 06:07:35 : 76,100,000 : 0 : 8,003,570,575 : 29%
2022-01-10 06:28:48 : 76,200,000 : 0 : 8,013,663,350 : 30%
2022-01-10 06:50:47 : 76,300,000 : 0 : 8,023,625,050 : 30%
2022-01-10 07:14:00 : 76,400,000 : 0 : 8,033,455,675 : 30%
2022-01-10 07:37:49 : 76,500,000 : 0 : 8,043,286,300 : 30%
2022-01-10 08:02:39 : 76,600,000 : 0 : 8,052,985,850 : 30%
2022-01-10 08:29:00 : 76,700,000 : 0 : 8,063,078,625 : 30%
2022-01-10 08:56:27 : 76,800,000 : 0 : 8,073,171,400 : 30%
2022-01-10 09:24:41 : 76,900,000 : 0 : 8,083,264,175 : 30%
2022-01-10 09:53:17 : 77,000,000 : 0 : 8,093,356,950 : 30%
2022-01-10 10:21:34 : 77,100,000 : 0 : 8,103,318,650 : 30%
2022-01-10 10:49:38 : 77,200,000 : 0 : 8,113,411,425 : 30%
2022-01-10 11:16:48 : 77,300,000 : 0 : 8,123,504,200 : 30%
2022-01-10 11:42:20 : 77,400,000 : 0 : 8,143,689,750 : 30%
2022-01-10 12:06:17 : 77,500,000 : 0 : 8,153,782,525 : 30%
2022-01-10 12:29:08 : 77,600,000 : 0 : 8,164,006,375 : 30%
2022-01-10 12:50:19 : 77,700,000 : 0 : 8,174,230,225 : 30%
2022-01-10 13:10:11 : 77,800,000 : 0 : 8,184,454,075 : 30%
2022-01-10 13:29:10 : 77,900,000 : 0 : 8,194,677,925 : 30%
2022-01-10 13:47:13 : 78,000,000 : 0 : 8,205,032,850 : 30%
2022-01-10 14:04:20 : 78,100,000 : 0 : 8,215,256,700 : 30%
2022-01-10 14:20:47 : 78,200,000 : 0 : 8,225,611,625 : 30%
2022-01-10 14:36:38 : 78,300,000 : 0 : 8,235,966,550 : 30%
2022-01-10 14:51:33 : 78,400,000 : 0 : 8,246,321,475 : 30%
2022-01-10 15:06:27 : 78,500,000 : 0 : 8,256,676,400 : 30%
2022-01-10 15:21:04 : 78,600,000 : 0 : 8,267,162,400 : 30%
2022-01-10 15:35:28 : 78,700,000 : 0 : 8,277,648,400 : 30%
2022-01-10 15:49:31 : 78,800,000 : 0 : 8,288,134,400 : 31%
2022-01-10 16:03:08 : 78,900,000 : 0 : 8,298,489,325 : 31%
2022-01-10 16:16:38 : 79,000,000 : 0 : 8,308,844,250 : 31%
2022-01-10 16:29:53 : 79,100,000 : 0 : 8,319,330,250 : 31%
2022-01-10 16:43:02 : 79,200,000 : 0 : 8,329,816,250 : 31%
2022-01-10 16:56:14 : 79,300,000 : 0 : 8,340,302,250 : 31%
2022-01-10 17:09:18 : 79,400,000 : 0 : 8,350,788,250 : 31%
2022-01-10 17:22:25 : 79,500,000 : 0 : 8,361,274,250 : 31%
2022-01-10 17:35:40 : 79,600,000 : 0 : 8,371,760,250 : 31%
2022-01-10 17:48:48 : 79,700,000 : 0 : 8,382,246,250 : 31%
2022-01-10 18:01:43 : 79,800,000 : 0 : 8,392,732,250 : 31%
2022-01-10 18:14:48 : 79,900,000 : 0 : 8,403,087,175 : 31%
2022-01-10 18:28:03 : 80,000,000 : 0 : 8,413,573,175 : 31%
2022-01-10 18:41:15 : 80,100,000 : 0 : 8,434,545,175 : 31%
2022-01-10 18:54:16 : 80,200,000 : 0 : 8,444,900,100 : 31%
2022-01-10 19:07:19 : 80,300,000 : 0 : 8,455,255,025 : 31%
2022-01-10 19:20:28 : 80,400,000 : 0 : 8,465,609,950 : 31%
2022-01-10 19:33:34 : 80,500,000 : 0 : 8,476,227,025 : 31%
2022-01-10 19:47:03 : 80,600,000 : 0 : 8,486,713,025 : 31%
2022-01-10 20:00:17 : 80,700,000 : 0 : 8,497,067,950 : 31%
2022-01-10 20:13:39 : 80,800,000 : 0 : 8,507,553,950 : 31%
2022-01-10 20:26:59 : 80,900,000 : 0 : 8,517,908,875 : 31%
2022-01-10 20:40:18 : 81,000,000 : 0 : 8,528,525,950 : 31%
2022-01-10 20:53:41 : 81,100,000 : 0 : 8,539,011,950 : 31%
2022-01-10 21:07:05 : 81,200,000 : 0 : 8,549,497,950 : 31%
2022-01-10 21:20:28 : 81,300,000 : 0 : 8,559,852,875 : 32%
2022-01-10 21:33:48 : 81,400,000 : 0 : 8,570,338,875 : 32%
2022-01-10 21:47:15 : 81,500,000 : 0 : 8,580,824,875 : 32%
2022-01-10 22:00:34 : 81,600,000 : 0 : 8,591,310,875 : 32%
2022-01-10 22:14:19 : 81,700,000 : 0 : 8,601,796,875 : 32%
2022-01-10 22:28:14 : 81,800,000 : 0 : 8,612,282,875 : 32%
2022-01-10 22:42:33 : 81,900,000 : 0 : 8,622,768,875 : 32%
2022-01-10 22:56:55 : 82,000,000 : 0 : 8,633,385,950 : 32%
2022-01-10 23:11:39 : 82,100,000 : 0 : 8,643,740,875 : 32%
2022-01-10 23:26:45 : 82,200,000 : 0 : 8,654,226,875 : 32%
2022-01-10 23:42:10 : 82,300,000 : 0 : 8,664,712,875 : 32%
2022-01-10 23:57:42 : 82,400,000 : 0 : 8,685,553,800 : 32%
2022-01-11 00:13:10 : 82,500,000 : 0 : 8,695,777,650 : 32%
2022-01-11 00:28:26 : 82,600,000 : 0 : 8,706,001,500 : 32%
2022-01-11 00:43:32 : 82,700,000 : 0 : 8,716,225,350 : 32%
2022-01-11 00:58:46 : 82,800,000 : 0 : 8,726,318,125 : 32%
2022-01-11 01:13:47 : 82,900,000 : 0 : 8,736,279,825 : 32%
2022-01-11 01:28:38 : 83,000,000 : 0 : 8,746,110,450 : 32%
2022-01-11 01:43:16 : 83,100,000 : 0 : 8,756,072,150 : 32%
2022-01-11 01:57:58 : 83,200,000 : 0 : 8,765,902,775 : 32%
2022-01-11 02:12:44 : 83,300,000 : 0 : 8,775,733,400 : 32%
2022-01-11 02:27:20 : 83,400,000 : 0 : 8,785,564,025 : 32%
2022-01-11 02:41:53 : 83,500,000 : 0 : 8,795,394,650 : 32%
2022-01-11 02:56:38 : 83,600,000 : 0 : 8,805,225,275 : 32%
2022-01-11 03:11:43 : 83,700,000 : 0 : 8,815,186,975 : 32%
2022-01-11 03:26:49 : 83,800,000 : 0 : 8,825,017,600 : 33%
2022-01-11 03:42:17 : 83,900,000 : 0 : 8,834,848,225 : 33%
2022-01-11 03:57:48 : 84,000,000 : 0 : 8,844,678,850 : 33%
2022-01-11 04:13:25 : 84,100,000 : 0 : 8,854,247,325 : 33%
2022-01-11 04:29:09 : 84,200,000 : 0 : 8,863,946,875 : 33%
2022-01-11 04:45:47 : 84,300,000 : 0 : 8,873,515,350 : 33%
2022-01-11 05:02:27 : 84,400,000 : 0 : 8,883,345,975 : 33%
2022-01-11 05:20:36 : 84,500,000 : 0 : 8,893,307,675 : 33%
2022-01-11 05:40:12 : 84,600,000 : 0 : 8,903,269,375 : 33%
2022-01-11 06:01:01 : 84,700,000 : 0 : 8,913,493,225 : 33%
2022-01-11 06:22:56 : 84,800,000 : 0 : 8,923,586,000 : 33%
2022-01-11 06:46:04 : 84,900,000 : 0 : 8,933,678,775 : 33%
2022-01-11 07:10:38 : 85,000,000 : 0 : 8,943,902,625 : 33%
2022-01-11 07:36:25 : 85,100,000 : 0 : 8,953,995,400 : 33%
2022-01-11 08:03:32 : 85,200,000 : 0 : 8,974,443,100 : 33%
2022-01-11 08:31:42 : 85,300,000 : 0 : 8,984,798,025 : 33%
2022-01-11 09:00:55 : 85,400,000 : 0 : 8,995,021,875 : 33%
2022-01-11 09:30:25 : 85,500,000 : 0 : 9,005,245,725 : 33%
2022-01-11 10:00:32 : 85,600,000 : 0 : 9,015,469,575 : 33%
2022-01-11 10:30:13 : 85,700,000 : 0 : 9,025,693,425 : 33%
2022-01-11 10:58:54 : 85,800,000 : 0 : 9,035,917,275 : 33%
2022-01-11 11:25:59 : 85,900,000 : 0 : 9,046,141,125 : 33%
2022-01-11 11:51:30 : 86,000,000 : 0 : 9,056,496,050 : 33%
2022-01-11 12:15:30 : 86,100,000 : 0 : 9,066,719,900 : 33%
2022-01-11 12:37:54 : 86,200,000 : 0 : 9,076,943,750 : 33%
2022-01-11 12:58:40 : 86,300,000 : 0 : 9,087,167,600 : 33%
2022-01-11 13:18:10 : 86,400,000 : 0 : 9,097,522,525 : 34%
2022-01-11 13:36:31 : 86,500,000 : 0 : 9,108,008,525 : 34%
2022-01-11 13:53:42 : 86,600,000 : 0 : 9,118,363,450 : 34%
2022-01-11 14:10:17 : 86,700,000 : 0 : 9,128,718,375 : 34%
2022-01-11 14:26:15 : 86,800,000 : 0 : 9,139,204,375 : 34%
2022-01-11 14:41:43 : 86,900,000 : 0 : 9,149,690,375 : 34%
2022-01-11 14:56:29 : 87,000,000 : 0 : 9,160,176,375 : 34%
2022-01-11 15:11:01 : 87,100,000 : 0 : 9,170,662,375 : 34%
2022-01-11 15:25:21 : 87,200,000 : 0 : 9,181,148,375 : 34%
2022-01-11 15:39:26 : 87,300,000 : 0 : 9,191,765,450 : 34%
2022-01-11 15:53:12 : 87,400,000 : 0 : 9,202,382,525 : 34%
2022-01-11 16:06:19 : 87,500,000 : 0 : 9,212,475,300 : 34%
2022-01-11 16:20:01 : 87,600,000 : 0 : 9,223,092,375 : 34%
2022-01-11 16:33:32 : 87,700,000 : 0 : 9,233,709,450 : 34%
2022-01-11 16:47:01 : 87,800,000 : 0 : 9,254,943,600 : 34%
2022-01-11 17:00:08 : 87,900,000 : 0 : 9,265,560,675 : 34%
2022-01-11 17:13:25 : 88,000,000 : 0 : 9,276,046,675 : 34%
2022-01-11 17:26:32 : 88,100,000 : 0 : 9,286,532,675 : 34%
2022-01-11 17:39:37 : 88,200,000 : 0 : 9,297,149,750 : 34%
2022-01-11 17:52:39 : 88,300,000 : 0 : 9,307,766,825 : 34%
2022-01-11 18:05:51 : 88,400,000 : 0 : 9,318,252,825 : 34%
2022-01-11 18:19:05 : 88,500,000 : 0 : 9,328,869,900 : 34%
2022-01-11 18:32:12 : 88,600,000 : 0 : 9,339,486,975 : 34%
2022-01-11 18:45:19 : 88,700,000 : 0 : 9,349,972,975 : 34%
2022-01-11 18:58:28 : 88,800,000 : 0 : 9,360,590,050 : 34%
2022-01-11 19:11:52 : 88,900,000 : 0 : 9,371,207,125 : 35%
2022-01-11 19:25:19 : 89,000,000 : 0 : 9,381,824,200 : 35%
2022-01-11 19:38:40 : 89,100,000 : 0 : 9,392,310,200 : 35%
2022-01-11 19:51:56 : 89,200,000 : 0 : 9,402,796,200 : 35%
2022-01-11 20:05:10 : 89,300,000 : 0 : 9,413,413,275 : 35%
2022-01-11 20:18:39 : 89,400,000 : 0 : 9,423,899,275 : 35%
2022-01-11 20:31:58 : 89,500,000 : 0 : 9,434,385,275 : 35%
2022-01-11 20:45:17 : 89,600,000 : 0 : 9,444,871,275 : 35%
2022-01-11 20:58:24 : 89,700,000 : 0 : 9,455,226,200 : 35%
2022-01-11 21:11:27 : 89,800,000 : 0 : 9,465,712,200 : 35%
2022-01-11 21:24:41 : 89,900,000 : 0 : 9,476,067,125 : 35%
2022-01-11 21:37:49 : 90,000,000 : 0 : 9,497,039,125 : 35%
2022-01-11 21:51:06 : 90,100,000 : 0 : 9,507,525,125 : 35%
2022-01-11 22:04:39 : 90,200,000 : 0 : 9,517,880,050 : 35%
2022-01-11 22:18:32 : 90,300,000 : 0 : 9,528,234,975 : 35%
2022-01-11 22:32:27 : 90,400,000 : 0 : 9,538,589,900 : 35%
2022-01-11 22:46:21 : 90,500,000 : 0 : 9,548,813,750 : 35%
2022-01-11 23:00:33 : 90,600,000 : 0 : 9,559,168,675 : 35%
2022-01-11 23:15:17 : 90,700,000 : 0 : 9,569,523,600 : 35%
2022-01-11 23:30:13 : 90,800,000 : 0 : 9,579,878,525 : 35%
2022-01-11 23:45:26 : 90,900,000 : 0 : 9,589,971,300 : 35%
2022-01-12 00:00:48 : 91,000,000 : 0 : 9,600,326,225 : 35%
2022-01-12 00:16:04 : 91,100,000 : 0 : 9,610,419,000 : 35%
2022-01-12 00:31:26 : 91,200,000 : 0 : 9,620,642,850 : 35%
2022-01-12 00:46:53 : 91,300,000 : 0 : 9,630,866,700 : 35%
2022-01-12 01:02:36 : 91,400,000 : 0 : 9,640,959,475 : 36%
2022-01-12 01:18:32 : 91,500,000 : 0 : 9,651,183,325 : 36%
2022-01-12 01:34:09 : 91,600,000 : 0 : 9,661,276,100 : 36%
2022-01-12 01:49:58 : 91,700,000 : 0 : 9,671,368,875 : 36%
2022-01-12 02:05:33 : 91,800,000 : 0 : 9,681,330,575 : 36%
2022-01-12 02:21:15 : 91,900,000 : 0 : 9,691,292,275 : 36%
2022-01-12 02:36:38 : 92,000,000 : 0 : 9,701,253,975 : 36%
2022-01-12 02:51:59 : 92,100,000 : 0 : 9,711,215,675 : 36%
2022-01-12 03:07:45 : 92,200,000 : 0 : 9,721,177,375 : 36%
2022-01-12 03:23:41 : 92,300,000 : 0 : 9,731,139,075 : 36%
2022-01-12 03:39:50 : 92,400,000 : 0 : 9,741,100,775 : 36%
2022-01-12 03:56:28 : 92,500,000 : 0 : 9,751,062,475 : 36%
2022-01-12 04:13:47 : 92,600,000 : 0 : 9,771,248,025 : 36%
2022-01-12 04:31:37 : 92,700,000 : 0 : 9,781,209,725 : 36%
2022-01-12 04:50:08 : 92,800,000 : 0 : 9,791,302,500 : 36%
2022-01-12 05:09:30 : 92,900,000 : 0 : 9,801,395,275 : 36%
2022-01-12 05:29:55 : 93,000,000 : 0 : 9,811,488,050 : 36%
2022-01-12 05:51:15 : 93,100,000 : 0 : 9,821,580,825 : 36%
2022-01-12 06:13:40 : 93,200,000 : 0 : 9,831,804,675 : 36%
2022-01-12 06:37:24 : 93,300,000 : 0 : 9,841,766,375 : 36%
2022-01-12 07:02:18 : 93,400,000 : 0 : 9,851,859,150 : 36%
2022-01-12 07:28:20 : 93,500,000 : 0 : 9,862,083,000 : 36%
2022-01-12 07:55:10 : 93,600,000 : 0 : 9,872,175,775 : 36%
2022-01-12 08:23:11 : 93,700,000 : 0 : 9,882,399,625 : 36%
2022-01-12 08:51:39 : 93,800,000 : 0 : 9,892,492,400 : 36%
2022-01-12 09:20:42 : 93,900,000 : 0 : 9,902,716,250 : 36%
2022-01-12 09:50:35 : 94,000,000 : 0 : 9,912,940,100 : 37%
2022-01-12 10:21:09 : 94,100,000 : 0 : 9,923,295,025 : 37%
2022-01-12 10:50:34 : 94,200,000 : 0 : 9,933,649,950 : 37%
2022-01-12 11:18:31 : 94,300,000 : 0 : 9,943,873,800 : 37%
2022-01-12 11:45:13 : 94,400,000 : 0 : 9,954,228,725 : 37%
2022-01-12 12:09:56 : 94,500,000 : 0 : 9,964,452,575 : 37%
2022-01-12 12:32:59 : 94,600,000 : 0 : 9,974,807,500 : 37%
2022-01-12 12:53:59 : 94,700,000 : 0 : 9,985,031,350 : 37%
2022-01-12 13:13:59 : 94,800,000 : 0 : 9,995,517,350 : 37%
2022-01-12 13:32:42 : 94,900,000 : 0 : 10,005,872,275 : 37%
2022-01-12 13:50:21 : 95,000,000 : 0 : 10,016,358,275 : 37%
2022-01-12 14:07:19 : 95,100,000 : 0 : 10,026,844,275 : 37%
2022-01-12 14:23:42 : 95,200,000 : 0 : 10,037,330,275 : 37%
2022-01-12 14:39:35 : 95,300,000 : 0 : 10,058,564,425 : 37%
2022-01-12 14:54:58 : 95,400,000 : 0 : 10,069,181,500 : 37%
2022-01-12 15:10:00 : 95,500,000 : 0 : 10,079,798,575 : 37%
2022-01-12 15:24:45 : 95,600,000 : 0 : 10,090,415,650 : 37%
2022-01-12 15:39:13 : 95,700,000 : 0 : 10,101,163,800 : 37%
2022-01-12 15:53:23 : 95,800,000 : 0 : 10,111,780,875 : 37%
2022-01-12 16:07:25 : 95,900,000 : 0 : 10,122,397,950 : 37%
2022-01-12 16:21:22 : 96,000,000 : 0 : 10,133,146,100 : 37%
2022-01-12 16:35:07 : 96,100,000 : 0 : 10,143,763,175 : 37%
2022-01-12 16:48:51 : 96,200,000 : 0 : 10,154,511,325 : 37%
2022-01-12 17:02:26 : 96,300,000 : 0 : 10,165,259,475 : 37%
2022-01-12 17:16:01 : 96,400,000 : 0 : 10,175,876,550 : 37%
2022-01-12 17:29:27 : 96,500,000 : 0 : 10,186,624,700 : 38%
2022-01-12 17:42:57 : 96,600,000 : 0 : 10,197,241,775 : 38%
2022-01-12 17:56:15 : 96,700,000 : 0 : 10,207,989,925 : 38%
2022-01-12 18:09:40 : 96,800,000 : 0 : 10,218,475,925 : 38%
2022-01-12 18:23:07 : 96,900,000 : 0 : 10,229,093,000 : 38%
2022-01-12 18:36:32 : 97,000,000 : 0 : 10,239,710,075 : 38%
2022-01-12 18:50:04 : 97,100,000 : 0 : 10,250,458,225 : 38%
2022-01-12 19:03:40 : 97,200,000 : 0 : 10,261,075,300 : 38%
2022-01-12 19:17:24 : 97,300,000 : 0 : 10,271,692,375 : 38%
2022-01-12 19:31:04 : 97,400,000 : 0 : 10,292,795,450 : 38%
2022-01-12 19:45:30 : 97,500,000 : 0 : 10,303,412,525 : 38%
2022-01-12 19:59:05 : 97,600,000 : 0 : 10,314,029,600 : 38%
2022-01-12 20:12:51 : 97,700,000 : 0 : 10,324,515,600 : 38%
2022-01-12 20:26:19 : 97,800,000 : 0 : 10,335,001,600 : 38%
2022-01-12 20:39:43 : 97,900,000 : 0 : 10,345,487,600 : 38%
2022-01-12 20:53:01 : 98,000,000 : 0 : 10,355,842,525 : 38%
2022-01-12 21:06:13 : 98,100,000 : 0 : 10,366,197,450 : 38%
2022-01-12 21:19:25 : 98,200,000 : 0 : 10,376,552,375 : 38%
2022-01-12 21:32:34 : 98,300,000 : 0 : 10,386,776,225 : 38%
2022-01-12 21:45:58 : 98,400,000 : 0 : 10,397,262,225 : 38%
2022-01-12 21:59:40 : 98,500,000 : 0 : 10,407,617,150 : 38%
2022-01-12 22:13:43 : 98,600,000 : 0 : 10,418,103,150 : 38%
2022-01-12 22:27:50 : 98,700,000 : 0 : 10,428,458,075 : 38%
2022-01-12 22:41:58 : 98,800,000 : 0 : 10,438,944,075 : 38%
2022-01-12 22:56:18 : 98,900,000 : 0 : 10,449,299,000 : 38%
2022-01-12 23:11:01 : 99,000,000 : 0 : 10,459,653,925 : 39%
2022-01-12 23:25:52 : 99,100,000 : 0 : 10,470,139,925 : 39%
2022-01-12 23:40:51 : 99,200,000 : 0 : 10,480,494,850 : 39%
2022-01-12 23:56:08 : 99,300,000 : 0 : 10,490,849,775 : 39%
2022-01-13 00:11:29 : 99,400,000 : 0 : 10,501,204,700 : 39%
2022-01-13 00:28:52 : 99,500,000 : 0 : 10,511,559,625 : 39%
Decoding error with 134,217,728 bytes, reading another chunk
2022-01-13 00:48:13 : 99,600,000 : 0 : 10,532,269,475 : 39%
2022-01-13 01:07:29 : 99,700,000 : 0 : 10,542,362,250 : 39%
2022-01-13 01:24:03 : 99,800,000 : 0 : 10,552,323,950 : 39%
2022-01-13 01:39:59 : 99,900,000 : 0 : 10,562,285,650 : 39%
2022-01-13 01:56:04 : 100,000,000 : 0 : 10,572,247,350 : 39%
2022-01-13 02:11:41 : 100,100,000 : 0 : 10,582,209,050 : 39%
2022-01-13 02:27:12 : 100,200,000 : 0 : 10,592,039,675 : 39%
2022-01-13 02:42:56 : 100,300,000 : 0 : 10,602,132,450 : 39%
2022-01-13 02:58:53 : 100,400,000 : 0 : 10,612,094,150 : 39%
2022-01-13 03:15:14 : 100,500,000 : 0 : 10,622,055,850 : 39%
2022-01-13 03:32:02 : 100,600,000 : 0 : 10,632,017,550 : 39%
2022-01-13 03:48:51 : 100,700,000 : 0 : 10,642,110,325 : 39%
2022-01-13 04:06:07 : 100,800,000 : 0 : 10,652,072,025 : 39%
2022-01-13 04:24:01 : 100,900,000 : 0 : 10,662,164,800 : 39%
2022-01-13 04:42:37 : 101,000,000 : 0 : 10,672,126,500 : 39%
2022-01-13 05:01:27 : 101,100,000 : 0 : 10,682,088,200 : 39%
2022-01-13 05:20:55 : 101,200,000 : 0 : 10,692,049,900 : 39%
2022-01-13 05:41:17 : 101,300,000 : 0 : 10,702,011,600 : 39%
2022-01-13 06:03:02 : 101,400,000 : 0 : 10,712,104,375 : 39%
2022-01-13 06:26:15 : 101,500,000 : 0 : 10,722,197,150 : 39%
2022-01-13 06:50:37 : 101,600,000 : 0 : 10,732,158,850 : 40%
2022-01-13 07:16:14 : 101,700,000 : 0 : 10,742,251,625 : 40%
2022-01-13 07:42:55 : 101,800,000 : 0 : 10,752,344,400 : 40%
2022-01-13 08:10:54 : 101,900,000 : 0 : 10,762,437,175 : 40%
2022-01-13 08:39:37 : 102,000,000 : 0 : 10,772,529,950 : 40%
2022-01-13 09:09:09 : 102,100,000 : 0 : 10,782,491,650 : 40%
2022-01-13 09:39:34 : 102,200,000 : 0 : 10,792,715,500 : 40%
2022-01-13 10:09:03 : 102,300,000 : 0 : 10,802,808,275 : 40%
2022-01-13 10:38:22 : 102,400,000 : 0 : 10,823,255,975 : 40%
2022-01-13 11:07:03 : 102,500,000 : 0 : 10,833,479,825 : 40%
2022-01-13 11:34:22 : 102,600,000 : 0 : 10,843,572,600 : 40%
2022-01-13 11:59:50 : 102,700,000 : 0 : 10,853,927,525 : 40%
2022-01-13 12:23:42 : 102,800,000 : 0 : 10,864,151,375 : 40%
2022-01-13 12:45:45 : 102,900,000 : 0 : 10,874,506,300 : 40%
2022-01-13 13:06:21 : 103,000,000 : 0 : 10,884,861,225 : 40%
2022-01-13 13:25:32 : 103,100,000 : 0 : 10,895,085,075 : 40%
2022-01-13 13:43:49 : 103,200,000 : 0 : 10,905,571,075 : 40%
2022-01-13 14:01:14 : 103,300,000 : 0 : 10,915,926,000 : 40%
2022-01-13 14:18:14 : 103,400,000 : 0 : 10,926,543,075 : 40%
2022-01-13 14:34:22 : 103,500,000 : 0 : 10,937,029,075 : 40%
2022-01-13 14:49:58 : 103,600,000 : 0 : 10,947,646,150 : 40%
2022-01-13 15:05:13 : 103,700,000 : 0 : 10,958,132,150 : 40%
2022-01-13 15:19:59 : 103,800,000 : 0 : 10,968,618,150 : 40%
2022-01-13 15:34:09 : 103,900,000 : 0 : 10,979,104,150 : 40%
2022-01-13 15:48:11 : 104,000,000 : 0 : 10,989,590,150 : 40%
2022-01-13 16:01:50 : 104,100,000 : 0 : 11,000,207,225 : 41%
2022-01-13 16:15:43 : 104,200,000 : 0 : 11,010,824,300 : 41%
2022-01-13 16:29:14 : 104,300,000 : 0 : 11,021,441,375 : 41%
2022-01-13 16:42:46 : 104,400,000 : 0 : 11,032,058,450 : 41%
2022-01-13 16:56:07 : 104,500,000 : 0 : 11,042,806,600 : 41%
2022-01-13 17:09:38 : 104,600,000 : 0 : 11,053,423,675 : 41%
2022-01-13 17:22:56 : 104,700,000 : 0 : 11,064,040,750 : 41%
2022-01-13 17:36:09 : 104,800,000 : 0 : 11,074,657,825 : 41%
2022-01-13 17:49:19 : 104,900,000 : 0 : 11,095,891,975 : 41%
2022-01-13 18:02:28 : 105,000,000 : 0 : 11,106,509,050 : 41%
2022-01-13 18:15:48 : 105,100,000 : 0 : 11,117,126,125 : 41%
2022-01-13 18:29:06 : 105,200,000 : 0 : 11,127,743,200 : 41%
2022-01-13 18:42:30 : 105,300,000 : 0 : 11,138,360,275 : 41%
2022-01-13 18:55:56 : 105,400,000 : 0 : 11,148,977,350 : 41%
2022-01-13 19:09:35 : 105,500,000 : 0 : 11,159,463,350 : 41%
2022-01-13 19:23:13 : 105,600,000 : 0 : 11,170,080,425 : 41%
2022-01-13 19:36:59 : 105,700,000 : 0 : 11,180,566,425 : 41%
2022-01-13 19:50:31 : 105,800,000 : 0 : 11,191,183,500 : 41%
2022-01-13 20:04:02 : 105,900,000 : 0 : 11,201,538,425 : 41%
2022-01-13 20:17:17 : 106,000,000 : 0 : 11,211,893,350 : 41%
2022-01-13 20:30:30 : 106,100,000 : 0 : 11,222,379,350 : 41%
2022-01-13 20:43:40 : 106,200,000 : 0 : 11,232,865,350 : 41%
2022-01-13 20:57:47 : 106,300,000 : 0 : 11,243,351,350 : 41%
2022-01-13 21:12:30 : 106,400,000 : 0 : 11,253,706,275 : 41%
2022-01-13 21:26:32 : 106,500,000 : 0 : 11,264,061,200 : 41%
2022-01-13 21:40:02 : 106,600,000 : 0 : 11,274,416,125 : 42%
2022-01-13 21:53:20 : 106,700,000 : 0 : 11,284,902,125 : 42%
2022-01-13 22:06:52 : 106,800,000 : 0 : 11,295,257,050 : 42%
2022-01-13 22:20:40 : 106,900,000 : 0 : 11,305,743,050 : 42%
2022-01-13 22:34:33 : 107,000,000 : 0 : 11,316,097,975 : 42%
2022-01-13 22:48:34 : 107,100,000 : 0 : 11,326,452,900 : 42%
2022-01-13 23:02:32 : 107,200,000 : 0 : 11,336,807,825 : 42%
2022-01-13 23:16:46 : 107,300,000 : 0 : 11,357,517,675 : 42%
2022-01-13 23:31:15 : 107,400,000 : 0 : 11,367,872,600 : 42%
2022-01-13 23:45:56 : 107,500,000 : 0 : 11,378,227,525 : 42%
2022-01-14 00:00:43 : 107,600,000 : 0 : 11,388,582,450 : 42%
2022-01-14 00:15:51 : 107,700,000 : 0 : 11,398,806,300 : 42%
2022-01-14 00:31:00 : 107,800,000 : 0 : 11,409,030,150 : 42%
2022-01-14 00:46:17 : 107,900,000 : 0 : 11,419,385,075 : 42%
2022-01-14 01:01:49 : 108,000,000 : 0 : 11,429,477,850 : 42%
2022-01-14 01:17:24 : 108,100,000 : 0 : 11,439,570,625 : 42%
2022-01-14 01:33:02 : 108,200,000 : 0 : 11,449,663,400 : 42%
2022-01-14 01:48:38 : 108,300,000 : 0 : 11,459,756,175 : 42%
2022-01-14 02:04:16 : 108,400,000 : 0 : 11,469,717,875 : 42%
2022-01-14 02:19:57 : 108,500,000 : 0 : 11,479,679,575 : 42%
2022-01-14 02:35:48 : 108,600,000 : 0 : 11,489,641,275 : 42%
2022-01-14 02:51:40 : 108,700,000 : 0 : 11,499,734,050 : 42%
2022-01-14 03:07:51 : 108,800,000 : 0 : 11,509,826,825 : 42%
2022-01-14 03:24:24 : 108,900,000 : 0 : 11,519,919,600 : 42%
2022-01-14 03:41:04 : 109,000,000 : 0 : 11,529,881,300 : 42%
2022-01-14 03:58:00 : 109,100,000 : 0 : 11,539,974,075 : 43%
2022-01-14 04:15:24 : 109,200,000 : 0 : 11,550,066,850 : 43%
2022-01-14 04:33:20 : 109,300,000 : 0 : 11,560,159,625 : 43%
2022-01-14 04:51:53 : 109,400,000 : 0 : 11,570,121,325 : 43%
2022-01-14 05:10:38 : 109,500,000 : 0 : 11,580,083,025 : 43%
2022-01-14 05:30:07 : 109,600,000 : 0 : 11,590,044,725 : 43%
2022-01-14 05:50:36 : 109,700,000 : 0 : 11,600,137,500 : 43%
2022-01-14 06:11:50 : 109,800,000 : 0 : 11,609,968,125 : 43%
2022-01-14 06:34:25 : 109,900,000 : 0 : 11,620,060,900 : 43%
2022-01-14 06:58:20 : 110,000,000 : 0 : 11,630,153,675 : 43%
2022-01-14 07:22:47 : 110,100,000 : 0 : 11,640,246,450 : 43%
2022-01-14 07:48:26 : 110,200,000 : 0 : 11,660,432,000 : 43%
2022-01-14 08:14:53 : 110,300,000 : 0 : 11,670,524,775 : 43%
2022-01-14 08:42:19 : 110,400,000 : 0 : 11,680,486,475 : 43%
2022-01-14 09:09:38 : 110,500,000 : 0 : 11,690,579,250 : 43%
2022-01-14 09:38:17 : 110,600,000 : 0 : 11,700,672,025 : 43%
2022-01-14 10:06:52 : 110,700,000 : 0 : 11,710,764,800 : 43%
2022-01-14 10:35:13 : 110,800,000 : 0 : 11,720,988,650 : 43%
2022-01-14 11:03:00 : 110,900,000 : 0 : 11,731,212,500 : 43%
2022-01-14 11:29:03 : 111,000,000 : 0 : 11,741,436,350 : 43%
2022-01-14 11:53:56 : 111,100,000 : 0 : 11,751,529,125 : 43%
2022-01-14 12:17:06 : 111,200,000 : 0 : 11,761,752,975 : 43%
2022-01-14 12:38:52 : 111,300,000 : 0 : 11,771,976,825 : 43%
2022-01-14 12:59:21 : 111,400,000 : 0 : 11,782,331,750 : 43%
2022-01-14 13:18:25 : 111,500,000 : 0 : 11,792,555,600 : 43%
2022-01-14 13:36:01 : 111,600,000 : 0 : 11,802,910,525 : 43%
2022-01-14 13:52:44 : 111,700,000 : 0 : 11,813,265,450 : 44%
2022-01-14 14:08:59 : 111,800,000 : 0 : 11,823,620,375 : 44%
2022-01-14 14:24:49 : 111,900,000 : 0 : 11,834,106,375 : 44%
2022-01-14 14:40:20 : 112,000,000 : 0 : 11,844,592,375 : 44%
2022-01-14 14:55:09 : 112,100,000 : 0 : 11,855,078,375 : 44%
2022-01-14 15:09:48 : 112,200,000 : 0 : 11,865,564,375 : 44%
2022-01-14 15:24:17 : 112,300,000 : 0 : 11,876,181,450 : 44%
2022-01-14 15:38:47 : 112,400,000 : 0 : 11,886,667,450 : 44%
2022-01-14 15:52:59 : 112,500,000 : 0 : 11,897,415,600 : 44%
2022-01-14 16:07:03 : 112,600,000 : 0 : 11,907,901,600 : 44%
2022-01-14 16:21:04 : 112,700,000 : 0 : 11,918,518,675 : 44%
2022-01-14 16:35:01 : 112,800,000 : 0 : 11,929,135,750 : 44%
2022-01-14 16:48:52 : 112,900,000 : 0 : 11,939,621,750 : 44%
2022-01-14 17:02:46 : 113,000,000 : 0 : 11,960,724,825 : 44%
2022-01-14 17:16:29 : 113,100,000 : 0 : 11,971,341,900 : 44%
2022-01-14 17:30:09 : 113,200,000 : 0 : 11,981,827,900 : 44%
2022-01-14 17:44:01 : 113,300,000 : 0 : 11,992,313,900 : 44%
2022-01-14 17:57:40 : 113,400,000 : 0 : 12,002,799,900 : 44%
2022-01-14 18:11:13 : 113,500,000 : 0 : 12,013,285,900 : 44%
2022-01-14 18:24:58 : 113,600,000 : 0 : 12,023,771,900 : 44%
2022-01-14 18:39:15 : 113,700,000 : 0 : 12,034,257,900 : 44%
2022-01-14 18:53:47 : 113,800,000 : 0 : 12,044,612,825 : 44%
2022-01-14 19:08:09 : 113,900,000 : 0 : 12,054,967,750 : 44%
2022-01-14 19:22:06 : 114,000,000 : 0 : 12,065,453,750 : 44%
2022-01-14 19:36:02 : 114,100,000 : 0 : 12,075,939,750 : 44%
2022-01-14 19:49:52 : 114,200,000 : 0 : 12,086,294,675 : 45%
2022-01-14 20:03:37 : 114,300,000 : 0 : 12,096,780,675 : 45%
2022-01-14 20:17:39 : 114,400,000 : 0 : 12,107,266,675 : 45%
2022-01-14 20:31:31 : 114,500,000 : 0 : 12,117,621,600 : 45%
2022-01-14 20:45:25 : 114,600,000 : 0 : 12,128,107,600 : 45%
2022-01-14 20:59:15 : 114,700,000 : 0 : 12,138,462,525 : 45%
2022-01-14 21:13:15 : 114,800,000 : 0 : 12,148,817,450 : 45%
2022-01-14 21:27:13 : 114,900,000 : 0 : 12,159,172,375 : 45%
2022-01-14 21:41:12 : 115,000,000 : 0 : 12,169,396,225 : 45%
2022-01-14 21:55:27 : 115,100,000 : 0 : 12,179,751,150 : 45%
2022-01-14 22:09:47 : 115,200,000 : 0 : 12,190,106,075 : 45%
2022-01-14 22:24:23 : 115,300,000 : 0 : 12,200,329,925 : 45%
2022-01-14 22:39:09 : 115,400,000 : 0 : 12,220,908,700 : 45%
2022-01-14 22:54:02 : 115,500,000 : 0 : 12,231,263,625 : 45%
2022-01-14 23:09:15 : 115,600,000 : 0 : 12,241,487,475 : 45%
2022-01-14 23:24:18 : 115,700,000 : 0 : 12,251,580,250 : 45%
2022-01-14 23:39:42 : 115,800,000 : 0 : 12,261,804,100 : 45%
2022-01-14 23:55:11 : 115,900,000 : 0 : 12,272,027,950 : 45%
2022-01-15 00:11:06 : 116,000,000 : 0 : 12,282,251,800 : 45%
2022-01-15 00:27:15 : 116,100,000 : 0 : 12,292,344,575 : 45%
2022-01-15 00:43:27 : 116,200,000 : 0 : 12,302,568,425 : 45%
2022-01-15 00:59:48 : 116,300,000 : 0 : 12,312,661,200 : 45%
2022-01-15 01:16:22 : 116,400,000 : 0 : 12,322,622,900 : 45%
2022-01-15 01:32:39 : 116,500,000 : 0 : 12,332,584,600 : 45%
2022-01-15 01:49:13 : 116,600,000 : 0 : 12,342,677,375 : 45%
2022-01-15 02:05:51 : 116,700,000 : 0 : 12,352,508,000 : 45%
2022-01-15 02:22:32 : 116,800,000 : 0 : 12,362,469,700 : 46%
2022-01-15 02:39:18 : 116,900,000 : 0 : 12,372,300,325 : 46%
2022-01-15 02:56:28 : 117,000,000 : 0 : 12,382,130,950 : 46%
2022-01-15 03:13:55 : 117,100,000 : 0 : 12,391,961,575 : 46%
2022-01-15 03:31:27 : 117,200,000 : 0 : 12,401,923,275 : 46%
2022-01-15 03:49:08 : 117,300,000 : 0 : 12,411,753,900 : 46%
2022-01-15 04:07:03 : 117,400,000 : 0 : 12,421,584,525 : 46%
2022-01-15 04:25:49 : 117,500,000 : 0 : 12,431,546,225 : 46%
2022-01-15 04:45:14 : 117,600,000 : 0 : 12,441,376,850 : 46%
2022-01-15 05:05:05 : 117,700,000 : 0 : 12,451,338,550 : 46%
2022-01-15 05:25:14 : 117,800,000 : 0 : 12,461,169,175 : 46%
2022-01-15 05:46:12 : 117,900,000 : 0 : 12,470,868,725 : 46%
2022-01-15 06:08:46 : 118,000,000 : 0 : 12,480,830,425 : 46%
2022-01-15 06:32:36 : 118,100,000 : 0 : 12,490,661,050 : 46%
2022-01-15 06:57:49 : 118,200,000 : 0 : 12,500,622,750 : 46%
2022-01-15 07:23:48 : 118,300,000 : 0 : 12,510,453,375 : 46%
2022-01-15 07:50:47 : 118,400,000 : 0 : 12,530,245,700 : 46%
2022-01-15 08:18:44 : 118,500,000 : 0 : 12,540,338,475 : 46%
2022-01-15 08:47:35 : 118,600,000 : 0 : 12,550,169,100 : 46%
2022-01-15 09:17:00 : 118,700,000 : 0 : 12,560,130,800 : 46%
2022-01-15 09:46:26 : 118,800,000 : 0 : 12,569,961,425 : 46%
2022-01-15 10:15:02 : 118,900,000 : 0 : 12,579,792,050 : 46%
2022-01-15 10:43:51 : 119,000,000 : 0 : 12,589,491,600 : 46%
2022-01-15 11:12:29 : 119,100,000 : 0 : 12,599,453,300 : 46%
2022-01-15 11:40:26 : 119,200,000 : 0 : 12,609,546,075 : 46%
2022-01-15 12:07:42 : 119,300,000 : 0 : 12,619,507,775 : 46%
2022-01-15 12:33:41 : 119,400,000 : 0 : 12,629,469,475 : 47%
2022-01-15 12:57:06 : 119,500,000 : 0 : 12,639,300,100 : 47%
2022-01-15 13:18:56 : 119,600,000 : 0 : 12,649,392,875 : 47%
2022-01-15 13:39:25 : 119,700,000 : 0 : 12,659,485,650 : 47%
2022-01-15 13:58:42 : 119,800,000 : 0 : 12,669,316,275 : 47%
2022-01-15 14:16:40 : 119,900,000 : 0 : 12,679,277,975 : 47%
2022-01-15 14:34:03 : 120,000,000 : 0 : 12,689,501,825 : 47%
2022-01-15 14:50:55 : 120,100,000 : 0 : 12,699,594,600 : 47%
2022-01-15 15:07:41 : 120,200,000 : 0 : 12,709,818,450 : 47%
2022-01-15 15:23:48 : 120,300,000 : 0 : 12,719,911,225 : 47%
2022-01-15 15:39:29 : 120,400,000 : 0 : 12,730,135,075 : 47%
2022-01-15 15:55:00 : 120,500,000 : 0 : 12,740,490,000 : 47%
2022-01-15 16:10:08 : 120,600,000 : 0 : 12,750,713,850 : 47%
2022-01-15 16:24:54 : 120,700,000 : 0 : 12,760,937,700 : 47%
2022-01-15 16:39:32 : 120,800,000 : 0 : 12,771,161,550 : 47%
2022-01-15 16:53:52 : 120,900,000 : 0 : 12,781,385,400 : 47%
2022-01-15 17:08:16 : 121,000,000 : 0 : 12,791,740,325 : 47%
2022-01-15 17:22:51 : 121,100,000 : 0 : 12,801,964,175 : 47%
2022-01-15 17:37:16 : 121,200,000 : 0 : 12,812,319,100 : 47%
2022-01-15 17:51:39 : 121,300,000 : 0 : 12,832,897,875 : 47%
2022-01-15 18:05:57 : 121,400,000 : 0 : 12,843,252,800 : 47%
2022-01-15 18:20:16 : 121,500,000 : 0 : 12,853,476,650 : 47%
2022-01-15 18:34:35 : 121,600,000 : 0 : 12,863,831,575 : 47%
2022-01-15 18:49:10 : 121,700,000 : 0 : 12,873,924,350 : 47%
2022-01-15 19:03:21 : 121,800,000 : 0 : 12,884,148,200 : 47%
2022-01-15 19:17:34 : 121,900,000 : 0 : 12,894,240,975 : 47%
2022-01-15 19:31:54 : 122,000,000 : 0 : 12,904,464,825 : 48%
2022-01-15 19:46:27 : 122,100,000 : 0 : 12,914,688,675 : 48%
2022-01-15 20:01:18 : 122,200,000 : 0 : 12,924,912,525 : 48%
2022-01-15 20:16:06 : 122,300,000 : 0 : 12,935,005,300 : 48%
2022-01-15 20:30:58 : 122,400,000 : 0 : 12,945,098,075 : 48%
2022-01-15 20:45:52 : 122,500,000 : 0 : 12,955,190,850 : 48%
2022-01-15 21:01:03 : 122,600,000 : 0 : 12,965,414,700 : 48%
2022-01-15 21:16:11 : 122,700,000 : 0 : 12,975,638,550 : 48%
2022-01-15 21:31:18 : 122,800,000 : 0 : 12,985,600,250 : 48%
2022-01-15 21:46:21 : 122,900,000 : 0 : 12,995,693,025 : 48%
2022-01-15 22:01:24 : 123,000,000 : 0 : 13,005,654,725 : 48%
2022-01-15 22:15:55 : 123,100,000 : 0 : 13,015,485,350 : 48%
2022-01-15 22:30:38 : 123,200,000 : 0 : 13,025,447,050 : 48%
2022-01-15 22:45:41 : 123,300,000 : 0 : 13,035,539,825 : 48%
2022-01-15 23:00:27 : 123,400,000 : 0 : 13,045,370,450 : 48%
2022-01-15 23:15:23 : 123,500,000 : 0 : 13,055,463,225 : 48%
2022-01-15 23:30:22 : 123,600,000 : 0 : 13,065,424,925 : 48%
2022-01-15 23:45:16 : 123,700,000 : 0 : 13,075,386,625 : 48%
2022-01-16 00:00:23 : 123,800,000 : 0 : 13,095,310,025 : 48%
2022-01-16 00:15:37 : 123,900,000 : 0 : 13,105,271,725 : 48%
2022-01-16 00:31:02 : 124,000,000 : 0 : 13,115,102,350 : 48%
2022-01-16 00:46:16 : 124,100,000 : 0 : 13,124,670,825 : 48%
2022-01-16 01:01:19 : 124,200,000 : 0 : 13,134,501,450 : 48%
2022-01-16 01:16:53 : 124,300,000 : 0 : 13,144,201,000 : 48%
2022-01-16 01:32:15 : 124,400,000 : 0 : 13,153,769,475 : 48%
2022-01-16 01:47:44 : 124,500,000 : 0 : 13,163,469,025 : 48%
2022-01-16 02:03:17 : 124,600,000 : 0 : 13,173,168,575 : 49%
2022-01-16 02:18:30 : 124,700,000 : 0 : 13,182,737,050 : 49%
2022-01-16 02:33:28 : 124,800,000 : 0 : 13,192,174,450 : 49%
2022-01-16 02:48:55 : 124,900,000 : 0 : 13,201,874,000 : 49%
2022-01-16 03:04:41 : 125,000,000 : 0 : 13,211,573,550 : 49%
2022-01-16 03:21:39 : 125,100,000 : 0 : 13,221,273,100 : 49%
2022-01-16 03:37:56 : 125,200,000 : 0 : 13,230,841,575 : 49%
2022-01-16 03:54:23 : 125,300,000 : 0 : 13,240,541,125 : 49%
2022-01-16 04:11:37 : 125,400,000 : 0 : 13,250,240,675 : 49%
2022-01-16 04:29:37 : 125,500,000 : 0 : 13,260,071,300 : 49%
2022-01-16 04:48:50 : 125,600,000 : 0 : 13,270,033,000 : 49%
2022-01-16 05:08:44 : 125,700,000 : 0 : 13,279,994,700 : 49%
2022-01-16 05:29:26 : 125,800,000 : 0 : 13,289,825,325 : 49%
2022-01-16 05:50:48 : 125,900,000 : 0 : 13,299,655,950 : 49%
2022-01-16 06:12:52 : 126,000,000 : 0 : 13,309,486,575 : 49%
2022-01-16 06:36:01 : 126,100,000 : 0 : 13,319,317,200 : 49%
2022-01-16 07:00:34 : 126,200,000 : 0 : 13,329,147,825 : 49%
2022-01-16 07:25:27 : 126,300,000 : 0 : 13,338,978,450 : 49%
2022-01-16 07:51:34 : 126,400,000 : 0 : 13,348,809,075 : 49%
2022-01-16 08:18:43 : 126,500,000 : 0 : 13,358,639,700 : 49%
2022-01-16 08:46:49 : 126,600,000 : 0 : 13,368,601,400 : 49%
2022-01-16 09:15:43 : 126,700,000 : 0 : 13,378,694,175 : 49%
2022-01-16 09:45:00 : 126,800,000 : 0 : 13,388,786,950 : 49%
2022-01-16 10:14:28 : 126,900,000 : 0 : 13,398,748,650 : 49%
2022-01-16 10:43:31 : 127,000,000 : 0 : 13,418,540,975 : 49%
2022-01-16 11:11:51 : 127,100,000 : 0 : 13,428,502,675 : 49%
2022-01-16 11:39:56 : 127,200,000 : 0 : 13,438,595,450 : 49%
2022-01-16 12:07:10 : 127,300,000 : 0 : 13,448,426,075 : 50%
2022-01-16 12:32:59 : 127,400,000 : 0 : 13,458,649,925 : 50%
2022-01-16 12:57:32 : 127,500,000 : 0 : 13,468,611,625 : 50%
2022-01-16 13:20:22 : 127,600,000 : 0 : 13,478,704,400 : 50%
2022-01-16 13:41:38 : 127,700,000 : 0 : 13,488,797,175 : 50%
2022-01-16 14:01:40 : 127,800,000 : 0 : 13,499,021,025 : 50%
2022-01-16 14:20:26 : 127,900,000 : 0 : 13,509,244,875 : 50%
2022-01-16 14:38:37 : 128,000,000 : 0 : 13,519,337,650 : 50%
2022-01-16 14:55:42 : 128,100,000 : 0 : 13,529,692,575 : 50%
2022-01-16 15:12:22 : 128,200,000 : 0 : 13,539,916,425 : 50%
2022-01-16 15:28:20 : 128,300,000 : 0 : 13,550,140,275 : 50%
2022-01-16 15:43:50 : 128,400,000 : 0 : 13,560,364,125 : 50%
2022-01-16 15:59:05 : 128,500,000 : 0 : 13,570,719,050 : 50%
2022-01-16 16:13:54 : 128,600,000 : 0 : 13,580,942,900 : 50%
2022-01-16 16:28:35 : 128,700,000 : 0 : 13,591,297,825 : 50%
2022-01-16 16:43:02 : 128,800,000 : 0 : 13,601,652,750 : 50%
2022-01-16 16:57:22 : 128,900,000 : 0 : 13,612,007,675 : 50%
2022-01-16 17:11:36 : 129,000,000 : 0 : 13,622,362,600 : 50%
2022-01-16 17:25:45 : 129,100,000 : 0 : 13,632,717,525 : 50%
2022-01-16 17:39:39 : 129,200,000 : 0 : 13,642,941,375 : 50%
2022-01-16 17:53:08 : 129,300,000 : 0 : 13,653,165,225 : 50%
2022-01-16 18:06:57 : 129,400,000 : 0 : 13,663,389,075 : 50%
2022-01-16 18:20:42 : 129,500,000 : 0 : 13,683,836,775 : 50%
2022-01-16 18:34:29 : 129,600,000 : 0 : 13,693,929,550 : 50%
2022-01-16 18:47:58 : 129,700,000 : 0 : 13,704,153,400 : 50%
2022-01-16 19:01:21 : 129,800,000 : 0 : 13,714,246,175 : 51%
2022-01-16 19:14:57 : 129,900,000 : 0 : 13,724,207,875 : 51%
2022-01-16 19:28:24 : 130,000,000 : 0 : 13,734,300,650 : 51%
2022-01-16 19:41:49 : 130,100,000 : 0 : 13,744,393,425 : 51%
2022-01-16 19:55:29 : 130,200,000 : 0 : 13,754,355,125 : 51%
2022-01-16 20:08:55 : 130,300,000 : 0 : 13,764,447,900 : 51%
2022-01-16 20:22:11 : 130,400,000 : 0 : 13,774,409,600 : 51%
2022-01-16 20:35:55 : 130,500,000 : 0 : 13,784,502,375 : 51%
2022-01-16 20:49:41 : 130,600,000 : 0 : 13,794,464,075 : 51%
2022-01-16 21:03:35 : 130,700,000 : 0 : 13,804,687,925 : 51%
2022-01-16 21:17:46 : 130,800,000 : 0 : 13,814,649,625 : 51%
2022-01-16 21:32:02 : 130,900,000 : 0 : 13,824,873,475 : 51%
2022-01-16 21:46:18 : 131,000,000 : 0 : 13,834,835,175 : 51%
2022-01-16 22:00:14 : 131,100,000 : 0 : 13,844,796,875 : 51%
2022-01-16 22:14:16 : 131,200,000 : 0 : 13,854,889,650 : 51%
2022-01-16 22:28:26 : 131,300,000 : 0 : 13,864,982,425 : 51%
2022-01-16 22:42:57 : 131,400,000 : 0 : 13,875,075,200 : 51%
2022-01-16 22:57:32 : 131,500,000 : 0 : 13,885,036,900 : 51%
2022-01-16 23:12:18 : 131,600,000 : 0 : 13,895,260,750 : 51%
2022-01-16 23:26:56 : 131,700,000 : 0 : 13,905,222,450 : 51%
2022-01-16 23:41:28 : 131,800,000 : 0 : 13,915,184,150 : 51%
2022-01-16 23:55:49 : 131,900,000 : 0 : 13,925,014,775 : 51%
2022-01-17 00:10:28 : 132,000,000 : 0 : 13,944,676,025 : 51%
2022-01-17 00:25:11 : 132,100,000 : 0 : 13,954,375,575 : 51%
2022-01-17 00:40:05 : 132,200,000 : 0 : 13,963,944,050 : 51%
2022-01-17 00:54:58 : 132,300,000 : 0 : 13,973,119,300 : 51%
2022-01-17 01:08:39 : 132,400,000 : 0 : 13,982,949,925 : 52%
2022-01-17 01:23:39 : 132,500,000 : 0 : 13,992,780,550 : 52%
2022-01-17 01:39:17 : 132,600,000 : 0 : 14,002,611,175 : 52%
2022-01-17 01:55:03 : 132,700,000 : 0 : 14,012,441,800 : 52%
2022-01-17 02:10:11 : 132,800,000 : 0 : 14,022,141,350 : 52%
2022-01-17 02:25:51 : 132,900,000 : 0 : 14,031,840,900 : 52%
2022-01-17 02:41:35 : 133,000,000 : 0 : 14,041,540,450 : 52%
2022-01-17 02:56:59 : 133,100,000 : 0 : 14,051,371,075 : 52%
2022-01-17 03:12:38 : 133,200,000 : 0 : 14,061,070,625 : 52%
2022-01-17 03:28:04 : 133,300,000 : 0 : 14,070,770,175 : 52%
2022-01-17 03:44:24 : 133,400,000 : 0 : 14,080,731,875 : 52%
2022-01-17 04:01:10 : 133,500,000 : 0 : 14,090,562,500 : 52%
2022-01-17 04:18:31 : 133,600,000 : 0 : 14,100,524,200 : 52%
2022-01-17 04:36:45 : 133,700,000 : 0 : 14,110,485,900 : 52%
2022-01-17 04:55:49 : 133,800,000 : 0 : 14,120,578,675 : 52%
2022-01-17 05:15:28 : 133,900,000 : 0 : 14,130,540,375 : 52%
2022-01-17 05:35:50 : 134,000,000 : 0 : 14,140,502,075 : 52%
2022-01-17 05:56:42 : 134,100,000 : 0 : 14,150,463,775 : 52%
2022-01-17 06:18:39 : 134,200,000 : 0 : 14,160,556,550 : 52%
2022-01-17 06:41:49 : 134,300,000 : 0 : 14,170,518,250 : 52%
2022-01-17 07:05:51 : 134,400,000 : 0 : 14,180,479,950 : 52%
2022-01-17 07:30:54 : 134,500,000 : 0 : 14,190,572,725 : 52%
2022-01-17 07:56:45 : 134,600,000 : 0 : 14,200,665,500 : 52%
2022-01-17 08:23:17 : 134,700,000 : 0 : 14,210,758,275 : 52%
2022-01-17 08:51:02 : 134,800,000 : 0 : 14,220,851,050 : 52%
2022-01-17 09:19:42 : 134,900,000 : 0 : 14,231,074,900 : 52%
2022-01-17 09:48:56 : 135,000,000 : 0 : 14,251,391,525 : 52%
2022-01-17 10:18:22 : 135,100,000 : 0 : 14,261,615,375 : 53%
2022-01-17 10:47:59 : 135,200,000 : 0 : 14,271,839,225 : 53%
2022-01-17 11:16:32 : 135,300,000 : 0 : 14,282,063,075 : 53%
2022-01-17 11:43:54 : 135,400,000 : 0 : 14,292,286,925 : 53%
2022-01-17 12:10:27 : 135,500,000 : 0 : 14,302,641,850 : 53%
2022-01-17 12:35:45 : 135,600,000 : 0 : 14,312,865,700 : 53%
2022-01-17 12:58:52 : 135,700,000 : 0 : 14,323,220,625 : 53%
2022-01-17 13:20:41 : 135,800,000 : 0 : 14,333,575,550 : 53%
2022-01-17 13:41:01 : 135,900,000 : 0 : 14,344,192,625 : 53%
2022-01-17 14:00:13 : 136,000,000 : 0 : 14,354,678,625 : 53%
2022-01-17 14:18:32 : 136,100,000 : 0 : 14,365,164,625 : 53%
2022-01-17 14:35:52 : 136,200,000 : 0 : 14,375,781,700 : 53%
2022-01-17 14:52:41 : 136,300,000 : 0 : 14,386,267,700 : 53%
2022-01-17 15:09:00 : 136,400,000 : 0 : 14,396,884,775 : 53%
2022-01-17 15:24:50 : 136,500,000 : 0 : 14,407,501,850 : 53%
2022-01-17 15:40:12 : 136,600,000 : 0 : 14,418,118,925 : 53%
2022-01-17 15:55:02 : 136,700,000 : 0 : 14,428,604,925 : 53%
2022-01-17 16:09:40 : 136,800,000 : 0 : 14,439,090,925 : 53%
2022-01-17 16:24:00 : 136,900,000 : 0 : 14,449,708,000 : 53%
2022-01-17 16:37:56 : 137,000,000 : 0 : 14,460,325,075 : 53%
2022-01-17 16:51:49 : 137,100,000 : 0 : 14,470,811,075 : 53%
2022-01-17 17:05:40 : 137,200,000 : 0 : 14,481,428,150 : 53%
2022-01-17 17:19:31 : 137,300,000 : 0 : 14,492,045,225 : 53%
2022-01-17 17:33:17 : 137,400,000 : 0 : 14,513,148,300 : 53%
2022-01-17 17:46:57 : 137,500,000 : 0 : 14,523,765,375 : 53%
2022-01-17 18:00:32 : 137,600,000 : 0 : 14,534,251,375 : 54%
2022-01-17 18:14:14 : 137,700,000 : 0 : 14,544,737,375 : 54%
2022-01-17 18:27:45 : 137,800,000 : 0 : 14,555,354,450 : 54%
2022-01-17 18:41:29 : 137,900,000 : 0 : 14,565,840,450 : 54%
2022-01-17 18:55:09 : 138,000,000 : 0 : 14,576,326,450 : 54%
2022-01-17 19:08:52 : 138,100,000 : 0 : 14,586,812,450 : 54%
2022-01-17 19:22:31 : 138,200,000 : 0 : 14,597,298,450 : 54%
2022-01-17 19:35:57 : 138,300,000 : 0 : 14,607,784,450 : 54%
2022-01-17 19:49:39 : 138,400,000 : 0 : 14,618,270,450 : 54%
2022-01-17 20:03:32 : 138,500,000 : 0 : 14,628,756,450 : 54%
2022-01-17 20:17:35 : 138,600,000 : 0 : 14,639,242,450 : 54%
2022-01-17 20:31:42 : 138,700,000 : 0 : 14,649,859,525 : 54%
2022-01-17 20:45:41 : 138,800,000 : 0 : 14,660,345,525 : 54%
2022-01-17 20:59:39 : 138,900,000 : 0 : 14,670,831,525 : 54%
2022-01-17 21:13:41 : 139,000,000 : 0 : 14,681,317,525 : 54%
2022-01-17 21:27:44 : 139,100,000 : 0 : 14,691,803,525 : 54%
2022-01-17 21:41:46 : 139,200,000 : 0 : 14,702,158,450 : 54%
2022-01-17 21:55:44 : 139,300,000 : 0 : 14,712,644,450 : 54%
2022-01-17 22:09:59 : 139,400,000 : 0 : 14,722,999,375 : 54%
2022-01-17 22:24:28 : 139,500,000 : 0 : 14,733,354,300 : 54%
2022-01-17 22:39:11 : 139,600,000 : 0 : 14,754,064,150 : 54%
2022-01-17 22:53:40 : 139,700,000 : 0 : 14,764,419,075 : 54%
2022-01-17 23:08:32 : 139,800,000 : 0 : 14,774,905,075 : 54%
2022-01-17 23:23:41 : 139,900,000 : 0 : 14,785,260,000 : 54%
2022-01-17 23:39:06 : 140,000,000 : 0 : 14,795,614,925 : 54%
2022-01-17 23:54:34 : 140,100,000 : 0 : 14,805,969,850 : 55%
2022-01-18 00:10:09 : 140,200,000 : 0 : 14,816,324,775 : 55%
2022-01-18 00:25:42 : 140,300,000 : 0 : 14,826,548,625 : 55%
2022-01-18 00:41:11 : 140,400,000 : 0 : 14,836,641,400 : 55%
2022-01-18 00:56:33 : 140,500,000 : 0 : 14,846,734,175 : 55%
2022-01-18 01:12:21 : 140,600,000 : 0 : 14,856,826,950 : 55%
2022-01-18 01:28:03 : 140,700,000 : 0 : 14,866,919,725 : 55%
2022-01-18 01:43:27 : 140,800,000 : 0 : 14,876,881,425 : 55%
2022-01-18 01:58:41 : 140,900,000 : 0 : 14,886,843,125 : 55%
2022-01-18 02:13:42 : 141,000,000 : 0 : 14,896,673,750 : 55%
2022-01-18 02:28:37 : 141,100,000 : 0 : 14,906,373,300 : 55%
2022-01-18 02:42:44 : 141,200,000 : 0 : 14,916,072,850 : 55%
2022-01-18 02:57:29 : 141,300,000 : 0 : 14,925,903,475 : 55%
2022-01-18 03:12:55 : 141,400,000 : 0 : 14,935,734,100 : 55%
2022-01-18 03:28:34 : 141,500,000 : 0 : 14,945,695,800 : 55%
2022-01-18 03:44:00 : 141,600,000 : 0 : 14,955,526,425 : 55%
2022-01-18 03:59:53 : 141,700,000 : 0 : 14,965,488,125 : 55%
2022-01-18 04:16:39 : 141,800,000 : 0 : 14,975,318,750 : 55%
2022-01-18 04:34:01 : 141,900,000 : 0 : 14,985,280,450 : 55%
2022-01-18 04:52:14 : 142,000,000 : 0 : 14,995,373,225 : 55%
2022-01-18 05:11:19 : 142,100,000 : 0 : 15,005,334,925 : 55%
2022-01-18 05:31:09 : 142,200,000 : 0 : 15,015,296,625 : 55%
2022-01-18 05:51:43 : 142,300,000 : 0 : 15,035,220,025 : 55%
2022-01-18 06:13:12 : 142,400,000 : 0 : 15,045,312,800 : 55%
2022-01-18 06:36:15 : 142,500,000 : 0 : 15,055,405,575 : 55%
2022-01-18 07:00:04 : 142,600,000 : 0 : 15,065,498,350 : 55%
2022-01-18 07:25:04 : 142,700,000 : 0 : 15,075,591,125 : 56%
2022-01-18 07:51:29 : 142,800,000 : 0 : 15,085,814,975 : 56%
2022-01-18 08:18:47 : 142,900,000 : 0 : 15,096,038,825 : 56%
2022-01-18 08:47:23 : 143,000,000 : 0 : 15,106,131,600 : 56%
2022-01-18 09:16:26 : 143,100,000 : 0 : 15,116,224,375 : 56%
2022-01-18 09:45:42 : 143,200,000 : 0 : 15,126,448,225 : 56%
2022-01-18 10:15:38 : 143,300,000 : 0 : 15,136,672,075 : 56%
2022-01-18 10:44:35 : 143,400,000 : 0 : 15,146,895,925 : 56%
2022-01-18 11:12:39 : 143,500,000 : 0 : 15,157,119,775 : 56%
2022-01-18 11:39:11 : 143,600,000 : 0 : 15,167,343,625 : 56%
2022-01-18 12:04:30 : 143,700,000 : 0 : 15,177,567,475 : 56%
2022-01-18 12:28:14 : 143,800,000 : 0 : 15,187,922,400 : 56%
2022-01-18 12:50:20 : 143,900,000 : 0 : 15,198,146,250 : 56%
2022-01-18 13:11:15 : 144,000,000 : 0 : 15,208,632,250 : 56%
2022-01-18 13:30:55 : 144,100,000 : 0 : 15,218,987,175 : 56%
2022-01-18 13:48:46 : 144,200,000 : 0 : 15,229,342,100 : 56%
2022-01-18 14:05:40 : 144,300,000 : 0 : 15,239,697,025 : 56%
2022-01-18 14:22:08 : 144,400,000 : 0 : 15,250,051,950 : 56%
2022-01-18 14:38:05 : 144,500,000 : 0 : 15,260,537,950 : 56%
2022-01-18 14:53:22 : 144,600,000 : 0 : 15,271,023,950 : 56%
2022-01-18 15:08:21 : 144,700,000 : 0 : 15,281,509,950 : 56%
2022-01-18 15:22:53 : 144,800,000 : 0 : 15,291,995,950 : 56%
2022-01-18 15:37:10 : 144,900,000 : 0 : 15,302,481,950 : 56%
2022-01-18 15:51:07 : 145,000,000 : 0 : 15,323,585,025 : 56%
2022-01-18 16:05:00 : 145,100,000 : 0 : 15,334,071,025 : 56%
2022-01-18 16:18:59 : 145,200,000 : 0 : 15,344,688,100 : 57%
2022-01-18 16:32:38 : 145,300,000 : 0 : 15,355,305,175 : 57%
2022-01-18 16:46:21 : 145,400,000 : 0 : 15,365,922,250 : 57%
2022-01-18 16:59:48 : 145,500,000 : 0 : 15,376,539,325 : 57%
2022-01-18 17:13:16 : 145,600,000 : 0 : 15,387,025,325 : 57%
2022-01-18 17:26:36 : 145,700,000 : 0 : 15,397,642,400 : 57%
2022-01-18 17:40:00 : 145,800,000 : 0 : 15,408,259,475 : 57%
2022-01-18 17:53:10 : 145,900,000 : 0 : 15,418,745,475 : 57%
2022-01-18 18:06:18 : 146,000,000 : 0 : 15,429,362,550 : 57%
2022-01-18 18:19:36 : 146,100,000 : 0 : 15,439,848,550 : 57%
2022-01-18 18:33:04 : 146,200,000 : 0 : 15,450,465,625 : 57%
2022-01-18 18:46:24 : 146,300,000 : 0 : 15,461,082,700 : 57%
2022-01-18 18:59:47 : 146,400,000 : 0 : 15,471,699,775 : 57%
2022-01-18 19:13:19 : 146,500,000 : 0 : 15,482,316,850 : 57%
2022-01-18 19:26:44 : 146,600,000 : 0 : 15,492,802,850 : 57%
2022-01-18 19:40:04 : 146,700,000 : 0 : 15,503,419,925 : 57%
2022-01-18 19:53:24 : 146,800,000 : 0 : 15,513,905,925 : 57%
2022-01-18 20:06:36 : 146,900,000 : 0 : 15,524,391,925 : 57%
2022-01-18 20:20:16 : 147,000,000 : 0 : 15,534,877,925 : 57%
2022-01-18 20:33:20 : 147,100,000 : 0 : 15,545,232,850 : 57%
2022-01-18 20:46:33 : 147,200,000 : 0 : 15,555,849,925 : 57%
2022-01-18 20:59:46 : 147,300,000 : 0 : 15,576,821,925 : 57%
2022-01-18 21:13:06 : 147,400,000 : 0 : 15,587,307,925 : 57%
2022-01-18 21:26:11 : 147,500,000 : 0 : 15,597,793,925 : 57%
2022-01-18 21:39:19 : 147,600,000 : 0 : 15,608,279,925 : 57%
2022-01-18 21:52:38 : 147,700,000 : 0 : 15,618,634,850 : 58%
2022-01-18 22:06:12 : 147,800,000 : 0 : 15,629,251,925 : 58%
2022-01-18 22:20:14 : 147,900,000 : 0 : 15,639,737,925 : 58%
2022-01-18 22:34:09 : 148,000,000 : 0 : 15,650,223,925 : 58%
2022-01-18 22:48:12 : 148,100,000 : 0 : 15,660,578,850 : 58%
2022-01-18 23:02:21 : 148,200,000 : 0 : 15,671,064,850 : 58%
2022-01-18 23:17:02 : 148,300,000 : 0 : 15,681,419,775 : 58%
2022-01-18 23:31:50 : 148,400,000 : 0 : 15,691,905,775 : 58%
2022-01-18 23:47:01 : 148,500,000 : 0 : 15,702,260,700 : 58%
2022-01-19 00:02:08 : 148,600,000 : 0 : 15,712,615,625 : 58%
2022-01-19 00:17:27 : 148,700,000 : 0 : 15,722,970,550 : 58%
2022-01-19 00:32:28 : 148,800,000 : 0 : 15,732,801,175 : 58%
2022-01-19 00:47:53 : 148,900,000 : 0 : 15,742,500,725 : 58%
2022-01-19 01:04:24 : 149,000,000 : 0 : 15,752,724,575 : 58%
2022-01-19 01:20:31 : 149,100,000 : 0 : 15,762,817,350 : 58%
2022-01-19 01:36:21 : 149,200,000 : 0 : 15,773,041,200 : 58%
2022-01-19 01:52:14 : 149,300,000 : 0 : 15,783,133,975 : 58%
2022-01-19 02:08:02 : 149,400,000 : 0 : 15,793,226,750 : 58%
2022-01-19 02:23:44 : 149,500,000 : 0 : 15,803,319,525 : 58%
2022-01-19 02:39:25 : 149,600,000 : 0 : 15,813,412,300 : 58%
2022-01-19 02:55:13 : 149,700,000 : 0 : 15,823,505,075 : 58%
2022-01-19 03:11:14 : 149,800,000 : 0 : 15,833,466,775 : 58%
2022-01-19 03:28:02 : 149,900,000 : 0 : 15,853,652,325 : 58%
2022-01-19 03:45:14 : 150,000,000 : 0 : 15,863,745,100 : 58%
2022-01-19 04:02:23 : 150,100,000 : 0 : 15,873,837,875 : 58%
2022-01-19 04:19:46 : 150,200,000 : 0 : 15,883,930,650 : 59%
2022-01-19 04:37:53 : 150,300,000 : 0 : 15,894,023,425 : 59%
2022-01-19 04:56:32 : 150,400,000 : 0 : 15,904,116,200 : 59%
2022-01-19 05:15:51 : 150,500,000 : 0 : 15,914,077,900 : 59%
2022-01-19 05:36:05 : 150,600,000 : 0 : 15,924,170,675 : 59%
2022-01-19 05:57:04 : 150,700,000 : 0 : 15,934,132,375 : 59%
2022-01-19 06:18:56 : 150,800,000 : 0 : 15,944,094,075 : 59%
2022-01-19 06:42:12 : 150,900,000 : 0 : 15,954,186,850 : 59%
2022-01-19 07:06:59 : 151,000,000 : 0 : 15,964,148,550 : 59%
2022-01-19 07:32:17 : 151,100,000 : 0 : 15,974,241,325 : 59%
2022-01-19 07:58:58 : 151,200,000 : 0 : 15,984,334,100 : 59%
2022-01-19 08:26:35 : 151,300,000 : 0 : 15,994,557,950 : 59%
2022-01-19 08:54:52 : 151,400,000 : 0 : 16,004,650,725 : 59%
2022-01-19 09:23:43 : 151,500,000 : 0 : 16,014,874,575 : 59%
2022-01-19 09:52:39 : 151,600,000 : 0 : 16,024,967,350 : 59%
2022-01-19 10:21:09 : 151,700,000 : 0 : 16,035,191,200 : 59%
2022-01-19 10:48:40 : 151,800,000 : 0 : 16,045,152,900 : 59%
2022-01-19 11:15:21 : 151,900,000 : 0 : 16,055,245,675 : 59%
2022-01-19 11:40:49 : 152,000,000 : 0 : 16,065,338,450 : 59%
2022-01-19 12:04:52 : 152,100,000 : 0 : 16,075,431,225 : 59%
2022-01-19 12:27:28 : 152,200,000 : 0 : 16,085,786,150 : 59%
2022-01-19 12:48:15 : 152,300,000 : 0 : 16,096,010,000 : 59%
2022-01-19 13:08:01 : 152,400,000 : 0 : 16,106,233,850 : 59%
2022-01-19 13:26:50 : 152,500,000 : 0 : 16,116,719,850 : 59%
2022-01-19 13:44:32 : 152,600,000 : 0 : 16,126,943,700 : 59%
2022-01-19 14:01:28 : 152,700,000 : 0 : 16,137,429,700 : 59%
2022-01-19 14:17:51 : 152,800,000 : 0 : 16,147,784,625 : 59%
2022-01-19 14:33:36 : 152,900,000 : 0 : 16,168,625,550 : 60%
2022-01-19 14:48:56 : 153,000,000 : 0 : 16,179,111,550 : 60%
2022-01-19 15:03:54 : 153,100,000 : 0 : 16,189,597,550 : 60%
2022-01-19 15:18:46 : 153,200,000 : 0 : 16,200,083,550 : 60%
2022-01-19 15:33:26 : 153,300,000 : 0 : 16,210,569,550 : 60%
2022-01-19 15:47:37 : 153,400,000 : 0 : 16,221,055,550 : 60%
2022-01-19 16:01:47 : 153,500,000 : 0 : 16,231,672,625 : 60%
2022-01-19 16:16:08 : 153,600,000 : 0 : 16,242,158,625 : 60%
2022-01-19 16:29:52 : 153,700,000 : 0 : 16,252,775,700 : 60%
2022-01-19 16:43:43 : 153,800,000 : 0 : 16,263,392,775 : 60%
2022-01-19 16:57:17 : 153,900,000 : 0 : 16,273,878,775 : 60%
2022-01-19 17:10:49 : 154,000,000 : 0 : 16,284,495,850 : 60%
2022-01-19 17:24:11 : 154,100,000 : 0 : 16,294,981,850 : 60%
2022-01-19 17:37:29 : 154,200,000 : 0 : 16,305,467,850 : 60%
2022-01-19 17:50:49 : 154,300,000 : 0 : 16,316,084,925 : 60%
2022-01-19 18:04:17 : 154,400,000 : 0 : 16,326,570,925 : 60%
2022-01-19 18:17:42 : 154,500,000 : 0 : 16,337,056,925 : 60%
2022-01-19 18:31:01 : 154,600,000 : 0 : 16,347,674,000 : 60%
2022-01-19 18:44:09 : 154,700,000 : 0 : 16,358,160,000 : 60%
2022-01-19 18:57:24 : 154,800,000 : 0 : 16,368,646,000 : 60%
2022-01-19 19:10:47 : 154,900,000 : 0 : 16,379,132,000 : 60%
2022-01-19 19:24:18 : 155,000,000 : 0 : 16,389,749,075 : 60%
2022-01-19 19:37:42 : 155,100,000 : 0 : 16,400,366,150 : 60%
2022-01-19 19:51:05 : 155,200,000 : 0 : 16,421,338,150 : 60%
2022-01-19 20:04:26 : 155,300,000 : 0 : 16,431,955,225 : 61%
2022-01-19 20:17:53 : 155,400,000 : 0 : 16,442,441,225 : 61%
2022-01-19 20:31:15 : 155,500,000 : 0 : 16,452,927,225 : 61%
2022-01-19 20:44:36 : 155,600,000 : 0 : 16,463,413,225 : 61%
2022-01-19 20:57:49 : 155,700,000 : 0 : 16,473,899,225 : 61%
2022-01-19 21:11:03 : 155,800,000 : 0 : 16,484,254,150 : 61%
2022-01-19 21:24:14 : 155,900,000 : 0 : 16,494,478,000 : 61%
2022-01-19 21:36:59 : 156,000,000 : 0 : 16,504,832,925 : 61%
2022-01-19 21:50:08 : 156,100,000 : 0 : 16,515,187,850 : 61%
2022-01-19 22:03:29 : 156,200,000 : 0 : 16,525,542,775 : 61%
2022-01-19 22:17:22 : 156,300,000 : 0 : 16,536,028,775 : 61%
2022-01-19 22:31:45 : 156,400,000 : 0 : 16,546,514,775 : 61%
2022-01-19 22:46:31 : 156,500,000 : 0 : 16,556,869,700 : 61%
2022-01-19 23:01:06 : 156,600,000 : 0 : 16,567,355,700 : 61%
2022-01-19 23:15:57 : 156,700,000 : 0 : 16,577,710,625 : 61%
2022-01-19 23:30:51 : 156,800,000 : 0 : 16,588,065,550 : 61%
2022-01-19 23:46:08 : 156,900,000 : 0 : 16,598,551,550 : 61%
2022-01-20 00:01:49 : 157,000,000 : 0 : 16,608,906,475 : 61%
2022-01-20 00:17:59 : 157,100,000 : 0 : 16,619,261,400 : 61%
2022-01-20 00:34:10 : 157,200,000 : 0 : 16,629,616,325 : 61%
2022-01-20 00:50:23 : 157,300,000 : 0 : 16,639,709,100 : 61%
2022-01-20 01:06:39 : 157,400,000 : 0 : 16,649,801,875 : 61%
2022-01-20 01:22:58 : 157,500,000 : 0 : 16,659,894,650 : 61%
2022-01-20 01:39:24 : 157,600,000 : 0 : 16,669,987,425 : 61%
2022-01-20 01:55:31 : 157,700,000 : 0 : 16,689,910,825 : 61%
2022-01-20 02:11:31 : 157,800,000 : 0 : 16,699,872,525 : 62%
2022-01-20 02:27:33 : 157,900,000 : 0 : 16,709,834,225 : 62%
2022-01-20 02:43:23 : 158,000,000 : 0 : 16,719,795,925 : 62%
2022-01-20 02:59:06 : 158,100,000 : 0 : 16,729,757,625 : 62%
2022-01-20 03:15:02 : 158,200,000 : 0 : 16,739,850,400 : 62%
2022-01-20 03:31:26 : 158,300,000 : 0 : 16,749,812,100 : 62%
2022-01-20 03:47:55 : 158,400,000 : 0 : 16,759,904,875 : 62%
2022-01-20 04:04:41 : 158,500,000 : 0 : 16,769,997,650 : 62%
2022-01-20 04:22:05 : 158,600,000 : 0 : 16,780,090,425 : 62%
2022-01-20 04:40:04 : 158,700,000 : 0 : 16,790,052,125 : 62%
2022-01-20 04:58:24 : 158,800,000 : 0 : 16,800,144,900 : 62%
2022-01-20 05:17:30 : 158,900,000 : 0 : 16,810,237,675 : 62%
2022-01-20 05:37:15 : 159,000,000 : 0 : 16,820,199,375 : 62%
2022-01-20 05:57:27 : 159,100,000 : 0 : 16,830,161,075 : 62%
2022-01-20 06:19:08 : 159,200,000 : 0 : 16,840,253,850 : 62%
2022-01-20 06:41:27 : 159,300,000 : 0 : 16,849,429,100 : 62%
2022-01-20 07:06:36 : 159,400,000 : 0 : 16,859,521,875 : 62%
2022-01-20 07:31:51 : 159,500,000 : 0 : 16,869,614,650 : 62%
2022-01-20 07:57:58 : 159,600,000 : 0 : 16,879,838,500 : 62%
2022-01-20 08:25:18 : 159,700,000 : 0 : 16,890,062,350 : 62%
2022-01-20 08:53:47 : 159,800,000 : 0 : 16,900,286,200 : 62%
2022-01-20 09:22:42 : 159,900,000 : 0 : 16,910,510,050 : 62%
2022-01-20 09:51:58 : 160,000,000 : 0 : 16,920,602,825 : 62%
2022-01-20 10:21:18 : 160,100,000 : 0 : 16,930,826,675 : 62%
2022-01-20 10:49:24 : 160,200,000 : 0 : 16,940,788,375 : 62%
2022-01-20 11:16:51 : 160,300,000 : 0 : 16,951,012,225 : 62%
2022-01-20 11:42:47 : 160,400,000 : 0 : 16,961,236,075 : 62%
2022-01-20 12:07:27 : 160,500,000 : 0 : 16,971,591,000 : 63%
2022-01-20 12:30:03 : 160,600,000 : 0 : 16,992,169,775 : 63%
2022-01-20 12:51:03 : 160,700,000 : 0 : 17,002,524,700 : 63%
2022-01-20 13:10:57 : 160,800,000 : 0 : 17,013,141,775 : 63%
2022-01-20 13:29:37 : 160,900,000 : 0 : 17,023,496,700 : 63%
2022-01-20 13:47:21 : 161,000,000 : 0 : 17,034,113,775 : 63%
2022-01-20 14:04:22 : 161,100,000 : 0 : 17,044,730,850 : 63%
2022-01-20 14:20:58 : 161,200,000 : 0 : 17,055,216,850 : 63%
2022-01-20 14:36:47 : 161,300,000 : 0 : 17,065,702,850 : 63%
2022-01-20 14:51:59 : 161,400,000 : 0 : 17,076,188,850 : 63%
2022-01-20 15:06:44 : 161,500,000 : 0 : 17,086,674,850 : 63%
2022-01-20 15:21:11 : 161,600,000 : 0 : 17,097,291,925 : 63%
2022-01-20 15:35:32 : 161,700,000 : 0 : 17,107,909,000 : 63%
2022-01-20 15:49:34 : 161,800,000 : 0 : 17,118,526,075 : 63%
2022-01-20 16:03:13 : 161,900,000 : 0 : 17,129,143,150 : 63%
2022-01-20 16:17:06 : 162,000,000 : 0 : 17,139,760,225 : 63%
2022-01-20 16:30:32 : 162,100,000 : 0 : 17,150,508,375 : 63%
2022-01-20 16:44:06 : 162,200,000 : 0 : 17,161,256,525 : 63%
2022-01-20 16:57:21 : 162,300,000 : 0 : 17,171,873,600 : 63%
2022-01-20 17:10:39 : 162,400,000 : 0 : 17,182,490,675 : 63%
2022-01-20 17:23:50 : 162,500,000 : 0 : 17,193,107,750 : 63%
2022-01-20 17:36:52 : 162,600,000 : 0 : 17,203,855,900 : 63%
2022-01-20 17:49:57 : 162,700,000 : 0 : 17,214,472,975 : 63%
2022-01-20 18:02:58 : 162,800,000 : 0 : 17,225,090,050 : 63%
2022-01-20 18:16:10 : 162,900,000 : 0 : 17,246,324,200 : 64%
2022-01-20 18:29:23 : 163,000,000 : 0 : 17,256,941,275 : 64%
2022-01-20 18:42:39 : 163,100,000 : 0 : 17,267,558,350 : 64%
2022-01-20 18:55:51 : 163,200,000 : 0 : 17,278,175,425 : 64%
2022-01-20 19:09:15 : 163,300,000 : 0 : 17,288,661,425 : 64%
2022-01-20 19:22:53 : 163,400,000 : 0 : 17,299,278,500 : 64%
2022-01-20 19:36:31 : 163,500,000 : 0 : 17,309,895,575 : 64%
2022-01-20 19:49:46 : 163,600,000 : 0 : 17,320,381,575 : 64%
2022-01-20 20:03:08 : 163,700,000 : 0 : 17,330,998,650 : 64%
2022-01-20 20:23:52 : 163,800,000 : 0 : 17,341,222,500 : 64%
2022-01-20 20:37:33 : 163,900,000 : 0 : 17,351,577,425 : 64%
2022-01-20 20:50:50 : 164,000,000 : 0 : 17,361,932,350 : 64%
2022-01-20 21:03:57 : 164,100,000 : 0 : 17,372,287,275 : 64%
2022-01-20 21:17:03 : 164,200,000 : 0 : 17,382,773,275 : 64%
2022-01-20 21:29:56 : 164,300,000 : 0 : 17,393,128,200 : 64%
2022-01-20 21:42:50 : 164,400,000 : 0 : 17,403,352,050 : 64%
2022-01-20 21:56:01 : 164,500,000 : 0 : 17,413,838,050 : 64%
2022-01-20 22:09:34 : 164,600,000 : 0 : 17,424,192,975 : 64%
2022-01-20 22:31:50 : 164,700,000 : 0 : 17,432,712,850 : 64%
2022-01-20 22:51:28 : 164,800,000 : 0 : 17,442,674,550 : 64%
2022-01-20 23:06:27 : 164,900,000 : 0 : 17,452,898,400 : 64%
2022-01-20 23:21:12 : 165,000,000 : 0 : 17,463,253,325 : 64%
2022-01-20 23:36:11 : 165,100,000 : 0 : 17,473,608,250 : 64%
2022-01-20 23:51:05 : 165,200,000 : 0 : 17,494,187,025 : 64%
2022-01-21 00:06:05 : 165,300,000 : 0 : 17,504,410,875 : 64%
2022-01-21 00:21:16 : 165,400,000 : 0 : 17,514,765,800 : 65%
2022-01-21 00:36:34 : 165,500,000 : 0 : 17,524,858,575 : 65%
2022-01-21 00:51:57 : 165,600,000 : 0 : 17,535,082,425 : 65%
2022-01-21 01:07:33 : 165,700,000 : 0 : 17,545,175,200 : 65%
2022-01-21 01:23:12 : 165,800,000 : 0 : 17,555,399,050 : 65%
2022-01-21 01:38:48 : 165,900,000 : 0 : 17,565,360,750 : 65%
2022-01-21 01:54:30 : 166,000,000 : 0 : 17,575,453,525 : 65%
2022-01-21 02:10:16 : 166,100,000 : 0 : 17,585,415,225 : 65%
2022-01-21 02:25:57 : 166,200,000 : 0 : 17,595,508,000 : 65%
Decoding error with 134,217,728 bytes, reading another chunk
2022-01-21 02:41:32 : 166,300,000 : 0 : 17,615,431,400 : 65%
2022-01-21 02:57:01 : 166,400,000 : 0 : 17,615,431,400 : 65%
2022-01-21 03:12:54 : 166,500,000 : 0 : 17,625,524,175 : 65%
2022-01-21 03:29:05 : 166,600,000 : 0 : 17,635,616,950 : 65%
2022-01-21 03:45:30 : 166,700,000 : 0 : 17,645,709,725 : 65%
2022-01-21 04:02:14 : 166,800,000 : 0 : 17,655,802,500 : 65%
2022-01-21 04:19:20 : 166,900,000 : 0 : 17,665,895,275 : 65%
2022-01-21 04:36:47 : 167,000,000 : 0 : 17,675,856,975 : 65%
2022-01-21 04:55:02 : 167,100,000 : 0 : 17,685,949,750 : 65%
2022-01-21 05:13:55 : 167,200,000 : 0 : 17,696,042,525 : 65%
2022-01-21 05:33:22 : 167,300,000 : 0 : 17,706,004,225 : 65%
2022-01-21 05:53:17 : 167,400,000 : 0 : 17,715,965,925 : 65%
2022-01-21 06:14:21 : 167,500,000 : 0 : 17,725,927,625 : 65%
2022-01-21 06:36:50 : 167,600,000 : 0 : 17,736,020,400 : 65%
2022-01-21 07:00:42 : 167,700,000 : 0 : 17,746,113,175 : 65%
2022-01-21 07:25:47 : 167,800,000 : 0 : 17,756,337,025 : 65%
2022-01-21 07:51:41 : 167,900,000 : 0 : 17,766,429,800 : 65%
2022-01-21 08:18:24 : 168,000,000 : 0 : 17,776,653,650 : 65%
2022-01-21 08:45:44 : 168,100,000 : 0 : 17,796,839,200 : 66%
2022-01-21 09:13:38 : 168,200,000 : 0 : 17,807,063,050 : 66%
2022-01-21 09:42:27 : 168,300,000 : 0 : 17,817,155,825 : 66%
2022-01-21 10:11:54 : 168,400,000 : 0 : 17,827,379,675 : 66%
2022-01-21 10:40:58 : 168,500,000 : 0 : 17,837,603,525 : 66%
2022-01-21 11:08:46 : 168,600,000 : 0 : 17,847,827,375 : 66%
2022-01-21 11:35:15 : 168,700,000 : 0 : 17,858,051,225 : 66%
2022-01-21 11:59:52 : 168,800,000 : 0 : 17,868,275,075 : 66%
2022-01-21 12:22:53 : 168,900,000 : 0 : 17,878,498,925 : 66%
2022-01-21 12:44:24 : 169,000,000 : 0 : 17,888,853,850 : 66%
2022-01-21 13:04:27 : 169,100,000 : 0 : 17,899,077,700 : 66%
2022-01-21 13:23:17 : 169,200,000 : 0 : 17,909,432,625 : 66%
2022-01-21 13:41:04 : 169,300,000 : 0 : 17,919,787,550 : 66%
2022-01-21 13:57:40 : 169,400,000 : 0 : 17,930,142,475 : 66%
2022-01-21 14:13:57 : 169,500,000 : 0 : 17,940,628,475 : 66%
2022-01-21 14:29:43 : 169,600,000 : 0 : 17,951,114,475 : 66%
2022-01-21 14:44:53 : 169,700,000 : 0 : 17,961,469,400 : 66%
2022-01-21 14:59:27 : 169,800,000 : 0 : 17,971,955,400 : 66%
2022-01-21 15:13:50 : 169,900,000 : 0 : 17,982,441,400 : 66%
2022-01-21 15:27:48 : 170,000,000 : 0 : 17,992,927,400 : 66%
2022-01-21 15:41:36 : 170,100,000 : 0 : 18,003,413,400 : 66%
2022-01-21 15:55:21 : 170,200,000 : 0 : 18,014,030,475 : 66%
2022-01-21 16:09:09 : 170,300,000 : 0 : 18,024,647,550 : 66%
2022-01-21 16:22:46 : 170,400,000 : 0 : 18,035,133,550 : 66%
2022-01-21 16:36:15 : 170,500,000 : 0 : 18,045,750,625 : 66%
2022-01-21 16:49:29 : 170,600,000 : 0 : 18,056,236,625 : 67%
2022-01-21 17:02:42 : 170,700,000 : 0 : 18,077,470,775 : 67%
2022-01-21 17:16:05 : 170,800,000 : 0 : 18,087,956,775 : 67%
2022-01-21 17:29:13 : 170,900,000 : 0 : 18,098,573,850 : 67%
2022-01-21 17:42:30 : 171,000,000 : 0 : 18,109,059,850 : 67%
2022-01-21 17:55:43 : 171,100,000 : 0 : 18,119,676,925 : 67%
2022-01-21 18:09:01 : 171,200,000 : 0 : 18,130,162,925 : 67%
2022-01-21 18:22:20 : 171,300,000 : 0 : 18,140,648,925 : 67%
2022-01-21 18:35:52 : 171,400,000 : 0 : 18,151,266,000 : 67%
2022-01-21 18:50:09 : 171,500,000 : 0 : 18,161,752,000 : 67%
2022-01-21 19:04:11 : 171,600,000 : 0 : 18,172,106,925 : 67%
2022-01-21 19:17:39 : 171,700,000 : 0 : 18,182,592,925 : 67%
2022-01-21 19:31:05 : 171,800,000 : 0 : 18,192,947,850 : 67%
2022-01-21 19:44:19 : 171,900,000 : 0 : 18,203,171,700 : 67%
2022-01-21 19:57:29 : 172,000,000 : 0 : 18,213,526,625 : 67%
2022-01-21 20:11:00 : 172,100,000 : 0 : 18,223,750,475 : 67%
2022-01-21 20:24:24 : 172,200,000 : 0 : 18,233,974,325 : 67%
2022-01-21 20:37:44 : 172,300,000 : 0 : 18,244,198,175 : 67%
2022-01-21 20:51:07 : 172,400,000 : 0 : 18,254,422,025 : 67%
2022-01-21 21:04:30 : 172,500,000 : 0 : 18,264,645,875 : 67%
2022-01-21 21:17:53 : 172,600,000 : 0 : 18,274,869,725 : 67%
2022-01-21 21:31:18 : 172,700,000 : 0 : 18,284,962,500 : 67%
2022-01-21 21:44:45 : 172,800,000 : 0 : 18,295,186,350 : 67%
2022-01-21 21:58:18 : 172,900,000 : 0 : 18,305,279,125 : 67%
2022-01-21 22:12:10 : 173,000,000 : 0 : 18,315,502,975 : 67%
2022-01-21 22:26:06 : 173,100,000 : 0 : 18,325,595,750 : 67%
2022-01-21 22:40:14 : 173,200,000 : 0 : 18,335,688,525 : 68%
2022-01-21 22:54:18 : 173,300,000 : 0 : 18,355,874,075 : 68%
2022-01-21 23:08:43 : 173,400,000 : 0 : 18,365,966,850 : 68%
2022-01-21 23:23:19 : 173,500,000 : 0 : 18,376,190,700 : 68%
2022-01-21 23:38:04 : 173,600,000 : 0 : 18,386,283,475 : 68%
2022-01-21 23:53:01 : 173,700,000 : 0 : 18,396,245,175 : 68%
2022-01-22 00:08:16 : 173,800,000 : 0 : 18,406,337,950 : 68%
2022-01-22 00:23:29 : 173,900,000 : 0 : 18,416,299,650 : 68%
2022-01-22 00:38:50 : 174,000,000 : 0 : 18,426,261,350 : 68%
2022-01-22 00:54:14 : 174,100,000 : 0 : 18,436,223,050 : 68%
2022-01-22 01:09:47 : 174,200,000 : 0 : 18,446,053,675 : 68%
2022-01-22 01:25:16 : 174,300,000 : 0 : 18,455,753,225 : 68%
2022-01-22 01:41:07 : 174,400,000 : 0 : 18,465,583,850 : 68%
2022-01-22 01:56:52 : 174,500,000 : 0 : 18,475,283,400 : 68%
2022-01-22 02:12:50 : 174,600,000 : 0 : 18,484,851,875 : 68%
2022-01-22 02:28:40 : 174,700,000 : 0 : 18,494,551,425 : 68%
2022-01-22 02:44:27 : 174,800,000 : 0 : 18,504,119,900 : 68%
2022-01-22 03:00:16 : 174,900,000 : 0 : 18,513,688,375 : 68%
2022-01-22 03:16:16 : 175,000,000 : 0 : 18,523,256,850 : 68%
2022-01-22 03:32:43 : 175,100,000 : 0 : 18,532,956,400 : 68%
2022-01-22 03:49:09 : 175,200,000 : 0 : 18,542,524,875 : 68%
2022-01-22 04:05:55 : 175,300,000 : 0 : 18,552,224,425 : 68%
2022-01-22 04:23:26 : 175,400,000 : 0 : 18,561,923,975 : 68%
2022-01-22 04:41:29 : 175,500,000 : 0 : 18,571,623,525 : 68%
2022-01-22 05:00:19 : 175,600,000 : 0 : 18,581,192,000 : 68%
2022-01-22 05:19:35 : 175,700,000 : 0 : 18,590,760,475 : 68%
2022-01-22 05:39:17 : 175,800,000 : 0 : 18,600,328,950 : 69%
2022-01-22 05:59:50 : 175,900,000 : 0 : 18,609,897,425 : 69%
2022-01-22 06:21:34 : 176,000,000 : 0 : 18,619,596,975 : 69%
2022-01-22 06:44:04 : 176,100,000 : 0 : 18,629,165,450 : 69%
2022-01-22 07:07:50 : 176,200,000 : 0 : 18,638,733,925 : 69%
2022-01-22 07:32:25 : 176,300,000 : 0 : 18,648,171,325 : 69%
2022-01-22 07:57:38 : 176,400,000 : 0 : 18,657,739,800 : 69%
2022-01-22 08:23:07 : 176,500,000 : 0 : 18,667,308,275 : 69%
2022-01-22 08:49:31 : 176,600,000 : 0 : 18,677,007,825 : 69%
2022-01-22 09:16:29 : 176,700,000 : 0 : 18,686,576,300 : 69%
2022-01-22 09:43:46 : 176,800,000 : 0 : 18,696,144,775 : 69%
2022-01-22 10:11:18 : 176,900,000 : 0 : 18,705,844,325 : 69%
2022-01-22 10:38:49 : 177,000,000 : 0 : 18,715,412,800 : 69%
2022-01-22 11:05:58 : 177,100,000 : 0 : 18,724,981,275 : 69%
2022-01-22 11:32:21 : 177,200,000 : 0 : 18,734,418,675 : 69%
2022-01-22 11:58:12 : 177,300,000 : 0 : 18,744,118,225 : 69%
2022-01-22 12:23:55 : 177,400,000 : 0 : 18,753,948,850 : 69%
2022-01-22 12:47:54 : 177,500,000 : 0 : 18,773,610,100 : 69%
2022-01-22 13:10:10 : 177,600,000 : 0 : 18,783,571,800 : 69%
2022-01-22 13:31:20 : 177,700,000 : 0 : 18,793,533,500 : 69%
2022-01-22 13:51:01 : 177,800,000 : 0 : 18,803,495,200 : 69%
2022-01-22 14:09:50 : 177,900,000 : 0 : 18,813,719,050 : 69%
2022-01-22 14:28:00 : 178,000,000 : 0 : 18,823,811,825 : 69%
2022-01-22 14:45:22 : 178,100,000 : 0 : 18,833,904,600 : 69%
2022-01-22 15:02:06 : 178,200,000 : 0 : 18,844,128,450 : 69%
2022-01-22 15:18:26 : 178,300,000 : 0 : 18,854,221,225 : 69%
2022-01-22 15:34:13 : 178,400,000 : 0 : 18,864,445,075 : 69%
2022-01-22 15:49:28 : 178,500,000 : 0 : 18,874,668,925 : 70%
2022-01-22 16:04:33 : 178,600,000 : 0 : 18,885,023,850 : 70%
2022-01-22 16:19:33 : 178,700,000 : 0 : 18,895,247,700 : 70%
2022-01-22 16:34:14 : 178,800,000 : 0 : 18,905,471,550 : 70%
2022-01-22 16:48:43 : 178,900,000 : 0 : 18,915,695,400 : 70%
2022-01-22 17:02:41 : 179,000,000 : 0 : 18,926,050,325 : 70%
2022-01-22 17:16:44 : 179,100,000 : 0 : 18,936,274,175 : 70%
2022-01-22 17:30:44 : 179,200,000 : 0 : 18,946,498,025 : 70%
2022-01-22 17:44:55 : 179,300,000 : 0 : 18,956,852,950 : 70%
2022-01-22 17:59:16 : 179,400,000 : 0 : 18,967,076,800 : 70%
2022-01-22 18:13:12 : 179,500,000 : 0 : 18,977,300,650 : 70%
2022-01-22 18:27:27 : 179,600,000 : 0 : 18,987,524,500 : 70%
2022-01-22 18:41:31 : 179,700,000 : 0 : 18,997,748,350 : 70%
2022-01-22 18:55:40 : 179,800,000 : 0 : 19,007,841,125 : 70%
2022-01-22 19:09:56 : 179,900,000 : 0 : 19,018,064,975 : 70%
2022-01-22 19:24:23 : 180,000,000 : 0 : 19,028,157,750 : 70%
2022-01-22 19:39:03 : 180,100,000 : 0 : 19,038,512,675 : 70%
2022-01-22 19:53:53 : 180,200,000 : 0 : 19,048,736,525 : 70%
2022-01-22 20:08:54 : 180,300,000 : 0 : 19,069,184,225 : 70%
2022-01-22 20:23:59 : 180,400,000 : 0 : 19,079,408,075 : 70%
2022-01-22 20:38:57 : 180,500,000 : 0 : 19,089,500,850 : 70%
2022-01-22 20:53:55 : 180,600,000 : 0 : 19,099,593,625 : 70%
2022-01-22 21:08:48 : 180,700,000 : 0 : 19,109,555,325 : 70%
2022-01-22 21:23:39 : 180,800,000 : 0 : 19,119,648,100 : 70%
2022-01-22 21:38:31 : 180,900,000 : 0 : 19,129,609,800 : 70%
2022-01-22 21:53:13 : 181,000,000 : 0 : 19,139,571,500 : 70%
2022-01-22 22:08:01 : 181,100,000 : 0 : 19,149,402,125 : 71%
2022-01-22 22:22:46 : 181,200,000 : 0 : 19,159,363,825 : 71%
2022-01-22 22:37:31 : 181,300,000 : 0 : 19,169,325,525 : 71%
2022-01-22 22:52:26 : 181,400,000 : 0 : 19,179,287,225 : 71%
2022-01-22 23:07:35 : 181,500,000 : 0 : 19,189,380,000 : 71%
2022-01-22 23:22:56 : 181,600,000 : 0 : 19,199,341,700 : 71%
2022-01-22 23:37:46 : 181,700,000 : 0 : 19,209,172,325 : 71%
2022-01-22 23:52:31 : 181,800,000 : 0 : 19,218,871,875 : 71%
2022-01-23 00:07:14 : 181,900,000 : 0 : 19,228,702,500 : 71%
2022-01-23 00:22:01 : 182,000,000 : 0 : 19,238,533,125 : 71%
2022-01-23 00:36:20 : 182,100,000 : 0 : 19,248,101,600 : 71%
2022-01-23 00:51:31 : 182,200,000 : 0 : 19,257,932,225 : 71%
2022-01-23 01:07:21 : 182,300,000 : 0 : 19,267,893,925 : 71%
2022-01-23 01:23:19 : 182,400,000 : 0 : 19,277,724,550 : 71%
2022-01-23 01:38:50 : 182,500,000 : 0 : 19,287,424,100 : 71%
2022-01-23 01:54:18 : 182,600,000 : 0 : 19,297,123,650 : 71%
2022-01-23 02:09:49 : 182,700,000 : 0 : 19,306,823,200 : 71%
2022-01-23 02:25:37 : 182,800,000 : 0 : 19,316,391,675 : 71%
2022-01-23 02:41:01 : 182,900,000 : 0 : 19,325,960,150 : 71%
2022-01-23 02:57:07 : 183,000,000 : 0 : 19,335,528,625 : 71%
2022-01-23 03:13:11 : 183,100,000 : 0 : 19,345,228,175 : 71%
2022-01-23 03:29:40 : 183,200,000 : 0 : 19,364,365,125 : 71%
2022-01-23 03:45:26 : 183,300,000 : 0 : 19,373,671,450 : 71%
2022-01-23 04:00:47 : 183,400,000 : 0 : 19,382,584,550 : 71%
2022-01-23 04:15:36 : 183,500,000 : 0 : 19,392,021,950 : 71%
2022-01-23 04:31:25 : 183,600,000 : 0 : 19,401,590,425 : 71%
2022-01-23 04:48:33 : 183,700,000 : 0 : 19,411,158,900 : 71%
2022-01-23 05:06:33 : 183,800,000 : 0 : 19,420,596,300 : 72%
2022-01-23 05:24:10 : 183,900,000 : 0 : 19,430,295,850 : 72%
2022-01-23 05:43:24 : 184,000,000 : 0 : 19,439,864,325 : 72%
2022-01-23 06:03:33 : 184,100,000 : 0 : 19,449,432,800 : 72%
2022-01-23 06:23:39 : 184,200,000 : 0 : 19,459,132,350 : 72%
2022-01-23 06:46:08 : 184,300,000 : 0 : 19,468,962,975 : 72%
2022-01-23 07:10:10 : 184,400,000 : 0 : 19,478,793,600 : 72%
2022-01-23 07:35:34 : 184,500,000 : 0 : 19,488,755,300 : 72%
2022-01-23 08:02:12 : 184,600,000 : 0 : 19,498,717,000 : 72%
2022-01-23 08:29:31 : 184,700,000 : 0 : 19,508,678,700 : 72%
2022-01-23 08:57:32 : 184,800,000 : 0 : 19,518,771,475 : 72%
2022-01-23 09:26:08 : 184,900,000 : 0 : 19,528,733,175 : 72%
2022-01-23 09:55:03 : 185,000,000 : 0 : 19,538,694,875 : 72%
2022-01-23 10:23:54 : 185,100,000 : 0 : 19,548,525,500 : 72%
2022-01-23 10:52:47 : 185,200,000 : 0 : 19,558,487,200 : 72%
2022-01-23 11:20:57 : 185,300,000 : 0 : 19,568,448,900 : 72%
2022-01-23 11:48:55 : 185,400,000 : 0 : 19,578,279,525 : 72%
2022-01-23 12:16:16 : 185,500,000 : 0 : 19,588,241,225 : 72%
2022-01-23 12:41:36 : 185,600,000 : 0 : 19,598,202,925 : 72%
2022-01-23 13:05:23 : 185,700,000 : 0 : 19,608,295,700 : 72%
2022-01-23 13:27:04 : 185,800,000 : 0 : 19,618,388,475 : 72%
2022-01-23 13:47:19 : 185,900,000 : 0 : 19,628,481,250 : 72%
2022-01-23 14:06:30 : 186,000,000 : 0 : 19,638,574,025 : 72%
2022-01-23 14:25:05 : 186,100,000 : 0 : 19,648,797,875 : 72%
2022-01-23 14:42:43 : 186,200,000 : 0 : 19,658,890,650 : 72%
2022-01-23 14:59:24 : 186,300,000 : 0 : 19,679,207,275 : 72%
2022-01-23 15:15:29 : 186,400,000 : 0 : 19,689,300,050 : 73%
2022-01-23 15:31:06 : 186,500,000 : 0 : 19,699,523,900 : 73%
2022-01-23 15:45:58 : 186,600,000 : 0 : 19,709,747,750 : 73%
2022-01-23 16:00:23 : 186,700,000 : 0 : 19,720,102,675 : 73%
2022-01-23 16:14:56 : 186,800,000 : 0 : 19,730,457,600 : 73%
2022-01-23 16:29:20 : 186,900,000 : 0 : 19,740,943,600 : 73%
2022-01-23 16:43:26 : 187,000,000 : 0 : 19,751,167,450 : 73%
2022-01-23 16:57:23 : 187,100,000 : 0 : 19,761,522,375 : 73%
2022-01-23 17:11:26 : 187,200,000 : 0 : 19,771,746,225 : 73%
2022-01-23 17:25:02 : 187,300,000 : 0 : 19,782,232,225 : 73%
2022-01-23 17:38:55 : 187,400,000 : 0 : 19,792,587,150 : 73%
2022-01-23 17:52:38 : 187,500,000 : 0 : 19,802,811,000 : 73%
2022-01-23 18:06:33 : 187,600,000 : 0 : 19,813,165,925 : 73%
2022-01-23 18:20:14 : 187,700,000 : 0 : 19,823,520,850 : 73%
2022-01-23 18:34:04 : 187,800,000 : 0 : 19,833,744,700 : 73%
2022-01-23 18:48:14 : 187,900,000 : 0 : 19,844,230,700 : 73%
2022-01-23 19:02:18 : 188,000,000 : 0 : 19,854,585,625 : 73%
2022-01-23 19:16:27 : 188,100,000 : 0 : 19,864,940,550 : 73%
2022-01-23 19:30:42 : 188,200,000 : 0 : 19,875,426,550 : 73%
2022-01-23 19:45:01 : 188,300,000 : 0 : 19,885,781,475 : 73%
2022-01-23 19:59:10 : 188,400,000 : 0 : 19,896,136,400 : 73%
2022-01-23 20:13:20 : 188,500,000 : 0 : 19,906,360,250 : 73%
2022-01-23 20:27:24 : 188,600,000 : 0 : 19,926,676,875 : 73%
2022-01-23 20:41:07 : 188,700,000 : 0 : 19,936,769,650 : 73%
2022-01-23 20:54:36 : 188,800,000 : 0 : 19,946,862,425 : 73%
2022-01-23 21:08:12 : 188,900,000 : 0 : 19,956,955,200 : 74%
2022-01-23 21:22:05 : 189,000,000 : 0 : 19,966,916,900 : 74%
2022-01-23 21:35:30 : 189,100,000 : 0 : 19,977,140,750 : 74%
2022-01-23 21:49:33 : 189,200,000 : 0 : 19,987,233,525 : 74%
2022-01-23 22:03:41 : 189,300,000 : 0 : 19,997,457,375 : 74%
2022-01-23 22:17:41 : 189,400,000 : 0 : 20,007,419,075 : 74%
2022-01-23 22:31:40 : 189,500,000 : 0 : 20,017,249,700 : 74%
2022-01-23 22:44:56 : 189,600,000 : 0 : 20,027,211,400 : 74%
2022-01-23 22:58:52 : 189,700,000 : 0 : 20,037,042,025 : 74%
2022-01-23 23:12:16 : 189,800,000 : 0 : 20,046,610,500 : 74%
2022-01-23 23:25:33 : 189,900,000 : 0 : 20,055,916,825 : 74%
2022-01-23 23:39:33 : 190,000,000 : 0 : 20,065,878,525 : 74%
2022-01-23 23:54:20 : 190,100,000 : 0 : 20,075,971,300 : 74%
2022-01-24 00:09:15 : 190,200,000 : 0 : 20,085,933,000 : 74%
2022-01-24 00:24:12 : 190,300,000 : 0 : 20,095,894,700 : 74%
2022-01-24 00:39:07 : 190,400,000 : 0 : 20,105,987,475 : 74%
2022-01-24 00:53:57 : 190,500,000 : 0 : 20,115,949,175 : 74%
2022-01-24 01:09:14 : 190,600,000 : 0 : 20,126,041,950 : 74%
2022-01-24 01:24:41 : 190,700,000 : 0 : 20,136,003,650 : 74%
2022-01-24 01:39:35 : 190,800,000 : 0 : 20,145,834,275 : 74%
2022-01-24 01:54:21 : 190,900,000 : 0 : 20,155,664,900 : 74%
2022-01-24 02:09:23 : 191,000,000 : 0 : 20,165,364,450 : 74%
2022-01-24 02:24:32 : 191,100,000 : 0 : 20,175,195,075 : 74%
2022-01-24 02:39:03 : 191,200,000 : 0 : 20,193,545,575 : 74%
2022-01-24 02:52:50 : 191,300,000 : 0 : 20,202,720,825 : 74%
2022-01-24 03:06:13 : 191,400,000 : 0 : 20,212,420,375 : 74%
2022-01-24 03:21:01 : 191,500,000 : 0 : 20,222,382,075 : 74%
2022-01-24 03:36:39 : 191,600,000 : 0 : 20,232,212,700 : 75%
2022-01-24 03:52:35 : 191,700,000 : 0 : 20,242,305,475 : 75%
2022-01-24 04:09:21 : 191,800,000 : 0 : 20,252,267,175 : 75%
2022-01-24 04:26:47 : 191,900,000 : 0 : 20,262,359,950 : 75%
2022-01-24 04:45:01 : 192,000,000 : 0 : 20,272,452,725 : 75%
2022-01-24 05:04:12 : 192,100,000 : 0 : 20,282,545,500 : 75%
2022-01-24 05:24:24 : 192,200,000 : 0 : 20,292,638,275 : 75%
2022-01-24 05:45:06 : 192,300,000 : 0 : 20,302,599,975 : 75%
2022-01-24 06:06:43 : 192,400,000 : 0 : 20,312,823,825 : 75%
2022-01-24 06:29:48 : 192,500,000 : 0 : 20,322,916,600 : 75%
2022-01-24 06:53:48 : 192,600,000 : 0 : 20,333,140,450 : 75%
2022-01-24 07:19:20 : 192,700,000 : 0 : 20,343,102,150 : 75%
2022-01-24 07:45:34 : 192,800,000 : 0 : 20,353,326,000 : 75%
2022-01-24 08:12:53 : 192,900,000 : 0 : 20,363,418,775 : 75%
2022-01-24 08:41:29 : 193,000,000 : 0 : 20,373,642,625 : 75%
2022-01-24 09:10:47 : 193,100,000 : 0 : 20,383,735,400 : 75%
2022-01-24 09:40:54 : 193,200,000 : 0 : 20,394,090,325 : 75%
2022-01-24 10:11:21 : 193,300,000 : 0 : 20,404,314,175 : 75%
2022-01-24 10:40:42 : 193,400,000 : 0 : 20,414,538,025 : 75%
2022-01-24 11:09:06 : 193,500,000 : 0 : 20,424,761,875 : 75%
2022-01-24 11:36:12 : 193,600,000 : 0 : 20,434,985,725 : 75%
2022-01-24 12:01:38 : 193,700,000 : 0 : 20,445,340,650 : 75%
2022-01-24 12:25:24 : 193,800,000 : 0 : 20,455,695,575 : 75%
2022-01-24 12:47:32 : 193,900,000 : 0 : 20,466,050,500 : 75%
2022-01-24 13:08:07 : 194,000,000 : 0 : 20,486,629,275 : 75%
2022-01-24 13:27:35 : 194,100,000 : 0 : 20,496,984,200 : 75%
2022-01-24 13:46:01 : 194,200,000 : 0 : 20,507,470,200 : 76%
2022-01-24 14:03:44 : 194,300,000 : 0 : 20,517,956,200 : 76%
2022-01-24 14:20:47 : 194,400,000 : 0 : 20,528,311,125 : 76%
2022-01-24 14:37:07 : 194,500,000 : 0 : 20,538,797,125 : 76%
2022-01-24 14:52:49 : 194,600,000 : 0 : 20,549,283,125 : 76%
2022-01-24 15:08:24 : 194,700,000 : 0 : 20,559,769,125 : 76%
2022-01-24 15:23:20 : 194,800,000 : 0 : 20,570,255,125 : 76%
2022-01-24 15:37:49 : 194,900,000 : 0 : 20,580,741,125 : 76%
2022-01-24 15:51:58 : 195,000,000 : 0 : 20,591,358,200 : 76%
2022-01-24 16:05:57 : 195,100,000 : 0 : 20,601,844,200 : 76%
2022-01-24 16:20:01 : 195,200,000 : 0 : 20,612,461,275 : 76%
2022-01-24 16:33:52 : 195,300,000 : 0 : 20,623,078,350 : 76%
2022-01-24 16:47:31 : 195,400,000 : 0 : 20,633,695,425 : 76%
2022-01-24 17:00:49 : 195,500,000 : 0 : 20,644,181,425 : 76%
2022-01-24 17:14:17 : 195,600,000 : 0 : 20,654,798,500 : 76%
2022-01-24 17:27:33 : 195,700,000 : 0 : 20,665,284,500 : 76%
2022-01-24 17:40:43 : 195,800,000 : 0 : 20,675,770,500 : 76%
2022-01-24 17:53:52 : 195,900,000 : 0 : 20,686,387,575 : 76%
2022-01-24 18:07:11 : 196,000,000 : 0 : 20,697,004,650 : 76%
2022-01-24 18:20:38 : 196,100,000 : 0 : 20,707,621,725 : 76%
2022-01-24 18:34:00 : 196,200,000 : 0 : 20,718,238,800 : 76%
2022-01-24 18:47:26 : 196,300,000 : 0 : 20,739,472,950 : 76%
2022-01-24 19:00:50 : 196,400,000 : 0 : 20,750,090,025 : 76%
2022-01-24 19:14:24 : 196,500,000 : 0 : 20,760,576,025 : 76%
2022-01-24 19:28:02 : 196,600,000 : 0 : 20,771,193,100 : 77%
2022-01-24 19:41:50 : 196,700,000 : 0 : 20,781,679,100 : 77%
2022-01-24 19:55:36 : 196,800,000 : 0 : 20,792,296,175 : 77%
2022-01-24 20:09:34 : 196,900,000 : 0 : 20,802,913,250 : 77%
2022-01-24 20:23:27 : 197,000,000 : 0 : 20,813,399,250 : 77%
2022-01-24 20:37:23 : 197,100,000 : 0 : 20,824,016,325 : 77%
2022-01-24 20:51:03 : 197,200,000 : 0 : 20,834,502,325 : 77%
2022-01-24 21:04:37 : 197,300,000 : 0 : 20,844,988,325 : 77%
2022-01-24 21:18:17 : 197,400,000 : 0 : 20,855,474,325 : 77%
2022-01-24 21:31:54 : 197,500,000 : 0 : 20,865,829,250 : 77%
2022-01-24 21:45:23 : 197,600,000 : 0 : 20,876,315,250 : 77%
2022-01-24 21:59:06 : 197,700,000 : 0 : 20,886,801,250 : 77%
2022-01-24 22:13:03 : 197,800,000 : 0 : 20,897,287,250 : 77%
2022-01-24 22:27:03 : 197,900,000 : 0 : 20,907,773,250 : 77%
2022-01-24 22:41:11 : 198,000,000 : 0 : 20,918,128,175 : 77%
2022-01-24 22:55:32 : 198,100,000 : 0 : 20,928,614,175 : 77%
2022-01-24 23:10:09 : 198,200,000 : 0 : 20,949,455,100 : 77%
2022-01-24 23:24:45 : 198,300,000 : 0 : 20,959,810,025 : 77%
2022-01-24 23:40:42 : 198,400,000 : 0 : 20,969,509,575 : 77%
2022-01-25 00:42:47 : 198,500,000 : 0 : 20,979,602,350 : 77%
2022-01-25 00:59:39 : 198,600,000 : 0 : 20,989,695,125 : 77%
2022-01-25 01:15:37 : 198,700,000 : 0 : 20,999,918,975 : 77%
2022-01-25 01:31:09 : 198,800,000 : 0 : 21,010,011,750 : 77%
2022-01-25 01:46:39 : 198,900,000 : 0 : 21,020,104,525 : 77%
2022-01-25 02:02:02 : 199,000,000 : 0 : 21,030,197,300 : 77%
2022-01-25 02:17:27 : 199,100,000 : 0 : 21,040,290,075 : 77%
2022-01-25 02:32:59 : 199,200,000 : 0 : 21,050,382,850 : 78%
2022-01-25 02:48:39 : 199,300,000 : 0 : 21,060,475,625 : 78%
2022-01-25 03:04:40 : 199,400,000 : 0 : 21,070,568,400 : 78%
2022-01-25 03:21:23 : 199,500,000 : 0 : 21,080,661,175 : 78%
2022-01-25 03:38:23 : 199,600,000 : 0 : 21,090,753,950 : 78%
2022-01-25 03:55:58 : 199,700,000 : 0 : 21,100,846,725 : 78%
2022-01-25 04:14:13 : 199,800,000 : 0 : 21,110,939,500 : 78%
2022-01-25 04:32:39 : 199,900,000 : 0 : 21,121,032,275 : 78%
2022-01-25 04:51:13 : 200,000,000 : 0 : 21,131,125,050 : 78%
2022-01-25 05:10:40 : 200,100,000 : 0 : 21,141,217,825 : 78%
2022-01-25 05:30:49 : 200,200,000 : 0 : 21,151,310,600 : 78%
2022-01-25 05:51:51 : 200,300,000 : 0 : 21,161,403,375 : 78%
2022-01-25 06:13:46 : 200,400,000 : 0 : 21,171,627,225 : 78%
2022-01-25 06:36:38 : 200,500,000 : 0 : 21,181,720,000 : 78%
2022-01-25 07:00:53 : 200,600,000 : 0 : 21,191,812,775 : 78%
2022-01-25 07:26:12 : 200,700,000 : 0 : 21,211,998,325 : 78%
2022-01-25 07:52:17 : 200,800,000 : 0 : 21,222,222,175 : 78%
2022-01-25 08:19:42 : 200,900,000 : 0 : 21,232,446,025 : 78%
2022-01-25 08:48:44 : 201,000,000 : 0 : 21,242,669,875 : 78%
2022-01-25 09:18:17 : 201,100,000 : 0 : 21,252,893,725 : 78%
2022-01-25 09:47:54 : 201,200,000 : 0 : 21,262,986,500 : 78%
2022-01-25 10:17:11 : 201,300,000 : 0 : 21,273,079,275 : 78%
2022-01-25 10:46:22 : 201,400,000 : 0 : 21,283,303,125 : 78%
2022-01-25 11:14:17 : 201,500,000 : 0 : 21,293,658,050 : 78%
2022-01-25 11:40:39 : 201,600,000 : 0 : 21,303,881,900 : 78%
2022-01-25 12:05:21 : 201,700,000 : 0 : 21,314,236,825 : 79%
2022-01-25 12:27:59 : 201,800,000 : 0 : 21,324,591,750 : 79%
2022-01-25 12:49:18 : 201,900,000 : 0 : 21,334,946,675 : 79%
2022-01-25 13:09:14 : 202,000,000 : 0 : 21,345,432,675 : 79%
2022-01-25 13:27:57 : 202,100,000 : 0 : 21,355,787,600 : 79%
2022-01-25 13:45:56 : 202,200,000 : 0 : 21,366,273,600 : 79%
2022-01-25 14:02:51 : 202,300,000 : 0 : 21,376,759,600 : 79%
2022-01-25 14:19:26 : 202,400,000 : 0 : 21,387,376,675 : 79%
2022-01-25 14:35:26 : 202,500,000 : 0 : 21,397,862,675 : 79%
2022-01-25 14:50:47 : 202,600,000 : 0 : 21,408,479,750 : 79%
2022-01-25 15:05:51 : 202,700,000 : 0 : 21,419,096,825 : 79%
2022-01-25 15:20:28 : 202,800,000 : 0 : 21,429,713,900 : 79%
2022-01-25 15:34:40 : 202,900,000 : 0 : 21,440,199,900 : 79%
2022-01-25 15:48:34 : 203,000,000 : 0 : 21,450,816,975 : 79%
2022-01-25 16:02:17 : 203,100,000 : 0 : 21,461,302,975 : 79%
2022-01-25 16:16:04 : 203,200,000 : 0 : 21,471,920,050 : 79%
2022-01-25 16:29:50 : 203,300,000 : 0 : 21,493,154,200 : 79%
2022-01-25 16:43:34 : 203,400,000 : 0 : 21,503,902,350 : 79%
2022-01-25 16:57:03 : 203,500,000 : 0 : 21,514,519,425 : 79%
2022-01-25 17:10:28 : 203,600,000 : 0 : 21,525,136,500 : 79%
2022-01-25 17:23:50 : 203,700,000 : 0 : 21,535,753,575 : 79%
2022-01-25 17:37:00 : 203,800,000 : 0 : 21,546,370,650 : 79%
2022-01-25 17:50:07 : 203,900,000 : 0 : 21,556,987,725 : 79%
2022-01-25 18:03:20 : 204,000,000 : 0 : 21,567,473,725 : 79%
2022-01-25 18:16:40 : 204,100,000 : 0 : 21,577,959,725 : 79%
2022-01-25 18:29:53 : 204,200,000 : 0 : 21,588,707,875 : 80%
2022-01-25 18:43:37 : 204,300,000 : 0 : 21,599,324,950 : 80%
2022-01-25 18:57:07 : 204,400,000 : 0 : 21,609,942,025 : 80%
2022-01-25 19:10:59 : 204,500,000 : 0 : 21,620,428,025 : 80%
2022-01-25 19:24:41 : 204,600,000 : 0 : 21,631,045,100 : 80%
2022-01-25 19:38:18 : 204,700,000 : 0 : 21,641,531,100 : 80%
2022-01-25 19:51:45 : 204,800,000 : 0 : 21,652,148,175 : 80%
2022-01-25 20:05:13 : 204,900,000 : 0 : 21,662,634,175 : 80%
2022-01-25 20:18:43 : 205,000,000 : 0 : 21,673,120,175 : 80%
2022-01-25 20:32:14 : 205,100,000 : 0 : 21,683,606,175 : 80%
2022-01-25 20:45:42 : 205,200,000 : 0 : 21,694,092,175 : 80%
2022-01-25 20:59:11 : 205,300,000 : 0 : 21,704,578,175 : 80%
2022-01-25 21:12:42 : 205,400,000 : 0 : 21,725,550,175 : 80%
2022-01-25 21:26:16 : 205,500,000 : 0 : 21,736,036,175 : 80%
2022-01-25 21:39:57 : 205,600,000 : 0 : 21,746,653,250 : 80%
2022-01-25 21:54:11 : 205,700,000 : 0 : 21,757,008,175 : 80%
2022-01-25 22:08:35 : 205,800,000 : 0 : 21,767,363,100 : 80%
2022-01-25 22:23:28 : 205,900,000 : 0 : 21,777,718,025 : 80%
2022-01-25 22:37:53 : 206,000,000 : 0 : 21,788,204,025 : 80%
2022-01-25 22:52:01 : 206,100,000 : 0 : 21,798,558,950 : 80%
2022-01-25 23:06:12 : 206,200,000 : 0 : 21,808,913,875 : 80%
2022-01-25 23:20:37 : 206,300,000 : 0 : 21,819,268,800 : 80%
2022-01-25 23:35:09 : 206,400,000 : 0 : 21,829,754,800 : 80%
2022-01-25 23:50:00 : 206,500,000 : 0 : 21,840,109,725 : 80%
2022-01-26 00:05:05 : 206,600,000 : 0 : 21,850,464,650 : 80%
2022-01-26 00:20:06 : 206,700,000 : 0 : 21,860,819,575 : 81%
2022-01-26 00:35:10 : 206,800,000 : 0 : 21,871,043,425 : 81%
2022-01-26 00:50:12 : 206,900,000 : 0 : 21,881,267,275 : 81%
2022-01-26 01:05:05 : 207,000,000 : 0 : 21,891,360,050 : 81%
2022-01-26 01:20:14 : 207,100,000 : 0 : 21,901,452,825 : 81%
2022-01-26 01:35:26 : 207,200,000 : 0 : 21,911,545,600 : 81%
2022-01-26 01:50:52 : 207,300,000 : 0 : 21,921,638,375 : 81%
2022-01-26 02:06:08 : 207,400,000 : 0 : 21,931,731,150 : 81%
2022-01-26 02:21:16 : 207,500,000 : 0 : 21,941,692,850 : 81%
2022-01-26 02:36:36 : 207,600,000 : 0 : 21,951,785,625 : 81%
2022-01-26 02:51:51 : 207,700,000 : 0 : 21,961,747,325 : 81%
2022-01-26 03:07:30 : 207,800,000 : 0 : 21,981,801,800 : 81%
2022-01-26 03:23:25 : 207,900,000 : 0 : 21,991,894,575 : 81%
2022-01-26 03:39:26 : 208,000,000 : 0 : 22,001,987,350 : 81%
2022-01-26 03:55:52 : 208,100,000 : 0 : 22,012,080,125 : 81%
2022-01-26 04:12:59 : 208,200,000 : 0 : 22,022,041,825 : 81%
2022-01-26 04:30:25 : 208,300,000 : 0 : 22,032,134,600 : 81%
2022-01-26 04:48:46 : 208,400,000 : 0 : 22,042,227,375 : 81%
2022-01-26 05:07:33 : 208,500,000 : 0 : 22,052,189,075 : 81%
2022-01-26 05:27:12 : 208,600,000 : 0 : 22,062,281,850 : 81%
2022-01-26 05:47:46 : 208,700,000 : 0 : 22,072,243,550 : 81%
2022-01-26 06:09:21 : 208,800,000 : 0 : 22,082,336,325 : 81%
2022-01-26 06:32:23 : 208,900,000 : 0 : 22,092,560,175 : 81%
2022-01-26 06:56:33 : 209,000,000 : 0 : 22,102,652,950 : 81%
2022-01-26 07:22:12 : 209,100,000 : 0 : 22,112,745,725 : 81%
2022-01-26 07:48:46 : 209,200,000 : 0 : 22,122,969,575 : 81%
2022-01-26 08:15:59 : 209,300,000 : 0 : 22,133,062,350 : 82%
2022-01-26 08:44:57 : 209,400,000 : 0 : 22,143,286,200 : 82%
2022-01-26 09:14:00 : 209,500,000 : 0 : 22,153,510,050 : 82%
2022-01-26 09:43:55 : 209,600,000 : 0 : 22,163,733,900 : 82%
2022-01-26 10:13:26 : 209,700,000 : 0 : 22,173,957,750 : 82%
2022-01-26 10:42:22 : 209,800,000 : 0 : 22,184,050,525 : 82%
2022-01-26 11:10:12 : 209,900,000 : 0 : 22,194,405,450 : 82%
2022-01-26 11:36:24 : 210,000,000 : 0 : 22,204,629,300 : 82%
2022-01-26 12:00:46 : 210,100,000 : 0 : 22,214,853,150 : 82%
2022-01-26 12:23:31 : 210,200,000 : 0 : 22,225,077,000 : 82%
2022-01-26 12:44:28 : 210,300,000 : 0 : 22,235,431,925 : 82%
2022-01-26 13:04:09 : 210,400,000 : 0 : 22,245,917,925 : 82%
2022-01-26 13:22:59 : 210,500,000 : 0 : 22,266,758,850 : 82%
2022-01-26 13:40:46 : 210,600,000 : 0 : 22,277,244,850 : 82%
2022-01-26 13:57:39 : 210,700,000 : 0 : 22,287,861,925 : 82%
2022-01-26 14:14:00 : 210,800,000 : 0 : 22,298,479,000 : 82%
2022-01-26 14:29:38 : 210,900,000 : 0 : 22,309,096,075 : 82%
2022-01-26 14:44:57 : 211,000,000 : 0 : 22,319,713,150 : 82%
2022-01-26 14:59:43 : 211,100,000 : 0 : 22,330,330,225 : 82%
2022-01-26 15:14:07 : 211,200,000 : 0 : 22,340,816,225 : 82%
2022-01-26 15:28:13 : 211,300,000 : 0 : 22,351,433,300 : 82%
2022-01-26 15:41:57 : 211,400,000 : 0 : 22,362,050,375 : 82%
2022-01-26 15:55:25 : 211,500,000 : 0 : 22,372,798,525 : 82%
2022-01-26 16:08:57 : 211,600,000 : 0 : 22,383,415,600 : 82%
2022-01-26 16:22:14 : 211,700,000 : 0 : 22,394,032,675 : 82%
2022-01-26 16:35:18 : 211,800,000 : 0 : 22,404,649,750 : 83%
2022-01-26 16:48:04 : 211,900,000 : 0 : 22,415,135,750 : 83%
2022-01-26 17:00:52 : 212,000,000 : 0 : 22,425,752,825 : 83%
2022-01-26 17:13:40 : 212,100,000 : 0 : 22,436,369,900 : 83%
2022-01-26 17:26:18 : 212,200,000 : 0 : 22,446,855,900 : 83%
2022-01-26 17:38:58 : 212,300,000 : 0 : 22,457,341,900 : 83%
2022-01-26 17:51:29 : 212,400,000 : 0 : 22,467,958,975 : 83%
2022-01-26 18:04:09 : 212,500,000 : 0 : 22,478,576,050 : 83%
2022-01-26 18:17:02 : 212,600,000 : 0 : 22,489,193,125 : 83%
2022-01-26 18:29:57 : 212,700,000 : 0 : 22,510,296,200 : 83%
2022-01-26 18:42:52 : 212,800,000 : 0 : 22,520,913,275 : 83%
2022-01-26 18:55:41 : 212,900,000 : 0 : 22,531,399,275 : 83%
2022-01-26 19:08:33 : 213,000,000 : 0 : 22,541,754,200 : 83%
2022-01-26 19:21:24 : 213,100,000 : 0 : 22,552,371,275 : 83%
2022-01-26 19:34:20 : 213,200,000 : 0 : 22,562,857,275 : 83%
2022-01-26 19:47:18 : 213,300,000 : 0 : 22,573,212,200 : 83%
2022-01-26 20:00:02 : 213,400,000 : 0 : 22,583,698,200 : 83%
2022-01-26 20:12:49 : 213,500,000 : 0 : 22,594,184,200 : 83%
2022-01-26 20:25:38 : 213,600,000 : 0 : 22,604,670,200 : 83%
2022-01-26 20:38:19 : 213,700,000 : 0 : 22,615,156,200 : 83%
2022-01-26 20:51:00 : 213,800,000 : 0 : 22,625,642,200 : 83%
2022-01-26 21:03:54 : 213,900,000 : 0 : 22,636,128,200 : 83%
2022-01-26 21:16:51 : 214,000,000 : 0 : 22,646,614,200 : 83%
2022-01-26 21:29:47 : 214,100,000 : 0 : 22,657,100,200 : 83%
2022-01-26 21:42:53 : 214,200,000 : 0 : 22,667,717,275 : 83%
2022-01-26 21:55:28 : 214,300,000 : 0 : 22,677,810,050 : 84%
2022-01-26 22:09:12 : 214,400,000 : 0 : 22,688,296,050 : 84%
2022-01-26 22:22:45 : 214,500,000 : 0 : 22,698,782,050 : 84%
2022-01-26 22:36:35 : 214,600,000 : 0 : 22,709,136,975 : 84%
2022-01-26 22:50:34 : 214,700,000 : 0 : 22,719,491,900 : 84%
2022-01-26 23:04:37 : 214,800,000 : 0 : 22,729,846,825 : 84%
2022-01-26 23:18:59 : 214,900,000 : 0 : 22,740,332,825 : 84%
2022-01-26 23:33:32 : 215,000,000 : 0 : 22,761,173,750 : 84%
2022-01-26 23:48:15 : 215,100,000 : 0 : 22,771,528,675 : 84%
2022-01-27 00:03:05 : 215,200,000 : 0 : 22,781,883,600 : 84%
2022-01-27 00:18:09 : 215,300,000 : 0 : 22,792,238,525 : 84%
2022-01-27 00:33:13 : 215,400,000 : 0 : 22,802,593,450 : 84%
2022-01-27 00:48:23 : 215,500,000 : 0 : 22,812,817,300 : 84%
2022-01-27 01:03:35 : 215,600,000 : 0 : 22,822,910,075 : 84%
2022-01-27 01:18:35 : 215,700,000 : 0 : 22,832,871,775 : 84%
2022-01-27 01:33:06 : 215,800,000 : 0 : 22,842,964,550 : 84%
2022-01-27 01:48:07 : 215,900,000 : 0 : 22,853,057,325 : 84%
2022-01-27 02:03:03 : 216,000,000 : 0 : 22,863,019,025 : 84%
2022-01-27 02:18:07 : 216,100,000 : 0 : 22,873,111,800 : 84%
2022-01-27 02:33:04 : 216,200,000 : 0 : 22,883,073,500 : 84%
2022-01-27 02:48:01 : 216,300,000 : 0 : 22,893,035,200 : 84%
2022-01-27 03:03:16 : 216,400,000 : 0 : 22,903,127,975 : 84%
2022-01-27 03:19:05 : 216,500,000 : 0 : 22,913,089,675 : 84%
2022-01-27 03:34:56 : 216,600,000 : 0 : 22,923,182,450 : 84%
2022-01-27 03:51:24 : 216,700,000 : 0 : 22,933,406,300 : 84%
2022-01-27 04:08:22 : 216,800,000 : 0 : 22,943,499,075 : 85%
2022-01-27 04:25:52 : 216,900,000 : 0 : 22,953,591,850 : 85%
2022-01-27 04:43:34 : 217,000,000 : 0 : 22,963,684,625 : 85%
2022-01-27 05:01:51 : 217,100,000 : 0 : 22,973,646,325 : 85%
2022-01-27 05:20:55 : 217,200,000 : 0 : 22,983,739,100 : 85%
2022-01-27 05:40:45 : 217,300,000 : 0 : 22,993,700,800 : 85%
2022-01-27 06:01:40 : 217,400,000 : 0 : 23,003,793,575 : 85%
2022-01-27 06:23:37 : 217,500,000 : 0 : 23,013,886,350 : 85%
2022-01-27 06:46:41 : 217,600,000 : 0 : 23,024,110,200 : 85%
2022-01-27 07:10:45 : 217,700,000 : 0 : 23,044,295,750 : 85%
2022-01-27 07:36:12 : 217,800,000 : 0 : 23,054,519,600 : 85%
2022-01-27 08:02:54 : 217,900,000 : 0 : 23,064,743,450 : 85%
2022-01-27 08:30:32 : 218,000,000 : 0 : 23,074,967,300 : 85%
2022-01-27 08:59:16 : 218,100,000 : 0 : 23,085,060,075 : 85%
2022-01-27 09:28:14 : 218,200,000 : 0 : 23,095,415,000 : 85%
2022-01-27 09:57:48 : 218,300,000 : 0 : 23,105,638,850 : 85%
2022-01-27 10:26:56 : 218,400,000 : 0 : 23,115,993,775 : 85%
2022-01-27 10:55:23 : 218,500,000 : 0 : 23,126,086,550 : 85%
2022-01-27 11:22:02 : 218,600,000 : 0 : 23,136,310,400 : 85%
2022-01-27 11:47:09 : 218,700,000 : 0 : 23,146,665,325 : 85%
2022-01-27 12:10:45 : 218,800,000 : 0 : 23,156,889,175 : 85%
2022-01-27 12:32:52 : 218,900,000 : 0 : 23,167,244,100 : 85%
2022-01-27 12:53:15 : 219,000,000 : 0 : 23,177,599,025 : 85%
2022-01-27 13:12:41 : 219,100,000 : 0 : 23,187,953,950 : 85%
2022-01-27 13:30:46 : 219,200,000 : 0 : 23,198,177,800 : 85%
2022-01-27 13:48:07 : 219,300,000 : 0 : 23,208,663,800 : 85%
2022-01-27 14:04:42 : 219,400,000 : 0 : 23,219,149,800 : 86%
2022-01-27 14:20:59 : 219,500,000 : 0 : 23,229,635,800 : 86%
2022-01-27 14:36:38 : 219,600,000 : 0 : 23,240,252,875 : 86%
2022-01-27 14:51:37 : 219,700,000 : 0 : 23,250,738,875 : 86%
2022-01-27 15:06:17 : 219,800,000 : 0 : 23,261,355,950 : 86%
2022-01-27 15:20:48 : 219,900,000 : 0 : 23,271,973,025 : 86%
2022-01-27 15:34:54 : 220,000,000 : 0 : 23,282,590,100 : 86%
2022-01-27 15:48:40 : 220,100,000 : 0 : 23,293,076,100 : 86%
2022-01-27 16:02:20 : 220,200,000 : 0 : 23,303,693,175 : 86%
2022-01-27 16:15:56 : 220,300,000 : 0 : 23,324,796,250 : 86%
2022-01-27 16:29:20 : 220,400,000 : 0 : 23,335,413,325 : 86%
2022-01-27 16:42:40 : 220,500,000 : 0 : 23,346,030,400 : 86%
2022-01-27 16:55:45 : 220,600,000 : 0 : 23,356,647,475 : 86%
2022-01-27 17:08:46 : 220,700,000 : 0 : 23,367,133,475 : 86%
2022-01-27 17:21:38 : 220,800,000 : 0 : 23,377,619,475 : 86%
2022-01-27 17:34:25 : 220,900,000 : 0 : 23,388,236,550 : 86%
2022-01-27 17:47:17 : 221,000,000 : 0 : 23,398,722,550 : 86%
2022-01-27 18:00:09 : 221,100,000 : 0 : 23,409,208,550 : 86%
2022-01-27 18:13:14 : 221,200,000 : 0 : 23,419,825,625 : 86%
2022-01-27 18:26:07 : 221,300,000 : 0 : 23,430,180,550 : 86%
2022-01-27 18:39:00 : 221,400,000 : 0 : 23,440,666,550 : 86%
2022-01-27 18:51:59 : 221,500,000 : 0 : 23,451,283,625 : 86%
2022-01-27 19:05:11 : 221,600,000 : 0 : 23,461,769,625 : 86%
2022-01-27 19:18:29 : 221,700,000 : 0 : 23,472,255,625 : 86%
2022-01-27 19:31:50 : 221,800,000 : 0 : 23,482,741,625 : 86%
2022-01-27 19:45:06 : 221,900,000 : 0 : 23,493,227,625 : 87%
2022-01-27 19:58:22 : 222,000,000 : 0 : 23,503,713,625 : 87%
2022-01-27 20:11:44 : 222,100,000 : 0 : 23,514,199,625 : 87%
2022-01-27 20:25:07 : 222,200,000 : 0 : 23,524,685,625 : 87%
2022-01-27 20:38:30 : 222,300,000 : 0 : 23,535,171,625 : 87%
2022-01-27 20:51:54 : 222,400,000 : 0 : 23,545,657,625 : 87%
2022-01-27 21:05:21 : 222,500,000 : 0 : 23,556,143,625 : 87%
2022-01-27 21:18:37 : 222,600,000 : 0 : 23,576,984,550 : 87%
2022-01-27 21:31:52 : 222,700,000 : 0 : 23,587,339,475 : 87%
2022-01-27 21:45:22 : 222,800,000 : 0 : 23,597,825,475 : 87%
2022-01-27 21:58:59 : 222,900,000 : 0 : 23,608,311,475 : 87%
2022-01-27 22:12:35 : 223,000,000 : 0 : 23,618,666,400 : 87%
2022-01-27 22:26:26 : 223,100,000 : 0 : 23,629,021,325 : 87%
2022-01-27 22:40:24 : 223,200,000 : 0 : 23,639,507,325 : 87%
2022-01-27 22:54:31 : 223,300,000 : 0 : 23,649,862,250 : 87%
2022-01-27 23:08:54 : 223,400,000 : 0 : 23,660,217,175 : 87%
2022-01-27 23:23:31 : 223,500,000 : 0 : 23,670,572,100 : 87%
2022-01-27 23:38:19 : 223,600,000 : 0 : 23,680,927,025 : 87%
2022-01-27 23:53:19 : 223,700,000 : 0 : 23,691,281,950 : 87%
2022-01-28 00:08:31 : 223,800,000 : 0 : 23,701,505,800 : 87%
2022-01-28 00:23:34 : 223,900,000 : 0 : 23,711,729,650 : 87%
2022-01-28 00:38:35 : 224,000,000 : 0 : 23,721,953,500 : 87%
2022-01-28 00:53:36 : 224,100,000 : 0 : 23,732,046,275 : 87%
2022-01-28 01:08:45 : 224,200,000 : 0 : 23,742,139,050 : 87%
2022-01-28 01:24:06 : 224,300,000 : 0 : 23,752,100,750 : 87%
2022-01-28 01:39:22 : 224,400,000 : 0 : 23,762,062,450 : 88%
2022-01-28 01:54:50 : 224,500,000 : 0 : 23,772,155,225 : 88%
2022-01-28 02:10:22 : 224,600,000 : 0 : 23,782,248,000 : 88%
2022-01-28 02:25:57 : 224,700,000 : 0 : 23,792,340,775 : 88%
2022-01-28 02:41:36 : 224,800,000 : 0 : 23,802,302,475 : 88%
2022-01-28 02:57:25 : 224,900,000 : 0 : 23,812,395,250 : 88%
2022-01-28 03:13:22 : 225,000,000 : 0 : 23,822,356,950 : 88%
2022-01-28 03:29:17 : 225,100,000 : 0 : 23,842,280,350 : 88%
2022-01-28 03:45:33 : 225,200,000 : 0 : 23,852,242,050 : 88%
2022-01-28 04:02:18 : 225,300,000 : 0 : 23,862,334,825 : 88%
2022-01-28 04:19:44 : 225,400,000 : 0 : 23,872,296,525 : 88%
2022-01-28 04:37:27 : 225,500,000 : 0 : 23,882,127,150 : 88%
2022-01-28 04:55:37 : 225,600,000 : 0 : 23,892,088,850 : 88%
2022-01-28 05:14:37 : 225,700,000 : 0 : 23,901,919,475 : 88%
2022-01-28 05:34:19 : 225,800,000 : 0 : 23,911,881,175 : 88%
2022-01-28 05:54:53 : 225,900,000 : 0 : 23,921,842,875 : 88%
2022-01-28 06:16:23 : 226,000,000 : 0 : 23,931,804,575 : 88%
2022-01-28 06:38:46 : 226,100,000 : 0 : 23,941,635,200 : 88%
2022-01-28 07:01:53 : 226,200,000 : 0 : 23,951,596,900 : 88%
2022-01-28 07:26:00 : 226,300,000 : 0 : 23,961,558,600 : 88%
2022-01-28 07:51:03 : 226,400,000 : 0 : 23,971,651,375 : 88%
2022-01-28 08:16:53 : 226,500,000 : 0 : 23,981,613,075 : 88%
2022-01-28 08:43:25 : 226,600,000 : 0 : 23,991,574,775 : 88%
2022-01-28 09:11:30 : 226,700,000 : 0 : 24,001,667,550 : 88%
2022-01-28 09:40:18 : 226,800,000 : 0 : 24,011,760,325 : 88%
2022-01-28 10:09:15 : 226,900,000 : 0 : 24,021,853,100 : 88%
2022-01-28 10:37:07 : 227,000,000 : 0 : 24,031,945,875 : 89%
2022-01-28 11:04:04 : 227,100,000 : 0 : 24,041,907,575 : 89%
2022-01-28 11:29:32 : 227,200,000 : 0 : 24,052,000,350 : 89%
2022-01-28 11:54:07 : 227,300,000 : 0 : 24,062,224,200 : 89%
2022-01-28 12:17:19 : 227,400,000 : 0 : 24,072,448,050 : 89%
2022-01-28 12:38:43 : 227,500,000 : 0 : 24,082,671,900 : 89%
2022-01-28 12:58:41 : 227,600,000 : 0 : 24,093,026,825 : 89%
2022-01-28 13:17:21 : 227,700,000 : 0 : 24,103,250,675 : 89%
2022-01-28 13:35:01 : 227,800,000 : 0 : 24,113,474,525 : 89%
2022-01-28 13:52:01 : 227,900,000 : 0 : 24,123,829,450 : 89%
2022-01-28 14:08:26 : 228,000,000 : 0 : 24,134,315,450 : 89%
2022-01-28 14:24:14 : 228,100,000 : 0 : 24,144,801,450 : 89%
2022-01-28 14:39:27 : 228,200,000 : 0 : 24,165,642,375 : 89%
2022-01-28 14:54:19 : 228,300,000 : 0 : 24,176,128,375 : 89%
2022-01-28 15:08:45 : 228,400,000 : 0 : 24,186,614,375 : 89%
2022-01-28 15:22:52 : 228,500,000 : 0 : 24,197,231,450 : 89%
2022-01-28 15:36:39 : 228,600,000 : 0 : 24,207,586,375 : 89%
2022-01-28 15:50:11 : 228,700,000 : 0 : 24,218,203,450 : 89%
2022-01-28 16:03:33 : 228,800,000 : 0 : 24,228,689,450 : 89%
2022-01-28 16:17:07 : 228,900,000 : 0 : 24,239,306,525 : 89%
2022-01-28 16:30:22 : 229,000,000 : 0 : 24,249,923,600 : 89%
2022-01-28 16:43:39 : 229,100,000 : 0 : 24,260,540,675 : 89%
2022-01-28 16:56:56 : 229,200,000 : 0 : 24,271,157,750 : 89%
2022-01-28 17:10:14 : 229,300,000 : 0 : 24,281,774,825 : 89%
2022-01-28 17:23:39 : 229,400,000 : 0 : 24,292,260,825 : 89%
2022-01-28 17:36:53 : 229,500,000 : 0 : 24,302,877,900 : 90%
2022-01-28 17:50:06 : 229,600,000 : 0 : 24,313,363,900 : 90%
2022-01-28 18:03:20 : 229,700,000 : 0 : 24,323,980,975 : 90%
2022-01-28 18:16:51 : 229,800,000 : 0 : 24,334,466,975 : 90%
2022-01-28 18:30:13 : 229,900,000 : 0 : 24,345,084,050 : 90%
2022-01-28 18:43:42 : 230,000,000 : 0 : 24,355,570,050 : 90%
2022-01-28 18:57:03 : 230,100,000 : 0 : 24,366,187,125 : 90%
2022-01-28 19:10:37 : 230,200,000 : 0 : 24,376,673,125 : 90%
2022-01-28 19:24:08 : 230,300,000 : 0 : 24,387,028,050 : 90%
2022-01-28 19:37:38 : 230,400,000 : 0 : 24,397,514,050 : 90%
2022-01-28 19:51:17 : 230,500,000 : 0 : 24,408,000,050 : 90%
2022-01-28 20:05:01 : 230,600,000 : 0 : 24,428,709,900 : 90%
2022-01-28 20:18:49 : 230,700,000 : 0 : 24,439,064,825 : 90%
2022-01-28 20:32:31 : 230,800,000 : 0 : 24,449,550,825 : 90%
2022-01-28 20:46:23 : 230,900,000 : 0 : 24,460,036,825 : 90%
2022-01-28 21:00:18 : 231,000,000 : 0 : 24,470,391,750 : 90%
2022-01-28 21:14:17 : 231,100,000 : 0 : 24,480,746,675 : 90%
2022-01-28 21:28:15 : 231,200,000 : 0 : 24,491,101,600 : 90%
2022-01-28 21:42:20 : 231,300,000 : 0 : 24,501,456,525 : 90%
2022-01-28 21:56:33 : 231,400,000 : 0 : 24,511,811,450 : 90%
2022-01-28 22:10:50 : 231,500,000 : 0 : 24,522,166,375 : 90%
2022-01-28 22:25:25 : 231,600,000 : 0 : 24,532,521,300 : 90%
2022-01-28 22:40:08 : 231,700,000 : 0 : 24,542,745,150 : 90%
2022-01-28 22:54:49 : 231,800,000 : 0 : 24,552,969,000 : 90%
2022-01-28 23:09:45 : 231,900,000 : 0 : 24,563,192,850 : 90%
2022-01-28 23:25:00 : 232,000,000 : 0 : 24,573,416,700 : 91%
2022-01-28 23:40:11 : 232,100,000 : 0 : 24,583,247,325 : 91%
2022-01-28 23:55:11 : 232,200,000 : 0 : 24,593,340,100 : 91%
2022-01-29 00:10:53 : 232,300,000 : 0 : 24,603,432,875 : 91%
2022-01-29 00:26:38 : 232,400,000 : 0 : 24,613,656,725 : 91%
2022-01-29 00:42:47 : 232,500,000 : 0 : 24,623,749,500 : 91%
2022-01-29 00:59:07 : 232,600,000 : 0 : 24,633,842,275 : 91%
2022-01-29 01:15:28 : 232,700,000 : 0 : 24,643,935,050 : 91%
2022-01-29 01:31:57 : 232,800,000 : 0 : 24,653,896,750 : 91%
2022-01-29 01:48:30 : 232,900,000 : 0 : 24,663,858,450 : 91%
2022-01-29 02:05:06 : 233,000,000 : 0 : 24,673,820,150 : 91%
2022-01-29 02:21:39 : 233,100,000 : 0 : 24,683,650,775 : 91%
2022-01-29 02:38:09 : 233,200,000 : 0 : 24,703,180,950 : 91%
2022-01-29 02:54:41 : 233,300,000 : 0 : 24,713,011,575 : 91%
2022-01-29 03:11:36 : 233,400,000 : 0 : 24,722,711,125 : 91%
2022-01-29 03:28:24 : 233,500,000 : 0 : 24,732,541,750 : 91%
2022-01-29 03:45:35 : 233,600,000 : 0 : 24,742,241,300 : 91%
2022-01-29 04:03:21 : 233,700,000 : 0 : 24,752,071,925 : 91%
2022-01-29 04:21:34 : 233,800,000 : 0 : 24,761,902,550 : 91%
2022-01-29 04:40:16 : 233,900,000 : 0 : 24,771,864,250 : 91%
2022-01-29 04:59:48 : 234,000,000 : 0 : 24,781,694,875 : 91%
2022-01-29 05:20:07 : 234,100,000 : 0 : 24,791,656,575 : 91%
2022-01-29 05:41:27 : 234,200,000 : 0 : 24,801,487,200 : 91%
2022-01-29 06:03:26 : 234,300,000 : 0 : 24,811,317,825 : 91%
2022-01-29 06:26:32 : 234,400,000 : 0 : 24,821,148,450 : 91%
2022-01-29 06:50:52 : 234,500,000 : 0 : 24,830,979,075 : 91%
2022-01-29 07:16:50 : 234,600,000 : 0 : 24,840,940,775 : 91%
2022-01-29 07:43:31 : 234,700,000 : 0 : 24,850,902,475 : 92%
2022-01-29 08:11:04 : 234,800,000 : 0 : 24,860,733,100 : 92%
2022-01-29 08:38:51 : 234,900,000 : 0 : 24,870,694,800 : 92%
2022-01-29 09:07:33 : 235,000,000 : 0 : 24,880,656,500 : 92%
2022-01-29 09:36:47 : 235,100,000 : 0 : 24,890,618,200 : 92%
2022-01-29 10:05:51 : 235,200,000 : 0 : 24,900,448,825 : 92%
2022-01-29 10:34:48 : 235,300,000 : 0 : 24,910,279,450 : 92%
2022-01-29 11:03:32 : 235,400,000 : 0 : 24,920,241,150 : 92%
2022-01-29 11:31:50 : 235,500,000 : 0 : 24,930,202,850 : 92%
2022-01-29 11:59:28 : 235,600,000 : 0 : 24,940,164,550 : 92%
2022-01-29 12:25:28 : 235,700,000 : 0 : 24,950,257,325 : 92%
2022-01-29 12:49:45 : 235,800,000 : 0 : 24,960,350,100 : 92%
2022-01-29 13:12:17 : 235,900,000 : 0 : 24,970,573,950 : 92%
2022-01-29 13:33:26 : 236,000,000 : 0 : 24,980,797,800 : 92%
2022-01-29 13:53:14 : 236,100,000 : 0 : 24,991,021,650 : 92%
2022-01-29 14:12:09 : 236,200,000 : 0 : 25,001,376,575 : 92%
2022-01-29 14:30:13 : 236,300,000 : 0 : 25,011,600,425 : 92%
2022-01-29 14:47:29 : 236,400,000 : 0 : 25,021,824,275 : 92%
2022-01-29 15:04:04 : 236,500,000 : 0 : 25,032,179,200 : 92%
2022-01-29 15:20:12 : 236,600,000 : 0 : 25,052,757,975 : 92%
2022-01-29 15:35:53 : 236,700,000 : 0 : 25,063,112,900 : 92%
2022-01-29 15:51:14 : 236,800,000 : 0 : 25,073,467,825 : 92%
2022-01-29 16:06:27 : 236,900,000 : 0 : 25,083,822,750 : 92%
2022-01-29 16:21:19 : 237,000,000 : 0 : 25,094,308,750 : 92%
2022-01-29 16:36:07 : 237,100,000 : 0 : 25,104,663,675 : 92%
2022-01-29 16:50:40 : 237,200,000 : 0 : 25,115,018,600 : 93%
2022-01-29 17:05:04 : 237,300,000 : 0 : 25,125,373,525 : 93%
2022-01-29 17:19:25 : 237,400,000 : 0 : 25,135,728,450 : 93%
2022-01-29 17:33:43 : 237,500,000 : 0 : 25,146,083,375 : 93%
2022-01-29 17:48:07 : 237,600,000 : 0 : 25,156,569,375 : 93%
2022-01-29 18:02:35 : 237,700,000 : 0 : 25,166,924,300 : 93%
2022-01-29 18:17:04 : 237,800,000 : 0 : 25,177,279,225 : 93%
2022-01-29 18:31:25 : 237,900,000 : 0 : 25,187,503,075 : 93%
2022-01-29 18:45:49 : 238,000,000 : 0 : 25,197,858,000 : 93%
2022-01-29 19:00:27 : 238,100,000 : 0 : 25,208,212,925 : 93%
2022-01-29 19:15:15 : 238,200,000 : 0 : 25,218,436,775 : 93%
2022-01-29 19:29:59 : 238,300,000 : 0 : 25,228,791,700 : 93%
2022-01-29 19:44:16 : 238,400,000 : 0 : 25,238,884,475 : 93%
2022-01-29 19:58:59 : 238,500,000 : 0 : 25,249,108,325 : 93%
2022-01-29 20:13:59 : 238,600,000 : 0 : 25,259,332,175 : 93%
2022-01-29 20:28:53 : 238,700,000 : 0 : 25,269,556,025 : 93%
2022-01-29 20:43:51 : 238,800,000 : 0 : 25,279,648,800 : 93%
2022-01-29 20:59:04 : 238,900,000 : 0 : 25,289,872,650 : 93%
2022-01-29 21:14:11 : 239,000,000 : 0 : 25,299,834,350 : 93%
2022-01-29 21:29:18 : 239,100,000 : 0 : 25,320,019,900 : 93%
2022-01-29 21:44:27 : 239,200,000 : 0 : 25,330,112,675 : 93%
2022-01-29 21:59:41 : 239,300,000 : 0 : 25,340,205,450 : 93%
2022-01-29 22:15:05 : 239,400,000 : 0 : 25,350,429,300 : 93%
2022-01-29 22:30:48 : 239,500,000 : 0 : 25,360,653,150 : 93%
2022-01-29 22:46:27 : 239,600,000 : 0 : 25,370,877,000 : 93%
2022-01-29 23:01:59 : 239,700,000 : 0 : 25,381,100,850 : 93%
2022-01-29 23:17:51 : 239,800,000 : 0 : 25,391,324,700 : 94%
2022-01-29 23:33:58 : 239,900,000 : 0 : 25,401,548,550 : 94%
2022-01-29 23:49:58 : 240,000,000 : 0 : 25,411,641,325 : 94%
2022-01-30 00:06:11 : 240,100,000 : 0 : 25,421,734,100 : 94%
2022-01-30 00:22:14 : 240,200,000 : 0 : 25,431,695,800 : 94%
2022-01-30 00:38:18 : 240,300,000 : 0 : 25,441,788,575 : 94%
2022-01-30 00:54:39 : 240,400,000 : 0 : 25,451,750,275 : 94%
2022-01-30 01:10:58 : 240,500,000 : 0 : 25,461,580,900 : 94%
2022-01-30 01:27:07 : 240,600,000 : 0 : 25,471,280,450 : 94%
2022-01-30 01:42:51 : 240,700,000 : 0 : 25,480,848,925 : 94%
2022-01-30 01:59:00 : 240,800,000 : 0 : 25,490,679,550 : 94%
2022-01-30 02:15:15 : 240,900,000 : 0 : 25,500,379,100 : 94%
2022-01-30 02:31:30 : 241,000,000 : 0 : 25,510,078,650 : 94%
2022-01-30 02:47:42 : 241,100,000 : 0 : 25,519,647,125 : 94%
2022-01-30 03:04:21 : 241,200,000 : 0 : 25,529,477,750 : 94%
2022-01-30 03:21:22 : 241,300,000 : 0 : 25,539,177,300 : 94%
2022-01-30 03:38:18 : 241,400,000 : 0 : 25,548,745,775 : 94%
2022-01-30 03:55:21 : 241,500,000 : 0 : 25,558,445,325 : 94%
2022-01-30 04:12:23 : 241,600,000 : 0 : 25,568,013,800 : 94%
2022-01-30 04:30:13 : 241,700,000 : 0 : 25,577,582,275 : 94%
2022-01-30 04:47:54 : 241,800,000 : 0 : 25,587,150,750 : 94%
2022-01-30 05:05:27 : 241,900,000 : 0 : 25,596,588,150 : 94%
2022-01-30 05:24:43 : 242,000,000 : 0 : 25,606,156,625 : 94%
2022-01-30 05:44:44 : 242,100,000 : 0 : 25,615,725,100 : 94%
2022-01-30 06:05:55 : 242,200,000 : 0 : 25,625,424,650 : 94%
2022-01-30 06:28:34 : 242,300,000 : 0 : 25,635,255,275 : 94%
2022-01-30 06:52:26 : 242,400,000 : 0 : 25,644,954,825 : 94%
2022-01-30 07:17:25 : 242,500,000 : 0 : 25,664,485,000 : 95%
2022-01-30 07:43:18 : 242,600,000 : 0 : 25,674,315,625 : 95%
2022-01-30 08:10:24 : 242,700,000 : 0 : 25,684,146,250 : 95%
2022-01-30 08:37:43 : 242,800,000 : 0 : 25,693,976,875 : 95%
2022-01-30 09:05:48 : 242,900,000 : 0 : 25,703,807,500 : 95%
2022-01-30 09:33:43 : 243,000,000 : 0 : 25,713,769,200 : 95%
2022-01-30 10:02:00 : 243,100,000 : 0 : 25,723,599,825 : 95%
2022-01-30 10:30:23 : 243,200,000 : 0 : 25,733,561,525 : 95%
2022-01-30 10:58:39 : 243,300,000 : 0 : 25,743,261,075 : 95%
2022-01-30 11:26:03 : 243,400,000 : 0 : 25,753,091,700 : 95%
2022-01-30 11:53:14 : 243,500,000 : 0 : 25,762,922,325 : 95%
2022-01-30 12:19:37 : 243,600,000 : 0 : 25,772,752,950 : 95%
2022-01-30 12:44:11 : 243,700,000 : 0 : 25,782,583,575 : 95%
2022-01-30 13:06:31 : 243,800,000 : 0 : 25,792,414,200 : 95%
2022-01-30 13:27:28 : 243,900,000 : 0 : 25,802,244,825 : 95%
2022-01-30 13:47:04 : 244,000,000 : 0 : 25,812,075,450 : 95%
2022-01-30 14:05:52 : 244,100,000 : 0 : 25,821,906,075 : 95%
2022-01-30 14:23:26 : 244,200,000 : 0 : 25,831,867,775 : 95%
2022-01-30 14:40:25 : 244,300,000 : 0 : 25,841,829,475 : 95%
2022-01-30 14:56:55 : 244,400,000 : 0 : 25,852,053,325 : 95%
2022-01-30 15:13:15 : 244,500,000 : 0 : 25,862,146,100 : 95%
2022-01-30 15:29:00 : 244,600,000 : 0 : 25,872,238,875 : 95%
2022-01-30 15:43:57 : 244,700,000 : 0 : 25,882,462,725 : 95%
2022-01-30 15:58:41 : 244,800,000 : 0 : 25,892,555,500 : 95%
2022-01-30 16:13:13 : 244,900,000 : 0 : 25,902,779,350 : 95%
2022-01-30 16:27:38 : 245,000,000 : 0 : 25,913,003,200 : 95%
2022-01-30 16:41:47 : 245,100,000 : 0 : 25,923,227,050 : 95%
2022-01-30 16:55:47 : 245,200,000 : 0 : 25,933,450,900 : 96%
2022-01-30 17:09:42 : 245,300,000 : 0 : 25,943,674,750 : 96%
2022-01-30 17:23:33 : 245,400,000 : 0 : 25,953,898,600 : 96%
2022-01-30 17:37:12 : 245,500,000 : 0 : 25,963,991,375 : 96%
2022-01-30 17:50:54 : 245,600,000 : 0 : 25,974,215,225 : 96%
2022-01-30 18:04:40 : 245,700,000 : 0 : 25,994,662,925 : 96%
2022-01-30 18:18:18 : 245,800,000 : 0 : 26,004,886,775 : 96%
2022-01-30 18:31:51 : 245,900,000 : 0 : 26,014,979,550 : 96%
2022-01-30 18:45:27 : 246,000,000 : 0 : 26,025,203,400 : 96%
2022-01-30 18:59:19 : 246,100,000 : 0 : 26,035,296,175 : 96%
2022-01-30 19:12:56 : 246,200,000 : 0 : 26,045,388,950 : 96%
2022-01-30 19:26:52 : 246,300,000 : 0 : 26,055,481,725 : 96%
2022-01-30 19:40:41 : 246,400,000 : 0 : 26,065,705,575 : 96%
2022-01-30 19:54:42 : 246,500,000 : 0 : 26,075,798,350 : 96%
2022-01-30 20:08:48 : 246,600,000 : 0 : 26,085,891,125 : 96%
2022-01-30 20:22:25 : 246,700,000 : 0 : 26,095,852,825 : 96%
2022-01-30 20:35:44 : 246,800,000 : 0 : 26,105,683,450 : 96%
2022-01-30 20:48:50 : 246,900,000 : 0 : 26,115,645,150 : 96%
2022-01-30 21:02:00 : 247,000,000 : 0 : 26,125,475,775 : 96%
2022-01-30 21:15:08 : 247,100,000 : 0 : 26,135,437,475 : 96%
2022-01-30 21:28:08 : 247,200,000 : 0 : 26,145,137,025 : 96%
2022-01-30 21:41:28 : 247,300,000 : 0 : 26,155,229,800 : 96%
2022-01-30 21:55:14 : 247,400,000 : 0 : 26,165,191,500 : 96%
2022-01-30 22:08:41 : 247,500,000 : 0 : 26,175,022,125 : 96%
2022-01-30 22:22:04 : 247,600,000 : 0 : 26,184,721,675 : 96%
2022-01-30 22:35:19 : 247,700,000 : 0 : 26,194,552,300 : 96%
2022-01-30 22:49:14 : 247,800,000 : 0 : 26,204,514,000 : 97%
2022-01-30 23:03:13 : 247,900,000 : 0 : 26,214,082,475 : 97%
2022-01-30 23:15:58 : 248,000,000 : 0 : 26,223,519,875 : 97%
2022-01-30 23:28:33 : 248,100,000 : 0 : 26,232,826,200 : 97%
2022-01-30 23:42:27 : 248,200,000 : 0 : 26,242,656,825 : 97%
2022-01-30 23:56:40 : 248,300,000 : 0 : 26,252,618,525 : 97%
2022-01-31 00:10:53 : 248,400,000 : 0 : 26,262,449,150 : 97%
2022-01-31 00:25:26 : 248,500,000 : 0 : 26,282,110,400 : 97%
2022-01-31 00:39:47 : 248,600,000 : 0 : 26,291,809,950 : 97%
2022-01-31 00:54:01 : 248,700,000 : 0 : 26,301,640,575 : 97%
2022-01-31 01:08:22 : 248,800,000 : 0 : 26,311,471,200 : 97%
2022-01-31 01:23:06 : 248,900,000 : 0 : 26,321,301,825 : 97%
2022-01-31 01:37:53 : 249,000,000 : 0 : 26,331,001,375 : 97%
2022-01-31 01:52:13 : 249,100,000 : 0 : 26,340,700,925 : 97%
2022-01-31 02:06:49 : 249,200,000 : 0 : 26,350,269,400 : 97%
2022-01-31 02:21:10 : 249,300,000 : 0 : 26,359,837,875 : 97%
2022-01-31 02:35:41 : 249,400,000 : 0 : 26,369,144,200 : 97%
2022-01-31 02:49:25 : 249,500,000 : 0 : 26,378,843,750 : 97%
2022-01-31 03:04:20 : 249,600,000 : 0 : 26,388,674,375 : 97%
2022-01-31 03:20:07 : 249,700,000 : 0 : 26,398,636,075 : 97%
2022-01-31 03:36:18 : 249,800,000 : 0 : 26,408,597,775 : 97%
2022-01-31 03:53:03 : 249,900,000 : 0 : 26,418,690,550 : 97%
2022-01-31 04:10:16 : 250,000,000 : 0 : 26,428,652,250 : 97%
2022-01-31 04:28:09 : 250,100,000 : 0 : 26,438,613,950 : 97%
2022-01-31 04:46:42 : 250,200,000 : 0 : 26,448,706,725 : 97%
2022-01-31 05:06:03 : 250,300,000 : 0 : 26,458,799,500 : 97%
2022-01-31 05:26:09 : 250,400,000 : 0 : 26,468,761,200 : 97%
2022-01-31 05:47:08 : 250,500,000 : 0 : 26,478,853,975 : 98%
2022-01-31 06:09:01 : 250,600,000 : 0 : 26,488,815,675 : 98%
2022-01-31 06:32:19 : 250,700,000 : 0 : 26,498,777,375 : 98%
2022-01-31 06:56:32 : 250,800,000 : 0 : 26,508,739,075 : 98%
2022-01-31 07:22:06 : 250,900,000 : 0 : 26,518,700,775 : 98%
2022-01-31 07:48:21 : 251,000,000 : 0 : 26,528,662,475 : 98%
2022-01-31 08:15:20 : 251,100,000 : 0 : 26,538,493,100 : 98%
2022-01-31 08:43:28 : 251,200,000 : 0 : 26,548,716,950 : 98%
2022-01-31 09:12:35 : 251,300,000 : 0 : 26,558,678,650 : 98%
2022-01-31 09:42:17 : 251,400,000 : 0 : 26,568,771,425 : 98%
2022-01-31 10:12:17 : 251,500,000 : 0 : 26,578,864,200 : 98%
2022-01-31 10:41:23 : 251,600,000 : 0 : 26,598,918,675 : 98%
2022-01-31 11:09:08 : 251,700,000 : 0 : 26,609,011,450 : 98%
2022-01-31 11:35:53 : 251,800,000 : 0 : 26,619,104,225 : 98%
2022-01-31 12:00:41 : 251,900,000 : 0 : 26,629,197,000 : 98%
2022-01-31 12:23:58 : 252,000,000 : 0 : 26,639,420,850 : 98%
2022-01-31 12:45:35 : 252,100,000 : 0 : 26,649,644,700 : 98%
2022-01-31 13:05:42 : 252,200,000 : 0 : 26,659,737,475 : 98%
2022-01-31 13:24:46 : 252,300,000 : 0 : 26,669,961,325 : 98%
2022-01-31 13:42:54 : 252,400,000 : 0 : 26,680,185,175 : 98%
2022-01-31 14:00:10 : 252,500,000 : 0 : 26,690,540,100 : 98%
2022-01-31 14:16:52 : 252,600,000 : 0 : 26,700,895,025 : 98%
2022-01-31 14:33:00 : 252,700,000 : 0 : 26,711,249,950 : 98%
2022-01-31 14:48:40 : 252,800,000 : 0 : 26,721,735,950 : 98%
2022-01-31 15:03:58 : 252,900,000 : 0 : 26,732,221,950 : 98%
2022-01-31 15:18:50 : 253,000,000 : 0 : 26,742,707,950 : 98%
2022-01-31 15:33:19 : 253,100,000 : 0 : 26,753,325,025 : 99%
2022-01-31 15:48:01 : 253,200,000 : 0 : 26,763,811,025 : 99%
2022-01-31 16:01:57 : 253,300,000 : 0 : 26,774,297,025 : 99%
2022-01-31 16:16:02 : 253,400,000 : 0 : 26,784,783,025 : 99%
2022-01-31 16:29:41 : 253,500,000 : 0 : 26,795,269,025 : 99%
2022-01-31 16:43:22 : 253,600,000 : 0 : 26,805,755,025 : 99%
2022-01-31 16:56:44 : 253,700,000 : 0 : 26,816,372,100 : 99%
2022-01-31 17:10:04 : 253,800,000 : 0 : 26,826,727,025 : 99%
2022-01-31 17:23:16 : 253,900,000 : 0 : 26,837,213,025 : 99%
2022-01-31 17:36:25 : 254,000,000 : 0 : 26,847,830,100 : 99%
2022-01-31 17:49:42 : 254,100,000 : 0 : 26,858,447,175 : 99%
2022-01-31 18:02:56 : 254,200,000 : 0 : 26,879,550,250 : 99%
2022-01-31 18:16:17 : 254,300,000 : 0 : 26,890,036,250 : 99%
2022-01-31 18:29:31 : 254,400,000 : 0 : 26,900,653,325 : 99%
2022-01-31 18:42:45 : 254,500,000 : 0 : 26,911,270,400 : 99%
2022-01-31 18:55:57 : 254,600,000 : 0 : 26,921,887,475 : 99%
2022-01-31 19:09:17 : 254,700,000 : 0 : 26,932,504,550 : 99%
2022-01-31 19:22:50 : 254,800,000 : 0 : 26,942,990,550 : 99%
2022-01-31 19:36:27 : 254,900,000 : 0 : 26,953,607,625 : 99%
2022-01-31 19:49:56 : 255,000,000 : 0 : 26,964,224,700 : 99%
2022-01-31 20:03:23 : 255,100,000 : 0 : 26,974,710,700 : 99%
2022-01-31 20:17:01 : 255,200,000 : 0 : 26,985,196,700 : 99%
2022-01-31 20:30:35 : 255,300,000 : 0 : 26,995,682,700 : 99%
2022-01-31 20:44:10 : 255,400,000 : 0 : 27,006,299,775 : 99%
2022-01-31 20:57:44 : 255,500,000 : 0 : 27,016,785,775 : 100%
2022-01-31 21:11:21 : 255,600,000 : 0 : 27,027,271,775 : 100%
2022-01-31 21:25:00 : 255,700,000 : 0 : 27,037,757,775 : 100%
2022-01-31 21:38:51 : 255,800,000 : 0 : 27,048,243,775 : 100%
2022-01-31 21:52:42 : 255,900,000 : 0 : 27,058,729,775 : 100%
2022-01-31 22:06:41 : 256,000,000 : 0 : 27,069,215,775 : 100%
2022-01-31 22:20:59 : 256,100,000 : 0 : 27,079,701,775 : 100%
2022-01-31 22:35:16 : 256,200,000 : 0 : 27,090,187,775 : 100%
2022-01-31 22:49:44 : 256,300,000 : 0 : 27,100,673,775 : 100%
2022-01-31 23:04:19 : 256,400,000 : 0 : 27,111,159,775 : 100%
2022-01-31 23:19:07 : 256,500,000 : 0 : 27,131,869,625 : 100%
2022-01-31 23:34:23 : 256,600,000 : 0 : 27,142,355,625 : 100%
2022-01-31 23:49:46 : 256,700,000 : 0 : 27,150,861,981 : 100%
2022-02-01 00:15:47 : 100,000 : 0 : 22,544,900 : 0%
2022-02-01 00:33:08 : 200,000 : 0 : 33,293,050 : 0%
2022-02-01 00:50:00 : 300,000 : 0 : 43,779,050 : 0%
2022-02-01 01:06:27 : 400,000 : 0 : 54,265,050 : 0%
2022-02-01 01:22:44 : 500,000 : 0 : 64,488,900 : 0%
2022-02-01 01:38:56 : 600,000 : 0 : 74,712,750 : 0%
2022-02-01 01:55:17 : 700,000 : 0 : 84,805,525 : 0%
2022-02-01 02:11:13 : 800,000 : 0 : 94,767,225 : 0%
2022-02-01 02:27:04 : 900,000 : 0 : 104,860,000 : 0%
2022-02-01 02:42:59 : 1,000,000 : 0 : 114,821,700 : 1%
2022-02-01 02:59:11 : 1,100,000 : 0 : 124,914,475 : 1%
2022-02-01 03:15:44 : 1,200,000 : 0 : 135,007,250 : 1%
2022-02-01 03:32:41 : 1,300,000 : 0 : 144,968,950 : 1%
2022-02-01 03:49:52 : 1,400,000 : 0 : 155,061,725 : 1%
2022-02-01 04:07:40 : 1,500,000 : 0 : 165,154,500 : 1%
2022-02-01 04:26:03 : 1,600,000 : 0 : 175,247,275 : 1%
2022-02-01 04:45:19 : 1,700,000 : 0 : 185,208,975 : 1%
2022-02-01 05:04:58 : 1,800,000 : 0 : 195,301,750 : 1%
2022-02-01 05:25:39 : 1,900,000 : 0 : 205,263,450 : 1%
2022-02-01 05:47:33 : 2,000,000 : 0 : 215,356,225 : 1%
2022-02-01 06:10:34 : 2,100,000 : 0 : 225,317,925 : 1%
2022-02-01 06:34:41 : 2,200,000 : 0 : 235,410,700 : 1%
2022-02-01 06:59:54 : 2,300,000 : 0 : 245,372,400 : 1%
2022-02-01 07:26:00 : 2,400,000 : 0 : 255,465,175 : 1%
2022-02-01 07:53:37 : 2,500,000 : 0 : 265,426,875 : 1%
2022-02-01 08:21:46 : 2,600,000 : 0 : 275,388,575 : 1%
2022-02-01 08:51:14 : 2,700,000 : 0 : 285,481,350 : 1%
2022-02-01 09:21:10 : 2,800,000 : 0 : 295,443,050 : 1%
2022-02-01 09:51:37 : 2,900,000 : 0 : 305,404,750 : 1%
2022-02-01 10:21:08 : 3,000,000 : 0 : 315,366,450 : 1%
2022-02-01 10:50:05 : 3,100,000 : 0 : 325,328,150 : 1%
2022-02-01 11:17:48 : 3,200,000 : 0 : 345,382,625 : 2%
2022-02-01 11:43:47 : 3,300,000 : 0 : 355,475,400 : 2%
2022-02-01 12:08:32 : 3,400,000 : 0 : 365,437,100 : 2%
2022-02-01 12:31:16 : 3,500,000 : 0 : 375,660,950 : 2%
2022-02-01 12:52:05 : 3,600,000 : 0 : 385,753,725 : 2%
2022-02-01 13:11:49 : 3,700,000 : 0 : 395,977,575 : 2%
2022-02-01 13:30:28 : 3,800,000 : 0 : 406,201,425 : 2%
2022-02-01 13:48:19 : 3,900,000 : 0 : 416,556,350 : 2%
2022-02-01 14:05:22 : 4,000,000 : 0 : 426,911,275 : 2%
2022-02-01 14:21:48 : 4,100,000 : 0 : 437,266,200 : 2%
2022-02-01 14:37:34 : 4,200,000 : 0 : 447,621,125 : 2%
2022-02-01 14:52:53 : 4,300,000 : 0 : 458,107,125 : 2%
2022-02-01 15:08:13 : 4,400,000 : 0 : 468,462,050 : 2%
2022-02-01 15:23:06 : 4,500,000 : 0 : 478,816,975 : 2%
2022-02-01 15:37:28 : 4,600,000 : 0 : 489,302,975 : 2%
2022-02-01 15:51:35 : 4,700,000 : 0 : 499,788,975 : 2%
2022-02-01 16:05:23 : 4,800,000 : 0 : 510,143,900 : 2%
2022-02-01 16:19:16 : 4,900,000 : 0 : 520,498,825 : 2%
2022-02-01 16:32:59 : 5,000,000 : 0 : 530,984,825 : 2%
2022-02-01 16:46:34 : 5,100,000 : 0 : 541,470,825 : 2%
2022-02-01 17:00:07 : 5,200,000 : 0 : 552,087,900 : 2%
2022-02-01 17:13:44 : 5,300,000 : 0 : 562,442,825 : 2%
2022-02-01 17:27:08 : 5,400,000 : 0 : 572,928,825 : 2%
2022-02-01 17:40:31 : 5,500,000 : 0 : 583,414,825 : 3%
2022-02-01 17:53:47 : 5,600,000 : 0 : 593,900,825 : 3%
2022-02-01 18:07:11 : 5,700,000 : 0 : 604,255,750 : 3%
2022-02-01 18:20:37 : 5,800,000 : 0 : 614,741,750 : 3%
2022-02-01 18:34:05 : 5,900,000 : 0 : 625,227,750 : 3%
2022-02-01 18:47:44 : 6,000,000 : 0 : 646,199,750 : 3%
2022-02-01 19:01:23 : 6,100,000 : 0 : 656,685,750 : 3%
2022-02-01 19:15:15 : 6,200,000 : 0 : 667,171,750 : 3%
2022-02-01 19:28:59 : 6,300,000 : 0 : 677,526,675 : 3%
2022-02-01 19:42:45 : 6,400,000 : 0 : 687,881,600 : 3%
2022-02-01 19:57:02 : 6,500,000 : 0 : 698,367,600 : 3%
2022-02-01 20:10:59 : 6,600,000 : 0 : 708,853,600 : 3%
2022-02-01 20:24:51 : 6,700,000 : 0 : 719,208,525 : 3%
2022-02-01 20:38:32 : 6,800,000 : 0 : 729,694,525 : 3%
2022-02-01 20:52:12 : 6,900,000 : 0 : 740,049,450 : 3%
2022-02-01 21:05:51 : 7,000,000 : 0 : 750,404,375 : 3%
2022-02-01 21:19:27 : 7,100,000 : 0 : 760,628,225 : 3%
2022-02-01 21:33:00 : 7,200,000 : 0 : 770,852,075 : 3%
2022-02-01 21:46:30 : 7,300,000 : 0 : 781,207,000 : 3%
2022-02-01 22:00:08 : 7,400,000 : 0 : 791,561,925 : 3%
2022-02-01 22:14:11 : 7,500,000 : 0 : 801,785,775 : 3%
2022-02-01 22:28:17 : 7,600,000 : 0 : 812,140,700 : 4%
2022-02-01 22:42:38 : 7,700,000 : 0 : 822,495,625 : 4%
2022-02-01 22:57:03 : 7,800,000 : 0 : 832,719,475 : 4%
2022-02-01 23:11:57 : 7,900,000 : 0 : 843,074,400 : 4%
2022-02-01 23:26:59 : 8,000,000 : 0 : 853,298,250 : 4%
2022-02-01 23:42:14 : 8,100,000 : 0 : 863,653,175 : 4%
2022-02-01 23:57:38 : 8,200,000 : 0 : 873,877,025 : 4%
2022-02-02 00:13:03 : 8,300,000 : 0 : 883,969,800 : 4%
2022-02-02 00:28:31 : 8,400,000 : 0 : 894,062,575 : 4%
2022-02-02 00:44:08 : 8,500,000 : 0 : 914,248,125 : 4%
2022-02-02 00:59:48 : 8,600,000 : 0 : 924,209,825 : 4%
2022-02-02 01:15:18 : 8,700,000 : 0 : 934,040,450 : 4%
2022-02-02 01:30:34 : 8,800,000 : 0 : 944,002,150 : 4%
2022-02-02 01:45:53 : 8,900,000 : 0 : 953,832,775 : 4%
2022-02-02 02:01:07 : 9,000,000 : 0 : 963,663,400 : 4%
2022-02-02 02:16:31 : 9,100,000 : 0 : 973,494,025 : 4%
2022-02-02 02:31:45 : 9,200,000 : 0 : 983,324,650 : 4%
2022-02-02 02:47:11 : 9,300,000 : 0 : 993,155,275 : 4%
2022-02-02 03:02:47 : 9,400,000 : 0 : 1,003,116,975 : 4%
2022-02-02 03:18:54 : 9,500,000 : 0 : 1,013,078,675 : 4%
2022-02-02 03:35:05 : 9,600,000 : 0 : 1,022,909,300 : 4%
2022-02-02 03:51:27 : 9,700,000 : 0 : 1,033,133,150 : 5%
2022-02-02 04:08:00 : 9,800,000 : 0 : 1,043,094,850 : 5%
2022-02-02 04:25:25 : 9,900,000 : 0 : 1,053,056,550 : 5%
2022-02-02 04:43:29 : 10,000,000 : 0 : 1,063,018,250 : 5%
2022-02-02 05:02:25 : 10,100,000 : 0 : 1,073,111,025 : 5%
2022-02-02 05:22:13 : 10,200,000 : 0 : 1,083,072,725 : 5%
2022-02-02 05:42:47 : 10,300,000 : 0 : 1,093,034,425 : 5%
2022-02-02 06:04:42 : 10,400,000 : 0 : 1,103,127,200 : 5%
2022-02-02 06:27:42 : 10,500,000 : 0 : 1,113,088,900 : 5%
2022-02-02 06:52:28 : 10,600,000 : 0 : 1,123,312,750 : 5%
2022-02-02 07:18:52 : 10,700,000 : 0 : 1,133,405,525 : 5%
2022-02-02 07:46:19 : 10,800,000 : 0 : 1,143,498,300 : 5%
2022-02-02 08:14:33 : 10,900,000 : 0 : 1,153,591,075 : 5%
2022-02-02 08:43:40 : 11,000,000 : 0 : 1,163,814,925 : 5%
2022-02-02 09:13:24 : 11,100,000 : 0 : 1,174,038,775 : 5%
Decoding error with 134,217,728 bytes, reading another chunk
2022-02-02 09:43:12 : 11,200,000 : 0 : 1,194,093,250 : 5%
2022-02-02 10:12:06 : 11,300,000 : 0 : 1,194,093,250 : 5%
2022-02-02 10:40:29 : 11,400,000 : 0 : 1,204,054,950 : 5%
2022-02-02 11:07:39 : 11,500,000 : 0 : 1,214,016,650 : 5%
2022-02-02 11:34:11 : 11,600,000 : 0 : 1,224,109,425 : 5%
2022-02-02 11:58:50 : 11,700,000 : 0 : 1,244,294,975 : 5%
2022-02-02 12:21:56 : 11,800,000 : 0 : 1,254,387,750 : 5%
2022-02-02 12:43:49 : 11,900,000 : 0 : 1,264,742,675 : 6%
2022-02-02 13:04:02 : 12,000,000 : 0 : 1,274,966,525 : 6%
2022-02-02 13:22:59 : 12,100,000 : 0 : 1,285,190,375 : 6%
2022-02-02 13:40:36 : 12,200,000 : 0 : 1,295,414,225 : 6%
2022-02-02 13:57:28 : 12,300,000 : 0 : 1,305,769,150 : 6%
2022-02-02 14:13:55 : 12,400,000 : 0 : 1,316,124,075 : 6%
2022-02-02 14:29:36 : 12,500,000 : 0 : 1,326,610,075 : 6%
2022-02-02 14:45:02 : 12,600,000 : 0 : 1,337,096,075 : 6%
2022-02-02 14:59:56 : 12,700,000 : 0 : 1,347,451,000 : 6%
2022-02-02 15:14:51 : 12,800,000 : 0 : 1,358,068,075 : 6%
2022-02-02 15:29:09 : 12,900,000 : 0 : 1,368,554,075 : 6%
2022-02-02 15:43:23 : 13,000,000 : 0 : 1,379,040,075 : 6%
2022-02-02 15:57:13 : 13,100,000 : 0 : 1,389,526,075 : 6%
2022-02-02 16:11:03 : 13,200,000 : 0 : 1,400,012,075 : 6%
2022-02-02 16:24:41 : 13,300,000 : 0 : 1,410,498,075 : 6%
2022-02-02 16:38:08 : 13,400,000 : 0 : 1,421,115,150 : 6%
2022-02-02 16:51:21 : 13,500,000 : 0 : 1,431,470,075 : 6%
2022-02-02 17:04:41 : 13,600,000 : 0 : 1,441,956,075 : 6%
2022-02-02 17:18:13 : 13,700,000 : 0 : 1,452,442,075 : 6%
2022-02-02 17:31:34 : 13,800,000 : 0 : 1,462,928,075 : 6%
2022-02-02 17:45:03 : 13,900,000 : 0 : 1,473,414,075 : 6%
2022-02-02 17:58:27 : 14,000,000 : 0 : 1,483,769,000 : 6%
2022-02-02 18:12:06 : 14,100,000 : 0 : 1,494,255,000 : 7%
2022-02-02 18:25:55 : 14,200,000 : 0 : 1,504,609,925 : 7%
2022-02-02 18:39:32 : 14,300,000 : 0 : 1,515,095,925 : 7%
2022-02-02 18:53:10 : 14,400,000 : 0 : 1,536,067,925 : 7%
2022-02-02 19:06:52 : 14,500,000 : 0 : 1,546,553,925 : 7%
2022-02-02 19:20:36 : 14,600,000 : 0 : 1,557,039,925 : 7%
2022-02-02 19:34:32 : 14,700,000 : 0 : 1,567,525,925 : 7%
2022-02-02 19:48:50 : 14,800,000 : 0 : 1,577,880,850 : 7%
2022-02-02 20:03:02 : 14,900,000 : 0 : 1,588,235,775 : 7%
2022-02-02 20:17:31 : 15,000,000 : 0 : 1,598,590,700 : 7%
2022-02-02 20:31:33 : 15,100,000 : 0 : 1,608,814,550 : 7%
2022-02-02 20:45:01 : 15,200,000 : 0 : 1,619,169,475 : 7%
2022-02-02 20:58:24 : 15,300,000 : 0 : 1,629,393,325 : 7%
2022-02-02 21:11:34 : 15,400,000 : 0 : 1,639,617,175 : 7%
2022-02-02 21:24:38 : 15,500,000 : 0 : 1,649,972,100 : 7%
2022-02-02 21:37:52 : 15,600,000 : 0 : 1,660,195,950 : 7%
2022-02-02 21:51:15 : 15,700,000 : 0 : 1,670,550,875 : 7%
2022-02-02 22:04:59 : 15,800,000 : 0 : 1,680,774,725 : 7%
2022-02-02 22:18:58 : 15,900,000 : 0 : 1,691,129,650 : 7%
2022-02-02 22:33:00 : 16,000,000 : 0 : 1,701,353,500 : 7%
2022-02-02 22:47:13 : 16,100,000 : 0 : 1,711,708,425 : 7%
2022-02-02 23:01:36 : 16,200,000 : 0 : 1,721,932,275 : 8%
2022-02-02 23:16:19 : 16,300,000 : 0 : 1,732,287,200 : 8%
2022-02-02 23:31:07 : 16,400,000 : 0 : 1,742,511,050 : 8%
2022-02-02 23:46:07 : 16,500,000 : 0 : 1,752,734,900 : 8%
2022-02-03 00:01:22 : 16,600,000 : 0 : 1,762,958,750 : 8%
2022-02-03 00:17:15 : 16,700,000 : 0 : 1,773,182,600 : 8%
2022-02-03 00:32:57 : 16,800,000 : 0 : 1,783,406,450 : 8%
2022-02-03 00:48:29 : 16,900,000 : 0 : 1,793,368,150 : 8%
2022-02-03 01:03:55 : 17,000,000 : 0 : 1,803,460,925 : 8%
2022-02-03 01:19:25 : 17,100,000 : 0 : 1,823,253,250 : 8%
2022-02-03 01:34:47 : 17,200,000 : 0 : 1,833,214,950 : 8%
2022-02-03 01:50:24 : 17,300,000 : 0 : 1,843,045,575 : 8%
2022-02-03 02:05:55 : 17,400,000 : 0 : 1,852,876,200 : 8%
2022-02-03 02:21:17 : 17,500,000 : 0 : 1,862,706,825 : 8%
2022-02-03 02:36:39 : 17,600,000 : 0 : 1,872,406,375 : 8%
2022-02-03 02:52:02 : 17,700,000 : 0 : 1,882,237,000 : 8%
2022-02-03 03:07:44 : 17,800,000 : 0 : 1,892,198,700 : 8%
2022-02-03 03:24:10 : 17,900,000 : 0 : 1,902,160,400 : 8%
2022-02-03 03:40:31 : 18,000,000 : 0 : 1,912,122,100 : 8%
2022-02-03 03:57:11 : 18,100,000 : 0 : 1,921,952,725 : 8%
2022-02-03 04:14:16 : 18,200,000 : 0 : 1,931,914,425 : 8%
2022-02-03 04:32:09 : 18,300,000 : 0 : 1,941,876,125 : 8%
2022-02-03 04:50:33 : 18,400,000 : 0 : 1,951,706,750 : 9%
2022-02-03 05:09:35 : 18,500,000 : 0 : 1,961,668,450 : 9%
2022-02-03 05:29:40 : 18,600,000 : 0 : 1,971,761,225 : 9%
2022-02-03 05:50:53 : 18,700,000 : 0 : 1,981,591,850 : 9%
2022-02-03 06:12:49 : 18,800,000 : 0 : 1,991,553,550 : 9%
2022-02-03 06:35:55 : 18,900,000 : 0 : 2,001,515,250 : 9%
2022-02-03 07:00:03 : 19,000,000 : 0 : 2,011,476,950 : 9%
2022-02-03 07:25:15 : 19,100,000 : 0 : 2,021,438,650 : 9%
2022-02-03 07:51:17 : 19,200,000 : 0 : 2,031,400,350 : 9%
2022-02-03 08:18:34 : 19,300,000 : 0 : 2,041,362,050 : 9%
2022-02-03 08:46:31 : 19,400,000 : 0 : 2,051,323,750 : 9%
2022-02-03 09:15:37 : 19,500,000 : 0 : 2,061,285,450 : 9%
2022-02-03 09:45:11 : 19,600,000 : 0 : 2,071,247,150 : 9%
2022-02-03 10:14:30 : 19,700,000 : 0 : 2,081,208,850 : 9%
2022-02-03 10:43:04 : 19,800,000 : 0 : 2,091,170,550 : 9%
2022-02-03 11:10:42 : 19,900,000 : 0 : 2,101,263,325 : 9%
2022-02-03 11:36:43 : 20,000,000 : 0 : 2,111,225,025 : 9%
2022-02-03 12:01:13 : 20,100,000 : 0 : 2,121,317,800 : 9%
2022-02-03 12:24:05 : 20,200,000 : 0 : 2,131,410,575 : 9%
2022-02-03 12:45:26 : 20,300,000 : 0 : 2,141,503,350 : 9%
2022-02-03 13:05:29 : 20,400,000 : 0 : 2,151,727,200 : 9%
2022-02-03 13:24:30 : 20,500,000 : 0 : 2,162,082,125 : 9%
2022-02-03 13:42:41 : 20,600,000 : 0 : 2,182,660,900 : 10%
2022-02-03 13:59:49 : 20,700,000 : 0 : 2,193,015,825 : 10%
2022-02-03 14:16:24 : 20,800,000 : 0 : 2,203,501,825 : 10%
2022-02-03 14:32:17 : 20,900,000 : 0 : 2,213,987,825 : 10%
2022-02-03 14:47:53 : 21,000,000 : 0 : 2,224,342,750 : 10%
2022-02-03 15:02:58 : 21,100,000 : 0 : 2,234,828,750 : 10%
2022-02-03 15:17:39 : 21,200,000 : 0 : 2,245,183,675 : 10%
2022-02-03 15:31:57 : 21,300,000 : 0 : 2,255,538,600 : 10%
2022-02-03 15:46:07 : 21,400,000 : 0 : 2,266,024,600 : 10%
2022-02-03 16:00:00 : 21,500,000 : 0 : 2,276,641,675 : 10%
2022-02-03 16:13:58 : 21,600,000 : 0 : 2,286,996,600 : 10%
2022-02-03 16:27:31 : 21,700,000 : 0 : 2,297,613,675 : 10%
2022-02-03 16:40:53 : 21,800,000 : 0 : 2,308,099,675 : 10%
2022-02-03 16:54:15 : 21,900,000 : 0 : 2,318,716,750 : 10%
2022-02-03 17:07:39 : 22,000,000 : 0 : 2,329,202,750 : 10%
2022-02-03 17:21:06 : 22,100,000 : 0 : 2,339,688,750 : 10%
2022-02-03 17:34:21 : 22,200,000 : 0 : 2,350,174,750 : 10%
2022-02-03 17:47:31 : 22,300,000 : 0 : 2,360,529,675 : 10%
2022-02-03 18:00:33 : 22,400,000 : 0 : 2,371,146,750 : 10%
2022-02-03 18:13:56 : 22,500,000 : 0 : 2,381,501,675 : 10%
2022-02-03 18:27:09 : 22,600,000 : 0 : 2,391,987,675 : 10%
2022-02-03 18:40:19 : 22,700,000 : 0 : 2,402,473,675 : 10%
2022-02-03 18:53:32 : 22,800,000 : 0 : 2,412,828,600 : 11%
2022-02-03 19:07:06 : 22,900,000 : 0 : 2,423,314,600 : 11%
2022-02-03 19:21:03 : 23,000,000 : 0 : 2,433,669,525 : 11%
2022-02-03 19:34:57 : 23,100,000 : 0 : 2,444,155,525 : 11%
2022-02-03 19:48:50 : 23,200,000 : 0 : 2,464,734,300 : 11%
2022-02-03 20:02:56 : 23,300,000 : 0 : 2,475,220,300 : 11%
2022-02-03 20:17:26 : 23,400,000 : 0 : 2,485,444,150 : 11%
2022-02-03 20:31:48 : 23,500,000 : 0 : 2,495,799,075 : 11%
2022-02-03 20:46:31 : 23,600,000 : 0 : 2,506,022,925 : 11%
2022-02-03 21:01:27 : 23,700,000 : 0 : 2,516,246,775 : 11%
2022-02-03 21:15:15 : 23,800,000 : 0 : 2,526,470,625 : 11%
2022-02-03 21:28:47 : 23,900,000 : 0 : 2,536,825,550 : 11%
2022-02-03 21:42:33 : 24,000,000 : 0 : 2,547,049,400 : 11%
2022-02-03 21:56:15 : 24,100,000 : 0 : 2,557,273,250 : 11%
2022-02-03 22:10:18 : 24,200,000 : 0 : 2,567,628,175 : 11%
2022-02-03 22:24:34 : 24,300,000 : 0 : 2,577,852,025 : 11%
2022-02-03 22:39:02 : 24,400,000 : 0 : 2,588,206,950 : 11%
2022-02-03 22:53:33 : 24,500,000 : 0 : 2,598,430,800 : 11%
2022-02-03 23:08:24 : 24,600,000 : 0 : 2,608,654,650 : 11%
2022-02-03 23:23:28 : 24,700,000 : 0 : 2,618,747,425 : 11%
2022-02-03 23:38:33 : 24,800,000 : 0 : 2,628,971,275 : 11%
2022-02-03 23:53:59 : 24,900,000 : 0 : 2,639,195,125 : 11%
2022-02-04 00:09:43 : 25,000,000 : 0 : 2,649,418,975 : 12%
2022-02-04 00:25:28 : 25,100,000 : 0 : 2,659,511,750 : 12%
2022-02-04 00:41:14 : 25,200,000 : 0 : 2,669,735,600 : 12%
2022-02-04 00:57:09 : 25,300,000 : 0 : 2,679,828,375 : 12%
2022-02-04 01:13:14 : 25,400,000 : 0 : 2,689,921,150 : 12%
2022-02-04 01:29:32 : 25,500,000 : 0 : 2,700,013,925 : 12%
2022-02-04 01:46:00 : 25,600,000 : 0 : 2,709,975,625 : 12%
2022-02-04 02:02:12 : 25,700,000 : 0 : 2,719,937,325 : 12%
2022-02-04 02:18:34 : 25,800,000 : 0 : 2,729,899,025 : 12%
2022-02-04 02:34:45 : 25,900,000 : 0 : 2,739,860,725 : 12%
2022-02-04 02:51:03 : 26,000,000 : 0 : 2,749,691,350 : 12%
2022-02-04 03:07:29 : 26,100,000 : 0 : 2,759,653,050 : 12%
2022-02-04 03:24:10 : 26,200,000 : 0 : 2,779,576,450 : 12%
2022-02-04 03:41:20 : 26,300,000 : 0 : 2,789,407,075 : 12%
2022-02-04 03:58:44 : 26,400,000 : 0 : 2,799,368,775 : 12%
2022-02-04 04:16:26 : 26,500,000 : 0 : 2,809,330,475 : 12%
2022-02-04 04:34:50 : 26,600,000 : 0 : 2,819,161,100 : 12%
2022-02-04 04:53:49 : 26,700,000 : 0 : 2,828,991,725 : 12%
2022-02-04 05:13:27 : 26,800,000 : 0 : 2,838,822,350 : 12%
2022-02-04 05:33:26 : 26,900,000 : 0 : 2,848,652,975 : 12%
2022-02-04 05:54:27 : 27,000,000 : 0 : 2,858,483,600 : 12%
2022-02-04 06:16:36 : 27,100,000 : 0 : 2,868,445,300 : 12%
2022-02-04 06:39:50 : 27,200,000 : 0 : 2,878,407,000 : 13%
2022-02-04 07:04:03 : 27,300,000 : 0 : 2,888,499,775 : 13%
2022-02-04 07:29:59 : 27,400,000 : 0 : 2,898,461,475 : 13%
2022-02-04 07:56:21 : 27,500,000 : 0 : 2,908,423,175 : 13%
2022-02-04 08:23:50 : 27,600,000 : 0 : 2,918,384,875 : 13%
2022-02-04 08:52:20 : 27,700,000 : 0 : 2,928,477,650 : 13%
2022-02-04 09:22:11 : 27,800,000 : 0 : 2,938,439,350 : 13%
2022-02-04 09:51:50 : 27,900,000 : 0 : 2,948,401,050 : 13%
2022-02-04 10:21:38 : 28,000,000 : 0 : 2,958,362,750 : 13%
2022-02-04 10:50:45 : 28,100,000 : 0 : 2,968,455,525 : 13%
2022-02-04 11:18:49 : 28,200,000 : 0 : 2,978,417,225 : 13%
2022-02-04 11:45:06 : 28,300,000 : 0 : 2,988,510,000 : 13%
2022-02-04 12:09:50 : 28,400,000 : 0 : 2,998,602,775 : 13%
2022-02-04 12:32:48 : 28,500,000 : 0 : 3,008,695,550 : 13%
2022-02-04 12:54:04 : 28,600,000 : 0 : 3,018,788,325 : 13%
2022-02-04 13:14:06 : 28,700,000 : 0 : 3,029,012,175 : 13%
2022-02-04 13:32:55 : 28,800,000 : 0 : 3,039,236,025 : 13%
2022-02-04 13:50:37 : 28,900,000 : 0 : 3,049,722,025 : 13%
2022-02-04 14:07:34 : 29,000,000 : 0 : 3,059,945,875 : 13%
2022-02-04 14:24:02 : 29,100,000 : 0 : 3,070,431,875 : 13%
2022-02-04 14:39:56 : 29,200,000 : 0 : 3,080,786,800 : 13%
2022-02-04 14:55:17 : 29,300,000 : 0 : 3,091,272,800 : 13%
2022-02-04 15:10:19 : 29,400,000 : 0 : 3,101,627,725 : 14%
2022-02-04 15:25:00 : 29,500,000 : 0 : 3,112,113,725 : 14%
2022-02-04 15:39:21 : 29,600,000 : 0 : 3,132,823,575 : 14%
2022-02-04 15:53:13 : 29,700,000 : 0 : 3,143,440,650 : 14%
2022-02-04 16:07:04 : 29,800,000 : 0 : 3,153,926,650 : 14%
2022-02-04 16:20:47 : 29,900,000 : 0 : 3,164,281,575 : 14%
2022-02-04 16:34:18 : 30,000,000 : 0 : 3,174,898,650 : 14%
2022-02-04 16:47:49 : 30,100,000 : 0 : 3,185,384,650 : 14%
2022-02-04 17:01:18 : 30,200,000 : 0 : 3,195,739,575 : 14%
2022-02-04 17:14:45 : 30,300,000 : 0 : 3,206,225,575 : 14%
2022-02-04 17:28:12 : 30,400,000 : 0 : 3,216,711,575 : 14%
2022-02-04 17:41:32 : 30,500,000 : 0 : 3,227,066,500 : 14%
2022-02-04 17:55:00 : 30,600,000 : 0 : 3,237,552,500 : 14%
2022-02-04 18:08:24 : 30,700,000 : 0 : 3,247,907,425 : 14%
2022-02-04 18:22:03 : 30,800,000 : 0 : 3,258,393,425 : 14%
2022-02-04 18:35:45 : 30,900,000 : 0 : 3,268,879,425 : 14%
2022-02-04 18:49:23 : 31,000,000 : 0 : 3,279,365,425 : 14%
2022-02-04 19:03:07 : 31,100,000 : 0 : 3,289,720,350 : 14%
2022-02-04 19:17:09 : 31,200,000 : 0 : 3,300,206,350 : 14%
2022-02-04 19:31:00 : 31,300,000 : 0 : 3,310,561,275 : 14%
2022-02-04 19:44:53 : 31,400,000 : 0 : 3,320,916,200 : 14%
2022-02-04 19:58:40 : 31,500,000 : 0 : 3,331,271,125 : 15%
2022-02-04 20:12:41 : 31,600,000 : 0 : 3,341,494,975 : 15%
2022-02-04 20:26:27 : 31,700,000 : 0 : 3,351,849,900 : 15%
2022-02-04 20:40:22 : 31,800,000 : 0 : 3,362,073,750 : 15%
2022-02-04 20:54:19 : 31,900,000 : 0 : 3,372,428,675 : 15%
2022-02-04 21:08:20 : 32,000,000 : 0 : 3,382,652,525 : 15%
2022-02-04 21:22:23 : 32,100,000 : 0 : 3,392,876,375 : 15%
2022-02-04 21:36:21 : 32,200,000 : 0 : 3,403,100,225 : 15%
2022-02-04 21:50:33 : 32,300,000 : 0 : 3,423,547,925 : 15%
2022-02-04 22:04:44 : 32,400,000 : 0 : 3,433,771,775 : 15%
2022-02-04 22:19:17 : 32,500,000 : 0 : 3,443,995,625 : 15%
2022-02-04 22:33:57 : 32,600,000 : 0 : 3,454,088,400 : 15%
2022-02-04 22:49:02 : 32,700,000 : 0 : 3,464,181,175 : 15%
2022-02-04 23:03:49 : 32,800,000 : 0 : 3,474,405,025 : 15%
2022-02-04 23:19:04 : 32,900,000 : 0 : 3,484,628,875 : 15%
2022-02-04 23:34:42 : 33,000,000 : 0 : 3,494,721,650 : 15%
2022-02-04 23:50:34 : 33,100,000 : 0 : 3,504,945,500 : 15%
2022-02-05 00:06:40 : 33,200,000 : 0 : 3,515,038,275 : 15%
2022-02-05 00:22:50 : 33,300,000 : 0 : 3,525,131,050 : 15%
2022-02-05 00:39:09 : 33,400,000 : 0 : 3,535,223,825 : 15%
2022-02-05 00:55:42 : 33,500,000 : 0 : 3,545,316,600 : 15%
2022-02-05 01:12:24 : 33,600,000 : 0 : 3,555,147,225 : 15%
2022-02-05 01:29:27 : 33,700,000 : 0 : 3,565,108,925 : 16%
2022-02-05 01:46:36 : 33,800,000 : 0 : 3,575,070,625 : 16%
2022-02-05 02:03:54 : 33,900,000 : 0 : 3,584,901,250 : 16%
2022-02-05 02:20:51 : 34,000,000 : 0 : 3,594,469,725 : 16%
2022-02-05 02:37:39 : 34,100,000 : 0 : 3,604,300,350 : 16%
2022-02-05 02:54:57 : 34,200,000 : 0 : 3,613,999,900 : 16%
2022-02-05 03:12:52 : 34,300,000 : 0 : 3,623,961,600 : 16%
2022-02-05 03:30:59 : 34,400,000 : 0 : 3,633,792,225 : 16%
2022-02-05 03:49:05 : 34,500,000 : 0 : 3,643,491,775 : 16%
2022-02-05 04:07:31 : 34,600,000 : 0 : 3,653,322,400 : 16%
2022-02-05 04:26:33 : 34,700,000 : 0 : 3,663,153,025 : 16%
2022-02-05 04:46:28 : 34,800,000 : 0 : 3,672,852,575 : 16%
2022-02-05 05:06:59 : 34,900,000 : 0 : 3,682,683,200 : 16%
2022-02-05 05:28:24 : 35,000,000 : 0 : 3,692,513,825 : 16%
2022-02-05 05:50:54 : 35,100,000 : 0 : 3,702,213,375 : 16%
2022-02-05 06:14:04 : 35,200,000 : 0 : 3,712,044,000 : 16%
2022-02-05 06:38:27 : 35,300,000 : 0 : 3,721,874,625 : 16%
2022-02-05 07:04:10 : 35,400,000 : 0 : 3,731,574,175 : 16%
2022-02-05 07:31:12 : 35,500,000 : 0 : 3,741,273,725 : 16%
2022-02-05 07:59:18 : 35,600,000 : 0 : 3,750,973,275 : 16%
2022-02-05 08:27:27 : 35,700,000 : 0 : 3,770,634,525 : 16%
2022-02-05 08:56:28 : 35,800,000 : 0 : 3,780,465,150 : 16%
2022-02-05 09:26:25 : 35,900,000 : 0 : 3,790,295,775 : 17%
2022-02-05 09:56:28 : 36,000,000 : 0 : 3,799,995,325 : 17%
2022-02-05 10:26:12 : 36,100,000 : 0 : 3,809,694,875 : 17%
2022-02-05 10:56:21 : 36,200,000 : 0 : 3,819,656,575 : 17%
2022-02-05 11:26:27 : 36,300,000 : 0 : 3,829,618,275 : 17%
2022-02-05 11:55:04 : 36,400,000 : 0 : 3,839,448,900 : 17%
2022-02-05 12:22:35 : 36,500,000 : 0 : 3,849,279,525 : 17%
2022-02-05 12:47:48 : 36,600,000 : 0 : 3,859,241,225 : 17%
2022-02-05 13:10:54 : 36,700,000 : 0 : 3,869,202,925 : 17%
2022-02-05 13:32:36 : 36,800,000 : 0 : 3,879,295,700 : 17%
2022-02-05 13:52:50 : 36,900,000 : 0 : 3,889,388,475 : 17%
2022-02-05 14:11:57 : 37,000,000 : 0 : 3,899,481,250 : 17%
2022-02-05 14:30:11 : 37,100,000 : 0 : 3,909,574,025 : 17%
2022-02-05 14:47:43 : 37,200,000 : 0 : 3,919,535,725 : 17%
2022-02-05 15:04:30 : 37,300,000 : 0 : 3,929,628,500 : 17%
2022-02-05 15:20:49 : 37,400,000 : 0 : 3,939,852,350 : 17%
2022-02-05 15:36:53 : 37,500,000 : 0 : 3,950,076,200 : 17%
2022-02-05 15:52:31 : 37,600,000 : 0 : 3,960,300,050 : 17%
2022-02-05 16:07:44 : 37,700,000 : 0 : 3,970,523,900 : 17%
2022-02-05 16:22:49 : 37,800,000 : 0 : 3,980,616,675 : 17%
2022-02-05 16:37:33 : 37,900,000 : 0 : 3,990,840,525 : 17%
2022-02-05 16:52:07 : 38,000,000 : 0 : 4,001,064,375 : 17%
2022-02-05 17:06:35 : 38,100,000 : 0 : 4,011,157,150 : 17%
2022-02-05 17:21:07 : 38,200,000 : 0 : 4,021,249,925 : 18%
2022-02-05 17:35:29 : 38,300,000 : 0 : 4,031,473,775 : 18%
2022-02-05 17:49:45 : 38,400,000 : 0 : 4,041,566,550 : 18%
2022-02-05 18:04:25 : 38,500,000 : 0 : 4,051,659,325 : 18%
2022-02-05 18:29:00 : 38,600,000 : 0 : 4,061,227,800 : 18%
2022-02-05 18:48:49 : 38,700,000 : 0 : 4,070,796,275 : 18%
2022-02-05 19:05:50 : 38,800,000 : 0 : 4,080,889,050 : 18%
2022-02-05 19:22:55 : 38,900,000 : 0 : 4,090,981,825 : 18%
2022-02-05 19:41:33 : 39,000,000 : 0 : 4,101,205,675 : 18%
2022-02-05 20:05:28 : 39,100,000 : 0 : 4,111,036,300 : 18%
2022-02-05 20:30:03 : 39,200,000 : 0 : 4,130,697,550 : 18%
2022-02-05 20:49:30 : 39,300,000 : 0 : 4,140,659,250 : 18%
2022-02-05 21:07:20 : 39,400,000 : 0 : 4,150,489,875 : 18%
2022-02-05 21:24:50 : 39,500,000 : 0 : 4,160,320,500 : 18%
2022-02-05 21:42:00 : 39,600,000 : 0 : 4,170,282,200 : 18%
2022-02-05 21:59:04 : 39,700,000 : 0 : 4,180,243,900 : 18%
Decoding error with 134,217,728 bytes, reading another chunk
2022-02-05 22:16:04 : 39,800,000 : 0 : 4,200,298,375 : 18%
2022-02-05 22:32:51 : 39,900,000 : 0 : 4,200,298,375 : 18%
2022-02-05 22:49:30 : 40,000,000 : 0 : 4,210,260,075 : 18%
2022-02-05 23:06:01 : 40,100,000 : 0 : 4,220,221,775 : 18%
2022-02-05 23:22:37 : 40,200,000 : 0 : 4,230,183,475 : 18%
2022-02-05 23:39:22 : 40,300,000 : 0 : 4,240,145,175 : 18%
2022-02-05 23:56:10 : 40,400,000 : 0 : 4,249,975,800 : 19%
2022-02-06 00:13:12 : 40,500,000 : 0 : 4,260,068,575 : 19%
2022-02-06 00:30:26 : 40,600,000 : 0 : 4,270,030,275 : 19%
2022-02-06 00:47:38 : 40,700,000 : 0 : 4,279,860,900 : 19%
2022-02-06 01:05:06 : 40,800,000 : 0 : 4,289,822,600 : 19%
2022-02-06 01:22:39 : 40,900,000 : 0 : 4,299,653,225 : 19%
2022-02-06 01:40:10 : 41,000,000 : 0 : 4,309,614,925 : 19%
2022-02-06 01:57:03 : 41,100,000 : 0 : 4,319,314,475 : 19%
2022-02-06 02:14:10 : 41,200,000 : 0 : 4,329,145,100 : 19%
2022-02-06 02:31:30 : 41,300,000 : 0 : 4,338,713,575 : 19%
2022-02-06 02:49:02 : 41,400,000 : 0 : 4,348,413,125 : 19%
2022-02-06 03:06:38 : 41,500,000 : 0 : 4,358,243,750 : 19%
2022-02-06 03:24:20 : 41,600,000 : 0 : 4,367,943,300 : 19%
2022-02-06 04:50:17 : 41,700,000 : 0 : 4,377,380,700 : 19%
2022-02-06 06:11:32 : 41,800,000 : 0 : 4,386,555,950 : 19%
2022-02-06 06:40:04 : 41,900,000 : 0 : 4,396,124,425 : 19%
2022-02-06 07:07:39 : 42,000,000 : 0 : 4,405,955,050 : 19%
2022-02-06 07:36:01 : 42,100,000 : 0 : 4,415,654,600 : 19%
2022-02-06 08:05:13 : 42,200,000 : 0 : 4,425,485,225 : 19%
2022-02-06 08:34:05 : 42,300,000 : 0 : 4,435,315,850 : 19%
2022-02-06 09:03:18 : 42,400,000 : 0 : 4,445,277,550 : 19%
2022-02-06 09:32:56 : 42,500,000 : 0 : 4,455,108,175 : 19%
2022-02-06 10:03:33 : 42,600,000 : 0 : 4,474,769,425 : 19%
2022-02-06 10:33:33 : 42,700,000 : 0 : 4,484,600,050 : 20%
2022-02-06 11:03:44 : 42,800,000 : 0 : 4,494,430,675 : 20%
2022-02-06 11:33:24 : 42,900,000 : 0 : 4,504,392,375 : 20%
2022-02-06 12:02:17 : 43,000,000 : 0 : 4,514,223,000 : 20%
2022-02-06 12:29:11 : 43,100,000 : 0 : 4,524,315,775 : 20%
2022-02-06 12:53:24 : 43,200,000 : 0 : 4,534,146,400 : 20%
2022-02-06 13:15:56 : 43,300,000 : 0 : 4,544,108,100 : 20%
2022-02-06 13:36:46 : 43,400,000 : 0 : 4,553,938,725 : 20%
2022-02-06 13:56:43 : 43,500,000 : 0 : 4,564,031,500 : 20%
2022-02-06 14:15:36 : 43,600,000 : 0 : 4,573,993,200 : 20%
2022-02-06 14:33:38 : 43,700,000 : 0 : 4,584,217,050 : 20%
2022-02-06 14:51:22 : 43,800,000 : 0 : 4,594,440,900 : 20%
2022-02-06 15:08:17 : 43,900,000 : 0 : 4,604,533,675 : 20%
2022-02-06 15:24:50 : 44,000,000 : 0 : 4,614,757,525 : 20%
2022-02-06 15:40:46 : 44,100,000 : 0 : 4,624,981,375 : 20%
2022-02-06 15:56:22 : 44,200,000 : 0 : 4,635,205,225 : 20%
2022-02-06 16:11:31 : 44,300,000 : 0 : 4,645,429,075 : 20%
2022-02-06 16:26:31 : 44,400,000 : 0 : 4,655,652,925 : 20%
2022-02-06 16:41:25 : 44,500,000 : 0 : 4,665,876,775 : 20%
2022-02-06 16:56:16 : 44,600,000 : 0 : 4,676,231,700 : 20%
2022-02-06 17:10:58 : 44,700,000 : 0 : 4,686,455,550 : 20%
2022-02-06 17:25:31 : 44,800,000 : 0 : 4,696,548,325 : 20%
2022-02-06 17:40:09 : 44,900,000 : 0 : 4,706,903,250 : 21%
2022-02-06 17:54:50 : 45,000,000 : 0 : 4,717,127,100 : 21%
2022-02-06 18:09:37 : 45,100,000 : 0 : 4,727,482,025 : 21%
2022-02-06 18:24:25 : 45,200,000 : 0 : 4,737,705,875 : 21%
2022-02-06 18:39:29 : 45,300,000 : 0 : 4,758,284,650 : 21%
2022-02-06 18:54:24 : 45,400,000 : 0 : 4,768,639,575 : 21%
2022-02-06 19:09:24 : 45,500,000 : 0 : 4,778,863,425 : 21%
2022-02-06 19:24:30 : 45,600,000 : 0 : 4,789,087,275 : 21%
2022-02-06 19:39:40 : 45,700,000 : 0 : 4,799,311,125 : 21%
2022-02-06 19:54:44 : 45,800,000 : 0 : 4,809,666,050 : 21%
2022-02-06 20:09:50 : 45,900,000 : 0 : 4,819,758,825 : 21%
2022-02-06 20:24:58 : 46,000,000 : 0 : 4,829,982,675 : 21%
2022-02-06 20:39:59 : 46,100,000 : 0 : 4,840,206,525 : 21%
2022-02-06 20:55:01 : 46,200,000 : 0 : 4,850,299,300 : 21%
2022-02-06 21:10:08 : 46,300,000 : 0 : 4,860,392,075 : 21%
2022-02-06 21:25:12 : 46,400,000 : 0 : 4,870,484,850 : 21%
2022-02-06 21:40:15 : 46,500,000 : 0 : 4,880,577,625 : 21%
2022-02-06 21:55:11 : 46,600,000 : 0 : 4,890,670,400 : 21%
2022-02-06 22:10:25 : 46,700,000 : 0 : 4,900,763,175 : 21%
2022-02-06 22:25:53 : 46,800,000 : 0 : 4,910,987,025 : 21%
2022-02-06 22:41:26 : 46,900,000 : 0 : 4,921,079,800 : 21%
2022-02-06 22:56:55 : 47,000,000 : 0 : 4,931,172,575 : 21%
2022-02-06 23:12:49 : 47,100,000 : 0 : 4,941,265,350 : 22%
2022-02-06 23:28:58 : 47,200,000 : 0 : 4,951,358,125 : 22%
2022-02-06 23:45:11 : 47,300,000 : 0 : 4,961,450,900 : 22%
2022-02-07 00:01:45 : 47,400,000 : 0 : 4,971,543,675 : 22%
2022-02-07 00:18:31 : 47,500,000 : 0 : 4,981,636,450 : 22%
2022-02-07 00:35:14 : 47,600,000 : 0 : 4,991,598,150 : 22%
2022-02-07 00:51:53 : 47,700,000 : 0 : 5,001,690,925 : 22%
2022-02-07 01:08:39 : 47,800,000 : 0 : 5,011,652,625 : 22%
2022-02-07 01:25:43 : 47,900,000 : 0 : 5,021,614,325 : 22%
2022-02-07 01:43:01 : 48,000,000 : 0 : 5,041,799,875 : 22%
2022-02-07 02:00:17 : 48,100,000 : 0 : 5,051,892,650 : 22%
2022-02-07 02:17:37 : 48,200,000 : 0 : 5,061,854,350 : 22%
2022-02-07 02:34:50 : 48,300,000 : 0 : 5,071,816,050 : 22%
2022-02-07 02:52:06 : 48,400,000 : 0 : 5,081,777,750 : 22%
2022-02-07 03:09:19 : 48,500,000 : 0 : 5,091,739,450 : 22%
2022-02-07 03:26:48 : 48,600,000 : 0 : 5,101,832,225 : 22%
2022-02-07 03:44:26 : 48,700,000 : 0 : 5,111,662,850 : 22%
2022-02-07 04:02:31 : 48,800,000 : 0 : 5,121,624,550 : 22%
2022-02-07 04:20:54 : 48,900,000 : 0 : 5,131,586,250 : 22%
2022-02-07 04:40:05 : 49,000,000 : 0 : 5,141,547,950 : 22%
2022-02-07 04:59:40 : 49,100,000 : 0 : 5,151,509,650 : 22%
2022-02-07 05:19:58 : 49,200,000 : 0 : 5,161,471,350 : 22%
2022-02-07 05:41:12 : 49,300,000 : 0 : 5,171,433,050 : 23%
2022-02-07 06:03:21 : 49,400,000 : 0 : 5,181,394,750 : 23%
2022-02-07 06:26:22 : 49,500,000 : 0 : 5,191,356,450 : 23%
2022-02-07 06:50:34 : 49,600,000 : 0 : 5,201,318,150 : 23%
2022-02-07 07:16:10 : 49,700,000 : 0 : 5,211,279,850 : 23%
2022-02-07 07:42:40 : 49,800,000 : 0 : 5,221,241,550 : 23%
2022-02-07 08:10:27 : 49,900,000 : 0 : 5,231,334,325 : 23%
2022-02-07 08:39:08 : 50,000,000 : 0 : 5,241,296,025 : 23%
2022-02-07 09:09:19 : 50,100,000 : 0 : 5,251,388,800 : 23%
2022-02-07 09:39:43 : 50,200,000 : 0 : 5,261,481,575 : 23%
2022-02-07 10:10:15 : 50,300,000 : 0 : 5,271,443,275 : 23%
2022-02-07 10:40:20 : 50,400,000 : 0 : 5,281,667,125 : 23%
2022-02-07 11:09:53 : 50,500,000 : 0 : 5,291,759,900 : 23%
2022-02-07 11:37:03 : 50,600,000 : 0 : 5,301,721,600 : 23%
2022-02-07 12:02:31 : 50,700,000 : 0 : 5,311,814,375 : 23%
2022-02-07 12:26:06 : 50,800,000 : 0 : 5,321,907,150 : 23%
2022-02-07 12:48:35 : 50,900,000 : 0 : 5,331,999,925 : 23%
2022-02-07 13:09:08 : 51,000,000 : 0 : 5,342,092,700 : 23%
2022-02-07 13:28:33 : 51,100,000 : 0 : 5,352,316,550 : 23%
2022-02-07 13:47:13 : 51,200,000 : 0 : 5,362,671,475 : 23%
2022-02-07 14:05:14 : 51,300,000 : 0 : 5,373,157,475 : 23%
2022-02-07 14:22:30 : 51,400,000 : 0 : 5,393,998,400 : 23%
2022-02-07 14:39:07 : 51,500,000 : 0 : 5,404,353,325 : 24%
2022-02-07 14:55:13 : 51,600,000 : 0 : 5,414,839,325 : 24%
2022-02-07 15:10:57 : 51,700,000 : 0 : 5,425,325,325 : 24%
2022-02-07 15:26:23 : 51,800,000 : 0 : 5,435,811,325 : 24%
2022-02-07 15:41:27 : 51,900,000 : 0 : 5,446,428,400 : 24%
2022-02-07 15:56:05 : 52,000,000 : 0 : 5,456,914,400 : 24%
2022-02-07 16:10:40 : 52,100,000 : 0 : 5,467,400,400 : 24%
2022-02-07 16:25:33 : 52,200,000 : 0 : 5,478,017,475 : 24%
2022-02-07 16:40:37 : 52,300,000 : 0 : 5,488,503,475 : 24%
2022-02-07 16:55:24 : 52,400,000 : 0 : 5,499,120,550 : 24%
2022-02-07 17:10:22 : 52,500,000 : 0 : 5,509,737,625 : 24%
2022-02-07 17:24:56 : 52,600,000 : 0 : 5,520,223,625 : 24%
2022-02-07 17:39:01 : 52,700,000 : 0 : 5,530,709,625 : 24%
2022-02-07 17:53:03 : 52,800,000 : 0 : 5,541,326,700 : 24%
2022-02-07 18:07:23 : 52,900,000 : 0 : 5,551,812,700 : 24%
2022-02-07 18:21:49 : 53,000,000 : 0 : 5,562,429,775 : 24%
2022-02-07 18:36:14 : 53,100,000 : 0 : 5,573,046,850 : 24%
2022-02-07 18:50:30 : 53,200,000 : 0 : 5,583,532,850 : 24%
2022-02-07 19:04:52 : 53,300,000 : 0 : 5,594,149,925 : 24%
2022-02-07 19:19:25 : 53,400,000 : 0 : 5,604,767,000 : 24%
2022-02-07 19:33:53 : 53,500,000 : 0 : 5,615,253,000 : 24%
2022-02-07 19:48:17 : 53,600,000 : 0 : 5,625,870,075 : 25%
2022-02-07 20:02:33 : 53,700,000 : 0 : 5,636,356,075 : 25%
2022-02-07 20:17:03 : 53,800,000 : 0 : 5,657,459,150 : 25%
2022-02-07 20:31:25 : 53,900,000 : 0 : 5,667,945,150 : 25%
2022-02-07 20:45:47 : 54,000,000 : 0 : 5,678,300,075 : 25%
2022-02-07 20:59:54 : 54,100,000 : 0 : 5,688,786,075 : 25%
2022-02-07 21:14:02 : 54,200,000 : 0 : 5,699,141,000 : 25%
2022-02-07 21:28:03 : 54,300,000 : 0 : 5,709,758,075 : 25%
2022-02-07 21:42:26 : 54,400,000 : 0 : 5,720,113,000 : 25%
2022-02-07 21:56:59 : 54,500,000 : 0 : 5,730,599,000 : 25%
2022-02-07 22:11:54 : 54,600,000 : 0 : 5,741,085,000 : 25%
2022-02-07 22:26:47 : 54,700,000 : 0 : 5,751,439,925 : 25%
2022-02-07 22:41:55 : 54,800,000 : 0 : 5,761,794,850 : 25%
2022-02-07 22:57:03 : 54,900,000 : 0 : 5,772,280,850 : 25%
2022-02-07 23:12:33 : 55,000,000 : 0 : 5,782,635,775 : 25%
2022-02-07 23:28:07 : 55,100,000 : 0 : 5,792,990,700 : 25%
2022-02-07 23:43:55 : 55,200,000 : 0 : 5,803,214,550 : 25%
2022-02-07 23:59:58 : 55,300,000 : 0 : 5,813,569,475 : 25%
2022-02-08 00:16:11 : 55,400,000 : 0 : 5,823,924,400 : 25%
2022-02-08 00:32:15 : 55,500,000 : 0 : 5,834,148,250 : 25%
2022-02-08 00:48:28 : 55,600,000 : 0 : 5,844,372,100 : 25%
2022-02-08 01:04:56 : 55,700,000 : 0 : 5,854,727,025 : 26%
2022-02-08 01:21:17 : 55,800,000 : 0 : 5,864,819,800 : 26%
2022-02-08 01:37:24 : 55,900,000 : 0 : 5,874,912,575 : 26%
2022-02-08 01:53:15 : 56,000,000 : 0 : 5,884,874,275 : 26%
2022-02-08 02:09:12 : 56,100,000 : 0 : 5,894,835,975 : 26%
2022-02-08 02:25:09 : 56,200,000 : 0 : 5,904,928,750 : 26%
2022-02-08 02:41:01 : 56,300,000 : 0 : 5,924,852,150 : 26%
2022-02-08 02:57:20 : 56,400,000 : 0 : 5,934,944,925 : 26%
2022-02-08 03:13:55 : 56,500,000 : 0 : 5,944,906,625 : 26%
2022-02-08 03:30:37 : 56,600,000 : 0 : 5,954,999,400 : 26%
2022-02-08 03:47:36 : 56,700,000 : 0 : 5,965,092,175 : 26%
2022-02-08 04:05:10 : 56,800,000 : 0 : 5,975,184,950 : 26%
2022-02-08 04:23:16 : 56,900,000 : 0 : 5,985,146,650 : 26%
2022-02-08 04:41:47 : 57,000,000 : 0 : 5,995,239,425 : 26%
2022-02-08 05:01:08 : 57,100,000 : 0 : 6,005,201,125 : 26%
2022-02-08 05:21:19 : 57,200,000 : 0 : 6,015,293,900 : 26%
2022-02-08 05:42:38 : 57,300,000 : 0 : 6,025,386,675 : 26%
2022-02-08 06:04:56 : 57,400,000 : 0 : 6,035,479,450 : 26%
2022-02-08 06:28:13 : 57,500,000 : 0 : 6,045,441,150 : 26%
2022-02-08 06:53:18 : 57,600,000 : 0 : 6,055,533,925 : 26%
2022-02-08 07:19:24 : 57,700,000 : 0 : 6,065,495,625 : 26%
2022-02-08 07:46:57 : 57,800,000 : 0 : 6,075,457,325 : 26%
2022-02-08 08:15:18 : 57,900,000 : 0 : 6,085,550,100 : 27%
2022-02-08 08:45:23 : 58,000,000 : 0 : 6,095,642,875 : 27%
2022-02-08 09:16:27 : 58,100,000 : 0 : 6,105,735,650 : 27%
2022-02-08 09:48:00 : 58,200,000 : 0 : 6,115,959,500 : 27%
2022-02-08 10:18:56 : 58,300,000 : 0 : 6,126,052,275 : 27%
2022-02-08 10:48:42 : 58,400,000 : 0 : 6,136,145,050 : 27%
2022-02-08 11:17:23 : 58,500,000 : 0 : 6,146,106,750 : 27%
2022-02-08 11:43:53 : 58,600,000 : 0 : 6,156,330,600 : 27%
2022-02-08 12:08:41 : 58,700,000 : 0 : 6,166,423,375 : 27%
2022-02-08 12:31:29 : 58,800,000 : 0 : 6,176,647,225 : 27%
2022-02-08 12:52:39 : 58,900,000 : 0 : 6,186,740,000 : 27%
2022-02-08 13:12:51 : 59,000,000 : 0 : 6,197,094,925 : 27%
2022-02-08 13:31:51 : 59,100,000 : 0 : 6,207,318,775 : 27%
2022-02-08 13:49:53 : 59,200,000 : 0 : 6,217,673,700 : 27%
2022-02-08 14:07:22 : 59,300,000 : 0 : 6,228,159,700 : 27%
2022-02-08 14:24:05 : 59,400,000 : 0 : 6,249,000,625 : 27%
2022-02-08 14:40:20 : 59,500,000 : 0 : 6,259,486,625 : 27%
2022-02-08 14:55:59 : 59,600,000 : 0 : 6,270,103,700 : 27%
2022-02-08 15:11:17 : 59,700,000 : 0 : 6,280,589,700 : 27%
2022-02-08 15:26:15 : 59,800,000 : 0 : 6,291,206,775 : 27%
2022-02-08 15:40:59 : 59,900,000 : 0 : 6,301,692,775 : 27%
2022-02-08 15:55:14 : 60,000,000 : 0 : 6,312,309,850 : 27%
2022-02-08 16:09:18 : 60,100,000 : 0 : 6,322,795,850 : 28%
2022-02-08 16:23:13 : 60,200,000 : 0 : 6,333,281,850 : 28%
2022-02-08 16:37:03 : 60,300,000 : 0 : 6,343,767,850 : 28%
2022-02-08 16:50:41 : 60,400,000 : 0 : 6,354,253,850 : 28%
2022-02-08 17:04:17 : 60,500,000 : 0 : 6,364,739,850 : 28%
2022-02-08 17:17:54 : 60,600,000 : 0 : 6,375,225,850 : 28%
2022-02-08 17:31:10 : 60,700,000 : 0 : 6,385,580,775 : 28%
2022-02-08 17:44:29 : 60,800,000 : 0 : 6,395,935,700 : 28%
2022-02-08 17:57:37 : 60,900,000 : 0 : 6,406,421,700 : 28%
2022-02-08 18:10:53 : 61,000,000 : 0 : 6,416,776,625 : 28%
2022-02-08 18:24:11 : 61,100,000 : 0 : 6,427,262,625 : 28%
2022-02-08 18:37:28 : 61,200,000 : 0 : 6,437,617,550 : 28%
2022-02-08 18:50:49 : 61,300,000 : 0 : 6,448,103,550 : 28%
2022-02-08 19:04:14 : 61,400,000 : 0 : 6,458,589,550 : 28%
2022-02-08 19:17:54 : 61,500,000 : 0 : 6,468,944,475 : 28%
2022-02-08 19:31:30 : 61,600,000 : 0 : 6,479,430,475 : 28%
2022-02-08 19:45:17 : 61,700,000 : 0 : 6,489,916,475 : 28%
2022-02-08 19:59:02 : 61,800,000 : 0 : 6,500,402,475 : 28%
2022-02-08 20:12:48 : 61,900,000 : 0 : 6,510,757,400 : 28%
2022-02-08 20:26:09 : 62,000,000 : 0 : 6,531,336,175 : 28%
2022-02-08 20:39:46 : 62,100,000 : 0 : 6,541,691,100 : 28%
2022-02-08 20:53:16 : 62,200,000 : 0 : 6,551,914,950 : 29%
2022-02-08 21:06:45 : 62,300,000 : 0 : 6,562,269,875 : 29%
2022-02-08 21:20:16 : 62,400,000 : 0 : 6,572,493,725 : 29%
2022-02-08 21:33:49 : 62,500,000 : 0 : 6,582,848,650 : 29%
2022-02-08 21:47:29 : 62,600,000 : 0 : 6,593,203,575 : 29%
2022-02-08 22:01:06 : 62,700,000 : 0 : 6,603,558,500 : 29%
2022-02-08 22:15:12 : 62,800,000 : 0 : 6,613,913,425 : 29%
2022-02-08 22:29:27 : 62,900,000 : 0 : 6,624,268,350 : 29%
2022-02-08 22:43:54 : 63,000,000 : 0 : 6,634,623,275 : 29%
2022-02-08 22:58:41 : 63,100,000 : 0 : 6,645,109,275 : 29%
2022-02-08 23:13:48 : 63,200,000 : 0 : 6,655,464,200 : 29%
2022-02-08 23:29:00 : 63,300,000 : 0 : 6,665,688,050 : 29%
2022-02-08 23:44:31 : 63,400,000 : 0 : 6,676,042,975 : 29%
2022-02-09 00:00:04 : 63,500,000 : 0 : 6,686,266,825 : 29%
2022-02-09 00:15:43 : 63,600,000 : 0 : 6,696,490,675 : 29%
2022-02-09 00:31:19 : 63,700,000 : 0 : 6,706,714,525 : 29%
2022-02-09 00:46:56 : 63,800,000 : 0 : 6,716,807,300 : 29%
2022-02-09 01:02:40 : 63,900,000 : 0 : 6,726,900,075 : 29%
2022-02-09 01:18:37 : 64,000,000 : 0 : 6,736,861,775 : 29%
2022-02-09 01:34:30 : 64,100,000 : 0 : 6,746,954,550 : 29%
2022-02-09 01:50:26 : 64,200,000 : 0 : 6,756,916,250 : 29%
2022-02-09 02:06:10 : 64,300,000 : 0 : 6,767,009,025 : 29%
2022-02-09 02:21:47 : 64,400,000 : 0 : 6,776,970,725 : 30%
2022-02-09 02:37:16 : 64,500,000 : 0 : 6,786,801,350 : 30%
2022-02-09 02:52:42 : 64,600,000 : 0 : 6,796,763,050 : 30%
2022-02-09 03:08:25 : 64,700,000 : 0 : 6,816,686,450 : 30%
2022-02-09 03:24:29 : 64,800,000 : 0 : 6,826,648,150 : 30%
2022-02-09 03:40:44 : 64,900,000 : 0 : 6,836,478,775 : 30%
2022-02-09 03:57:27 : 65,000,000 : 0 : 6,846,440,475 : 30%
2022-02-09 04:14:30 : 65,100,000 : 0 : 6,856,402,175 : 30%
2022-02-09 04:32:03 : 65,200,000 : 0 : 6,866,363,875 : 30%
2022-02-09 04:50:11 : 65,300,000 : 0 : 6,876,456,650 : 30%
2022-02-09 05:09:20 : 65,400,000 : 0 : 6,886,418,350 : 30%
2022-02-09 05:29:38 : 65,500,000 : 0 : 6,896,511,125 : 30%
2022-02-09 05:50:32 : 65,600,000 : 0 : 6,906,472,825 : 30%
2022-02-09 06:12:36 : 65,700,000 : 0 : 6,916,434,525 : 30%
2022-02-09 06:35:38 : 65,800,000 : 0 : 6,926,527,300 : 30%
2022-02-09 07:00:12 : 65,900,000 : 0 : 6,936,620,075 : 30%
2022-02-09 07:25:43 : 66,000,000 : 0 : 6,946,712,850 : 30%
2022-02-09 07:52:16 : 66,100,000 : 0 : 6,956,674,550 : 30%
2022-02-09 08:19:52 : 66,200,000 : 0 : 6,966,767,325 : 30%
2022-02-09 08:48:50 : 66,300,000 : 0 : 6,976,729,025 : 30%
2022-02-09 09:17:36 : 66,400,000 : 0 : 6,986,690,725 : 30%
2022-02-09 09:46:51 : 66,500,000 : 0 : 6,996,783,500 : 30%
2022-02-09 10:16:25 : 66,600,000 : 0 : 7,006,876,275 : 31%
2022-02-09 10:45:32 : 66,700,000 : 0 : 7,016,969,050 : 31%
2022-02-09 11:13:50 : 66,800,000 : 0 : 7,027,192,900 : 31%
2022-02-09 11:40:02 : 66,900,000 : 0 : 7,037,285,675 : 31%
2022-02-09 12:04:21 : 67,000,000 : 0 : 7,047,378,450 : 31%
2022-02-09 12:27:09 : 67,100,000 : 0 : 7,057,602,300 : 31%
2022-02-09 12:48:21 : 67,200,000 : 0 : 7,067,957,225 : 31%
2022-02-09 13:08:20 : 67,300,000 : 0 : 7,078,181,075 : 31%
2022-02-09 13:27:11 : 67,400,000 : 0 : 7,088,536,000 : 31%
2022-02-09 13:45:04 : 67,500,000 : 0 : 7,098,890,925 : 31%
2022-02-09 14:02:05 : 67,600,000 : 0 : 7,109,376,925 : 31%
2022-02-09 14:18:37 : 67,700,000 : 0 : 7,119,731,850 : 31%
2022-02-09 14:34:39 : 67,800,000 : 0 : 7,130,086,775 : 31%
2022-02-09 14:50:10 : 67,900,000 : 0 : 7,140,572,775 : 31%
2022-02-09 15:05:30 : 68,000,000 : 0 : 7,161,675,850 : 31%
2022-02-09 15:20:25 : 68,100,000 : 0 : 7,172,161,850 : 31%
2022-02-09 15:35:02 : 68,200,000 : 0 : 7,182,647,850 : 31%
2022-02-09 15:49:22 : 68,300,000 : 0 : 7,193,264,925 : 31%
2022-02-09 16:03:31 : 68,400,000 : 0 : 7,203,882,000 : 31%
2022-02-09 16:17:45 : 68,500,000 : 0 : 7,214,368,000 : 31%
2022-02-09 16:31:32 : 68,600,000 : 0 : 7,224,985,075 : 31%
2022-02-09 16:45:19 : 68,700,000 : 0 : 7,235,471,075 : 32%
2022-02-09 16:58:44 : 68,800,000 : 0 : 7,245,957,075 : 32%
2022-02-09 17:12:13 : 68,900,000 : 0 : 7,256,443,075 : 32%
2022-02-09 17:25:42 : 69,000,000 : 0 : 7,266,929,075 : 32%
2022-02-09 17:39:08 : 69,100,000 : 0 : 7,277,415,075 : 32%
2022-02-09 17:52:29 : 69,200,000 : 0 : 7,288,032,150 : 32%
2022-02-09 18:05:52 : 69,300,000 : 0 : 7,298,387,075 : 32%
2022-02-09 18:19:27 : 69,400,000 : 0 : 7,308,742,000 : 32%
2022-02-09 18:32:52 : 69,500,000 : 0 : 7,319,359,075 : 32%
2022-02-09 18:46:31 : 69,600,000 : 0 : 7,329,845,075 : 32%
2022-02-09 19:00:10 : 69,700,000 : 0 : 7,340,331,075 : 32%
2022-02-09 19:13:58 : 69,800,000 : 0 : 7,350,817,075 : 32%
2022-02-09 19:28:22 : 69,900,000 : 0 : 7,361,434,150 : 32%
2022-02-09 19:42:32 : 70,000,000 : 0 : 7,371,789,075 : 32%
2022-02-09 19:56:23 : 70,100,000 : 0 : 7,382,406,150 : 32%
2022-02-09 20:10:09 : 70,200,000 : 0 : 7,392,892,150 : 32%
2022-02-09 20:23:45 : 70,300,000 : 0 : 7,403,247,075 : 32%
2022-02-09 20:36:59 : 70,400,000 : 0 : 7,423,956,925 : 32%
2022-02-09 20:50:21 : 70,500,000 : 0 : 7,434,311,850 : 32%
2022-02-09 21:03:39 : 70,600,000 : 0 : 7,444,535,700 : 32%
2022-02-09 21:17:03 : 70,700,000 : 0 : 7,454,759,550 : 32%
2022-02-09 21:30:25 : 70,800,000 : 0 : 7,465,114,475 : 33%
2022-02-09 21:44:04 : 70,900,000 : 0 : 7,475,338,325 : 33%
2022-02-09 21:57:38 : 71,000,000 : 0 : 7,485,562,175 : 33%
2022-02-09 22:11:46 : 71,100,000 : 0 : 7,495,917,100 : 33%
2022-02-09 22:26:12 : 71,200,000 : 0 : 7,506,272,025 : 33%
2022-02-09 22:40:56 : 71,300,000 : 0 : 7,516,495,875 : 33%
2022-02-09 22:55:09 : 71,400,000 : 0 : 7,526,850,800 : 33%
2022-02-09 23:09:44 : 71,500,000 : 0 : 7,537,074,650 : 33%
2022-02-09 23:24:42 : 71,600,000 : 0 : 7,547,429,575 : 33%
2022-02-09 23:39:50 : 71,700,000 : 0 : 7,557,784,500 : 33%
2022-02-09 23:55:14 : 71,800,000 : 0 : 7,568,008,350 : 33%
2022-02-10 00:10:49 : 71,900,000 : 0 : 7,578,232,200 : 33%
2022-02-10 00:26:31 : 72,000,000 : 0 : 7,588,456,050 : 33%
2022-02-10 00:42:34 : 72,100,000 : 0 : 7,598,548,825 : 33%
2022-02-10 00:58:41 : 72,200,000 : 0 : 7,608,772,675 : 33%
2022-02-10 01:14:51 : 72,300,000 : 0 : 7,618,734,375 : 33%
2022-02-10 01:30:43 : 72,400,000 : 0 : 7,628,696,075 : 33%
2022-02-10 01:46:17 : 72,500,000 : 0 : 7,638,657,775 : 33%
2022-02-10 02:01:48 : 72,600,000 : 0 : 7,648,488,400 : 33%
2022-02-10 02:17:27 : 72,700,000 : 0 : 7,658,319,025 : 33%
2022-02-10 02:33:05 : 72,800,000 : 0 : 7,668,280,725 : 33%
2022-02-10 02:48:41 : 72,900,000 : 0 : 7,678,111,350 : 33%
2022-02-10 03:04:23 : 73,000,000 : 0 : 7,687,941,975 : 33%
2022-02-10 03:20:28 : 73,100,000 : 0 : 7,697,772,600 : 34%
2022-02-10 03:37:03 : 73,200,000 : 0 : 7,707,734,300 : 34%
2022-02-10 03:53:58 : 73,300,000 : 0 : 7,717,564,925 : 34%
2022-02-10 04:11:17 : 73,400,000 : 0 : 7,737,357,250 : 34%
2022-02-10 04:29:24 : 73,500,000 : 0 : 7,747,187,875 : 34%
2022-02-10 04:47:57 : 73,600,000 : 0 : 7,756,887,425 : 34%
2022-02-10 05:06:42 : 73,700,000 : 0 : 7,766,586,975 : 34%
2022-02-10 05:25:40 : 73,800,000 : 0 : 7,776,286,525 : 34%
2022-02-10 05:46:11 : 73,900,000 : 0 : 7,786,248,225 : 34%
2022-02-10 06:08:03 : 74,000,000 : 0 : 7,796,209,925 : 34%
2022-02-10 06:31:24 : 74,100,000 : 0 : 7,806,171,625 : 34%
2022-02-10 06:56:01 : 74,200,000 : 0 : 7,816,133,325 : 34%
2022-02-10 07:22:02 : 74,300,000 : 0 : 7,826,095,025 : 34%
2022-02-10 07:48:47 : 74,400,000 : 0 : 7,836,187,800 : 34%
2022-02-10 08:16:27 : 74,500,000 : 0 : 7,846,280,575 : 34%
2022-02-10 08:45:44 : 74,600,000 : 0 : 7,856,504,425 : 34%
2022-02-10 09:15:53 : 74,700,000 : 0 : 7,866,466,125 : 34%
2022-02-10 09:45:37 : 74,800,000 : 0 : 7,876,558,900 : 34%
2022-02-10 10:15:51 : 74,900,000 : 0 : 7,886,651,675 : 34%
2022-02-10 10:45:30 : 75,000,000 : 0 : 7,896,875,525 : 34%
2022-02-10 11:14:37 : 75,100,000 : 0 : 7,906,968,300 : 34%
2022-02-10 11:41:42 : 75,200,000 : 0 : 7,917,061,075 : 34%
2022-02-10 12:06:28 : 75,300,000 : 0 : 7,927,284,925 : 35%
2022-02-10 12:29:34 : 75,400,000 : 0 : 7,937,377,700 : 35%
2022-02-10 12:51:03 : 75,500,000 : 0 : 7,947,732,625 : 35%
2022-02-10 13:11:18 : 75,600,000 : 0 : 7,958,087,550 : 35%
2022-02-10 13:30:16 : 75,700,000 : 0 : 7,968,442,475 : 35%
2022-02-10 13:47:57 : 75,800,000 : 0 : 7,978,797,400 : 35%
2022-02-10 14:04:32 : 75,900,000 : 0 : 7,989,152,325 : 35%
2022-02-10 14:20:44 : 76,000,000 : 0 : 7,999,376,175 : 35%
2022-02-10 14:36:23 : 76,100,000 : 0 : 8,009,731,100 : 35%
2022-02-10 14:51:40 : 76,200,000 : 0 : 8,020,217,100 : 35%
2022-02-10 15:06:28 : 76,300,000 : 0 : 8,030,572,025 : 35%
2022-02-10 15:20:53 : 76,400,000 : 0 : 8,040,926,950 : 35%
2022-02-10 15:35:13 : 76,500,000 : 0 : 8,051,412,950 : 35%
2022-02-10 15:47:16 : 76,600,000 : 0 : 8,060,588,200 : 35%
2022-02-10 16:01:41 : 76,700,000 : 0 : 8,081,429,125 : 35%
2022-02-10 16:15:43 : 76,800,000 : 0 : 8,091,915,125 : 35%
2022-02-10 16:29:29 : 76,900,000 : 0 : 8,102,401,125 : 35%
2022-02-10 16:43:08 : 77,000,000 : 0 : 8,112,756,050 : 35%
2022-02-10 16:56:28 : 77,100,000 : 0 : 8,123,373,125 : 35%
2022-02-10 17:09:57 : 77,200,000 : 0 : 8,133,859,125 : 35%
2022-02-10 17:23:25 : 77,300,000 : 0 : 8,144,345,125 : 35%
2022-02-10 17:36:54 : 77,400,000 : 0 : 8,154,831,125 : 36%
2022-02-10 17:50:12 : 77,500,000 : 0 : 8,165,317,125 : 36%
2022-02-10 18:03:36 : 77,600,000 : 0 : 8,175,803,125 : 36%
2022-02-10 18:17:15 : 77,700,000 : 0 : 8,186,158,050 : 36%
2022-02-10 18:30:54 : 77,800,000 : 0 : 8,196,512,975 : 36%
2022-02-10 18:44:09 : 77,900,000 : 0 : 8,206,867,900 : 36%
2022-02-10 18:57:16 : 78,000,000 : 0 : 8,217,353,900 : 36%
2022-02-10 19:10:46 : 78,100,000 : 0 : 8,227,708,825 : 36%
2022-02-10 19:24:14 : 78,200,000 : 0 : 8,238,063,750 : 36%
2022-02-10 19:37:37 : 78,300,000 : 0 : 8,248,287,600 : 36%
2022-02-10 19:50:49 : 78,400,000 : 0 : 8,258,511,450 : 36%
2022-02-10 20:04:00 : 78,500,000 : 0 : 8,268,735,300 : 36%
2022-02-10 20:17:07 : 78,600,000 : 0 : 8,278,959,150 : 36%
2022-02-10 20:30:25 : 78,700,000 : 0 : 8,289,183,000 : 36%
2022-02-10 20:43:52 : 78,800,000 : 0 : 8,299,537,925 : 36%
2022-02-10 20:57:16 : 78,900,000 : 0 : 8,309,892,850 : 36%
2022-02-10 21:10:54 : 79,000,000 : 0 : 8,320,247,775 : 36%
2022-02-10 21:24:06 : 79,100,000 : 0 : 8,330,471,625 : 36%
2022-02-10 21:37:39 : 79,200,000 : 0 : 8,351,050,400 : 36%
2022-02-10 21:51:09 : 79,300,000 : 0 : 8,361,536,400 : 36%
2022-02-10 22:07:09 : 79,400,000 : 0 : 8,372,677,775 : 36%
2022-02-10 22:42:37 : 79,500,000 : 0 : 8,382,770,550 : 37%
2022-02-10 22:58:54 : 79,600,000 : 0 : 8,392,863,325 : 37%
2022-02-10 23:14:29 : 79,700,000 : 0 : 8,403,087,175 : 37%
2022-02-10 23:29:49 : 79,800,000 : 0 : 8,413,311,025 : 37%
2022-02-10 23:45:30 : 79,900,000 : 0 : 8,423,534,875 : 37%
2022-02-11 00:01:15 : 80,000,000 : 0 : 8,433,627,650 : 37%
2022-02-11 00:17:17 : 80,100,000 : 0 : 8,443,851,500 : 37%
2022-02-11 00:33:21 : 80,200,000 : 0 : 8,453,944,275 : 37%
2022-02-11 00:49:37 : 80,300,000 : 0 : 8,464,037,050 : 37%
2022-02-11 01:06:10 : 80,400,000 : 0 : 8,474,129,825 : 37%
2022-02-11 01:23:05 : 80,500,000 : 0 : 8,484,091,525 : 37%
2022-02-11 01:39:39 : 80,600,000 : 0 : 8,494,053,225 : 37%
2022-02-11 01:56:27 : 80,700,000 : 0 : 8,504,014,925 : 37%
2022-02-11 02:13:21 : 80,800,000 : 0 : 8,513,976,625 : 37%
2022-02-11 02:29:52 : 80,900,000 : 0 : 8,523,807,250 : 37%
2022-02-11 02:46:30 : 81,000,000 : 0 : 8,533,637,875 : 37%
2022-02-11 03:03:09 : 81,100,000 : 0 : 8,543,468,500 : 37%
2022-02-11 03:19:50 : 81,200,000 : 0 : 8,553,168,050 : 37%
2022-02-11 03:36:44 : 81,300,000 : 0 : 8,562,867,600 : 37%
2022-02-11 03:53:56 : 81,400,000 : 0 : 8,572,698,225 : 37%
2022-02-11 04:11:43 : 81,500,000 : 0 : 8,582,659,925 : 37%
2022-02-11 04:30:24 : 81,600,000 : 0 : 8,592,490,550 : 37%
2022-02-11 04:49:34 : 81,700,000 : 0 : 8,602,452,250 : 37%
2022-02-11 05:09:46 : 81,800,000 : 0 : 8,612,282,875 : 38%
2022-02-11 05:30:51 : 81,900,000 : 0 : 8,622,244,575 : 38%
2022-02-11 05:52:56 : 82,000,000 : 0 : 8,632,075,200 : 38%
2022-02-11 06:16:42 : 82,100,000 : 0 : 8,642,167,975 : 38%
2022-02-11 06:41:23 : 82,200,000 : 0 : 8,661,829,225 : 38%
2022-02-11 07:06:57 : 82,300,000 : 0 : 8,671,790,925 : 38%
2022-02-11 07:33:50 : 82,400,000 : 0 : 8,681,883,700 : 38%
2022-02-11 08:01:50 : 82,500,000 : 0 : 8,691,845,400 : 38%
2022-02-11 08:30:45 : 82,600,000 : 0 : 8,701,938,175 : 38%
2022-02-11 09:01:01 : 82,700,000 : 0 : 8,712,030,950 : 38%
2022-02-11 09:31:49 : 82,800,000 : 0 : 8,722,123,725 : 38%
2022-02-11 10:03:09 : 82,900,000 : 0 : 8,732,216,500 : 38%
2022-02-11 10:33:56 : 83,000,000 : 0 : 8,742,178,200 : 38%
2022-02-11 11:03:28 : 83,100,000 : 0 : 8,752,139,900 : 38%
2022-02-11 11:31:30 : 83,200,000 : 0 : 8,762,363,750 : 38%
2022-02-11 11:57:16 : 83,300,000 : 0 : 8,772,456,525 : 38%
2022-02-11 12:21:24 : 83,400,000 : 0 : 8,782,549,300 : 38%
2022-02-11 12:43:27 : 83,500,000 : 0 : 8,792,773,150 : 38%
2022-02-11 13:04:33 : 83,600,000 : 0 : 8,802,997,000 : 38%
2022-02-11 13:24:08 : 83,700,000 : 0 : 8,813,351,925 : 38%
2022-02-11 13:42:40 : 83,800,000 : 0 : 8,823,706,850 : 38%
2022-02-11 14:00:14 : 83,900,000 : 0 : 8,834,061,775 : 38%
2022-02-11 14:17:01 : 84,000,000 : 0 : 8,844,285,625 : 39%
2022-02-11 14:33:01 : 84,100,000 : 0 : 8,854,640,550 : 39%
2022-02-11 14:48:46 : 84,200,000 : 0 : 8,865,126,550 : 39%
2022-02-11 15:04:02 : 84,300,000 : 0 : 8,875,481,475 : 39%
2022-02-11 15:18:59 : 84,400,000 : 0 : 8,885,967,475 : 39%
2022-02-11 15:33:48 : 84,500,000 : 0 : 8,896,453,475 : 39%
2022-02-11 15:48:22 : 84,600,000 : 0 : 8,907,070,550 : 39%
2022-02-11 16:02:31 : 84,700,000 : 0 : 8,917,556,550 : 39%
2022-02-11 16:16:32 : 84,800,000 : 0 : 8,927,911,475 : 39%
2022-02-11 16:30:27 : 84,900,000 : 0 : 8,938,397,475 : 39%
2022-02-11 16:44:23 : 85,000,000 : 0 : 8,959,369,475 : 39%
2022-02-11 16:58:04 : 85,100,000 : 0 : 8,969,855,475 : 39%
2022-02-11 17:11:55 : 85,200,000 : 0 : 8,980,210,400 : 39%
2022-02-11 17:25:36 : 85,300,000 : 0 : 8,990,565,325 : 39%
2022-02-11 17:39:09 : 85,400,000 : 0 : 9,000,920,250 : 39%
2022-02-11 17:52:39 : 85,500,000 : 0 : 9,011,406,250 : 39%
2022-02-11 18:06:05 : 85,600,000 : 0 : 9,021,761,175 : 39%
2022-02-11 18:19:52 : 85,700,000 : 0 : 9,032,116,100 : 39%
2022-02-11 18:33:40 : 85,800,000 : 0 : 9,042,471,025 : 39%
2022-02-11 18:47:17 : 85,900,000 : 0 : 9,052,694,875 : 39%
2022-02-11 19:00:50 : 86,000,000 : 0 : 9,062,918,725 : 39%
2022-02-11 19:14:38 : 86,100,000 : 0 : 9,073,011,500 : 40%
2022-02-11 19:28:19 : 86,200,000 : 0 : 9,083,235,350 : 40%
2022-02-11 19:42:02 : 86,300,000 : 0 : 9,093,328,125 : 40%
2022-02-11 19:55:35 : 86,400,000 : 0 : 9,103,551,975 : 40%
2022-02-11 20:09:27 : 86,500,000 : 0 : 9,113,775,825 : 40%
2022-02-11 20:23:38 : 86,600,000 : 0 : 9,123,999,675 : 40%
2022-02-11 20:37:31 : 86,700,000 : 0 : 9,133,961,375 : 40%
2022-02-11 20:51:28 : 86,800,000 : 0 : 9,144,185,225 : 40%
2022-02-11 21:05:52 : 86,900,000 : 0 : 9,154,278,000 : 40%
2022-02-11 21:20:22 : 87,000,000 : 0 : 9,164,501,850 : 40%
2022-02-11 21:34:46 : 87,100,000 : 0 : 9,174,725,700 : 40%
2022-02-11 21:49:10 : 87,200,000 : 0 : 9,184,818,475 : 40%
2022-02-11 22:03:33 : 87,300,000 : 0 : 9,194,911,250 : 40%
2022-02-11 22:18:22 : 87,400,000 : 0 : 9,205,135,100 : 40%
2022-02-11 22:33:04 : 87,500,000 : 0 : 9,215,096,800 : 40%
2022-02-11 22:48:09 : 87,600,000 : 0 : 9,225,189,575 : 40%
2022-02-11 23:03:16 : 87,700,000 : 0 : 9,245,375,125 : 40%
2022-02-11 23:18:55 : 87,800,000 : 0 : 9,255,467,900 : 40%
2022-02-11 23:34:41 : 87,900,000 : 0 : 9,265,429,600 : 40%
2022-02-11 23:50:35 : 88,000,000 : 0 : 9,275,522,375 : 40%
2022-02-12 00:06:43 : 88,100,000 : 0 : 9,285,353,000 : 40%
2022-02-12 00:23:05 : 88,200,000 : 0 : 9,295,314,700 : 40%
2022-02-12 00:39:33 : 88,300,000 : 0 : 9,305,014,250 : 41%
2022-02-12 00:56:20 : 88,400,000 : 0 : 9,314,844,875 : 41%
2022-02-12 01:13:29 : 88,500,000 : 0 : 9,324,544,425 : 41%
2022-02-12 01:30:35 : 88,600,000 : 0 : 9,334,243,975 : 41%
2022-02-12 01:47:44 : 88,700,000 : 0 : 9,343,943,525 : 41%
2022-02-12 02:05:03 : 88,800,000 : 0 : 9,353,512,000 : 41%
2022-02-12 02:22:19 : 88,900,000 : 0 : 9,363,080,475 : 41%
2022-02-12 02:39:19 : 89,000,000 : 0 : 9,372,517,875 : 41%
2022-02-12 02:56:32 : 89,100,000 : 0 : 9,382,086,350 : 41%
2022-02-12 03:14:13 : 89,200,000 : 0 : 9,391,654,825 : 41%
2022-02-12 03:32:29 : 89,300,000 : 0 : 9,401,354,375 : 41%
2022-02-12 03:50:57 : 89,400,000 : 0 : 9,410,922,850 : 41%
2022-02-12 04:09:50 : 89,500,000 : 0 : 9,420,491,325 : 41%
2022-02-12 04:29:19 : 89,600,000 : 0 : 9,430,059,800 : 41%
2022-02-12 04:49:24 : 89,700,000 : 0 : 9,439,628,275 : 41%
2022-02-12 05:10:09 : 89,800,000 : 0 : 9,449,327,825 : 41%
2022-02-12 05:32:14 : 89,900,000 : 0 : 9,458,765,225 : 41%
2022-02-12 05:54:48 : 90,000,000 : 0 : 9,468,333,700 : 41%
2022-02-12 06:18:22 : 90,100,000 : 0 : 9,477,902,175 : 41%
2022-02-12 06:42:32 : 90,200,000 : 0 : 9,487,339,575 : 41%
2022-02-12 07:06:56 : 90,300,000 : 0 : 9,496,383,750 : 41%
2022-02-12 07:31:02 : 90,400,000 : 0 : 9,505,427,925 : 41%
2022-02-12 07:56:21 : 90,500,000 : 0 : 9,514,603,175 : 41%
2022-02-12 08:22:05 : 90,600,000 : 0 : 9,523,778,425 : 41%
2022-02-12 08:49:12 : 90,700,000 : 0 : 9,533,084,750 : 42%
2022-02-12 09:17:03 : 90,800,000 : 0 : 9,542,260,000 : 42%
2022-02-12 09:45:04 : 90,900,000 : 0 : 9,551,566,325 : 42%
2022-02-12 10:13:25 : 91,000,000 : 0 : 9,560,872,650 : 42%
2022-02-12 10:40:34 : 91,100,000 : 0 : 9,569,916,825 : 42%
2022-02-12 11:07:14 : 91,200,000 : 0 : 9,578,829,925 : 42%
2022-02-12 11:33:07 : 91,300,000 : 0 : 9,587,874,100 : 42%
2022-02-12 11:58:27 : 91,400,000 : 0 : 9,597,049,350 : 42%
2022-02-12 12:22:14 : 91,500,000 : 0 : 9,606,093,525 : 42%
2022-02-12 12:45:07 : 91,600,000 : 0 : 9,615,530,925 : 42%
2022-02-12 13:06:50 : 91,700,000 : 0 : 9,624,968,325 : 42%
2022-02-12 13:27:42 : 91,800,000 : 0 : 9,634,667,875 : 42%
2022-02-12 13:47:09 : 91,900,000 : 0 : 9,653,935,900 : 42%
2022-02-12 14:05:43 : 92,000,000 : 0 : 9,663,504,375 : 42%
2022-02-12 14:23:31 : 92,100,000 : 0 : 9,673,203,925 : 42%
2022-02-12 14:40:56 : 92,200,000 : 0 : 9,682,903,475 : 42%
2022-02-12 14:57:14 : 92,300,000 : 0 : 9,692,471,950 : 42%
2022-02-12 15:13:13 : 92,400,000 : 0 : 9,702,171,500 : 42%
2022-02-12 15:28:40 : 92,500,000 : 0 : 9,711,871,050 : 42%
2022-02-12 15:43:52 : 92,600,000 : 0 : 9,721,701,675 : 42%
2022-02-12 15:58:45 : 92,700,000 : 0 : 9,731,401,225 : 42%
2022-02-12 16:13:53 : 92,800,000 : 0 : 9,741,494,000 : 42%
2022-02-12 16:29:03 : 92,900,000 : 0 : 9,751,455,700 : 42%
2022-02-12 16:43:59 : 93,000,000 : 0 : 9,761,417,400 : 43%
2022-02-12 16:59:02 : 93,100,000 : 0 : 9,771,510,175 : 43%
2022-02-12 17:14:11 : 93,200,000 : 0 : 9,781,471,875 : 43%
2022-02-12 17:29:22 : 93,300,000 : 0 : 9,791,564,650 : 43%
2022-02-12 17:44:15 : 93,400,000 : 0 : 9,801,526,350 : 43%
2022-02-12 17:59:11 : 93,500,000 : 0 : 9,811,619,125 : 43%
2022-02-12 18:14:16 : 93,600,000 : 0 : 9,821,711,900 : 43%
2022-02-12 18:29:23 : 93,700,000 : 0 : 9,831,673,600 : 43%
2022-02-12 18:44:27 : 93,800,000 : 0 : 9,841,766,375 : 43%
2022-02-12 18:59:32 : 93,900,000 : 0 : 9,851,728,075 : 43%
2022-02-12 19:14:42 : 94,000,000 : 0 : 9,861,689,775 : 43%
2022-02-12 19:29:56 : 94,100,000 : 0 : 9,871,651,475 : 43%
2022-02-12 19:45:11 : 94,200,000 : 0 : 9,881,482,100 : 43%
2022-02-12 20:00:04 : 94,300,000 : 0 : 9,891,181,650 : 43%
2022-02-12 20:14:51 : 94,400,000 : 0 : 9,900,881,200 : 43%
2022-02-12 20:30:06 : 94,500,000 : 0 : 9,910,580,750 : 43%
2022-02-12 20:45:00 : 94,600,000 : 0 : 9,920,149,225 : 43%
2022-02-12 21:00:03 : 94,700,000 : 0 : 9,929,848,775 : 43%
2022-02-12 21:14:56 : 94,800,000 : 0 : 9,939,548,325 : 43%
2022-02-12 21:29:46 : 94,900,000 : 0 : 9,948,985,725 : 43%
2022-02-12 21:44:48 : 95,000,000 : 0 : 9,958,685,275 : 43%
2022-02-12 22:00:05 : 95,100,000 : 0 : 9,968,384,825 : 43%
2022-02-12 22:15:22 : 95,200,000 : 0 : 9,978,084,375 : 43%
2022-02-12 22:30:40 : 95,300,000 : 0 : 9,997,352,400 : 44%
2022-02-12 22:46:01 : 95,400,000 : 0 : 10,007,051,950 : 44%
2022-02-12 23:01:39 : 95,500,000 : 0 : 10,016,882,575 : 44%
2022-02-12 23:17:25 : 95,600,000 : 0 : 10,026,582,125 : 44%
2022-02-12 23:33:20 : 95,700,000 : 0 : 10,036,150,600 : 44%
2022-02-12 23:49:22 : 95,800,000 : 0 : 10,045,719,075 : 44%
2022-02-13 00:05:19 : 95,900,000 : 0 : 10,055,549,700 : 44%
2022-02-13 00:21:50 : 96,000,000 : 0 : 10,065,380,325 : 44%
2022-02-13 00:38:39 : 96,100,000 : 0 : 10,075,079,875 : 44%
2022-02-13 00:55:32 : 96,200,000 : 0 : 10,084,648,350 : 44%
2022-02-13 01:12:39 : 96,300,000 : 0 : 10,094,347,900 : 44%
2022-02-13 01:29:59 : 96,400,000 : 0 : 10,103,785,300 : 44%
2022-02-13 01:47:16 : 96,500,000 : 0 : 10,113,484,850 : 44%
2022-02-13 02:04:41 : 96,600,000 : 0 : 10,122,922,250 : 44%
2022-02-13 02:21:52 : 96,700,000 : 0 : 10,132,359,650 : 44%
2022-02-13 02:38:48 : 96,800,000 : 0 : 10,141,797,050 : 44%
2022-02-13 02:56:20 : 96,900,000 : 0 : 10,151,365,525 : 44%
2022-02-13 03:14:26 : 97,000,000 : 0 : 10,160,934,000 : 44%
2022-02-13 03:32:37 : 97,100,000 : 0 : 10,170,502,475 : 44%
2022-02-13 03:51:03 : 97,200,000 : 0 : 10,180,202,025 : 44%
2022-02-13 04:10:06 : 97,300,000 : 0 : 10,189,770,500 : 44%
2022-02-13 04:29:37 : 97,400,000 : 0 : 10,199,470,050 : 44%
2022-02-13 04:49:30 : 97,500,000 : 0 : 10,209,169,600 : 44%
2022-02-13 05:10:00 : 97,600,000 : 0 : 10,218,738,075 : 45%
2022-02-13 05:31:58 : 97,700,000 : 0 : 10,228,437,625 : 45%
2022-02-13 05:54:28 : 97,800,000 : 0 : 10,237,875,025 : 45%
2022-02-13 06:16:27 : 97,900,000 : 0 : 10,247,443,500 : 45%
2022-02-13 06:40:26 : 98,000,000 : 0 : 10,257,011,975 : 45%
2022-02-13 07:05:35 : 98,100,000 : 0 : 10,266,711,525 : 45%
2022-02-13 07:32:02 : 98,200,000 : 0 : 10,276,280,000 : 45%
2022-02-13 07:59:44 : 98,300,000 : 0 : 10,285,848,475 : 45%
2022-02-13 08:27:38 : 98,400,000 : 0 : 10,295,548,025 : 45%
2022-02-13 08:56:19 : 98,500,000 : 0 : 10,305,247,575 : 45%
2022-02-13 09:25:33 : 98,600,000 : 0 : 10,315,078,200 : 45%
2022-02-13 09:54:42 : 98,700,000 : 0 : 10,324,646,675 : 45%
2022-02-13 10:24:16 : 98,800,000 : 0 : 10,334,346,225 : 45%
2022-02-13 10:53:39 : 98,900,000 : 0 : 10,343,914,700 : 45%
2022-02-13 11:23:01 : 99,000,000 : 0 : 10,353,483,175 : 45%
2022-02-13 11:51:13 : 99,100,000 : 0 : 10,363,051,650 : 45%
2022-02-13 12:18:45 : 99,200,000 : 0 : 10,372,620,125 : 45%
2022-02-13 12:44:15 : 99,300,000 : 0 : 10,392,019,225 : 45%
2022-02-13 13:08:06 : 99,400,000 : 0 : 10,401,980,925 : 45%
2022-02-13 13:30:32 : 99,500,000 : 0 : 10,411,942,625 : 45%
2022-02-13 13:51:22 : 99,600,000 : 0 : 10,421,773,250 : 45%
2022-02-13 14:10:58 : 99,700,000 : 0 : 10,431,472,800 : 45%
2022-02-13 14:29:22 : 99,800,000 : 0 : 10,441,434,500 : 45%
2022-02-13 14:46:46 : 99,900,000 : 0 : 10,451,265,125 : 46%
2022-02-13 15:03:40 : 100,000,000 : 0 : 10,461,357,900 : 46%
2022-02-13 15:20:16 : 100,100,000 : 0 : 10,471,319,600 : 46%
2022-02-13 15:36:21 : 100,200,000 : 0 : 10,481,412,375 : 46%
2022-02-13 15:52:04 : 100,300,000 : 0 : 10,491,505,150 : 46%
2022-02-13 16:07:22 : 100,400,000 : 0 : 10,501,597,925 : 46%
2022-02-13 16:22:38 : 100,500,000 : 0 : 10,511,821,775 : 46%
2022-02-13 16:37:41 : 100,600,000 : 0 : 10,521,914,550 : 46%
2022-02-13 16:52:42 : 100,700,000 : 0 : 10,532,138,400 : 46%
2022-02-13 17:07:31 : 100,800,000 : 0 : 10,542,362,250 : 46%
2022-02-13 17:22:13 : 100,900,000 : 0 : 10,552,455,025 : 46%
2022-02-13 17:36:55 : 101,000,000 : 0 : 10,562,678,875 : 46%
2022-02-13 17:51:36 : 101,100,000 : 0 : 10,572,771,650 : 46%
2022-02-13 18:06:15 : 101,200,000 : 0 : 10,582,864,425 : 46%
2022-02-13 18:21:00 : 101,300,000 : 0 : 10,592,957,200 : 46%
2022-02-13 18:35:36 : 101,400,000 : 0 : 10,603,049,975 : 46%
2022-02-13 18:50:17 : 101,500,000 : 0 : 10,613,142,750 : 46%
2022-02-13 19:04:47 : 101,600,000 : 0 : 10,623,104,450 : 46%
2022-02-13 19:19:26 : 101,700,000 : 0 : 10,633,197,225 : 46%
2022-02-13 19:34:07 : 101,800,000 : 0 : 10,643,290,000 : 46%
2022-02-13 19:48:48 : 101,900,000 : 0 : 10,653,382,775 : 46%
2022-02-13 20:03:35 : 102,000,000 : 0 : 10,673,437,250 : 46%
2022-02-13 20:18:20 : 102,100,000 : 0 : 10,683,530,025 : 47%
2022-02-13 20:33:16 : 102,200,000 : 0 : 10,693,491,725 : 47%
2022-02-13 20:48:01 : 102,300,000 : 0 : 10,703,584,500 : 47%
2022-02-13 21:02:50 : 102,400,000 : 0 : 10,713,546,200 : 47%
2022-02-13 21:17:41 : 102,500,000 : 0 : 10,723,376,825 : 47%
2022-02-13 21:32:24 : 102,600,000 : 0 : 10,733,338,525 : 47%
2022-02-13 21:47:31 : 102,700,000 : 0 : 10,743,300,225 : 47%
2022-02-13 22:02:38 : 102,800,000 : 0 : 10,753,261,925 : 47%
2022-02-13 22:18:18 : 102,900,000 : 0 : 10,763,092,550 : 47%
2022-02-13 22:34:06 : 103,000,000 : 0 : 10,773,185,325 : 47%
2022-02-13 22:50:13 : 103,100,000 : 0 : 10,783,147,025 : 47%
2022-02-13 23:06:36 : 103,200,000 : 0 : 10,792,977,650 : 47%
2022-02-13 23:23:12 : 103,300,000 : 0 : 10,802,677,200 : 47%
2022-02-13 23:39:41 : 103,400,000 : 0 : 10,811,983,525 : 47%
2022-02-13 23:56:27 : 103,500,000 : 0 : 10,821,552,000 : 47%
2022-02-14 00:12:34 : 103,600,000 : 0 : 10,830,858,325 : 47%
2022-02-14 00:28:59 : 103,700,000 : 0 : 10,840,426,800 : 47%
2022-02-14 00:45:23 : 103,800,000 : 0 : 10,849,864,200 : 47%
2022-02-14 01:02:03 : 103,900,000 : 0 : 10,859,301,600 : 47%
2022-02-14 01:20:13 : 104,000,000 : 0 : 10,868,607,925 : 47%
2022-02-14 01:36:18 : 104,100,000 : 0 : 10,877,389,950 : 47%
2022-02-14 01:52:15 : 104,200,000 : 0 : 10,886,827,350 : 47%
2022-02-14 02:08:26 : 104,300,000 : 0 : 10,896,133,675 : 47%
2022-02-14 02:24:15 : 104,400,000 : 0 : 10,905,308,925 : 48%
2022-02-14 02:40:18 : 104,500,000 : 0 : 10,914,746,325 : 48%
2022-02-14 02:55:55 : 104,600,000 : 0 : 10,923,528,350 : 48%
2022-02-14 03:10:54 : 104,700,000 : 0 : 10,932,572,525 : 48%
2022-02-14 03:27:18 : 104,800,000 : 0 : 10,942,009,925 : 48%
2022-02-14 03:44:53 : 104,900,000 : 0 : 10,951,709,475 : 48%
2022-02-14 04:03:08 : 105,000,000 : 0 : 10,961,540,100 : 48%
2022-02-14 04:23:05 : 105,100,000 : 0 : 10,971,239,650 : 48%
2022-02-14 04:44:16 : 105,200,000 : 0 : 10,981,201,350 : 48%
2022-02-14 05:06:43 : 105,300,000 : 0 : 10,991,031,975 : 48%
2022-02-14 05:30:34 : 105,400,000 : 0 : 11,010,562,150 : 48%
2022-02-14 05:54:21 : 105,500,000 : 0 : 11,020,523,850 : 48%
2022-02-14 06:19:18 : 105,600,000 : 0 : 11,030,485,550 : 48%
2022-02-14 06:45:20 : 105,700,000 : 0 : 11,040,447,250 : 48%
2022-02-14 07:12:48 : 105,800,000 : 0 : 11,050,408,950 : 48%
2022-02-14 07:41:36 : 105,900,000 : 0 : 11,060,501,725 : 48%
2022-02-14 08:12:19 : 106,000,000 : 0 : 11,070,594,500 : 48%
2022-02-14 08:43:47 : 106,100,000 : 0 : 11,080,687,275 : 48%
2022-02-14 09:16:01 : 106,200,000 : 0 : 11,090,648,975 : 48%
2022-02-14 09:48:33 : 106,300,000 : 0 : 11,100,741,750 : 48%
2022-02-14 10:21:11 : 106,400,000 : 0 : 11,110,834,525 : 48%
2022-02-14 10:53:06 : 106,500,000 : 0 : 11,120,927,300 : 48%
2022-02-14 11:23:42 : 106,600,000 : 0 : 11,131,151,150 : 48%
2022-02-14 11:52:13 : 106,700,000 : 0 : 11,141,243,925 : 49%
2022-02-14 12:18:49 : 106,800,000 : 0 : 11,151,467,775 : 49%
2022-02-14 12:43:06 : 106,900,000 : 0 : 11,161,429,475 : 49%
2022-02-14 13:05:26 : 107,000,000 : 0 : 11,171,522,250 : 49%
2022-02-14 13:26:47 : 107,100,000 : 0 : 11,181,746,100 : 49%
2022-02-14 13:46:53 : 107,200,000 : 0 : 11,191,838,875 : 49%
2022-02-14 14:06:03 : 107,300,000 : 0 : 11,202,193,800 : 49%
2022-02-14 14:24:34 : 107,400,000 : 0 : 11,212,548,725 : 49%
2022-02-14 14:44:16 : 107,500,000 : 0 : 11,223,034,725 : 49%
2022-02-14 15:02:16 : 107,600,000 : 0 : 11,233,389,650 : 49%
2022-02-14 15:18:51 : 107,700,000 : 0 : 11,243,744,575 : 49%
2022-02-14 15:34:50 : 107,800,000 : 0 : 11,254,230,575 : 49%
2022-02-14 15:50:27 : 107,900,000 : 0 : 11,264,716,575 : 49%
2022-02-14 16:05:55 : 108,000,000 : 0 : 11,275,202,575 : 49%
2022-02-14 16:21:13 : 108,100,000 : 0 : 11,296,043,500 : 49%
2022-02-14 16:36:07 : 108,200,000 : 0 : 11,306,660,575 : 49%
2022-02-14 16:50:57 : 108,300,000 : 0 : 11,317,146,575 : 49%
2022-02-14 17:05:44 : 108,400,000 : 0 : 11,327,632,575 : 49%
2022-02-14 17:20:55 : 108,500,000 : 0 : 11,338,118,575 : 49%
2022-02-14 17:36:21 : 108,600,000 : 0 : 11,348,735,650 : 49%
2022-02-14 17:51:47 : 108,700,000 : 0 : 11,359,221,650 : 49%
2022-02-14 18:07:11 : 108,800,000 : 0 : 11,369,707,650 : 50%
2022-02-14 18:22:35 : 108,900,000 : 0 : 11,380,062,575 : 50%
2022-02-14 18:37:41 : 109,000,000 : 0 : 11,390,679,650 : 50%
2022-02-14 18:52:41 : 109,100,000 : 0 : 11,401,165,650 : 50%
2022-02-14 19:07:25 : 109,200,000 : 0 : 11,411,651,650 : 50%
2022-02-14 19:22:20 : 109,300,000 : 0 : 11,422,006,575 : 50%
2022-02-14 19:37:15 : 109,400,000 : 0 : 11,432,492,575 : 50%
2022-02-14 19:52:15 : 109,500,000 : 0 : 11,442,978,575 : 50%
2022-02-14 20:07:24 : 109,600,000 : 0 : 11,453,464,575 : 50%
2022-02-14 20:22:31 : 109,700,000 : 0 : 11,463,950,575 : 50%
2022-02-14 20:37:30 : 109,800,000 : 0 : 11,474,305,500 : 50%
2022-02-14 20:52:30 : 109,900,000 : 0 : 11,484,791,500 : 50%
2022-02-14 21:07:28 : 110,000,000 : 0 : 11,495,146,425 : 50%
2022-02-14 21:22:35 : 110,100,000 : 0 : 11,505,632,425 : 50%
2022-02-14 21:37:39 : 110,200,000 : 0 : 11,515,987,350 : 50%
2022-02-14 21:52:56 : 110,300,000 : 0 : 11,526,473,350 : 50%
2022-02-14 22:08:28 : 110,400,000 : 0 : 11,547,838,575 : 50%
2022-02-14 22:36:23 : 110,500,000 : 0 : 11,558,193,500 : 50%
2022-02-14 23:05:25 : 110,600,000 : 0 : 11,568,286,275 : 50%
2022-02-14 23:23:44 : 110,700,000 : 0 : 11,578,379,050 : 50%
2022-02-14 23:41:41 : 110,800,000 : 0 : 11,588,602,900 : 50%
2022-02-15 00:00:00 : 110,900,000 : 0 : 11,598,826,750 : 51%
2022-02-15 00:18:16 : 111,000,000 : 0 : 11,608,919,525 : 51%
2022-02-15 00:35:50 : 111,100,000 : 0 : 11,619,012,300 : 51%
2022-02-15 00:53:37 : 111,200,000 : 0 : 11,629,105,075 : 51%
2022-02-15 01:11:30 : 111,300,000 : 0 : 11,639,066,775 : 51%
2022-02-15 01:29:19 : 111,400,000 : 0 : 11,649,028,475 : 51%
2022-02-15 01:47:16 : 111,500,000 : 0 : 11,658,990,175 : 51%
2022-02-15 02:05:06 : 111,600,000 : 0 : 11,668,820,800 : 51%
2022-02-15 02:22:47 : 111,700,000 : 0 : 11,678,782,500 : 51%
2022-02-15 02:40:22 : 111,800,000 : 0 : 11,688,613,125 : 51%
2022-02-15 02:57:45 : 111,900,000 : 0 : 11,698,443,750 : 51%
2022-02-15 03:15:33 : 112,000,000 : 0 : 11,708,274,375 : 51%
2022-02-15 03:33:42 : 112,100,000 : 0 : 11,718,236,075 : 51%
2022-02-15 03:52:11 : 112,200,000 : 0 : 11,728,197,775 : 51%
2022-02-15 04:11:22 : 112,300,000 : 0 : 11,738,028,400 : 51%
2022-02-15 04:31:11 : 112,400,000 : 0 : 11,747,990,100 : 51%
2022-02-15 04:51:56 : 112,500,000 : 0 : 11,757,951,800 : 51%
2022-02-15 05:13:21 : 112,600,000 : 0 : 11,767,913,500 : 51%
2022-02-15 05:35:51 : 112,700,000 : 0 : 11,777,744,125 : 51%
2022-02-15 05:59:17 : 112,800,000 : 0 : 11,787,836,900 : 51%
2022-02-15 06:24:32 : 112,900,000 : 0 : 11,797,798,600 : 51%
2022-02-15 06:50:35 : 113,000,000 : 0 : 11,807,760,300 : 51%
2022-02-15 07:18:25 : 113,100,000 : 0 : 11,817,722,000 : 51%
2022-02-15 07:47:40 : 113,200,000 : 0 : 11,838,038,625 : 52%
2022-02-15 08:17:23 : 113,300,000 : 0 : 11,848,131,400 : 52%
2022-02-15 08:47:58 : 113,400,000 : 0 : 11,858,224,175 : 52%
2022-02-15 09:19:11 : 113,500,000 : 0 : 11,868,316,950 : 52%
2022-02-15 09:50:34 : 113,600,000 : 0 : 11,878,409,725 : 52%
2022-02-15 10:21:26 : 113,700,000 : 0 : 11,888,502,500 : 52%
2022-02-15 10:52:06 : 113,800,000 : 0 : 11,898,726,350 : 52%
2022-02-15 11:21:37 : 113,900,000 : 0 : 11,908,819,125 : 52%
2022-02-15 11:48:53 : 114,000,000 : 0 : 11,918,911,900 : 52%
2022-02-15 12:14:30 : 114,100,000 : 0 : 11,929,266,825 : 52%
2022-02-15 12:37:46 : 114,200,000 : 0 : 11,939,490,675 : 52%
2022-02-15 12:59:20 : 114,300,000 : 0 : 11,949,714,525 : 52%
2022-02-15 13:19:44 : 114,400,000 : 0 : 11,960,069,450 : 52%
2022-02-15 13:38:42 : 114,500,000 : 0 : 11,970,424,375 : 52%
2022-02-15 13:56:37 : 114,600,000 : 0 : 11,980,648,225 : 52%
2022-02-15 14:13:55 : 114,700,000 : 0 : 11,991,003,150 : 52%
2022-02-15 14:30:33 : 114,800,000 : 0 : 12,001,489,150 : 52%
2022-02-15 14:46:46 : 114,900,000 : 0 : 12,011,975,150 : 52%
2022-02-15 15:02:33 : 115,000,000 : 0 : 12,022,461,150 : 52%
2022-02-15 15:18:07 : 115,100,000 : 0 : 12,032,947,150 : 52%
2022-02-15 15:33:22 : 115,200,000 : 0 : 12,043,564,225 : 52%
2022-02-15 15:48:17 : 115,300,000 : 0 : 12,054,050,225 : 53%
2022-02-15 16:03:09 : 115,400,000 : 0 : 12,064,667,300 : 53%
2022-02-15 16:18:06 : 115,500,000 : 0 : 12,075,153,300 : 53%
2022-02-15 16:32:49 : 115,600,000 : 0 : 12,085,770,375 : 53%
2022-02-15 16:47:06 : 115,700,000 : 0 : 12,107,135,600 : 53%
2022-02-15 17:01:14 : 115,800,000 : 0 : 12,117,621,600 : 53%
2022-02-15 17:15:28 : 115,900,000 : 0 : 12,128,107,600 : 53%
2022-02-15 17:29:27 : 116,000,000 : 0 : 12,138,724,675 : 53%
2022-02-15 17:43:27 : 116,100,000 : 0 : 12,149,210,675 : 53%
2022-02-15 17:57:23 : 116,200,000 : 0 : 12,159,696,675 : 53%
2022-02-15 18:11:26 : 116,300,000 : 0 : 12,170,182,675 : 53%
2022-02-15 18:25:28 : 116,400,000 : 0 : 12,180,668,675 : 53%
2022-02-15 18:39:31 : 116,500,000 : 0 : 12,191,154,675 : 53%
2022-02-15 18:53:36 : 116,600,000 : 0 : 12,201,640,675 : 53%
2022-02-15 19:07:40 : 116,700,000 : 0 : 12,211,995,600 : 53%
2022-02-15 19:21:54 : 116,800,000 : 0 : 12,222,481,600 : 53%
2022-02-15 19:36:09 : 116,900,000 : 0 : 12,233,098,675 : 53%
2022-02-15 19:50:32 : 117,000,000 : 0 : 12,243,584,675 : 53%
2022-02-15 20:04:54 : 117,100,000 : 0 : 12,253,939,600 : 53%
2022-02-15 20:19:25 : 117,200,000 : 0 : 12,264,425,600 : 53%
2022-02-15 20:33:41 : 117,300,000 : 0 : 12,274,649,450 : 53%
2022-02-15 20:47:34 : 117,400,000 : 0 : 12,284,873,300 : 54%
2022-02-15 21:01:12 : 117,500,000 : 0 : 12,295,228,225 : 54%
2022-02-15 21:15:03 : 117,600,000 : 0 : 12,305,583,150 : 54%
2022-02-15 21:28:34 : 117,700,000 : 0 : 12,315,807,000 : 54%
2022-02-15 21:42:35 : 117,800,000 : 0 : 12,326,030,850 : 54%
2022-02-15 21:56:17 : 117,900,000 : 0 : 12,336,254,700 : 54%
2022-02-15 22:10:06 : 118,000,000 : 0 : 12,346,478,550 : 54%
2022-02-15 22:24:31 : 118,100,000 : 0 : 12,367,057,325 : 54%
2022-02-15 22:39:15 : 118,200,000 : 0 : 12,377,412,250 : 54%
2022-02-15 22:54:04 : 118,300,000 : 0 : 12,387,767,175 : 54%
2022-02-15 23:09:20 : 118,400,000 : 0 : 12,397,991,025 : 54%
2022-02-15 23:24:49 : 118,500,000 : 0 : 12,408,214,875 : 54%
2022-02-15 23:40:55 : 118,600,000 : 0 : 12,418,569,800 : 54%
2022-02-15 23:56:50 : 118,700,000 : 0 : 12,428,662,575 : 54%
2022-02-16 00:13:01 : 118,800,000 : 0 : 12,438,886,425 : 54%
2022-02-16 00:29:29 : 118,900,000 : 0 : 12,448,979,200 : 54%
2022-02-16 00:46:03 : 119,000,000 : 0 : 12,459,071,975 : 54%
2022-02-16 01:02:39 : 119,100,000 : 0 : 12,469,164,750 : 54%
2022-02-16 01:19:22 : 119,200,000 : 0 : 12,478,995,375 : 54%
2022-02-16 01:36:03 : 119,300,000 : 0 : 12,488,957,075 : 54%
2022-02-16 01:52:42 : 119,400,000 : 0 : 12,498,918,775 : 54%
2022-02-16 02:09:25 : 119,500,000 : 0 : 12,508,749,400 : 54%
2022-02-16 02:26:03 : 119,600,000 : 0 : 12,518,580,025 : 55%
2022-02-16 02:42:29 : 119,700,000 : 0 : 12,528,410,650 : 55%
2022-02-16 02:59:08 : 119,800,000 : 0 : 12,538,110,200 : 55%
2022-02-16 03:16:09 : 119,900,000 : 0 : 12,548,071,900 : 55%
2022-02-16 03:33:40 : 120,000,000 : 0 : 12,557,902,525 : 55%
2022-02-16 03:51:09 : 120,100,000 : 0 : 12,567,864,225 : 55%
2022-02-16 04:09:30 : 120,200,000 : 0 : 12,577,694,850 : 55%
2022-02-16 04:28:33 : 120,300,000 : 0 : 12,587,656,550 : 55%
2022-02-16 04:48:08 : 120,400,000 : 0 : 12,597,618,250 : 55%
2022-02-16 05:08:48 : 120,500,000 : 0 : 12,607,579,950 : 55%
2022-02-16 05:30:45 : 120,600,000 : 0 : 12,617,541,650 : 55%
2022-02-16 05:53:42 : 120,700,000 : 0 : 12,627,503,350 : 55%
2022-02-16 06:17:53 : 120,800,000 : 0 : 12,637,596,125 : 55%
2022-02-16 06:43:19 : 120,900,000 : 0 : 12,647,557,825 : 55%
2022-02-16 07:10:28 : 121,000,000 : 0 : 12,667,743,375 : 55%
2022-02-16 07:37:54 : 121,100,000 : 0 : 12,677,574,000 : 55%
2022-02-16 08:06:13 : 121,200,000 : 0 : 12,687,666,775 : 55%
2022-02-16 08:36:09 : 121,300,000 : 0 : 12,697,628,475 : 55%
2022-02-16 09:06:26 : 121,400,000 : 0 : 12,707,590,175 : 55%
2022-02-16 09:37:02 : 121,500,000 : 0 : 12,717,551,875 : 55%
2022-02-16 10:07:21 : 121,600,000 : 0 : 12,727,513,575 : 55%
2022-02-16 10:37:46 : 121,700,000 : 0 : 12,737,344,200 : 55%
2022-02-16 11:06:44 : 121,800,000 : 0 : 12,747,174,825 : 56%
2022-02-16 11:33:56 : 121,900,000 : 0 : 12,757,136,525 : 56%
2022-02-16 11:59:02 : 122,000,000 : 0 : 12,767,098,225 : 56%
2022-02-16 12:22:07 : 122,100,000 : 0 : 12,777,191,000 : 56%
2022-02-16 12:43:44 : 122,200,000 : 0 : 12,787,283,775 : 56%
2022-02-16 13:03:56 : 122,300,000 : 0 : 12,797,376,550 : 56%
2022-02-16 13:23:12 : 122,400,000 : 0 : 12,807,862,550 : 56%
2022-02-16 13:41:51 : 122,500,000 : 0 : 12,818,086,400 : 56%
Decoding error with 134,217,728 bytes, reading another chunk
2022-02-16 13:59:29 : 122,600,000 : 0 : 12,838,796,250 : 56%
2022-02-16 14:16:36 : 122,700,000 : 0 : 12,838,796,250 : 56%
2022-02-16 14:32:45 : 122,800,000 : 0 : 12,849,151,175 : 56%
2022-02-16 14:48:35 : 122,900,000 : 0 : 12,859,637,175 : 56%
2022-02-16 15:04:02 : 123,000,000 : 0 : 12,869,992,100 : 56%
2022-02-16 15:19:06 : 123,100,000 : 0 : 12,880,347,025 : 56%
2022-02-16 15:33:42 : 123,200,000 : 0 : 12,890,833,025 : 56%
2022-02-16 15:48:15 : 123,300,000 : 0 : 12,901,187,950 : 56%
2022-02-16 16:02:30 : 123,400,000 : 0 : 12,911,673,950 : 56%
2022-02-16 16:16:44 : 123,500,000 : 0 : 12,922,159,950 : 56%
2022-02-16 16:30:43 : 123,600,000 : 0 : 12,932,645,950 : 56%
2022-02-16 16:44:34 : 123,700,000 : 0 : 12,943,131,950 : 56%
2022-02-16 16:58:23 : 123,800,000 : 0 : 12,964,103,950 : 56%
2022-02-16 17:12:27 : 123,900,000 : 0 : 12,974,589,950 : 57%
2022-02-16 17:26:24 : 124,000,000 : 0 : 12,985,207,025 : 57%
2022-02-16 17:40:28 : 124,100,000 : 0 : 12,995,824,100 : 57%
2022-02-16 17:55:09 : 124,200,000 : 0 : 13,006,179,025 : 57%
2022-02-16 18:13:57 : 124,300,000 : 0 : 13,016,533,950 : 57%
2022-02-16 18:29:12 : 124,400,000 : 0 : 13,027,019,950 : 57%
2022-02-16 18:43:36 : 124,500,000 : 0 : 13,037,505,950 : 57%
2022-02-16 18:57:43 : 124,600,000 : 0 : 13,047,860,875 : 57%
2022-02-16 19:11:48 : 124,700,000 : 0 : 13,058,346,875 : 57%
2022-02-16 19:25:58 : 124,800,000 : 0 : 13,068,701,800 : 57%
2022-02-16 19:40:00 : 124,900,000 : 0 : 13,079,056,725 : 57%
2022-02-16 19:54:05 : 125,000,000 : 0 : 13,089,411,650 : 57%
2022-02-16 20:08:21 : 125,100,000 : 0 : 13,099,897,650 : 57%
2022-02-16 20:22:43 : 125,200,000 : 0 : 13,110,252,575 : 57%
2022-02-16 20:37:09 : 125,300,000 : 0 : 13,120,607,500 : 57%
2022-02-16 20:51:38 : 125,400,000 : 0 : 13,130,962,425 : 57%
2022-02-16 21:05:53 : 125,500,000 : 0 : 13,141,317,350 : 57%
2022-02-16 21:20:25 : 125,600,000 : 0 : 13,151,541,200 : 57%
2022-02-16 21:34:51 : 125,700,000 : 0 : 13,161,896,125 : 57%
2022-02-16 21:49:12 : 125,800,000 : 0 : 13,172,119,975 : 57%
2022-02-16 22:03:39 : 125,900,000 : 0 : 13,182,474,900 : 57%
2022-02-16 22:18:37 : 126,000,000 : 0 : 13,192,829,825 : 57%
2022-02-16 22:33:47 : 126,100,000 : 0 : 13,203,315,825 : 58%
2022-02-16 22:48:55 : 126,200,000 : 0 : 13,224,025,675 : 58%
2022-02-16 23:04:13 : 126,300,000 : 0 : 13,234,380,600 : 58%
2022-02-16 23:19:50 : 126,400,000 : 0 : 13,244,604,450 : 58%
2022-02-16 23:35:33 : 126,500,000 : 0 : 13,254,828,300 : 58%
2022-02-16 23:51:26 : 126,600,000 : 0 : 13,265,183,225 : 58%
2022-02-17 00:07:49 : 126,700,000 : 0 : 13,275,538,150 : 58%
2022-02-17 00:24:14 : 126,800,000 : 0 : 13,285,762,000 : 58%
2022-02-17 00:40:54 : 126,900,000 : 0 : 13,295,985,850 : 58%
2022-02-17 00:57:46 : 127,000,000 : 0 : 13,306,078,625 : 58%
2022-02-17 01:14:37 : 127,100,000 : 0 : 13,316,040,325 : 58%
2022-02-17 01:31:10 : 127,200,000 : 0 : 13,326,002,025 : 58%
2022-02-17 01:47:47 : 127,300,000 : 0 : 13,335,832,650 : 58%
2022-02-17 02:04:24 : 127,400,000 : 0 : 13,345,663,275 : 58%
2022-02-17 02:21:03 : 127,500,000 : 0 : 13,355,624,975 : 58%
2022-02-17 02:37:35 : 127,600,000 : 0 : 13,365,455,600 : 58%
2022-02-17 02:54:13 : 127,700,000 : 0 : 13,375,286,225 : 58%
2022-02-17 03:11:10 : 127,800,000 : 0 : 13,385,116,850 : 58%
2022-02-17 03:29:56 : 127,900,000 : 0 : 13,395,078,550 : 58%
2022-02-17 03:49:25 : 128,000,000 : 0 : 13,405,040,250 : 58%
2022-02-17 04:10:08 : 128,100,000 : 0 : 13,415,001,950 : 58%
2022-02-17 04:31:34 : 128,200,000 : 0 : 13,424,963,650 : 58%
2022-02-17 04:54:34 : 128,300,000 : 0 : 13,435,056,425 : 59%
2022-02-17 05:18:36 : 128,400,000 : 0 : 13,445,018,125 : 59%
2022-02-17 05:40:45 : 128,500,000 : 0 : 13,454,848,750 : 59%
2022-02-17 06:03:56 : 128,600,000 : 0 : 13,464,810,450 : 59%
2022-02-17 06:28:32 : 128,700,000 : 0 : 13,474,903,225 : 59%
2022-02-17 06:55:02 : 128,800,000 : 0 : 13,495,219,850 : 59%
2022-02-17 07:23:14 : 128,900,000 : 0 : 13,505,443,700 : 59%
2022-02-17 07:52:29 : 129,000,000 : 0 : 13,515,667,550 : 59%
2022-02-17 08:22:16 : 129,100,000 : 0 : 13,525,891,400 : 59%
2022-02-17 08:53:08 : 129,200,000 : 0 : 13,535,984,175 : 59%
2022-02-17 09:23:46 : 129,300,000 : 0 : 13,545,814,800 : 59%
Decoding error with 134,217,728 bytes, reading another chunk
2022-02-17 09:53:31 : 129,400,000 : 0 : 13,565,869,275 : 59%
2022-02-17 10:24:40 : 129,500,000 : 0 : 13,565,869,275 : 59%
2022-02-17 10:54:21 : 129,600,000 : 0 : 13,575,830,975 : 59%
2022-02-17 11:23:06 : 129,700,000 : 0 : 13,585,923,750 : 59%
2022-02-17 11:50:02 : 129,800,000 : 0 : 13,595,885,450 : 59%
2022-02-17 12:13:46 : 129,900,000 : 0 : 13,605,847,150 : 59%
2022-02-17 12:36:03 : 130,000,000 : 0 : 13,615,939,925 : 59%
2022-02-17 12:56:49 : 130,100,000 : 0 : 13,626,163,775 : 59%
2022-02-17 13:16:44 : 130,200,000 : 0 : 13,636,125,475 : 59%
2022-02-17 13:35:12 : 130,300,000 : 0 : 13,646,349,325 : 59%
2022-02-17 13:52:51 : 130,400,000 : 0 : 13,656,573,175 : 59%
2022-02-17 14:09:44 : 130,500,000 : 0 : 13,666,797,025 : 60%
2022-02-17 14:26:13 : 130,600,000 : 0 : 13,677,283,025 : 60%
2022-02-17 14:42:19 : 130,700,000 : 0 : 13,687,506,875 : 60%
2022-02-17 14:57:40 : 130,800,000 : 0 : 13,697,992,875 : 60%
2022-02-17 15:12:53 : 130,900,000 : 0 : 13,708,347,800 : 60%
2022-02-17 15:27:58 : 131,000,000 : 0 : 13,718,833,800 : 60%
2022-02-17 15:42:32 : 131,100,000 : 0 : 13,729,319,800 : 60%
2022-02-17 15:56:50 : 131,200,000 : 0 : 13,739,674,725 : 60%
2022-02-17 16:11:02 : 131,300,000 : 0 : 13,750,160,725 : 60%
2022-02-17 16:25:06 : 131,400,000 : 0 : 13,760,515,650 : 60%
2022-02-17 16:39:04 : 131,500,000 : 0 : 13,771,001,650 : 60%
2022-02-17 16:52:56 : 131,600,000 : 0 : 13,791,842,575 : 60%
2022-02-17 17:06:41 : 131,700,000 : 0 : 13,802,328,575 : 60%
2022-02-17 17:20:38 : 131,800,000 : 0 : 13,812,683,500 : 60%
2022-02-17 17:34:11 : 131,900,000 : 0 : 13,823,038,425 : 60%
2022-02-17 17:47:49 : 132,000,000 : 0 : 13,833,524,425 : 60%
2022-02-17 18:01:36 : 132,100,000 : 0 : 13,843,879,350 : 60%
2022-02-17 18:15:22 : 132,200,000 : 0 : 13,854,234,275 : 60%
2022-02-17 18:29:00 : 132,300,000 : 0 : 13,864,720,275 : 60%
2022-02-17 18:42:32 : 132,400,000 : 0 : 13,875,075,200 : 60%
2022-02-17 18:56:07 : 132,500,000 : 0 : 13,885,430,125 : 60%
2022-02-17 19:10:00 : 132,600,000 : 0 : 13,895,785,050 : 61%
2022-02-17 19:24:07 : 132,700,000 : 0 : 13,906,139,975 : 61%
2022-02-17 19:37:59 : 132,800,000 : 0 : 13,916,363,825 : 61%
2022-02-17 19:51:53 : 132,900,000 : 0 : 13,926,718,750 : 61%
2022-02-17 20:05:59 : 133,000,000 : 0 : 13,936,942,600 : 61%
2022-02-17 20:20:20 : 133,100,000 : 0 : 13,947,428,600 : 61%
2022-02-17 20:34:40 : 133,200,000 : 0 : 13,957,783,525 : 61%
2022-02-17 20:48:56 : 133,300,000 : 0 : 13,968,138,450 : 61%
2022-02-17 21:02:59 : 133,400,000 : 0 : 13,978,493,375 : 61%
2022-02-17 21:17:14 : 133,500,000 : 0 : 13,988,717,225 : 61%
2022-02-17 21:31:17 : 133,600,000 : 0 : 13,998,941,075 : 61%
2022-02-17 21:45:01 : 133,700,000 : 0 : 14,009,164,925 : 61%
2022-02-17 21:58:45 : 133,800,000 : 0 : 14,019,257,700 : 61%
2022-02-17 22:13:06 : 133,900,000 : 0 : 14,029,481,550 : 61%
2022-02-17 22:27:33 : 134,000,000 : 0 : 14,039,705,400 : 61%
2022-02-17 22:42:16 : 134,100,000 : 0 : 14,049,929,250 : 61%
2022-02-17 22:57:02 : 134,200,000 : 0 : 14,070,508,025 : 61%
2022-02-17 23:12:17 : 134,300,000 : 0 : 14,080,600,800 : 61%
2022-02-17 23:27:44 : 134,400,000 : 0 : 14,090,824,650 : 61%
2022-02-17 23:43:25 : 134,500,000 : 0 : 14,100,917,425 : 61%
2022-02-17 23:59:16 : 134,600,000 : 0 : 14,111,141,275 : 61%
2022-02-18 00:15:30 : 134,700,000 : 0 : 14,121,234,050 : 62%
2022-02-18 00:31:48 : 134,800,000 : 0 : 14,131,326,825 : 62%
2022-02-18 00:48:25 : 134,900,000 : 0 : 14,141,419,600 : 62%
2022-02-18 01:05:01 : 135,000,000 : 0 : 14,151,512,375 : 62%
2022-02-18 01:21:47 : 135,100,000 : 0 : 14,161,474,075 : 62%
2022-02-18 01:38:39 : 135,200,000 : 0 : 14,171,435,775 : 62%
2022-02-18 01:55:27 : 135,300,000 : 0 : 14,181,397,475 : 62%
2022-02-18 02:12:17 : 135,400,000 : 0 : 14,191,228,100 : 62%
2022-02-18 02:29:06 : 135,500,000 : 0 : 14,201,058,725 : 62%
2022-02-18 02:45:42 : 135,600,000 : 0 : 14,210,889,350 : 62%
2022-02-18 03:02:20 : 135,700,000 : 0 : 14,220,588,900 : 62%
2022-02-18 03:19:41 : 135,800,000 : 0 : 14,230,550,600 : 62%
2022-02-18 03:37:26 : 135,900,000 : 0 : 14,240,381,225 : 62%
2022-02-18 03:55:25 : 136,000,000 : 0 : 14,250,342,925 : 62%
2022-02-18 04:13:49 : 136,100,000 : 0 : 14,260,173,550 : 62%
2022-02-18 04:32:58 : 136,200,000 : 0 : 14,270,135,250 : 62%
2022-02-18 04:52:37 : 136,300,000 : 0 : 14,280,096,950 : 62%
2022-02-18 05:13:21 : 136,400,000 : 0 : 14,289,927,575 : 62%
2022-02-18 05:35:02 : 136,500,000 : 0 : 14,299,889,275 : 62%
2022-02-18 05:57:45 : 136,600,000 : 0 : 14,309,850,975 : 62%
2022-02-18 06:21:41 : 136,700,000 : 0 : 14,319,812,675 : 62%
2022-02-18 06:47:09 : 136,800,000 : 0 : 14,329,774,375 : 62%
2022-02-18 07:13:37 : 136,900,000 : 0 : 14,339,736,075 : 62%
2022-02-18 07:40:52 : 137,000,000 : 0 : 14,349,697,775 : 63%
2022-02-18 08:09:22 : 137,100,000 : 0 : 14,359,790,550 : 63%
2022-02-18 08:39:27 : 137,200,000 : 0 : 14,379,976,100 : 63%
2022-02-18 09:09:46 : 137,300,000 : 0 : 14,389,937,800 : 63%
2022-02-18 09:40:01 : 137,400,000 : 0 : 14,400,030,575 : 63%
2022-02-18 10:10:16 : 137,500,000 : 0 : 14,409,992,275 : 63%
2022-02-18 10:40:39 : 137,600,000 : 0 : 14,420,085,050 : 63%
2022-02-18 11:10:11 : 137,700,000 : 0 : 14,430,046,750 : 63%
2022-02-18 11:37:49 : 137,800,000 : 0 : 14,440,008,450 : 63%
2022-02-18 12:03:23 : 137,900,000 : 0 : 14,450,101,225 : 63%
2022-02-18 12:27:04 : 138,000,000 : 0 : 14,460,194,000 : 63%
2022-02-18 12:49:01 : 138,100,000 : 0 : 14,470,548,925 : 63%
2022-02-18 13:09:33 : 138,200,000 : 0 : 14,480,641,700 : 63%
2022-02-18 13:29:02 : 138,300,000 : 0 : 14,490,865,550 : 63%
2022-02-18 13:47:12 : 138,400,000 : 0 : 14,501,220,475 : 63%
2022-02-18 14:04:39 : 138,500,000 : 0 : 14,511,444,325 : 63%
2022-02-18 14:21:38 : 138,600,000 : 0 : 14,521,930,325 : 63%
2022-02-18 14:38:08 : 138,700,000 : 0 : 14,532,154,175 : 63%
2022-02-18 14:54:03 : 138,800,000 : 0 : 14,542,640,175 : 63%
2022-02-18 15:09:32 : 138,900,000 : 0 : 14,552,995,100 : 63%
2022-02-18 15:24:34 : 139,000,000 : 0 : 14,563,350,025 : 63%
2022-02-18 15:39:18 : 139,100,000 : 0 : 14,573,836,025 : 63%
2022-02-18 15:53:47 : 139,200,000 : 0 : 14,584,190,950 : 64%
2022-02-18 16:08:11 : 139,300,000 : 0 : 14,594,676,950 : 64%
2022-02-18 16:22:25 : 139,400,000 : 0 : 14,605,031,875 : 64%
2022-02-18 16:36:28 : 139,500,000 : 0 : 14,615,386,800 : 64%
2022-02-18 16:50:24 : 139,600,000 : 0 : 14,625,872,800 : 64%
2022-02-18 17:04:29 : 139,700,000 : 0 : 14,636,227,725 : 64%
2022-02-18 17:18:40 : 139,800,000 : 0 : 14,646,582,650 : 64%
2022-02-18 17:32:37 : 139,900,000 : 0 : 14,667,423,575 : 64%
2022-02-18 17:46:33 : 140,000,000 : 0 : 14,677,778,500 : 64%
2022-02-18 18:00:28 : 140,100,000 : 0 : 14,688,133,425 : 64%
2022-02-18 18:14:41 : 140,200,000 : 0 : 14,698,619,425 : 64%
2022-02-18 18:28:52 : 140,300,000 : 0 : 14,708,974,350 : 64%
2022-02-18 18:43:06 : 140,400,000 : 0 : 14,719,460,350 : 64%
2022-02-18 18:57:38 : 140,500,000 : 0 : 14,729,815,275 : 64%
2022-02-18 19:12:12 : 140,600,000 : 0 : 14,740,170,200 : 64%
2022-02-18 19:26:53 : 140,700,000 : 0 : 14,750,525,125 : 64%
2022-02-18 19:41:43 : 140,800,000 : 0 : 14,760,880,050 : 64%
2022-02-18 19:56:31 : 140,900,000 : 0 : 14,771,103,900 : 64%
2022-02-18 20:11:23 : 141,000,000 : 0 : 14,781,458,825 : 64%
2022-02-18 20:26:14 : 141,100,000 : 0 : 14,791,682,675 : 64%
2022-02-18 20:41:13 : 141,200,000 : 0 : 14,801,906,525 : 64%
2022-02-18 20:55:55 : 141,300,000 : 0 : 14,812,130,375 : 65%
2022-02-18 21:10:38 : 141,400,000 : 0 : 14,822,354,225 : 65%
2022-02-18 21:25:21 : 141,500,000 : 0 : 14,832,578,075 : 65%
2022-02-18 21:40:12 : 141,600,000 : 0 : 14,842,801,925 : 65%
2022-02-18 21:54:57 : 141,700,000 : 0 : 14,853,025,775 : 65%
2022-02-18 22:09:56 : 141,800,000 : 0 : 14,863,118,550 : 65%
2022-02-18 22:25:03 : 141,900,000 : 0 : 14,873,211,325 : 65%
2022-02-18 22:40:17 : 142,000,000 : 0 : 14,883,435,175 : 65%
2022-02-18 22:55:51 : 142,100,000 : 0 : 14,893,527,950 : 65%
2022-02-18 23:11:45 : 142,200,000 : 0 : 14,903,620,725 : 65%
2022-02-18 23:27:57 : 142,300,000 : 0 : 14,913,582,425 : 65%
2022-02-18 23:44:11 : 142,400,000 : 0 : 14,923,675,200 : 65%
2022-02-19 00:00:43 : 142,500,000 : 0 : 14,943,598,600 : 65%
2022-02-19 00:17:29 : 142,600,000 : 0 : 14,953,560,300 : 65%
2022-02-19 00:34:27 : 142,700,000 : 0 : 14,963,522,000 : 65%
2022-02-19 00:51:46 : 142,800,000 : 0 : 14,973,614,775 : 65%
2022-02-19 01:08:55 : 142,900,000 : 0 : 14,983,576,475 : 65%
2022-02-19 01:26:25 : 143,000,000 : 0 : 14,993,407,100 : 65%
2022-02-19 01:43:58 : 143,100,000 : 0 : 15,003,237,725 : 65%
2022-02-19 02:01:30 : 143,200,000 : 0 : 15,013,068,350 : 65%
2022-02-19 02:18:54 : 143,300,000 : 0 : 15,022,898,975 : 65%
2022-02-19 02:36:25 : 143,400,000 : 0 : 15,032,598,525 : 65%
2022-02-19 02:54:00 : 143,500,000 : 0 : 15,042,298,075 : 66%
2022-02-19 03:12:07 : 143,600,000 : 0 : 15,052,128,700 : 66%
2022-02-19 03:30:56 : 143,700,000 : 0 : 15,061,828,250 : 66%
2022-02-19 03:50:21 : 143,800,000 : 0 : 15,071,658,875 : 66%
2022-02-19 04:10:22 : 143,900,000 : 0 : 15,081,227,350 : 66%
2022-02-19 04:30:44 : 144,000,000 : 0 : 15,091,057,975 : 66%
2022-02-19 04:52:01 : 144,100,000 : 0 : 15,100,757,525 : 66%
2022-02-19 05:14:26 : 144,200,000 : 0 : 15,110,588,150 : 66%
2022-02-19 05:37:30 : 144,300,000 : 0 : 15,120,287,700 : 66%
2022-02-19 06:02:08 : 144,400,000 : 0 : 15,130,118,325 : 66%
2022-02-19 06:27:47 : 144,500,000 : 0 : 15,139,817,875 : 66%
2022-02-19 06:54:30 : 144,600,000 : 0 : 15,149,517,425 : 66%
2022-02-19 07:22:23 : 144,700,000 : 0 : 15,159,216,975 : 66%
2022-02-19 07:51:06 : 144,800,000 : 0 : 15,168,916,525 : 66%
2022-02-19 08:20:08 : 144,900,000 : 0 : 15,178,616,075 : 66%
2022-02-19 08:50:26 : 145,000,000 : 0 : 15,188,315,625 : 66%
2022-02-19 09:21:03 : 145,100,000 : 0 : 15,198,146,250 : 66%
2022-02-19 09:52:12 : 145,200,000 : 0 : 15,207,845,800 : 66%
2022-02-19 10:23:13 : 145,300,000 : 0 : 15,217,545,350 : 66%
2022-02-19 10:54:10 : 145,400,000 : 0 : 15,227,113,825 : 66%
2022-02-19 11:25:25 : 145,500,000 : 0 : 15,236,813,375 : 66%
2022-02-19 11:55:26 : 145,600,000 : 0 : 15,256,474,625 : 66%
2022-02-19 12:23:38 : 145,700,000 : 0 : 15,266,436,325 : 67%
2022-02-19 12:48:56 : 145,800,000 : 0 : 15,276,266,950 : 67%
2022-02-19 13:12:24 : 145,900,000 : 0 : 15,286,359,725 : 67%
2022-02-19 13:34:11 : 146,000,000 : 0 : 15,296,321,425 : 67%
2022-02-19 13:54:44 : 146,100,000 : 0 : 15,306,414,200 : 67%
2022-02-19 14:14:09 : 146,200,000 : 0 : 15,316,506,975 : 67%
2022-02-19 14:33:02 : 146,300,000 : 0 : 15,326,468,675 : 67%
2022-02-19 14:50:44 : 146,400,000 : 0 : 15,336,561,450 : 67%
2022-02-19 15:07:55 : 146,500,000 : 0 : 15,346,654,225 : 67%
2022-02-19 15:24:37 : 146,600,000 : 0 : 15,356,615,925 : 67%
2022-02-19 15:40:53 : 146,700,000 : 0 : 15,366,708,700 : 67%
2022-02-19 15:56:32 : 146,800,000 : 0 : 15,376,801,475 : 67%
2022-02-19 16:11:58 : 146,900,000 : 0 : 15,386,763,175 : 67%
2022-02-19 16:27:11 : 147,000,000 : 0 : 15,396,855,950 : 67%
2022-02-19 16:42:21 : 147,100,000 : 0 : 15,406,817,650 : 67%
2022-02-19 16:57:16 : 147,200,000 : 0 : 15,416,910,425 : 67%
2022-02-19 17:12:23 : 147,300,000 : 0 : 15,427,134,275 : 67%
2022-02-19 17:27:26 : 147,400,000 : 0 : 15,437,227,050 : 67%
2022-02-19 17:42:33 : 147,500,000 : 0 : 15,447,450,900 : 67%
2022-02-19 17:57:45 : 147,600,000 : 0 : 15,457,543,675 : 67%
2022-02-19 18:13:01 : 147,700,000 : 0 : 15,467,636,450 : 67%
2022-02-19 18:28:15 : 147,800,000 : 0 : 15,477,729,225 : 67%
2022-02-19 18:43:36 : 147,900,000 : 0 : 15,487,822,000 : 67%
2022-02-19 18:58:47 : 148,000,000 : 0 : 15,497,783,700 : 68%
2022-02-19 19:13:50 : 148,100,000 : 0 : 15,507,614,325 : 68%
2022-02-19 19:28:44 : 148,200,000 : 0 : 15,517,444,950 : 68%
2022-02-19 19:43:49 : 148,300,000 : 0 : 15,527,406,650 : 68%
2022-02-19 19:59:23 : 148,400,000 : 0 : 15,537,237,275 : 68%
2022-02-19 20:15:13 : 148,500,000 : 0 : 15,557,291,750 : 68%
2022-02-19 20:31:23 : 148,600,000 : 0 : 15,567,253,450 : 68%
2022-02-19 20:47:43 : 148,700,000 : 0 : 15,577,215,150 : 68%
2022-02-19 21:03:52 : 148,800,000 : 0 : 15,587,307,925 : 68%
2022-02-19 21:20:00 : 148,900,000 : 0 : 15,597,269,625 : 68%
2022-02-19 21:36:12 : 149,000,000 : 0 : 15,607,362,400 : 68%
2022-02-19 21:52:24 : 149,100,000 : 0 : 15,617,324,100 : 68%
2022-02-19 22:09:03 : 149,200,000 : 0 : 15,627,416,875 : 68%
2022-02-19 22:25:43 : 149,300,000 : 0 : 15,637,509,650 : 68%
2022-02-19 22:42:33 : 149,400,000 : 0 : 15,647,602,425 : 68%
2022-02-19 22:59:19 : 149,500,000 : 0 : 15,657,564,125 : 68%
2022-02-19 23:16:23 : 149,600,000 : 0 : 15,667,656,900 : 68%
2022-02-19 23:33:41 : 149,700,000 : 0 : 15,677,618,600 : 68%
2022-02-19 23:51:07 : 149,800,000 : 0 : 15,687,711,375 : 68%
2022-02-20 00:08:28 : 149,900,000 : 0 : 15,697,542,000 : 68%
2022-02-20 00:26:03 : 150,000,000 : 0 : 15,707,503,700 : 68%
2022-02-20 00:43:55 : 150,100,000 : 0 : 15,717,465,400 : 68%
2022-02-20 01:01:56 : 150,200,000 : 0 : 15,727,296,025 : 69%
2022-02-20 01:20:15 : 150,300,000 : 0 : 15,737,126,650 : 69%
2022-02-20 01:38:31 : 150,400,000 : 0 : 15,746,957,275 : 69%
2022-02-20 01:56:55 : 150,500,000 : 0 : 15,756,656,825 : 69%
2022-02-20 02:15:00 : 150,600,000 : 0 : 15,766,356,375 : 69%
2022-02-20 02:33:49 : 150,700,000 : 0 : 15,776,187,000 : 69%
2022-02-20 02:52:43 : 150,800,000 : 0 : 15,785,886,550 : 69%
2022-02-20 03:11:43 : 150,900,000 : 0 : 15,795,717,175 : 69%
2022-02-20 03:30:40 : 151,000,000 : 0 : 15,805,285,650 : 69%
2022-02-20 03:49:55 : 151,100,000 : 0 : 15,814,854,125 : 69%
2022-02-20 04:09:16 : 151,200,000 : 0 : 15,824,553,675 : 69%
2022-02-20 04:29:58 : 151,300,000 : 0 : 15,834,253,225 : 69%
2022-02-20 04:50:50 : 151,400,000 : 0 : 15,843,952,775 : 69%
2022-02-20 05:12:37 : 151,500,000 : 0 : 15,863,220,800 : 69%
2022-02-20 05:35:42 : 151,600,000 : 0 : 15,872,920,350 : 69%
2022-02-20 05:59:48 : 151,700,000 : 0 : 15,882,619,900 : 69%
2022-02-20 06:25:15 : 151,800,000 : 0 : 15,892,319,450 : 69%
2022-02-20 06:51:36 : 151,900,000 : 0 : 15,902,150,075 : 69%
2022-02-20 07:19:24 : 152,000,000 : 0 : 15,911,849,625 : 69%
2022-02-20 07:48:28 : 152,100,000 : 0 : 15,921,549,175 : 69%
2022-02-20 08:18:10 : 152,200,000 : 0 : 15,931,379,800 : 69%
2022-02-20 08:48:40 : 152,300,000 : 0 : 15,941,210,425 : 69%
2022-02-20 09:18:26 : 152,400,000 : 0 : 15,951,041,050 : 69%
2022-02-20 09:48:42 : 152,500,000 : 0 : 15,960,871,675 : 70%
2022-02-20 10:19:43 : 152,600,000 : 0 : 15,970,702,300 : 70%
2022-02-20 10:50:50 : 152,700,000 : 0 : 15,980,532,925 : 70%
2022-02-20 11:21:55 : 152,800,000 : 0 : 15,990,363,550 : 70%
2022-02-20 11:52:05 : 152,900,000 : 0 : 16,000,194,175 : 70%
2022-02-20 12:20:07 : 153,000,000 : 0 : 16,010,155,875 : 70%
2022-02-20 12:46:13 : 153,100,000 : 0 : 16,020,117,575 : 70%
2022-02-20 13:10:27 : 153,200,000 : 0 : 16,030,079,275 : 70%
2022-02-20 13:33:02 : 153,300,000 : 0 : 16,039,909,900 : 70%
2022-02-20 13:53:57 : 153,400,000 : 0 : 16,050,002,675 : 70%
2022-02-20 14:13:58 : 153,500,000 : 0 : 16,059,964,375 : 70%
2022-02-20 14:33:00 : 153,600,000 : 0 : 16,069,926,075 : 70%
2022-02-20 14:50:40 : 153,700,000 : 0 : 16,079,887,775 : 70%
2022-02-20 15:07:47 : 153,800,000 : 0 : 16,089,980,550 : 70%
2022-02-20 15:24:06 : 153,900,000 : 0 : 16,099,942,250 : 70%
2022-02-20 15:39:54 : 154,000,000 : 0 : 16,109,903,950 : 70%
2022-02-20 15:55:31 : 154,100,000 : 0 : 16,119,865,650 : 70%
2022-02-20 16:10:41 : 154,200,000 : 0 : 16,129,958,425 : 70%
2022-02-20 16:25:50 : 154,300,000 : 0 : 16,140,051,200 : 70%
2022-02-20 16:40:55 : 154,400,000 : 0 : 16,160,236,750 : 70%
2022-02-20 16:55:48 : 154,500,000 : 0 : 16,170,329,525 : 70%
2022-02-20 17:10:42 : 154,600,000 : 0 : 16,180,422,300 : 70%
2022-02-20 17:25:46 : 154,700,000 : 0 : 16,190,646,150 : 71%
2022-02-20 17:40:53 : 154,800,000 : 0 : 16,201,001,075 : 71%
2022-02-20 17:55:59 : 154,900,000 : 0 : 16,211,093,850 : 71%
2022-02-20 18:11:06 : 155,000,000 : 0 : 16,221,186,625 : 71%
2022-02-20 18:26:03 : 155,100,000 : 0 : 16,231,279,400 : 71%
2022-02-20 18:41:09 : 155,200,000 : 0 : 16,241,372,175 : 71%
2022-02-20 18:56:18 : 155,300,000 : 0 : 16,251,596,025 : 71%
2022-02-20 19:11:46 : 155,400,000 : 0 : 16,261,688,800 : 71%
2022-02-20 19:27:19 : 155,500,000 : 0 : 16,271,781,575 : 71%
2022-02-20 19:42:48 : 155,600,000 : 0 : 16,281,874,350 : 71%
2022-02-20 19:58:33 : 155,700,000 : 0 : 16,291,967,125 : 71%
2022-02-20 20:14:14 : 155,800,000 : 0 : 16,301,928,825 : 71%
2022-02-20 20:30:04 : 155,900,000 : 0 : 16,312,021,600 : 71%
2022-02-20 20:45:51 : 156,000,000 : 0 : 16,322,114,375 : 71%
2022-02-20 21:01:39 : 156,100,000 : 0 : 16,332,207,150 : 71%
2022-02-20 21:17:25 : 156,200,000 : 0 : 16,342,299,925 : 71%
2022-02-20 21:33:07 : 156,300,000 : 0 : 16,352,392,700 : 71%
2022-02-20 21:48:48 : 156,400,000 : 0 : 16,362,485,475 : 71%
2022-02-20 22:04:33 : 156,500,000 : 0 : 16,372,578,250 : 71%
2022-02-20 22:20:19 : 156,600,000 : 0 : 16,382,539,950 : 71%
2022-02-20 22:36:04 : 156,700,000 : 0 : 16,392,501,650 : 71%
2022-02-20 22:52:00 : 156,800,000 : 0 : 16,402,594,425 : 71%
2022-02-20 23:08:27 : 156,900,000 : 0 : 16,412,556,125 : 71%
2022-02-20 23:25:02 : 157,000,000 : 0 : 16,432,479,525 : 72%
2022-02-20 23:41:44 : 157,100,000 : 0 : 16,442,441,225 : 72%
2022-02-20 23:58:25 : 157,200,000 : 0 : 16,452,402,925 : 72%
2022-02-21 00:15:33 : 157,300,000 : 0 : 16,462,364,625 : 72%
2022-02-21 00:33:04 : 157,400,000 : 0 : 16,472,326,325 : 72%
2022-02-21 00:50:51 : 157,500,000 : 0 : 16,482,288,025 : 72%
2022-02-21 01:08:22 : 157,600,000 : 0 : 16,491,987,575 : 72%
2022-02-21 01:26:05 : 157,700,000 : 0 : 16,501,818,200 : 72%
2022-02-21 01:43:48 : 157,800,000 : 0 : 16,511,648,825 : 72%
2022-02-21 02:01:27 : 157,900,000 : 0 : 16,521,479,450 : 72%
2022-02-21 02:19:07 : 158,000,000 : 0 : 16,531,179,000 : 72%
2022-02-21 02:36:45 : 158,100,000 : 0 : 16,541,009,625 : 72%
2022-02-21 02:54:44 : 158,200,000 : 0 : 16,550,709,175 : 72%
2022-02-21 03:12:45 : 158,300,000 : 0 : 16,560,539,800 : 72%
2022-02-21 03:31:15 : 158,400,000 : 0 : 16,570,370,425 : 72%
2022-02-21 03:49:56 : 158,500,000 : 0 : 16,580,069,975 : 72%
2022-02-21 04:09:14 : 158,600,000 : 0 : 16,589,900,600 : 72%
2022-02-21 04:29:25 : 158,700,000 : 0 : 16,599,862,300 : 72%
2022-02-21 04:50:09 : 158,800,000 : 0 : 16,609,824,000 : 72%
2022-02-21 05:11:42 : 158,900,000 : 0 : 16,619,654,625 : 72%
2022-02-21 05:33:49 : 159,000,000 : 0 : 16,629,485,250 : 72%
2022-02-21 05:56:35 : 159,100,000 : 0 : 16,639,315,875 : 72%
2022-02-21 06:20:46 : 159,200,000 : 0 : 16,649,277,575 : 73%
2022-02-21 06:45:56 : 159,300,000 : 0 : 16,659,239,275 : 73%
2022-02-21 07:12:11 : 159,400,000 : 0 : 16,669,200,975 : 73%
2022-02-21 07:40:31 : 159,500,000 : 0 : 16,679,293,750 : 73%
2022-02-21 08:10:04 : 159,600,000 : 0 : 16,689,386,525 : 73%
2022-02-21 08:41:06 : 159,700,000 : 0 : 16,699,479,300 : 73%
2022-02-21 09:12:02 : 159,800,000 : 0 : 16,709,703,150 : 73%
2022-02-21 09:43:33 : 159,900,000 : 0 : 16,729,888,700 : 73%
2022-02-21 10:14:45 : 160,000,000 : 0 : 16,739,981,475 : 73%
2022-02-21 10:46:03 : 160,100,000 : 0 : 16,749,943,175 : 73%
2022-02-21 11:16:28 : 160,200,000 : 0 : 16,760,035,950 : 73%
2022-02-21 11:45:44 : 160,300,000 : 0 : 16,770,259,800 : 73%
2022-02-21 12:13:36 : 160,400,000 : 0 : 16,780,614,725 : 73%
2022-02-21 12:39:01 : 160,500,000 : 0 : 16,790,838,575 : 73%
2022-02-21 13:02:30 : 160,600,000 : 0 : 16,801,193,500 : 73%
2022-02-21 13:24:32 : 160,700,000 : 0 : 16,811,548,425 : 73%
2022-02-21 13:45:10 : 160,800,000 : 0 : 16,822,034,425 : 73%
2022-02-21 14:04:41 : 160,900,000 : 0 : 16,832,389,350 : 73%
2022-02-21 14:23:29 : 161,000,000 : 0 : 16,842,875,350 : 73%
2022-02-21 14:41:29 : 161,100,000 : 0 : 16,853,361,350 : 73%
2022-02-21 14:58:36 : 161,200,000 : 0 : 16,863,847,350 : 73%
2022-02-21 15:15:10 : 161,300,000 : 0 : 16,874,333,350 : 74%
2022-02-21 15:31:19 : 161,400,000 : 0 : 16,884,819,350 : 74%
2022-02-21 15:47:01 : 161,500,000 : 0 : 16,895,305,350 : 74%
2022-02-21 16:02:25 : 161,600,000 : 0 : 16,905,922,425 : 74%
2022-02-21 16:17:50 : 161,700,000 : 0 : 16,916,408,425 : 74%
2022-02-21 16:32:49 : 161,800,000 : 0 : 16,927,025,500 : 74%
2022-02-21 16:47:28 : 161,900,000 : 0 : 16,937,511,500 : 74%
2022-02-21 17:02:07 : 162,000,000 : 0 : 16,948,128,575 : 74%
2022-02-21 17:16:58 : 162,100,000 : 0 : 16,958,614,575 : 74%
2022-02-21 17:31:31 : 162,200,000 : 0 : 16,979,586,575 : 74%
2022-02-21 17:45:54 : 162,300,000 : 0 : 16,990,072,575 : 74%
2022-02-21 18:00:09 : 162,400,000 : 0 : 17,000,427,500 : 74%
2022-02-21 18:14:38 : 162,500,000 : 0 : 17,010,913,500 : 74%
2022-02-21 18:28:59 : 162,600,000 : 0 : 17,021,399,500 : 74%
2022-02-21 18:43:31 : 162,700,000 : 0 : 17,031,885,500 : 74%
2022-02-21 18:58:07 : 162,800,000 : 0 : 17,042,371,500 : 74%
2022-02-21 19:12:59 : 162,900,000 : 0 : 17,052,726,425 : 74%
2022-02-21 19:27:46 : 163,000,000 : 0 : 17,063,212,425 : 74%
2022-02-21 19:42:38 : 163,100,000 : 0 : 17,073,567,350 : 74%
2022-02-21 19:57:33 : 163,200,000 : 0 : 17,084,053,350 : 74%
2022-02-21 20:12:44 : 163,300,000 : 0 : 17,094,539,350 : 74%
2022-02-21 20:27:51 : 163,400,000 : 0 : 17,105,025,350 : 75%
2022-02-21 20:42:49 : 163,500,000 : 0 : 17,115,511,350 : 75%
2022-02-21 20:57:38 : 163,600,000 : 0 : 17,125,866,275 : 75%
2022-02-21 21:12:26 : 163,700,000 : 0 : 17,136,221,200 : 75%
2022-02-21 21:27:20 : 163,800,000 : 0 : 17,146,707,200 : 75%
2022-02-21 21:42:17 : 163,900,000 : 0 : 17,157,062,125 : 75%
2022-02-21 21:57:14 : 164,000,000 : 0 : 17,167,417,050 : 75%
2022-02-21 22:12:11 : 164,100,000 : 0 : 17,177,771,975 : 75%
2022-02-21 22:27:12 : 164,200,000 : 0 : 17,188,126,900 : 75%
2022-02-21 22:42:22 : 164,300,000 : 0 : 17,198,481,825 : 75%
2022-02-21 22:57:44 : 164,400,000 : 0 : 17,219,060,600 : 75%
2022-02-21 23:13:18 : 164,500,000 : 0 : 17,229,415,525 : 75%
2022-02-21 23:29:11 : 164,600,000 : 0 : 17,239,639,375 : 75%
2022-02-21 23:45:10 : 164,700,000 : 0 : 17,249,863,225 : 75%
2022-02-22 00:01:27 : 164,800,000 : 0 : 17,260,087,075 : 75%
2022-02-22 00:18:02 : 164,900,000 : 0 : 17,270,310,925 : 75%
2022-02-22 00:34:55 : 165,000,000 : 0 : 17,280,403,700 : 75%
2022-02-22 00:52:01 : 165,100,000 : 0 : 17,290,496,475 : 75%
2022-02-22 01:09:23 : 165,200,000 : 0 : 17,300,589,250 : 75%
2022-02-22 01:26:35 : 165,300,000 : 0 : 17,310,682,025 : 75%
2022-02-22 01:43:42 : 165,400,000 : 0 : 17,320,643,725 : 75%
2022-02-22 02:00:46 : 165,500,000 : 0 : 17,330,605,425 : 75%
2022-02-22 02:17:48 : 165,600,000 : 0 : 17,340,567,125 : 76%
2022-02-22 02:34:58 : 165,700,000 : 0 : 17,350,528,825 : 76%
2022-02-22 02:52:15 : 165,800,000 : 0 : 17,360,490,525 : 76%
2022-02-22 03:09:47 : 165,900,000 : 0 : 17,370,321,150 : 76%
2022-02-22 03:27:38 : 166,000,000 : 0 : 17,380,282,850 : 76%
2022-02-22 03:45:43 : 166,100,000 : 0 : 17,390,244,550 : 76%
2022-02-22 04:04:28 : 166,200,000 : 0 : 17,400,337,325 : 76%
2022-02-22 04:23:52 : 166,300,000 : 0 : 17,410,430,100 : 76%
2022-02-22 04:44:00 : 166,400,000 : 0 : 17,420,522,875 : 76%
2022-02-22 05:04:51 : 166,500,000 : 0 : 17,430,615,650 : 76%
2022-02-22 05:26:32 : 166,600,000 : 0 : 17,440,577,350 : 76%
2022-02-22 05:49:10 : 166,700,000 : 0 : 17,450,539,050 : 76%
2022-02-22 06:13:02 : 166,800,000 : 0 : 17,460,500,750 : 76%
2022-02-22 06:37:44 : 166,900,000 : 0 : 17,470,462,450 : 76%
2022-02-22 07:04:20 : 167,000,000 : 0 : 17,480,555,225 : 76%
2022-02-22 07:32:13 : 167,100,000 : 0 : 17,500,871,850 : 76%
2022-02-22 08:01:05 : 167,200,000 : 0 : 17,510,964,625 : 76%
2022-02-22 08:31:22 : 167,300,000 : 0 : 17,521,188,475 : 76%
2022-02-22 09:03:31 : 167,400,000 : 0 : 17,531,281,250 : 76%
2022-02-22 09:35:14 : 167,500,000 : 0 : 17,541,505,100 : 76%
2022-02-22 10:06:43 : 167,600,000 : 0 : 17,551,728,950 : 76%
2022-02-22 10:38:07 : 167,700,000 : 0 : 17,561,821,725 : 77%
2022-02-22 11:08:34 : 167,800,000 : 0 : 17,572,045,575 : 77%
2022-02-22 11:37:12 : 167,900,000 : 0 : 17,582,269,425 : 77%
2022-02-22 12:03:46 : 168,000,000 : 0 : 17,592,624,350 : 77%
2022-02-22 12:28:17 : 168,100,000 : 0 : 17,602,848,200 : 77%
2022-02-22 12:51:05 : 168,200,000 : 0 : 17,613,203,125 : 77%
2022-02-22 13:12:23 : 168,300,000 : 0 : 17,623,426,975 : 77%
2022-02-22 13:32:19 : 168,400,000 : 0 : 17,633,912,975 : 77%
2022-02-22 13:51:21 : 168,500,000 : 0 : 17,644,398,975 : 77%
2022-02-22 14:09:50 : 168,600,000 : 0 : 17,654,884,975 : 77%
2022-02-22 14:27:22 : 168,700,000 : 0 : 17,665,370,975 : 77%
2022-02-22 14:44:10 : 168,800,000 : 0 : 17,675,856,975 : 77%
2022-02-22 15:00:28 : 168,900,000 : 0 : 17,686,474,050 : 77%
2022-02-22 15:16:18 : 169,000,000 : 0 : 17,696,960,050 : 77%
2022-02-22 15:31:39 : 169,100,000 : 0 : 17,707,577,125 : 77%
2022-02-22 15:46:42 : 169,200,000 : 0 : 17,718,194,200 : 77%
2022-02-22 16:01:41 : 169,300,000 : 0 : 17,728,811,275 : 77%
2022-02-22 16:16:25 : 169,400,000 : 0 : 17,739,297,275 : 77%
2022-02-22 16:30:49 : 169,500,000 : 0 : 17,760,531,425 : 77%
2022-02-22 16:45:08 : 169,600,000 : 0 : 17,771,017,425 : 77%
Decoding error with 134,217,728 bytes, reading another chunk
2022-02-22 16:59:19 : 169,700,000 : 0 : 17,792,120,500 : 78%
2022-02-22 17:13:38 : 169,800,000 : 0 : 17,792,120,500 : 78%
2022-02-22 17:27:53 : 169,900,000 : 0 : 17,802,737,575 : 78%
2022-02-22 17:41:58 : 170,000,000 : 0 : 17,813,223,575 : 78%
2022-02-22 17:56:02 : 170,100,000 : 0 : 17,823,840,650 : 78%
2022-02-22 18:10:10 : 170,200,000 : 0 : 17,834,326,650 : 78%
2022-02-22 18:24:17 : 170,300,000 : 0 : 17,844,812,650 : 78%
2022-02-22 18:38:24 : 170,400,000 : 0 : 17,855,298,650 : 78%
2022-02-22 18:52:27 : 170,500,000 : 0 : 17,865,784,650 : 78%
2022-02-22 19:06:29 : 170,600,000 : 0 : 17,876,270,650 : 78%
2022-02-22 19:20:39 : 170,700,000 : 0 : 17,886,756,650 : 78%
2022-02-22 19:34:55 : 170,800,000 : 0 : 17,897,242,650 : 78%
2022-02-22 19:49:18 : 170,900,000 : 0 : 17,907,597,575 : 78%
2022-02-22 20:03:38 : 171,000,000 : 0 : 17,918,083,575 : 78%
2022-02-22 20:17:56 : 171,100,000 : 0 : 17,928,438,500 : 78%
2022-02-22 20:32:17 : 171,200,000 : 0 : 17,938,793,425 : 78%
2022-02-22 20:46:35 : 171,300,000 : 0 : 17,949,279,425 : 78%
2022-02-22 21:00:36 : 171,400,000 : 0 : 17,959,634,350 : 78%
2022-02-22 21:14:39 : 171,500,000 : 0 : 17,969,989,275 : 78%
2022-02-22 21:28:26 : 171,600,000 : 0 : 17,980,213,125 : 78%
2022-02-22 21:42:23 : 171,700,000 : 0 : 17,990,568,050 : 78%
2022-02-22 21:56:29 : 171,800,000 : 0 : 18,011,277,900 : 78%
2022-02-22 22:10:45 : 171,900,000 : 0 : 18,021,632,825 : 79%
2022-02-22 22:25:23 : 172,000,000 : 0 : 18,031,987,750 : 79%
2022-02-22 22:40:06 : 172,100,000 : 0 : 18,042,342,675 : 79%
2022-02-22 22:54:57 : 172,200,000 : 0 : 18,052,697,600 : 79%
2022-02-22 23:10:14 : 172,300,000 : 0 : 18,063,052,525 : 79%
2022-02-22 23:25:59 : 172,400,000 : 0 : 18,073,407,450 : 79%
2022-02-22 23:41:52 : 172,500,000 : 0 : 18,083,631,300 : 79%
2022-02-22 23:57:54 : 172,600,000 : 0 : 18,093,986,225 : 79%
2022-02-23 00:14:14 : 172,700,000 : 0 : 18,104,210,075 : 79%
2022-02-23 00:30:42 : 172,800,000 : 0 : 18,114,302,850 : 79%
2022-02-23 00:47:54 : 172,900,000 : 0 : 18,124,395,625 : 79%
2022-02-23 01:05:01 : 173,000,000 : 0 : 18,134,488,400 : 79%
2022-02-23 01:22:02 : 173,100,000 : 0 : 18,144,450,100 : 79%
2022-02-23 01:39:07 : 173,200,000 : 0 : 18,154,542,875 : 79%
2022-02-23 01:56:11 : 173,300,000 : 0 : 18,164,504,575 : 79%
2022-02-23 02:13:00 : 173,400,000 : 0 : 18,174,335,200 : 79%
2022-02-23 02:29:40 : 173,500,000 : 0 : 18,184,296,900 : 79%
2022-02-23 02:46:12 : 173,600,000 : 0 : 18,194,127,525 : 79%
2022-02-23 03:03:11 : 173,700,000 : 0 : 18,204,089,225 : 79%
2022-02-23 03:20:30 : 173,800,000 : 0 : 18,213,919,850 : 79%
2022-02-23 03:37:53 : 173,900,000 : 0 : 18,223,881,550 : 79%
2022-02-23 03:55:44 : 174,000,000 : 0 : 18,233,712,175 : 79%
2022-02-23 04:13:42 : 174,100,000 : 0 : 18,243,542,800 : 79%
2022-02-23 04:31:55 : 174,200,000 : 0 : 18,253,242,350 : 80%
2022-02-23 04:50:52 : 174,300,000 : 0 : 18,262,941,900 : 80%
2022-02-23 05:10:15 : 174,400,000 : 0 : 18,272,772,525 : 80%
2022-02-23 05:31:21 : 174,500,000 : 0 : 18,292,695,925 : 80%
2022-02-23 05:53:59 : 174,600,000 : 0 : 18,302,657,625 : 80%
2022-02-23 06:18:02 : 174,700,000 : 0 : 18,312,750,400 : 80%
2022-02-23 06:43:19 : 174,800,000 : 0 : 18,322,843,175 : 80%
2022-02-23 07:10:36 : 174,900,000 : 0 : 18,332,935,950 : 80%
2022-02-23 07:39:21 : 175,000,000 : 0 : 18,343,028,725 : 80%
2022-02-23 08:08:38 : 175,100,000 : 0 : 18,353,121,500 : 80%
2022-02-23 08:39:19 : 175,200,000 : 0 : 18,363,214,275 : 80%
2022-02-23 09:10:23 : 175,300,000 : 0 : 18,373,307,050 : 80%
2022-02-23 09:41:59 : 175,400,000 : 0 : 18,383,399,825 : 80%
2022-02-23 10:13:25 : 175,500,000 : 0 : 18,393,492,600 : 80%
2022-02-23 10:44:40 : 175,600,000 : 0 : 18,403,585,375 : 80%
2022-02-23 11:14:46 : 175,700,000 : 0 : 18,413,678,150 : 80%
2022-02-23 11:42:53 : 175,800,000 : 0 : 18,423,902,000 : 80%
2022-02-23 12:08:55 : 175,900,000 : 0 : 18,434,125,850 : 80%
2022-02-23 12:32:55 : 176,000,000 : 0 : 18,444,218,625 : 80%
2022-02-23 12:54:48 : 176,100,000 : 0 : 18,454,442,475 : 80%
2022-02-23 13:15:36 : 176,200,000 : 0 : 18,464,797,400 : 80%
2022-02-23 13:35:06 : 176,300,000 : 0 : 18,475,021,250 : 80%
2022-02-23 13:53:27 : 176,400,000 : 0 : 18,485,376,175 : 81%
2022-02-23 14:11:13 : 176,500,000 : 0 : 18,495,862,175 : 81%
2022-02-23 14:28:21 : 176,600,000 : 0 : 18,506,217,100 : 81%
2022-02-23 14:44:51 : 176,700,000 : 0 : 18,516,703,100 : 81%
2022-02-23 15:00:44 : 176,800,000 : 0 : 18,527,189,100 : 81%
2022-02-23 15:16:23 : 176,900,000 : 0 : 18,537,675,100 : 81%
2022-02-23 15:31:37 : 177,000,000 : 0 : 18,558,647,100 : 81%
2022-02-23 15:46:44 : 177,100,000 : 0 : 18,569,264,175 : 81%
2022-02-23 16:01:32 : 177,200,000 : 0 : 18,579,750,175 : 81%
2022-02-23 16:16:08 : 177,300,000 : 0 : 18,590,236,175 : 81%
2022-02-23 16:30:25 : 177,400,000 : 0 : 18,600,722,175 : 81%
2022-02-23 16:44:39 : 177,500,000 : 0 : 18,611,208,175 : 81%
2022-02-23 16:58:41 : 177,600,000 : 0 : 18,621,563,100 : 81%
2022-02-23 17:12:53 : 177,700,000 : 0 : 18,632,180,175 : 81%
2022-02-23 17:27:04 : 177,800,000 : 0 : 18,642,666,175 : 81%
2022-02-23 17:41:03 : 177,900,000 : 0 : 18,653,152,175 : 81%
2022-02-23 17:55:07 : 178,000,000 : 0 : 18,663,638,175 : 81%
2022-02-23 18:10:40 : 178,100,000 : 0 : 18,674,124,175 : 81%
2022-02-23 18:25:01 : 178,200,000 : 0 : 18,684,479,100 : 81%
2022-02-23 18:39:08 : 178,300,000 : 0 : 18,694,965,100 : 81%
2022-02-23 18:53:22 : 178,400,000 : 0 : 18,705,320,025 : 81%
2022-02-23 19:07:37 : 178,500,000 : 0 : 18,715,806,025 : 82%
2022-02-23 19:22:00 : 178,600,000 : 0 : 18,726,160,950 : 82%
2022-02-23 19:36:05 : 178,700,000 : 0 : 18,736,646,950 : 82%
2022-02-23 19:50:18 : 178,800,000 : 0 : 18,747,132,950 : 82%
2022-02-23 20:04:22 : 178,900,000 : 0 : 18,757,356,800 : 82%
2022-02-23 20:18:18 : 179,000,000 : 0 : 18,767,580,650 : 82%
2022-02-23 20:32:00 : 179,100,000 : 0 : 18,787,897,275 : 82%
2022-02-23 20:45:39 : 179,200,000 : 0 : 18,798,121,125 : 82%
2022-02-23 20:59:00 : 179,300,000 : 0 : 18,808,344,975 : 82%
2022-02-23 21:12:42 : 179,400,000 : 0 : 18,818,699,900 : 82%
2022-02-23 21:26:18 : 179,500,000 : 0 : 18,828,923,750 : 82%
2022-02-23 21:39:52 : 179,600,000 : 0 : 18,839,147,600 : 82%
2022-02-23 21:53:36 : 179,700,000 : 0 : 18,849,502,525 : 82%
2022-02-23 22:07:33 : 179,800,000 : 0 : 18,859,857,450 : 82%
2022-02-23 22:21:57 : 179,900,000 : 0 : 18,870,081,300 : 82%
2022-02-23 22:36:44 : 180,000,000 : 0 : 18,880,436,225 : 82%
2022-02-23 22:51:44 : 180,100,000 : 0 : 18,890,660,075 : 82%
2022-02-23 23:07:07 : 180,200,000 : 0 : 18,901,015,000 : 82%
2022-02-23 23:22:48 : 180,300,000 : 0 : 18,911,238,850 : 82%
2022-02-23 23:38:37 : 180,400,000 : 0 : 18,921,462,700 : 82%
2022-02-23 23:54:36 : 180,500,000 : 0 : 18,931,686,550 : 82%
2022-02-24 00:10:55 : 180,600,000 : 0 : 18,941,910,400 : 83%
2022-02-24 00:27:24 : 180,700,000 : 0 : 18,952,003,175 : 83%
2022-02-24 00:44:03 : 180,800,000 : 0 : 18,962,095,950 : 83%
2022-02-24 01:00:48 : 180,900,000 : 0 : 18,972,057,650 : 83%
2022-02-24 01:17:38 : 181,000,000 : 0 : 18,982,150,425 : 83%
2022-02-24 01:34:12 : 181,100,000 : 0 : 18,992,112,125 : 83%
2022-02-24 01:50:28 : 181,200,000 : 0 : 19,001,942,750 : 83%
2022-02-24 02:06:52 : 181,300,000 : 0 : 19,011,773,375 : 83%
2022-02-24 02:23:28 : 181,400,000 : 0 : 19,021,604,000 : 83%
2022-02-24 02:40:07 : 181,500,000 : 0 : 19,031,565,700 : 83%
2022-02-24 02:56:51 : 181,600,000 : 0 : 19,041,396,325 : 83%
2022-02-24 03:13:50 : 181,700,000 : 0 : 19,051,226,950 : 83%
2022-02-24 03:31:00 : 181,800,000 : 0 : 19,060,926,500 : 83%
2022-02-24 03:48:17 : 181,900,000 : 0 : 19,080,325,600 : 83%
2022-02-24 04:05:41 : 182,000,000 : 0 : 19,090,025,150 : 83%
2022-02-24 04:23:24 : 182,100,000 : 0 : 19,099,462,550 : 83%
2022-02-24 04:41:30 : 182,200,000 : 0 : 19,109,031,025 : 83%
2022-02-24 04:59:43 : 182,300,000 : 0 : 19,118,468,425 : 83%
2022-02-24 05:18:07 : 182,400,000 : 0 : 19,128,036,900 : 83%
2022-02-24 05:37:32 : 182,500,000 : 0 : 19,137,605,375 : 83%
2022-02-24 05:57:49 : 182,600,000 : 0 : 19,147,304,925 : 83%
2022-02-24 06:19:05 : 182,700,000 : 0 : 19,156,873,400 : 83%
2022-02-24 06:41:01 : 182,800,000 : 0 : 19,166,441,875 : 83%
2022-02-24 07:03:45 : 182,900,000 : 0 : 19,176,010,350 : 84%
2022-02-24 07:27:08 : 183,000,000 : 0 : 19,185,578,825 : 84%
2022-02-24 07:51:30 : 183,100,000 : 0 : 19,195,278,375 : 84%
2022-02-24 08:17:11 : 183,200,000 : 0 : 19,205,109,000 : 84%
2022-02-24 08:44:05 : 183,300,000 : 0 : 19,215,070,700 : 84%
2022-02-24 09:11:48 : 183,400,000 : 0 : 19,224,901,325 : 84%
2022-02-24 09:40:02 : 183,500,000 : 0 : 19,234,731,950 : 84%
2022-02-24 10:07:32 : 183,600,000 : 0 : 19,244,431,500 : 84%
2022-02-24 10:34:32 : 183,700,000 : 0 : 19,253,999,975 : 84%
2022-02-24 11:01:30 : 183,800,000 : 0 : 19,263,699,525 : 84%
2022-02-24 11:28:01 : 183,900,000 : 0 : 19,273,530,150 : 84%
2022-02-24 11:53:26 : 184,000,000 : 0 : 19,283,491,850 : 84%
2022-02-24 12:17:19 : 184,100,000 : 0 : 19,293,322,475 : 84%
2022-02-24 12:39:05 : 184,200,000 : 0 : 19,303,284,175 : 84%
2022-02-24 12:58:59 : 184,300,000 : 0 : 19,313,245,875 : 84%
2022-02-24 13:18:24 : 184,400,000 : 0 : 19,323,207,575 : 84%
2022-02-24 13:36:35 : 184,500,000 : 0 : 19,333,169,275 : 84%
2022-02-24 13:54:14 : 184,600,000 : 0 : 19,343,130,975 : 84%
2022-02-24 14:11:09 : 184,700,000 : 0 : 19,353,092,675 : 84%
2022-02-24 14:27:24 : 184,800,000 : 0 : 19,363,185,450 : 84%
2022-02-24 14:43:08 : 184,900,000 : 0 : 19,373,147,150 : 84%
2022-02-24 14:58:15 : 185,000,000 : 0 : 19,383,239,925 : 84%
2022-02-24 15:13:00 : 185,100,000 : 0 : 19,393,332,700 : 84%
2022-02-24 15:27:23 : 185,200,000 : 0 : 19,403,294,400 : 85%
2022-02-24 15:41:32 : 185,300,000 : 0 : 19,413,387,175 : 85%
2022-02-24 15:55:33 : 185,400,000 : 0 : 19,423,348,875 : 85%
2022-02-24 16:09:28 : 185,500,000 : 0 : 19,443,534,425 : 85%
2022-02-24 16:23:14 : 185,600,000 : 0 : 19,453,758,275 : 85%
2022-02-24 16:37:04 : 185,700,000 : 0 : 19,463,851,050 : 85%
2022-02-24 16:51:04 : 185,800,000 : 0 : 19,474,074,900 : 85%
2022-02-24 17:04:55 : 185,900,000 : 0 : 19,484,167,675 : 85%
2022-02-24 17:18:49 : 186,000,000 : 0 : 19,494,260,450 : 85%
2022-02-24 17:32:32 : 186,100,000 : 0 : 19,504,353,225 : 85%
2022-02-24 17:46:16 : 186,200,000 : 0 : 19,514,446,000 : 85%
2022-02-24 18:00:01 : 186,300,000 : 0 : 19,524,538,775 : 85%
2022-02-24 18:13:58 : 186,400,000 : 0 : 19,534,500,475 : 85%
2022-02-24 18:27:43 : 186,500,000 : 0 : 19,544,724,325 : 85%
2022-02-24 18:41:41 : 186,600,000 : 0 : 19,554,817,100 : 85%
2022-02-24 18:55:43 : 186,700,000 : 0 : 19,564,778,800 : 85%
2022-02-24 19:09:33 : 186,800,000 : 0 : 19,574,740,500 : 85%
2022-02-24 19:23:22 : 186,900,000 : 0 : 19,584,833,275 : 85%
2022-02-24 19:37:07 : 187,000,000 : 0 : 19,594,926,050 : 85%
2022-02-24 19:51:13 : 187,100,000 : 0 : 19,605,018,825 : 85%
2022-02-24 20:05:01 : 187,200,000 : 0 : 19,615,111,600 : 85%
2022-02-24 20:18:45 : 187,300,000 : 0 : 19,625,073,300 : 85%
2022-02-24 20:32:20 : 187,400,000 : 0 : 19,635,035,000 : 86%
2022-02-24 20:45:55 : 187,500,000 : 0 : 19,644,996,700 : 86%
2022-02-24 20:59:28 : 187,600,000 : 0 : 19,655,089,475 : 86%
2022-02-24 21:13:11 : 187,700,000 : 0 : 19,665,051,175 : 86%
2022-02-24 21:26:46 : 187,800,000 : 0 : 19,674,881,800 : 86%
2022-02-24 21:40:30 : 187,900,000 : 0 : 19,684,843,500 : 86%
2022-02-24 21:53:50 : 188,000,000 : 0 : 19,694,805,200 : 86%
2022-02-24 22:07:39 : 188,100,000 : 0 : 19,704,766,900 : 86%
2022-02-24 22:21:54 : 188,200,000 : 0 : 19,714,728,600 : 86%
2022-02-24 22:36:21 : 188,300,000 : 0 : 19,724,690,300 : 86%
2022-02-24 22:51:04 : 188,400,000 : 0 : 19,734,652,000 : 86%
2022-02-24 23:05:52 : 188,500,000 : 0 : 19,754,444,325 : 86%
2022-02-24 23:20:54 : 188,600,000 : 0 : 19,764,274,950 : 86%
2022-02-24 23:36:27 : 188,700,000 : 0 : 19,774,236,650 : 86%
2022-02-24 23:52:11 : 188,800,000 : 0 : 19,784,067,275 : 86%
2022-02-25 00:08:03 : 188,900,000 : 0 : 19,794,028,975 : 86%
2022-02-25 00:23:54 : 189,000,000 : 0 : 19,803,728,525 : 86%
2022-02-25 00:39:54 : 189,100,000 : 0 : 19,813,559,150 : 86%
2022-02-25 00:56:06 : 189,200,000 : 0 : 19,823,389,775 : 86%
2022-02-25 01:12:29 : 189,300,000 : 0 : 19,832,958,250 : 86%
2022-02-25 01:28:50 : 189,400,000 : 0 : 19,842,657,800 : 86%
2022-02-25 01:45:14 : 189,500,000 : 0 : 19,852,357,350 : 86%
2022-02-25 02:01:50 : 189,600,000 : 0 : 19,861,925,825 : 87%
2022-02-25 02:18:34 : 189,700,000 : 0 : 19,871,494,300 : 87%
2022-02-25 02:35:11 : 189,800,000 : 0 : 19,881,062,775 : 87%
2022-02-25 02:51:55 : 189,900,000 : 0 : 19,890,631,250 : 87%
2022-02-25 03:08:54 : 190,000,000 : 0 : 19,900,199,725 : 87%
2022-02-25 03:26:03 : 190,100,000 : 0 : 19,909,768,200 : 87%
2022-02-25 03:43:15 : 190,200,000 : 0 : 19,919,336,675 : 87%
2022-02-25 04:01:02 : 190,300,000 : 0 : 19,929,036,225 : 87%
2022-02-25 04:19:25 : 190,400,000 : 0 : 19,938,604,700 : 87%
2022-02-25 04:38:19 : 190,500,000 : 0 : 19,948,173,175 : 87%
2022-02-25 04:58:01 : 190,600,000 : 0 : 19,957,741,650 : 87%
2022-02-25 05:18:38 : 190,700,000 : 0 : 19,967,310,125 : 87%
2022-02-25 05:40:01 : 190,800,000 : 0 : 19,976,878,600 : 87%
2022-02-25 06:02:56 : 190,900,000 : 0 : 19,986,578,150 : 87%
2022-02-25 06:26:55 : 191,000,000 : 0 : 19,996,277,700 : 87%
2022-02-25 06:52:13 : 191,100,000 : 0 : 20,005,977,250 : 87%
2022-02-25 07:18:40 : 191,200,000 : 0 : 20,015,676,800 : 87%
2022-02-25 07:45:54 : 191,300,000 : 0 : 20,025,507,425 : 87%
2022-02-25 08:14:00 : 191,400,000 : 0 : 20,035,338,050 : 87%
2022-02-25 08:43:03 : 191,500,000 : 0 : 20,045,168,675 : 87%
2022-02-25 09:13:03 : 191,600,000 : 0 : 20,054,999,300 : 87%
2022-02-25 09:43:08 : 191,700,000 : 0 : 20,064,698,850 : 87%
2022-02-25 10:13:11 : 191,800,000 : 0 : 20,084,360,100 : 87%
2022-02-25 10:43:04 : 191,900,000 : 0 : 20,094,059,650 : 88%
2022-02-25 11:12:00 : 192,000,000 : 0 : 20,103,890,275 : 88%
2022-02-25 11:39:07 : 192,100,000 : 0 : 20,113,720,900 : 88%
2022-02-25 12:04:16 : 192,200,000 : 0 : 20,123,682,600 : 88%
2022-02-25 12:27:21 : 192,300,000 : 0 : 20,133,513,225 : 88%
2022-02-25 12:49:05 : 192,400,000 : 0 : 20,143,606,000 : 88%
2022-02-25 13:09:33 : 192,500,000 : 0 : 20,153,567,700 : 88%
2022-02-25 13:29:10 : 192,600,000 : 0 : 20,163,660,475 : 88%
2022-02-25 13:47:34 : 192,700,000 : 0 : 20,173,753,250 : 88%
2022-02-25 14:05:14 : 192,800,000 : 0 : 20,183,977,100 : 88%
2022-02-25 14:22:15 : 192,900,000 : 0 : 20,194,200,950 : 88%
2022-02-25 14:38:45 : 193,000,000 : 0 : 20,204,424,800 : 88%
2022-02-25 14:54:50 : 193,100,000 : 0 : 20,214,648,650 : 88%
2022-02-25 15:10:22 : 193,200,000 : 0 : 20,224,872,500 : 88%
2022-02-25 15:25:25 : 193,300,000 : 0 : 20,235,096,350 : 88%
2022-02-25 15:40:16 : 193,400,000 : 0 : 20,245,320,200 : 88%
2022-02-25 15:54:47 : 193,500,000 : 0 : 20,255,544,050 : 88%
2022-02-25 16:09:12 : 193,600,000 : 0 : 20,265,767,900 : 88%
2022-02-25 16:23:27 : 193,700,000 : 0 : 20,275,991,750 : 88%
2022-02-25 16:37:27 : 193,800,000 : 0 : 20,286,215,600 : 88%
2022-02-25 16:51:21 : 193,900,000 : 0 : 20,296,439,450 : 88%
2022-02-25 17:05:20 : 194,000,000 : 0 : 20,306,663,300 : 88%
2022-02-25 17:19:27 : 194,100,000 : 0 : 20,316,887,150 : 89%
2022-02-25 17:33:20 : 194,200,000 : 0 : 20,327,111,000 : 89%
2022-02-25 17:47:20 : 194,300,000 : 0 : 20,337,334,850 : 89%
2022-02-25 18:01:15 : 194,400,000 : 0 : 20,347,558,700 : 89%
2022-02-25 18:15:12 : 194,500,000 : 0 : 20,357,782,550 : 89%
2022-02-25 18:28:51 : 194,600,000 : 0 : 20,367,875,325 : 89%
2022-02-25 18:42:47 : 194,700,000 : 0 : 20,377,968,100 : 89%
2022-02-25 18:56:49 : 194,800,000 : 0 : 20,398,415,800 : 89%
2022-02-25 19:10:53 : 194,900,000 : 0 : 20,408,639,650 : 89%
2022-02-25 19:25:20 : 195,000,000 : 0 : 20,418,732,425 : 89%
2022-02-25 19:39:54 : 195,100,000 : 0 : 20,428,956,275 : 89%
2022-02-25 19:54:11 : 195,200,000 : 0 : 20,439,049,050 : 89%
2022-02-25 20:08:41 : 195,300,000 : 0 : 20,449,141,825 : 89%
2022-02-25 20:23:32 : 195,400,000 : 0 : 20,459,234,600 : 89%
2022-02-25 20:37:57 : 195,500,000 : 0 : 20,469,327,375 : 89%
2022-02-25 20:52:23 : 195,600,000 : 0 : 20,479,420,150 : 89%
2022-02-25 21:06:56 : 195,700,000 : 0 : 20,489,512,925 : 89%
2022-02-25 21:21:33 : 195,800,000 : 0 : 20,499,474,625 : 89%
2022-02-25 21:36:02 : 195,900,000 : 0 : 20,509,436,325 : 89%
2022-02-25 21:50:31 : 196,000,000 : 0 : 20,519,529,100 : 89%
2022-02-25 22:05:15 : 196,100,000 : 0 : 20,529,621,875 : 89%
2022-02-25 22:20:09 : 196,200,000 : 0 : 20,539,583,575 : 89%
2022-02-25 22:35:17 : 196,300,000 : 0 : 20,549,545,275 : 90%
2022-02-25 22:50:29 : 196,400,000 : 0 : 20,559,638,050 : 90%
2022-02-25 23:05:58 : 196,500,000 : 0 : 20,569,599,750 : 90%
2022-02-25 23:21:46 : 196,600,000 : 0 : 20,579,561,450 : 90%
2022-02-25 23:37:46 : 196,700,000 : 0 : 20,589,392,075 : 90%
2022-02-25 23:53:57 : 196,800,000 : 0 : 20,599,353,775 : 90%
2022-02-26 00:10:11 : 196,900,000 : 0 : 20,609,184,400 : 90%
2022-02-26 00:27:00 : 197,000,000 : 0 : 20,619,015,025 : 90%
2022-02-26 00:43:57 : 197,100,000 : 0 : 20,628,976,725 : 90%
2022-02-26 01:01:12 : 197,200,000 : 0 : 20,638,676,275 : 90%
2022-02-26 01:18:28 : 197,300,000 : 0 : 20,648,375,825 : 90%
2022-02-26 01:35:51 : 197,400,000 : 0 : 20,658,075,375 : 90%
2022-02-26 01:53:19 : 197,500,000 : 0 : 20,667,774,925 : 90%
2022-02-26 02:10:54 : 197,600,000 : 0 : 20,677,343,400 : 90%
2022-02-26 02:28:21 : 197,700,000 : 0 : 20,686,911,875 : 90%
2022-02-26 02:46:01 : 197,800,000 : 0 : 20,696,480,350 : 90%
2022-02-26 03:03:47 : 197,900,000 : 0 : 20,706,048,825 : 90%
2022-02-26 03:21:50 : 198,000,000 : 0 : 20,725,185,775 : 90%
2022-02-26 03:40:10 : 198,100,000 : 0 : 20,734,623,175 : 90%
2022-02-26 03:58:50 : 198,200,000 : 0 : 20,744,060,575 : 90%
2022-02-26 04:17:42 : 198,300,000 : 0 : 20,753,629,050 : 90%
2022-02-26 04:37:15 : 198,400,000 : 0 : 20,763,066,450 : 90%
2022-02-26 04:57:17 : 198,500,000 : 0 : 20,772,634,925 : 90%
2022-02-26 05:18:33 : 198,600,000 : 0 : 20,782,072,325 : 91%
2022-02-26 05:40:06 : 198,700,000 : 0 : 20,791,509,725 : 91%
2022-02-26 06:02:13 : 198,800,000 : 0 : 20,801,078,200 : 91%
2022-02-26 06:26:01 : 198,900,000 : 0 : 20,810,777,750 : 91%
2022-02-26 06:50:57 : 199,000,000 : 0 : 20,820,346,225 : 91%
2022-02-26 07:17:30 : 199,100,000 : 0 : 20,830,045,775 : 91%
2022-02-26 07:44:29 : 199,200,000 : 0 : 20,839,745,325 : 91%
2022-02-26 08:12:17 : 199,300,000 : 0 : 20,849,444,875 : 91%
2022-02-26 08:41:04 : 199,400,000 : 0 : 20,859,144,425 : 91%
2022-02-26 09:10:41 : 199,500,000 : 0 : 20,868,975,050 : 91%
2022-02-26 09:41:05 : 199,600,000 : 0 : 20,878,674,600 : 91%
2022-02-26 10:11:19 : 199,700,000 : 0 : 20,888,374,150 : 91%
2022-02-26 10:42:25 : 199,800,000 : 0 : 20,898,073,700 : 91%
2022-02-26 11:13:30 : 199,900,000 : 0 : 20,907,642,175 : 91%
2022-02-26 11:43:39 : 200,000,000 : 0 : 20,917,472,800 : 91%
2022-02-26 12:11:41 : 200,100,000 : 0 : 20,927,172,350 : 91%
2022-02-26 12:37:36 : 200,200,000 : 0 : 20,937,002,975 : 91%
2022-02-26 13:01:24 : 200,300,000 : 0 : 20,946,833,600 : 91%
2022-02-26 13:23:46 : 200,400,000 : 0 : 20,956,795,300 : 91%
2022-02-26 13:45:03 : 200,500,000 : 0 : 20,966,757,000 : 91%
2022-02-26 14:05:01 : 200,600,000 : 0 : 20,976,587,625 : 91%
2022-02-26 14:24:06 : 200,700,000 : 0 : 20,986,549,325 : 91%
2022-02-26 14:42:30 : 200,800,000 : 0 : 20,996,511,025 : 91%
2022-02-26 15:00:08 : 200,900,000 : 0 : 21,006,472,725 : 92%
2022-02-26 15:17:02 : 201,000,000 : 0 : 21,016,434,425 : 92%
2022-02-26 15:33:27 : 201,100,000 : 0 : 21,026,265,050 : 92%
2022-02-26 15:49:25 : 201,200,000 : 0 : 21,036,226,750 : 92%
2022-02-26 16:05:17 : 201,300,000 : 0 : 21,046,188,450 : 92%
2022-02-26 16:20:56 : 201,400,000 : 0 : 21,056,150,150 : 92%
2022-02-26 16:36:16 : 201,500,000 : 0 : 21,066,242,925 : 92%
2022-02-26 16:51:27 : 201,600,000 : 0 : 21,076,204,625 : 92%
2022-02-26 17:06:31 : 201,700,000 : 0 : 21,096,259,100 : 92%
2022-02-26 17:21:45 : 201,800,000 : 0 : 21,106,351,875 : 92%
2022-02-26 17:36:52 : 201,900,000 : 0 : 21,116,444,650 : 92%
2022-02-26 17:51:58 : 202,000,000 : 0 : 21,126,537,425 : 92%
2022-02-26 18:06:58 : 202,100,000 : 0 : 21,136,499,125 : 92%
2022-02-26 18:22:04 : 202,200,000 : 0 : 21,146,591,900 : 92%
2022-02-26 18:37:09 : 202,300,000 : 0 : 21,156,553,600 : 92%
2022-02-26 18:52:14 : 202,400,000 : 0 : 21,166,646,375 : 92%
2022-02-26 19:07:28 : 202,500,000 : 0 : 21,176,477,000 : 92%
2022-02-26 19:22:14 : 202,600,000 : 0 : 21,186,307,625 : 92%
2022-02-26 19:37:22 : 202,700,000 : 0 : 21,196,138,250 : 92%
2022-02-26 19:52:47 : 202,800,000 : 0 : 21,206,099,950 : 92%
2022-02-26 20:08:27 : 202,900,000 : 0 : 21,215,930,575 : 92%
2022-02-26 20:24:26 : 203,000,000 : 0 : 21,225,892,275 : 92%
2022-02-26 20:40:14 : 203,100,000 : 0 : 21,235,722,900 : 93%
2022-02-26 20:55:56 : 203,200,000 : 0 : 21,245,684,600 : 93%
2022-02-26 21:11:48 : 203,300,000 : 0 : 21,255,646,300 : 93%
2022-02-26 21:27:41 : 203,400,000 : 0 : 21,265,476,925 : 93%
2022-02-26 21:43:30 : 203,500,000 : 0 : 21,275,438,625 : 93%
2022-02-26 21:59:18 : 203,600,000 : 0 : 21,285,269,250 : 93%
2022-02-26 22:15:21 : 203,700,000 : 0 : 21,295,230,950 : 93%
2022-02-26 22:31:09 : 203,800,000 : 0 : 21,305,061,575 : 93%
2022-02-26 22:47:02 : 203,900,000 : 0 : 21,314,892,200 : 93%
2022-02-26 23:02:54 : 204,000,000 : 0 : 21,324,591,750 : 93%
2022-02-26 23:19:10 : 204,100,000 : 0 : 21,334,422,375 : 93%
2022-02-26 23:35:35 : 204,200,000 : 0 : 21,344,253,000 : 93%
2022-02-26 23:52:11 : 204,300,000 : 0 : 21,353,952,550 : 93%
2022-02-27 00:08:49 : 204,400,000 : 0 : 21,363,783,175 : 93%
2022-02-27 00:25:53 : 204,500,000 : 0 : 21,373,613,800 : 93%
2022-02-27 00:42:50 : 204,600,000 : 0 : 21,383,313,350 : 93%
2022-02-27 00:59:37 : 204,700,000 : 0 : 21,402,581,375 : 93%
2022-02-27 01:16:44 : 204,800,000 : 0 : 21,412,280,925 : 93%
2022-02-27 01:33:59 : 204,900,000 : 0 : 21,421,718,325 : 93%
2022-02-27 01:51:06 : 205,000,000 : 0 : 21,431,286,800 : 93%
2022-02-27 02:08:56 : 205,100,000 : 0 : 21,440,855,275 : 93%
2022-02-27 02:26:53 : 205,200,000 : 0 : 21,450,292,675 : 93%
2022-02-27 02:44:44 : 205,300,000 : 0 : 21,459,992,225 : 93%
2022-02-27 03:02:56 : 205,400,000 : 0 : 21,469,560,700 : 94%
2022-02-27 03:21:28 : 205,500,000 : 0 : 21,479,260,250 : 94%
2022-02-27 03:40:22 : 205,600,000 : 0 : 21,488,828,725 : 94%
2022-02-27 03:59:23 : 205,700,000 : 0 : 21,498,528,275 : 94%
2022-02-27 04:18:58 : 205,800,000 : 0 : 21,508,227,825 : 94%
2022-02-27 04:38:48 : 205,900,000 : 0 : 21,517,796,300 : 94%
2022-02-27 04:58:46 : 206,000,000 : 0 : 21,527,102,625 : 94%
2022-02-27 05:19:10 : 206,100,000 : 0 : 21,536,671,100 : 94%
2022-02-27 05:40:34 : 206,200,000 : 0 : 21,546,108,500 : 94%
2022-02-27 06:03:08 : 206,300,000 : 0 : 21,555,676,975 : 94%
2022-02-27 06:26:42 : 206,400,000 : 0 : 21,565,245,450 : 94%
2022-02-27 06:51:14 : 206,500,000 : 0 : 21,574,813,925 : 94%
2022-02-27 07:16:50 : 206,600,000 : 0 : 21,584,382,400 : 94%
2022-02-27 07:42:53 : 206,700,000 : 0 : 21,593,950,875 : 94%
2022-02-27 08:10:02 : 206,800,000 : 0 : 21,603,650,425 : 94%
2022-02-27 08:38:11 : 206,900,000 : 0 : 21,613,349,975 : 94%
2022-02-27 09:06:31 : 207,000,000 : 0 : 21,623,049,525 : 94%
2022-02-27 09:35:14 : 207,100,000 : 0 : 21,632,618,000 : 94%
2022-02-27 10:04:03 : 207,200,000 : 0 : 21,642,317,550 : 94%
2022-02-27 10:33:37 : 207,300,000 : 0 : 21,652,148,175 : 94%
2022-02-27 11:03:45 : 207,400,000 : 0 : 21,661,847,725 : 94%
2022-02-27 11:33:18 : 207,500,000 : 0 : 21,671,547,275 : 94%
2022-02-27 12:01:50 : 207,600,000 : 0 : 21,681,377,900 : 94%
2022-02-27 12:28:48 : 207,700,000 : 0 : 21,691,208,525 : 94%
2022-02-27 12:53:45 : 207,800,000 : 0 : 21,701,039,150 : 95%
2022-02-27 13:16:49 : 207,900,000 : 0 : 21,711,000,850 : 95%
2022-02-27 13:38:18 : 208,000,000 : 0 : 21,720,831,475 : 95%
2022-02-27 13:58:22 : 208,100,000 : 0 : 21,730,662,100 : 95%
2022-02-27 14:17:42 : 208,200,000 : 0 : 21,740,492,725 : 95%
2022-02-27 14:35:49 : 208,300,000 : 0 : 21,750,323,350 : 95%
2022-02-27 14:53:11 : 208,400,000 : 0 : 21,770,115,675 : 95%
2022-02-27 15:09:42 : 208,500,000 : 0 : 21,780,077,375 : 95%
2022-02-27 15:25:49 : 208,600,000 : 0 : 21,789,908,000 : 95%
2022-02-27 15:41:30 : 208,700,000 : 0 : 21,799,869,700 : 95%
2022-02-27 15:56:42 : 208,800,000 : 0 : 21,809,831,400 : 95%
2022-02-27 16:11:56 : 208,900,000 : 0 : 21,819,793,100 : 95%
2022-02-27 16:26:42 : 209,000,000 : 0 : 21,829,754,800 : 95%
2022-02-27 16:41:24 : 209,100,000 : 0 : 21,839,847,575 : 95%
2022-02-27 16:55:54 : 209,200,000 : 0 : 21,849,940,350 : 95%
2022-02-27 17:10:25 : 209,300,000 : 0 : 21,859,902,050 : 95%
2022-02-27 17:24:42 : 209,400,000 : 0 : 21,869,863,750 : 95%
2022-02-27 17:39:00 : 209,500,000 : 0 : 21,879,956,525 : 95%
2022-02-27 17:53:08 : 209,600,000 : 0 : 21,889,787,150 : 95%
2022-02-27 18:07:01 : 209,700,000 : 0 : 21,899,748,850 : 95%
2022-02-27 18:21:20 : 209,800,000 : 0 : 21,909,710,550 : 95%
2022-02-27 18:35:45 : 209,900,000 : 0 : 21,919,672,250 : 95%
2022-02-27 18:49:56 : 210,000,000 : 0 : 21,929,502,875 : 96%
2022-02-27 19:04:18 : 210,100,000 : 0 : 21,939,464,575 : 96%
2022-02-27 19:18:56 : 210,200,000 : 0 : 21,949,295,200 : 96%
2022-02-27 19:33:04 : 210,300,000 : 0 : 21,958,994,750 : 96%
2022-02-27 19:47:30 : 210,400,000 : 0 : 21,968,956,450 : 96%
2022-02-27 20:02:05 : 210,500,000 : 0 : 21,978,787,075 : 96%
2022-02-27 20:16:57 : 210,600,000 : 0 : 21,988,617,700 : 96%
2022-02-27 20:31:49 : 210,700,000 : 0 : 21,998,579,400 : 96%
2022-02-27 20:46:36 : 210,800,000 : 0 : 22,008,410,025 : 96%
2022-02-27 21:01:22 : 210,900,000 : 0 : 22,018,371,725 : 96%
2022-02-27 21:16:09 : 211,000,000 : 0 : 22,028,333,425 : 96%
2022-02-27 21:31:11 : 211,100,000 : 0 : 22,038,164,050 : 96%
2022-02-27 21:46:06 : 211,200,000 : 0 : 22,048,125,750 : 96%
2022-02-27 22:01:04 : 211,300,000 : 0 : 22,057,956,375 : 96%
2022-02-27 22:16:21 : 211,400,000 : 0 : 22,067,918,075 : 96%
2022-02-27 22:31:42 : 211,500,000 : 0 : 22,077,748,700 : 96%
2022-02-27 22:47:16 : 211,600,000 : 0 : 22,097,803,175 : 96%
2022-02-27 23:02:56 : 211,700,000 : 0 : 22,107,633,800 : 96%
2022-02-27 23:18:48 : 211,800,000 : 0 : 22,117,464,425 : 96%
2022-02-27 23:34:52 : 211,900,000 : 0 : 22,127,295,050 : 96%
2022-02-27 23:51:12 : 212,000,000 : 0 : 22,137,256,750 : 96%
2022-02-28 00:07:31 : 212,100,000 : 0 : 22,146,956,300 : 96%
2022-02-28 00:23:48 : 212,200,000 : 0 : 22,156,786,925 : 97%
2022-02-28 00:40:34 : 212,300,000 : 0 : 22,166,617,550 : 97%
2022-02-28 00:57:51 : 212,400,000 : 0 : 22,176,579,250 : 97%
2022-02-28 01:15:19 : 212,500,000 : 0 : 22,186,409,875 : 97%
2022-02-28 01:32:28 : 212,600,000 : 0 : 22,196,109,425 : 97%
2022-02-28 01:49:36 : 212,700,000 : 0 : 22,205,940,050 : 97%
2022-02-28 02:06:46 : 212,800,000 : 0 : 22,215,639,600 : 97%
2022-02-28 02:23:54 : 212,900,000 : 0 : 22,225,339,150 : 97%
2022-02-28 02:41:00 : 213,000,000 : 0 : 22,235,038,700 : 97%
2022-02-28 02:58:02 : 213,100,000 : 0 : 22,244,738,250 : 97%
2022-02-28 03:15:05 : 213,200,000 : 0 : 22,254,437,800 : 97%
2022-02-28 03:32:30 : 213,300,000 : 0 : 22,264,268,425 : 97%
2022-02-28 03:50:12 : 213,400,000 : 0 : 22,274,099,050 : 97%
2022-02-28 04:08:37 : 213,500,000 : 0 : 22,283,929,675 : 97%
2022-02-28 04:27:56 : 213,600,000 : 0 : 22,293,891,375 : 97%
2022-02-28 04:47:32 : 213,700,000 : 0 : 22,303,722,000 : 97%
2022-02-28 05:07:46 : 213,800,000 : 0 : 22,313,552,625 : 97%
2022-02-28 05:29:03 : 213,900,000 : 0 : 22,323,383,250 : 97%
2022-02-28 05:51:19 : 214,000,000 : 0 : 22,333,344,950 : 97%
2022-02-28 06:14:46 : 214,100,000 : 0 : 22,343,175,575 : 97%
2022-02-28 06:38:58 : 214,200,000 : 0 : 22,353,137,275 : 97%
2022-02-28 07:04:32 : 214,300,000 : 0 : 22,362,967,900 : 97%
2022-02-28 07:30:52 : 214,400,000 : 0 : 22,372,798,525 : 97%
2022-02-28 07:57:47 : 214,500,000 : 0 : 22,382,629,150 : 98%
2022-02-28 08:25:42 : 214,600,000 : 0 : 22,392,459,775 : 98%
2022-02-28 08:54:44 : 214,700,000 : 0 : 22,402,290,400 : 98%
2022-02-28 09:24:26 : 214,800,000 : 0 : 22,412,121,025 : 98%
2022-02-28 09:54:12 : 214,900,000 : 0 : 22,432,044,425 : 98%
2022-02-28 10:24:44 : 215,000,000 : 0 : 22,441,875,050 : 98%
2022-02-28 10:54:32 : 215,100,000 : 0 : 22,451,836,750 : 98%
2022-02-28 11:23:12 : 215,200,000 : 0 : 22,461,798,450 : 98%
2022-02-28 11:49:57 : 215,300,000 : 0 : 22,471,891,225 : 98%
2022-02-28 12:14:58 : 215,400,000 : 0 : 22,481,852,925 : 98%
2022-02-28 12:38:12 : 215,500,000 : 0 : 22,491,945,700 : 98%
2022-02-28 12:59:53 : 215,600,000 : 0 : 22,502,038,475 : 98%
2022-02-28 13:20:23 : 215,700,000 : 0 : 22,512,262,325 : 98%
2022-02-28 13:40:00 : 215,800,000 : 0 : 22,522,486,175 : 98%
2022-02-28 13:58:31 : 215,900,000 : 0 : 22,532,578,950 : 98%
2022-02-28 14:16:31 : 216,000,000 : 0 : 22,542,802,800 : 98%
2022-02-28 14:33:39 : 216,100,000 : 0 : 22,553,026,650 : 98%
2022-02-28 14:50:17 : 216,200,000 : 0 : 22,563,250,500 : 98%
2022-02-28 15:06:22 : 216,300,000 : 0 : 22,573,605,425 : 98%
2022-02-28 15:22:11 : 216,400,000 : 0 : 22,583,960,350 : 98%
2022-02-28 15:37:31 : 216,500,000 : 0 : 22,594,184,200 : 98%
2022-02-28 15:52:26 : 216,600,000 : 0 : 22,604,539,125 : 98%
2022-02-28 16:07:06 : 216,700,000 : 0 : 22,614,894,050 : 99%
2022-02-28 16:21:55 : 216,800,000 : 0 : 22,625,248,975 : 99%
2022-02-28 16:36:24 : 216,900,000 : 0 : 22,635,472,825 : 99%
2022-02-28 16:50:37 : 217,000,000 : 0 : 22,645,827,750 : 99%
2022-02-28 17:04:51 : 217,100,000 : 0 : 22,656,182,675 : 99%
2022-02-28 17:19:10 : 217,200,000 : 0 : 22,666,537,600 : 99%
2022-02-28 17:33:13 : 217,300,000 : 0 : 22,676,892,525 : 99%
2022-02-28 17:47:09 : 217,400,000 : 0 : 22,687,247,450 : 99%
2022-02-28 18:01:01 : 217,500,000 : 0 : 22,697,602,375 : 99%
2022-02-28 18:15:18 : 217,600,000 : 0 : 22,718,181,150 : 99%
2022-02-28 18:29:19 : 217,700,000 : 0 : 22,728,536,075 : 99%
2022-02-28 18:43:25 : 217,800,000 : 0 : 22,738,759,925 : 99%
2022-02-28 18:57:22 : 217,900,000 : 0 : 22,749,114,850 : 99%
2022-02-28 19:11:30 : 218,000,000 : 0 : 22,759,338,700 : 99%
2022-02-28 19:25:41 : 218,100,000 : 0 : 22,769,562,550 : 99%
2022-02-28 19:39:50 : 218,200,000 : 0 : 22,779,786,400 : 99%
2022-02-28 19:54:02 : 218,300,000 : 0 : 22,790,141,325 : 99%
2022-02-28 20:08:21 : 218,400,000 : 0 : 22,800,365,175 : 99%
2022-02-28 20:22:44 : 218,500,000 : 0 : 22,810,589,025 : 99%
2022-02-28 20:37:04 : 218,600,000 : 0 : 22,820,812,875 : 99%
2022-02-28 20:51:21 : 218,700,000 : 0 : 22,831,036,725 : 99%
2022-02-28 21:05:32 : 218,800,000 : 0 : 22,841,260,575 : 100%
2022-02-28 21:19:44 : 218,900,000 : 0 : 22,851,484,425 : 100%
2022-02-28 21:34:00 : 219,000,000 : 0 : 22,861,708,275 : 100%
2022-02-28 21:48:23 : 219,100,000 : 0 : 22,871,932,125 : 100%
2022-02-28 22:03:02 : 219,200,000 : 0 : 22,882,155,975 : 100%
2022-02-28 22:18:06 : 219,300,000 : 0 : 22,892,510,900 : 100%
2022-02-28 22:33:24 : 219,400,000 : 0 : 22,902,734,750 : 100%
2022-02-28 22:48:59 : 219,500,000 : 0 : 22,912,958,600 : 100%
2022-02-28 23:04:48 : 219,600,000 : 0 : 22,923,182,450 : 100%
2022-02-28 23:21:18 : 219,700,000 : 0 : 22,933,406,300 : 100%
2022-02-28 23:38:13 : 219,800,000 : 0 : 22,943,499,075 : 100%
2022-02-28 23:55:12 : 219,900,000 : 0 : 22,953,591,850 : 100%
2022-03-01 00:17:17 : 100,000 : 0 : 21,889,525 : 0%
2022-03-01 00:34:53 : 200,000 : 0 : 32,244,450 : 0%
2022-03-01 00:52:25 : 300,000 : 0 : 42,468,300 : 0%
2022-03-01 01:09:57 : 400,000 : 0 : 52,561,075 : 0%
2022-03-01 01:27:32 : 500,000 : 0 : 62,653,850 : 0%
2022-03-01 01:44:54 : 600,000 : 0 : 72,746,625 : 0%
2022-03-01 02:01:40 : 700,000 : 0 : 82,708,325 : 0%
2022-03-01 02:18:36 : 800,000 : 0 : 92,670,025 : 0%
2022-03-01 02:35:48 : 900,000 : 0 : 102,631,725 : 0%
2022-03-01 02:53:05 : 1,000,000 : 0 : 112,593,425 : 0%
2022-03-01 03:10:20 : 1,100,000 : 0 : 122,555,125 : 0%
2022-03-01 03:28:02 : 1,200,000 : 0 : 132,516,825 : 1%
2022-03-01 03:45:49 : 1,300,000 : 0 : 142,347,450 : 1%
2022-03-01 04:03:54 : 1,400,000 : 0 : 152,309,150 : 1%
2022-03-01 04:22:19 : 1,500,000 : 0 : 162,008,700 : 1%
2022-03-01 04:41:48 : 1,600,000 : 0 : 171,839,325 : 1%
2022-03-01 05:02:07 : 1,700,000 : 0 : 181,801,025 : 1%
2022-03-01 05:23:30 : 1,800,000 : 0 : 191,631,650 : 1%
2022-03-01 05:45:59 : 1,900,000 : 0 : 201,593,350 : 1%
2022-03-01 06:09:26 : 2,000,000 : 0 : 211,555,050 : 1%
2022-03-01 06:33:59 : 2,100,000 : 0 : 221,516,750 : 1%
2022-03-01 06:59:59 : 2,200,000 : 0 : 231,478,450 : 1%
2022-03-01 07:27:26 : 2,300,000 : 0 : 241,440,150 : 1%
2022-03-01 07:55:49 : 2,400,000 : 0 : 251,532,925 : 1%
2022-03-01 08:25:29 : 2,500,000 : 0 : 261,625,700 : 1%
2022-03-01 08:56:22 : 2,600,000 : 0 : 271,718,475 : 1%
2022-03-01 09:27:41 : 2,700,000 : 0 : 281,811,250 : 1%
2022-03-01 09:59:21 : 2,800,000 : 0 : 291,904,025 : 1%
2022-03-01 10:30:47 : 2,900,000 : 0 : 301,996,800 : 1%
2022-03-01 11:01:21 : 3,000,000 : 0 : 322,051,275 : 1%
2022-03-01 11:30:16 : 3,100,000 : 0 : 332,144,050 : 1%
2022-03-01 11:57:19 : 3,200,000 : 0 : 342,236,825 : 1%
2022-03-01 12:22:22 : 3,300,000 : 0 : 352,329,600 : 1%
2022-03-01 12:44:56 : 3,400,000 : 0 : 362,553,450 : 1%
2022-03-01 13:06:02 : 3,500,000 : 0 : 372,908,375 : 1%
2022-03-01 13:26:03 : 3,600,000 : 0 : 383,132,225 : 2%
2022-03-01 13:45:05 : 3,700,000 : 0 : 393,356,075 : 2%
2022-03-01 14:03:13 : 3,800,000 : 0 : 403,842,075 : 2%
2022-03-01 14:20:38 : 3,900,000 : 0 : 414,065,925 : 2%
2022-03-01 14:37:16 : 4,000,000 : 0 : 424,420,850 : 2%
2022-03-01 14:53:33 : 4,100,000 : 0 : 434,775,775 : 2%
2022-03-01 15:09:30 : 4,200,000 : 0 : 445,261,775 : 2%
2022-03-01 15:25:06 : 4,300,000 : 0 : 455,747,775 : 2%
2022-03-01 15:40:25 : 4,400,000 : 0 : 466,233,775 : 2%
2022-03-01 15:55:36 : 4,500,000 : 0 : 476,850,850 : 2%
2022-03-01 16:10:39 : 4,600,000 : 0 : 487,336,850 : 2%
2022-03-01 16:25:27 : 4,700,000 : 0 : 497,822,850 : 2%
2022-03-01 16:40:05 : 4,800,000 : 0 : 508,308,850 : 2%
2022-03-01 16:54:25 : 4,900,000 : 0 : 518,794,850 : 2%
2022-03-01 17:08:39 : 5,000,000 : 0 : 529,149,775 : 2%
2022-03-01 17:22:57 : 5,100,000 : 0 : 539,635,775 : 2%
2022-03-01 17:37:09 : 5,200,000 : 0 : 550,121,775 : 2%
2022-03-01 17:51:17 : 5,300,000 : 0 : 560,476,700 : 2%
2022-03-01 18:05:32 : 5,400,000 : 0 : 570,962,700 : 2%
2022-03-01 18:19:52 : 5,500,000 : 0 : 591,934,700 : 2%
2022-03-01 18:33:59 : 5,600,000 : 0 : 602,158,550 : 2%
2022-03-01 18:48:00 : 5,700,000 : 0 : 612,513,475 : 2%
2022-03-01 19:02:10 : 5,800,000 : 0 : 622,868,400 : 2%
2022-03-01 19:16:32 : 5,900,000 : 0 : 633,223,325 : 3%
2022-03-01 19:30:52 : 6,000,000 : 0 : 643,578,250 : 3%
2022-03-01 19:45:12 : 6,100,000 : 0 : 653,802,100 : 3%
2022-03-01 19:59:29 : 6,200,000 : 0 : 664,157,025 : 3%
2022-03-01 20:13:56 : 6,300,000 : 0 : 674,380,875 : 3%
2022-03-01 20:28:08 : 6,400,000 : 0 : 684,473,650 : 3%
2022-03-01 20:42:17 : 6,500,000 : 0 : 694,697,500 : 3%
2022-03-01 20:56:21 : 6,600,000 : 0 : 704,921,350 : 3%
2022-03-01 21:10:32 : 6,700,000 : 0 : 715,145,200 : 3%
2022-03-01 21:24:40 : 6,800,000 : 0 : 725,237,975 : 3%
2022-03-01 21:38:50 : 6,900,000 : 0 : 735,461,825 : 3%
2022-03-01 21:53:04 : 7,000,000 : 0 : 745,685,675 : 3%
2022-03-01 22:07:33 : 7,100,000 : 0 : 755,778,450 : 3%
2022-03-01 22:22:09 : 7,200,000 : 0 : 765,871,225 : 3%
2022-03-01 22:36:38 : 7,300,000 : 0 : 776,095,075 : 3%
2022-03-01 22:51:43 : 7,400,000 : 0 : 786,187,850 : 3%
2022-03-01 23:06:51 : 7,500,000 : 0 : 796,411,700 : 3%
2022-03-01 23:22:23 : 7,600,000 : 0 : 806,504,475 : 3%
2022-03-01 23:38:15 : 7,700,000 : 0 : 816,728,325 : 3%
2022-03-01 23:54:28 : 7,800,000 : 0 : 826,821,100 : 3%
2022-03-02 00:10:48 : 7,900,000 : 0 : 847,137,725 : 3%
2022-03-02 00:27:10 : 8,000,000 : 0 : 857,230,500 : 3%
2022-03-02 00:43:32 : 8,100,000 : 0 : 867,192,200 : 3%
2022-03-02 00:59:59 : 8,200,000 : 0 : 877,153,900 : 4%
2022-03-02 01:16:35 : 8,300,000 : 0 : 886,984,525 : 4%
2022-03-02 01:33:09 : 8,400,000 : 0 : 896,815,150 : 4%
2022-03-02 01:49:40 : 8,500,000 : 0 : 906,776,850 : 4%
2022-03-02 02:06:18 : 8,600,000 : 0 : 916,476,400 : 4%
2022-03-02 02:22:43 : 8,700,000 : 0 : 926,044,875 : 4%
2022-03-02 02:38:34 : 8,800,000 : 0 : 935,482,275 : 4%
2022-03-02 02:54:21 : 8,900,000 : 0 : 945,050,750 : 4%
2022-03-02 03:10:01 : 9,000,000 : 0 : 954,619,225 : 4%
2022-03-02 03:26:09 : 9,100,000 : 0 : 964,318,775 : 4%
2022-03-02 03:42:43 : 9,200,000 : 0 : 973,887,250 : 4%
2022-03-02 03:59:50 : 9,300,000 : 0 : 983,717,875 : 4%
2022-03-02 04:17:43 : 9,400,000 : 0 : 993,548,500 : 4%
2022-03-02 04:36:09 : 9,500,000 : 0 : 1,003,379,125 : 4%
2022-03-02 04:55:17 : 9,600,000 : 0 : 1,013,209,750 : 4%
2022-03-02 05:15:24 : 9,700,000 : 0 : 1,023,040,375 : 4%
2022-03-02 05:36:12 : 9,800,000 : 0 : 1,033,002,075 : 4%
2022-03-02 05:58:19 : 9,900,000 : 0 : 1,042,963,775 : 4%
2022-03-02 06:21:52 : 10,000,000 : 0 : 1,052,794,400 : 4%
2022-03-02 06:46:49 : 10,100,000 : 0 : 1,062,756,100 : 4%
2022-03-02 07:12:26 : 10,200,000 : 0 : 1,072,717,800 : 4%
2022-03-02 07:38:48 : 10,300,000 : 0 : 1,082,417,350 : 4%
2022-03-02 08:06:41 : 10,400,000 : 0 : 1,092,379,050 : 4%
2022-03-02 08:35:49 : 10,500,000 : 0 : 1,102,340,750 : 4%
2022-03-02 09:05:32 : 10,600,000 : 0 : 1,112,302,450 : 4%
2022-03-02 09:36:21 : 10,700,000 : 0 : 1,122,264,150 : 4%
2022-03-02 10:06:28 : 10,800,000 : 0 : 1,142,056,475 : 5%
2022-03-02 10:36:55 : 10,900,000 : 0 : 1,152,018,175 : 5%
2022-03-02 11:06:49 : 11,000,000 : 0 : 1,161,979,875 : 5%
2022-03-02 11:35:00 : 11,100,000 : 0 : 1,172,072,650 : 5%
2022-03-02 12:00:43 : 11,200,000 : 0 : 1,182,034,350 : 5%
2022-03-02 12:24:16 : 11,300,000 : 0 : 1,191,996,050 : 5%
2022-03-02 12:46:05 : 11,400,000 : 0 : 1,202,088,825 : 5%
2022-03-02 13:06:22 : 11,500,000 : 0 : 1,212,181,600 : 5%
2022-03-02 13:25:37 : 11,600,000 : 0 : 1,222,405,450 : 5%
2022-03-02 13:44:33 : 11,700,000 : 0 : 1,232,629,300 : 5%
2022-03-02 14:02:27 : 11,800,000 : 0 : 1,242,853,150 : 5%
2022-03-02 14:19:42 : 11,900,000 : 0 : 1,253,077,000 : 5%
2022-03-02 14:36:23 : 12,000,000 : 0 : 1,263,431,925 : 5%
2022-03-02 14:52:25 : 12,100,000 : 0 : 1,273,655,775 : 5%
Decoding error with 134,217,728 bytes, reading another chunk
2022-03-02 15:08:08 : 12,200,000 : 0 : 1,294,496,700 : 5%
2022-03-02 15:23:22 : 12,300,000 : 0 : 1,294,496,700 : 5%
2022-03-02 15:38:14 : 12,400,000 : 0 : 1,304,851,625 : 5%
2022-03-02 15:52:48 : 12,500,000 : 0 : 1,315,337,625 : 5%
2022-03-02 16:07:27 : 12,600,000 : 0 : 1,325,692,550 : 5%
2022-03-02 16:21:59 : 12,700,000 : 0 : 1,336,178,550 : 5%
2022-03-02 16:36:05 : 12,800,000 : 0 : 1,346,533,475 : 5%
2022-03-02 16:50:04 : 12,900,000 : 0 : 1,357,019,475 : 5%
2022-03-02 17:04:11 : 13,000,000 : 0 : 1,367,374,400 : 5%
2022-03-02 17:18:19 : 13,100,000 : 0 : 1,377,729,325 : 6%
2022-03-02 17:32:18 : 13,200,000 : 0 : 1,398,570,250 : 6%
2022-03-02 17:46:23 : 13,300,000 : 0 : 1,408,925,175 : 6%
2022-03-02 18:00:18 : 13,400,000 : 0 : 1,419,280,100 : 6%
2022-03-02 18:14:26 : 13,500,000 : 0 : 1,429,766,100 : 6%
2022-03-02 18:28:22 : 13,600,000 : 0 : 1,440,121,025 : 6%
2022-03-02 18:42:27 : 13,700,000 : 0 : 1,450,607,025 : 6%
2022-03-02 18:56:34 : 13,800,000 : 0 : 1,460,961,950 : 6%
2022-03-02 19:10:48 : 13,900,000 : 0 : 1,471,316,875 : 6%
2022-03-02 19:25:08 : 14,000,000 : 0 : 1,481,671,800 : 6%
2022-03-02 19:39:27 : 14,100,000 : 0 : 1,492,026,725 : 6%
2022-03-02 19:53:39 : 14,200,000 : 0 : 1,502,250,575 : 6%
2022-03-02 20:07:55 : 14,300,000 : 0 : 1,512,605,500 : 6%
2022-03-02 20:22:24 : 14,400,000 : 0 : 1,522,960,425 : 6%
2022-03-02 20:37:03 : 14,500,000 : 0 : 1,533,315,350 : 6%
2022-03-02 20:51:26 : 14,600,000 : 0 : 1,543,408,125 : 6%
2022-03-02 21:06:09 : 14,700,000 : 0 : 1,553,763,050 : 6%
2022-03-02 21:21:13 : 14,800,000 : 0 : 1,563,986,900 : 6%
2022-03-02 21:37:05 : 14,900,000 : 0 : 1,574,079,675 : 6%
2022-03-02 21:52:20 : 15,000,000 : 0 : 1,584,434,600 : 6%
2022-03-02 22:07:44 : 15,100,000 : 0 : 1,594,658,450 : 6%
2022-03-02 22:23:29 : 15,200,000 : 0 : 1,604,882,300 : 6%
2022-03-02 22:39:28 : 15,300,000 : 0 : 1,615,106,150 : 6%
2022-03-02 22:55:39 : 15,400,000 : 0 : 1,625,198,925 : 7%
2022-03-02 23:12:11 : 15,500,000 : 0 : 1,645,515,550 : 7%
2022-03-02 23:29:09 : 15,600,000 : 0 : 1,655,608,325 : 7%
2022-03-02 23:46:26 : 15,700,000 : 0 : 1,665,701,100 : 7%
2022-03-03 00:04:09 : 15,800,000 : 0 : 1,675,793,875 : 7%
2022-03-03 00:22:20 : 15,900,000 : 0 : 1,685,886,650 : 7%
2022-03-03 00:40:41 : 16,000,000 : 0 : 1,695,979,425 : 7%
2022-03-03 00:59:21 : 16,100,000 : 0 : 1,705,810,050 : 7%
2022-03-03 01:17:33 : 16,200,000 : 0 : 1,715,640,675 : 7%
2022-03-03 01:35:44 : 16,300,000 : 0 : 1,725,340,225 : 7%
2022-03-03 01:53:44 : 16,400,000 : 0 : 1,735,039,775 : 7%
2022-03-03 02:11:43 : 16,500,000 : 0 : 1,744,739,325 : 7%
2022-03-03 02:29:32 : 16,600,000 : 0 : 1,754,438,875 : 7%
2022-03-03 02:47:23 : 16,700,000 : 0 : 1,764,138,425 : 7%
2022-03-03 03:05:12 : 16,800,000 : 0 : 1,773,837,975 : 7%
2022-03-03 03:23:21 : 16,900,000 : 0 : 1,783,668,600 : 7%
2022-03-03 03:41:41 : 17,000,000 : 0 : 1,793,499,225 : 7%
2022-03-03 04:00:36 : 17,100,000 : 0 : 1,803,460,925 : 7%
2022-03-03 04:20:08 : 17,200,000 : 0 : 1,813,291,550 : 7%
2022-03-03 04:40:10 : 17,300,000 : 0 : 1,823,253,250 : 7%
2022-03-03 05:00:46 : 17,400,000 : 0 : 1,833,083,875 : 7%
2022-03-03 05:22:21 : 17,500,000 : 0 : 1,843,045,575 : 7%
2022-03-03 05:44:36 : 17,600,000 : 0 : 1,852,876,200 : 7%
2022-03-03 06:07:48 : 17,700,000 : 0 : 1,862,837,900 : 7%
2022-03-03 06:32:15 : 17,800,000 : 0 : 1,872,799,600 : 7%
2022-03-03 06:57:33 : 17,900,000 : 0 : 1,882,630,225 : 8%
2022-03-03 07:23:37 : 18,000,000 : 0 : 1,892,460,850 : 8%
2022-03-03 07:50:28 : 18,100,000 : 0 : 1,902,291,475 : 8%
2022-03-03 08:18:26 : 18,200,000 : 0 : 1,912,122,100 : 8%
2022-03-03 08:47:40 : 18,300,000 : 0 : 1,922,083,800 : 8%
2022-03-03 09:17:30 : 18,400,000 : 0 : 1,941,745,050 : 8%
2022-03-03 09:48:05 : 18,500,000 : 0 : 1,951,706,750 : 8%
2022-03-03 10:18:24 : 18,600,000 : 0 : 1,961,668,450 : 8%
2022-03-03 10:48:32 : 18,700,000 : 0 : 1,971,630,150 : 8%
2022-03-03 11:17:39 : 18,800,000 : 0 : 1,981,591,850 : 8%
2022-03-03 11:44:35 : 18,900,000 : 0 : 1,991,553,550 : 8%
2022-03-03 12:09:24 : 19,000,000 : 0 : 2,001,515,250 : 8%
2022-03-03 12:32:03 : 19,100,000 : 0 : 2,011,608,025 : 8%
2022-03-03 12:53:20 : 19,200,000 : 0 : 2,021,700,800 : 8%
2022-03-03 13:13:30 : 19,300,000 : 0 : 2,032,055,725 : 8%
2022-03-03 13:32:30 : 19,400,000 : 0 : 2,042,148,500 : 8%
2022-03-03 13:50:33 : 19,500,000 : 0 : 2,052,503,425 : 8%
2022-03-03 14:08:05 : 19,600,000 : 0 : 2,062,727,275 : 8%
2022-03-03 14:25:03 : 19,700,000 : 0 : 2,073,082,200 : 8%
2022-03-03 14:41:14 : 19,800,000 : 0 : 2,083,437,125 : 8%
2022-03-03 14:57:02 : 19,900,000 : 0 : 2,093,923,125 : 8%
2022-03-03 15:12:35 : 20,000,000 : 0 : 2,104,409,125 : 8%
2022-03-03 15:27:43 : 20,100,000 : 0 : 2,114,895,125 : 8%
2022-03-03 15:42:38 : 20,200,000 : 0 : 2,125,381,125 : 9%
2022-03-03 15:57:15 : 20,300,000 : 0 : 2,135,867,125 : 9%
2022-03-03 16:11:52 : 20,400,000 : 0 : 2,146,353,125 : 9%
2022-03-03 16:26:54 : 20,500,000 : 0 : 2,156,839,125 : 9%
2022-03-03 16:41:14 : 20,600,000 : 0 : 2,167,325,125 : 9%
2022-03-03 16:55:27 : 20,700,000 : 0 : 2,177,811,125 : 9%
2022-03-03 17:09:38 : 20,800,000 : 0 : 2,188,297,125 : 9%
2022-03-03 17:23:48 : 20,900,000 : 0 : 2,198,652,050 : 9%
2022-03-03 17:37:41 : 21,000,000 : 0 : 2,219,624,050 : 9%
2022-03-03 17:51:41 : 21,100,000 : 0 : 2,229,978,975 : 9%
2022-03-03 18:05:44 : 21,200,000 : 0 : 2,240,464,975 : 9%
2022-03-03 18:19:49 : 21,300,000 : 0 : 2,250,819,900 : 9%
2022-03-03 18:33:50 : 21,400,000 : 0 : 2,261,174,825 : 9%
2022-03-03 18:48:02 : 21,500,000 : 0 : 2,271,660,825 : 9%
2022-03-03 19:02:16 : 21,600,000 : 0 : 2,282,015,750 : 9%
2022-03-03 19:16:45 : 21,700,000 : 0 : 2,292,370,675 : 9%
2022-03-03 19:31:16 : 21,800,000 : 0 : 2,302,725,600 : 9%
2022-03-03 19:45:53 : 21,900,000 : 0 : 2,313,211,600 : 9%
2022-03-03 20:00:26 : 22,000,000 : 0 : 2,323,566,525 : 9%
2022-03-03 20:14:56 : 22,100,000 : 0 : 2,333,921,450 : 9%
2022-03-03 20:29:30 : 22,200,000 : 0 : 2,344,276,375 : 9%
2022-03-03 20:44:07 : 22,300,000 : 0 : 2,354,631,300 : 9%
2022-03-03 20:58:38 : 22,400,000 : 0 : 2,365,117,300 : 9%
2022-03-03 21:13:43 : 22,500,000 : 0 : 2,375,472,225 : 10%
2022-03-03 21:29:35 : 22,600,000 : 0 : 2,385,565,000 : 10%
2022-03-03 21:45:47 : 22,700,000 : 0 : 2,395,788,850 : 10%
2022-03-03 22:01:55 : 22,800,000 : 0 : 2,406,143,775 : 10%
2022-03-03 22:17:31 : 22,900,000 : 0 : 2,416,367,625 : 10%
2022-03-03 22:32:57 : 23,000,000 : 0 : 2,426,722,550 : 10%
2022-03-03 22:48:34 : 23,100,000 : 0 : 2,436,946,400 : 10%
2022-03-03 23:04:14 : 23,200,000 : 0 : 2,447,301,325 : 10%
2022-03-03 23:20:13 : 23,300,000 : 0 : 2,457,525,175 : 10%
2022-03-03 23:36:11 : 23,400,000 : 0 : 2,467,617,950 : 10%
2022-03-03 23:52:10 : 23,500,000 : 0 : 2,487,934,575 : 10%
2022-03-04 00:08:34 : 23,600,000 : 0 : 2,498,027,350 : 10%
2022-03-04 00:25:00 : 23,700,000 : 0 : 2,508,120,125 : 10%
2022-03-04 00:41:34 : 23,800,000 : 0 : 2,518,212,900 : 10%
2022-03-04 00:58:39 : 23,900,000 : 0 : 2,528,174,600 : 10%
2022-03-04 01:16:53 : 24,000,000 : 0 : 2,538,005,225 : 10%
2022-03-04 01:34:02 : 24,100,000 : 0 : 2,547,835,850 : 10%
2022-03-04 01:50:52 : 24,200,000 : 0 : 2,557,797,550 : 10%
2022-03-04 02:07:53 : 24,300,000 : 0 : 2,567,628,175 : 10%
2022-03-04 02:25:06 : 24,400,000 : 0 : 2,577,458,800 : 10%
2022-03-04 02:46:58 : 24,500,000 : 0 : 2,587,289,425 : 10%
2022-03-04 03:04:51 : 24,600,000 : 0 : 2,597,120,050 : 10%
2022-03-04 03:22:36 : 24,700,000 : 0 : 2,607,081,750 : 10%
2022-03-04 03:40:30 : 24,800,000 : 0 : 2,616,912,375 : 10%
2022-03-04 03:58:34 : 24,900,000 : 0 : 2,626,743,000 : 11%
2022-03-04 04:17:17 : 25,000,000 : 0 : 2,636,573,625 : 11%
2022-03-04 04:37:06 : 25,100,000 : 0 : 2,646,404,250 : 11%
2022-03-04 04:57:01 : 25,200,000 : 0 : 2,656,234,875 : 11%
2022-03-04 05:17:54 : 25,300,000 : 0 : 2,665,934,425 : 11%
2022-03-04 05:39:32 : 25,400,000 : 0 : 2,675,765,050 : 11%
2022-03-04 06:02:36 : 25,500,000 : 0 : 2,685,595,675 : 11%
2022-03-04 06:26:40 : 25,600,000 : 0 : 2,695,426,300 : 11%
2022-03-04 06:51:07 : 25,700,000 : 0 : 2,704,994,775 : 11%
2022-03-04 07:17:09 : 25,800,000 : 0 : 2,714,956,475 : 11%
2022-03-04 07:44:31 : 25,900,000 : 0 : 2,724,918,175 : 11%
2022-03-04 08:12:49 : 26,000,000 : 0 : 2,734,879,875 : 11%
2022-03-04 08:42:22 : 26,100,000 : 0 : 2,744,972,650 : 11%
2022-03-04 09:13:08 : 26,200,000 : 0 : 2,754,934,350 : 11%
2022-03-04 09:43:49 : 26,300,000 : 0 : 2,765,027,125 : 11%
2022-03-04 10:14:38 : 26,400,000 : 0 : 2,785,081,600 : 11%
2022-03-04 10:45:19 : 26,500,000 : 0 : 2,794,912,225 : 11%
2022-03-04 11:14:44 : 26,600,000 : 0 : 2,805,005,000 : 11%
2022-03-04 11:42:11 : 26,700,000 : 0 : 2,814,966,700 : 11%
2022-03-04 12:07:24 : 26,800,000 : 0 : 2,825,059,475 : 11%
2022-03-04 12:30:29 : 26,900,000 : 0 : 2,835,152,250 : 11%
2022-03-04 12:51:37 : 27,000,000 : 0 : 2,845,113,950 : 11%
2022-03-04 13:11:43 : 27,100,000 : 0 : 2,855,468,875 : 11%
2022-03-04 13:30:55 : 27,200,000 : 0 : 2,865,692,725 : 11%
2022-03-04 13:49:16 : 27,300,000 : 0 : 2,876,047,650 : 12%
2022-03-04 14:06:45 : 27,400,000 : 0 : 2,886,271,500 : 12%
2022-03-04 14:23:30 : 27,500,000 : 0 : 2,896,626,425 : 12%
2022-03-04 14:40:07 : 27,600,000 : 0 : 2,906,850,275 : 12%
2022-03-04 14:55:48 : 27,700,000 : 0 : 2,917,205,200 : 12%
2022-03-04 15:11:33 : 27,800,000 : 0 : 2,927,560,125 : 12%
2022-03-04 15:26:51 : 27,900,000 : 0 : 2,937,915,050 : 12%
2022-03-04 15:41:55 : 28,000,000 : 0 : 2,948,401,050 : 12%
2022-03-04 15:56:42 : 28,100,000 : 0 : 2,958,755,975 : 12%
2022-03-04 16:11:27 : 28,200,000 : 0 : 2,969,241,975 : 12%
2022-03-04 16:25:58 : 28,300,000 : 0 : 2,979,596,900 : 12%
2022-03-04 16:40:30 : 28,400,000 : 0 : 2,990,082,900 : 12%
2022-03-04 16:54:58 : 28,500,000 : 0 : 3,000,699,975 : 12%
2022-03-04 17:09:25 : 28,600,000 : 0 : 3,011,185,975 : 12%
2022-03-04 17:23:55 : 28,700,000 : 0 : 3,021,540,900 : 12%
2022-03-04 17:38:28 : 28,800,000 : 0 : 3,032,026,900 : 12%
2022-03-04 17:52:55 : 28,900,000 : 0 : 3,052,867,825 : 12%
2022-03-04 18:07:25 : 29,000,000 : 0 : 3,063,222,750 : 12%
2022-03-04 18:22:00 : 29,100,000 : 0 : 3,073,577,675 : 12%
2022-03-04 18:36:25 : 29,200,000 : 0 : 3,083,932,600 : 12%
2022-03-04 18:50:50 : 29,300,000 : 0 : 3,094,287,525 : 12%
2022-03-04 19:05:10 : 29,400,000 : 0 : 3,104,380,300 : 12%
2022-03-04 19:19:34 : 29,500,000 : 0 : 3,114,604,150 : 12%
2022-03-04 19:34:01 : 29,600,000 : 0 : 3,124,828,000 : 12%
2022-03-04 19:48:23 : 29,700,000 : 0 : 3,134,789,700 : 13%
2022-03-04 20:02:41 : 29,800,000 : 0 : 3,144,882,475 : 13%
2022-03-04 20:17:17 : 29,900,000 : 0 : 3,154,975,250 : 13%
2022-03-04 20:31:51 : 30,000,000 : 0 : 3,165,068,025 : 13%
2022-03-04 20:46:18 : 30,100,000 : 0 : 3,175,029,725 : 13%
2022-03-04 21:00:33 : 30,200,000 : 0 : 3,184,991,425 : 13%
2022-03-04 21:14:53 : 30,300,000 : 0 : 3,194,953,125 : 13%
2022-03-04 21:29:13 : 30,400,000 : 0 : 3,205,045,900 : 13%
2022-03-04 21:43:36 : 30,500,000 : 0 : 3,214,876,525 : 13%
2022-03-04 21:58:02 : 30,600,000 : 0 : 3,224,969,300 : 13%
2022-03-04 22:12:49 : 30,700,000 : 0 : 3,234,799,925 : 13%
2022-03-04 22:27:52 : 30,800,000 : 0 : 3,244,761,625 : 13%
2022-03-04 22:43:06 : 30,900,000 : 0 : 3,254,592,250 : 13%
2022-03-04 22:58:33 : 31,000,000 : 0 : 3,264,553,950 : 13%
2022-03-04 23:14:14 : 31,100,000 : 0 : 3,274,253,500 : 13%
2022-03-04 23:30:12 : 31,200,000 : 0 : 3,284,084,125 : 13%
2022-03-04 23:46:13 : 31,300,000 : 0 : 3,293,914,750 : 13%
2022-03-05 00:02:15 : 31,400,000 : 0 : 3,303,614,300 : 13%
2022-03-05 00:18:35 : 31,500,000 : 0 : 3,313,444,925 : 13%
2022-03-05 00:35:02 : 31,600,000 : 0 : 3,323,144,475 : 13%
2022-03-05 00:51:43 : 31,700,000 : 0 : 3,332,712,950 : 13%
2022-03-05 01:08:54 : 31,800,000 : 0 : 3,342,281,425 : 13%
2022-03-05 01:25:55 : 31,900,000 : 0 : 3,351,849,900 : 13%
2022-03-05 01:42:54 : 32,000,000 : 0 : 3,370,724,700 : 13%
2022-03-05 01:59:57 : 32,100,000 : 0 : 3,380,031,025 : 14%
2022-03-05 02:17:01 : 32,200,000 : 0 : 3,389,337,350 : 14%
2022-03-05 02:33:53 : 32,300,000 : 0 : 3,398,774,750 : 14%
2022-03-05 02:51:04 : 32,400,000 : 0 : 3,408,212,150 : 14%
2022-03-05 03:08:59 : 32,500,000 : 0 : 3,417,649,550 : 14%
2022-03-05 03:26:49 : 32,600,000 : 0 : 3,427,086,950 : 14%
2022-03-05 03:45:15 : 32,700,000 : 0 : 3,436,524,350 : 14%
2022-03-05 04:04:02 : 32,800,000 : 0 : 3,445,961,750 : 14%
2022-03-05 04:23:30 : 32,900,000 : 0 : 3,455,268,075 : 14%
2022-03-05 04:43:20 : 33,000,000 : 0 : 3,464,705,475 : 14%
2022-03-05 05:03:40 : 33,100,000 : 0 : 3,474,142,875 : 14%
2022-03-05 05:25:08 : 33,200,000 : 0 : 3,483,449,200 : 14%
2022-03-05 05:47:01 : 33,300,000 : 0 : 3,493,017,675 : 14%
2022-03-05 06:09:57 : 33,400,000 : 0 : 3,502,455,075 : 14%
2022-03-05 06:34:31 : 33,500,000 : 0 : 3,512,023,550 : 14%
2022-03-05 06:59:50 : 33,600,000 : 0 : 3,521,329,875 : 14%
2022-03-05 07:25:12 : 33,700,000 : 0 : 3,530,636,200 : 14%
2022-03-05 07:50:54 : 33,800,000 : 0 : 3,539,942,525 : 14%
2022-03-05 08:17:34 : 33,900,000 : 0 : 3,549,379,925 : 14%
2022-03-05 08:45:52 : 34,000,000 : 0 : 3,558,817,325 : 14%
2022-03-05 09:14:38 : 34,100,000 : 0 : 3,568,385,800 : 14%
2022-03-05 09:44:17 : 34,200,000 : 0 : 3,577,954,275 : 14%
2022-03-05 10:14:26 : 34,300,000 : 0 : 3,587,653,825 : 14%
2022-03-05 10:45:13 : 34,400,000 : 0 : 3,597,353,375 : 14%
2022-03-05 11:15:29 : 34,500,000 : 0 : 3,607,184,000 : 14%
2022-03-05 11:45:46 : 34,600,000 : 0 : 3,617,145,700 : 14%
2022-03-05 12:14:07 : 34,700,000 : 0 : 3,627,107,400 : 15%
2022-03-05 12:40:21 : 34,800,000 : 0 : 3,637,200,175 : 15%
2022-03-05 13:04:38 : 34,900,000 : 0 : 3,647,292,950 : 15%
2022-03-05 13:27:15 : 35,000,000 : 0 : 3,657,385,725 : 15%
2022-03-05 13:48:44 : 35,100,000 : 0 : 3,667,478,500 : 15%
2022-03-05 14:08:56 : 35,200,000 : 0 : 3,677,702,350 : 15%
2022-03-05 14:28:21 : 35,300,000 : 0 : 3,687,795,125 : 15%
2022-03-05 14:47:07 : 35,400,000 : 0 : 3,697,887,900 : 15%
2022-03-05 15:04:59 : 35,500,000 : 0 : 3,708,111,750 : 15%
2022-03-05 15:22:20 : 35,600,000 : 0 : 3,718,204,525 : 15%
2022-03-05 15:39:10 : 35,700,000 : 0 : 3,728,297,300 : 15%
2022-03-05 15:55:42 : 35,800,000 : 0 : 3,748,482,850 : 15%
2022-03-05 16:11:50 : 35,900,000 : 0 : 3,758,706,700 : 15%
2022-03-05 16:27:43 : 36,000,000 : 0 : 3,768,668,400 : 15%
2022-03-05 16:43:21 : 36,100,000 : 0 : 3,778,892,250 : 15%
2022-03-05 16:59:00 : 36,200,000 : 0 : 3,788,985,025 : 15%
2022-03-05 17:14:42 : 36,300,000 : 0 : 3,799,077,800 : 15%
2022-03-05 17:30:29 : 36,400,000 : 0 : 3,809,301,650 : 15%
2022-03-05 17:46:13 : 36,500,000 : 0 : 3,819,394,425 : 15%
2022-03-05 18:01:45 : 36,600,000 : 0 : 3,829,487,200 : 15%
2022-03-05 18:17:36 : 36,700,000 : 0 : 3,839,579,975 : 15%
2022-03-05 18:33:19 : 36,800,000 : 0 : 3,849,803,825 : 15%
2022-03-05 18:49:05 : 36,900,000 : 0 : 3,859,896,600 : 15%
2022-03-05 19:05:01 : 37,000,000 : 0 : 3,869,989,375 : 15%
2022-03-05 19:21:12 : 37,100,000 : 0 : 3,880,082,150 : 16%
2022-03-05 19:37:28 : 37,200,000 : 0 : 3,890,174,925 : 16%
2022-03-05 19:54:01 : 37,300,000 : 0 : 3,900,267,700 : 16%
2022-03-05 20:10:58 : 37,400,000 : 0 : 3,910,229,400 : 16%
2022-03-05 20:27:47 : 37,500,000 : 0 : 3,920,191,100 : 16%
2022-03-05 20:44:32 : 37,600,000 : 0 : 3,930,152,800 : 16%
2022-03-05 21:01:11 : 37,700,000 : 0 : 3,940,245,575 : 16%
2022-03-05 21:18:01 : 37,800,000 : 0 : 3,950,207,275 : 16%
2022-03-05 21:34:56 : 37,900,000 : 0 : 3,960,300,050 : 16%
2022-03-05 21:52:00 : 38,000,000 : 0 : 3,970,392,825 : 16%
2022-03-05 22:09:04 : 38,100,000 : 0 : 3,980,354,525 : 16%
2022-03-05 22:25:58 : 38,200,000 : 0 : 3,990,316,225 : 16%
2022-03-05 22:43:06 : 38,300,000 : 0 : 4,000,409,000 : 16%
2022-03-05 23:00:28 : 38,400,000 : 0 : 4,010,370,700 : 16%
2022-03-05 23:17:43 : 38,500,000 : 0 : 4,020,332,400 : 16%
2022-03-05 23:35:05 : 38,600,000 : 0 : 4,030,294,100 : 16%
2022-03-05 23:52:24 : 38,700,000 : 0 : 4,050,086,425 : 16%
2022-03-06 00:09:57 : 38,800,000 : 0 : 4,059,917,050 : 16%
2022-03-06 00:27:32 : 38,900,000 : 0 : 4,069,747,675 : 16%
2022-03-06 00:45:01 : 39,000,000 : 0 : 4,079,578,300 : 16%
2022-03-06 01:02:54 : 39,100,000 : 0 : 4,089,277,850 : 16%
2022-03-06 01:21:05 : 39,200,000 : 0 : 4,098,977,400 : 16%
2022-03-06 01:38:49 : 39,300,000 : 0 : 4,108,808,025 : 16%
2022-03-06 01:57:17 : 39,400,000 : 0 : 4,118,507,575 : 16%
2022-03-06 02:15:58 : 39,500,000 : 0 : 4,128,338,200 : 17%
2022-03-06 02:34:45 : 39,600,000 : 0 : 4,138,037,750 : 17%
2022-03-06 02:53:20 : 39,700,000 : 0 : 4,147,737,300 : 17%
2022-03-06 03:12:39 : 39,800,000 : 0 : 4,157,436,850 : 17%
2022-03-06 03:31:43 : 39,900,000 : 0 : 4,167,136,400 : 17%
2022-03-06 03:50:56 : 40,000,000 : 0 : 4,176,704,875 : 17%
2022-03-06 04:10:12 : 40,100,000 : 0 : 4,186,404,425 : 17%
2022-03-06 04:30:38 : 40,200,000 : 0 : 4,195,972,900 : 17%
2022-03-06 04:51:26 : 40,300,000 : 0 : 4,205,672,450 : 17%
2022-03-06 05:13:05 : 40,400,000 : 0 : 4,215,372,000 : 17%
2022-03-06 05:35:01 : 40,500,000 : 0 : 4,225,071,550 : 17%
2022-03-06 05:58:13 : 40,600,000 : 0 : 4,234,640,025 : 17%
2022-03-06 06:21:22 : 40,700,000 : 0 : 4,244,208,500 : 17%
2022-03-06 06:46:45 : 40,800,000 : 0 : 4,254,039,125 : 17%
2022-03-06 07:13:36 : 40,900,000 : 0 : 4,263,869,750 : 17%
2022-03-06 07:41:43 : 41,000,000 : 0 : 4,273,831,450 : 17%
2022-03-06 08:10:32 : 41,100,000 : 0 : 4,283,662,075 : 17%
2022-03-06 08:40:07 : 41,200,000 : 0 : 4,293,492,700 : 17%
2022-03-06 09:10:08 : 41,300,000 : 0 : 4,303,454,400 : 17%
2022-03-06 09:40:42 : 41,400,000 : 0 : 4,313,285,025 : 17%
2022-03-06 10:12:03 : 41,500,000 : 0 : 4,323,246,725 : 17%
2022-03-06 10:43:46 : 41,600,000 : 0 : 4,333,208,425 : 17%
2022-03-06 11:15:07 : 41,700,000 : 0 : 4,343,039,050 : 17%
2022-03-06 11:45:49 : 41,800,000 : 0 : 4,353,000,750 : 17%
2022-03-06 12:14:38 : 41,900,000 : 0 : 4,362,831,375 : 17%
2022-03-06 12:41:39 : 42,000,000 : 0 : 4,382,885,850 : 18%
2022-03-06 13:06:32 : 42,100,000 : 0 : 4,392,978,625 : 18%
2022-03-06 13:30:00 : 42,200,000 : 0 : 4,403,202,475 : 18%
2022-03-06 13:51:58 : 42,300,000 : 0 : 4,413,164,175 : 18%
2022-03-06 14:12:20 : 42,400,000 : 0 : 4,423,388,025 : 18%
2022-03-06 14:31:48 : 42,500,000 : 0 : 4,433,480,800 : 18%
2022-03-06 14:50:23 : 42,600,000 : 0 : 4,443,704,650 : 18%
2022-03-06 15:08:25 : 42,700,000 : 0 : 4,453,797,425 : 18%
2022-03-06 15:25:41 : 42,800,000 : 0 : 4,464,021,275 : 18%
2022-03-06 15:42:27 : 42,900,000 : 0 : 4,474,114,050 : 18%
2022-03-06 15:58:35 : 43,000,000 : 0 : 4,484,337,900 : 18%
2022-03-06 16:14:27 : 43,100,000 : 0 : 4,494,561,750 : 18%
2022-03-06 16:30:02 : 43,200,000 : 0 : 4,504,785,600 : 18%
2022-03-06 16:45:19 : 43,300,000 : 0 : 4,515,009,450 : 18%
2022-03-06 17:00:08 : 43,400,000 : 0 : 4,525,102,225 : 18%
2022-03-06 17:15:18 : 43,500,000 : 0 : 4,535,457,150 : 18%
2022-03-06 17:30:26 : 43,600,000 : 0 : 4,545,681,000 : 18%
2022-03-06 17:45:28 : 43,700,000 : 0 : 4,555,904,850 : 18%
2022-03-06 18:00:32 : 43,800,000 : 0 : 4,565,997,625 : 18%
2022-03-06 18:15:35 : 43,900,000 : 0 : 4,576,221,475 : 18%
2022-03-06 18:30:24 : 44,000,000 : 0 : 4,586,314,250 : 18%
2022-03-06 18:45:27 : 44,100,000 : 0 : 4,596,669,175 : 18%
2022-03-06 19:00:37 : 44,200,000 : 0 : 4,607,024,100 : 18%
2022-03-06 19:16:03 : 44,300,000 : 0 : 4,617,247,950 : 18%
2022-03-06 19:31:29 : 44,400,000 : 0 : 4,627,471,800 : 19%
2022-03-06 19:46:58 : 44,500,000 : 0 : 4,647,788,425 : 19%
2022-03-06 20:02:38 : 44,600,000 : 0 : 4,657,881,200 : 19%
2022-03-06 20:18:21 : 44,700,000 : 0 : 4,667,973,975 : 19%
2022-03-06 20:34:33 : 44,800,000 : 0 : 4,677,935,675 : 19%
2022-03-06 20:50:07 : 44,900,000 : 0 : 4,688,159,525 : 19%
2022-03-06 21:05:46 : 45,000,000 : 0 : 4,698,252,300 : 19%
2022-03-06 21:21:24 : 45,100,000 : 0 : 4,708,345,075 : 19%
2022-03-06 21:37:15 : 45,200,000 : 0 : 4,718,568,925 : 19%
2022-03-06 21:53:13 : 45,300,000 : 0 : 4,728,661,700 : 19%
2022-03-06 22:09:19 : 45,400,000 : 0 : 4,738,754,475 : 19%
2022-03-06 22:25:27 : 45,500,000 : 0 : 4,748,847,250 : 19%
2022-03-06 22:41:41 : 45,600,000 : 0 : 4,758,940,025 : 19%
2022-03-06 22:58:12 : 45,700,000 : 0 : 4,769,032,800 : 19%
2022-03-06 23:14:39 : 45,800,000 : 0 : 4,778,994,500 : 19%
2022-03-06 23:31:47 : 45,900,000 : 0 : 4,789,087,275 : 19%
2022-03-06 23:48:58 : 46,000,000 : 0 : 4,799,180,050 : 19%
2022-03-07 00:06:08 : 46,100,000 : 0 : 4,809,272,825 : 19%
2022-03-07 00:23:24 : 46,200,000 : 0 : 4,819,234,525 : 19%
2022-03-07 00:41:07 : 46,300,000 : 0 : 4,829,327,300 : 19%
2022-03-07 00:59:02 : 46,400,000 : 0 : 4,839,289,000 : 19%
2022-03-07 01:16:48 : 46,500,000 : 0 : 4,849,119,625 : 19%
2022-03-07 01:34:20 : 46,600,000 : 0 : 4,859,081,325 : 19%
2022-03-07 01:51:51 : 46,700,000 : 0 : 4,868,911,950 : 19%
2022-03-07 02:09:33 : 46,800,000 : 0 : 4,878,742,575 : 20%
2022-03-07 02:27:05 : 46,900,000 : 0 : 4,888,573,200 : 20%
2022-03-07 02:44:45 : 47,000,000 : 0 : 4,898,403,825 : 20%
2022-03-07 03:02:49 : 47,100,000 : 0 : 4,908,234,450 : 20%
2022-03-07 03:21:06 : 47,200,000 : 0 : 4,928,026,775 : 20%
2022-03-07 03:39:31 : 47,300,000 : 0 : 4,937,857,400 : 20%
2022-03-07 03:58:08 : 47,400,000 : 0 : 4,947,688,025 : 20%
2022-03-07 04:17:12 : 47,500,000 : 0 : 4,957,518,650 : 20%
2022-03-07 04:37:07 : 47,600,000 : 0 : 4,967,349,275 : 20%
2022-03-07 04:58:12 : 47,700,000 : 0 : 4,977,179,900 : 20%
2022-03-07 05:20:18 : 47,800,000 : 0 : 4,987,272,675 : 20%
2022-03-07 05:43:56 : 47,900,000 : 0 : 4,997,234,375 : 20%
2022-03-07 06:08:43 : 48,000,000 : 0 : 5,007,196,075 : 20%
2022-03-07 06:34:36 : 48,100,000 : 0 : 5,017,288,850 : 20%
2022-03-07 07:01:38 : 48,200,000 : 0 : 5,027,250,550 : 20%
2022-03-07 07:30:06 : 48,300,000 : 0 : 5,037,343,325 : 20%
2022-03-07 07:59:25 : 48,400,000 : 0 : 5,047,305,025 : 20%
2022-03-07 08:29:47 : 48,500,000 : 0 : 5,057,266,725 : 20%
2022-03-07 09:00:56 : 48,600,000 : 0 : 5,067,359,500 : 20%
2022-03-07 09:32:52 : 48,700,000 : 0 : 5,077,452,275 : 20%
2022-03-07 10:04:25 : 48,800,000 : 0 : 5,087,545,050 : 20%
2022-03-07 10:35:40 : 48,900,000 : 0 : 5,097,637,825 : 20%
2022-03-07 11:06:33 : 49,000,000 : 0 : 5,107,730,600 : 20%
2022-03-07 11:35:36 : 49,100,000 : 0 : 5,117,823,375 : 20%
2022-03-07 12:02:17 : 49,200,000 : 0 : 5,127,916,150 : 21%
2022-03-07 12:26:42 : 49,300,000 : 0 : 5,138,140,000 : 21%
2022-03-07 12:49:38 : 49,400,000 : 0 : 5,148,363,850 : 21%
2022-03-07 13:11:15 : 49,500,000 : 0 : 5,158,718,775 : 21%
2022-03-07 13:31:42 : 49,600,000 : 0 : 5,168,942,625 : 21%
2022-03-07 13:50:55 : 49,700,000 : 0 : 5,179,297,550 : 21%
2022-03-07 14:09:18 : 49,800,000 : 0 : 5,189,521,400 : 21%
2022-03-07 14:27:01 : 49,900,000 : 0 : 5,200,007,400 : 21%
2022-03-07 14:44:07 : 50,000,000 : 0 : 5,220,848,325 : 21%
2022-03-07 15:00:41 : 50,100,000 : 0 : 5,231,334,325 : 21%
2022-03-07 15:17:01 : 50,200,000 : 0 : 5,241,820,325 : 21%
2022-03-07 15:32:41 : 50,300,000 : 0 : 5,252,306,325 : 21%
2022-03-07 15:48:10 : 50,400,000 : 0 : 5,262,923,400 : 21%
2022-03-07 16:03:17 : 50,500,000 : 0 : 5,273,409,400 : 21%
2022-03-07 16:18:27 : 50,600,000 : 0 : 5,284,026,475 : 21%
2022-03-07 16:33:14 : 50,700,000 : 0 : 5,294,643,550 : 21%
2022-03-07 16:47:52 : 50,800,000 : 0 : 5,305,129,550 : 21%
2022-03-07 17:02:22 : 50,900,000 : 0 : 5,315,615,550 : 21%
2022-03-07 17:16:59 : 51,000,000 : 0 : 5,326,101,550 : 21%
2022-03-07 17:31:15 : 51,100,000 : 0 : 5,336,587,550 : 21%
2022-03-07 17:45:40 : 51,200,000 : 0 : 5,347,073,550 : 21%
2022-03-07 17:59:44 : 51,300,000 : 0 : 5,357,559,550 : 21%
2022-03-07 18:13:53 : 51,400,000 : 0 : 5,368,045,550 : 21%
2022-03-07 18:27:54 : 51,500,000 : 0 : 5,378,400,475 : 22%
2022-03-07 18:42:08 : 51,600,000 : 0 : 5,388,886,475 : 22%
2022-03-07 18:56:13 : 51,700,000 : 0 : 5,399,372,475 : 22%
2022-03-07 19:10:23 : 51,800,000 : 0 : 5,409,858,475 : 22%
2022-03-07 19:24:48 : 51,900,000 : 0 : 5,420,213,400 : 22%
2022-03-07 19:39:17 : 52,000,000 : 0 : 5,430,699,400 : 22%
2022-03-07 19:53:46 : 52,100,000 : 0 : 5,441,185,400 : 22%
2022-03-07 20:08:20 : 52,200,000 : 0 : 5,451,671,400 : 22%
2022-03-07 20:22:40 : 52,300,000 : 0 : 5,472,381,250 : 22%
2022-03-07 20:36:58 : 52,400,000 : 0 : 5,482,736,175 : 22%
2022-03-07 20:50:50 : 52,500,000 : 0 : 5,493,091,100 : 22%
2022-03-07 21:04:49 : 52,600,000 : 0 : 5,503,314,950 : 22%
2022-03-07 21:18:44 : 52,700,000 : 0 : 5,513,538,800 : 22%
2022-03-07 21:32:44 : 52,800,000 : 0 : 5,523,893,725 : 22%
2022-03-07 21:46:56 : 52,900,000 : 0 : 5,534,248,650 : 22%
2022-03-07 22:01:08 : 53,000,000 : 0 : 5,544,472,500 : 22%
2022-03-07 22:15:39 : 53,100,000 : 0 : 5,554,827,425 : 22%
2022-03-07 22:30:19 : 53,200,000 : 0 : 5,565,051,275 : 22%
2022-03-07 22:45:11 : 53,300,000 : 0 : 5,575,275,125 : 22%
2022-03-07 23:00:24 : 53,400,000 : 0 : 5,585,761,125 : 22%
2022-03-07 23:16:11 : 53,500,000 : 0 : 5,595,984,975 : 22%
2022-03-07 23:32:14 : 53,600,000 : 0 : 5,606,208,825 : 22%
2022-03-07 23:48:28 : 53,700,000 : 0 : 5,616,432,675 : 22%
2022-03-08 00:05:09 : 53,800,000 : 0 : 5,626,787,600 : 23%
2022-03-08 00:22:33 : 53,900,000 : 0 : 5,637,011,450 : 23%
2022-03-08 00:39:32 : 54,000,000 : 0 : 5,647,104,225 : 23%
2022-03-08 00:56:42 : 54,100,000 : 0 : 5,657,328,075 : 23%
2022-03-08 01:13:45 : 54,200,000 : 0 : 5,667,420,850 : 23%
2022-03-08 01:30:48 : 54,300,000 : 0 : 5,677,382,550 : 23%
2022-03-08 01:47:58 : 54,400,000 : 0 : 5,687,344,250 : 23%
2022-03-08 02:05:02 : 54,500,000 : 0 : 5,697,305,950 : 23%
2022-03-08 02:21:50 : 54,600,000 : 0 : 5,707,136,575 : 23%
2022-03-08 02:38:42 : 54,700,000 : 0 : 5,716,967,200 : 23%
2022-03-08 02:55:44 : 54,800,000 : 0 : 5,726,928,900 : 23%
2022-03-08 03:13:03 : 54,900,000 : 0 : 5,736,759,525 : 23%
2022-03-08 03:30:53 : 55,000,000 : 0 : 5,756,682,925 : 23%
2022-03-08 03:49:02 : 55,100,000 : 0 : 5,766,513,550 : 23%
2022-03-08 04:07:22 : 55,200,000 : 0 : 5,776,475,250 : 23%
2022-03-08 04:26:52 : 55,300,000 : 0 : 5,786,568,025 : 23%
2022-03-08 04:47:15 : 55,400,000 : 0 : 5,796,529,725 : 23%
2022-03-08 05:08:24 : 55,500,000 : 0 : 5,806,491,425 : 23%
2022-03-08 05:30:51 : 55,600,000 : 0 : 5,816,453,125 : 23%
2022-03-08 05:54:16 : 55,700,000 : 0 : 5,826,545,900 : 23%
2022-03-08 06:19:02 : 55,800,000 : 0 : 5,836,507,600 : 23%
2022-03-08 06:44:57 : 55,900,000 : 0 : 5,846,600,375 : 23%
2022-03-08 07:12:19 : 56,000,000 : 0 : 5,856,693,150 : 23%
2022-03-08 07:40:55 : 56,100,000 : 0 : 5,866,917,000 : 23%
2022-03-08 08:10:43 : 56,200,000 : 0 : 5,877,140,850 : 24%
2022-03-08 08:41:46 : 56,300,000 : 0 : 5,887,233,625 : 24%
2022-03-08 09:13:12 : 56,400,000 : 0 : 5,897,457,475 : 24%
2022-03-08 09:45:33 : 56,500,000 : 0 : 5,907,681,325 : 24%
2022-03-08 10:17:48 : 56,600,000 : 0 : 5,917,905,175 : 24%
2022-03-08 10:49:29 : 56,700,000 : 0 : 5,927,997,950 : 24%
2022-03-08 11:19:35 : 56,800,000 : 0 : 5,938,090,725 : 24%
2022-03-08 11:46:45 : 56,900,000 : 0 : 5,948,314,575 : 24%
2022-03-08 12:12:08 : 57,000,000 : 0 : 5,958,407,350 : 24%
2022-03-08 12:35:18 : 57,100,000 : 0 : 5,968,631,200 : 24%
2022-03-08 12:57:07 : 57,200,000 : 0 : 5,978,855,050 : 24%
2022-03-08 13:17:52 : 57,300,000 : 0 : 5,989,078,900 : 24%
2022-03-08 13:37:27 : 57,400,000 : 0 : 5,999,433,825 : 24%
2022-03-08 13:56:09 : 57,500,000 : 0 : 6,009,788,750 : 24%
2022-03-08 14:13:59 : 57,600,000 : 0 : 6,020,143,675 : 24%
2022-03-08 14:30:47 : 57,700,000 : 0 : 6,030,498,600 : 24%
2022-03-08 14:47:03 : 57,800,000 : 0 : 6,040,984,600 : 24%
2022-03-08 15:02:47 : 57,900,000 : 0 : 6,061,825,525 : 24%
2022-03-08 15:18:31 : 58,000,000 : 0 : 6,072,311,525 : 24%
2022-03-08 15:34:13 : 58,100,000 : 0 : 6,082,797,525 : 24%
2022-03-08 15:49:08 : 58,200,000 : 0 : 6,093,414,600 : 24%
2022-03-08 16:03:47 : 58,300,000 : 0 : 6,103,769,525 : 24%
2022-03-08 16:18:20 : 58,400,000 : 0 : 6,114,255,525 : 24%
2022-03-08 16:32:24 : 58,500,000 : 0 : 6,124,610,450 : 24%
2022-03-08 16:46:10 : 58,600,000 : 0 : 6,135,096,450 : 25%
2022-03-08 16:59:48 : 58,700,000 : 0 : 6,145,451,375 : 25%
2022-03-08 17:13:31 : 58,800,000 : 0 : 6,155,937,375 : 25%
2022-03-08 17:27:08 : 58,900,000 : 0 : 6,166,423,375 : 25%
2022-03-08 17:40:55 : 59,000,000 : 0 : 6,176,778,300 : 25%
2022-03-08 17:54:35 : 59,100,000 : 0 : 6,187,264,300 : 25%
2022-03-08 18:08:37 : 59,200,000 : 0 : 6,197,619,225 : 25%
2022-03-08 18:22:24 : 59,300,000 : 0 : 6,207,843,075 : 25%
2022-03-08 18:36:01 : 59,400,000 : 0 : 6,218,198,000 : 25%
2022-03-08 18:49:36 : 59,500,000 : 0 : 6,228,421,850 : 25%
2022-03-08 19:02:47 : 59,600,000 : 0 : 6,238,776,775 : 25%
2022-03-08 19:16:13 : 59,700,000 : 0 : 6,249,000,625 : 25%
2022-03-08 19:29:43 : 59,800,000 : 0 : 6,259,355,550 : 25%
2022-03-08 19:43:22 : 59,900,000 : 0 : 6,269,841,550 : 25%
2022-03-08 19:57:15 : 60,000,000 : 0 : 6,280,196,475 : 25%
2022-03-08 20:11:26 : 60,100,000 : 0 : 6,290,551,400 : 25%
2022-03-08 20:25:32 : 60,200,000 : 0 : 6,300,775,250 : 25%
2022-03-08 20:39:34 : 60,300,000 : 0 : 6,311,130,175 : 25%
2022-03-08 20:53:35 : 60,400,000 : 0 : 6,321,485,100 : 25%
2022-03-08 21:07:30 : 60,500,000 : 0 : 6,342,326,025 : 25%
2022-03-08 21:24:12 : 60,600,000 : 0 : 6,352,549,875 : 25%
2022-03-08 21:39:50 : 60,700,000 : 0 : 6,362,904,800 : 25%
2022-03-08 21:54:18 : 60,800,000 : 0 : 6,373,259,725 : 25%
2022-03-08 22:11:05 : 60,900,000 : 0 : 6,383,745,725 : 26%
2022-03-08 22:29:11 : 61,000,000 : 0 : 6,393,969,575 : 26%
2022-03-08 22:44:57 : 61,100,000 : 0 : 6,404,324,500 : 26%
2022-03-08 23:00:30 : 61,200,000 : 0 : 6,414,679,425 : 26%
2022-03-08 23:16:27 : 61,300,000 : 0 : 6,424,903,275 : 26%
2022-03-08 23:32:37 : 61,400,000 : 0 : 6,435,258,200 : 26%
2022-03-08 23:49:03 : 61,500,000 : 0 : 6,445,482,050 : 26%
2022-03-09 00:05:39 : 61,600,000 : 0 : 6,455,705,900 : 26%
2022-03-09 00:22:25 : 61,700,000 : 0 : 6,465,798,675 : 26%
2022-03-09 00:39:09 : 61,800,000 : 0 : 6,476,022,525 : 26%
2022-03-09 00:56:02 : 61,900,000 : 0 : 6,486,115,300 : 26%
2022-03-09 01:12:57 : 62,000,000 : 0 : 6,496,077,000 : 26%
2022-03-09 01:29:55 : 62,100,000 : 0 : 6,506,038,700 : 26%
2022-03-09 01:46:32 : 62,200,000 : 0 : 6,516,000,400 : 26%
2022-03-09 02:03:08 : 62,300,000 : 0 : 6,525,962,100 : 26%
2022-03-09 02:19:33 : 62,400,000 : 0 : 6,535,792,725 : 26%
2022-03-09 02:35:58 : 62,500,000 : 0 : 6,545,492,275 : 26%
2022-03-09 02:52:44 : 62,600,000 : 0 : 6,555,453,975 : 26%
2022-03-09 03:09:44 : 62,700,000 : 0 : 6,565,284,600 : 26%
2022-03-09 03:27:27 : 62,800,000 : 0 : 6,575,246,300 : 26%
2022-03-09 03:45:22 : 62,900,000 : 0 : 6,585,208,000 : 26%
2022-03-09 04:03:35 : 63,000,000 : 0 : 6,595,169,700 : 26%
2022-03-09 04:22:47 : 63,100,000 : 0 : 6,605,131,400 : 26%
2022-03-09 04:42:47 : 63,200,000 : 0 : 6,625,185,875 : 27%
2022-03-09 05:03:27 : 63,300,000 : 0 : 6,635,278,650 : 27%
2022-03-09 05:25:26 : 63,400,000 : 0 : 6,645,371,425 : 27%
2022-03-09 05:48:15 : 63,500,000 : 0 : 6,655,464,200 : 27%
2022-03-09 06:12:07 : 63,600,000 : 0 : 6,665,556,975 : 27%
2022-03-09 06:37:24 : 63,700,000 : 0 : 6,675,649,750 : 27%
2022-03-09 07:04:10 : 63,800,000 : 0 : 6,685,742,525 : 27%
2022-03-09 07:32:11 : 63,900,000 : 0 : 6,695,835,300 : 27%
2022-03-09 08:01:09 : 64,000,000 : 0 : 6,706,059,150 : 27%
2022-03-09 08:31:39 : 64,100,000 : 0 : 6,716,283,000 : 27%
2022-03-09 09:02:59 : 64,200,000 : 0 : 6,726,506,850 : 27%
2022-03-09 09:34:48 : 64,300,000 : 0 : 6,736,730,700 : 27%
2022-03-09 10:06:27 : 64,400,000 : 0 : 6,746,954,550 : 27%
2022-03-09 10:38:02 : 64,500,000 : 0 : 6,757,178,400 : 27%
2022-03-09 11:08:37 : 64,600,000 : 0 : 6,767,402,250 : 27%
2022-03-09 11:37:08 : 64,700,000 : 0 : 6,777,495,025 : 27%
2022-03-09 12:03:11 : 64,800,000 : 0 : 6,787,718,875 : 27%
2022-03-09 12:27:12 : 64,900,000 : 0 : 6,798,204,875 : 27%
2022-03-09 12:49:42 : 65,000,000 : 0 : 6,808,428,725 : 27%
2022-03-09 13:10:30 : 65,100,000 : 0 : 6,818,783,650 : 27%
2022-03-09 13:30:14 : 65,200,000 : 0 : 6,829,269,650 : 27%
2022-03-09 13:48:57 : 65,300,000 : 0 : 6,839,624,575 : 27%
2022-03-09 14:06:48 : 65,400,000 : 0 : 6,850,110,575 : 27%
2022-03-09 14:23:59 : 65,500,000 : 0 : 6,860,465,500 : 27%
2022-03-09 14:40:39 : 65,600,000 : 0 : 6,870,951,500 : 27%
2022-03-09 14:56:38 : 65,700,000 : 0 : 6,881,437,500 : 28%
2022-03-09 15:12:23 : 65,800,000 : 0 : 6,891,923,500 : 28%
2022-03-09 15:27:51 : 65,900,000 : 0 : 6,913,157,650 : 28%
2022-03-09 15:42:53 : 66,000,000 : 0 : 6,923,774,725 : 28%
2022-03-09 15:57:34 : 66,100,000 : 0 : 6,934,260,725 : 28%
2022-03-09 16:12:18 : 66,200,000 : 0 : 6,944,877,800 : 28%
2022-03-09 16:26:47 : 66,300,000 : 0 : 6,955,363,800 : 28%
2022-03-09 16:41:12 : 66,400,000 : 0 : 6,965,849,800 : 28%
2022-03-09 16:55:15 : 66,500,000 : 0 : 6,976,466,875 : 28%
2022-03-09 17:09:25 : 66,600,000 : 0 : 6,987,083,950 : 28%
2022-03-09 17:23:37 : 66,700,000 : 0 : 6,997,569,950 : 28%
2022-03-09 17:37:45 : 66,800,000 : 0 : 7,008,187,025 : 28%
2022-03-09 17:51:35 : 66,900,000 : 0 : 7,018,673,025 : 28%
2022-03-09 18:05:30 : 67,000,000 : 0 : 7,029,159,025 : 28%
2022-03-09 18:21:57 : 67,100,000 : 0 : 7,039,645,025 : 28%
2022-03-09 18:37:20 : 67,200,000 : 0 : 7,050,131,025 : 28%
2022-03-09 18:51:39 : 67,300,000 : 0 : 7,060,617,025 : 28%
2022-03-09 19:05:52 : 67,400,000 : 0 : 7,071,103,025 : 28%
2022-03-09 19:20:18 : 67,500,000 : 0 : 7,081,589,025 : 28%
2022-03-09 19:34:38 : 67,600,000 : 0 : 7,091,943,950 : 28%
2022-03-09 19:49:05 : 67,700,000 : 0 : 7,102,429,950 : 28%
2022-03-09 20:03:39 : 67,800,000 : 0 : 7,112,915,950 : 28%
2022-03-09 20:18:22 : 67,900,000 : 0 : 7,123,401,950 : 28%
2022-03-09 20:32:54 : 68,000,000 : 0 : 7,133,887,950 : 29%
2022-03-09 20:47:07 : 68,100,000 : 0 : 7,144,242,875 : 29%
2022-03-09 21:01:12 : 68,200,000 : 0 : 7,154,466,725 : 29%
2022-03-09 21:15:27 : 68,300,000 : 0 : 7,164,821,650 : 29%
2022-03-09 21:29:37 : 68,400,000 : 0 : 7,185,138,275 : 29%
2022-03-09 21:43:24 : 68,500,000 : 0 : 7,195,362,125 : 29%
2022-03-09 21:57:29 : 68,600,000 : 0 : 7,205,585,975 : 29%
2022-03-09 22:11:45 : 68,700,000 : 0 : 7,215,809,825 : 29%
2022-03-09 22:26:33 : 68,800,000 : 0 : 7,226,164,750 : 29%
2022-03-09 22:41:38 : 68,900,000 : 0 : 7,236,519,675 : 29%
2022-03-09 22:56:55 : 69,000,000 : 0 : 7,246,743,525 : 29%
2022-03-09 23:12:36 : 69,100,000 : 0 : 7,257,098,450 : 29%
2022-03-09 23:28:46 : 69,200,000 : 0 : 7,267,322,300 : 29%
2022-03-09 23:44:58 : 69,300,000 : 0 : 7,277,546,150 : 29%
2022-03-10 00:01:13 : 69,400,000 : 0 : 7,287,638,925 : 29%
2022-03-10 00:17:46 : 69,500,000 : 0 : 7,297,862,775 : 29%
2022-03-10 00:34:46 : 69,600,000 : 0 : 7,308,086,625 : 29%
2022-03-10 00:51:59 : 69,700,000 : 0 : 7,318,310,475 : 29%
2022-03-10 01:09:13 : 69,800,000 : 0 : 7,328,272,175 : 29%
2022-03-10 01:26:00 : 69,900,000 : 0 : 7,338,233,875 : 29%
2022-03-10 01:42:53 : 70,000,000 : 0 : 7,348,195,575 : 29%
2022-03-10 01:59:32 : 70,100,000 : 0 : 7,358,026,200 : 29%
2022-03-10 02:16:03 : 70,200,000 : 0 : 7,367,725,750 : 29%
2022-03-10 02:32:41 : 70,300,000 : 0 : 7,377,687,450 : 30%
2022-03-10 02:49:35 : 70,400,000 : 0 : 7,387,518,075 : 30%
2022-03-10 03:06:33 : 70,500,000 : 0 : 7,397,479,775 : 30%
2022-03-10 03:24:16 : 70,600,000 : 0 : 7,407,310,400 : 30%
2022-03-10 03:42:16 : 70,700,000 : 0 : 7,417,272,100 : 30%
2022-03-10 04:00:44 : 70,800,000 : 0 : 7,427,233,800 : 30%
2022-03-10 04:19:57 : 70,900,000 : 0 : 7,437,195,500 : 30%
2022-03-10 04:40:08 : 71,000,000 : 0 : 7,457,381,050 : 30%
2022-03-10 05:00:57 : 71,100,000 : 0 : 7,467,342,750 : 30%
2022-03-10 05:22:35 : 71,200,000 : 0 : 7,477,566,600 : 30%
2022-03-10 05:45:45 : 71,300,000 : 0 : 7,487,528,300 : 30%
2022-03-10 06:09:48 : 71,400,000 : 0 : 7,497,752,150 : 30%
2022-03-10 06:35:09 : 71,500,000 : 0 : 7,507,844,925 : 30%
2022-03-10 07:01:37 : 71,600,000 : 0 : 7,517,806,625 : 30%
2022-03-10 07:29:03 : 71,700,000 : 0 : 7,527,899,400 : 30%
2022-03-10 07:57:17 : 71,800,000 : 0 : 7,538,123,250 : 30%
2022-03-10 08:27:08 : 71,900,000 : 0 : 7,548,216,025 : 30%
2022-03-10 08:58:34 : 72,000,000 : 0 : 7,558,439,875 : 30%
2022-03-10 09:30:14 : 72,100,000 : 0 : 7,568,532,650 : 30%
2022-03-10 10:01:40 : 72,200,000 : 0 : 7,578,756,500 : 30%
2022-03-10 10:32:21 : 72,300,000 : 0 : 7,588,849,275 : 30%
2022-03-10 11:02:37 : 72,400,000 : 0 : 7,599,073,125 : 30%
2022-03-10 11:31:05 : 72,500,000 : 0 : 7,609,296,975 : 30%
2022-03-10 11:57:31 : 72,600,000 : 0 : 7,619,389,750 : 30%
2022-03-10 12:21:44 : 72,700,000 : 0 : 7,629,482,525 : 31%
2022-03-10 12:43:57 : 72,800,000 : 0 : 7,639,706,375 : 31%
2022-03-10 13:04:47 : 72,900,000 : 0 : 7,650,061,300 : 31%
2022-03-10 13:24:45 : 73,000,000 : 0 : 7,660,416,225 : 31%
2022-03-10 13:43:31 : 73,100,000 : 0 : 7,670,640,075 : 31%
2022-03-10 14:01:19 : 73,200,000 : 0 : 7,680,995,000 : 31%
2022-03-10 14:18:46 : 73,300,000 : 0 : 7,691,481,000 : 31%
2022-03-10 14:35:26 : 73,400,000 : 0 : 7,701,967,000 : 31%
2022-03-10 14:51:27 : 73,500,000 : 0 : 7,712,321,925 : 31%
2022-03-10 15:07:10 : 73,600,000 : 0 : 7,733,425,000 : 31%
2022-03-10 15:22:33 : 73,700,000 : 0 : 7,744,042,075 : 31%
2022-03-10 15:37:35 : 73,800,000 : 0 : 7,754,659,150 : 31%
2022-03-10 15:52:26 : 73,900,000 : 0 : 7,765,145,150 : 31%
2022-03-10 16:07:04 : 74,000,000 : 0 : 7,775,762,225 : 31%
2022-03-10 16:21:41 : 74,100,000 : 0 : 7,786,248,225 : 31%
2022-03-10 16:35:56 : 74,200,000 : 0 : 7,796,734,225 : 31%
2022-03-10 16:50:12 : 74,300,000 : 0 : 7,807,351,300 : 31%
2022-03-10 17:04:27 : 74,400,000 : 0 : 7,817,837,300 : 31%
2022-03-10 17:18:44 : 74,500,000 : 0 : 7,828,323,300 : 31%
2022-03-10 17:32:49 : 74,600,000 : 0 : 7,838,809,300 : 31%
2022-03-10 17:47:00 : 74,700,000 : 0 : 7,849,295,300 : 31%
2022-03-10 18:01:07 : 74,800,000 : 0 : 7,859,781,300 : 31%
2022-03-10 18:15:31 : 74,900,000 : 0 : 7,870,398,375 : 31%
2022-03-10 18:29:43 : 75,000,000 : 0 : 7,880,884,375 : 32%
2022-03-10 18:43:59 : 75,100,000 : 0 : 7,891,239,300 : 32%
2022-03-10 18:58:19 : 75,200,000 : 0 : 7,901,856,375 : 32%
2022-03-10 19:12:38 : 75,300,000 : 0 : 7,912,211,300 : 32%
2022-03-10 19:26:59 : 75,400,000 : 0 : 7,922,828,375 : 32%
2022-03-10 19:41:54 : 75,500,000 : 0 : 7,933,183,300 : 32%
2022-03-10 19:56:25 : 75,600,000 : 0 : 7,943,538,225 : 32%
2022-03-10 20:11:02 : 75,700,000 : 0 : 7,953,893,150 : 32%
2022-03-10 20:25:26 : 75,800,000 : 0 : 7,964,117,000 : 32%
2022-03-10 20:40:00 : 75,900,000 : 0 : 7,974,471,925 : 32%
2022-03-10 20:54:29 : 76,000,000 : 0 : 7,995,181,775 : 32%
2022-03-10 21:08:52 : 76,100,000 : 0 : 8,005,536,700 : 32%
2022-03-10 21:23:53 : 76,200,000 : 0 : 8,015,891,625 : 32%
2022-03-10 21:38:40 : 76,300,000 : 0 : 8,026,246,550 : 32%
2022-03-10 21:53:28 : 76,400,000 : 0 : 8,036,601,475 : 32%
2022-03-10 22:08:19 : 76,500,000 : 0 : 8,046,956,400 : 32%
2022-03-10 22:23:28 : 76,600,000 : 0 : 8,057,311,325 : 32%
2022-03-10 22:38:52 : 76,700,000 : 0 : 8,067,666,250 : 32%
2022-03-10 22:54:21 : 76,800,000 : 0 : 8,078,021,175 : 32%
2022-03-10 23:10:48 : 76,900,000 : 0 : 8,088,245,025 : 32%
2022-03-10 23:27:22 : 77,000,000 : 0 : 8,098,468,875 : 32%
2022-03-10 23:43:55 : 77,100,000 : 0 : 8,108,823,800 : 32%
2022-03-11 00:00:38 : 77,200,000 : 0 : 8,119,047,650 : 32%
2022-03-11 00:17:25 : 77,300,000 : 0 : 8,129,140,425 : 33%
2022-03-11 00:34:12 : 77,400,000 : 0 : 8,139,102,125 : 33%
2022-03-11 00:51:01 : 77,500,000 : 0 : 8,149,194,900 : 33%
2022-03-11 01:07:53 : 77,600,000 : 0 : 8,159,025,525 : 33%
2022-03-11 01:24:24 : 77,700,000 : 0 : 8,168,856,150 : 33%
2022-03-11 01:41:07 : 77,800,000 : 0 : 8,178,686,775 : 33%
2022-03-11 01:57:41 : 77,900,000 : 0 : 8,188,517,400 : 33%
2022-03-11 02:14:36 : 78,000,000 : 0 : 8,198,348,025 : 33%
2022-03-11 02:31:35 : 78,100,000 : 0 : 8,208,178,650 : 33%
2022-03-11 02:48:33 : 78,200,000 : 0 : 8,217,878,200 : 33%
2022-03-11 03:06:01 : 78,300,000 : 0 : 8,227,839,900 : 33%
2022-03-11 03:24:08 : 78,400,000 : 0 : 8,237,801,600 : 33%
2022-03-11 03:42:28 : 78,500,000 : 0 : 8,247,763,300 : 33%
2022-03-11 04:01:17 : 78,600,000 : 0 : 8,257,725,000 : 33%
2022-03-11 04:20:45 : 78,700,000 : 0 : 8,277,517,325 : 33%
2022-03-11 04:41:13 : 78,800,000 : 0 : 8,287,479,025 : 33%
2022-03-11 05:02:35 : 78,900,000 : 0 : 8,297,440,725 : 33%
2022-03-11 05:24:54 : 79,000,000 : 0 : 8,307,402,425 : 33%
2022-03-11 05:47:38 : 79,100,000 : 0 : 8,317,495,200 : 33%
2022-03-11 06:11:41 : 79,200,000 : 0 : 8,327,587,975 : 33%
2022-03-11 06:37:00 : 79,300,000 : 0 : 8,337,549,675 : 33%
2022-03-11 07:03:22 : 79,400,000 : 0 : 8,347,380,300 : 33%
2022-03-11 07:30:02 : 79,500,000 : 0 : 8,357,473,075 : 33%
2022-03-11 07:58:37 : 79,600,000 : 0 : 8,367,696,925 : 33%
2022-03-11 08:28:44 : 79,700,000 : 0 : 8,378,051,850 : 34%
2022-03-11 08:59:43 : 79,800,000 : 0 : 8,388,144,625 : 34%
2022-03-11 09:31:42 : 79,900,000 : 0 : 8,398,368,475 : 34%
2022-03-11 10:03:28 : 80,000,000 : 0 : 8,408,592,325 : 34%
2022-03-11 10:34:57 : 80,100,000 : 0 : 8,418,816,175 : 34%
2022-03-11 11:05:13 : 80,200,000 : 0 : 8,428,908,950 : 34%
2022-03-11 11:33:49 : 80,300,000 : 0 : 8,439,132,800 : 34%
2022-03-11 12:00:15 : 80,400,000 : 0 : 8,449,225,575 : 34%
2022-03-11 12:24:16 : 80,500,000 : 0 : 8,459,449,425 : 34%
2022-03-11 12:46:37 : 80,600,000 : 0 : 8,469,804,350 : 34%
2022-03-11 13:07:22 : 80,700,000 : 0 : 8,480,028,200 : 34%
2022-03-11 13:27:07 : 80,800,000 : 0 : 8,490,383,125 : 34%
2022-03-11 13:45:56 : 80,900,000 : 0 : 8,500,738,050 : 34%
2022-03-11 14:03:50 : 81,000,000 : 0 : 8,511,092,975 : 34%
2022-03-11 14:21:08 : 81,100,000 : 0 : 8,521,578,975 : 34%
2022-03-11 14:37:44 : 81,200,000 : 0 : 8,532,064,975 : 34%
2022-03-11 14:53:40 : 81,300,000 : 0 : 8,542,550,975 : 34%
2022-03-11 15:09:13 : 81,400,000 : 0 : 8,553,036,975 : 34%
2022-03-11 15:24:28 : 81,500,000 : 0 : 8,563,391,900 : 34%
2022-03-11 15:39:31 : 81,600,000 : 0 : 8,584,363,900 : 34%
2022-03-11 15:54:12 : 81,700,000 : 0 : 8,594,849,900 : 34%
2022-03-11 16:08:46 : 81,800,000 : 0 : 8,605,204,825 : 34%
2022-03-11 16:23:24 : 81,900,000 : 0 : 8,615,690,825 : 34%
2022-03-11 16:37:47 : 82,000,000 : 0 : 8,626,045,750 : 35%
2022-03-11 16:52:12 : 82,100,000 : 0 : 8,636,531,750 : 35%
2022-03-11 17:06:45 : 82,200,000 : 0 : 8,646,886,675 : 35%
2022-03-11 17:21:10 : 82,300,000 : 0 : 8,657,372,675 : 35%
2022-03-11 17:35:11 : 82,400,000 : 0 : 8,667,727,600 : 35%
2022-03-11 17:49:18 : 82,500,000 : 0 : 8,678,213,600 : 35%
2022-03-11 18:03:32 : 82,600,000 : 0 : 8,688,568,525 : 35%
2022-03-11 18:17:58 : 82,700,000 : 0 : 8,698,923,450 : 35%
2022-03-11 18:32:17 : 82,800,000 : 0 : 8,709,409,450 : 35%
2022-03-11 18:46:35 : 82,900,000 : 0 : 8,719,633,300 : 35%
2022-03-11 19:01:01 : 83,000,000 : 0 : 8,730,119,300 : 35%
2022-03-11 19:15:44 : 83,100,000 : 0 : 8,740,474,225 : 35%
2022-03-11 19:30:39 : 83,200,000 : 0 : 8,750,829,150 : 35%
2022-03-11 19:45:42 : 83,300,000 : 0 : 8,761,053,000 : 35%
2022-03-11 19:59:59 : 83,400,000 : 0 : 8,770,883,625 : 35%
2022-03-11 20:15:11 : 83,500,000 : 0 : 8,781,238,550 : 35%
2022-03-11 20:30:22 : 83,600,000 : 0 : 8,791,462,400 : 35%
2022-03-11 20:45:20 : 83,700,000 : 0 : 8,801,686,250 : 35%
2022-03-11 21:00:09 : 83,800,000 : 0 : 8,811,910,100 : 35%
2022-03-11 21:15:09 : 83,900,000 : 0 : 8,822,133,950 : 35%
2022-03-11 21:30:18 : 84,000,000 : 0 : 8,832,357,800 : 35%
2022-03-11 21:45:21 : 84,100,000 : 0 : 8,842,581,650 : 35%
2022-03-11 22:00:37 : 84,200,000 : 0 : 8,863,160,425 : 35%
2022-03-11 22:16:24 : 84,300,000 : 0 : 8,873,384,275 : 35%
2022-03-11 22:32:19 : 84,400,000 : 0 : 8,883,608,125 : 36%
2022-03-11 22:48:30 : 84,500,000 : 0 : 8,893,831,975 : 36%
2022-03-11 23:04:52 : 84,600,000 : 0 : 8,903,924,750 : 36%
2022-03-11 23:21:47 : 84,700,000 : 0 : 8,914,148,600 : 36%
2022-03-11 23:38:58 : 84,800,000 : 0 : 8,924,241,375 : 36%
2022-03-11 23:56:20 : 84,900,000 : 0 : 8,934,465,225 : 36%
2022-03-12 00:14:05 : 85,000,000 : 0 : 8,944,558,000 : 36%
2022-03-12 00:31:58 : 85,100,000 : 0 : 8,954,650,775 : 36%
2022-03-12 00:50:13 : 85,200,000 : 0 : 8,964,743,550 : 36%
2022-03-12 01:08:43 : 85,300,000 : 0 : 8,974,705,250 : 36%
2022-03-12 01:27:17 : 85,400,000 : 0 : 8,984,535,875 : 36%
2022-03-12 01:45:40 : 85,500,000 : 0 : 8,994,497,575 : 36%
2022-03-12 02:04:08 : 85,600,000 : 0 : 9,004,328,200 : 36%
2022-03-12 02:23:03 : 85,700,000 : 0 : 9,014,158,825 : 36%
2022-03-12 02:42:10 : 85,800,000 : 0 : 9,023,989,450 : 36%
2022-03-12 03:01:19 : 85,900,000 : 0 : 9,033,820,075 : 36%
2022-03-12 03:20:48 : 86,000,000 : 0 : 9,043,650,700 : 36%
2022-03-12 03:40:17 : 86,100,000 : 0 : 9,053,481,325 : 36%
2022-03-12 04:00:28 : 86,200,000 : 0 : 9,063,180,875 : 36%
2022-03-12 04:20:43 : 86,300,000 : 0 : 9,072,880,425 : 36%
2022-03-12 04:41:40 : 86,400,000 : 0 : 9,082,579,975 : 36%
2022-03-12 05:03:57 : 86,500,000 : 0 : 9,092,410,600 : 36%
2022-03-12 05:27:01 : 86,600,000 : 0 : 9,102,241,225 : 36%
2022-03-12 05:50:51 : 86,700,000 : 0 : 9,112,071,850 : 36%
2022-03-12 06:16:11 : 86,800,000 : 0 : 9,121,902,475 : 36%
2022-03-12 06:42:52 : 86,900,000 : 0 : 9,131,864,175 : 37%
2022-03-12 07:10:39 : 87,000,000 : 0 : 9,141,694,800 : 37%
2022-03-12 07:39:12 : 87,100,000 : 0 : 9,151,525,425 : 37%
2022-03-12 08:08:46 : 87,200,000 : 0 : 9,171,448,825 : 37%
2022-03-12 08:39:14 : 87,300,000 : 0 : 9,181,410,525 : 37%
2022-03-12 09:10:33 : 87,400,000 : 0 : 9,191,372,225 : 37%
2022-03-12 09:42:03 : 87,500,000 : 0 : 9,201,333,925 : 37%
2022-03-12 10:14:02 : 87,600,000 : 0 : 9,211,295,625 : 37%
2022-03-12 10:46:14 : 87,700,000 : 0 : 9,221,126,250 : 37%
2022-03-12 11:18:01 : 87,800,000 : 0 : 9,231,087,950 : 37%
2022-03-12 11:48:40 : 87,900,000 : 0 : 9,241,180,725 : 37%
2022-03-12 12:17:21 : 88,000,000 : 0 : 9,251,273,500 : 37%
2022-03-12 12:43:43 : 88,100,000 : 0 : 9,261,235,200 : 37%
2022-03-12 13:07:32 : 88,200,000 : 0 : 9,271,459,050 : 37%
2022-03-12 13:30:20 : 88,300,000 : 0 : 9,281,551,825 : 37%
2022-03-12 13:51:22 : 88,400,000 : 0 : 9,291,644,600 : 37%
2022-03-12 14:11:19 : 88,500,000 : 0 : 9,301,868,450 : 37%
2022-03-12 14:30:28 : 88,600,000 : 0 : 9,312,092,300 : 37%
2022-03-12 14:48:50 : 88,700,000 : 0 : 9,322,316,150 : 37%
2022-03-12 15:06:20 : 88,800,000 : 0 : 9,332,408,925 : 37%
2022-03-12 15:23:32 : 88,900,000 : 0 : 9,342,763,850 : 37%
2022-03-12 15:40:27 : 89,000,000 : 0 : 9,352,987,700 : 37%
2022-03-12 15:56:42 : 89,100,000 : 0 : 9,363,211,550 : 37%
2022-03-12 16:12:47 : 89,200,000 : 0 : 9,373,435,400 : 37%
2022-03-12 16:28:41 : 89,300,000 : 0 : 9,383,790,325 : 38%
2022-03-12 16:44:14 : 89,400,000 : 0 : 9,394,014,175 : 38%
2022-03-12 16:59:38 : 89,500,000 : 0 : 9,404,238,025 : 38%
2022-03-12 17:15:05 : 89,600,000 : 0 : 9,414,592,950 : 38%
2022-03-12 17:30:31 : 89,700,000 : 0 : 9,424,947,875 : 38%
2022-03-12 17:45:55 : 89,800,000 : 0 : 9,435,171,725 : 38%
2022-03-12 18:01:17 : 89,900,000 : 0 : 9,445,395,575 : 38%
2022-03-12 18:16:24 : 90,000,000 : 0 : 9,465,581,125 : 38%
2022-03-12 18:31:45 : 90,100,000 : 0 : 9,475,673,900 : 38%
2022-03-12 18:47:03 : 90,200,000 : 0 : 9,485,766,675 : 38%
2022-03-12 19:02:15 : 90,300,000 : 0 : 9,495,597,300 : 38%
2022-03-12 19:17:14 : 90,400,000 : 0 : 9,505,690,075 : 38%
2022-03-12 19:33:01 : 90,500,000 : 0 : 9,515,782,850 : 38%
2022-03-12 19:48:57 : 90,600,000 : 0 : 9,525,875,625 : 38%
2022-03-12 20:05:08 : 90,700,000 : 0 : 9,536,099,475 : 38%
2022-03-12 20:21:26 : 90,800,000 : 0 : 9,546,192,250 : 38%
2022-03-12 20:38:06 : 90,900,000 : 0 : 9,556,416,100 : 38%
2022-03-12 20:54:50 : 91,000,000 : 0 : 9,566,508,875 : 38%
2022-03-12 21:11:26 : 91,100,000 : 0 : 9,576,601,650 : 38%
2022-03-12 21:27:56 : 91,200,000 : 0 : 9,586,563,350 : 38%
2022-03-12 21:44:27 : 91,300,000 : 0 : 9,596,656,125 : 38%
2022-03-12 22:01:13 : 91,400,000 : 0 : 9,606,748,900 : 38%
2022-03-12 22:18:12 : 91,500,000 : 0 : 9,616,841,675 : 38%
2022-03-12 22:35:10 : 91,600,000 : 0 : 9,626,803,375 : 39%
2022-03-12 22:52:10 : 91,700,000 : 0 : 9,636,896,150 : 39%
2022-03-12 23:09:38 : 91,800,000 : 0 : 9,646,857,850 : 39%
2022-03-12 23:27:25 : 91,900,000 : 0 : 9,656,950,625 : 39%
2022-03-12 23:45:08 : 92,000,000 : 0 : 9,666,912,325 : 39%
2022-03-13 00:02:39 : 92,100,000 : 0 : 9,676,874,025 : 39%
2022-03-13 00:20:45 : 92,200,000 : 0 : 9,686,835,725 : 39%
2022-03-13 00:39:01 : 92,300,000 : 0 : 9,696,797,425 : 39%
2022-03-13 00:57:30 : 92,400,000 : 0 : 9,706,759,125 : 39%
2022-03-13 01:16:25 : 92,500,000 : 0 : 9,716,589,750 : 39%
2022-03-13 01:35:21 : 92,600,000 : 0 : 9,726,420,375 : 39%
2022-03-13 01:54:34 : 92,700,000 : 0 : 9,736,382,075 : 39%
2022-03-13 02:13:39 : 92,800,000 : 0 : 9,746,212,700 : 39%
2022-03-13 02:33:01 : 92,900,000 : 0 : 9,765,742,875 : 39%
2022-03-13 02:52:17 : 93,000,000 : 0 : 9,775,573,500 : 39%
2022-03-13 03:12:12 : 93,100,000 : 0 : 9,785,273,050 : 39%
2022-03-13 03:32:13 : 93,200,000 : 0 : 9,795,103,675 : 39%
2022-03-13 03:52:16 : 93,300,000 : 0 : 9,804,934,300 : 39%
2022-03-13 04:13:11 : 93,400,000 : 0 : 9,814,633,850 : 39%
2022-03-13 04:34:34 : 93,500,000 : 0 : 9,824,464,475 : 39%
2022-03-13 04:56:42 : 93,600,000 : 0 : 9,834,164,025 : 39%
2022-03-13 05:19:50 : 93,700,000 : 0 : 9,843,994,650 : 39%
2022-03-13 05:43:34 : 93,800,000 : 0 : 9,853,694,200 : 39%
2022-03-13 06:08:04 : 93,900,000 : 0 : 9,863,524,825 : 39%
2022-03-13 06:34:07 : 94,000,000 : 0 : 9,873,355,450 : 39%
2022-03-13 07:01:36 : 94,100,000 : 0 : 9,883,317,150 : 40%
2022-03-13 07:30:51 : 94,200,000 : 0 : 9,893,278,850 : 40%
2022-03-13 08:00:58 : 94,300,000 : 0 : 9,903,240,550 : 40%
2022-03-13 08:31:37 : 94,400,000 : 0 : 9,913,071,175 : 40%
2022-03-13 09:02:35 : 94,500,000 : 0 : 9,922,901,800 : 40%
2022-03-13 09:33:50 : 94,600,000 : 0 : 9,932,863,500 : 40%
2022-03-13 10:04:38 : 94,700,000 : 0 : 9,942,694,125 : 40%
2022-03-13 10:35:56 : 94,800,000 : 0 : 9,952,393,675 : 40%
2022-03-13 11:07:00 : 94,900,000 : 0 : 9,962,224,300 : 40%
2022-03-13 11:36:53 : 95,000,000 : 0 : 9,972,054,925 : 40%
2022-03-13 12:05:28 : 95,100,000 : 0 : 9,982,016,625 : 40%
2022-03-13 12:32:04 : 95,200,000 : 0 : 9,992,109,400 : 40%
2022-03-13 12:56:46 : 95,300,000 : 0 : 10,002,202,175 : 40%
2022-03-13 13:19:57 : 95,400,000 : 0 : 10,012,426,025 : 40%
2022-03-13 13:41:30 : 95,500,000 : 0 : 10,022,518,800 : 40%
2022-03-13 14:01:46 : 95,600,000 : 0 : 10,032,611,575 : 40%
2022-03-13 14:21:28 : 95,700,000 : 0 : 10,042,835,425 : 40%
2022-03-13 14:40:04 : 95,800,000 : 0 : 10,052,928,200 : 40%
2022-03-13 14:57:51 : 95,900,000 : 0 : 10,073,244,825 : 40%
2022-03-13 15:15:13 : 96,000,000 : 0 : 10,083,468,675 : 40%
2022-03-13 15:31:56 : 96,100,000 : 0 : 10,093,561,450 : 40%
2022-03-13 15:48:09 : 96,200,000 : 0 : 10,103,654,225 : 40%
2022-03-13 16:03:54 : 96,300,000 : 0 : 10,114,009,150 : 40%
2022-03-13 16:19:53 : 96,400,000 : 0 : 10,124,233,000 : 40%
2022-03-13 16:35:44 : 96,500,000 : 0 : 10,134,456,850 : 41%
2022-03-13 16:51:15 : 96,600,000 : 0 : 10,144,680,700 : 41%
2022-03-13 17:06:35 : 96,700,000 : 0 : 10,154,904,550 : 41%
2022-03-13 17:22:00 : 96,800,000 : 0 : 10,165,259,475 : 41%
2022-03-13 17:37:16 : 96,900,000 : 0 : 10,175,483,325 : 41%
2022-03-13 17:52:11 : 97,000,000 : 0 : 10,185,576,100 : 41%
2022-03-13 18:07:18 : 97,100,000 : 0 : 10,195,799,950 : 41%
2022-03-13 18:22:33 : 97,200,000 : 0 : 10,205,892,725 : 41%
2022-03-13 18:37:55 : 97,300,000 : 0 : 10,216,116,575 : 41%
2022-03-13 18:53:30 : 97,400,000 : 0 : 10,226,209,350 : 41%
2022-03-13 19:09:14 : 97,500,000 : 0 : 10,236,433,200 : 41%
2022-03-13 19:25:13 : 97,600,000 : 0 : 10,246,657,050 : 41%
2022-03-13 19:41:06 : 97,700,000 : 0 : 10,256,749,825 : 41%
2022-03-13 19:57:16 : 97,800,000 : 0 : 10,266,973,675 : 41%
2022-03-13 20:13:31 : 97,900,000 : 0 : 10,277,197,525 : 41%
2022-03-13 20:29:20 : 98,000,000 : 0 : 10,287,159,225 : 41%
2022-03-13 20:45:20 : 98,100,000 : 0 : 10,297,252,000 : 41%
2022-03-13 21:01:17 : 98,200,000 : 0 : 10,307,344,775 : 41%
2022-03-13 21:17:04 : 98,300,000 : 0 : 10,317,306,475 : 41%
2022-03-13 21:32:55 : 98,400,000 : 0 : 10,327,399,250 : 41%
2022-03-13 21:48:42 : 98,500,000 : 0 : 10,347,453,725 : 41%
2022-03-13 22:04:26 : 98,600,000 : 0 : 10,357,284,350 : 41%
2022-03-13 22:20:17 : 98,700,000 : 0 : 10,367,246,050 : 41%
2022-03-13 22:36:10 : 98,800,000 : 0 : 10,377,076,675 : 42%
2022-03-13 22:52:11 : 98,900,000 : 0 : 10,387,038,375 : 42%
2022-03-13 23:08:35 : 99,000,000 : 0 : 10,397,000,075 : 42%
2022-03-13 23:25:23 : 99,100,000 : 0 : 10,406,961,775 : 42%
2022-03-13 23:42:18 : 99,200,000 : 0 : 10,416,923,475 : 42%
2022-03-13 23:59:29 : 99,300,000 : 0 : 10,426,885,175 : 42%
2022-03-14 00:16:56 : 99,400,000 : 0 : 10,436,846,875 : 42%
2022-03-14 00:34:24 : 99,500,000 : 0 : 10,446,939,650 : 42%
2022-03-14 00:52:00 : 99,600,000 : 0 : 10,457,032,425 : 42%
2022-03-14 01:09:41 : 99,700,000 : 0 : 10,466,863,050 : 42%
2022-03-14 01:27:34 : 99,800,000 : 0 : 10,476,824,750 : 42%
2022-03-14 01:45:13 : 99,900,000 : 0 : 10,486,655,375 : 42%
2022-03-14 02:03:15 : 100,000,000 : 0 : 10,496,617,075 : 42%
2022-03-14 02:21:35 : 100,100,000 : 0 : 10,506,578,775 : 42%
2022-03-14 02:40:08 : 100,200,000 : 0 : 10,516,540,475 : 42%
2022-03-14 02:58:43 : 100,300,000 : 0 : 10,526,502,175 : 42%
2022-03-14 03:18:04 : 100,400,000 : 0 : 10,536,594,950 : 42%
2022-03-14 03:38:03 : 100,500,000 : 0 : 10,546,687,725 : 42%
2022-03-14 03:58:39 : 100,600,000 : 0 : 10,556,649,425 : 42%
2022-03-14 04:20:28 : 100,700,000 : 0 : 10,566,742,200 : 42%
2022-03-14 04:43:05 : 100,800,000 : 0 : 10,576,703,900 : 42%
2022-03-14 05:06:46 : 100,900,000 : 0 : 10,586,796,675 : 42%
2022-03-14 05:32:18 : 101,000,000 : 0 : 10,596,758,375 : 42%
2022-03-14 05:59:07 : 101,100,000 : 0 : 10,606,851,150 : 42%
2022-03-14 06:26:58 : 101,200,000 : 0 : 10,616,812,850 : 42%
2022-03-14 06:56:46 : 101,300,000 : 0 : 10,636,867,325 : 43%
2022-03-14 07:27:30 : 101,400,000 : 0 : 10,646,829,025 : 43%
2022-03-14 07:59:14 : 101,500,000 : 0 : 10,656,921,800 : 43%
2022-03-14 08:32:02 : 101,600,000 : 0 : 10,667,014,575 : 43%
2022-03-14 09:04:14 : 101,700,000 : 0 : 10,676,976,275 : 43%
2022-03-14 09:36:07 : 101,800,000 : 0 : 10,687,069,050 : 43%
2022-03-14 10:07:25 : 101,900,000 : 0 : 10,697,292,900 : 43%
2022-03-14 10:37:45 : 102,000,000 : 0 : 10,707,385,675 : 43%
2022-03-14 11:06:18 : 102,100,000 : 0 : 10,717,609,525 : 43%
2022-03-14 11:32:44 : 102,200,000 : 0 : 10,727,702,300 : 43%
2022-03-14 11:57:13 : 102,300,000 : 0 : 10,737,926,150 : 43%
2022-03-14 12:20:42 : 102,400,000 : 0 : 10,748,281,075 : 43%
Decoding error with 134,217,728 bytes, reading another chunk
2022-03-14 12:42:26 : 102,500,000 : 0 : 10,768,859,850 : 43%
2022-03-14 13:02:55 : 102,600,000 : 0 : 10,768,859,850 : 43%
2022-03-14 13:22:30 : 102,700,000 : 0 : 10,779,345,850 : 43%
2022-03-14 13:40:59 : 102,800,000 : 0 : 10,789,700,775 : 43%
2022-03-14 13:58:29 : 102,900,000 : 0 : 10,800,055,700 : 43%
2022-03-14 14:15:39 : 103,000,000 : 0 : 10,810,410,625 : 43%
2022-03-14 14:32:18 : 103,100,000 : 0 : 10,820,896,625 : 43%
2022-03-14 14:48:39 : 103,200,000 : 0 : 10,831,251,550 : 43%
2022-03-14 15:04:22 : 103,300,000 : 0 : 10,841,737,550 : 43%
2022-03-14 15:19:55 : 103,400,000 : 0 : 10,852,092,475 : 43%
2022-03-14 15:35:21 : 103,500,000 : 0 : 10,862,578,475 : 43%
2022-03-14 15:50:24 : 103,600,000 : 0 : 10,873,064,475 : 43%
2022-03-14 16:05:19 : 103,700,000 : 0 : 10,883,550,475 : 44%
2022-03-14 16:20:03 : 103,800,000 : 0 : 10,893,905,400 : 44%
2022-03-14 16:34:11 : 103,900,000 : 0 : 10,914,877,400 : 44%
2022-03-14 16:48:31 : 104,000,000 : 0 : 10,925,232,325 : 44%
2022-03-14 17:02:42 : 104,100,000 : 0 : 10,935,718,325 : 44%
2022-03-14 17:16:58 : 104,200,000 : 0 : 10,946,073,250 : 44%
2022-03-14 17:31:21 : 104,300,000 : 0 : 10,956,559,250 : 44%
2022-03-14 17:45:37 : 104,400,000 : 0 : 10,967,045,250 : 44%
2022-03-14 17:59:44 : 104,500,000 : 0 : 10,977,400,175 : 44%
2022-03-14 18:13:58 : 104,600,000 : 0 : 10,987,755,100 : 44%
2022-03-14 18:28:01 : 104,700,000 : 0 : 10,998,110,025 : 44%
2022-03-14 18:42:12 : 104,800,000 : 0 : 11,008,464,950 : 44%
2022-03-14 18:56:24 : 104,900,000 : 0 : 11,018,950,950 : 44%
2022-03-14 19:10:44 : 105,000,000 : 0 : 11,029,305,875 : 44%
2022-03-14 19:25:04 : 105,100,000 : 0 : 11,039,660,800 : 44%
2022-03-14 19:39:35 : 105,200,000 : 0 : 11,050,015,725 : 44%
2022-03-14 19:54:06 : 105,300,000 : 0 : 11,060,370,650 : 44%
2022-03-14 20:08:39 : 105,400,000 : 0 : 11,070,725,575 : 44%
2022-03-14 20:23:25 : 105,500,000 : 0 : 11,080,949,425 : 44%
2022-03-14 20:38:07 : 105,600,000 : 0 : 11,091,304,350 : 44%
2022-03-14 20:52:36 : 105,700,000 : 0 : 11,101,528,200 : 44%
2022-03-14 21:07:01 : 105,800,000 : 0 : 11,111,883,125 : 44%
2022-03-14 21:22:54 : 105,900,000 : 0 : 11,122,369,125 : 44%
2022-03-14 21:37:45 : 106,000,000 : 0 : 11,132,592,975 : 45%
2022-03-14 21:55:46 : 106,100,000 : 0 : 11,143,078,975 : 45%
2022-03-14 22:12:05 : 106,200,000 : 0 : 11,153,171,750 : 45%
2022-03-14 22:27:59 : 106,300,000 : 0 : 11,173,750,525 : 45%
2022-03-14 22:43:52 : 106,400,000 : 0 : 11,183,974,375 : 45%
2022-03-14 23:00:06 : 106,500,000 : 0 : 11,194,198,225 : 45%
2022-03-14 23:16:35 : 106,600,000 : 0 : 11,204,422,075 : 45%
2022-03-14 23:33:13 : 106,700,000 : 0 : 11,214,777,000 : 45%
2022-03-14 23:49:50 : 106,800,000 : 0 : 11,224,869,775 : 45%
2022-03-15 00:06:23 : 106,900,000 : 0 : 11,234,962,550 : 45%
2022-03-15 00:23:10 : 107,000,000 : 0 : 11,245,055,325 : 45%
2022-03-15 00:39:45 : 107,100,000 : 0 : 11,255,017,025 : 45%
2022-03-15 00:56:12 : 107,200,000 : 0 : 11,264,978,725 : 45%
2022-03-15 01:12:56 : 107,300,000 : 0 : 11,274,940,425 : 45%
2022-03-15 01:29:45 : 107,400,000 : 0 : 11,284,771,050 : 45%
2022-03-15 01:46:27 : 107,500,000 : 0 : 11,294,601,675 : 45%
2022-03-15 02:02:58 : 107,600,000 : 0 : 11,304,563,375 : 45%
2022-03-15 02:19:32 : 107,700,000 : 0 : 11,314,525,075 : 45%
Decoding error with 134,217,728 bytes, reading another chunk
2022-03-15 02:36:36 : 107,800,000 : 0 : 11,334,448,475 : 45%
2022-03-15 02:53:39 : 107,900,000 : 0 : 11,334,448,475 : 45%
2022-03-15 03:10:47 : 108,000,000 : 0 : 11,344,279,100 : 45%
2022-03-15 03:28:58 : 108,100,000 : 0 : 11,354,109,725 : 45%
2022-03-15 03:47:49 : 108,200,000 : 0 : 11,364,202,500 : 45%
2022-03-15 04:07:27 : 108,300,000 : 0 : 11,374,164,200 : 45%
2022-03-15 04:27:52 : 108,400,000 : 0 : 11,384,125,900 : 46%
2022-03-15 04:49:34 : 108,500,000 : 0 : 11,393,956,525 : 46%
2022-03-15 05:12:44 : 108,600,000 : 0 : 11,404,049,300 : 46%
2022-03-15 05:37:41 : 108,700,000 : 0 : 11,414,011,000 : 46%
2022-03-15 06:04:21 : 108,800,000 : 0 : 11,424,103,775 : 46%
2022-03-15 06:32:11 : 108,900,000 : 0 : 11,434,065,475 : 46%
2022-03-15 07:00:51 : 109,000,000 : 0 : 11,444,158,250 : 46%
2022-03-15 07:30:52 : 109,100,000 : 0 : 11,454,119,950 : 46%
2022-03-15 08:01:50 : 109,200,000 : 0 : 11,464,212,725 : 46%
2022-03-15 08:33:57 : 109,300,000 : 0 : 11,484,398,275 : 46%
2022-03-15 09:06:07 : 109,400,000 : 0 : 11,494,491,050 : 46%
2022-03-15 09:38:04 : 109,500,000 : 0 : 11,504,845,975 : 46%
2022-03-15 10:09:21 : 109,600,000 : 0 : 11,515,069,825 : 46%
2022-03-15 10:38:51 : 109,700,000 : 0 : 11,525,293,675 : 46%
2022-03-15 11:06:24 : 109,800,000 : 0 : 11,535,386,450 : 46%
2022-03-15 11:31:52 : 109,900,000 : 0 : 11,545,741,375 : 46%
2022-03-15 11:55:38 : 110,000,000 : 0 : 11,555,965,225 : 46%
2022-03-15 12:17:55 : 110,100,000 : 0 : 11,566,320,150 : 46%
2022-03-15 12:38:36 : 110,200,000 : 0 : 11,576,675,075 : 46%
2022-03-15 12:58:09 : 110,300,000 : 0 : 11,587,161,075 : 46%
2022-03-15 13:17:00 : 110,400,000 : 0 : 11,597,647,075 : 46%
2022-03-15 13:34:52 : 110,500,000 : 0 : 11,608,264,150 : 46%
2022-03-15 13:52:04 : 110,600,000 : 0 : 11,618,881,225 : 46%
2022-03-15 14:08:51 : 110,700,000 : 0 : 11,629,236,150 : 47%
2022-03-15 14:24:59 : 110,800,000 : 0 : 11,639,722,150 : 47%
2022-03-15 14:40:31 : 110,900,000 : 0 : 11,650,339,225 : 47%
2022-03-15 14:55:42 : 111,000,000 : 0 : 11,660,956,300 : 47%
2022-03-15 15:10:44 : 111,100,000 : 0 : 11,671,573,375 : 47%
2022-03-15 15:25:40 : 111,200,000 : 0 : 11,682,190,450 : 47%
2022-03-15 15:40:15 : 111,300,000 : 0 : 11,692,807,525 : 47%
2022-03-15 15:54:36 : 111,400,000 : 0 : 11,703,293,525 : 47%
2022-03-15 16:09:03 : 111,500,000 : 0 : 11,713,910,600 : 47%
2022-03-15 16:23:26 : 111,600,000 : 0 : 11,724,396,600 : 47%
2022-03-15 16:37:43 : 111,700,000 : 0 : 11,734,882,600 : 47%
2022-03-15 16:51:52 : 111,800,000 : 0 : 11,755,985,675 : 47%
2022-03-15 17:06:03 : 111,900,000 : 0 : 11,766,471,675 : 47%
2022-03-15 17:20:21 : 112,000,000 : 0 : 11,776,957,675 : 47%
2022-03-15 17:34:40 : 112,100,000 : 0 : 11,787,443,675 : 47%
2022-03-15 17:48:59 : 112,200,000 : 0 : 11,797,929,675 : 47%
2022-03-15 18:03:12 : 112,300,000 : 0 : 11,808,415,675 : 47%
2022-03-15 18:17:35 : 112,400,000 : 0 : 11,818,770,600 : 47%
2022-03-15 18:31:47 : 112,500,000 : 0 : 11,829,256,600 : 47%
2022-03-15 18:46:12 : 112,600,000 : 0 : 11,839,742,600 : 47%
2022-03-15 19:00:26 : 112,700,000 : 0 : 11,850,228,600 : 47%
2022-03-15 19:14:51 : 112,800,000 : 0 : 11,860,583,525 : 47%
2022-03-15 19:29:10 : 112,900,000 : 0 : 11,870,938,450 : 47%
2022-03-15 19:43:22 : 113,000,000 : 0 : 11,881,293,375 : 48%
2022-03-15 19:57:31 : 113,100,000 : 0 : 11,891,648,300 : 48%
2022-03-15 20:11:44 : 113,200,000 : 0 : 11,902,003,225 : 48%
2022-03-15 20:25:49 : 113,300,000 : 0 : 11,912,358,150 : 48%
2022-03-15 20:39:49 : 113,400,000 : 0 : 11,922,713,075 : 48%
2022-03-15 20:53:34 : 113,500,000 : 0 : 11,932,936,925 : 48%
2022-03-15 21:07:43 : 113,600,000 : 0 : 11,943,291,850 : 48%
2022-03-15 21:21:59 : 113,700,000 : 0 : 11,953,515,700 : 48%
2022-03-15 21:36:21 : 113,800,000 : 0 : 11,963,870,625 : 48%
2022-03-15 21:50:30 : 113,900,000 : 0 : 11,973,963,400 : 48%
2022-03-15 22:04:28 : 114,000,000 : 0 : 11,984,056,175 : 48%
2022-03-15 22:19:04 : 114,100,000 : 0 : 11,994,411,100 : 48%
2022-03-15 22:34:20 : 114,200,000 : 0 : 12,004,634,950 : 48%
2022-03-15 22:49:55 : 114,300,000 : 0 : 12,025,213,725 : 48%
2022-03-15 23:05:30 : 114,400,000 : 0 : 12,035,437,575 : 48%
2022-03-15 23:21:09 : 114,500,000 : 0 : 12,045,661,425 : 48%
2022-03-15 23:37:05 : 114,600,000 : 0 : 12,055,885,275 : 48%
2022-03-15 23:53:32 : 114,700,000 : 0 : 12,066,240,200 : 48%
2022-03-16 00:09:58 : 114,800,000 : 0 : 12,076,201,900 : 48%
2022-03-16 00:25:51 : 114,900,000 : 0 : 12,086,163,600 : 48%
2022-03-16 00:42:00 : 115,000,000 : 0 : 12,096,256,375 : 48%
2022-03-16 00:58:15 : 115,100,000 : 0 : 12,106,349,150 : 48%
2022-03-16 01:14:39 : 115,200,000 : 0 : 12,116,179,775 : 48%
2022-03-16 01:30:47 : 115,300,000 : 0 : 12,126,010,400 : 49%
2022-03-16 01:46:44 : 115,400,000 : 0 : 12,135,972,100 : 49%
2022-03-16 02:02:56 : 115,500,000 : 0 : 12,145,933,800 : 49%
2022-03-16 02:19:44 : 115,600,000 : 0 : 12,155,895,500 : 49%
2022-03-16 02:36:39 : 115,700,000 : 0 : 12,165,857,200 : 49%
2022-03-16 02:53:41 : 115,800,000 : 0 : 12,175,818,900 : 49%
2022-03-16 03:11:04 : 115,900,000 : 0 : 12,185,649,525 : 49%
2022-03-16 03:29:05 : 116,000,000 : 0 : 12,195,611,225 : 49%
2022-03-16 03:47:53 : 116,100,000 : 0 : 12,205,572,925 : 49%
2022-03-16 04:07:43 : 116,200,000 : 0 : 12,215,665,700 : 49%
2022-03-16 04:28:41 : 116,300,000 : 0 : 12,225,758,475 : 49%
2022-03-16 04:50:44 : 116,400,000 : 0 : 12,235,720,175 : 49%
2022-03-16 05:14:12 : 116,500,000 : 0 : 12,245,812,950 : 49%
2022-03-16 05:39:16 : 116,600,000 : 0 : 12,255,774,650 : 49%
2022-03-16 06:05:46 : 116,700,000 : 0 : 12,265,867,425 : 49%
2022-03-16 06:33:58 : 116,800,000 : 0 : 12,275,960,200 : 49%
2022-03-16 07:03:27 : 116,900,000 : 0 : 12,286,052,975 : 49%
2022-03-16 07:34:01 : 117,000,000 : 0 : 12,296,145,750 : 49%
2022-03-16 08:05:23 : 117,100,000 : 0 : 12,316,462,375 : 49%
2022-03-16 08:37:30 : 117,200,000 : 0 : 12,326,555,150 : 49%
2022-03-16 09:09:33 : 117,300,000 : 0 : 12,336,647,925 : 49%
2022-03-16 09:40:32 : 117,400,000 : 0 : 12,346,740,700 : 49%
2022-03-16 10:10:48 : 117,500,000 : 0 : 12,356,964,550 : 49%
2022-03-16 10:39:33 : 117,600,000 : 0 : 12,367,188,400 : 49%
2022-03-16 11:07:00 : 117,700,000 : 0 : 12,377,412,250 : 50%
2022-03-16 11:32:23 : 117,800,000 : 0 : 12,387,767,175 : 50%
2022-03-16 11:55:21 : 117,900,000 : 0 : 12,397,991,025 : 50%
2022-03-16 12:16:59 : 118,000,000 : 0 : 12,408,214,875 : 50%
2022-03-16 12:37:06 : 118,100,000 : 0 : 12,418,831,950 : 50%
2022-03-16 12:56:20 : 118,200,000 : 0 : 12,429,317,950 : 50%
2022-03-16 13:14:56 : 118,300,000 : 0 : 12,439,935,025 : 50%
2022-03-16 13:32:39 : 118,400,000 : 0 : 12,450,421,025 : 50%
2022-03-16 13:49:28 : 118,500,000 : 0 : 12,460,907,025 : 50%
2022-03-16 14:05:52 : 118,600,000 : 0 : 12,471,524,100 : 50%
2022-03-16 14:21:48 : 118,700,000 : 0 : 12,482,141,175 : 50%
2022-03-16 14:37:17 : 118,800,000 : 0 : 12,492,758,250 : 50%
2022-03-16 14:52:20 : 118,900,000 : 0 : 12,503,375,325 : 50%
2022-03-16 15:07:22 : 119,000,000 : 0 : 12,513,992,400 : 50%
2022-03-16 15:22:23 : 119,100,000 : 0 : 12,524,609,475 : 50%
2022-03-16 15:37:20 : 119,200,000 : 0 : 12,535,357,625 : 50%
2022-03-16 15:52:10 : 119,300,000 : 0 : 12,545,974,700 : 50%
2022-03-16 16:07:14 : 119,400,000 : 0 : 12,556,591,775 : 50%
2022-03-16 16:22:26 : 119,500,000 : 0 : 12,577,957,000 : 50%
2022-03-16 16:37:39 : 119,600,000 : 0 : 12,588,574,075 : 50%
2022-03-16 16:52:38 : 119,700,000 : 0 : 12,599,060,075 : 50%
2022-03-16 17:07:43 : 119,800,000 : 0 : 12,609,677,150 : 50%
2022-03-16 17:22:43 : 119,900,000 : 0 : 12,620,163,150 : 50%
2022-03-16 17:37:30 : 120,000,000 : 0 : 12,630,780,225 : 51%
2022-03-16 17:52:13 : 120,100,000 : 0 : 12,641,397,300 : 51%
2022-03-16 18:06:55 : 120,200,000 : 0 : 12,651,883,300 : 51%
2022-03-16 18:21:35 : 120,300,000 : 0 : 12,662,369,300 : 51%
2022-03-16 18:35:57 : 120,400,000 : 0 : 12,672,855,300 : 51%
2022-03-16 18:50:32 : 120,500,000 : 0 : 12,683,341,300 : 51%
2022-03-16 19:05:14 : 120,600,000 : 0 : 12,693,827,300 : 51%
2022-03-16 19:20:01 : 120,700,000 : 0 : 12,704,313,300 : 51%
2022-03-16 19:34:47 : 120,800,000 : 0 : 12,714,799,300 : 51%
2022-03-16 19:49:27 : 120,900,000 : 0 : 12,725,285,300 : 51%
2022-03-16 20:04:04 : 121,000,000 : 0 : 12,735,640,225 : 51%
2022-03-16 20:18:33 : 121,100,000 : 0 : 12,745,995,150 : 51%
2022-03-16 20:33:08 : 121,200,000 : 0 : 12,756,481,150 : 51%
2022-03-16 20:47:29 : 121,300,000 : 0 : 12,766,705,000 : 51%
2022-03-16 21:01:37 : 121,400,000 : 0 : 12,777,059,925 : 51%
2022-03-16 21:16:05 : 121,500,000 : 0 : 12,787,414,850 : 51%
2022-03-16 21:30:22 : 121,600,000 : 0 : 12,797,638,700 : 51%
2022-03-16 21:44:37 : 121,700,000 : 0 : 12,807,731,475 : 51%
2022-03-16 21:59:09 : 121,800,000 : 0 : 12,818,086,400 : 51%
2022-03-16 22:14:00 : 121,900,000 : 0 : 12,838,534,100 : 51%
2022-03-16 22:28:59 : 122,000,000 : 0 : 12,848,889,025 : 51%
2022-03-16 22:44:09 : 122,100,000 : 0 : 12,859,112,875 : 51%
2022-03-16 22:59:31 : 122,200,000 : 0 : 12,869,336,725 : 51%
2022-03-16 23:15:27 : 122,300,000 : 0 : 12,879,560,575 : 52%
2022-03-16 23:31:08 : 122,400,000 : 0 : 12,889,784,425 : 52%
2022-03-16 23:47:12 : 122,500,000 : 0 : 12,900,008,275 : 52%
2022-03-17 00:03:24 : 122,600,000 : 0 : 12,910,232,125 : 52%
2022-03-17 00:20:14 : 122,700,000 : 0 : 12,920,193,825 : 52%
2022-03-17 00:37:44 : 122,800,000 : 0 : 12,930,155,525 : 52%
2022-03-17 00:54:24 : 122,900,000 : 0 : 12,940,117,225 : 52%
2022-03-17 01:10:53 : 123,000,000 : 0 : 12,949,947,850 : 52%
2022-03-17 01:27:25 : 123,100,000 : 0 : 12,959,909,550 : 52%
2022-03-17 01:43:59 : 123,200,000 : 0 : 12,970,002,325 : 52%
2022-03-17 02:00:30 : 123,300,000 : 0 : 12,979,832,950 : 52%
2022-03-17 02:17:14 : 123,400,000 : 0 : 12,989,794,650 : 52%
2022-03-17 02:34:31 : 123,500,000 : 0 : 12,999,887,425 : 52%
2022-03-17 02:52:03 : 123,600,000 : 0 : 13,009,849,125 : 52%
2022-03-17 03:09:47 : 123,700,000 : 0 : 13,019,810,825 : 52%
2022-03-17 03:28:02 : 123,800,000 : 0 : 13,029,903,600 : 52%
2022-03-17 03:46:27 : 123,900,000 : 0 : 13,039,865,300 : 52%
2022-03-17 04:05:37 : 124,000,000 : 0 : 13,049,695,925 : 52%
2022-03-17 04:25:38 : 124,100,000 : 0 : 13,059,657,625 : 52%
2022-03-17 04:46:47 : 124,200,000 : 0 : 13,069,619,325 : 52%
2022-03-17 05:09:43 : 124,300,000 : 0 : 13,079,712,100 : 52%
2022-03-17 05:34:14 : 124,400,000 : 0 : 13,089,804,875 : 52%
2022-03-17 06:00:33 : 124,500,000 : 0 : 13,099,897,650 : 52%
2022-03-17 06:28:11 : 124,600,000 : 0 : 13,120,214,275 : 52%
2022-03-17 06:57:20 : 124,700,000 : 0 : 13,130,438,125 : 53%
2022-03-17 07:28:01 : 124,800,000 : 0 : 13,140,530,900 : 53%
2022-03-17 07:59:18 : 124,900,000 : 0 : 13,150,754,750 : 53%
2022-03-17 08:31:45 : 125,000,000 : 0 : 13,160,847,525 : 53%
2022-03-17 09:04:30 : 125,100,000 : 0 : 13,171,071,375 : 53%
2022-03-17 09:36:46 : 125,200,000 : 0 : 13,181,295,225 : 53%
2022-03-17 10:07:27 : 125,300,000 : 0 : 13,191,519,075 : 53%
2022-03-17 10:36:19 : 125,400,000 : 0 : 13,201,742,925 : 53%
2022-03-17 11:03:13 : 125,500,000 : 0 : 13,211,966,775 : 53%
2022-03-17 11:28:37 : 125,600,000 : 0 : 13,222,190,625 : 53%
2022-03-17 11:52:09 : 125,700,000 : 0 : 13,232,545,550 : 53%
2022-03-17 12:14:13 : 125,800,000 : 0 : 13,242,769,400 : 53%
2022-03-17 12:34:51 : 125,900,000 : 0 : 13,253,255,400 : 53%
2022-03-17 12:54:16 : 126,000,000 : 0 : 13,263,610,325 : 53%
2022-03-17 13:12:59 : 126,100,000 : 0 : 13,274,096,325 : 53%
2022-03-17 13:30:41 : 126,200,000 : 0 : 13,284,582,325 : 53%
2022-03-17 13:47:41 : 126,300,000 : 0 : 13,295,199,400 : 53%
2022-03-17 14:03:58 : 126,400,000 : 0 : 13,305,685,400 : 53%
2022-03-17 14:19:47 : 126,500,000 : 0 : 13,316,302,475 : 53%
2022-03-17 14:35:12 : 126,600,000 : 0 : 13,326,919,550 : 53%
2022-03-17 14:50:25 : 126,700,000 : 0 : 13,337,405,550 : 53%
2022-03-17 15:05:25 : 126,800,000 : 0 : 13,348,022,625 : 53%
2022-03-17 15:20:22 : 126,900,000 : 0 : 13,358,639,700 : 53%
2022-03-17 15:34:58 : 127,000,000 : 0 : 13,369,125,700 : 53%
2022-03-17 15:49:22 : 127,100,000 : 0 : 13,379,611,700 : 54%
2022-03-17 16:03:39 : 127,200,000 : 0 : 13,400,714,775 : 54%
2022-03-17 16:18:01 : 127,300,000 : 0 : 13,411,200,775 : 54%
2022-03-17 16:32:14 : 127,400,000 : 0 : 13,421,686,775 : 54%
2022-03-17 16:46:17 : 127,500,000 : 0 : 13,432,172,775 : 54%
2022-03-17 17:00:22 : 127,600,000 : 0 : 13,442,658,775 : 54%
2022-03-17 17:14:33 : 127,700,000 : 0 : 13,453,013,700 : 54%
2022-03-17 17:28:37 : 127,800,000 : 0 : 13,463,499,700 : 54%
2022-03-17 17:42:47 : 127,900,000 : 0 : 13,473,854,625 : 54%
2022-03-17 17:56:46 : 128,000,000 : 0 : 13,484,340,625 : 54%
2022-03-17 18:10:58 : 128,100,000 : 0 : 13,494,695,550 : 54%
2022-03-17 18:24:58 : 128,200,000 : 0 : 13,505,050,475 : 54%
2022-03-17 18:39:18 : 128,300,000 : 0 : 13,515,405,400 : 54%
2022-03-17 18:53:31 : 128,400,000 : 0 : 13,525,760,325 : 54%
2022-03-17 19:07:53 : 128,500,000 : 0 : 13,536,115,250 : 54%
2022-03-17 19:22:13 : 128,600,000 : 0 : 13,546,470,175 : 54%
2022-03-17 19:36:35 : 128,700,000 : 0 : 13,556,694,025 : 54%
2022-03-17 19:50:19 : 128,800,000 : 0 : 13,566,786,800 : 54%
2022-03-17 20:04:19 : 128,900,000 : 0 : 13,577,141,725 : 54%
2022-03-17 20:18:18 : 129,000,000 : 0 : 13,587,365,575 : 54%
2022-03-17 20:32:18 : 129,100,000 : 0 : 13,597,589,425 : 54%
2022-03-17 20:46:25 : 129,200,000 : 0 : 13,607,944,350 : 54%
2022-03-17 21:00:30 : 129,300,000 : 0 : 13,618,168,200 : 54%
2022-03-17 21:14:48 : 129,400,000 : 0 : 13,628,260,975 : 55%
2022-03-17 21:28:58 : 129,500,000 : 0 : 13,638,353,750 : 55%
2022-03-17 21:43:19 : 129,600,000 : 0 : 13,658,539,300 : 55%
2022-03-17 21:57:58 : 129,700,000 : 0 : 13,668,763,150 : 55%
2022-03-17 22:13:02 : 129,800,000 : 0 : 13,678,987,000 : 55%
2022-03-17 22:28:25 : 129,900,000 : 0 : 13,689,210,850 : 55%
2022-03-17 22:43:57 : 130,000,000 : 0 : 13,699,303,625 : 55%
2022-03-17 22:59:41 : 130,100,000 : 0 : 13,709,527,475 : 55%
2022-03-17 23:15:46 : 130,200,000 : 0 : 13,719,751,325 : 55%
2022-03-17 23:31:40 : 130,300,000 : 0 : 13,729,713,025 : 55%
2022-03-17 23:47:41 : 130,400,000 : 0 : 13,739,805,800 : 55%
2022-03-18 00:04:12 : 130,500,000 : 0 : 13,749,767,500 : 55%
2022-03-18 00:20:36 : 130,600,000 : 0 : 13,759,729,200 : 55%
2022-03-18 00:37:26 : 130,700,000 : 0 : 13,769,690,900 : 55%
2022-03-18 00:54:19 : 130,800,000 : 0 : 13,779,783,675 : 55%
2022-03-18 01:11:20 : 130,900,000 : 0 : 13,789,614,300 : 55%
2022-03-18 01:28:15 : 131,000,000 : 0 : 13,799,444,925 : 55%
2022-03-18 01:45:05 : 131,100,000 : 0 : 13,809,275,550 : 55%
2022-03-18 02:01:59 : 131,200,000 : 0 : 13,819,106,175 : 55%
2022-03-18 02:19:19 : 131,300,000 : 0 : 13,828,936,800 : 55%
2022-03-18 02:36:41 : 131,400,000 : 0 : 13,838,898,500 : 55%
2022-03-18 02:54:24 : 131,500,000 : 0 : 13,848,729,125 : 55%
2022-03-18 03:13:00 : 131,600,000 : 0 : 13,858,690,825 : 55%
2022-03-18 03:31:38 : 131,700,000 : 0 : 13,868,521,450 : 55%
2022-03-18 03:50:52 : 131,800,000 : 0 : 13,878,352,075 : 56%
2022-03-18 04:11:06 : 131,900,000 : 0 : 13,888,182,700 : 56%
2022-03-18 04:32:24 : 132,000,000 : 0 : 13,898,013,325 : 56%
2022-03-18 04:54:36 : 132,100,000 : 0 : 13,907,975,025 : 56%
2022-03-18 05:18:45 : 132,200,000 : 0 : 13,917,936,725 : 56%
2022-03-18 05:44:31 : 132,300,000 : 0 : 13,927,898,425 : 56%
2022-03-18 06:12:08 : 132,400,000 : 0 : 13,947,952,900 : 56%
2022-03-18 06:40:50 : 132,500,000 : 0 : 13,958,045,675 : 56%
2022-03-18 07:11:14 : 132,600,000 : 0 : 13,968,138,450 : 56%
2022-03-18 07:42:25 : 132,700,000 : 0 : 13,978,231,225 : 56%
2022-03-18 08:14:07 : 132,800,000 : 0 : 13,988,324,000 : 56%
2022-03-18 08:46:58 : 132,900,000 : 0 : 13,998,547,850 : 56%
2022-03-18 09:19:40 : 133,000,000 : 0 : 14,008,771,700 : 56%
2022-03-18 09:51:23 : 133,100,000 : 0 : 14,018,864,475 : 56%
2022-03-18 10:21:39 : 133,200,000 : 0 : 14,029,088,325 : 56%
2022-03-18 10:50:19 : 133,300,000 : 0 : 14,039,312,175 : 56%
2022-03-18 11:16:48 : 133,400,000 : 0 : 14,049,404,950 : 56%
2022-03-18 11:40:40 : 133,500,000 : 0 : 14,059,759,875 : 56%
2022-03-18 12:03:15 : 133,600,000 : 0 : 14,069,983,725 : 56%
2022-03-18 12:24:27 : 133,700,000 : 0 : 14,080,207,575 : 56%
2022-03-18 12:44:21 : 133,800,000 : 0 : 14,090,562,500 : 56%
2022-03-18 13:03:03 : 133,900,000 : 0 : 14,100,786,350 : 56%
2022-03-18 13:20:52 : 134,000,000 : 0 : 14,111,141,275 : 56%
2022-03-18 13:38:04 : 134,100,000 : 0 : 14,121,365,125 : 56%
2022-03-18 13:54:29 : 134,200,000 : 0 : 14,131,851,125 : 57%
2022-03-18 14:10:14 : 134,300,000 : 0 : 14,142,206,050 : 57%
2022-03-18 14:25:43 : 134,400,000 : 0 : 14,152,692,050 : 57%
2022-03-18 14:41:00 : 134,500,000 : 0 : 14,163,178,050 : 57%
2022-03-18 14:55:57 : 134,600,000 : 0 : 14,173,795,125 : 57%
2022-03-18 15:10:46 : 134,700,000 : 0 : 14,184,281,125 : 57%
2022-03-18 15:25:19 : 134,800,000 : 0 : 14,194,767,125 : 57%
2022-03-18 15:39:49 : 134,900,000 : 0 : 14,215,739,125 : 57%
2022-03-18 15:54:10 : 135,000,000 : 0 : 14,226,225,125 : 57%
2022-03-18 16:08:32 : 135,100,000 : 0 : 14,236,711,125 : 57%
2022-03-18 16:22:51 : 135,200,000 : 0 : 14,247,197,125 : 57%
2022-03-18 16:37:01 : 135,300,000 : 0 : 14,257,683,125 : 57%
2022-03-18 16:51:15 : 135,400,000 : 0 : 14,268,300,200 : 57%
2022-03-18 17:05:43 : 135,500,000 : 0 : 14,278,786,200 : 57%
2022-03-18 17:20:10 : 135,600,000 : 0 : 14,289,272,200 : 57%
2022-03-18 17:34:30 : 135,700,000 : 0 : 14,299,627,125 : 57%
2022-03-18 17:48:54 : 135,800,000 : 0 : 14,310,244,200 : 57%
2022-03-18 18:03:19 : 135,900,000 : 0 : 14,320,599,125 : 57%
2022-03-18 18:18:02 : 136,000,000 : 0 : 14,331,085,125 : 57%
2022-03-18 18:32:43 : 136,100,000 : 0 : 14,341,571,125 : 57%
2022-03-18 18:47:29 : 136,200,000 : 0 : 14,351,926,050 : 57%
2022-03-18 19:02:25 : 136,300,000 : 0 : 14,362,280,975 : 57%
2022-03-18 19:17:38 : 136,400,000 : 0 : 14,372,635,900 : 57%
2022-03-18 19:32:57 : 136,500,000 : 0 : 14,382,990,825 : 58%
2022-03-18 19:48:11 : 136,600,000 : 0 : 14,393,345,750 : 58%
2022-03-18 20:02:48 : 136,700,000 : 0 : 14,403,569,600 : 58%
2022-03-18 20:17:29 : 136,800,000 : 0 : 14,413,793,450 : 58%
2022-03-18 20:32:03 : 136,900,000 : 0 : 14,424,017,300 : 58%
2022-03-18 20:46:43 : 137,000,000 : 0 : 14,434,241,150 : 58%
2022-03-18 21:01:37 : 137,100,000 : 0 : 14,444,465,000 : 58%
2022-03-18 21:16:57 : 137,200,000 : 0 : 14,464,912,700 : 58%
2022-03-18 21:32:20 : 137,300,000 : 0 : 14,475,136,550 : 58%
2022-03-18 21:47:51 : 137,400,000 : 0 : 14,485,360,400 : 58%
2022-03-18 22:03:36 : 137,500,000 : 0 : 14,495,715,325 : 58%
2022-03-18 22:20:03 : 137,600,000 : 0 : 14,505,808,100 : 58%
2022-03-18 22:36:28 : 137,700,000 : 0 : 14,516,031,950 : 58%
2022-03-18 22:53:09 : 137,800,000 : 0 : 14,526,255,800 : 58%
2022-03-18 23:10:04 : 137,900,000 : 0 : 14,536,348,575 : 58%
2022-03-18 23:27:16 : 138,000,000 : 0 : 14,546,441,350 : 58%
2022-03-18 23:44:22 : 138,100,000 : 0 : 14,556,534,125 : 58%
2022-03-19 00:01:39 : 138,200,000 : 0 : 14,566,626,900 : 58%
2022-03-19 00:19:00 : 138,300,000 : 0 : 14,576,588,600 : 58%
2022-03-19 00:36:31 : 138,400,000 : 0 : 14,586,550,300 : 58%
2022-03-19 00:54:10 : 138,500,000 : 0 : 14,596,380,925 : 58%
2022-03-19 01:11:53 : 138,600,000 : 0 : 14,606,211,550 : 58%
2022-03-19 01:29:46 : 138,700,000 : 0 : 14,616,042,175 : 58%
2022-03-19 01:48:10 : 138,800,000 : 0 : 14,625,872,800 : 59%
2022-03-19 02:06:12 : 138,900,000 : 0 : 14,635,703,425 : 59%
2022-03-19 02:24:25 : 139,000,000 : 0 : 14,645,534,050 : 59%
2022-03-19 02:43:17 : 139,100,000 : 0 : 14,655,495,750 : 59%
2022-03-19 03:02:49 : 139,200,000 : 0 : 14,665,457,450 : 59%
2022-03-19 03:22:36 : 139,300,000 : 0 : 14,675,288,075 : 59%
2022-03-19 03:42:38 : 139,400,000 : 0 : 14,685,118,700 : 59%
2022-03-19 04:03:10 : 139,500,000 : 0 : 14,694,949,325 : 59%
2022-03-19 04:24:52 : 139,600,000 : 0 : 14,704,779,950 : 59%
2022-03-19 04:47:46 : 139,700,000 : 0 : 14,714,610,575 : 59%
2022-03-19 05:12:22 : 139,800,000 : 0 : 14,724,572,275 : 59%
2022-03-19 05:38:50 : 139,900,000 : 0 : 14,744,495,675 : 59%
2022-03-19 06:06:43 : 140,000,000 : 0 : 14,754,457,375 : 59%
2022-03-19 06:36:21 : 140,100,000 : 0 : 14,764,419,075 : 59%
2022-03-19 07:07:48 : 140,200,000 : 0 : 14,774,380,775 : 59%
2022-03-19 07:40:32 : 140,300,000 : 0 : 14,784,211,400 : 59%
2022-03-19 08:13:47 : 140,400,000 : 0 : 14,794,173,100 : 59%
2022-03-19 08:47:45 : 140,500,000 : 0 : 14,804,265,875 : 59%
2022-03-19 09:21:54 : 140,600,000 : 0 : 14,814,358,650 : 59%
2022-03-19 09:55:34 : 140,700,000 : 0 : 14,824,320,350 : 59%
2022-03-19 10:28:26 : 140,800,000 : 0 : 14,834,282,050 : 59%
2022-03-19 10:59:34 : 140,900,000 : 0 : 14,844,243,750 : 59%
2022-03-19 11:29:30 : 141,000,000 : 0 : 14,854,336,525 : 59%
2022-03-19 11:56:53 : 141,100,000 : 0 : 14,864,429,300 : 59%
2022-03-19 12:22:29 : 141,200,000 : 0 : 14,874,522,075 : 60%
2022-03-19 12:45:41 : 141,300,000 : 0 : 14,884,614,850 : 60%
2022-03-19 13:07:10 : 141,400,000 : 0 : 14,894,707,625 : 60%
2022-03-19 13:27:22 : 141,500,000 : 0 : 14,904,669,325 : 60%
2022-03-19 13:47:06 : 141,600,000 : 0 : 14,914,893,175 : 60%
2022-03-19 14:05:47 : 141,700,000 : 0 : 14,925,117,025 : 60%
2022-03-19 14:23:45 : 141,800,000 : 0 : 14,935,340,875 : 60%
2022-03-19 14:41:00 : 141,900,000 : 0 : 14,945,564,725 : 60%
2022-03-19 14:57:56 : 142,000,000 : 0 : 14,955,788,575 : 60%
2022-03-19 15:14:15 : 142,100,000 : 0 : 14,966,012,425 : 60%
2022-03-19 15:29:52 : 142,200,000 : 0 : 14,976,105,200 : 60%
2022-03-19 15:45:32 : 142,300,000 : 0 : 14,986,197,975 : 60%
2022-03-19 16:01:12 : 142,400,000 : 0 : 14,996,290,750 : 60%
2022-03-19 16:16:21 : 142,500,000 : 0 : 15,006,383,525 : 60%
2022-03-19 16:31:46 : 142,600,000 : 0 : 15,016,476,300 : 60%
2022-03-19 16:47:23 : 142,700,000 : 0 : 15,037,055,075 : 60%
2022-03-19 17:03:07 : 142,800,000 : 0 : 15,047,278,925 : 60%
2022-03-19 17:18:50 : 142,900,000 : 0 : 15,057,502,775 : 60%
2022-03-19 17:34:39 : 143,000,000 : 0 : 15,067,595,550 : 60%
2022-03-19 17:50:06 : 143,100,000 : 0 : 15,077,819,400 : 60%
2022-03-19 18:05:28 : 143,200,000 : 0 : 15,087,781,100 : 60%
2022-03-19 18:21:05 : 143,300,000 : 0 : 15,097,873,875 : 60%
2022-03-19 18:36:34 : 143,400,000 : 0 : 15,107,835,575 : 60%
2022-03-19 18:52:07 : 143,500,000 : 0 : 15,117,797,275 : 60%
2022-03-19 19:07:38 : 143,600,000 : 0 : 15,127,890,050 : 61%
2022-03-19 19:23:51 : 143,700,000 : 0 : 15,137,982,825 : 61%
2022-03-19 19:40:07 : 143,800,000 : 0 : 15,148,075,600 : 61%
2022-03-19 19:56:16 : 143,900,000 : 0 : 15,158,168,375 : 61%
2022-03-19 20:12:25 : 144,000,000 : 0 : 15,168,130,075 : 61%
2022-03-19 20:28:26 : 144,100,000 : 0 : 15,178,091,775 : 61%
2022-03-19 20:44:23 : 144,200,000 : 0 : 15,188,053,475 : 61%
2022-03-19 21:00:04 : 144,300,000 : 0 : 15,197,884,100 : 61%
2022-03-19 21:16:07 : 144,400,000 : 0 : 15,207,845,800 : 61%
2022-03-19 21:32:12 : 144,500,000 : 0 : 15,217,807,500 : 61%
2022-03-19 21:48:04 : 144,600,000 : 0 : 15,227,769,200 : 61%
2022-03-19 22:04:24 : 144,700,000 : 0 : 15,237,730,900 : 61%
2022-03-19 22:20:49 : 144,800,000 : 0 : 15,247,692,600 : 61%
2022-03-19 22:37:31 : 144,900,000 : 0 : 15,257,654,300 : 61%
2022-03-19 22:54:17 : 145,000,000 : 0 : 15,267,747,075 : 61%
2022-03-19 23:11:35 : 145,100,000 : 0 : 15,277,708,775 : 61%
2022-03-19 23:28:48 : 145,200,000 : 0 : 15,287,801,550 : 61%
2022-03-19 23:46:29 : 145,300,000 : 0 : 15,297,632,175 : 61%
2022-03-20 00:04:13 : 145,400,000 : 0 : 15,307,593,875 : 61%
2022-03-20 00:22:22 : 145,500,000 : 0 : 15,327,517,275 : 61%
2022-03-20 00:40:32 : 145,600,000 : 0 : 15,337,478,975 : 61%
2022-03-20 00:59:00 : 145,700,000 : 0 : 15,347,309,600 : 61%
2022-03-20 01:17:44 : 145,800,000 : 0 : 15,357,140,225 : 61%
2022-03-20 01:36:30 : 145,900,000 : 0 : 15,367,101,925 : 61%
2022-03-20 01:55:10 : 146,000,000 : 0 : 15,376,932,550 : 62%
2022-03-20 02:14:06 : 146,100,000 : 0 : 15,386,763,175 : 62%
2022-03-20 02:32:53 : 146,200,000 : 0 : 15,396,593,800 : 62%
2022-03-20 02:52:15 : 146,300,000 : 0 : 15,406,424,425 : 62%
2022-03-20 03:12:13 : 146,400,000 : 0 : 15,416,255,050 : 62%
2022-03-20 03:32:32 : 146,500,000 : 0 : 15,425,954,600 : 62%
2022-03-20 03:53:20 : 146,600,000 : 0 : 15,435,785,225 : 62%
2022-03-20 04:15:13 : 146,700,000 : 0 : 15,445,746,925 : 62%
2022-03-20 04:37:57 : 146,800,000 : 0 : 15,455,577,550 : 62%
2022-03-20 05:01:42 : 146,900,000 : 0 : 15,465,408,175 : 62%
2022-03-20 05:27:10 : 147,000,000 : 0 : 15,475,369,875 : 62%
2022-03-20 05:54:16 : 147,100,000 : 0 : 15,485,069,425 : 62%
2022-03-20 06:22:49 : 147,200,000 : 0 : 15,495,031,125 : 62%
2022-03-20 06:52:45 : 147,300,000 : 0 : 15,504,861,750 : 62%
2022-03-20 07:24:21 : 147,400,000 : 0 : 15,514,692,375 : 62%
2022-03-20 07:56:15 : 147,500,000 : 0 : 15,524,523,000 : 62%
2022-03-20 08:29:00 : 147,600,000 : 0 : 15,534,353,625 : 62%
2022-03-20 09:01:23 : 147,700,000 : 0 : 15,544,315,325 : 62%
2022-03-20 09:33:31 : 147,800,000 : 0 : 15,554,277,025 : 62%
2022-03-20 10:04:54 : 147,900,000 : 0 : 15,564,238,725 : 62%
2022-03-20 10:36:52 : 148,000,000 : 0 : 15,574,200,425 : 62%
2022-03-20 11:07:50 : 148,100,000 : 0 : 15,584,162,125 : 62%
2022-03-20 11:36:36 : 148,200,000 : 0 : 15,594,123,825 : 62%
2022-03-20 12:03:08 : 148,300,000 : 0 : 15,604,216,600 : 62%
2022-03-20 12:27:41 : 148,400,000 : 0 : 15,614,309,375 : 62%
2022-03-20 12:50:22 : 148,500,000 : 0 : 15,624,402,150 : 63%
2022-03-20 13:11:47 : 148,600,000 : 0 : 15,644,849,850 : 63%
2022-03-20 13:32:23 : 148,700,000 : 0 : 15,655,073,700 : 63%
2022-03-20 13:51:38 : 148,800,000 : 0 : 15,665,297,550 : 63%
2022-03-20 14:09:58 : 148,900,000 : 0 : 15,675,521,400 : 63%
2022-03-20 14:27:31 : 149,000,000 : 0 : 15,685,745,250 : 63%
2022-03-20 14:44:32 : 149,100,000 : 0 : 15,696,100,175 : 63%
2022-03-20 15:01:13 : 149,200,000 : 0 : 15,706,192,950 : 63%
2022-03-20 15:17:26 : 149,300,000 : 0 : 15,716,416,800 : 63%
2022-03-20 15:33:10 : 149,400,000 : 0 : 15,726,378,500 : 63%
2022-03-20 15:48:42 : 149,500,000 : 0 : 15,736,602,350 : 63%
2022-03-20 16:04:12 : 149,600,000 : 0 : 15,746,826,200 : 63%
2022-03-20 16:19:34 : 149,700,000 : 0 : 15,756,918,975 : 63%
2022-03-20 16:34:53 : 149,800,000 : 0 : 15,766,880,675 : 63%
2022-03-20 16:48:38 : 149,900,000 : 0 : 15,776,711,300 : 63%
2022-03-20 17:02:58 : 150,000,000 : 0 : 15,786,673,000 : 63%
2022-03-20 17:17:33 : 150,100,000 : 0 : 15,796,765,775 : 63%
2022-03-20 17:32:31 : 150,200,000 : 0 : 15,806,989,625 : 63%
2022-03-20 17:47:32 : 150,300,000 : 0 : 15,817,213,475 : 63%
2022-03-20 18:02:36 : 150,400,000 : 0 : 15,827,306,250 : 63%
2022-03-20 18:17:54 : 150,500,000 : 0 : 15,837,399,025 : 63%
2022-03-20 18:33:25 : 150,600,000 : 0 : 15,847,622,875 : 63%
Decoding error with 134,217,728 bytes, reading another chunk
2022-03-20 18:49:02 : 150,700,000 : 0 : 15,868,070,575 : 63%
2022-03-20 19:04:59 : 150,800,000 : 0 : 15,868,070,575 : 63%
2022-03-20 19:21:13 : 150,900,000 : 0 : 15,878,294,425 : 64%
2022-03-20 19:37:13 : 151,000,000 : 0 : 15,888,387,200 : 64%
2022-03-20 19:53:07 : 151,100,000 : 0 : 15,908,834,900 : 64%
2022-03-20 20:09:05 : 151,200,000 : 0 : 15,918,927,675 : 64%
2022-03-20 20:25:08 : 151,300,000 : 0 : 15,929,020,450 : 64%
2022-03-20 20:40:44 : 151,400,000 : 0 : 15,938,982,150 : 64%
2022-03-20 20:56:13 : 151,500,000 : 0 : 15,949,074,925 : 64%
2022-03-20 21:11:40 : 151,600,000 : 0 : 15,959,036,625 : 64%
2022-03-20 21:27:09 : 151,700,000 : 0 : 15,969,129,400 : 64%
2022-03-20 21:42:55 : 151,800,000 : 0 : 15,979,222,175 : 64%
2022-03-20 21:58:33 : 151,900,000 : 0 : 15,989,314,950 : 64%
2022-03-20 22:14:23 : 152,000,000 : 0 : 15,999,407,725 : 64%
2022-03-20 22:30:38 : 152,100,000 : 0 : 16,009,369,425 : 64%
2022-03-20 22:46:55 : 152,200,000 : 0 : 16,019,462,200 : 64%
2022-03-20 23:03:16 : 152,300,000 : 0 : 16,029,554,975 : 64%
2022-03-20 23:19:53 : 152,400,000 : 0 : 16,039,516,675 : 64%
2022-03-20 23:36:25 : 152,500,000 : 0 : 16,049,478,375 : 64%
2022-03-20 23:53:28 : 152,600,000 : 0 : 16,059,571,150 : 64%
2022-03-21 00:10:43 : 152,700,000 : 0 : 16,069,532,850 : 64%
2022-03-21 00:28:12 : 152,800,000 : 0 : 16,079,494,550 : 64%
2022-03-21 00:45:31 : 152,900,000 : 0 : 16,089,325,175 : 64%
2022-03-21 01:03:09 : 153,000,000 : 0 : 16,099,286,875 : 64%
2022-03-21 01:20:59 : 153,100,000 : 0 : 16,109,248,575 : 64%
2022-03-21 01:38:57 : 153,200,000 : 0 : 16,119,210,275 : 64%
2022-03-21 01:56:41 : 153,300,000 : 0 : 16,129,303,050 : 65%
2022-03-21 02:14:39 : 153,400,000 : 0 : 16,139,264,750 : 65%
2022-03-21 02:32:51 : 153,500,000 : 0 : 16,149,226,450 : 65%
2022-03-21 02:51:29 : 153,600,000 : 0 : 16,159,057,075 : 65%
2022-03-21 03:10:20 : 153,700,000 : 0 : 16,169,018,775 : 65%
2022-03-21 03:29:54 : 153,800,000 : 0 : 16,188,942,175 : 65%
2022-03-21 03:50:20 : 153,900,000 : 0 : 16,198,903,875 : 65%
2022-03-21 04:12:10 : 154,000,000 : 0 : 16,208,734,500 : 65%
2022-03-21 04:34:43 : 154,100,000 : 0 : 16,218,696,200 : 65%
2022-03-21 04:58:39 : 154,200,000 : 0 : 16,228,788,975 : 65%
2022-03-21 05:24:20 : 154,300,000 : 0 : 16,238,750,675 : 65%
2022-03-21 05:51:35 : 154,400,000 : 0 : 16,248,843,450 : 65%
2022-03-21 06:20:23 : 154,500,000 : 0 : 16,258,936,225 : 65%
2022-03-21 06:50:25 : 154,600,000 : 0 : 16,269,029,000 : 65%
2022-03-21 07:22:14 : 154,700,000 : 0 : 16,279,121,775 : 65%
2022-03-21 07:54:12 : 154,800,000 : 0 : 16,289,083,475 : 65%
2022-03-21 08:26:43 : 154,900,000 : 0 : 16,299,307,325 : 65%
2022-03-21 09:00:24 : 155,000,000 : 0 : 16,309,400,100 : 65%
2022-03-21 09:33:24 : 155,100,000 : 0 : 16,319,492,875 : 65%
2022-03-21 10:04:34 : 155,200,000 : 0 : 16,329,716,725 : 65%
2022-03-21 10:34:42 : 155,300,000 : 0 : 16,339,940,575 : 65%
2022-03-21 11:03:07 : 155,400,000 : 0 : 16,350,164,425 : 65%
2022-03-21 11:29:15 : 155,500,000 : 0 : 16,360,388,275 : 65%
2022-03-21 11:53:17 : 155,600,000 : 0 : 16,370,612,125 : 65%
2022-03-21 12:15:58 : 155,700,000 : 0 : 16,381,098,125 : 66%
2022-03-21 12:37:29 : 155,800,000 : 0 : 16,391,453,050 : 66%
2022-03-21 12:57:28 : 155,900,000 : 0 : 16,401,939,050 : 66%
2022-03-21 13:16:50 : 156,000,000 : 0 : 16,412,425,050 : 66%
2022-03-21 13:35:06 : 156,100,000 : 0 : 16,422,911,050 : 66%
2022-03-21 13:52:54 : 156,200,000 : 0 : 16,433,528,125 : 66%
2022-03-21 14:09:53 : 156,300,000 : 0 : 16,454,631,200 : 66%
2022-03-21 14:26:15 : 156,400,000 : 0 : 16,465,117,200 : 66%
2022-03-21 14:42:09 : 156,500,000 : 0 : 16,475,734,275 : 66%
2022-03-21 14:57:41 : 156,600,000 : 0 : 16,486,351,350 : 66%
2022-03-21 15:13:17 : 156,700,000 : 0 : 16,496,968,425 : 66%
2022-03-21 15:28:32 : 156,800,000 : 0 : 16,507,585,500 : 66%
2022-03-21 15:43:36 : 156,900,000 : 0 : 16,518,071,500 : 66%
2022-03-21 15:58:14 : 157,000,000 : 0 : 16,528,688,575 : 66%
2022-03-21 16:12:48 : 157,100,000 : 0 : 16,539,174,575 : 66%
2022-03-21 16:27:08 : 157,200,000 : 0 : 16,549,660,575 : 66%
2022-03-21 16:41:26 : 157,300,000 : 0 : 16,560,146,575 : 66%
2022-03-21 16:55:42 : 157,400,000 : 0 : 16,570,763,650 : 66%
2022-03-21 17:10:11 : 157,500,000 : 0 : 16,581,249,650 : 66%
2022-03-21 17:24:44 : 157,600,000 : 0 : 16,591,735,650 : 66%
2022-03-21 17:39:10 : 157,700,000 : 0 : 16,602,221,650 : 66%
2022-03-21 17:53:26 : 157,800,000 : 0 : 16,612,838,725 : 66%
2022-03-21 18:07:36 : 157,900,000 : 0 : 16,623,193,650 : 66%
2022-03-21 18:21:52 : 158,000,000 : 0 : 16,633,548,575 : 67%
2022-03-21 18:36:13 : 158,100,000 : 0 : 16,644,034,575 : 67%
2022-03-21 18:50:42 : 158,200,000 : 0 : 16,654,520,575 : 67%
2022-03-21 19:05:07 : 158,300,000 : 0 : 16,665,006,575 : 67%
2022-03-21 19:20:09 : 158,400,000 : 0 : 16,675,492,575 : 67%
2022-03-21 19:35:49 : 158,500,000 : 0 : 16,686,109,650 : 67%
2022-03-21 19:51:00 : 158,600,000 : 0 : 16,707,081,650 : 67%
2022-03-21 20:05:09 : 158,700,000 : 0 : 16,717,436,575 : 67%
2022-03-21 20:19:45 : 158,800,000 : 0 : 16,728,053,650 : 67%
2022-03-21 20:34:28 : 158,900,000 : 0 : 16,738,408,575 : 67%
2022-03-21 20:49:15 : 159,000,000 : 0 : 16,748,894,575 : 67%
2022-03-21 21:04:19 : 159,100,000 : 0 : 16,759,511,650 : 67%
2022-03-21 21:21:31 : 159,200,000 : 0 : 16,769,997,650 : 67%
2022-03-21 21:37:01 : 159,300,000 : 0 : 16,780,352,575 : 67%
2022-03-21 21:52:40 : 159,400,000 : 0 : 16,790,707,500 : 67%
2022-03-21 22:08:44 : 159,500,000 : 0 : 16,801,062,425 : 67%
2022-03-21 22:24:20 : 159,600,000 : 0 : 16,811,548,425 : 67%
2022-03-21 22:39:54 : 159,700,000 : 0 : 16,821,772,275 : 67%
2022-03-21 22:55:43 : 159,800,000 : 0 : 16,832,127,200 : 67%
2022-03-21 23:11:45 : 159,900,000 : 0 : 16,842,482,125 : 67%
2022-03-21 23:27:38 : 160,000,000 : 0 : 16,852,705,975 : 67%
2022-03-21 23:43:56 : 160,100,000 : 0 : 16,863,060,900 : 67%
2022-03-22 00:00:23 : 160,200,000 : 0 : 16,873,284,750 : 67%
2022-03-22 00:16:53 : 160,300,000 : 0 : 16,883,508,600 : 68%
2022-03-22 00:33:26 : 160,400,000 : 0 : 16,893,732,450 : 68%
2022-03-22 00:50:08 : 160,500,000 : 0 : 16,903,825,225 : 68%
2022-03-22 01:06:50 : 160,600,000 : 0 : 16,914,049,075 : 68%
2022-03-22 01:23:42 : 160,700,000 : 0 : 16,924,141,850 : 68%
2022-03-22 01:40:35 : 160,800,000 : 0 : 16,934,103,550 : 68%
2022-03-22 01:57:05 : 160,900,000 : 0 : 16,954,158,025 : 68%
2022-03-22 02:14:21 : 161,000,000 : 0 : 16,964,119,725 : 68%
2022-03-22 02:31:42 : 161,100,000 : 0 : 16,974,212,500 : 68%
2022-03-22 02:49:32 : 161,200,000 : 0 : 16,984,305,275 : 68%
2022-03-22 03:08:10 : 161,300,000 : 0 : 16,994,266,975 : 68%
2022-03-22 03:27:29 : 161,400,000 : 0 : 17,004,359,750 : 68%
2022-03-22 03:47:53 : 161,500,000 : 0 : 17,014,583,600 : 68%
2022-03-22 04:09:17 : 161,600,000 : 0 : 17,024,676,375 : 68%
2022-03-22 04:31:52 : 161,700,000 : 0 : 17,034,769,150 : 68%
2022-03-22 04:55:57 : 161,800,000 : 0 : 17,044,861,925 : 68%
2022-03-22 05:21:45 : 161,900,000 : 0 : 17,054,954,700 : 68%
2022-03-22 05:49:04 : 162,000,000 : 0 : 17,065,047,475 : 68%
2022-03-22 06:17:47 : 162,100,000 : 0 : 17,075,140,250 : 68%
2022-03-22 06:47:49 : 162,200,000 : 0 : 17,085,233,025 : 68%
2022-03-22 07:19:14 : 162,300,000 : 0 : 17,095,456,875 : 68%
2022-03-22 07:52:02 : 162,400,000 : 0 : 17,105,680,725 : 68%
2022-03-22 08:25:18 : 162,500,000 : 0 : 17,115,904,575 : 68%
2022-03-22 08:58:56 : 162,600,000 : 0 : 17,125,997,350 : 69%
2022-03-22 09:32:24 : 162,700,000 : 0 : 17,136,352,275 : 69%
2022-03-22 10:03:56 : 162,800,000 : 0 : 17,146,576,125 : 69%
2022-03-22 10:34:08 : 162,900,000 : 0 : 17,156,799,975 : 69%
2022-03-22 11:02:14 : 163,000,000 : 0 : 17,167,154,900 : 69%
2022-03-22 11:27:38 : 163,100,000 : 0 : 17,177,378,750 : 69%
2022-03-22 11:51:10 : 163,200,000 : 0 : 17,187,733,675 : 69%
2022-03-22 12:13:02 : 163,300,000 : 0 : 17,197,957,525 : 69%
2022-03-22 12:33:37 : 163,400,000 : 0 : 17,208,443,525 : 69%
2022-03-22 12:52:56 : 163,500,000 : 0 : 17,229,415,525 : 69%
2022-03-22 13:11:29 : 163,600,000 : 0 : 17,239,901,525 : 69%
2022-03-22 13:29:23 : 163,700,000 : 0 : 17,250,518,600 : 69%
2022-03-22 13:46:23 : 163,800,000 : 0 : 17,261,135,675 : 69%
2022-03-22 14:02:46 : 163,900,000 : 0 : 17,271,752,750 : 69%
2022-03-22 14:18:42 : 164,000,000 : 0 : 17,282,369,825 : 69%
2022-03-22 14:34:21 : 164,100,000 : 0 : 17,292,986,900 : 69%
2022-03-22 14:49:35 : 164,200,000 : 0 : 17,303,603,975 : 69%
2022-03-22 15:04:31 : 164,300,000 : 0 : 17,314,221,050 : 69%
2022-03-22 15:19:17 : 164,400,000 : 0 : 17,324,838,125 : 69%
2022-03-22 15:33:59 : 164,500,000 : 0 : 17,335,586,275 : 69%
2022-03-22 15:48:38 : 164,600,000 : 0 : 17,346,334,425 : 69%
2022-03-22 16:03:00 : 164,700,000 : 0 : 17,356,951,500 : 69%
2022-03-22 16:17:25 : 164,800,000 : 0 : 17,367,568,575 : 69%
2022-03-22 16:31:38 : 164,900,000 : 0 : 17,378,185,650 : 70%
2022-03-22 16:45:42 : 165,000,000 : 0 : 17,388,802,725 : 70%
2022-03-22 16:59:43 : 165,100,000 : 0 : 17,399,419,800 : 70%
2022-03-22 17:13:46 : 165,200,000 : 0 : 17,409,905,800 : 70%
2022-03-22 17:27:46 : 165,300,000 : 0 : 17,420,522,875 : 70%
2022-03-22 17:41:56 : 165,400,000 : 0 : 17,431,139,950 : 70%
2022-03-22 17:56:04 : 165,500,000 : 0 : 17,441,757,025 : 70%
2022-03-22 18:10:19 : 165,600,000 : 0 : 17,452,243,025 : 70%
2022-03-22 18:24:23 : 165,700,000 : 0 : 17,473,215,025 : 70%
2022-03-22 18:38:39 : 165,800,000 : 0 : 17,483,832,100 : 70%
2022-03-22 18:52:55 : 165,900,000 : 0 : 17,494,318,100 : 70%
2022-03-22 19:07:25 : 166,000,000 : 0 : 17,504,804,100 : 70%
2022-03-22 19:21:47 : 166,100,000 : 0 : 17,515,159,025 : 70%
2022-03-22 19:36:10 : 166,200,000 : 0 : 17,525,645,025 : 70%
2022-03-22 19:50:18 : 166,300,000 : 0 : 17,536,131,025 : 70%
2022-03-22 20:04:26 : 166,400,000 : 0 : 17,546,485,950 : 70%
2022-03-22 20:18:49 : 166,500,000 : 0 : 17,556,971,950 : 70%
2022-03-22 20:33:15 : 166,600,000 : 0 : 17,567,457,950 : 70%
2022-03-22 20:47:49 : 166,700,000 : 0 : 17,577,943,950 : 70%
2022-03-22 21:02:06 : 166,800,000 : 0 : 17,588,429,950 : 70%
2022-03-22 21:16:51 : 166,900,000 : 0 : 17,598,915,950 : 70%
2022-03-22 21:31:33 : 167,000,000 : 0 : 17,609,270,875 : 70%
2022-03-22 21:46:26 : 167,100,000 : 0 : 17,619,625,800 : 70%
2022-03-22 22:01:21 : 167,200,000 : 0 : 17,629,980,725 : 71%
2022-03-22 22:16:26 : 167,300,000 : 0 : 17,640,335,650 : 71%
2022-03-22 22:31:37 : 167,400,000 : 0 : 17,650,559,500 : 71%
2022-03-22 22:47:05 : 167,500,000 : 0 : 17,660,914,425 : 71%
2022-03-22 23:02:34 : 167,600,000 : 0 : 17,671,269,350 : 71%
2022-03-22 23:18:23 : 167,700,000 : 0 : 17,681,493,200 : 71%
2022-03-22 23:34:20 : 167,800,000 : 0 : 17,691,717,050 : 71%
2022-03-22 23:50:30 : 167,900,000 : 0 : 17,701,809,825 : 71%
2022-03-23 00:06:57 : 168,000,000 : 0 : 17,721,995,375 : 71%
2022-03-23 00:23:31 : 168,100,000 : 0 : 17,732,219,225 : 71%
2022-03-23 00:40:02 : 168,200,000 : 0 : 17,742,312,000 : 71%
2022-03-23 00:56:44 : 168,300,000 : 0 : 17,752,404,775 : 71%
2022-03-23 01:13:28 : 168,400,000 : 0 : 17,762,366,475 : 71%
2022-03-23 01:30:12 : 168,500,000 : 0 : 17,772,328,175 : 71%
2022-03-23 01:46:49 : 168,600,000 : 0 : 17,782,289,875 : 71%
2022-03-23 02:03:41 : 168,700,000 : 0 : 17,792,382,650 : 71%
2022-03-23 02:21:06 : 168,800,000 : 0 : 17,802,344,350 : 71%
2022-03-23 02:38:43 : 168,900,000 : 0 : 17,812,437,125 : 71%
2022-03-23 02:56:55 : 169,000,000 : 0 : 17,822,529,900 : 71%
2022-03-23 03:15:52 : 169,100,000 : 0 : 17,832,622,675 : 71%
2022-03-23 03:35:22 : 169,200,000 : 0 : 17,842,715,450 : 71%
2022-03-23 03:55:49 : 169,300,000 : 0 : 17,852,677,150 : 71%
2022-03-23 04:17:15 : 169,400,000 : 0 : 17,862,769,925 : 71%
2022-03-23 04:40:05 : 169,500,000 : 0 : 17,872,862,700 : 71%
2022-03-23 05:03:55 : 169,600,000 : 0 : 17,882,824,400 : 72%
2022-03-23 05:29:46 : 169,700,000 : 0 : 17,892,917,175 : 72%
2022-03-23 05:57:17 : 169,800,000 : 0 : 17,903,141,025 : 72%
2022-03-23 06:26:04 : 169,900,000 : 0 : 17,913,233,800 : 72%
2022-03-23 06:56:32 : 170,000,000 : 0 : 17,923,457,650 : 72%
2022-03-23 07:28:03 : 170,100,000 : 0 : 17,933,681,500 : 72%
2022-03-23 08:00:14 : 170,200,000 : 0 : 17,943,774,275 : 72%
2022-03-23 08:32:45 : 170,300,000 : 0 : 17,953,867,050 : 72%
2022-03-23 09:05:36 : 170,400,000 : 0 : 17,964,090,900 : 72%
2022-03-23 09:37:48 : 170,500,000 : 0 : 17,974,183,675 : 72%
2022-03-23 10:08:18 : 170,600,000 : 0 : 17,994,631,375 : 72%
2022-03-23 10:37:15 : 170,700,000 : 0 : 18,004,986,300 : 72%
2022-03-23 11:04:08 : 170,800,000 : 0 : 18,015,079,075 : 72%
2022-03-23 11:28:31 : 170,900,000 : 0 : 18,025,434,000 : 72%
2022-03-23 11:51:13 : 171,000,000 : 0 : 18,035,657,850 : 72%
2022-03-23 12:12:40 : 171,100,000 : 0 : 18,046,012,775 : 72%
2022-03-23 12:32:48 : 171,200,000 : 0 : 18,056,498,775 : 72%
2022-03-23 12:51:53 : 171,300,000 : 0 : 18,066,853,700 : 72%
2022-03-23 13:09:53 : 171,400,000 : 0 : 18,077,339,700 : 72%
2022-03-23 13:26:57 : 171,500,000 : 0 : 18,087,825,700 : 72%
2022-03-23 13:43:16 : 171,600,000 : 0 : 18,098,311,700 : 72%
2022-03-23 13:59:00 : 171,700,000 : 0 : 18,108,797,700 : 72%
2022-03-23 14:14:30 : 171,800,000 : 0 : 18,119,283,700 : 72%
2022-03-23 14:29:31 : 171,900,000 : 0 : 18,129,900,775 : 73%
2022-03-23 14:44:09 : 172,000,000 : 0 : 18,140,386,775 : 73%
2022-03-23 14:58:34 : 172,100,000 : 0 : 18,151,003,850 : 73%
2022-03-23 15:13:04 : 172,200,000 : 0 : 18,161,620,925 : 73%
2022-03-23 15:27:06 : 172,300,000 : 0 : 18,172,106,925 : 73%
2022-03-23 15:41:14 : 172,400,000 : 0 : 18,182,724,000 : 73%
2022-03-23 15:55:08 : 172,500,000 : 0 : 18,193,210,000 : 73%
2022-03-23 16:09:06 : 172,600,000 : 0 : 18,203,696,000 : 73%
2022-03-23 16:23:03 : 172,700,000 : 0 : 18,214,182,000 : 73%
2022-03-23 16:36:46 : 172,800,000 : 0 : 18,224,668,000 : 73%
2022-03-23 16:50:10 : 172,900,000 : 0 : 18,235,022,925 : 73%
2022-03-23 17:03:36 : 173,000,000 : 0 : 18,255,994,925 : 73%
2022-03-23 17:17:17 : 173,100,000 : 0 : 18,266,480,925 : 73%
2022-03-23 17:30:56 : 173,200,000 : 0 : 18,276,966,925 : 73%
2022-03-23 17:44:47 : 173,300,000 : 0 : 18,287,452,925 : 73%
2022-03-23 17:58:30 : 173,400,000 : 0 : 18,297,938,925 : 73%
2022-03-23 18:12:27 : 173,500,000 : 0 : 18,308,424,925 : 73%
2022-03-23 18:26:17 : 173,600,000 : 0 : 18,318,779,850 : 73%
2022-03-23 18:40:18 : 173,700,000 : 0 : 18,329,265,850 : 73%
2022-03-23 18:54:13 : 173,800,000 : 0 : 18,339,751,850 : 73%
2022-03-23 19:08:26 : 173,900,000 : 0 : 18,350,106,775 : 73%
2022-03-23 19:22:35 : 174,000,000 : 0 : 18,360,592,775 : 73%
2022-03-23 19:36:39 : 174,100,000 : 0 : 18,371,078,775 : 73%
2022-03-23 19:50:41 : 174,200,000 : 0 : 18,381,433,700 : 74%
2022-03-23 20:04:36 : 174,300,000 : 0 : 18,391,919,700 : 74%
2022-03-23 20:18:36 : 174,400,000 : 0 : 18,402,274,625 : 74%
2022-03-23 20:32:53 : 174,500,000 : 0 : 18,412,629,550 : 74%
2022-03-23 20:47:02 : 174,600,000 : 0 : 18,422,984,475 : 74%
2022-03-23 21:01:01 : 174,700,000 : 0 : 18,433,339,400 : 74%
2022-03-23 21:15:14 : 174,800,000 : 0 : 18,443,694,325 : 74%
2022-03-23 21:29:46 : 174,900,000 : 0 : 18,454,311,400 : 74%
2022-03-23 21:44:28 : 175,000,000 : 0 : 18,464,666,325 : 74%
2022-03-23 21:59:14 : 175,100,000 : 0 : 18,475,021,250 : 74%
2022-03-23 22:14:05 : 175,200,000 : 0 : 18,485,376,175 : 74%
2022-03-23 22:29:15 : 175,300,000 : 0 : 18,495,731,100 : 74%
2022-03-23 22:44:30 : 175,400,000 : 0 : 18,506,086,025 : 74%
2022-03-23 22:59:50 : 175,500,000 : 0 : 18,526,664,800 : 74%
2022-03-23 23:15:28 : 175,600,000 : 0 : 18,536,888,650 : 74%
2022-03-23 23:31:15 : 175,700,000 : 0 : 18,547,243,575 : 74%
2022-03-23 23:47:26 : 175,800,000 : 0 : 18,557,467,425 : 74%
2022-03-24 00:03:44 : 175,900,000 : 0 : 18,567,560,200 : 74%
2022-03-24 00:20:04 : 176,000,000 : 0 : 18,577,652,975 : 74%
2022-03-24 00:36:24 : 176,100,000 : 0 : 18,587,745,750 : 74%
2022-03-24 00:52:49 : 176,200,000 : 0 : 18,597,707,450 : 74%
2022-03-24 01:09:07 : 176,300,000 : 0 : 18,607,800,225 : 74%
2022-03-24 01:25:41 : 176,400,000 : 0 : 18,617,761,925 : 74%
2022-03-24 01:42:14 : 176,500,000 : 0 : 18,627,723,625 : 75%
2022-03-24 01:58:44 : 176,600,000 : 0 : 18,637,816,400 : 75%
2022-03-24 02:15:48 : 176,700,000 : 0 : 18,647,909,175 : 75%
2022-03-24 02:33:18 : 176,800,000 : 0 : 18,657,870,875 : 75%
2022-03-24 02:51:12 : 176,900,000 : 0 : 18,667,963,650 : 75%
2022-03-24 03:09:47 : 177,000,000 : 0 : 18,678,056,425 : 75%
2022-03-24 03:28:59 : 177,100,000 : 0 : 18,688,149,200 : 75%
2022-03-24 03:48:49 : 177,200,000 : 0 : 18,698,241,975 : 75%
2022-03-24 04:09:51 : 177,300,000 : 0 : 18,708,334,750 : 75%
2022-03-24 04:32:10 : 177,400,000 : 0 : 18,718,427,525 : 75%
2022-03-24 04:55:46 : 177,500,000 : 0 : 18,728,651,375 : 75%
2022-03-24 05:20:57 : 177,600,000 : 0 : 18,738,744,150 : 75%
2022-03-24 05:47:35 : 177,700,000 : 0 : 18,748,836,925 : 75%
2022-03-24 06:15:34 : 177,800,000 : 0 : 18,758,929,700 : 75%
2022-03-24 06:44:35 : 177,900,000 : 0 : 18,769,022,475 : 75%
2022-03-24 07:15:01 : 178,000,000 : 0 : 18,779,115,250 : 75%
2022-03-24 07:46:16 : 178,100,000 : 0 : 18,799,562,950 : 75%
2022-03-24 08:18:14 : 178,200,000 : 0 : 18,809,917,875 : 75%
2022-03-24 08:51:13 : 178,300,000 : 0 : 18,820,141,725 : 75%
2022-03-24 09:23:25 : 178,400,000 : 0 : 18,830,365,575 : 75%
2022-03-24 09:54:03 : 178,500,000 : 0 : 18,840,589,425 : 75%
2022-03-24 10:24:33 : 178,600,000 : 0 : 18,850,813,275 : 75%
2022-03-24 10:52:11 : 178,700,000 : 0 : 18,861,037,125 : 75%
2022-03-24 11:17:30 : 178,800,000 : 0 : 18,871,392,050 : 75%
2022-03-24 11:41:16 : 178,900,000 : 0 : 18,881,615,900 : 76%
2022-03-24 12:03:10 : 179,000,000 : 0 : 18,891,970,825 : 76%
2022-03-24 12:23:59 : 179,100,000 : 0 : 18,902,456,825 : 76%
2022-03-24 12:43:36 : 179,200,000 : 0 : 18,912,942,825 : 76%
2022-03-24 13:02:12 : 179,300,000 : 0 : 18,923,428,825 : 76%
2022-03-24 13:19:58 : 179,400,000 : 0 : 18,933,783,750 : 76%
2022-03-24 13:36:59 : 179,500,000 : 0 : 18,944,400,825 : 76%
2022-03-24 13:53:01 : 179,600,000 : 0 : 18,954,886,825 : 76%
2022-03-24 14:08:47 : 179,700,000 : 0 : 18,965,503,900 : 76%
2022-03-24 14:24:05 : 179,800,000 : 0 : 18,975,989,900 : 76%
2022-03-24 14:39:01 : 179,900,000 : 0 : 18,986,606,975 : 76%
2022-03-24 14:53:42 : 180,000,000 : 0 : 18,997,224,050 : 76%
2022-03-24 15:08:20 : 180,100,000 : 0 : 19,007,841,125 : 76%
2022-03-24 15:22:58 : 180,200,000 : 0 : 19,018,458,200 : 76%
2022-03-24 15:37:28 : 180,300,000 : 0 : 19,029,075,275 : 76%
2022-03-24 15:51:50 : 180,400,000 : 0 : 19,039,692,350 : 76%
2022-03-24 16:06:02 : 180,500,000 : 0 : 19,060,926,500 : 76%
2022-03-24 16:20:16 : 180,600,000 : 0 : 19,071,543,575 : 76%
2022-03-24 16:34:15 : 180,700,000 : 0 : 19,082,029,575 : 76%
2022-03-24 16:48:16 : 180,800,000 : 0 : 19,092,646,650 : 76%
2022-03-24 17:02:21 : 180,900,000 : 0 : 19,103,263,725 : 76%
2022-03-24 17:16:48 : 181,000,000 : 0 : 19,113,880,800 : 76%
2022-03-24 17:30:55 : 181,100,000 : 0 : 19,124,497,875 : 77%
2022-03-24 17:45:09 : 181,200,000 : 0 : 19,134,983,875 : 77%
2022-03-24 17:59:28 : 181,300,000 : 0 : 19,145,600,950 : 77%
2022-03-24 18:13:59 : 181,400,000 : 0 : 19,156,218,025 : 77%
2022-03-24 18:28:23 : 181,500,000 : 0 : 19,166,835,100 : 77%
2022-03-24 18:42:53 : 181,600,000 : 0 : 19,177,321,100 : 77%
2022-03-24 18:57:21 : 181,700,000 : 0 : 19,187,807,100 : 77%
2022-03-24 19:11:50 : 181,800,000 : 0 : 19,198,293,100 : 77%
2022-03-24 19:26:29 : 181,900,000 : 0 : 19,208,779,100 : 77%
2022-03-24 19:41:06 : 182,000,000 : 0 : 19,219,265,100 : 77%
2022-03-24 19:55:23 : 182,100,000 : 0 : 19,229,620,025 : 77%
2022-03-24 20:09:45 : 182,200,000 : 0 : 19,239,974,950 : 77%
2022-03-24 20:24:06 : 182,300,000 : 0 : 19,250,460,950 : 77%
2022-03-24 20:38:33 : 182,400,000 : 0 : 19,260,946,950 : 77%
2022-03-24 20:53:05 : 182,500,000 : 0 : 19,271,301,875 : 77%
2022-03-24 21:07:46 : 182,600,000 : 0 : 19,281,787,875 : 77%
2022-03-24 21:22:18 : 182,700,000 : 0 : 19,292,142,800 : 77%
2022-03-24 21:37:17 : 182,800,000 : 0 : 19,312,852,650 : 77%
2022-03-24 21:52:11 : 182,900,000 : 0 : 19,323,207,575 : 77%
2022-03-24 22:07:17 : 183,000,000 : 0 : 19,333,300,350 : 77%
2022-03-24 22:22:08 : 183,100,000 : 0 : 19,343,524,200 : 77%
2022-03-24 22:37:37 : 183,200,000 : 0 : 19,353,748,050 : 77%
2022-03-24 22:53:31 : 183,300,000 : 0 : 19,364,102,975 : 77%
2022-03-24 23:09:31 : 183,400,000 : 0 : 19,374,195,750 : 77%
2022-03-24 23:25:27 : 183,500,000 : 0 : 19,384,288,525 : 78%
2022-03-24 23:41:43 : 183,600,000 : 0 : 19,394,381,300 : 78%
2022-03-24 23:58:06 : 183,700,000 : 0 : 19,404,605,150 : 78%
2022-03-25 00:14:33 : 183,800,000 : 0 : 19,414,566,850 : 78%
2022-03-25 00:31:01 : 183,900,000 : 0 : 19,424,659,625 : 78%
2022-03-25 00:47:37 : 184,000,000 : 0 : 19,434,490,250 : 78%
2022-03-25 01:04:05 : 184,100,000 : 0 : 19,444,451,950 : 78%
2022-03-25 01:20:36 : 184,200,000 : 0 : 19,454,282,575 : 78%
2022-03-25 01:37:05 : 184,300,000 : 0 : 19,464,113,200 : 78%
2022-03-25 01:53:24 : 184,400,000 : 0 : 19,473,943,825 : 78%
2022-03-25 02:10:10 : 184,500,000 : 0 : 19,483,905,525 : 78%
2022-03-25 02:27:04 : 184,600,000 : 0 : 19,493,736,150 : 78%
2022-03-25 02:43:55 : 184,700,000 : 0 : 19,503,566,775 : 78%
2022-03-25 03:01:23 : 184,800,000 : 0 : 19,513,397,400 : 78%
2022-03-25 03:19:33 : 184,900,000 : 0 : 19,523,359,100 : 78%
2022-03-25 03:37:51 : 185,000,000 : 0 : 19,533,058,650 : 78%
2022-03-25 03:56:50 : 185,100,000 : 0 : 19,542,889,275 : 78%
2022-03-25 04:16:58 : 185,200,000 : 0 : 19,552,719,900 : 78%
2022-03-25 04:38:18 : 185,300,000 : 0 : 19,562,550,525 : 78%
2022-03-25 05:01:38 : 185,400,000 : 0 : 19,582,736,075 : 78%
2022-03-25 05:26:38 : 185,500,000 : 0 : 19,592,828,850 : 78%
2022-03-25 05:53:17 : 185,600,000 : 0 : 19,603,052,700 : 78%
2022-03-25 06:21:29 : 185,700,000 : 0 : 19,613,145,475 : 78%
2022-03-25 06:50:45 : 185,800,000 : 0 : 19,623,238,250 : 78%
2022-03-25 07:20:52 : 185,900,000 : 0 : 19,633,331,025 : 79%
2022-03-25 07:51:40 : 186,000,000 : 0 : 19,643,554,875 : 79%
2022-03-25 08:23:42 : 186,100,000 : 0 : 19,653,647,650 : 79%
2022-03-25 08:55:42 : 186,200,000 : 0 : 19,663,871,500 : 79%
2022-03-25 09:27:28 : 186,300,000 : 0 : 19,673,964,275 : 79%
2022-03-25 09:58:17 : 186,400,000 : 0 : 19,684,188,125 : 79%
2022-03-25 10:27:43 : 186,500,000 : 0 : 19,694,411,975 : 79%
2022-03-25 10:55:13 : 186,600,000 : 0 : 19,704,504,750 : 79%
2022-03-25 11:20:44 : 186,700,000 : 0 : 19,714,728,600 : 79%
2022-03-25 11:44:15 : 186,800,000 : 0 : 19,725,083,525 : 79%
2022-03-25 12:06:11 : 186,900,000 : 0 : 19,735,307,375 : 79%
2022-03-25 12:26:51 : 187,000,000 : 0 : 19,745,662,300 : 79%
2022-03-25 12:46:27 : 187,100,000 : 0 : 19,756,148,300 : 79%
2022-03-25 13:05:03 : 187,200,000 : 0 : 19,766,503,225 : 79%
2022-03-25 13:22:53 : 187,300,000 : 0 : 19,776,989,225 : 79%
2022-03-25 13:39:57 : 187,400,000 : 0 : 19,787,344,150 : 79%
2022-03-25 13:56:16 : 187,500,000 : 0 : 19,797,830,150 : 79%
2022-03-25 14:12:08 : 187,600,000 : 0 : 19,808,316,150 : 79%
2022-03-25 14:27:32 : 187,700,000 : 0 : 19,818,802,150 : 79%
2022-03-25 14:42:37 : 187,800,000 : 0 : 19,829,288,150 : 79%
2022-03-25 14:57:22 : 187,900,000 : 0 : 19,839,774,150 : 79%
2022-03-25 15:12:09 : 188,000,000 : 0 : 19,860,746,150 : 79%
2022-03-25 15:26:46 : 188,100,000 : 0 : 19,871,363,225 : 79%
2022-03-25 15:41:12 : 188,200,000 : 0 : 19,881,849,225 : 80%
2022-03-25 15:55:29 : 188,300,000 : 0 : 19,892,466,300 : 80%
2022-03-25 16:09:47 : 188,400,000 : 0 : 19,902,952,300 : 80%
2022-03-25 16:24:00 : 188,500,000 : 0 : 19,913,438,300 : 80%
2022-03-25 16:38:17 : 188,600,000 : 0 : 19,924,055,375 : 80%
2022-03-25 16:52:31 : 188,700,000 : 0 : 19,934,672,450 : 80%
2022-03-25 17:06:48 : 188,800,000 : 0 : 19,945,027,375 : 80%
2022-03-25 17:21:04 : 188,900,000 : 0 : 19,955,513,375 : 80%
2022-03-25 17:35:33 : 189,000,000 : 0 : 19,965,999,375 : 80%
2022-03-25 17:49:53 : 189,100,000 : 0 : 19,976,485,375 : 80%
2022-03-25 18:04:20 : 189,200,000 : 0 : 19,986,840,300 : 80%
2022-03-25 18:19:06 : 189,300,000 : 0 : 19,997,195,225 : 80%
2022-03-25 18:33:43 : 189,400,000 : 0 : 20,007,681,225 : 80%
2022-03-25 18:48:19 : 189,500,000 : 0 : 20,018,036,150 : 80%
2022-03-25 19:03:06 : 189,600,000 : 0 : 20,028,391,075 : 80%
2022-03-25 19:18:16 : 189,700,000 : 0 : 20,038,746,000 : 80%
2022-03-25 19:33:26 : 189,800,000 : 0 : 20,049,100,925 : 80%
2022-03-25 19:48:28 : 189,900,000 : 0 : 20,059,324,775 : 80%
2022-03-25 20:03:11 : 190,000,000 : 0 : 20,069,548,625 : 80%
2022-03-25 20:18:08 : 190,100,000 : 0 : 20,079,903,550 : 80%
2022-03-25 20:33:11 : 190,200,000 : 0 : 20,090,258,475 : 80%
2022-03-25 20:48:17 : 190,300,000 : 0 : 20,100,482,325 : 80%
2022-03-25 21:03:38 : 190,400,000 : 0 : 20,121,061,100 : 80%
2022-03-25 21:19:13 : 190,500,000 : 0 : 20,131,416,025 : 81%
2022-03-25 21:34:55 : 190,600,000 : 0 : 20,141,770,950 : 81%
2022-03-25 21:50:57 : 190,700,000 : 0 : 20,151,994,800 : 81%
2022-03-25 22:07:08 : 190,800,000 : 0 : 20,162,218,650 : 81%
2022-03-25 22:23:37 : 190,900,000 : 0 : 20,172,573,575 : 81%
2022-03-25 22:40:10 : 191,000,000 : 0 : 20,182,666,350 : 81%
2022-03-25 22:56:35 : 191,100,000 : 0 : 20,192,890,200 : 81%
2022-03-25 23:13:17 : 191,200,000 : 0 : 20,202,982,975 : 81%
2022-03-25 23:30:06 : 191,300,000 : 0 : 20,213,075,750 : 81%
2022-03-25 23:47:09 : 191,400,000 : 0 : 20,223,037,450 : 81%
2022-03-26 00:04:34 : 191,500,000 : 0 : 20,232,999,150 : 81%
2022-03-26 00:22:16 : 191,600,000 : 0 : 20,242,960,850 : 81%
2022-03-26 00:40:05 : 191,700,000 : 0 : 20,252,922,550 : 81%
2022-03-26 00:58:01 : 191,800,000 : 0 : 20,262,753,175 : 81%
2022-03-26 01:15:43 : 191,900,000 : 0 : 20,272,583,800 : 81%
2022-03-26 01:33:14 : 192,000,000 : 0 : 20,282,283,350 : 81%
2022-03-26 01:51:12 : 192,100,000 : 0 : 20,292,113,975 : 81%
2022-03-26 02:09:49 : 192,200,000 : 0 : 20,301,944,600 : 81%
2022-03-26 02:28:34 : 192,300,000 : 0 : 20,311,775,225 : 81%
2022-03-26 02:47:42 : 192,400,000 : 0 : 20,321,736,925 : 81%
2022-03-26 03:07:30 : 192,500,000 : 0 : 20,331,567,550 : 81%
2022-03-26 03:27:49 : 192,600,000 : 0 : 20,341,529,250 : 81%
2022-03-26 03:48:27 : 192,700,000 : 0 : 20,351,228,800 : 81%
2022-03-26 04:09:41 : 192,800,000 : 0 : 20,361,059,425 : 81%
2022-03-26 04:32:09 : 192,900,000 : 0 : 20,370,890,050 : 81%
2022-03-26 04:55:51 : 193,000,000 : 0 : 20,380,720,675 : 82%
2022-03-26 05:21:28 : 193,100,000 : 0 : 20,400,513,000 : 82%
2022-03-26 05:48:41 : 193,200,000 : 0 : 20,410,474,700 : 82%
2022-03-26 06:17:40 : 193,300,000 : 0 : 20,420,436,400 : 82%
2022-03-26 06:47:35 : 193,400,000 : 0 : 20,430,398,100 : 82%
2022-03-26 07:19:30 : 193,500,000 : 0 : 20,440,359,800 : 82%
2022-03-26 07:52:24 : 193,600,000 : 0 : 20,450,321,500 : 82%
2022-03-26 08:25:56 : 193,700,000 : 0 : 20,460,283,200 : 82%
2022-03-26 08:59:09 : 193,800,000 : 0 : 20,470,244,900 : 82%
2022-03-26 09:32:18 : 193,900,000 : 0 : 20,480,337,675 : 82%
2022-03-26 10:04:57 : 194,000,000 : 0 : 20,490,299,375 : 82%
2022-03-26 10:36:45 : 194,100,000 : 0 : 20,500,261,075 : 82%
2022-03-26 11:07:46 : 194,200,000 : 0 : 20,510,353,850 : 82%
2022-03-26 11:36:05 : 194,300,000 : 0 : 20,520,446,625 : 82%
2022-03-26 12:02:31 : 194,400,000 : 0 : 20,530,670,475 : 82%
2022-03-26 12:26:48 : 194,500,000 : 0 : 20,540,894,325 : 82%
2022-03-26 12:49:16 : 194,600,000 : 0 : 20,551,118,175 : 82%
2022-03-26 13:10:32 : 194,700,000 : 0 : 20,561,342,025 : 82%
2022-03-26 13:31:01 : 194,800,000 : 0 : 20,571,696,950 : 82%
2022-03-26 13:50:07 : 194,900,000 : 0 : 20,581,920,800 : 82%
2022-03-26 14:08:13 : 195,000,000 : 0 : 20,592,013,575 : 82%
2022-03-26 14:25:42 : 195,100,000 : 0 : 20,602,368,500 : 82%
2022-03-26 14:42:43 : 195,200,000 : 0 : 20,612,592,350 : 82%
2022-03-26 14:59:11 : 195,300,000 : 0 : 20,622,947,275 : 82%
2022-03-26 15:15:34 : 195,400,000 : 0 : 20,633,302,200 : 83%
2022-03-26 15:31:53 : 195,500,000 : 0 : 20,643,657,125 : 83%
2022-03-26 15:48:08 : 195,600,000 : 0 : 20,654,012,050 : 83%
2022-03-26 16:04:25 : 195,700,000 : 0 : 20,664,235,900 : 83%
2022-03-26 16:20:27 : 195,800,000 : 0 : 20,684,945,750 : 83%
2022-03-26 16:36:30 : 195,900,000 : 0 : 20,695,169,600 : 83%
2022-03-26 16:52:21 : 196,000,000 : 0 : 20,705,393,450 : 83%
2022-03-26 17:08:13 : 196,100,000 : 0 : 20,715,486,225 : 83%
2022-03-26 17:23:56 : 196,200,000 : 0 : 20,725,447,925 : 83%
2022-03-26 17:39:05 : 196,300,000 : 0 : 20,735,409,625 : 83%
2022-03-26 17:54:24 : 196,400,000 : 0 : 20,745,240,250 : 83%
2022-03-26 18:09:54 : 196,500,000 : 0 : 20,755,333,025 : 83%
2022-03-26 18:25:59 : 196,600,000 : 0 : 20,765,425,800 : 83%
2022-03-26 18:42:14 : 196,700,000 : 0 : 20,775,518,575 : 83%
2022-03-26 18:58:55 : 196,800,000 : 0 : 20,785,611,350 : 83%
2022-03-26 19:15:35 : 196,900,000 : 0 : 20,795,573,050 : 83%
2022-03-26 19:32:12 : 197,000,000 : 0 : 20,805,665,825 : 83%
2022-03-26 19:48:48 : 197,100,000 : 0 : 20,815,758,600 : 83%
2022-03-26 20:05:22 : 197,200,000 : 0 : 20,825,982,450 : 83%
2022-03-26 20:22:09 : 197,300,000 : 0 : 20,836,075,225 : 83%
2022-03-26 20:38:40 : 197,400,000 : 0 : 20,846,168,000 : 83%
2022-03-26 20:55:00 : 197,500,000 : 0 : 20,856,129,700 : 83%
2022-03-26 21:11:23 : 197,600,000 : 0 : 20,866,091,400 : 83%
2022-03-26 21:28:00 : 197,700,000 : 0 : 20,876,053,100 : 84%
2022-03-26 21:44:40 : 197,800,000 : 0 : 20,886,014,800 : 84%
2022-03-26 22:01:46 : 197,900,000 : 0 : 20,896,107,575 : 84%
Decoding error with 134,217,728 bytes, reading another chunk
2022-03-26 22:19:15 : 198,000,000 : 0 : 20,916,162,050 : 84%
2022-03-26 22:36:33 : 198,100,000 : 0 : 20,916,162,050 : 84%
2022-03-26 22:53:56 : 198,200,000 : 0 : 20,926,123,750 : 84%
2022-03-26 23:11:13 : 198,300,000 : 0 : 20,935,954,375 : 84%
2022-03-26 23:28:38 : 198,400,000 : 0 : 20,955,877,775 : 84%
2022-03-26 23:46:26 : 198,500,000 : 0 : 20,965,839,475 : 84%
2022-03-27 00:04:37 : 198,600,000 : 0 : 20,975,670,100 : 84%
2022-03-27 00:22:49 : 198,700,000 : 0 : 20,985,500,725 : 84%
2022-03-27 00:41:07 : 198,800,000 : 0 : 20,995,462,425 : 84%
2022-03-27 00:59:16 : 198,900,000 : 0 : 21,005,161,975 : 84%
2022-03-27 01:17:37 : 199,000,000 : 0 : 21,014,861,525 : 84%
2022-03-27 01:36:00 : 199,100,000 : 0 : 21,024,692,150 : 84%
2022-03-27 01:54:14 : 199,200,000 : 0 : 21,034,391,700 : 84%
2022-03-27 02:13:02 : 199,300,000 : 0 : 21,044,353,400 : 84%
2022-03-27 02:32:10 : 199,400,000 : 0 : 21,054,052,950 : 84%
2022-03-27 02:51:33 : 199,500,000 : 0 : 21,063,883,575 : 84%
2022-03-27 03:11:37 : 199,600,000 : 0 : 21,073,845,275 : 84%
2022-03-27 03:32:29 : 199,700,000 : 0 : 21,083,675,900 : 84%
2022-03-27 03:53:44 : 199,800,000 : 0 : 21,093,506,525 : 84%
2022-03-27 04:16:10 : 199,900,000 : 0 : 21,103,468,225 : 84%
2022-03-27 04:39:20 : 200,000,000 : 0 : 21,113,167,775 : 84%
2022-03-27 05:03:22 : 200,100,000 : 0 : 21,123,129,475 : 84%
2022-03-27 05:29:20 : 200,200,000 : 0 : 21,133,091,175 : 85%
2022-03-27 05:56:36 : 200,300,000 : 0 : 21,142,921,800 : 85%
2022-03-27 06:25:41 : 200,400,000 : 0 : 21,152,883,500 : 85%
2022-03-27 06:55:36 : 200,500,000 : 0 : 21,162,714,125 : 85%
2022-03-27 07:26:25 : 200,600,000 : 0 : 21,172,675,825 : 85%
2022-03-27 07:58:34 : 200,700,000 : 0 : 21,182,506,450 : 85%
2022-03-27 08:31:00 : 200,800,000 : 0 : 21,192,468,150 : 85%
2022-03-27 09:03:26 : 200,900,000 : 0 : 21,202,298,775 : 85%
2022-03-27 09:35:46 : 201,000,000 : 0 : 21,212,260,475 : 85%
2022-03-27 10:07:44 : 201,100,000 : 0 : 21,222,222,175 : 85%
2022-03-27 10:39:17 : 201,200,000 : 0 : 21,232,052,800 : 85%
2022-03-27 11:09:46 : 201,300,000 : 0 : 21,241,883,425 : 85%
2022-03-27 11:38:37 : 201,400,000 : 0 : 21,261,806,825 : 85%
2022-03-27 12:05:08 : 201,500,000 : 0 : 21,271,899,600 : 85%
2022-03-27 12:29:31 : 201,600,000 : 0 : 21,281,992,375 : 85%
2022-03-27 12:51:45 : 201,700,000 : 0 : 21,292,085,150 : 85%
2022-03-27 13:13:00 : 201,800,000 : 0 : 21,302,177,925 : 85%
2022-03-27 13:33:13 : 201,900,000 : 0 : 21,312,270,700 : 85%
2022-03-27 13:52:05 : 202,000,000 : 0 : 21,322,363,475 : 85%
2022-03-27 14:10:08 : 202,100,000 : 0 : 21,332,587,325 : 85%
2022-03-27 14:27:49 : 202,200,000 : 0 : 21,342,811,175 : 85%
2022-03-27 14:44:58 : 202,300,000 : 0 : 21,353,035,025 : 85%
2022-03-27 15:01:20 : 202,400,000 : 0 : 21,363,258,875 : 85%
2022-03-27 15:17:32 : 202,500,000 : 0 : 21,373,482,725 : 85%
2022-03-27 15:33:28 : 202,600,000 : 0 : 21,383,837,650 : 86%
2022-03-27 15:49:19 : 202,700,000 : 0 : 21,394,192,575 : 86%
2022-03-27 16:04:54 : 202,800,000 : 0 : 21,404,416,425 : 86%
2022-03-27 16:20:24 : 202,900,000 : 0 : 21,414,771,350 : 86%
2022-03-27 16:35:59 : 203,000,000 : 0 : 21,424,995,200 : 86%
2022-03-27 16:51:28 : 203,100,000 : 0 : 21,435,219,050 : 86%
2022-03-27 17:06:48 : 203,200,000 : 0 : 21,445,442,900 : 86%
2022-03-27 17:22:15 : 203,300,000 : 0 : 21,455,535,675 : 86%
2022-03-27 17:37:16 : 203,400,000 : 0 : 21,465,497,375 : 86%
2022-03-27 17:52:21 : 203,500,000 : 0 : 21,475,459,075 : 86%
2022-03-27 18:07:34 : 203,600,000 : 0 : 21,485,551,850 : 86%
2022-03-27 18:22:44 : 203,700,000 : 0 : 21,495,382,475 : 86%
2022-03-27 18:37:40 : 203,800,000 : 0 : 21,515,436,950 : 86%
2022-03-27 18:52:51 : 203,900,000 : 0 : 21,525,529,725 : 86%
2022-03-27 19:08:29 : 204,000,000 : 0 : 21,535,753,575 : 86%
2022-03-27 19:24:18 : 204,100,000 : 0 : 21,545,977,425 : 86%
2022-03-27 19:40:17 : 204,200,000 : 0 : 21,556,070,200 : 86%
2022-03-27 19:56:18 : 204,300,000 : 0 : 21,566,294,050 : 86%
2022-03-27 20:12:52 : 204,400,000 : 0 : 21,576,386,825 : 86%
2022-03-27 20:29:39 : 204,500,000 : 0 : 21,586,479,600 : 86%
2022-03-27 20:46:19 : 204,600,000 : 0 : 21,596,703,450 : 86%
2022-03-27 21:03:19 : 204,700,000 : 0 : 21,606,796,225 : 86%
2022-03-27 21:20:30 : 204,800,000 : 0 : 21,616,889,000 : 86%
2022-03-27 21:38:03 : 204,900,000 : 0 : 21,626,981,775 : 87%
2022-03-27 21:55:36 : 205,000,000 : 0 : 21,636,943,475 : 87%
2022-03-27 22:13:40 : 205,100,000 : 0 : 21,647,036,250 : 87%
2022-03-27 22:32:10 : 205,200,000 : 0 : 21,656,997,950 : 87%
2022-03-27 22:50:41 : 205,300,000 : 0 : 21,666,828,575 : 87%
2022-03-27 23:08:58 : 205,400,000 : 0 : 21,676,790,275 : 87%
2022-03-27 23:26:08 : 205,500,000 : 0 : 21,686,489,825 : 87%
2022-03-27 23:43:35 : 205,600,000 : 0 : 21,696,451,525 : 87%
2022-03-28 00:01:06 : 205,700,000 : 0 : 21,706,282,150 : 87%
2022-03-28 00:18:42 : 205,800,000 : 0 : 21,716,112,775 : 87%
2022-03-28 00:36:03 : 205,900,000 : 0 : 21,725,812,325 : 87%
2022-03-28 00:53:48 : 206,000,000 : 0 : 21,735,642,950 : 87%
2022-03-28 01:11:34 : 206,100,000 : 0 : 21,745,473,575 : 87%
2022-03-28 01:29:46 : 206,200,000 : 0 : 21,755,304,200 : 87%
2022-03-28 01:47:41 : 206,300,000 : 0 : 21,765,003,750 : 87%
2022-03-28 02:05:47 : 206,400,000 : 0 : 21,774,965,450 : 87%
2022-03-28 02:24:24 : 206,500,000 : 0 : 21,794,626,700 : 87%
2022-03-28 02:43:03 : 206,600,000 : 0 : 21,804,326,250 : 87%
2022-03-28 03:02:02 : 206,700,000 : 0 : 21,814,025,800 : 87%
2022-03-28 03:21:11 : 206,800,000 : 0 : 21,823,594,275 : 87%
2022-03-28 03:40:49 : 206,900,000 : 0 : 21,833,293,825 : 87%
2022-03-28 04:01:02 : 207,000,000 : 0 : 21,842,862,300 : 87%
2022-03-28 04:22:01 : 207,100,000 : 0 : 21,852,692,925 : 87%
2022-03-28 04:43:55 : 207,200,000 : 0 : 21,862,523,550 : 87%
2022-03-28 05:06:45 : 207,300,000 : 0 : 21,872,354,175 : 87%
2022-03-28 05:31:02 : 207,400,000 : 0 : 21,882,315,875 : 88%
2022-03-28 05:56:23 : 207,500,000 : 0 : 21,892,146,500 : 88%
2022-03-28 06:23:35 : 207,600,000 : 0 : 21,902,239,275 : 88%
2022-03-28 06:51:57 : 207,700,000 : 0 : 21,912,200,975 : 88%
2022-03-28 07:21:53 : 207,800,000 : 0 : 21,922,162,675 : 88%
2022-03-28 07:53:28 : 207,900,000 : 0 : 21,932,255,450 : 88%
2022-03-28 08:26:29 : 208,000,000 : 0 : 21,942,348,225 : 88%
2022-03-28 09:00:04 : 208,100,000 : 0 : 21,952,441,000 : 88%
2022-03-28 09:33:24 : 208,200,000 : 0 : 21,962,533,775 : 88%
2022-03-28 10:05:08 : 208,300,000 : 0 : 21,972,626,550 : 88%
2022-03-28 10:35:52 : 208,400,000 : 0 : 21,982,850,400 : 88%
2022-03-28 11:04:24 : 208,500,000 : 0 : 21,992,943,175 : 88%
2022-03-28 11:30:46 : 208,600,000 : 0 : 22,003,035,950 : 88%
2022-03-28 11:55:11 : 208,700,000 : 0 : 22,013,128,725 : 88%
2022-03-28 12:17:53 : 208,800,000 : 0 : 22,023,352,575 : 88%
2022-03-28 12:39:16 : 208,900,000 : 0 : 22,033,707,500 : 88%
2022-03-28 12:59:14 : 209,000,000 : 0 : 22,043,931,350 : 88%
2022-03-28 13:18:27 : 209,100,000 : 0 : 22,054,155,200 : 88%
2022-03-28 13:36:38 : 209,200,000 : 0 : 22,064,510,125 : 88%
2022-03-28 13:54:02 : 209,300,000 : 0 : 22,085,088,900 : 88%
2022-03-28 14:10:44 : 209,400,000 : 0 : 22,095,574,900 : 88%
2022-03-28 14:27:00 : 209,500,000 : 0 : 22,105,929,825 : 88%
2022-03-28 14:42:48 : 209,600,000 : 0 : 22,116,415,825 : 88%
2022-03-28 14:58:16 : 209,700,000 : 0 : 22,126,770,750 : 89%
2022-03-28 15:13:41 : 209,800,000 : 0 : 22,137,256,750 : 89%
2022-03-28 15:28:54 : 209,900,000 : 0 : 22,147,611,675 : 89%
2022-03-28 15:43:51 : 210,000,000 : 0 : 22,158,097,675 : 89%
2022-03-28 15:58:38 : 210,100,000 : 0 : 22,168,583,675 : 89%
2022-03-28 16:13:28 : 210,200,000 : 0 : 22,179,069,675 : 89%
2022-03-28 16:28:13 : 210,300,000 : 0 : 22,189,555,675 : 89%
2022-03-28 16:42:53 : 210,400,000 : 0 : 22,200,041,675 : 89%
2022-03-28 16:57:31 : 210,500,000 : 0 : 22,210,527,675 : 89%
2022-03-28 17:12:10 : 210,600,000 : 0 : 22,221,013,675 : 89%
2022-03-28 17:27:03 : 210,700,000 : 0 : 22,231,368,600 : 89%
2022-03-28 17:42:03 : 210,800,000 : 0 : 22,241,854,600 : 89%
2022-03-28 17:57:16 : 210,900,000 : 0 : 22,252,340,600 : 89%
2022-03-28 18:12:38 : 211,000,000 : 0 : 22,262,695,525 : 89%
2022-03-28 18:27:53 : 211,100,000 : 0 : 22,273,050,450 : 89%
2022-03-28 18:43:22 : 211,200,000 : 0 : 22,283,536,450 : 89%
2022-03-28 18:58:44 : 211,300,000 : 0 : 22,294,022,450 : 89%
2022-03-28 19:14:01 : 211,400,000 : 0 : 22,304,246,300 : 89%
2022-03-28 19:29:19 : 211,500,000 : 0 : 22,314,601,225 : 89%
2022-03-28 19:44:32 : 211,600,000 : 0 : 22,335,442,150 : 89%
2022-03-28 19:59:31 : 211,700,000 : 0 : 22,345,797,075 : 89%
2022-03-28 20:14:36 : 211,800,000 : 0 : 22,356,152,000 : 89%
2022-03-28 20:29:41 : 211,900,000 : 0 : 22,366,638,000 : 89%
2022-03-28 20:44:45 : 212,000,000 : 0 : 22,376,730,775 : 90%
2022-03-28 20:59:25 : 212,100,000 : 0 : 22,387,216,775 : 90%
2022-03-28 21:15:03 : 212,200,000 : 0 : 22,397,309,550 : 90%
2022-03-28 21:31:02 : 212,300,000 : 0 : 22,407,533,400 : 90%
2022-03-28 21:47:46 : 212,400,000 : 0 : 22,417,888,325 : 90%
2022-03-28 22:06:06 : 212,500,000 : 0 : 22,428,112,175 : 90%
2022-03-28 22:24:28 : 212,600,000 : 0 : 22,438,336,025 : 90%
2022-03-28 22:42:41 : 212,700,000 : 0 : 22,448,559,875 : 90%
2022-03-28 23:00:48 : 212,800,000 : 0 : 22,458,652,650 : 90%
2022-03-28 23:19:18 : 212,900,000 : 0 : 22,468,876,500 : 90%
2022-03-28 23:38:14 : 213,000,000 : 0 : 22,479,100,350 : 90%
2022-03-28 23:57:42 : 213,100,000 : 0 : 22,489,193,125 : 90%
2022-03-29 00:17:04 : 213,200,000 : 0 : 22,499,023,750 : 90%
2022-03-29 00:35:15 : 213,300,000 : 0 : 22,509,116,525 : 90%
2022-03-29 00:53:14 : 213,400,000 : 0 : 22,519,078,225 : 90%
2022-03-29 01:11:05 : 213,500,000 : 0 : 22,528,908,850 : 90%
2022-03-29 01:28:52 : 213,600,000 : 0 : 22,538,739,475 : 90%
2022-03-29 01:46:31 : 213,700,000 : 0 : 22,548,701,175 : 90%
2022-03-29 02:04:04 : 213,800,000 : 0 : 22,558,531,800 : 90%
2022-03-29 02:21:43 : 213,900,000 : 0 : 22,568,362,425 : 90%
2022-03-29 02:40:01 : 214,000,000 : 0 : 22,578,324,125 : 90%
2022-03-29 02:58:54 : 214,100,000 : 0 : 22,588,285,825 : 90%
2022-03-29 03:18:25 : 214,200,000 : 0 : 22,608,340,300 : 90%
2022-03-29 03:38:51 : 214,300,000 : 0 : 22,618,433,075 : 90%
2022-03-29 04:00:08 : 214,400,000 : 0 : 22,628,525,850 : 91%
2022-03-29 04:22:26 : 214,500,000 : 0 : 22,638,487,550 : 91%
2022-03-29 04:45:44 : 214,600,000 : 0 : 22,648,580,325 : 91%
2022-03-29 05:10:07 : 214,700,000 : 0 : 22,658,542,025 : 91%
2022-03-29 05:35:40 : 214,800,000 : 0 : 22,668,503,725 : 91%
2022-03-29 06:02:38 : 214,900,000 : 0 : 22,678,596,500 : 91%
2022-03-29 06:31:36 : 215,000,000 : 0 : 22,688,689,275 : 91%
2022-03-29 07:01:27 : 215,100,000 : 0 : 22,698,913,125 : 91%
2022-03-29 07:32:34 : 215,200,000 : 0 : 22,709,136,975 : 91%
2022-03-29 08:05:16 : 215,300,000 : 0 : 22,719,360,825 : 91%
2022-03-29 08:38:36 : 215,400,000 : 0 : 22,729,584,675 : 91%
2022-03-29 09:11:37 : 215,500,000 : 0 : 22,739,808,525 : 91%
2022-03-29 09:44:06 : 215,600,000 : 0 : 22,749,901,300 : 91%
2022-03-29 10:15:18 : 215,700,000 : 0 : 22,760,125,150 : 91%
2022-03-29 10:44:06 : 215,800,000 : 0 : 22,770,349,000 : 91%
2022-03-29 11:10:55 : 215,900,000 : 0 : 22,780,441,775 : 91%
2022-03-29 11:35:36 : 216,000,000 : 0 : 22,790,665,625 : 91%
2022-03-29 11:58:24 : 216,100,000 : 0 : 22,801,020,550 : 91%
2022-03-29 12:19:35 : 216,200,000 : 0 : 22,811,244,400 : 91%
2022-03-29 12:39:33 : 216,300,000 : 0 : 22,821,599,325 : 91%
2022-03-29 12:58:17 : 216,400,000 : 0 : 22,832,085,325 : 91%
2022-03-29 13:16:30 : 216,500,000 : 0 : 22,842,440,250 : 91%
2022-03-29 13:33:42 : 216,600,000 : 0 : 22,852,795,175 : 91%
2022-03-29 13:49:38 : 216,700,000 : 0 : 22,863,150,100 : 91%
2022-03-29 14:05:19 : 216,800,000 : 0 : 22,883,859,950 : 92%
2022-03-29 14:20:39 : 216,900,000 : 0 : 22,894,345,950 : 92%
2022-03-29 14:35:47 : 217,000,000 : 0 : 22,904,831,950 : 92%
2022-03-29 14:50:44 : 217,100,000 : 0 : 22,915,317,950 : 92%
2022-03-29 15:05:18 : 217,200,000 : 0 : 22,925,672,875 : 92%
2022-03-29 15:19:47 : 217,300,000 : 0 : 22,936,158,875 : 92%
2022-03-29 15:34:13 : 217,400,000 : 0 : 22,946,644,875 : 92%
2022-03-29 15:48:30 : 217,500,000 : 0 : 22,957,130,875 : 92%
2022-03-29 16:02:38 : 217,600,000 : 0 : 22,967,616,875 : 92%
2022-03-29 16:16:45 : 217,700,000 : 0 : 22,978,102,875 : 92%
2022-03-29 16:30:43 : 217,800,000 : 0 : 22,988,588,875 : 92%
2022-03-29 16:44:37 : 217,900,000 : 0 : 22,999,074,875 : 92%
2022-03-29 16:58:26 : 218,000,000 : 0 : 23,009,560,875 : 92%
2022-03-29 17:12:22 : 218,100,000 : 0 : 23,020,046,875 : 92%
2022-03-29 17:26:11 : 218,200,000 : 0 : 23,030,532,875 : 92%
2022-03-29 17:40:08 : 218,300,000 : 0 : 23,040,887,800 : 92%
2022-03-29 17:54:12 : 218,400,000 : 0 : 23,051,373,800 : 92%
2022-03-29 18:08:15 : 218,500,000 : 0 : 23,061,728,725 : 92%
2022-03-29 18:22:07 : 218,600,000 : 0 : 23,071,952,575 : 92%
2022-03-29 18:36:08 : 218,700,000 : 0 : 23,082,307,500 : 92%
2022-03-29 18:50:06 : 218,800,000 : 0 : 23,092,662,425 : 92%
2022-03-29 19:04:12 : 218,900,000 : 0 : 23,102,886,275 : 92%
2022-03-29 19:18:31 : 219,000,000 : 0 : 23,123,596,125 : 92%
2022-03-29 19:32:41 : 219,100,000 : 0 : 23,133,951,050 : 93%
2022-03-29 19:46:55 : 219,200,000 : 0 : 23,144,305,975 : 93%
2022-03-29 20:00:44 : 219,300,000 : 0 : 23,154,529,825 : 93%
2022-03-29 20:14:49 : 219,400,000 : 0 : 23,164,884,750 : 93%
2022-03-29 20:28:43 : 219,500,000 : 0 : 23,175,239,675 : 93%
2022-03-29 20:42:53 : 219,600,000 : 0 : 23,185,463,525 : 93%
2022-03-29 20:57:06 : 219,700,000 : 0 : 23,195,818,450 : 93%
2022-03-29 21:11:38 : 219,800,000 : 0 : 23,206,173,375 : 93%
2022-03-29 21:26:25 : 219,900,000 : 0 : 23,216,528,300 : 93%
2022-03-29 21:41:29 : 220,000,000 : 0 : 23,226,752,150 : 93%
2022-03-29 21:56:33 : 220,100,000 : 0 : 23,236,976,000 : 93%
2022-03-29 22:11:47 : 220,200,000 : 0 : 23,247,199,850 : 93%
2022-03-29 22:27:13 : 220,300,000 : 0 : 23,257,423,700 : 93%
2022-03-29 22:43:05 : 220,400,000 : 0 : 23,267,778,625 : 93%
2022-03-29 22:59:17 : 220,500,000 : 0 : 23,278,133,550 : 93%
2022-03-29 23:15:41 : 220,600,000 : 0 : 23,288,357,400 : 93%
2022-03-29 23:32:04 : 220,700,000 : 0 : 23,298,450,175 : 93%
2022-03-29 23:48:45 : 220,800,000 : 0 : 23,308,542,950 : 93%
2022-03-30 00:05:39 : 220,900,000 : 0 : 23,318,504,650 : 93%
2022-03-30 00:22:51 : 221,000,000 : 0 : 23,328,597,425 : 93%
2022-03-30 00:39:52 : 221,100,000 : 0 : 23,338,559,125 : 93%
2022-03-30 00:56:43 : 221,200,000 : 0 : 23,348,520,825 : 93%
2022-03-30 01:13:49 : 221,300,000 : 0 : 23,368,575,300 : 93%
2022-03-30 01:30:44 : 221,400,000 : 0 : 23,378,405,925 : 94%
2022-03-30 01:47:26 : 221,500,000 : 0 : 23,388,498,700 : 94%
2022-03-30 02:04:35 : 221,600,000 : 0 : 23,398,460,400 : 94%
2022-03-30 02:22:08 : 221,700,000 : 0 : 23,408,422,100 : 94%
2022-03-30 02:39:43 : 221,800,000 : 0 : 23,418,514,875 : 94%
2022-03-30 02:57:46 : 221,900,000 : 0 : 23,428,476,575 : 94%
2022-03-30 03:16:18 : 222,000,000 : 0 : 23,438,438,275 : 94%
2022-03-30 03:35:32 : 222,100,000 : 0 : 23,448,399,975 : 94%
2022-03-30 03:55:07 : 222,200,000 : 0 : 23,458,361,675 : 94%
2022-03-30 04:16:04 : 222,300,000 : 0 : 23,468,323,375 : 94%
2022-03-30 04:37:45 : 222,400,000 : 0 : 23,478,285,075 : 94%
2022-03-30 05:00:19 : 222,500,000 : 0 : 23,488,377,850 : 94%
2022-03-30 05:24:18 : 222,600,000 : 0 : 23,498,470,625 : 94%
2022-03-30 05:49:39 : 222,700,000 : 0 : 23,508,563,400 : 94%
2022-03-30 06:16:51 : 222,800,000 : 0 : 23,518,656,175 : 94%
2022-03-30 06:45:11 : 222,900,000 : 0 : 23,528,880,025 : 94%
2022-03-30 07:14:43 : 223,000,000 : 0 : 23,539,103,875 : 94%
2022-03-30 07:45:51 : 223,100,000 : 0 : 23,549,327,725 : 94%
2022-03-30 08:17:41 : 223,200,000 : 0 : 23,559,551,575 : 94%
2022-03-30 08:49:56 : 223,300,000 : 0 : 23,569,775,425 : 94%
2022-03-30 09:22:31 : 223,400,000 : 0 : 23,579,999,275 : 94%
2022-03-30 09:54:25 : 223,500,000 : 0 : 23,590,223,125 : 94%
2022-03-30 10:24:37 : 223,600,000 : 0 : 23,600,578,050 : 94%
2022-03-30 10:52:03 : 223,700,000 : 0 : 23,610,670,825 : 94%
2022-03-30 11:17:36 : 223,800,000 : 0 : 23,620,894,675 : 94%
2022-03-30 11:40:59 : 223,900,000 : 0 : 23,641,473,450 : 95%
2022-03-30 12:02:50 : 224,000,000 : 0 : 23,651,828,375 : 95%
2022-03-30 12:23:25 : 224,100,000 : 0 : 23,662,314,375 : 95%
2022-03-30 12:43:02 : 224,200,000 : 0 : 23,672,800,375 : 95%
2022-03-30 13:01:30 : 224,300,000 : 0 : 23,683,155,300 : 95%
2022-03-30 13:19:19 : 224,400,000 : 0 : 23,693,772,375 : 95%
2022-03-30 13:36:18 : 224,500,000 : 0 : 23,704,258,375 : 95%
2022-03-30 13:52:38 : 224,600,000 : 0 : 23,714,744,375 : 95%
2022-03-30 14:08:42 : 224,700,000 : 0 : 23,725,361,450 : 95%
2022-03-30 14:24:11 : 224,800,000 : 0 : 23,735,978,525 : 95%
2022-03-30 14:39:16 : 224,900,000 : 0 : 23,746,464,525 : 95%
2022-03-30 14:54:04 : 225,000,000 : 0 : 23,757,081,600 : 95%
2022-03-30 15:08:54 : 225,100,000 : 0 : 23,767,829,750 : 95%
2022-03-30 15:23:40 : 225,200,000 : 0 : 23,778,315,750 : 95%
2022-03-30 15:38:28 : 225,300,000 : 0 : 23,788,801,750 : 95%
2022-03-30 15:53:16 : 225,400,000 : 0 : 23,799,418,825 : 95%
2022-03-30 16:08:14 : 225,500,000 : 0 : 23,810,166,975 : 95%
2022-03-30 16:22:57 : 225,600,000 : 0 : 23,820,652,975 : 95%
2022-03-30 16:37:28 : 225,700,000 : 0 : 23,831,270,050 : 95%
2022-03-30 16:51:51 : 225,800,000 : 0 : 23,841,756,050 : 95%
2022-03-30 17:06:18 : 225,900,000 : 0 : 23,852,373,125 : 95%
2022-03-30 17:20:52 : 226,000,000 : 0 : 23,873,476,200 : 95%
2022-03-30 17:35:14 : 226,100,000 : 0 : 23,883,962,200 : 96%
2022-03-30 17:49:34 : 226,200,000 : 0 : 23,894,448,200 : 96%
2022-03-30 18:03:58 : 226,300,000 : 0 : 23,904,934,200 : 96%
2022-03-30 18:18:27 : 226,400,000 : 0 : 23,915,420,200 : 96%
2022-03-30 18:32:55 : 226,500,000 : 0 : 23,925,906,200 : 96%
2022-03-30 18:47:31 : 226,600,000 : 0 : 23,936,523,275 : 96%
2022-03-30 19:01:52 : 226,700,000 : 0 : 23,947,009,275 : 96%
2022-03-30 19:16:21 : 226,800,000 : 0 : 23,957,364,200 : 96%
2022-03-30 19:30:33 : 226,900,000 : 0 : 23,967,850,200 : 96%
2022-03-30 19:45:01 : 227,000,000 : 0 : 23,978,336,200 : 96%
2022-03-30 19:59:25 : 227,100,000 : 0 : 23,988,691,125 : 96%
2022-03-30 20:13:45 : 227,200,000 : 0 : 23,999,177,125 : 96%
2022-03-30 20:28:18 : 227,300,000 : 0 : 24,009,663,125 : 96%
2022-03-30 20:42:51 : 227,400,000 : 0 : 24,020,149,125 : 96%
2022-03-30 20:57:29 : 227,500,000 : 0 : 24,030,635,125 : 96%
2022-03-30 21:12:26 : 227,600,000 : 0 : 24,041,121,125 : 96%
2022-03-30 21:27:31 : 227,700,000 : 0 : 24,051,476,050 : 96%
2022-03-30 21:42:42 : 227,800,000 : 0 : 24,061,962,050 : 96%
2022-03-30 21:58:02 : 227,900,000 : 0 : 24,072,316,975 : 96%
2022-03-30 22:13:45 : 228,000,000 : 0 : 24,092,895,750 : 96%
2022-03-30 22:29:56 : 228,100,000 : 0 : 24,103,250,675 : 96%
2022-03-30 22:46:20 : 228,200,000 : 0 : 24,113,605,600 : 96%
2022-03-30 23:02:55 : 228,300,000 : 0 : 24,123,960,525 : 96%
2022-03-30 23:19:49 : 228,400,000 : 0 : 24,134,184,375 : 97%
2022-03-30 23:36:41 : 228,500,000 : 0 : 24,144,408,225 : 97%
2022-03-30 23:53:50 : 228,600,000 : 0 : 24,154,501,000 : 97%
2022-03-31 00:10:44 : 228,700,000 : 0 : 24,164,462,700 : 97%
2022-03-31 00:27:32 : 228,800,000 : 0 : 24,174,424,400 : 97%
2022-03-31 00:44:10 : 228,900,000 : 0 : 24,184,255,025 : 97%
2022-03-31 01:00:47 : 229,000,000 : 0 : 24,194,216,725 : 97%
2022-03-31 01:17:24 : 229,100,000 : 0 : 24,204,178,425 : 97%
2022-03-31 01:33:59 : 229,200,000 : 0 : 24,214,009,050 : 97%
2022-03-31 01:50:39 : 229,300,000 : 0 : 24,223,970,750 : 97%
2022-03-31 02:07:28 : 229,400,000 : 0 : 24,233,801,375 : 97%
2022-03-31 02:24:27 : 229,500,000 : 0 : 24,243,763,075 : 97%
2022-03-31 02:41:51 : 229,600,000 : 0 : 24,253,593,700 : 97%
2022-03-31 02:59:21 : 229,700,000 : 0 : 24,263,555,400 : 97%
2022-03-31 03:17:55 : 229,800,000 : 0 : 24,273,517,100 : 97%
2022-03-31 03:37:25 : 229,900,000 : 0 : 24,283,478,800 : 97%
2022-03-31 03:57:30 : 230,000,000 : 0 : 24,293,440,500 : 97%
2022-03-31 04:18:44 : 230,100,000 : 0 : 24,303,402,200 : 97%
2022-03-31 04:40:19 : 230,200,000 : 0 : 24,313,363,900 : 97%
2022-03-31 05:03:13 : 230,300,000 : 0 : 24,323,325,600 : 97%
2022-03-31 05:27:33 : 230,400,000 : 0 : 24,343,642,225 : 97%
2022-03-31 05:53:17 : 230,500,000 : 0 : 24,353,866,075 : 97%
2022-03-31 06:20:39 : 230,600,000 : 0 : 24,363,958,850 : 97%
2022-03-31 06:49:15 : 230,700,000 : 0 : 24,374,182,700 : 98%
2022-03-31 07:19:13 : 230,800,000 : 0 : 24,384,406,550 : 98%
2022-03-31 07:50:40 : 230,900,000 : 0 : 24,394,630,400 : 98%
2022-03-31 08:22:38 : 231,000,000 : 0 : 24,404,723,175 : 98%
2022-03-31 08:55:15 : 231,100,000 : 0 : 24,414,947,025 : 98%
2022-03-31 09:27:18 : 231,200,000 : 0 : 24,425,039,800 : 98%
2022-03-31 09:58:09 : 231,300,000 : 0 : 24,435,001,500 : 98%
2022-03-31 10:27:36 : 231,400,000 : 0 : 24,445,225,350 : 98%
2022-03-31 10:54:51 : 231,500,000 : 0 : 24,455,318,125 : 98%
2022-03-31 11:20:13 : 231,600,000 : 0 : 24,465,541,975 : 98%
2022-03-31 11:43:49 : 231,700,000 : 0 : 24,475,765,825 : 98%
2022-03-31 12:06:00 : 231,800,000 : 0 : 24,486,251,825 : 98%
2022-03-31 12:26:36 : 231,900,000 : 0 : 24,496,606,750 : 98%
2022-03-31 12:45:57 : 232,000,000 : 0 : 24,507,092,750 : 98%
2022-03-31 13:04:15 : 232,100,000 : 0 : 24,517,447,675 : 98%
2022-03-31 13:21:46 : 232,200,000 : 0 : 24,527,933,675 : 98%
2022-03-31 13:38:40 : 232,300,000 : 0 : 24,538,419,675 : 98%
2022-03-31 13:54:58 : 232,400,000 : 0 : 24,548,905,675 : 98%
2022-03-31 14:10:50 : 232,500,000 : 0 : 24,559,391,675 : 98%
2022-03-31 14:26:17 : 232,600,000 : 0 : 24,570,008,750 : 98%
2022-03-31 14:41:17 : 232,700,000 : 0 : 24,591,111,825 : 98%
2022-03-31 14:55:51 : 232,800,000 : 0 : 24,601,728,900 : 98%
2022-03-31 15:10:25 : 232,900,000 : 0 : 24,612,214,900 : 98%
2022-03-31 15:24:47 : 233,000,000 : 0 : 24,622,831,975 : 98%
2022-03-31 15:38:57 : 233,100,000 : 0 : 24,633,317,975 : 99%
2022-03-31 15:52:59 : 233,200,000 : 0 : 24,643,935,050 : 99%
2022-03-31 16:07:14 : 233,300,000 : 0 : 24,654,552,125 : 99%
2022-03-31 16:21:20 : 233,400,000 : 0 : 24,665,038,125 : 99%
2022-03-31 16:35:11 : 233,500,000 : 0 : 24,675,524,125 : 99%
2022-03-31 16:49:05 : 233,600,000 : 0 : 24,686,272,275 : 99%
2022-03-31 17:03:03 : 233,700,000 : 0 : 24,696,758,275 : 99%
2022-03-31 17:17:12 : 233,800,000 : 0 : 24,707,375,350 : 99%
2022-03-31 17:31:11 : 233,900,000 : 0 : 24,717,861,350 : 99%
2022-03-31 17:45:09 : 234,000,000 : 0 : 24,728,347,350 : 99%
2022-03-31 17:58:53 : 234,100,000 : 0 : 24,738,833,350 : 99%
2022-03-31 18:12:49 : 234,200,000 : 0 : 24,749,188,275 : 99%
2022-03-31 18:26:55 : 234,300,000 : 0 : 24,759,805,350 : 99%
2022-03-31 18:41:04 : 234,400,000 : 0 : 24,770,291,350 : 99%
2022-03-31 18:55:15 : 234,500,000 : 0 : 24,780,777,350 : 99%
2022-03-31 19:09:34 : 234,600,000 : 0 : 24,791,394,425 : 99%
2022-03-31 19:23:53 : 234,700,000 : 0 : 24,801,880,425 : 99%
2022-03-31 19:38:06 : 234,800,000 : 0 : 24,812,366,425 : 99%
2022-03-31 19:52:22 : 234,900,000 : 0 : 24,833,338,425 : 99%
2022-03-31 20:06:29 : 235,000,000 : 0 : 24,843,824,425 : 99%
2022-03-31 20:20:43 : 235,100,000 : 0 : 24,854,179,350 : 99%
2022-03-31 20:34:39 : 235,200,000 : 0 : 24,864,403,200 : 99%
2022-03-31 20:48:24 : 235,300,000 : 0 : 24,874,627,050 : 100%
2022-03-31 21:02:19 : 235,400,000 : 0 : 24,884,981,975 : 100%
2022-03-31 21:16:44 : 235,500,000 : 0 : 24,895,205,825 : 100%
2022-03-31 21:31:03 : 235,600,000 : 0 : 24,905,429,675 : 100%
2022-03-31 21:45:35 : 235,700,000 : 0 : 24,915,653,525 : 100%
2022-03-31 22:00:16 : 235,800,000 : 0 : 24,925,877,375 : 100%
2022-03-31 22:15:27 : 235,900,000 : 0 : 24,936,101,225 : 100%
2022-03-31 22:30:51 : 236,000,000 : 0 : 24,946,194,000 : 100%
2022-03-31 22:46:37 : 236,100,000 : 0 : 24,956,417,850 : 100%
2022-03-31 23:02:34 : 236,200,000 : 0 : 24,966,510,625 : 100%
2022-03-31 23:18:21 : 236,300,000 : 0 : 24,976,603,400 : 100%
2022-03-31 23:34:27 : 236,400,000 : 0 : 24,986,696,175 : 100%
2022-03-31 23:50:52 : 236,500,000 : 0 : 24,996,788,950 : 100%
